{
"type": "FeatureCollection",
"name": "geo_21_訪問看護",
"crs": { "type": "name", "properties": { "name": "urn:ogc:def:crs:OGC:1.3:CRS84" } },
"features": [
{ "type": "Feature", "properties": { "内容": "訪問看護ステーションGifuToSmile【訪問看護】岐阜県岐阜市早田東町9丁目6番地", "url": "https://www.kaigokensaku.mhlw.go.jp/21/index.php?action_kouhyou_detail_004_kani=true&JigyosyoCd=2160191397-00&ServiceCd=130&Type=search", "url2": "https://www.gifutosmile.com/" }, "geometry": { "type": "Point", "coordinates": [ 136.762015406745917, 35.437741911916056 ] } },
{ "type": "Feature", "properties": { "内容": "コンパス訪問看護ステーションぎふ【訪問看護】岐阜県岐阜市芋島４丁目３１－５", "url": "https://www.kaigokensaku.mhlw.go.jp/21/index.php?action_kouhyou_detail_004_kani=true&JigyosyoCd=2160191454-00&ServiceCd=130&Type=search", "url2": null }, "geometry": { "type": "Point", "coordinates": [ 136.8137973, 35.3899369 ] } },
{ "type": "Feature", "properties": { "内容": "げんきの家訪問看護ステーション【訪問看護】岐阜県岐阜市福富天神前299-3", "url": "https://www.kaigokensaku.mhlw.go.jp/21/index.php?action_kouhyou_detail_004_kani=true&JigyosyoCd=2160190522-00&ServiceCd=130&Type=search", "url2": null }, "geometry": { "type": "Point", "coordinates": [ 136.815505019747548, 35.484042921088616 ] } },
{ "type": "Feature", "properties": { "内容": "指定訪問看護　ケアピット岐阜【訪問看護】岐阜県岐阜市領下6-18-1シェラトン奥村１F", "url": "https://www.kaigokensaku.mhlw.go.jp/21/index.php?action_kouhyou_detail_004_kani=true&JigyosyoCd=2160190753-00&ServiceCd=130&Type=search", "url2": "https://nurse.medicalpit.com/" }, "geometry": { "type": "Point", "coordinates": [ 136.780961631571785, 35.403802067306444 ] } },
{ "type": "Feature", "properties": { "内容": "はれのひ訪問看護ステーション【訪問看護】岐阜県岐阜市北島8丁目14-17民田ビル2階", "url": "https://www.kaigokensaku.mhlw.go.jp/21/index.php?action_kouhyou_detail_004_kani=true&JigyosyoCd=2160190993-00&ServiceCd=130&Type=search", "url2": null }, "geometry": { "type": "Point", "coordinates": [ 136.731662799999981, 35.4321898 ] } },
{ "type": "Feature", "properties": { "内容": "訪問看護ステーション　ミルキー【訪問看護】岐阜県岐阜市西鶉4丁目12番地3", "url": "https://www.kaigokensaku.mhlw.go.jp/21/index.php?action_kouhyou_detail_004_kani=true&JigyosyoCd=2160190829-00&ServiceCd=130&Type=search", "url2": "https://www.milky-nurse.co.jp/" }, "geometry": { "type": "Point", "coordinates": [ 136.725639076731767, 35.380692303609031 ] } },
{ "type": "Feature", "properties": { "内容": "S-cube訪問看護リハビリステーション【訪問看護】岐阜県岐阜市城東通4－21ヴィラマジョーレ101号", "url": "https://www.kaigokensaku.mhlw.go.jp/21/index.php?action_kouhyou_detail_004_kani=true&JigyosyoCd=2160191439-00&ServiceCd=130&Type=search", "url2": "http://hp.kaipoke.biz/" }, "geometry": { "type": "Point", "coordinates": [ 136.764649567320248, 35.394942305367891 ] } },
{ "type": "Feature", "properties": { "内容": "訪問看護ひだまりの里【訪問看護】岐阜市加納本石町3-1", "url": "https://www.kaigokensaku.mhlw.go.jp/21/index.php?action_kouhyou_detail_004_kani=true&JigyosyoCd=2160191538-00&ServiceCd=130&Type=search", "url2": null }, "geometry": { "type": "Point", "coordinates": [ 136.7485642, 35.4038661 ] } },
{ "type": "Feature", "properties": { "内容": "訪問看護ステーション　ベターデイズ【訪問看護】岐阜県岐阜市瑞雲町5丁目14-4翔ずいうん1A", "url": "https://www.kaigokensaku.mhlw.go.jp/21/index.php?action_kouhyou_detail_004_kani=true&JigyosyoCd=2160191546-00&ServiceCd=130&Type=search", "url2": "http://bd-nursing.co.jp/" }, "geometry": { "type": "Point", "coordinates": [ 136.7830921, 35.4148662 ] } },
{ "type": "Feature", "properties": { "内容": "訪問看護ステーションLavie【訪問看護】岐阜県岐阜市柳津町南塚5ｰ162", "url": "https://www.kaigokensaku.mhlw.go.jp/21/index.php?action_kouhyou_detail_004_kani=true&JigyosyoCd=2160191553-00&ServiceCd=130&Type=search", "url2": "https://lavie-station.com/" }, "geometry": { "type": "Point", "coordinates": [ 136.7380188, 35.3609612 ] } },
{ "type": "Feature", "properties": { "内容": "訪問看護ステーション　クローバー【訪問看護】岐阜県岐阜市柳津町梅松4丁目135住宅型有料老人ホーム　クローバー柳津", "url": "https://www.kaigokensaku.mhlw.go.jp/21/index.php?action_kouhyou_detail_004_kani=true&JigyosyoCd=2160191595-00&ServiceCd=130&Type=search", "url2": "http://hp.kaipoke.biz/89h/" }, "geometry": { "type": "Point", "coordinates": [ 136.739909683683464, 35.360641547079354 ] } },
{ "type": "Feature", "properties": { "内容": "アクア岐阜訪問看護【訪問看護】岐阜県岐阜市中島1丁目77番地", "url": "https://www.kaigokensaku.mhlw.go.jp/21/index.php?action_kouhyou_detail_004_kani=true&JigyosyoCd=2160191603-00&ServiceCd=130&Type=search", "url2": null }, "geometry": { "type": "Point", "coordinates": [ 136.7490306, 35.3936358 ] } },
{ "type": "Feature", "properties": { "内容": "ママと子の訪問看護ステーション恵み【訪問看護】岐阜県岐阜市宇佐南2丁目9番2CLOUD23号室", "url": "https://www.kaigokensaku.mhlw.go.jp/21/index.php?action_kouhyou_detail_004_kani=true&JigyosyoCd=2160191611-00&ServiceCd=130&Type=search", "url2": "https://houkan-megumi.jimdofree.com/" }, "geometry": { "type": "Point", "coordinates": [ 136.735675678549683, 35.394880002870245 ] } },
{ "type": "Feature", "properties": { "内容": "みる訪問看護ステーション【訪問看護】岐阜県岐阜市萱場南3丁目1‐26アビタクワトロD号室", "url": "https://www.kaigokensaku.mhlw.go.jp/21/index.php?action_kouhyou_detail_004_kani=true&JigyosyoCd=2160191629-00&ServiceCd=130&Type=search", "url2": "https://www.miruhoukan.com" }, "geometry": { "type": "Point", "coordinates": [ 136.735158164418067, 35.433502512606424 ] } },
{ "type": "Feature", "properties": { "内容": "医療法人社団双樹会　早徳病院【訪問看護】岐阜県岐阜市宇佐南1丁目8番1号", "url": "https://www.kaigokensaku.mhlw.go.jp/21/index.php?action_kouhyou_detail_004_kani=true&JigyosyoCd=2110104169-00&ServiceCd=130&Type=search", "url2": "https://www.hayatoku.jp/" }, "geometry": { "type": "Point", "coordinates": [ 136.734940628836057, 35.396784238665283 ] } },
{ "type": "Feature", "properties": { "内容": "訪問看護ステーション笑楽-わらく-【訪問看護】岐阜県岐阜市芥見嵯峨一丁目115番地1", "url": "https://www.kaigokensaku.mhlw.go.jp/21/index.php?action_kouhyou_detail_004_kani=true&JigyosyoCd=2160191090-00&ServiceCd=130&Type=search", "url2": null }, "geometry": { "type": "Point", "coordinates": [ 136.7350329, 35.4003534 ] } },
{ "type": "Feature", "properties": { "内容": "訪問看護スマイルナーシング長良【訪問看護】岐阜県岐阜市菊水町1丁目21番", "url": "https://www.kaigokensaku.mhlw.go.jp/21/index.php?action_kouhyou_detail_004_kani=true&JigyosyoCd=2160191124-00&ServiceCd=130&Type=search", "url2": "http://smile-nursing.jp" }, "geometry": { "type": "Point", "coordinates": [ 135.1642606, 34.6861865 ] } },
{ "type": "Feature", "properties": { "内容": "訪問看護リハビリステーションからふるあくたみ【訪問看護】岐阜県岐阜市芥見長山3丁目122番地2", "url": "https://www.kaigokensaku.mhlw.go.jp/21/index.php?action_kouhyou_detail_004_kani=true&JigyosyoCd=2160191645-00&ServiceCd=130&Type=search", "url2": "https://colorfulgarden.jp" }, "geometry": { "type": "Point", "coordinates": [ 136.8498851, 35.4551197 ] } },
{ "type": "Feature", "properties": { "内容": "ちいきのあかり訪問看護ステーション岐阜【訪問看護】岐阜県岐阜市西荘4-1-8サンロイヤル205号", "url": "https://www.kaigokensaku.mhlw.go.jp/21/index.php?action_kouhyou_detail_004_kani=true&JigyosyoCd=2160191579-00&ServiceCd=130&Type=search", "url2": "https://www.chiikinoakari.com/" }, "geometry": { "type": "Point", "coordinates": [ 136.7200415, 35.40941 ] } },
{ "type": "Feature", "properties": { "内容": "ソラリス訪問看護ステーション【訪問看護】岐阜県岐阜市長良西野前32-1", "url": "https://www.kaigokensaku.mhlw.go.jp/21/index.php?action_kouhyou_detail_004_kani=true&JigyosyoCd=2160191520-00&ServiceCd=130&Type=search", "url2": "nanairo77.com" }, "geometry": { "type": "Point", "coordinates": [ 136.766185900000011, 35.443045100000035 ] } },
{ "type": "Feature", "properties": { "内容": "訪問看護ステーションすまいる【訪問看護】岐阜県岐阜市鏡島精華3丁目16番8号", "url": "https://www.kaigokensaku.mhlw.go.jp/21/index.php?action_kouhyou_detail_004_kani=true&JigyosyoCd=2160191637-00&ServiceCd=130&Type=search", "url2": null }, "geometry": { "type": "Point", "coordinates": [ 136.7179444, 35.4115943 ] } },
{ "type": "Feature", "properties": { "内容": "訪問看護　ライフ・ネット【訪問看護】岐阜県岐阜市忠節町4-74-1サービス付き高齢者向け住宅　ライフ・ネット忠節", "url": "https://www.kaigokensaku.mhlw.go.jp/21/index.php?action_kouhyou_detail_004_kani=true&JigyosyoCd=2160191652-00&ServiceCd=130&Type=search", "url2": "http://www.life-net50.co.jp/" }, "geometry": { "type": "Point", "coordinates": [ 136.752222167459109, 35.428001593425343 ] } },
{ "type": "Feature", "properties": { "内容": "ふじさわ訪問看護ステーション【訪問看護】岐阜県岐阜市三田洞352番地アクティ三田東101号室", "url": "https://www.kaigokensaku.mhlw.go.jp/21/index.php?action_kouhyou_detail_004_kani=true&JigyosyoCd=2160191660-00&ServiceCd=130&Type=search", "url2": null }, "geometry": { "type": "Point", "coordinates": [ 136.7883904, 35.4755923 ] } },
{ "type": "Feature", "properties": { "内容": "訪問看護ステーションとまと【訪問看護】岐阜県岐阜市長良福光2406-25とまとの家　長良", "url": "https://www.kaigokensaku.mhlw.go.jp/21/index.php?action_kouhyou_detail_004_kani=true&JigyosyoCd=2160191678-00&ServiceCd=130&Type=search", "url2": null }, "geometry": { "type": "Point", "coordinates": [ 136.7659611, 35.4435464 ] } },
{ "type": "Feature", "properties": { "内容": "花の木訪問看護ステーション岐阜【訪問看護】岐阜県岐阜市清７０７番１", "url": "https://www.kaigokensaku.mhlw.go.jp/21/index.php?action_kouhyou_detail_004_kani=true&JigyosyoCd=2160191686-00&ServiceCd=130&Type=search", "url2": "https://www.first-you.com/" }, "geometry": { "type": "Point", "coordinates": [ 136.744391027647367, 35.4080565167488 ] } },
{ "type": "Feature", "properties": { "内容": "あじさい訪問看護ステーション【訪問看護】岐阜県岐阜市光町１丁目29番地光町住宅１階", "url": "https://www.kaigokensaku.mhlw.go.jp/21/index.php?action_kouhyou_detail_004_kani=true&JigyosyoCd=2160191694-00&ServiceCd=130&Type=search", "url2": null }, "geometry": { "type": "Point", "coordinates": [ 135.6042328, 34.6326915 ] } },
{ "type": "Feature", "properties": { "内容": "ゆり訪問看護ステーション【訪問看護】岐阜県岐阜市琴塚１丁目4-8寿マンション琴塚106号", "url": "https://www.kaigokensaku.mhlw.go.jp/21/index.php?action_kouhyou_detail_004_kani=true&JigyosyoCd=2160191702-00&ServiceCd=130&Type=search", "url2": "www.yuri-houkan.com" }, "geometry": { "type": "Point", "coordinates": [ 136.811455599999988, 35.4189897 ] } },
{ "type": "Feature", "properties": { "内容": "ひなた訪問看護ステーション【訪問看護】岐阜県岐阜市下奈良1丁目1番8サクラビルディング5階", "url": "https://www.kaigokensaku.mhlw.go.jp/21/index.php?action_kouhyou_detail_004_kani=true&JigyosyoCd=2160191710-00&ServiceCd=130&Type=search", "url2": "https://www.hinata-homenursingstation.com/" }, "geometry": { "type": "Point", "coordinates": [ 136.7137512, 35.3943521 ] } },
{ "type": "Feature", "properties": { "内容": "てんしん訪問看護ステーション【訪問看護】岐阜県岐阜市加納新本町1丁目8番地1加藤ビル2F", "url": "https://www.kaigokensaku.mhlw.go.jp/21/index.php?action_kouhyou_detail_004_kani=true&JigyosyoCd=2160191728-00&ServiceCd=130&Type=search", "url2": "https://tensin-vns.com/" }, "geometry": { "type": "Point", "coordinates": [ 136.753802, 35.4063566 ] } },
{ "type": "Feature", "properties": { "内容": "訪問看護ステーション　木野村【訪問看護】岐阜県岐阜市六条江東3丁目1-24", "url": "https://www.kaigokensaku.mhlw.go.jp/21/index.php?action_kouhyou_detail_004_kani=true&JigyosyoCd=2160191744-00&ServiceCd=130&Type=search", "url2": null }, "geometry": { "type": "Point", "coordinates": [ 136.7465061, 35.3870457 ] } },
{ "type": "Feature", "properties": { "内容": "ケアリール訪問看護ステーション　西河渡【訪問看護】岐阜県岐阜市西河渡3-80-2　エヌタス西河渡A棟207", "url": "https://www.kaigokensaku.mhlw.go.jp/21/index.php?action_kouhyou_detail_004_kani=true&JigyosyoCd=2160191751-00&ServiceCd=130&Type=search", "url2": null }, "geometry": { "type": "Point", "coordinates": [ 136.6998094, 35.4114503 ] } },
{ "type": "Feature", "properties": { "内容": "株式会社福祉の里　岐阜西訪問看護ステーション【訪問看護】岐阜県岐阜市宇佐南3-6-20", "url": "https://www.kaigokensaku.mhlw.go.jp/21/index.php?action_kouhyou_detail_004_kani=true&JigyosyoCd=2160191769-00&ServiceCd=130&Type=search", "url2": "https://www.fukushinosato.co.jp/" }, "geometry": { "type": "Point", "coordinates": [ 136.7341682, 35.39324 ] } },
{ "type": "Feature", "properties": { "内容": "訪問看護ステーションあだち【訪問看護】岐阜県岐阜市北一色4-5-7", "url": "https://www.kaigokensaku.mhlw.go.jp/21/index.php?action_kouhyou_detail_004_kani=true&JigyosyoCd=2160191777-00&ServiceCd=130&Type=search", "url2": null }, "geometry": { "type": "Point", "coordinates": [ 136.7915197, 35.40931579999998 ] } },
{ "type": "Feature", "properties": { "内容": "医療法人社団幸紀会　安江病院【訪問看護】岐阜県岐阜市鏡島西２丁目４番１４号", "url": "https://www.kaigokensaku.mhlw.go.jp/21/index.php?action_kouhyou_detail_004_kani=true&JigyosyoCd=2110104896-00&ServiceCd=130&Type=search", "url2": "http://www.koukikai.gr.jp/medical_top/guide/yasuehospital/" }, "geometry": { "type": "Point", "coordinates": [ 136.7166042, 35.4090507 ] } },
{ "type": "Feature", "properties": { "内容": "岐阜市医師会訪問看護ステーション【訪問看護】岐阜県岐阜市青柳町五丁目４番地", "url": "https://www.kaigokensaku.mhlw.go.jp/21/index.php?action_kouhyou_detail_004_kani=true&JigyosyoCd=2160190019-00&ServiceCd=130&Type=search", "url2": "http://www.city.gifu.med.or.jp" }, "geometry": { "type": "Point", "coordinates": [ 136.7482110953232, 35.427593373062635 ] } },
{ "type": "Feature", "properties": { "内容": "みどり訪問看護ステーション【訪問看護】岐阜県岐阜市北山1丁目13番11号", "url": "https://www.kaigokensaku.mhlw.go.jp/21/index.php?action_kouhyou_detail_004_kani=true&JigyosyoCd=2160190027-00&ServiceCd=130&Type=search", "url2": "https://gifu-min.jp/midori/page_340.html" }, "geometry": { "type": "Point", "coordinates": [ 136.8534479, 35.4580285 ] } },
{ "type": "Feature", "properties": { "内容": "岩砂訪問看護ステーション【訪問看護】岐阜県岐阜市八代1丁目7番地1", "url": "https://www.kaigokensaku.mhlw.go.jp/21/index.php?action_kouhyou_detail_004_kani=true&JigyosyoCd=2160190035-00&ServiceCd=130&Type=search", "url2": "https://yuuaikai-gifu.or.jp/" }, "geometry": { "type": "Point", "coordinates": [ 136.774177787944041, 35.458324272429643 ] } },
{ "type": "Feature", "properties": { "内容": "訪問看護ステーション和光【訪問看護】岐阜県岐阜市寺田7丁目86番地1", "url": "https://www.kaigokensaku.mhlw.go.jp/21/index.php?action_kouhyou_detail_004_kani=true&JigyosyoCd=2160190050-00&ServiceCd=130&Type=search", "url2": "https://www.wakokai.or.jp/search/nursing/homenursingcare/" }, "geometry": { "type": "Point", "coordinates": [ 136.700153820499082, 35.419376522992515 ] } },
{ "type": "Feature", "properties": { "内容": "白百合訪問看護ステーション【訪問看護】岐阜県岐阜市安食一丁目87番地1", "url": "https://www.kaigokensaku.mhlw.go.jp/21/index.php?action_kouhyou_detail_004_kani=true&JigyosyoCd=2160190092-00&ServiceCd=130&Type=search", "url2": "http://www.fukutomi-clinic.com/pc/free2.html" }, "geometry": { "type": "Point", "coordinates": [ 136.721950605032362, 35.490035476301443 ] } },
{ "type": "Feature", "properties": { "内容": "こころ訪問看護ステーション東金宝町【訪問看護】岐阜県岐阜市長旗町2-19スギハラビル３Ｆ", "url": "https://www.kaigokensaku.mhlw.go.jp/21/index.php?action_kouhyou_detail_004_kani=true&JigyosyoCd=2160190126-00&ServiceCd=130&Type=search", "url2": "http://zuihokai-group.jp/inst-h_kvs.php" }, "geometry": { "type": "Point", "coordinates": [ 136.762162028836087, 35.41421306643268 ] } },
{ "type": "Feature", "properties": { "内容": "医療法人清友会　うずら訪問看護ステーション【訪問看護】岐阜県岐阜市中鶉２丁目５３－１メゾンセイユー２０１号", "url": "https://www.kaigokensaku.mhlw.go.jp/21/index.php?action_kouhyou_detail_004_kani=true&JigyosyoCd=2160190134-00&ServiceCd=130&Type=search", "url2": "http://www.seiyuukai.or.jp/houkan/houkan.html" }, "geometry": { "type": "Point", "coordinates": [ 136.730923, 35.3851168 ] } },
{ "type": "Feature", "properties": { "内容": "小笠原訪問看護ステーション【訪問看護】岐阜県岐阜市加納栄町通5-12", "url": "https://www.kaigokensaku.mhlw.go.jp/21/index.php?action_kouhyou_detail_004_kani=true&JigyosyoCd=2160190142-00&ServiceCd=130&Type=search", "url2": "https://ogasawaraclinic.or.jp/" }, "geometry": { "type": "Point", "coordinates": [ 136.754456509153783, 35.403543146861857 ] } },
{ "type": "Feature", "properties": { "内容": "訪問看護ステーションひかり【訪問看護】岐阜県岐阜市光町2丁目46番地", "url": "https://www.kaigokensaku.mhlw.go.jp/21/index.php?action_kouhyou_detail_004_kani=true&JigyosyoCd=2160190183-00&ServiceCd=130&Type=search", "url2": "http://touhoukai.or.jp/" }, "geometry": { "type": "Point", "coordinates": [ 136.746998755155943, 35.434869889180625 ] } },
{ "type": "Feature", "properties": { "内容": "訪問看護ステーションほのぼ【訪問看護】岐阜県岐阜市本荘町15-1", "url": "https://www.kaigokensaku.mhlw.go.jp/21/index.php?action_kouhyou_detail_004_kani=true&JigyosyoCd=2160190241-00&ServiceCd=130&Type=search", "url2": "http://honobo.jp/" }, "geometry": { "type": "Point", "coordinates": [ 136.73414379999997, 35.4116718 ] } },
{ "type": "Feature", "properties": { "内容": "訪問看護ステーション　イーナース【訪問看護】岐阜県岐阜市芥見南山２丁目5-20エステート南山TS-II　205号", "url": "https://www.kaigokensaku.mhlw.go.jp/21/index.php?action_kouhyou_detail_004_kani=true&JigyosyoCd=2160190282-00&ServiceCd=130&Type=search", "url2": null }, "geometry": { "type": "Point", "coordinates": [ 136.857575399999973, 35.4561261 ] } },
{ "type": "Feature", "properties": { "内容": "よつば訪問看護ステーション【訪問看護】岐阜県岐阜市芋島５－５－１シバビル１０２", "url": "https://www.kaigokensaku.mhlw.go.jp/21/index.php?action_kouhyou_detail_004_kani=true&JigyosyoCd=2160190308-00&ServiceCd=130&Type=search", "url2": null }, "geometry": { "type": "Point", "coordinates": [ 136.8129103, 35.3933919 ] } },
{ "type": "Feature", "properties": { "内容": "ホームナース　オフィス　らいふ　らいず【訪問看護】岐阜県岐阜市柳津町南塚3丁目23番地6", "url": "https://www.kaigokensaku.mhlw.go.jp/21/index.php?action_kouhyou_detail_004_kani=true&JigyosyoCd=2160190316-00&ServiceCd=130&Type=search", "url2": null }, "geometry": { "type": "Point", "coordinates": [ 136.7349398, 35.3636833 ] } },
{ "type": "Feature", "properties": { "内容": "訪問看護ステーション　看護くまっこ【訪問看護】岐阜県岐阜市日置江3丁目90-2ブランドールアオキ東棟101号室", "url": "https://www.kaigokensaku.mhlw.go.jp/21/index.php?action_kouhyou_detail_004_kani=true&JigyosyoCd=2160190332-00&ServiceCd=130&Type=search", "url2": null }, "geometry": { "type": "Point", "coordinates": [ 136.70577697987062, 35.373929587563538 ] } },
{ "type": "Feature", "properties": { "内容": "訪問看護ステーション　トップケア【訪問看護】岐阜県岐阜市正木北町6-38", "url": "https://www.kaigokensaku.mhlw.go.jp/21/index.php?action_kouhyou_detail_004_kani=true&JigyosyoCd=2160190340-00&ServiceCd=130&Type=search", "url2": null }, "geometry": { "type": "Point", "coordinates": [ 136.750113149212666, 35.453588713397366 ] } },
{ "type": "Feature", "properties": { "内容": "ケアファミリー訪問看護ステーション【訪問看護】岐阜県岐阜市桜通2丁目26番地高木ビル2階", "url": "https://www.kaigokensaku.mhlw.go.jp/21/index.php?action_kouhyou_detail_004_kani=true&JigyosyoCd=2160190357-00&ServiceCd=130&Type=search", "url2": null }, "geometry": { "type": "Point", "coordinates": [ 136.749285699999973, 35.41930150000001 ] } },
{ "type": "Feature", "properties": { "内容": "訪問看護ステーションやすらぎ【訪問看護】岐阜県岐阜市長森本町２丁目９番8号コーポリブライト102号", "url": "https://www.kaigokensaku.mhlw.go.jp/21/index.php?action_kouhyou_detail_004_kani=true&JigyosyoCd=2160190365-00&ServiceCd=130&Type=search", "url2": "http://yasuragi-st.itigo.jp/" }, "geometry": { "type": "Point", "coordinates": [ 136.79830579999998, 35.415719 ] } },
{ "type": "Feature", "properties": { "内容": "訪問看護ステーション　みながわ【訪問看護】岐阜県岐阜市中2丁目179番地1", "url": "https://www.kaigokensaku.mhlw.go.jp/21/index.php?action_kouhyou_detail_004_kani=true&JigyosyoCd=2160190381-00&ServiceCd=130&Type=search", "url2": null }, "geometry": { "type": "Point", "coordinates": [ 136.703392712566256, 35.469408662669238 ] } },
{ "type": "Feature", "properties": { "内容": "ナースステーションこまき【訪問看護】岐阜県岐阜市都通4丁目7番地", "url": "https://www.kaigokensaku.mhlw.go.jp/21/index.php?action_kouhyou_detail_004_kani=true&JigyosyoCd=2160190399-00&ServiceCd=130&Type=search", "url2": "https://www.tomoikikai.net" }, "geometry": { "type": "Point", "coordinates": [ 136.74761061733966, 35.415700725350924 ] } },
{ "type": "Feature", "properties": { "内容": "訪問看護ステーション景香【訪問看護】岐阜県岐阜市細畑3-15-8", "url": "https://www.kaigokensaku.mhlw.go.jp/21/index.php?action_kouhyou_detail_004_kani=true&JigyosyoCd=2160190514-00&ServiceCd=130&Type=search", "url2": "https://www.keika-hosobata.co.jp/" }, "geometry": { "type": "Point", "coordinates": [ 136.789932408737144, 35.403276614703174 ] } },
{ "type": "Feature", "properties": { "内容": "ＧＫの訪問看護ステーション【訪問看護】岐阜県岐阜市岩崎９８６−２アワノタウンビル１階", "url": "https://www.kaigokensaku.mhlw.go.jp/21/index.php?action_kouhyou_detail_004_kani=true&JigyosyoCd=2160190563-00&ServiceCd=130&Type=search", "url2": "http://gk-kango.com/" }, "geometry": { "type": "Point", "coordinates": [ 136.780381011622012, 35.473611320368299 ] } },
{ "type": "Feature", "properties": { "内容": "渡辺病院訪問看護ステーション【訪問看護】岐阜県岐阜市加納城南通1丁目24番地1", "url": "https://www.kaigokensaku.mhlw.go.jp/21/index.php?action_kouhyou_detail_004_kani=true&JigyosyoCd=2160190589-00&ServiceCd=130&Type=search", "url2": "http://kano-watanabe.jp/" }, "geometry": { "type": "Point", "coordinates": [ 136.759556180287206, 35.397954677014035 ] } },
{ "type": "Feature", "properties": { "内容": "医心館訪問看護ステーション岐阜【訪問看護】岐阜県岐阜市尼ヶ崎町1-9-19", "url": "https://www.kaigokensaku.mhlw.go.jp/21/index.php?action_kouhyou_detail_004_kani=true&JigyosyoCd=2160190605-00&ServiceCd=130&Type=search", "url2": null }, "geometry": { "type": "Point", "coordinates": [ 136.78021126645703, 35.418914082162765 ] } },
{ "type": "Feature", "properties": { "内容": "エンゼル・ランプ訪問看護リハビリステーション【訪問看護】岐阜県岐阜市柳津町高桑1丁目173番地１", "url": "https://www.kaigokensaku.mhlw.go.jp/21/index.php?action_kouhyou_detail_004_kani=true&JigyosyoCd=2160190613-00&ServiceCd=130&Type=search", "url2": "http://angel-lamp.co.jp/" }, "geometry": { "type": "Point", "coordinates": [ 136.712774298332505, 35.354308960433286 ] } },
{ "type": "Feature", "properties": { "内容": "あるてあ訪問看護ステーション【訪問看護】岐阜県岐阜市下奈良２丁目１０番６号", "url": "https://www.kaigokensaku.mhlw.go.jp/21/index.php?action_kouhyou_detail_004_kani=true&JigyosyoCd=2160190654-00&ServiceCd=130&Type=search", "url2": "https://gifualthea.com" }, "geometry": { "type": "Point", "coordinates": [ 136.712903528980462, 35.390117245074222 ] } },
{ "type": "Feature", "properties": { "内容": "訪問看護ステーション　はちどり【訪問看護】岐阜県岐阜市宇佐南2丁目4番15号", "url": "https://www.kaigokensaku.mhlw.go.jp/21/index.php?action_kouhyou_detail_004_kani=true&JigyosyoCd=2160190670-00&ServiceCd=130&Type=search", "url2": "http://soukengp.com/g_hachidori.html" }, "geometry": { "type": "Point", "coordinates": [ 136.73562464708607, 35.393588382491345 ] } },
{ "type": "Feature", "properties": { "内容": "アンシニア訪問看護ステーション【訪問看護】岐阜県岐阜市柳森町2-48-1", "url": "https://www.kaigokensaku.mhlw.go.jp/21/index.php?action_kouhyou_detail_004_kani=true&JigyosyoCd=2160190696-00&ServiceCd=130&Type=search", "url2": "http://www.ansenior.com" }, "geometry": { "type": "Point", "coordinates": [ 136.736802099999977, 35.4014871 ] } },
{ "type": "Feature", "properties": { "内容": "つながる訪問看護リハビリステーション【訪問看護】岐阜県岐阜市西中島4丁目２番８号中日本アパレルビル101号", "url": "https://www.kaigokensaku.mhlw.go.jp/21/index.php?action_kouhyou_detail_004_kani=true&JigyosyoCd=2160190704-00&ServiceCd=130&Type=search", "url2": "https://tsunagaru-kango.jp/" }, "geometry": { "type": "Point", "coordinates": [ 136.72146470000007, 35.427461 ] } },
{ "type": "Feature", "properties": { "内容": "訪問看護ステーション　ベルデ岐阜中央【訪問看護】岐阜県岐阜市織田塚町二丁目8番", "url": "https://www.kaigokensaku.mhlw.go.jp/21/index.php?action_kouhyou_detail_004_kani=true&JigyosyoCd=2160190712-00&ServiceCd=130&Type=search", "url2": "http://www.careverde.com/" }, "geometry": { "type": "Point", "coordinates": [ 136.783284172769157, 35.417384441407016 ] } },
{ "type": "Feature", "properties": { "内容": "訪問看護ステーションせせらぎ【訪問看護】岐阜県岐阜市三笠町1-14", "url": "https://www.kaigokensaku.mhlw.go.jp/21/index.php?action_kouhyou_detail_004_kani=true&JigyosyoCd=2160190746-00&ServiceCd=130&Type=search", "url2": "https://www.seseragi9m.com/" }, "geometry": { "type": "Point", "coordinates": [ 136.771930443216434, 35.413382941926642 ] } },
{ "type": "Feature", "properties": { "内容": "ナースコールセンター寧色【訪問看護】岐阜県岐阜市小野695番地7", "url": "https://www.kaigokensaku.mhlw.go.jp/21/index.php?action_kouhyou_detail_004_kani=true&JigyosyoCd=2160190761-00&ServiceCd=130&Type=search", "url2": "https://aoisora-neiro.com" }, "geometry": { "type": "Point", "coordinates": [ 136.708837354323123, 35.467809078200702 ] } },
{ "type": "Feature", "properties": { "内容": "訪問看護ステーション和光長良【訪問看護】岐阜県岐阜市千代田町１丁目２６番地", "url": "https://www.kaigokensaku.mhlw.go.jp/21/index.php?action_kouhyou_detail_004_kani=true&JigyosyoCd=2160190779-00&ServiceCd=130&Type=search", "url2": "https://www.wakokai.or.jp/search/nursing/homenursingcare/" }, "geometry": { "type": "Point", "coordinates": [ 136.77203385088032, 35.444817069547 ] } },
{ "type": "Feature", "properties": { "内容": "ハピネス訪問看護ステーション【訪問看護】岐阜県岐阜市菅生6丁目8-7", "url": "https://www.kaigokensaku.mhlw.go.jp/21/index.php?action_kouhyou_detail_004_kani=true&JigyosyoCd=2160190795-00&ServiceCd=130&Type=search", "url2": "https://happinesscolor.co.jp" }, "geometry": { "type": "Point", "coordinates": [ 136.728559832794076, 35.426374572392952 ] } },
{ "type": "Feature", "properties": { "内容": "訪問看護ステーション湊【訪問看護】岐阜県岐阜市芥見長山二丁目108番地岐東ビル2F", "url": "https://www.kaigokensaku.mhlw.go.jp/21/index.php?action_kouhyou_detail_004_kani=true&JigyosyoCd=2160190811-00&ServiceCd=130&Type=search", "url2": "http://www.minato-well.info" }, "geometry": { "type": "Point", "coordinates": [ 136.849295699999971, 35.4556009 ] } },
{ "type": "Feature", "properties": { "内容": "訪問看護ステーションヴィラさくら【訪問看護】岐阜県岐阜市茜部寺屋敷一丁目３９番地１", "url": "https://www.kaigokensaku.mhlw.go.jp/21/index.php?action_kouhyou_detail_004_kani=true&JigyosyoCd=2160190845-00&ServiceCd=130&Type=search", "url2": null }, "geometry": { "type": "Point", "coordinates": [ 136.7514734, 35.379173100000024 ] } },
{ "type": "Feature", "properties": { "内容": "岐阜清流病院訪問看護ステーション【訪問看護】岐阜県岐阜市川部3丁目25番地", "url": "https://www.kaigokensaku.mhlw.go.jp/21/index.php?action_kouhyou_detail_004_kani=true&JigyosyoCd=2160190852-00&ServiceCd=130&Type=search", "url2": "http://www.skhosp.or.jp" }, "geometry": { "type": "Point", "coordinates": [ 136.707216696820069, 35.435510513645397 ] } },
{ "type": "Feature", "properties": { "内容": "おひさまの笑顔　訪問看護ステーション【訪問看護】岐阜県岐阜市茜部寺屋敷2丁目78番地", "url": "https://www.kaigokensaku.mhlw.go.jp/21/index.php?action_kouhyou_detail_004_kani=true&JigyosyoCd=2160190860-00&ServiceCd=130&Type=search", "url2": "http://ohisamano-kanngo.com" }, "geometry": { "type": "Point", "coordinates": [ 136.751476081939245, 35.376864986399418 ] } },
{ "type": "Feature", "properties": { "内容": "訪問看護ステーションひらの【訪問看護】岐阜県岐阜市折立136番地27", "url": "https://www.kaigokensaku.mhlw.go.jp/21/index.php?action_kouhyou_detail_004_kani=true&JigyosyoCd=2160190886-00&ServiceCd=130&Type=search", "url2": "https://www.houkan-hirano.com/" }, "geometry": { "type": "Point", "coordinates": [ 136.727681699999948, 35.4587315 ] } },
{ "type": "Feature", "properties": { "内容": "訪問看護ステーションあかり【訪問看護】岐阜県岐阜市茜部大川2-70サンハイツ茜203", "url": "https://www.kaigokensaku.mhlw.go.jp/21/index.php?action_kouhyou_detail_004_kani=true&JigyosyoCd=2160190894-00&ServiceCd=130&Type=search", "url2": "http://akari-gifu.com" }, "geometry": { "type": "Point", "coordinates": [ 136.744382500000029, 35.3817228 ] } },
{ "type": "Feature", "properties": { "内容": "訪問看護ステーション平成【訪問看護】岐阜県岐阜市八代1丁目3番3号", "url": "https://www.kaigokensaku.mhlw.go.jp/21/index.php?action_kouhyou_detail_004_kani=true&JigyosyoCd=2160190910-00&ServiceCd=130&Type=search", "url2": "http://www.heisei-ph.com" }, "geometry": { "type": "Point", "coordinates": [ 136.774107, 35.4574103 ] } },
{ "type": "Feature", "properties": { "内容": "訪問看護ステーション悠ライフ【訪問看護】岐阜県岐阜市月ノ会町一丁目12番地30", "url": "https://www.kaigokensaku.mhlw.go.jp/21/index.php?action_kouhyou_detail_004_kani=true&JigyosyoCd=2160190928-00&ServiceCd=130&Type=search", "url2": "https://www.kaigo.kind-life-japan.com/" }, "geometry": { "type": "Point", "coordinates": [ 136.778204153550746, 35.419381982242925 ] } },
{ "type": "Feature", "properties": { "内容": "世界ちゃんとモゲル丸先生の元気な訪問看護ステーション【訪問看護】岐阜県岐阜市六条南2-6-3", "url": "https://www.kaigokensaku.mhlw.go.jp/21/index.php?action_kouhyou_detail_004_kani=true&JigyosyoCd=2160190944-00&ServiceCd=130&Type=search", "url2": "https://genkinanakama.com/" }, "geometry": { "type": "Point", "coordinates": [ 136.741651180426061, 35.397255195032635 ] } },
{ "type": "Feature", "properties": { "内容": "訪問看護ステーション　Alive【訪問看護】岐阜県岐阜市北一色10-38-3", "url": "https://www.kaigokensaku.mhlw.go.jp/21/index.php?action_kouhyou_detail_004_kani=true&JigyosyoCd=2160190951-00&ServiceCd=130&Type=search", "url2": "http://www.koukeikai.jp" }, "geometry": { "type": "Point", "coordinates": [ 136.794709499999954, 35.4091219 ] } },
{ "type": "Feature", "properties": { "内容": "操外科病院訪問看護ステーション【訪問看護】岐阜県岐阜市四屋町35番地", "url": "https://www.kaigokensaku.mhlw.go.jp/21/index.php?action_kouhyou_detail_004_kani=true&JigyosyoCd=2160190969-00&ServiceCd=130&Type=search", "url2": null }, "geometry": { "type": "Point", "coordinates": [ 136.760840782208987, 35.429859832091715 ] } },
{ "type": "Feature", "properties": { "内容": "訪問看護ステーション　そら【訪問看護】岐阜県岐阜市葭町３丁目１１番地ドリームヨシマチ１B", "url": "https://www.kaigokensaku.mhlw.go.jp/21/index.php?action_kouhyou_detail_004_kani=true&JigyosyoCd=2160190977-00&ServiceCd=130&Type=search", "url2": null }, "geometry": { "type": "Point", "coordinates": [ 136.742461344180356, 35.411922983882583 ] } },
{ "type": "Feature", "properties": { "内容": "訪問看護スマイルナーシング黒野【訪問看護】岐阜県岐阜市下鵜飼1602番地2スマイルナーシング黒野", "url": "https://www.kaigokensaku.mhlw.go.jp/21/index.php?action_kouhyou_detail_004_kani=true&JigyosyoCd=2160191033-00&ServiceCd=130&Type=search", "url2": null }, "geometry": { "type": "Point", "coordinates": [ 136.716287828836101, 35.463034140648752 ] } },
{ "type": "Feature", "properties": { "内容": "グリーンビラ訪問看護ステーション【訪問看護】岐阜市敷島町7丁目41番1号", "url": "https://www.kaigokensaku.mhlw.go.jp/21/index.php?action_kouhyou_detail_004_kani=true&JigyosyoCd=2160191041-00&ServiceCd=130&Type=search", "url2": "http://www.koukikai.gr.jp" }, "geometry": { "type": "Point", "coordinates": [ 136.7173508, 35.4085368 ] } },
{ "type": "Feature", "properties": { "内容": "訪問看護スマイルナーシング六条【訪問看護】岐阜県岐阜市六条南２丁目２番１", "url": "https://www.kaigokensaku.mhlw.go.jp/21/index.php?action_kouhyou_detail_004_kani=true&JigyosyoCd=2160191058-00&ServiceCd=130&Type=search", "url2": "https://kyujinbu.com/nursinghome/" }, "geometry": { "type": "Point", "coordinates": [ 136.741488137225559, 35.399556091768794 ] } },
{ "type": "Feature", "properties": { "内容": "ケアリール訪問看護ステーション【訪問看護】岐阜県岐阜市北一色10-12-12G-BERGSPOT101号室", "url": "https://www.kaigokensaku.mhlw.go.jp/21/index.php?action_kouhyou_detail_004_kani=true&JigyosyoCd=2160191082-00&ServiceCd=130&Type=search", "url2": "https://niceman-care.com/" }, "geometry": { "type": "Point", "coordinates": [ 136.808127399999989, 35.4179239 ] } },
{ "type": "Feature", "properties": { "内容": "はちみつ訪問看護ステーション【訪問看護】岐阜県岐阜市加納清水町1-43", "url": "https://www.kaigokensaku.mhlw.go.jp/21/index.php?action_kouhyou_detail_004_kani=true&JigyosyoCd=2160191157-00&ServiceCd=130&Type=search", "url2": "http://k-wb.com/k-bridge/" }, "geometry": { "type": "Point", "coordinates": [ 136.7561507, 35.4068425 ] } },
{ "type": "Feature", "properties": { "内容": "訪問看護ライフネットサービス【訪問看護】岐阜県岐阜市折立467番地U-TOPIA62102", "url": "https://www.kaigokensaku.mhlw.go.jp/21/index.php?action_kouhyou_detail_004_kani=true&JigyosyoCd=2160191173-00&ServiceCd=130&Type=search", "url2": "http://life-net50.co.jp/" }, "geometry": { "type": "Point", "coordinates": [ 136.738291497622669, 35.455348470287511 ] } },
{ "type": "Feature", "properties": { "内容": "i-なごみ訪問看護ステーション【訪問看護】岐阜県岐阜市長良宮路町3丁目20-1ナガラアンクレー103", "url": "https://www.kaigokensaku.mhlw.go.jp/21/index.php?action_kouhyou_detail_004_kani=true&JigyosyoCd=2160191181-00&ServiceCd=130&Type=search", "url2": "http://hp.kaipoke.biz/3tf/" }, "geometry": { "type": "Point", "coordinates": [ 136.7827024, 35.449571 ] } },
{ "type": "Feature", "properties": { "内容": "訪問看護ステーション平和ケア【訪問看護】岐阜県岐阜市茜部菱野1丁目46番地", "url": "https://www.kaigokensaku.mhlw.go.jp/21/index.php?action_kouhyou_detail_004_kani=true&JigyosyoCd=2160191207-00&ServiceCd=130&Type=search", "url2": "https://heiwa-care.com/home-visit-nursing.html" }, "geometry": { "type": "Point", "coordinates": [ 136.751188899999988, 35.3876589 ] } },
{ "type": "Feature", "properties": { "内容": "訪問看護ステーションケアリー岐阜柳津【訪問看護】岐阜県岐阜市柳津下佐波5-191", "url": "https://www.kaigokensaku.mhlw.go.jp/21/index.php?action_kouhyou_detail_004_kani=true&JigyosyoCd=2160191215-00&ServiceCd=130&Type=search", "url2": null }, "geometry": { "type": "Point", "coordinates": [ 136.725682523495493, 35.357942204498997 ] } },
{ "type": "Feature", "properties": { "内容": "訪問看護ステーション悠ライフ六条【訪問看護】岐阜県岐阜市六条江東２丁目12番地1", "url": "https://www.kaigokensaku.mhlw.go.jp/21/index.php?action_kouhyou_detail_004_kani=true&JigyosyoCd=2160191249-00&ServiceCd=130&Type=search", "url2": "https://kindlife-gifu.com/company" }, "geometry": { "type": "Point", "coordinates": [ 136.744069507409648, 35.39146311621576 ] } },
{ "type": "Feature", "properties": { "内容": "訪問看護ステーションかのん【訪問看護】岐阜市日野日野東3丁目2‐12", "url": "https://www.kaigokensaku.mhlw.go.jp/21/index.php?action_kouhyou_detail_004_kani=true&JigyosyoCd=2160191306-00&ServiceCd=130&Type=search", "url2": "https://gifu-kanon.com" }, "geometry": { "type": "Point", "coordinates": [ 136.81351474232784, 35.432196481260689 ] } },
{ "type": "Feature", "properties": { "内容": "訪問看護ステーションベルデ岐阜西【訪問看護】岐阜県岐阜市鏡島南4丁目2番18号ナーシングホームベルデ岐阜西", "url": "https://www.kaigokensaku.mhlw.go.jp/21/index.php?action_kouhyou_detail_004_kani=true&JigyosyoCd=2160191355-00&ServiceCd=130&Type=search", "url2": "https://www.careverde.com" }, "geometry": { "type": "Point", "coordinates": [ 136.712952, 35.4040524 ] } },
{ "type": "Feature", "properties": { "内容": "訪問看護ステーションリアン【訪問看護】岐阜県岐阜市長良西山前87-1", "url": "https://www.kaigokensaku.mhlw.go.jp/21/index.php?action_kouhyou_detail_004_kani=true&JigyosyoCd=2160191371-00&ServiceCd=130&Type=search", "url2": null }, "geometry": { "type": "Point", "coordinates": [ 136.7811073, 35.4559927 ] } },
{ "type": "Feature", "properties": { "内容": "訪問看護ステーションいちる【訪問看護】岐阜県岐阜市大字黒野字二ノ丸３２８番８", "url": "https://www.kaigokensaku.mhlw.go.jp/21/index.php?action_kouhyou_detail_004_kani=true&JigyosyoCd=2160191405-00&ServiceCd=130&Type=search", "url2": "https://www.ichiru.co.jp" }, "geometry": { "type": "Point", "coordinates": [ 136.723427230827326, 35.459341871053645 ] } },
{ "type": "Feature", "properties": { "内容": "六条SAKURA訪問看護ステーション【訪問看護】岐阜県岐阜市六条大溝4丁目9番22クレスト三里303号", "url": "https://www.kaigokensaku.mhlw.go.jp/21/index.php?action_kouhyou_detail_004_kani=true&JigyosyoCd=2160191413-00&ServiceCd=130&Type=search", "url2": "https://rokujyo-sakura.com/" }, "geometry": { "type": "Point", "coordinates": [ 136.7320913, 35.3911594 ] } },
{ "type": "Feature", "properties": { "内容": "訪問看護ステーション　てあて【訪問看護】岐阜県岐阜市栄新町２丁目７２番地２コーポ吉祥A1", "url": "https://www.kaigokensaku.mhlw.go.jp/21/index.php?action_kouhyou_detail_004_kani=true&JigyosyoCd=2160191421-00&ServiceCd=130&Type=search", "url2": null }, "geometry": { "type": "Point", "coordinates": [ 136.758013299999988, 35.4380873 ] } },
{ "type": "Feature", "properties": { "内容": "訪問看護ステーションスマイル【訪問看護】岐阜県岐阜市福富天神前344番地サービス付き高齢者住宅スマイル内", "url": "https://www.kaigokensaku.mhlw.go.jp/21/index.php?action_kouhyou_detail_004_kani=true&JigyosyoCd=2160191462-00&ServiceCd=130&Type=search", "url2": "https://activeone-smile.com/" }, "geometry": { "type": "Point", "coordinates": [ 136.8121357, 35.4825607 ] } },
{ "type": "Feature", "properties": { "内容": "訪問看護ステーションきらめき【訪問看護】岐阜県岐阜市石切町5番地SAPHIR1-101", "url": "https://www.kaigokensaku.mhlw.go.jp/21/index.php?action_kouhyou_detail_004_kani=true&JigyosyoCd=2160191470-00&ServiceCd=130&Type=search", "url2": "https://care-corporation.co.jp/" }, "geometry": { "type": "Point", "coordinates": [ 136.768517406745929, 35.395854164558394 ] } },
{ "type": "Feature", "properties": { "内容": "訪問看護エムズサービス【訪問看護】鹿島町1-5鹿島スクエアビル3F", "url": "https://www.kaigokensaku.mhlw.go.jp/21/index.php?action_kouhyou_detail_004_kani=true&JigyosyoCd=2160191504-00&ServiceCd=130&Type=search", "url2": null }, "geometry": { "type": "Point", "coordinates": [ 136.7444542, 35.415959 ] } },
{ "type": "Feature", "properties": { "内容": "訪問看護ステーション和光岐阜南【訪問看護】岐阜県岐阜市六条片田1丁目21番1", "url": "https://www.kaigokensaku.mhlw.go.jp/21/index.php?action_kouhyou_detail_004_kani=true&JigyosyoCd=2160191512-00&ServiceCd=130&Type=search", "url2": "https://www.wakokai.or.jp/search/nursing/homenursingcare/" }, "geometry": { "type": "Point", "coordinates": [ 136.7458887, 35.3950476 ] } },
{ "type": "Feature", "properties": { "内容": "福ろう訪問看護ステーション【訪問看護】岐阜県岐阜市福富町田84番地1", "url": "https://www.kaigokensaku.mhlw.go.jp/21/index.php?action_kouhyou_detail_004_kani=true&JigyosyoCd=2160191561-00&ServiceCd=130&Type=search", "url2": null }, "geometry": { "type": "Point", "coordinates": [ 136.821823599999988, 35.4822456 ] } },
{ "type": "Feature", "properties": { "内容": "訪問看護ステーション　トータルケア岐阜【訪問看護】岐阜県岐阜市大福町8丁目7番地", "url": "https://www.kaigokensaku.mhlw.go.jp/21/index.php?action_kouhyou_detail_004_kani=true&JigyosyoCd=2160191587-00&ServiceCd=130&Type=search", "url2": "https://lecaldo.co.jp/total-care-gifu/" }, "geometry": { "type": "Point", "coordinates": [ 136.740643698147579, 35.437141089416336 ] } },
{ "type": "Feature", "properties": { "内容": "みずほ訪問看護ステーション【訪問看護】岐阜県岐阜市金園町3丁目15番地", "url": "https://www.kaigokensaku.mhlw.go.jp/21/index.php?action_kouhyou_detail_004_kani=true&JigyosyoCd=2160190449-00&ServiceCd=130&Type=search", "url2": "http://lelien-gifu.com" }, "geometry": { "type": "Point", "coordinates": [ 136.764359845409956, 35.417329721435351 ] } },
{ "type": "Feature", "properties": { "内容": "岐阜赤十字訪問看護ステーション【訪問看護】岐阜県岐阜市岩倉町3丁目36番地岐阜赤十字病院　東３階", "url": "https://www.kaigokensaku.mhlw.go.jp/21/index.php?action_kouhyou_detail_004_kani=true&JigyosyoCd=2160190878-00&ServiceCd=130&Type=search", "url2": null }, "geometry": { "type": "Point", "coordinates": [ 136.755962100000033, 35.4335777 ] } },
{ "type": "Feature", "properties": { "内容": "にっけん訪問看護ステーション　今町【訪問看護】岐阜県岐阜市今町四丁目２２番地", "url": "https://www.kaigokensaku.mhlw.go.jp/21/index.php?action_kouhyou_detail_004_kani=true&JigyosyoCd=2160191280-00&ServiceCd=130&Type=search", "url2": null }, "geometry": { "type": "Point", "coordinates": [ 136.769529105981746, 35.432413657547023 ] } },
{ "type": "Feature", "properties": { "内容": "サンウェルズ岐阜訪問看護ステーション【訪問看護】岐阜県岐阜市六条南1丁目16番15号PDハウス岐阜", "url": "https://www.kaigokensaku.mhlw.go.jp/21/index.php?action_kouhyou_detail_004_kani=true&JigyosyoCd=2160191785-00&ServiceCd=130&Type=search", "url2": "http://sunwels.jp" }, "geometry": { "type": "Point", "coordinates": [ 136.7431647, 35.4004389 ] } },
{ "type": "Feature", "properties": { "内容": "ソフィアメディ訪問看護ステーション岐阜【訪問看護】岐阜県岐阜市六条江東1-9-5", "url": "https://www.kaigokensaku.mhlw.go.jp/21/index.php?action_kouhyou_detail_004_kani=true&JigyosyoCd=2160191108-00&ServiceCd=130&Type=search", "url2": "https://www.sophiamedi.co.jp/" }, "geometry": { "type": "Point", "coordinates": [ 136.746012213567241, 35.393409919537802 ] } },
{ "type": "Feature", "properties": { "内容": "陽和彩訪問看護ステーション【訪問看護】岐阜県岐阜市柳津町宮東2丁目１７７パークサイド宮東１－Ｂ", "url": "https://www.kaigokensaku.mhlw.go.jp/21/index.php?action_kouhyou_detail_004_kani=true&JigyosyoCd=2160190373-00&ServiceCd=130&Type=search", "url2": "http://higasahoukan.jimdo.com/" }, "geometry": { "type": "Point", "coordinates": [ 136.738981, 35.3679661 ] } },
{ "type": "Feature", "properties": { "内容": "リーベ訪問看護ステーション【訪問看護】岐阜県岐阜市旦島1丁目6番14号２階梅田クリニック２階", "url": "https://www.kaigokensaku.mhlw.go.jp/21/index.php?action_kouhyou_detail_004_kani=true&JigyosyoCd=2160191025-00&ServiceCd=130&Type=search", "url2": null }, "geometry": { "type": "Point", "coordinates": [ 136.726227900000026, 35.432135600000016 ] } },
{ "type": "Feature", "properties": { "内容": "ソフィアメディ訪問看護ステーション岐阜南【訪問看護】岐阜県岐阜市柳津町蓮池三丁目22番地プレアビル柳津2階E号室", "url": "https://www.kaigokensaku.mhlw.go.jp/21/index.php?action_kouhyou_detail_004_kani=true&JigyosyoCd=2160191314-00&ServiceCd=130&Type=search", "url2": "https://www.sophiamedi.co.jp/" }, "geometry": { "type": "Point", "coordinates": [ 136.7470559, 35.3683104 ] } },
{ "type": "Feature", "properties": { "内容": "訪問看護ステーションABCリビング岐阜【訪問看護】岐阜県岐阜市尻毛一丁目34番3", "url": "https://www.kaigokensaku.mhlw.go.jp/21/index.php?action_kouhyou_detail_004_kani=true&JigyosyoCd=2160191736-00&ServiceCd=130&Type=search", "url2": null }, "geometry": { "type": "Point", "coordinates": [ 139.642883899999987, 35.6269852 ] } },
{ "type": "Feature", "properties": { "内容": "あおいケア訪問看護ステーション【訪問看護】岐阜県岐阜市須賀2丁目2番27号メゾンスガ103号室", "url": "https://www.kaigokensaku.mhlw.go.jp/21/index.php?action_kouhyou_detail_004_kani=true&JigyosyoCd=2160191165-00&ServiceCd=130&Type=search", "url2": "https://aoi-care.jp/" }, "geometry": { "type": "Point", "coordinates": [ 136.7221393, 35.3871127 ] } },
{ "type": "Feature", "properties": { "内容": "アクア大垣訪問看護【訪問看護】岐阜県大垣市浅草1丁目306番", "url": "https://www.kaigokensaku.mhlw.go.jp/21/index.php?action_kouhyou_detail_004_kani=true&JigyosyoCd=2162190439-00&ServiceCd=130&Type=search", "url2": null }, "geometry": { "type": "Point", "coordinates": [ 136.6186549, 35.3116379 ] } },
{ "type": "Feature", "properties": { "内容": "訪問看護ステーションぬくぬく【訪問看護】岐阜県大垣市東町２丁目１４０番地５", "url": "https://www.kaigokensaku.mhlw.go.jp/21/index.php?action_kouhyou_detail_004_kani=true&JigyosyoCd=2162190470-00&ServiceCd=130&Type=search", "url2": "http://tunegoudougaisya.com" }, "geometry": { "type": "Point", "coordinates": [ 136.653407262565622, 35.367569061185954 ] } },
{ "type": "Feature", "properties": { "内容": "りんく訪問看護ステーション【訪問看護】岐阜県大垣市中川町1丁目65ベル・フネートル1-A", "url": "https://www.kaigokensaku.mhlw.go.jp/21/index.php?action_kouhyou_detail_004_kani=true&JigyosyoCd=2162190488-00&ServiceCd=130&Type=search", "url2": "https://houkan-link.com/" }, "geometry": { "type": "Point", "coordinates": [ 136.6154886, 35.3811493 ] } },
{ "type": "Feature", "properties": { "内容": "医心館訪問看護ステーション大垣【訪問看護】岐阜県大垣市大井二丁目26-1", "url": "https://www.kaigokensaku.mhlw.go.jp/21/index.php?action_kouhyou_detail_004_kani=true&JigyosyoCd=2162190454-00&ServiceCd=130&Type=search", "url2": "www.amvis.com/" }, "geometry": { "type": "Point", "coordinates": [ 136.6302062, 35.3484744 ] } },
{ "type": "Feature", "properties": { "内容": "訪問看護ステーション　ひなた【訪問看護】岐阜県大垣市荒尾町61-7", "url": "https://www.kaigokensaku.mhlw.go.jp/21/index.php?action_kouhyou_detail_004_kani=true&JigyosyoCd=2162190496-00&ServiceCd=130&Type=search", "url2": null }, "geometry": { "type": "Point", "coordinates": [ 136.5733268, 35.3788405 ] } },
{ "type": "Feature", "properties": { "内容": "大垣市訪問看護ステーション【訪問看護】岐阜県大垣市今宿５－１－４在宅福祉サービスステーション内", "url": "https://www.kaigokensaku.mhlw.go.jp/21/index.php?action_kouhyou_detail_004_kani=true&JigyosyoCd=2162190017-00&ServiceCd=130&Type=search", "url2": "http://www.ogakishakyo.or.jp" }, "geometry": { "type": "Point", "coordinates": [ 136.637961099999984, 35.3663421 ] } },
{ "type": "Feature", "properties": { "内容": "訪問看護ステーションハーブ【訪問看護】岐阜県大垣市新田町２丁目２４番地１", "url": "https://www.kaigokensaku.mhlw.go.jp/21/index.php?action_kouhyou_detail_004_kani=true&JigyosyoCd=2162190025-00&ServiceCd=130&Type=search", "url2": "http://www.taiseikai.jp" }, "geometry": { "type": "Point", "coordinates": [ 136.623527, 35.3433504 ] } },
{ "type": "Feature", "properties": { "内容": "訪問看護ステーションウィズ【訪問看護】岐阜県大垣市木戸町232番地1えん大垣駅前３階", "url": "https://www.kaigokensaku.mhlw.go.jp/21/index.php?action_kouhyou_detail_004_kani=true&JigyosyoCd=2162190058-00&ServiceCd=130&Type=search", "url2": null }, "geometry": { "type": "Point", "coordinates": [ 136.60446147640684, 35.367115740684447 ] } },
{ "type": "Feature", "properties": { "内容": "しずさと訪問看護ステーション【訪問看護】岐阜県大垣市桧町1452", "url": "https://www.kaigokensaku.mhlw.go.jp/21/index.php?action_kouhyou_detail_004_kani=true&JigyosyoCd=2162190074-00&ServiceCd=130&Type=search", "url2": "http://seinou.coop/branch/branch_3/" }, "geometry": { "type": "Point", "coordinates": [ 136.591475252670278, 35.365265130388764 ] } },
{ "type": "Feature", "properties": { "内容": "大垣徳洲会訪問看護ステーション【訪問看護】岐阜県大垣市林町6丁目85-1", "url": "https://www.kaigokensaku.mhlw.go.jp/21/index.php?action_kouhyou_detail_004_kani=true&JigyosyoCd=2162190108-00&ServiceCd=130&Type=search", "url2": "http://www.ogaki.tokushukai.or.jp/" }, "geometry": { "type": "Point", "coordinates": [ 136.61764919999996, 35.3724412 ] } },
{ "type": "Feature", "properties": { "内容": "はやかわ訪問看護ステーション【訪問看護】岐阜県大垣市東町2-136-1", "url": "https://www.kaigokensaku.mhlw.go.jp/21/index.php?action_kouhyou_detail_004_kani=true&JigyosyoCd=2162190124-00&ServiceCd=130&Type=search", "url2": null }, "geometry": { "type": "Point", "coordinates": [ 136.652028860713244, 35.367557024727311 ] } },
{ "type": "Feature", "properties": { "内容": "訪問看護ステーションアクア【訪問看護】岐阜県大垣市静里町890-2", "url": "https://www.kaigokensaku.mhlw.go.jp/21/index.php?action_kouhyou_detail_004_kani=true&JigyosyoCd=2162190157-00&ServiceCd=130&Type=search", "url2": null }, "geometry": { "type": "Point", "coordinates": [ 136.592051209568012, 35.358266420391523 ] } },
{ "type": "Feature", "properties": { "内容": "訪問看護ステーションもりもり【訪問看護】岐阜県大垣市和合新町１丁目89番地中村第５ビル　１０１号室", "url": "https://www.kaigokensaku.mhlw.go.jp/21/index.php?action_kouhyou_detail_004_kani=true&JigyosyoCd=2162190181-00&ServiceCd=130&Type=search", "url2": "https://www.houkanmorimori.co.jp/" }, "geometry": { "type": "Point", "coordinates": [ 136.652370799999971, 35.3733774 ] } },
{ "type": "Feature", "properties": { "内容": "街かど保健室　訪問看護ステーション街家【訪問看護】岐阜県大垣市上面4丁目44番1", "url": "https://www.kaigokensaku.mhlw.go.jp/21/index.php?action_kouhyou_detail_004_kani=true&JigyosyoCd=2162190199-00&ServiceCd=130&Type=search", "url2": "http://machiya-comrade.co.jp/" }, "geometry": { "type": "Point", "coordinates": [ 136.644713849529609, 35.359171497063571 ] } },
{ "type": "Feature", "properties": { "内容": "アバンセ訪問看護ステーション大垣【訪問看護】岐阜県大垣市美和町1847-1レジデンス田園C棟201号", "url": "https://www.kaigokensaku.mhlw.go.jp/21/index.php?action_kouhyou_detail_004_kani=true&JigyosyoCd=2162190215-00&ServiceCd=130&Type=search", "url2": "https://a-lifesupport.co.jp/" }, "geometry": { "type": "Point", "coordinates": [ 136.61828930059437, 35.351064133541925 ] } },
{ "type": "Feature", "properties": { "内容": "墨俣訪問看護センター【訪問看護】岐阜県大垣市波須1-131", "url": "https://www.kaigokensaku.mhlw.go.jp/21/index.php?action_kouhyou_detail_004_kani=true&JigyosyoCd=2162190231-00&ServiceCd=130&Type=search", "url2": null }, "geometry": { "type": "Point", "coordinates": [ 136.652411700000016, 35.3635723 ] } },
{ "type": "Feature", "properties": { "内容": "大垣中央病院訪問看護ステーション【訪問看護】岐阜県大垣市宮町1丁目10番地ITOマンション101号室", "url": "https://www.kaigokensaku.mhlw.go.jp/21/index.php?action_kouhyou_detail_004_kani=true&JigyosyoCd=2162190249-00&ServiceCd=130&Type=search", "url2": "http://www.oogakichuou.com" }, "geometry": { "type": "Point", "coordinates": [ 136.614931500000012, 35.3659917 ] } },
{ "type": "Feature", "properties": { "内容": "ここな訪問看護ステーション【訪問看護】岐阜県大垣市禾森町五丁目５６番地", "url": "https://www.kaigokensaku.mhlw.go.jp/21/index.php?action_kouhyou_detail_004_kani=true&JigyosyoCd=2162190256-00&ServiceCd=130&Type=search", "url2": "https://shinwa.pro/" }, "geometry": { "type": "Point", "coordinates": [ 136.6201019, 35.3506576 ] } },
{ "type": "Feature", "properties": { "内容": "訪問看護ステーション　SmileBee【訪問看護】岐阜県大垣市世安町1丁目45番地1", "url": "https://www.kaigokensaku.mhlw.go.jp/21/index.php?action_kouhyou_detail_004_kani=true&JigyosyoCd=2162190314-00&ServiceCd=130&Type=search", "url2": "https://www.rennosato.com/" }, "geometry": { "type": "Point", "coordinates": [ 136.613173389972872, 35.352083280741923 ] } },
{ "type": "Feature", "properties": { "内容": "レディーバグ訪問看護ステーション大垣【訪問看護】岐阜県大垣市南頬町４－２３", "url": "https://www.kaigokensaku.mhlw.go.jp/21/index.php?action_kouhyou_detail_004_kani=true&JigyosyoCd=2162190322-00&ServiceCd=130&Type=search", "url2": "https://www.heartpage.jp/shinagawa/facility/20010052?header=off" }, "geometry": { "type": "Point", "coordinates": [ 136.621307688954943, 35.354959297002743 ] } },
{ "type": "Feature", "properties": { "内容": "訪問看護ステーションけやき大垣【訪問看護】岐阜県大垣市波須2-8ラ・ポール波須A101", "url": "https://www.kaigokensaku.mhlw.go.jp/21/index.php?action_kouhyou_detail_004_kani=true&JigyosyoCd=2162190330-00&ServiceCd=130&Type=search", "url2": null }, "geometry": { "type": "Point", "coordinates": [ 136.650486958215879, 35.366852095343113 ] } },
{ "type": "Feature", "properties": { "内容": "訪問看護ステーション和光　大垣【訪問看護】岐阜県大垣市大井2丁目38番地3", "url": "https://www.kaigokensaku.mhlw.go.jp/21/index.php?action_kouhyou_detail_004_kani=true&JigyosyoCd=2162190348-00&ServiceCd=130&Type=search", "url2": "https://www.wakokai.or.jp" }, "geometry": { "type": "Point", "coordinates": [ 136.632858903375961, 35.348643702820603 ] } },
{ "type": "Feature", "properties": { "内容": "訪問看護ステーションフォーカス【訪問看護】岐阜県大垣市上面二丁目54番地3", "url": "https://www.kaigokensaku.mhlw.go.jp/21/index.php?action_kouhyou_detail_004_kani=true&JigyosyoCd=2162190355-00&ServiceCd=130&Type=search", "url2": "https://www.focushoukan.com" }, "geometry": { "type": "Point", "coordinates": [ 136.643381299999987, 35.3623241 ] } },
{ "type": "Feature", "properties": { "内容": "悠ライフ大垣【訪問看護】岐阜県大垣市禾森町3丁目2102番地2", "url": "https://www.kaigokensaku.mhlw.go.jp/21/index.php?action_kouhyou_detail_004_kani=true&JigyosyoCd=2162190405-00&ServiceCd=130&Type=search", "url2": "https://www.kaigo.kind-life-japan.com/" }, "geometry": { "type": "Point", "coordinates": [ 136.6250825, 35.3507625 ] } },
{ "type": "Feature", "properties": { "内容": "訪問看護事業所　たいよう【訪問看護】岐阜県大垣市林町8丁目53番地", "url": "https://www.kaigokensaku.mhlw.go.jp/21/index.php?action_kouhyou_detail_004_kani=true&JigyosyoCd=2162190421-00&ServiceCd=130&Type=search", "url2": "https://www.ogaki-care.co.jp/" }, "geometry": { "type": "Point", "coordinates": [ 136.6203319, 35.3750324 ] } },
{ "type": "Feature", "properties": { "内容": "訪問看護ステーションくつい大垣北【訪問看護】岐阜県大垣市赤様新町1丁目2222－1", "url": "https://www.kaigokensaku.mhlw.go.jp/21/index.php?action_kouhyou_detail_004_kani=true&JigyosyoCd=2162190447-00&ServiceCd=130&Type=search", "url2": "https://oraliss-kutsui.com" }, "geometry": { "type": "Point", "coordinates": [ 136.588906820928997, 35.391740177533265 ] } },
{ "type": "Feature", "properties": { "内容": "訪問看護ステーションcolor【訪問看護】岐阜県大垣市浅草1丁目464番地12", "url": "https://www.kaigokensaku.mhlw.go.jp/21/index.php?action_kouhyou_detail_004_kani=true&JigyosyoCd=2162190504-00&ServiceCd=130&Type=search", "url2": null }, "geometry": { "type": "Point", "coordinates": [ 136.6186549, 35.3116379 ] } },
{ "type": "Feature", "properties": { "内容": "ソフィアメディ訪問看護ステーション大垣【訪問看護】岐阜県大垣市安井町7-4-1西棟", "url": "https://www.kaigokensaku.mhlw.go.jp/21/index.php?action_kouhyou_detail_004_kani=true&JigyosyoCd=2162190280-00&ServiceCd=130&Type=search", "url2": "https://www.sophiamedi.co.jp/station/oogaki/" }, "geometry": { "type": "Point", "coordinates": [ 136.633730276377833, 35.354398738175703 ] } },
{ "type": "Feature", "properties": { "内容": "沼口訪問看護ステーション　アミターユス【訪問看護】岐阜県大垣市笠木町386番地1メディカルシェアハウス・アミターバ内", "url": "https://www.kaigokensaku.mhlw.go.jp/21/index.php?action_kouhyou_detail_004_kani=true&JigyosyoCd=2162190116-00&ServiceCd=130&Type=search", "url2": "http://www.numaguchi-clinic.com" }, "geometry": { "type": "Point", "coordinates": [ 136.596016981584199, 35.377123713168942 ] } },
{ "type": "Feature", "properties": { "内容": "訪問看護ステーション　クルール大垣昼飯【訪問看護】岐阜県大垣市昼飯町242番", "url": "https://www.kaigokensaku.mhlw.go.jp/21/index.php?action_kouhyou_detail_004_kani=true&JigyosyoCd=2162190512-00&ServiceCd=130&Type=search", "url2": "https://www.couleurcourt-okazaki.com/" }, "geometry": { "type": "Point", "coordinates": [ 136.5714602, 35.3901391 ] } },
{ "type": "Feature", "properties": { "内容": "赤坂宿訪問看護ステーション【訪問看護】岐阜県大垣市池尻1540", "url": "https://www.kaigokensaku.mhlw.go.jp/21/index.php?action_kouhyou_detail_004_kani=true&JigyosyoCd=2162190082-00&ServiceCd=130&Type=search", "url2": "https://www.machinoie-akasakajuku.com/" }, "geometry": { "type": "Point", "coordinates": [ 136.599366900186709, 35.388958720116449 ] } },
{ "type": "Feature", "properties": { "内容": "訪問看護ステーション　よいかん大垣【訪問看護】岐阜県大垣市小泉町342-21階", "url": "https://www.kaigokensaku.mhlw.go.jp/21/index.php?action_kouhyou_detail_004_kani=true&JigyosyoCd=2162190173-00&ServiceCd=130&Type=search", "url2": "https://bond-ym.co.jp/" }, "geometry": { "type": "Point", "coordinates": [ 136.621612697937053, 35.349290193407931 ] } },
{ "type": "Feature", "properties": { "内容": "ママと子どものMここステーション【訪問看護】岐阜県高山市初田町三丁目１４番地２３タニコシペース１（南側）", "url": "https://www.kaigokensaku.mhlw.go.jp/21/index.php?action_kouhyou_detail_004_kani=true&JigyosyoCd=2162790188-00&ServiceCd=130&Type=search", "url2": null }, "geometry": { "type": "Point", "coordinates": [ 137.252595500000012, 36.1486914 ] } },
{ "type": "Feature", "properties": { "内容": "高山市国民健康保険南高山地域医療センター朝日地域診療所【訪問看護】岐阜県高山市朝日町万石333番地1", "url": "https://www.kaigokensaku.mhlw.go.jp/21/index.php?action_kouhyou_detail_004_kani=true&JigyosyoCd=2112701699-00&ServiceCd=130&Type=search", "url2": "http://www.city.takayama.lg.jp/" }, "geometry": { "type": "Point", "coordinates": [ 137.352755200000047, 36.0904169 ] } },
{ "type": "Feature", "properties": { "内容": "岐阜県看護協会立訪問看護ステーション高山【訪問看護】岐阜県高山市冬頭町588番1", "url": "https://www.kaigokensaku.mhlw.go.jp/21/index.php?action_kouhyou_detail_004_kani=true&JigyosyoCd=2162790014-00&ServiceCd=130&Type=search", "url2": null }, "geometry": { "type": "Point", "coordinates": [ 137.240979987138871, 36.165791847135765 ] } },
{ "type": "Feature", "properties": { "内容": "ひだ訪問看護ステーション【訪問看護】岐阜県高山市中切町1番地1", "url": "https://www.kaigokensaku.mhlw.go.jp/21/index.php?action_kouhyou_detail_004_kani=true&JigyosyoCd=2162790022-00&ServiceCd=130&Type=search", "url2": "http://www.kumiai.gfkosei.or.jp/ik-houmon.html" }, "geometry": { "type": "Point", "coordinates": [ 137.237265200000024, 36.1669762 ] } },
{ "type": "Feature", "properties": { "内容": "それいゆ訪問看護ステーション【訪問看護】岐阜県高山市昭和町2丁目85-1", "url": "https://www.kaigokensaku.mhlw.go.jp/21/index.php?action_kouhyou_detail_004_kani=true&JigyosyoCd=2162790055-00&ServiceCd=130&Type=search", "url2": "http://www.ori-doujinkai.or.jp/kango/" }, "geometry": { "type": "Point", "coordinates": [ 137.249525899999981, 36.1459014 ] } },
{ "type": "Feature", "properties": { "内容": "須田病院訪問看護ステーション【訪問看護】岐阜県高山市国府町村山235番地5", "url": "https://www.kaigokensaku.mhlw.go.jp/21/index.php?action_kouhyou_detail_004_kani=true&JigyosyoCd=2162790071-00&ServiceCd=130&Type=search", "url2": "https://suda-hos.jp" }, "geometry": { "type": "Point", "coordinates": [ 137.251652799999988, 36.1979701 ] } },
{ "type": "Feature", "properties": { "内容": "すまいる訪問看護リハビリステーション【訪問看護】岐阜県高山市下林町８３１－１", "url": "https://www.kaigokensaku.mhlw.go.jp/21/index.php?action_kouhyou_detail_004_kani=true&JigyosyoCd=2162790105-00&ServiceCd=130&Type=search", "url2": null }, "geometry": { "type": "Point", "coordinates": [ 137.227768005957557, 36.155328357675202 ] } },
{ "type": "Feature", "properties": { "内容": "訪問看護ステーションきりん【訪問看護】岐阜県高山市大新町4丁目175番地", "url": "https://www.kaigokensaku.mhlw.go.jp/21/index.php?action_kouhyou_detail_004_kani=true&JigyosyoCd=2162790113-00&ServiceCd=130&Type=search", "url2": "http://kirin3.com/" }, "geometry": { "type": "Point", "coordinates": [ 137.256719228172273, 36.153177203695293 ] } },
{ "type": "Feature", "properties": { "内容": "ファインシニアけやき訪問看護ステーション【訪問看護】岐阜県高山市昭和町3-180-1", "url": "https://www.kaigokensaku.mhlw.go.jp/21/index.php?action_kouhyou_detail_004_kani=true&JigyosyoCd=2162790139-00&ServiceCd=130&Type=search", "url2": null }, "geometry": { "type": "Point", "coordinates": [ 137.247992701852354, 36.147328112230547 ] } },
{ "type": "Feature", "properties": { "内容": "グレース訪問看護ステーション【訪問看護】岐阜県高山市江名子町2980-1住宅型有料老人ホームグレースシニア荏名に併設", "url": "https://www.kaigokensaku.mhlw.go.jp/21/index.php?action_kouhyou_detail_004_kani=true&JigyosyoCd=2162790154-00&ServiceCd=130&Type=search", "url2": "https://www.gracesenior-ena.com/" }, "geometry": { "type": "Point", "coordinates": [ 137.277906699999988, 36.1343225 ] } },
{ "type": "Feature", "properties": { "内容": "訪問看護ステーションラビットケア【訪問看護】岐阜県高山市西之一色町1丁目18-1", "url": "https://www.kaigokensaku.mhlw.go.jp/21/index.php?action_kouhyou_detail_004_kani=true&JigyosyoCd=2162790162-00&ServiceCd=130&Type=search", "url2": "https://rabbitcare.jp/" }, "geometry": { "type": "Point", "coordinates": [ 137.2511448, 36.1342267 ] } },
{ "type": "Feature", "properties": { "内容": "あおば訪問看護ステーション【訪問看護】岐阜県高山市赤保木町1097-1", "url": "https://www.kaigokensaku.mhlw.go.jp/21/index.php?action_kouhyou_detail_004_kani=true&JigyosyoCd=2162790170-00&ServiceCd=130&Type=search", "url2": "goudougaishaaoba.wisite.com" }, "geometry": { "type": "Point", "coordinates": [ 137.231026817818503, 36.160974770261539 ] } },
{ "type": "Feature", "properties": { "内容": "訪問看護ステーション　てとて【訪問看護】岐阜県多治見市松坂町1丁目36-2", "url": "https://www.kaigokensaku.mhlw.go.jp/21/index.php?action_kouhyou_detail_004_kani=true&JigyosyoCd=2161190232-00&ServiceCd=130&Type=search", "url2": "https://mfafkenta.wixsite.com/tetote" }, "geometry": { "type": "Point", "coordinates": [ 137.0914128, 35.36505 ] } },
{ "type": "Feature", "properties": { "内容": "老人訪問看護ステーション「コスモス」【訪問看護】岐阜県多治見市小名田町西ヶ洞７１－１", "url": "https://www.kaigokensaku.mhlw.go.jp/21/index.php?action_kouhyou_detail_004_kani=true&JigyosyoCd=2161190026-00&ServiceCd=130&Type=search", "url2": "http://www.i-jinjukai.or.jp/" }, "geometry": { "type": "Point", "coordinates": [ 137.12101830000006, 35.3636155 ] } },
{ "type": "Feature", "properties": { "内容": "医療法人慈生会浜田浅井訪問看護ステーション【訪問看護】岐阜県多治見市太平町１丁目５番地", "url": "https://www.kaigokensaku.mhlw.go.jp/21/index.php?action_kouhyou_detail_004_kani=true&JigyosyoCd=2161190034-00&ServiceCd=130&Type=search", "url2": null }, "geometry": { "type": "Point", "coordinates": [ 137.112692399999986, 35.333388 ] } },
{ "type": "Feature", "properties": { "内容": "訪問看護ステーション陶の里【訪問看護】岐阜県多治見市大畑町西仲根3-25", "url": "https://www.kaigokensaku.mhlw.go.jp/21/index.php?action_kouhyou_detail_004_kani=true&JigyosyoCd=2161190075-00&ServiceCd=130&Type=search", "url2": "http://www.athome-tounosato.com/" }, "geometry": { "type": "Point", "coordinates": [ 137.1285272, 35.3151321 ] } },
{ "type": "Feature", "properties": { "内容": "愛岐訪問看護ステーション【訪問看護】岐阜県多治見市赤坂町７－３２", "url": "https://www.kaigokensaku.mhlw.go.jp/21/index.php?action_kouhyou_detail_004_kani=true&JigyosyoCd=2161190109-00&ServiceCd=130&Type=search", "url2": "http://www.al-aigi.com/" }, "geometry": { "type": "Point", "coordinates": [ 137.089642199999957, 35.3389416 ] } },
{ "type": "Feature", "properties": { "内容": "ニチイケアセンター太平町　訪問看護ステーション【訪問看護】岐阜県多治見市太平町１番地70-1", "url": "https://www.kaigokensaku.mhlw.go.jp/21/index.php?action_kouhyou_detail_004_kani=true&JigyosyoCd=2161190158-00&ServiceCd=130&Type=search", "url2": "http://www.nichiigakkan.co.jp" }, "geometry": { "type": "Point", "coordinates": [ 137.114389399999936, 35.3330742 ] } },
{ "type": "Feature", "properties": { "内容": "五十鈴訪問看護【訪問看護】岐阜県多治見市栄町二丁目２６番地", "url": "https://www.kaigokensaku.mhlw.go.jp/21/index.php?action_kouhyou_detail_004_kani=true&JigyosyoCd=2161190182-00&ServiceCd=130&Type=search", "url2": "https://isuzukaigo.wixsite.com/mysite/home" }, "geometry": { "type": "Point", "coordinates": [ 137.1220998, 35.3335344 ] } },
{ "type": "Feature", "properties": { "内容": "看護ステーションオハナ【訪問看護】岐阜県多治見市宝町8丁目35番地住宅型有料老人ホームＨ＆Ｎ宝慈苑", "url": "https://www.kaigokensaku.mhlw.go.jp/21/index.php?action_kouhyou_detail_004_kani=true&JigyosyoCd=2161190208-00&ServiceCd=130&Type=search", "url2": "http://www.heartofleaf.hn-hd.com/ohana.html" }, "geometry": { "type": "Point", "coordinates": [ 137.108998, 35.343695855164285 ] } },
{ "type": "Feature", "properties": { "内容": "訪問看護ステーション　もみの木【訪問看護】岐阜県多治見市旭ヶ丘1丁目86-8　サービス付き高齢者向け住宅慶山2F", "url": "https://www.kaigokensaku.mhlw.go.jp/21/index.php?action_kouhyou_detail_004_kani=true&JigyosyoCd=2161190216-00&ServiceCd=130&Type=search", "url2": "https://dreamfield.info" }, "geometry": { "type": "Point", "coordinates": [ 137.096047904694075, 35.366628602752506 ] } },
{ "type": "Feature", "properties": { "内容": "訪問看護ステーションクラレ【訪問看護】岐阜県多治見市京町2丁目178番地メゾン京町1階　東号室", "url": "https://www.kaigokensaku.mhlw.go.jp/21/index.php?action_kouhyou_detail_004_kani=true&JigyosyoCd=2161190224-00&ServiceCd=130&Type=search", "url2": "https://www.mtec-hp.com/kurarey/" }, "geometry": { "type": "Point", "coordinates": [ 137.128003700000022, 35.3253427 ] } },
{ "type": "Feature", "properties": { "内容": "看護クラーク多治見【訪問看護】岐阜県多治見市音羽町2丁目22-1", "url": "https://www.kaigokensaku.mhlw.go.jp/21/index.php?action_kouhyou_detail_004_kani=true&JigyosyoCd=2161190240-00&ServiceCd=130&Type=search", "url2": null }, "geometry": { "type": "Point", "coordinates": [ 137.117396384655763, 35.334698886035426 ] } },
{ "type": "Feature", "properties": { "内容": "すきがら訪問看護ステーション【訪問看護】岐阜県多治見市本町5丁目15-2ハイツ本町Ｃ室", "url": "https://www.kaigokensaku.mhlw.go.jp/21/index.php?action_kouhyou_detail_004_kani=true&JigyosyoCd=2161190265-00&ServiceCd=130&Type=search", "url2": "http://sg-nursing.com/" }, "geometry": { "type": "Point", "coordinates": [ 137.131435686227036, 35.334727479267535 ] } },
{ "type": "Feature", "properties": { "内容": "医心館訪問看護ステーション多治見【訪問看護】岐阜県多治見市太平町六丁目39番", "url": "https://www.kaigokensaku.mhlw.go.jp/21/index.php?action_kouhyou_detail_004_kani=true&JigyosyoCd=2161190281-00&ServiceCd=130&Type=search", "url2": null }, "geometry": { "type": "Point", "coordinates": [ 137.109721799999988, 35.3374285 ] } },
{ "type": "Feature", "properties": { "内容": "エブリ訪問看護ステーション【訪問看護】岐阜県多治見市赤坂町１丁目98-1", "url": "https://www.kaigokensaku.mhlw.go.jp/21/index.php?action_kouhyou_detail_004_kani=true&JigyosyoCd=2161190299-00&ServiceCd=130&Type=search", "url2": "https://e-needs.jp/" }, "geometry": { "type": "Point", "coordinates": [ 137.105117799999988, 35.342112 ] } },
{ "type": "Feature", "properties": { "内容": "たじみ松坂訪問看護ステーション【訪問看護】岐阜県多治見市松坂町1-1-5ふくい内科クリニック別棟", "url": "https://www.kaigokensaku.mhlw.go.jp/21/index.php?action_kouhyou_detail_004_kani=true&JigyosyoCd=2161190166-00&ServiceCd=130&Type=search", "url2": "http://houkan-tajimi.com/" }, "geometry": { "type": "Point", "coordinates": [ 137.09339650000004, 35.3663115 ] } },
{ "type": "Feature", "properties": { "内容": "訪問看護ステーション　住ま居る【訪問看護】岐阜県多治見市笠原町2455-714有料老人ホーム住ま居るメディカⅠ号館２Ｆ", "url": "https://www.kaigokensaku.mhlw.go.jp/21/index.php?action_kouhyou_detail_004_kani=true&JigyosyoCd=2161190190-00&ServiceCd=130&Type=search", "url2": "https://www.smile-tajimi.com/publics/index/21/" }, "geometry": { "type": "Point", "coordinates": [ 137.165870600000062, 35.3176031 ] } },
{ "type": "Feature", "properties": { "内容": "訪問看護リハビリえみっと【訪問看護】岐阜県多治見市田代町2丁目72番地コーポイレブン101号室", "url": "https://www.kaigokensaku.mhlw.go.jp/21/index.php?action_kouhyou_detail_004_kani=true&JigyosyoCd=2161190307-00&ServiceCd=130&Type=search", "url2": "https://www.emitcarespot.com" }, "geometry": { "type": "Point", "coordinates": [ 137.11782740000001, 35.3318919 ] } },
{ "type": "Feature", "properties": { "内容": "訪問看護ステーション是花【訪問看護】岐阜県多治見市上野町3丁目77番地", "url": "https://www.kaigokensaku.mhlw.go.jp/21/index.php?action_kouhyou_detail_004_kani=true&JigyosyoCd=2161190257-00&ServiceCd=130&Type=search", "url2": "https://zeze-hihi.com/konohana/" }, "geometry": { "type": "Point", "coordinates": [ 137.126802206745936, 35.339594792327887 ] } },
{ "type": "Feature", "properties": { "内容": "医心館訪問看護ステーション関中央【訪問看護】岐阜県関市平成通二丁目6番18号", "url": "https://www.kaigokensaku.mhlw.go.jp/21/index.php?action_kouhyou_detail_004_kani=true&JigyosyoCd=2160290132-00&ServiceCd=130&Type=search", "url2": null }, "geometry": { "type": "Point", "coordinates": [ 136.936529799999988, 35.4705689 ] } },
{ "type": "Feature", "properties": { "内容": "医療法人香徳会　旭ヶ丘訪問看護ステーション【訪問看護】岐阜県関市平成通2丁目7番12号", "url": "https://www.kaigokensaku.mhlw.go.jp/21/index.php?action_kouhyou_detail_004_kani=true&JigyosyoCd=2160290017-00&ServiceCd=130&Type=search", "url2": "https://sekichuo.jp" }, "geometry": { "type": "Point", "coordinates": [ 136.935349327508561, 35.469482616489557 ] } },
{ "type": "Feature", "properties": { "内容": "コスモス訪問看護ステーション【訪問看護】岐阜県関市若草通５丁目1番地", "url": "https://www.kaigokensaku.mhlw.go.jp/21/index.php?action_kouhyou_detail_004_kani=true&JigyosyoCd=2160290025-00&ServiceCd=130&Type=search", "url2": "kosumosu@chuno.gfkosei.or.jp" }, "geometry": { "type": "Point", "coordinates": [ 136.92121421097562, 35.494930998829723 ] } },
{ "type": "Feature", "properties": { "内容": "訪問リハビリステーション美里【訪問看護】岐阜県関市向山町１丁目4番１２", "url": "https://www.kaigokensaku.mhlw.go.jp/21/index.php?action_kouhyou_detail_004_kani=true&JigyosyoCd=2160290058-00&ServiceCd=130&Type=search", "url2": null }, "geometry": { "type": "Point", "coordinates": [ 136.902124700000059, 35.4545809 ] } },
{ "type": "Feature", "properties": { "内容": "ルフト訪問看護ステーション【訪問看護】岐阜県関市稲口774-4", "url": "https://www.kaigokensaku.mhlw.go.jp/21/index.php?action_kouhyou_detail_004_kani=true&JigyosyoCd=2160290090-00&ServiceCd=130&Type=search", "url2": "http://www.meihoukai.jp" }, "geometry": { "type": "Point", "coordinates": [ 136.925599799999986, 35.4704181 ] } },
{ "type": "Feature", "properties": { "内容": "ケアリール訪問看護ステーション　下有知【訪問看護】岐阜県関市下有知今宮2811-3", "url": "https://www.kaigokensaku.mhlw.go.jp/21/index.php?action_kouhyou_detail_004_kani=true&JigyosyoCd=2160290124-00&ServiceCd=130&Type=search", "url2": "https://niceman-care.com" }, "geometry": { "type": "Point", "coordinates": [ 136.907181273680123, 35.522455381124075 ] } },
{ "type": "Feature", "properties": { "内容": "チアフル訪問看護ステーション　関【訪問看護】岐阜県関市小瀬2359-11", "url": "https://www.kaigokensaku.mhlw.go.jp/21/index.php?action_kouhyou_detail_004_kani=true&JigyosyoCd=2160290140-00&ServiceCd=130&Type=search", "url2": "https://cheerful-care.jp/" }, "geometry": { "type": "Point", "coordinates": [ 136.900601599999987, 35.4954297 ] } },
{ "type": "Feature", "properties": { "内容": "まなべ整形外科・皮フ科【訪問看護】岐阜県関市旭ケ丘二丁目２番１８号", "url": "https://www.kaigokensaku.mhlw.go.jp/21/index.php?action_kouhyou_detail_004_kani=true&JigyosyoCd=2110201544-00&ServiceCd=130&Type=search", "url2": "http://manabe-cl.jp" }, "geometry": { "type": "Point", "coordinates": [ 136.9280493, 35.4828234 ] } },
{ "type": "Feature", "properties": { "内容": "せきひがしほうもんかんごすてーしょん【訪問看護】岐阜県関市鋳物師屋３丁目２番５号１０１", "url": "https://www.kaigokensaku.mhlw.go.jp/21/index.php?action_kouhyou_detail_004_kani=true&JigyosyoCd=2160290157-00&ServiceCd=130&Type=search", "url2": null }, "geometry": { "type": "Point", "coordinates": [ 136.9329572, 35.475470700000017 ] } },
{ "type": "Feature", "properties": { "内容": "ReST訪問看護・リハビリステーション【訪問看護】岐阜県関市緑ヶ丘2丁目6番28号", "url": "https://www.kaigokensaku.mhlw.go.jp/21/index.php?action_kouhyou_detail_004_kani=true&JigyosyoCd=2160290082-00&ServiceCd=130&Type=search", "url2": null }, "geometry": { "type": "Point", "coordinates": [ 136.900698298232186, 35.490792260731219 ] } },
{ "type": "Feature", "properties": { "内容": "ふく　訪問看護ステーション【訪問看護】岐阜県関市武芸川町高野259", "url": "https://www.kaigokensaku.mhlw.go.jp/21/index.php?action_kouhyou_detail_004_kani=true&JigyosyoCd=2160290074-00&ServiceCd=130&Type=search", "url2": "https://fuku0201.jp/" }, "geometry": { "type": "Point", "coordinates": [ 136.85341044604769, 35.522884869871305 ] } },
{ "type": "Feature", "properties": { "内容": "訪問看護ステーション　なごみ縁【訪問看護】岐阜県中津川市手賀野360-2リバーサイド中津川B棟105号室", "url": "https://www.kaigokensaku.mhlw.go.jp/21/index.php?action_kouhyou_detail_004_kani=true&JigyosyoCd=2161590134-00&ServiceCd=130&Type=search", "url2": null }, "geometry": { "type": "Point", "coordinates": [ 137.500726500000013, 35.4822308 ] } },
{ "type": "Feature", "properties": { "内容": "株式会社なないろ【訪問看護】岐阜県中津川市福岡613番地130", "url": "https://www.kaigokensaku.mhlw.go.jp/21/index.php?action_kouhyou_detail_004_kani=true&JigyosyoCd=2161590142-00&ServiceCd=130&Type=search", "url2": "https://nanairo-life.jp" }, "geometry": { "type": "Point", "coordinates": [ 137.439235200000013, 35.5775501 ] } },
{ "type": "Feature", "properties": { "内容": "訪問看護ステーションHOME【訪問看護】岐阜県中津川市福岡1618番地２", "url": "https://www.kaigokensaku.mhlw.go.jp/21/index.php?action_kouhyou_detail_004_kani=true&JigyosyoCd=2161590159-00&ServiceCd=130&Type=search", "url2": "https://hachimaru.jp/" }, "geometry": { "type": "Point", "coordinates": [ 137.444960543541413, 35.5616225034682 ] } },
{ "type": "Feature", "properties": { "内容": "医療法人隆山会河村医院【訪問看護】岐阜県中津川市加子母5061-9", "url": "https://www.kaigokensaku.mhlw.go.jp/21/index.php?action_kouhyou_detail_004_kani=true&JigyosyoCd=2111501157-00&ServiceCd=130&Type=search", "url2": null }, "geometry": { "type": "Point", "coordinates": [ 137.383928, 35.6962134 ] } },
{ "type": "Feature", "properties": { "内容": "医療法人社団日新会訪問看護ステーション城山【訪問看護】岐阜県中津川市苗木那木３７２５－２", "url": "https://www.kaigokensaku.mhlw.go.jp/21/index.php?action_kouhyou_detail_004_kani=true&JigyosyoCd=2161590019-00&ServiceCd=130&Type=search", "url2": "http://www.n-shiroyama.info/" }, "geometry": { "type": "Point", "coordinates": [ 137.47782442158271, 35.513990993685326 ] } },
{ "type": "Feature", "properties": { "内容": "訪問看護ステーションほほえみ【訪問看護】岐阜県中津川市坂下722-1", "url": "https://www.kaigokensaku.mhlw.go.jp/21/index.php?action_kouhyou_detail_004_kani=true&JigyosyoCd=2161590035-00&ServiceCd=130&Type=search", "url2": "http://sakashita-shinryo.jp/" }, "geometry": { "type": "Point", "coordinates": [ 137.531890430688492, 35.574961330844936 ] } },
{ "type": "Feature", "properties": { "内容": "訪問看護ステーションほっと【訪問看護】岐阜県中津川市蛭川５７３５－２２７", "url": "https://www.kaigokensaku.mhlw.go.jp/21/index.php?action_kouhyou_detail_004_kani=true&JigyosyoCd=2161590050-00&ServiceCd=130&Type=search", "url2": "https://www.big-advance.site/c/202/1471" }, "geometry": { "type": "Point", "coordinates": [ 137.4113251, 35.4894365 ] } },
{ "type": "Feature", "properties": { "内容": "エール訪問看護ステーション【訪問看護】岐阜県中津川市駒場1493－21", "url": "https://www.kaigokensaku.mhlw.go.jp/21/index.php?action_kouhyou_detail_004_kani=true&JigyosyoCd=2161590092-00&ServiceCd=130&Type=search", "url2": null }, "geometry": { "type": "Point", "coordinates": [ 137.484139606745885, 35.482956109098886 ] } },
{ "type": "Feature", "properties": { "内容": "訪問看護ステーションease【訪問看護】岐阜県中津川市駒場792ドゥクレール駒場305", "url": "https://www.kaigokensaku.mhlw.go.jp/21/index.php?action_kouhyou_detail_004_kani=true&JigyosyoCd=2161590100-00&ServiceCd=130&Type=search", "url2": null }, "geometry": { "type": "Point", "coordinates": [ 137.492025328300059, 35.495166089247689 ] } },
{ "type": "Feature", "properties": { "内容": "訪問看護ステーション　だん【訪問看護】岐阜県中津川市北野町１番１０号", "url": "https://www.kaigokensaku.mhlw.go.jp/21/index.php?action_kouhyou_detail_004_kani=true&JigyosyoCd=2161590118-00&ServiceCd=130&Type=search", "url2": "https://sites.google.com/view/care-green/%E3%83%9B%E3%83%BC%E3%83%A0" }, "geometry": { "type": "Point", "coordinates": [ 137.502926800000012, 35.5032401 ] } },
{ "type": "Feature", "properties": { "内容": "地域訪問看護福ふく【訪問看護】岐阜県中津川市西宮町4-13", "url": "https://www.kaigokensaku.mhlw.go.jp/21/index.php?action_kouhyou_detail_004_kani=true&JigyosyoCd=2161590126-00&ServiceCd=130&Type=search", "url2": "fukufukucare.com" }, "geometry": { "type": "Point", "coordinates": [ 137.50277715526326, 35.493574620859995 ] } },
{ "type": "Feature", "properties": { "内容": "美濃市立美濃病院訪問看護ステーション清流【訪問看護】岐阜県美濃市中央４丁目３番地", "url": "https://www.kaigokensaku.mhlw.go.jp/21/index.php?action_kouhyou_detail_004_kani=true&JigyosyoCd=2160390015-00&ServiceCd=130&Type=search", "url2": "https://minohospital.jp/" }, "geometry": { "type": "Point", "coordinates": [ 136.9012156, 35.5391091 ] } },
{ "type": "Feature", "properties": { "内容": "訪問看護ステーションてとてみずなみ【訪問看護】岐阜県瑞浪市薬師町１丁目１０第一美樹ハイツ２０５号", "url": "https://www.kaigokensaku.mhlw.go.jp/21/index.php?action_kouhyou_detail_004_kani=true&JigyosyoCd=2161690058-00&ServiceCd=130&Type=search", "url2": "http://plus1one.jp/tetote-mizunami/" }, "geometry": { "type": "Point", "coordinates": [ 137.235617499999989, 35.3629187 ] } },
{ "type": "Feature", "properties": { "内容": "瑞岐会老人訪問看護ステーション【訪問看護】岐阜県瑞浪市稲津町萩原１番地", "url": "https://www.kaigokensaku.mhlw.go.jp/21/index.php?action_kouhyou_detail_004_kani=true&JigyosyoCd=2161690017-00&ServiceCd=130&Type=search", "url2": "http://www.hizashi.jp" }, "geometry": { "type": "Point", "coordinates": [ 137.274412, 35.3539559 ] } },
{ "type": "Feature", "properties": { "内容": "心音ケアセンター瑞浪【訪問看護】岐阜県瑞浪市樽上町1-45-4", "url": "https://www.kaigokensaku.mhlw.go.jp/21/index.php?action_kouhyou_detail_004_kani=true&JigyosyoCd=2161690041-00&ServiceCd=130&Type=search", "url2": "http://www.weecs.net" }, "geometry": { "type": "Point", "coordinates": [ 137.253725006255763, 35.361087392366315 ] } },
{ "type": "Feature", "properties": { "内容": "ナガヤ　訪問看護ステーション【訪問看護】岐阜県瑞浪市和合町1-94", "url": "https://www.kaigokensaku.mhlw.go.jp/21/index.php?action_kouhyou_detail_004_kani=true&JigyosyoCd=2161690066-00&ServiceCd=130&Type=search", "url2": "https://yugengaisha-nagaya.com/" }, "geometry": { "type": "Point", "coordinates": [ 137.223921974204984, 35.362881474698604 ] } },
{ "type": "Feature", "properties": { "内容": "つむぐ訪問看護ステーション【訪問看護】岐阜県瑞浪市北小田町2丁目134瑞穂第3ビル２F東", "url": "https://www.kaigokensaku.mhlw.go.jp/21/index.php?action_kouhyou_detail_004_kani=true&JigyosyoCd=2161690074-00&ServiceCd=130&Type=search", "url2": "tsumugucare.com" }, "geometry": { "type": "Point", "coordinates": [ 137.2440324, 35.3578617 ] } },
{ "type": "Feature", "properties": { "内容": "訪問看護ステーション　あいず【訪問看護】岐阜県瑞浪市寺河戸町896-15", "url": "https://www.kaigokensaku.mhlw.go.jp/21/index.php?action_kouhyou_detail_004_kani=true&JigyosyoCd=2161690082-00&ServiceCd=130&Type=search", "url2": null }, "geometry": { "type": "Point", "coordinates": [ 137.250314, 35.367653 ] } },
{ "type": "Feature", "properties": { "内容": "訪問看護ステーション仁瑞浪【訪問看護】岐阜県瑞浪市薬師町４丁目３７－２", "url": "https://www.kaigokensaku.mhlw.go.jp/21/index.php?action_kouhyou_detail_004_kani=true&JigyosyoCd=2161690033-00&ServiceCd=130&Type=search", "url2": "https://ilife-llc.jimdofree.com/" }, "geometry": { "type": "Point", "coordinates": [ 137.228042172835359, 35.362906623890844 ] } },
{ "type": "Feature", "properties": { "内容": "訪問看護ステーション　なないろ【訪問看護】岐阜県羽島市竹鼻町狐穴1129番地", "url": "https://www.kaigokensaku.mhlw.go.jp/21/index.php?action_kouhyou_detail_004_kani=true&JigyosyoCd=2160490070-00&ServiceCd=130&Type=search", "url2": "https://atcompany.jp/skcompanyrecruit/" }, "geometry": { "type": "Point", "coordinates": [ 136.714296909339907, 35.321323688489841 ] } },
{ "type": "Feature", "properties": { "内容": "訪問看護ステーション青【訪問看護】岐阜県羽島市足近町6丁目430番地", "url": "https://www.kaigokensaku.mhlw.go.jp/21/index.php?action_kouhyou_detail_004_kani=true&JigyosyoCd=2160490146-00&ServiceCd=130&Type=search", "url2": "https://ao-kango.com/" }, "geometry": { "type": "Point", "coordinates": [ 136.7276594, 35.3473358 ] } },
{ "type": "Feature", "properties": { "内容": "笑楽乃郷訪問看護ステーション【訪問看護】岐阜県羽島市正木町曲利750番地5", "url": "https://www.kaigokensaku.mhlw.go.jp/21/index.php?action_kouhyou_detail_004_kani=true&JigyosyoCd=2160490104-00&ServiceCd=130&Type=search", "url2": null }, "geometry": { "type": "Point", "coordinates": [ 136.7202958, 35.3277832 ] } },
{ "type": "Feature", "properties": { "内容": "羽島市医師会訪問看護ステーション【訪問看護】岐阜県羽島市竹鼻町狐穴川口719-1", "url": "https://www.kaigokensaku.mhlw.go.jp/21/index.php?action_kouhyou_detail_004_kani=true&JigyosyoCd=2160490021-00&ServiceCd=130&Type=search", "url2": "http://www.hasima-city.gifu.med.or.jp" }, "geometry": { "type": "Point", "coordinates": [ 136.708693567984028, 35.32387816028065 ] } },
{ "type": "Feature", "properties": { "内容": "訪問看護ステーション　ママーズ【訪問看護】岐阜県羽島市小熊町島2丁目102番地1", "url": "https://www.kaigokensaku.mhlw.go.jp/21/index.php?action_kouhyou_detail_004_kani=true&JigyosyoCd=2160490039-00&ServiceCd=130&Type=search", "url2": "http://hashimakikaku.com" }, "geometry": { "type": "Point", "coordinates": [ 136.706957099999954, 35.3338253 ] } },
{ "type": "Feature", "properties": { "内容": "花の木訪問看護ステーション【訪問看護】岐阜県羽島市正木町不破一色301番地4", "url": "https://www.kaigokensaku.mhlw.go.jp/21/index.php?action_kouhyou_detail_004_kani=true&JigyosyoCd=2160490054-00&ServiceCd=130&Type=search", "url2": "www.first-you.com/hananokistation" }, "geometry": { "type": "Point", "coordinates": [ 136.722869, 35.3315537 ] } },
{ "type": "Feature", "properties": { "内容": "喫茶去訪問看護ステーションほっつ【訪問看護】岐阜県羽島市堀津町前谷85", "url": "https://www.kaigokensaku.mhlw.go.jp/21/index.php?action_kouhyou_detail_004_kani=true&JigyosyoCd=2160490062-00&ServiceCd=130&Type=search", "url2": null }, "geometry": { "type": "Point", "coordinates": [ 136.675328997346213, 35.303674408356699 ] } },
{ "type": "Feature", "properties": { "内容": "にじぞら訪問看護ステーション【訪問看護】岐阜県羽島市足近町5丁目579—1アスカA棟105", "url": "https://www.kaigokensaku.mhlw.go.jp/21/index.php?action_kouhyou_detail_004_kani=true&JigyosyoCd=2160490088-00&ServiceCd=130&Type=search", "url2": "https://sakasaniji.com" }, "geometry": { "type": "Point", "coordinates": [ 136.710562733862872, 35.33263943680641 ] } },
{ "type": "Feature", "properties": { "内容": "FIKA訪問看護リハビリステーション【訪問看護】岐阜県羽島市竹鼻町錦町１０うらら504号", "url": "https://www.kaigokensaku.mhlw.go.jp/21/index.php?action_kouhyou_detail_004_kani=true&JigyosyoCd=2160490096-00&ServiceCd=130&Type=search", "url2": "https://www.fika.farm/" }, "geometry": { "type": "Point", "coordinates": [ 136.694733453844833, 35.322632772865902 ] } },
{ "type": "Feature", "properties": { "内容": "ファミリア訪問看護ステーション【訪問看護】岐阜県羽島市竹鼻町丸の内十丁目72番地5", "url": "https://www.kaigokensaku.mhlw.go.jp/21/index.php?action_kouhyou_detail_004_kani=true&JigyosyoCd=2160490120-00&ServiceCd=130&Type=search", "url2": "https://kurashitokaigo.jp" }, "geometry": { "type": "Point", "coordinates": [ 136.695988587276076, 35.328232521993705 ] } },
{ "type": "Feature", "properties": { "内容": "訪問看護ステーションあいず【訪問看護】岐阜県恵那市大井町1763番地14", "url": "https://www.kaigokensaku.mhlw.go.jp/21/index.php?action_kouhyou_detail_004_kani=true&JigyosyoCd=2161790197-00&ServiceCd=130&Type=search", "url2": null }, "geometry": { "type": "Point", "coordinates": [ 137.414083799999986, 35.4617626 ] } },
{ "type": "Feature", "properties": { "内容": "「結い」訪問看護ステーション【訪問看護】岐阜県恵那市武並町藤1929-1藤の里「結い」デイサービス内", "url": "https://www.kaigokensaku.mhlw.go.jp/21/index.php?action_kouhyou_detail_004_kani=true&JigyosyoCd=2161790205-00&ServiceCd=130&Type=search", "url2": null }, "geometry": { "type": "Point", "coordinates": [ 137.3215251, 35.4575448 ] } },
{ "type": "Feature", "properties": { "内容": "くわのみ訪問看護ステーション【訪問看護】岐阜県恵那市岩村町飯羽間1616", "url": "https://www.kaigokensaku.mhlw.go.jp/21/index.php?action_kouhyou_detail_004_kani=true&JigyosyoCd=2161790049-00&ServiceCd=130&Type=search", "url2": "http://www.kuwanomi-ena.co.jp" }, "geometry": { "type": "Point", "coordinates": [ 137.428976032867951, 35.379322398157974 ] } },
{ "type": "Feature", "properties": { "内容": "こころ訪問看護ステーション【訪問看護】岐阜県恵那市東野１２１２－４ハートヴィレッジ東野", "url": "https://www.kaigokensaku.mhlw.go.jp/21/index.php?action_kouhyou_detail_004_kani=true&JigyosyoCd=2161790064-00&ServiceCd=130&Type=search", "url2": "http://www.keiyu-kai.com/" }, "geometry": { "type": "Point", "coordinates": [ 137.428951500000039, 35.4461843 ] } },
{ "type": "Feature", "properties": { "内容": "訪問看護ステーション　シエント【訪問看護】岐阜県恵那市大井町２２２０番地１", "url": "https://www.kaigokensaku.mhlw.go.jp/21/index.php?action_kouhyou_detail_004_kani=true&JigyosyoCd=2161790072-00&ServiceCd=130&Type=search", "url2": "http://www.ciento100ena.co.jp/" }, "geometry": { "type": "Point", "coordinates": [ 137.435515050814843, 35.459695948862382 ] } },
{ "type": "Feature", "properties": { "内容": "訪問看護ステーション　リアン【訪問看護】岐阜県恵那市長島町中野8－4篠原歯科ビル１階", "url": "https://www.kaigokensaku.mhlw.go.jp/21/index.php?action_kouhyou_detail_004_kani=true&JigyosyoCd=2161790080-00&ServiceCd=130&Type=search", "url2": "http://seseragi-sato.com/" }, "geometry": { "type": "Point", "coordinates": [ 137.41278, 35.4465699 ] } },
{ "type": "Feature", "properties": { "内容": "ウィング訪問看護ステーション【訪問看護】岐阜県恵那市岩村町２４５３－５ハートウィング　３階", "url": "https://www.kaigokensaku.mhlw.go.jp/21/index.php?action_kouhyou_detail_004_kani=true&JigyosyoCd=2161790098-00&ServiceCd=130&Type=search", "url2": "http://www.keiyu-kai.com/" }, "geometry": { "type": "Point", "coordinates": [ 137.42810040121708, 35.368418176197451 ] } },
{ "type": "Feature", "properties": { "内容": "訪問看護ステーション中部【訪問看護】岐阜県恵那市長島町中野1216-8", "url": "https://www.kaigokensaku.mhlw.go.jp/21/index.php?action_kouhyou_detail_004_kani=true&JigyosyoCd=2161790106-00&ServiceCd=130&Type=search", "url2": "https://chubu-gpf.or.jp/nursingcare/" }, "geometry": { "type": "Point", "coordinates": [ 137.394844381614689, 35.455806537081479 ] } },
{ "type": "Feature", "properties": { "内容": "市立恵那病院訪問看護ステーション【訪問看護】岐阜県恵那市大井町２７２５番地", "url": "https://www.kaigokensaku.mhlw.go.jp/21/index.php?action_kouhyou_detail_004_kani=true&JigyosyoCd=2161790114-00&ServiceCd=130&Type=search", "url2": "https://www.enahosp.jp/" }, "geometry": { "type": "Point", "coordinates": [ 137.397101300000031, 35.4655617 ] } },
{ "type": "Feature", "properties": { "内容": "あおぞら訪問看護ステーション【訪問看護】岐阜県恵那市大井町２６０１番地１５２－A", "url": "https://www.kaigokensaku.mhlw.go.jp/21/index.php?action_kouhyou_detail_004_kani=true&JigyosyoCd=2161790130-00&ServiceCd=130&Type=search", "url2": null }, "geometry": { "type": "Point", "coordinates": [ 137.417241102267639, 35.470423381871754 ] } },
{ "type": "Feature", "properties": { "内容": "みんなのテラス訪問看護ステーション【訪問看護】岐阜県恵那市明智町大田字新地868-8", "url": "https://www.kaigokensaku.mhlw.go.jp/21/index.php?action_kouhyou_detail_004_kani=true&JigyosyoCd=2161790155-00&ServiceCd=130&Type=search", "url2": "http://ikiiki-foryou.co.jp" }, "geometry": { "type": "Point", "coordinates": [ 137.361300280682912, 35.304379565414258 ] } },
{ "type": "Feature", "properties": { "内容": "かみやはぎ訪問看護ステーション【訪問看護】岐阜県恵那市上矢作町3107-8", "url": "https://www.kaigokensaku.mhlw.go.jp/21/index.php?action_kouhyou_detail_004_kani=true&JigyosyoCd=2161790031-00&ServiceCd=130&Type=search", "url2": null }, "geometry": { "type": "Point", "coordinates": [ 137.4964096, 35.2995521 ] } },
{ "type": "Feature", "properties": { "内容": "Ｋａｎｅｋｕ訪問看護ステーション【訪問看護】岐阜県恵那市大井町1202-4アベニュービル北館2F", "url": "https://www.kaigokensaku.mhlw.go.jp/21/index.php?action_kouhyou_detail_004_kani=true&JigyosyoCd=2161790213-00&ServiceCd=130&Type=search", "url2": "https://www．kaneku.com" }, "geometry": { "type": "Point", "coordinates": [ 137.4198806, 35.4551195 ] } },
{ "type": "Feature", "properties": { "内容": "ケアリール訪問看護ステーション　あじさい【訪問看護】岐阜県美濃加茂市あじさいヶ丘3-10-1-1", "url": "https://www.kaigokensaku.mhlw.go.jp/21/index.php?action_kouhyou_detail_004_kani=true&JigyosyoCd=2161290131-00&ServiceCd=130&Type=search", "url2": "https://niceman-care.com/" }, "geometry": { "type": "Point", "coordinates": [ 137.0064329, 35.4577659 ] } },
{ "type": "Feature", "properties": { "内容": "訪問看護さわやかステーション【訪問看護】岐阜県美濃加茂市下米田町東栃井81-3", "url": "https://www.kaigokensaku.mhlw.go.jp/21/index.php?action_kouhyou_detail_004_kani=true&JigyosyoCd=2161290016-00&ServiceCd=130&Type=search", "url2": "http://www.jikeikai-sawayaka.jp/" }, "geometry": { "type": "Point", "coordinates": [ 137.065739300000018, 35.477438 ] } },
{ "type": "Feature", "properties": { "内容": "つるかめ訪問看護ステーション【訪問看護】岐阜県美濃加茂市太田町２８５５番地１", "url": "https://www.kaigokensaku.mhlw.go.jp/21/index.php?action_kouhyou_detail_004_kani=true&JigyosyoCd=2161290024-00&ServiceCd=130&Type=search", "url2": "https://www.ohta-hospital.jp/" }, "geometry": { "type": "Point", "coordinates": [ 137.014795400000025, 35.439896 ] } },
{ "type": "Feature", "properties": { "内容": "さくら訪問看護ステーション【訪問看護】岐阜県美濃加茂市前平町1丁目100－1", "url": "https://www.kaigokensaku.mhlw.go.jp/21/index.php?action_kouhyou_detail_004_kani=true&JigyosyoCd=2161290032-00&ServiceCd=130&Type=search", "url2": "https://www.hayasi-clinic.org" }, "geometry": { "type": "Point", "coordinates": [ 137.00718213743437, 35.4517758481717 ] } },
{ "type": "Feature", "properties": { "内容": "ケアフル訪問看護リハビリステーション【訪問看護】岐阜県美濃加茂市川合町2丁目7-21", "url": "https://www.kaigokensaku.mhlw.go.jp/21/index.php?action_kouhyou_detail_004_kani=true&JigyosyoCd=2161290057-00&ServiceCd=130&Type=search", "url2": "http://care-ful.jp/" }, "geometry": { "type": "Point", "coordinates": [ 137.04583699238745, 35.446999595817736 ] } },
{ "type": "Feature", "properties": { "内容": "のぞみの丘訪問看護ステーション【訪問看護】岐阜県美濃加茂市蜂屋町上蜂屋3555", "url": "https://www.kaigokensaku.mhlw.go.jp/21/index.php?action_kouhyou_detail_004_kani=true&JigyosyoCd=2161290065-00&ServiceCd=130&Type=search", "url2": "http://www.minokamo.or.jp" }, "geometry": { "type": "Point", "coordinates": [ 137.013492199999973, 35.4543188 ] } },
{ "type": "Feature", "properties": { "内容": "かぐら訪問看護リハビリ【訪問看護】岐阜県美濃加茂市太田町2167番地2階", "url": "https://www.kaigokensaku.mhlw.go.jp/21/index.php?action_kouhyou_detail_004_kani=true&JigyosyoCd=2161290107-00&ServiceCd=130&Type=search", "url2": "https://kagura-n.jp" }, "geometry": { "type": "Point", "coordinates": [ 137.011471301852396, 35.4424083 ] } },
{ "type": "Feature", "properties": { "内容": "訪問看護ステーションきずな【訪問看護】岐阜県美濃加茂市加茂野町加茂野字南野820番7", "url": "https://www.kaigokensaku.mhlw.go.jp/21/index.php?action_kouhyou_detail_004_kani=true&JigyosyoCd=2161290115-00&ServiceCd=130&Type=search", "url2": "https://www.lifeterrace-gifu.com" }, "geometry": { "type": "Point", "coordinates": [ 136.981724899999989, 35.4546955 ] } },
{ "type": "Feature", "properties": { "内容": "本郷ふふ訪問看護リハビリステーション【訪問看護】岐阜県美濃加茂市新池町2丁目6番17号本郷ふふ訪問看護リハビリステーション", "url": "https://www.kaigokensaku.mhlw.go.jp/21/index.php?action_kouhyou_detail_004_kani=true&JigyosyoCd=2161290123-00&ServiceCd=130&Type=search", "url2": "https://hongofufu-houkan.com/" }, "geometry": { "type": "Point", "coordinates": [ 137.028375, 35.4535627 ] } },
{ "type": "Feature", "properties": { "内容": "訪問看護スマイルナーシング美濃加茂【訪問看護】岐阜県美濃加茂市加茂野町加茂野821-2", "url": "https://www.kaigokensaku.mhlw.go.jp/21/index.php?action_kouhyou_detail_004_kani=true&JigyosyoCd=2161290099-00&ServiceCd=130&Type=search", "url2": "https://smile-nursing.jp/guide/minokamo/" }, "geometry": { "type": "Point", "coordinates": [ 136.980421454492216, 35.449288401790483 ] } },
{ "type": "Feature", "properties": { "内容": "東濃訪問看護ステーション【訪問看護】岐阜県土岐市肥田浅野笠神町2-1", "url": "https://www.kaigokensaku.mhlw.go.jp/21/index.php?action_kouhyou_detail_004_kani=true&JigyosyoCd=2161890013-00&ServiceCd=130&Type=search", "url2": "http://www.brain-gr.com" }, "geometry": { "type": "Point", "coordinates": [ 137.199941800000033, 35.3615469 ] } },
{ "type": "Feature", "properties": { "内容": "訪問看護ステーション高井【訪問看護】岐阜県土岐市妻木町1657", "url": "https://www.kaigokensaku.mhlw.go.jp/21/index.php?action_kouhyou_detail_004_kani=true&JigyosyoCd=2161890088-00&ServiceCd=130&Type=search", "url2": "https://takai-hp.jp" }, "geometry": { "type": "Point", "coordinates": [ 137.1914836, 35.3162997 ] } },
{ "type": "Feature", "properties": { "内容": "ケアリール訪問看護ステーション　土岐【訪問看護】岐阜県土岐市泉町大富2014-1", "url": "https://www.kaigokensaku.mhlw.go.jp/21/index.php?action_kouhyou_detail_004_kani=true&JigyosyoCd=2161890096-00&ServiceCd=130&Type=search", "url2": "https://niceman-care.com/" }, "geometry": { "type": "Point", "coordinates": [ 137.191486690876758, 35.378460061347283 ] } },
{ "type": "Feature", "properties": { "内容": "訪問看護ステーション優【訪問看護】岐阜県土岐市駄知町1041-5", "url": "https://www.kaigokensaku.mhlw.go.jp/21/index.php?action_kouhyou_detail_004_kani=true&JigyosyoCd=2161890062-00&ServiceCd=130&Type=search", "url2": "http://www.hinatabokko-sato.com/" }, "geometry": { "type": "Point", "coordinates": [ 137.2350739, 35.3342179 ] } },
{ "type": "Feature", "properties": { "内容": "訪問看護ステーション　RIB【訪問看護】岐阜県土岐市泉町大富215番地の10", "url": "https://www.kaigokensaku.mhlw.go.jp/21/index.php?action_kouhyou_detail_004_kani=true&JigyosyoCd=2161890070-00&ServiceCd=130&Type=search", "url2": null }, "geometry": { "type": "Point", "coordinates": [ 137.1889873, 35.3633359 ] } },
{ "type": "Feature", "properties": { "内容": "社会医療法人聖泉会　聖十字訪問看護ステーションきらり【訪問看護】岐阜県土岐市泉町大富1527-1ササキビルB棟6F", "url": "https://www.kaigokensaku.mhlw.go.jp/21/index.php?action_kouhyou_detail_004_kani=true&JigyosyoCd=2161890104-00&ServiceCd=130&Type=search", "url2": "https://holy-cross-h.com/" }, "geometry": { "type": "Point", "coordinates": [ 137.1846429, 35.3602778 ] } },
{ "type": "Feature", "properties": { "内容": "ほうもんかんごすてーしょんみんとかがみはら【訪問看護】岐阜県各務原市鵜沼東町2−161−1エムズエリア103号", "url": "https://www.kaigokensaku.mhlw.go.jp/21/index.php?action_kouhyou_detail_004_kani=true&JigyosyoCd=2160590325-00&ServiceCd=130&Type=search", "url2": "https://le-nursemint.com/" }, "geometry": { "type": "Point", "coordinates": [ 136.940864096295144, 35.403431897515446 ] } },
{ "type": "Feature", "properties": { "内容": "Ｆｏｏｔａｇｅ訪問看護ステーション各務原【訪問看護】岐阜県各務原市那加前洞新町４丁目１８２2F", "url": "https://www.kaigokensaku.mhlw.go.jp/21/index.php?action_kouhyou_detail_004_kani=true&JigyosyoCd=2160590341-00&ServiceCd=130&Type=search", "url2": "https://www.wordpressgifu.com/" }, "geometry": { "type": "Point", "coordinates": [ 136.8411872, 35.4072133 ] } },
{ "type": "Feature", "properties": { "内容": "訪問看護ステーション　レリーフ各務原【訪問看護】岐阜県各務原市蘇原東栄町1丁目49番2", "url": "https://www.kaigokensaku.mhlw.go.jp/21/index.php?action_kouhyou_detail_004_kani=true&JigyosyoCd=2160590358-00&ServiceCd=130&Type=search", "url2": "https://www.couleurcourt-okazaki.com/" }, "geometry": { "type": "Point", "coordinates": [ 136.874561699999987, 35.410911 ] } },
{ "type": "Feature", "properties": { "内容": "訪問看護ステーションひまわり各務原東店【訪問看護】岐阜県各務原市鵜沼西町3丁目161-1", "url": "https://www.kaigokensaku.mhlw.go.jp/21/index.php?action_kouhyou_detail_004_kani=true&JigyosyoCd=2160590366-00&ServiceCd=130&Type=search", "url2": "https://likeoneself.co.jp/" }, "geometry": { "type": "Point", "coordinates": [ 136.933818513491786, 35.400573673460606 ] } },
{ "type": "Feature", "properties": { "内容": "24時間訪問介護看護あすか【訪問看護】岐阜県各務原市鵜沼山崎町6-8-2", "url": "https://www.kaigokensaku.mhlw.go.jp/21/index.php?action_kouhyou_detail_004_kani=true&JigyosyoCd=2160590374-00&ServiceCd=130&Type=search", "url2": "https://www.seidoukai.or.jp/facility-detail/visit-nursing/" }, "geometry": { "type": "Point", "coordinates": [ 136.946746100000013, 35.399606 ] } },
{ "type": "Feature", "properties": { "内容": "訪問看護ステーションからふる各務原【訪問看護】岐阜県各務原市那加前洞新町４丁目132番地", "url": "https://www.kaigokensaku.mhlw.go.jp/21/index.php?action_kouhyou_detail_004_kani=true&JigyosyoCd=2160590291-00&ServiceCd=130&Type=search", "url2": "https://colorful-garden.jp/" }, "geometry": { "type": "Point", "coordinates": [ 136.8416329, 35.4079074 ] } },
{ "type": "Feature", "properties": { "内容": "フェニックス在宅支援クリニック【訪問看護】岐阜県各務原市鵜沼各務原町6丁目50番地", "url": "https://www.kaigokensaku.mhlw.go.jp/21/index.php?action_kouhyou_detail_004_kani=true&JigyosyoCd=2110502420-00&ServiceCd=130&Type=search", "url2": "http://phoenix-g.jp" }, "geometry": { "type": "Point", "coordinates": [ 136.909432, 35.3994852 ] } },
{ "type": "Feature", "properties": { "内容": "有限会社訪問看護あみステーション【訪問看護】岐阜県各務原市蘇原瑞雲町３丁目３１番地の１", "url": "https://www.kaigokensaku.mhlw.go.jp/21/index.php?action_kouhyou_detail_004_kani=true&JigyosyoCd=2160590051-00&ServiceCd=130&Type=search", "url2": "http://www.ami-station.jp/" }, "geometry": { "type": "Point", "coordinates": [ 136.870683900000017, 35.40673 ] } },
{ "type": "Feature", "properties": { "内容": "訪問看護ステーションマリアの丘【訪問看護】岐阜県各務原市下切町１丁目１番地", "url": "https://www.kaigokensaku.mhlw.go.jp/21/index.php?action_kouhyou_detail_004_kani=true&JigyosyoCd=2160590093-00&ServiceCd=130&Type=search", "url2": "http://www.marianooka.info" }, "geometry": { "type": "Point", "coordinates": [ 136.867004584787992, 35.385300487985994 ] } },
{ "type": "Feature", "properties": { "内容": "訪問看護ステーション笑顔いちばん【訪問看護】岐阜県各務原市那加雄飛ケ丘町18-45", "url": "https://www.kaigokensaku.mhlw.go.jp/21/index.php?action_kouhyou_detail_004_kani=true&JigyosyoCd=2160590101-00&ServiceCd=130&Type=search", "url2": "https://egao1ban.jp/" }, "geometry": { "type": "Point", "coordinates": [ 136.849591205662392, 35.402551050490111 ] } },
{ "type": "Feature", "properties": { "内容": "ゆかりの郷訪問看護ステーション花園【訪問看護】岐阜県各務原市蘇原花園町3丁目59番地１", "url": "https://www.kaigokensaku.mhlw.go.jp/21/index.php?action_kouhyou_detail_004_kani=true&JigyosyoCd=2160590143-00&ServiceCd=130&Type=search", "url2": "http://yutaka-ms.jp" }, "geometry": { "type": "Point", "coordinates": [ 136.851066299999957, 35.4104481 ] } },
{ "type": "Feature", "properties": { "内容": "すみれ訪問看護【訪問看護】岐阜県各務原市那加不動丘1丁目16番地1コーポ桜ケ丘C", "url": "https://www.kaigokensaku.mhlw.go.jp/21/index.php?action_kouhyou_detail_004_kani=true&JigyosyoCd=2160590176-00&ServiceCd=130&Type=search", "url2": null }, "geometry": { "type": "Point", "coordinates": [ 136.846496649353071, 35.407751973304336 ] } },
{ "type": "Feature", "properties": { "内容": "サフィール　訪問看護ステーション【訪問看護】岐阜県各務原市蘇原新栄町１丁目25番地４", "url": "https://www.kaigokensaku.mhlw.go.jp/21/index.php?action_kouhyou_detail_004_kani=true&JigyosyoCd=2160590184-00&ServiceCd=130&Type=search", "url2": null }, "geometry": { "type": "Point", "coordinates": [ 136.8639511, 35.4092364 ] } },
{ "type": "Feature", "properties": { "内容": "good訪看リハビリステーション【訪問看護】岐阜県各務原市各務おがせ町9丁目209番地1コーポおがせ105号", "url": "https://www.kaigokensaku.mhlw.go.jp/21/index.php?action_kouhyou_detail_004_kani=true&JigyosyoCd=2160590200-00&ServiceCd=130&Type=search", "url2": "https://handscaregroup.com" }, "geometry": { "type": "Point", "coordinates": [ 136.911058951525661, 35.40503891382383 ] } },
{ "type": "Feature", "properties": { "内容": "みんなのかかりつけ訪問看護ステーション鵜沼【訪問看護】岐阜県各務原市鵜沼南町4丁目12番地１長屋ハウスEast", "url": "https://www.kaigokensaku.mhlw.go.jp/21/index.php?action_kouhyou_detail_004_kani=true&JigyosyoCd=2160590218-00&ServiceCd=130&Type=search", "url2": "https://kakaritsuke.co.jp/" }, "geometry": { "type": "Point", "coordinates": [ 136.939032700000013, 35.3942746 ] } },
{ "type": "Feature", "properties": { "内容": "訪問看護ステーションひまわり【訪問看護】岐阜県各務原市那加新加納町3350-1サンロレンツォ3A", "url": "https://www.kaigokensaku.mhlw.go.jp/21/index.php?action_kouhyou_detail_004_kani=true&JigyosyoCd=2160590226-00&ServiceCd=130&Type=search", "url2": "https://likeoneself.co.jp" }, "geometry": { "type": "Point", "coordinates": [ 136.8239594, 35.3991354 ] } },
{ "type": "Feature", "properties": { "内容": "訪問看護ステーションすずらん【訪問看護】岐阜県各務原市那加門前町3丁目39番地シャトー88　２D", "url": "https://www.kaigokensaku.mhlw.go.jp/21/index.php?action_kouhyou_detail_004_kani=true&JigyosyoCd=2160590267-00&ServiceCd=130&Type=search", "url2": "https://suzuran-group.com/houmonkango/" }, "geometry": { "type": "Point", "coordinates": [ 136.8441718, 35.399345 ] } },
{ "type": "Feature", "properties": { "内容": "訪問看護ステーションよもぎ【訪問看護】岐阜県各務原市蘇原希望町1-11-1", "url": "https://www.kaigokensaku.mhlw.go.jp/21/index.php?action_kouhyou_detail_004_kani=true&JigyosyoCd=2160590283-00&ServiceCd=130&Type=search", "url2": "https://www.omochi-houkan.com/" }, "geometry": { "type": "Point", "coordinates": [ 136.855583, 35.4027705 ] } },
{ "type": "Feature", "properties": { "内容": "訪問看護ステーションネロリ【訪問看護】岐阜県各務原市川島緑町1丁目15EAST　PARK　PLACE102", "url": "https://www.kaigokensaku.mhlw.go.jp/21/index.php?action_kouhyou_detail_004_kani=true&JigyosyoCd=2160590309-00&ServiceCd=130&Type=search", "url2": "www.cocon-group.com" }, "geometry": { "type": "Point", "coordinates": [ 136.8208349209647, 35.364715946080274 ] } },
{ "type": "Feature", "properties": { "内容": "訪問看護　あさがお【訪問看護】岐阜県各務原市川島小網町1900-75フィアス小網　208", "url": "https://www.kaigokensaku.mhlw.go.jp/21/index.php?action_kouhyou_detail_004_kani=true&JigyosyoCd=2160590333-00&ServiceCd=130&Type=search", "url2": null }, "geometry": { "type": "Point", "coordinates": [ 136.8497899, 35.3687682 ] } },
{ "type": "Feature", "properties": { "内容": "訪問看護ステーションはじまり【訪問看護】岐阜県各務原市那加桐野町1-142マンションビクトリー703", "url": "https://www.kaigokensaku.mhlw.go.jp/21/index.php?action_kouhyou_detail_004_kani=true&JigyosyoCd=2160590382-00&ServiceCd=130&Type=search", "url2": null }, "geometry": { "type": "Point", "coordinates": [ 136.8174139, 35.426262 ] } },
{ "type": "Feature", "properties": { "内容": "訪問看護ステーションもえぎ【訪問看護】岐阜県各務原市鵜沼朝日町２丁目278-13", "url": "https://www.kaigokensaku.mhlw.go.jp/21/index.php?action_kouhyou_detail_004_kani=true&JigyosyoCd=2160590192-00&ServiceCd=130&Type=search", "url2": "https://r.goope.jp/houmonnmoegi" }, "geometry": { "type": "Point", "coordinates": [ 136.90124900600199, 35.389442544974735 ] } },
{ "type": "Feature", "properties": { "内容": "carelife訪問看護ステーション【訪問看護】岐阜県各務原市蘇原村雨町4丁目31番地1", "url": "https://www.kaigokensaku.mhlw.go.jp/21/index.php?action_kouhyou_detail_004_kani=true&JigyosyoCd=2160590317-00&ServiceCd=130&Type=search", "url2": null }, "geometry": { "type": "Point", "coordinates": [ 136.8587555, 35.4074616 ] } },
{ "type": "Feature", "properties": { "内容": "心音ケアセンター各務原【訪問看護】岐阜県各務原市那加東亜町93-11", "url": "https://www.kaigokensaku.mhlw.go.jp/21/index.php?action_kouhyou_detail_004_kani=true&JigyosyoCd=2160590135-00&ServiceCd=130&Type=search", "url2": "http://www.weecs.net" }, "geometry": { "type": "Point", "coordinates": [ 136.835715599999958, 35.4011493 ] } },
{ "type": "Feature", "properties": { "内容": "訪問看護ステーションむすびケア【訪問看護】岐阜県可児市川合2268-5ハッピータウン4号棟", "url": "https://www.kaigokensaku.mhlw.go.jp/21/index.php?action_kouhyou_detail_004_kani=true&JigyosyoCd=2163190123-00&ServiceCd=130&Type=search", "url2": "https://www.musubicare.net/" }, "geometry": { "type": "Point", "coordinates": [ 137.05777361355166, 35.442120968389915 ] } },
{ "type": "Feature", "properties": { "内容": "ほむくる訪問看護ステーション【訪問看護】岐阜県可児市土田1215-4メゾン鳩吹301", "url": "https://www.kaigokensaku.mhlw.go.jp/21/index.php?action_kouhyou_detail_004_kani=true&JigyosyoCd=2163190222-00&ServiceCd=130&Type=search", "url2": "https://0n41q.hp.peraichi.com/" }, "geometry": { "type": "Point", "coordinates": [ 137.0146703, 35.4186233 ] } },
{ "type": "Feature", "properties": { "内容": "医療法人　馨仁会　藤掛病院　訪問看護センター【訪問看護】岐阜県可児市広見876", "url": "https://www.kaigokensaku.mhlw.go.jp/21/index.php?action_kouhyou_detail_004_kani=true&JigyosyoCd=2113100156-00&ServiceCd=130&Type=search", "url2": "http://fujikake-hospital.jp/" }, "geometry": { "type": "Point", "coordinates": [ 137.062330346835324, 35.421290402817675 ] } },
{ "type": "Feature", "properties": { "内容": "医療法人純真会あんどうクリニック【訪問看護】岐阜県可児市下恵土３４４０－６７８", "url": "https://www.kaigokensaku.mhlw.go.jp/21/index.php?action_kouhyou_detail_004_kani=true&JigyosyoCd=2113100743-00&ServiceCd=130&Type=search", "url2": "https://www.andoclinic.jp/" }, "geometry": { "type": "Point", "coordinates": [ 137.046939699999939, 35.4252536 ] } },
{ "type": "Feature", "properties": { "内容": "一般社団法人可児医師会立可児訪問看護ステーション【訪問看護】岐阜県可児市広見5丁目20番地可児医師会館", "url": "https://www.kaigokensaku.mhlw.go.jp/21/index.php?action_kouhyou_detail_004_kani=true&JigyosyoCd=2163190016-00&ServiceCd=130&Type=search", "url2": "https://kaniishikai.com/" }, "geometry": { "type": "Point", "coordinates": [ 137.064245446157884, 35.425418245331862 ] } },
{ "type": "Feature", "properties": { "内容": "独立行政法人地域医療機能推進機構可児とうのう病院附属訪問看護ステーション【訪問看護】岐阜県可児市土田1221番地5", "url": "https://www.kaigokensaku.mhlw.go.jp/21/index.php?action_kouhyou_detail_004_kani=true&JigyosyoCd=2163190040-00&ServiceCd=130&Type=search", "url2": "http://kani.jcho.go.jp/" }, "geometry": { "type": "Point", "coordinates": [ 137.01755090000006, 35.4182031 ] } },
{ "type": "Feature", "properties": { "内容": "訪問看護ステーション　えがお【訪問看護】岐阜県可児市下恵土5607", "url": "https://www.kaigokensaku.mhlw.go.jp/21/index.php?action_kouhyou_detail_004_kani=true&JigyosyoCd=2163190107-00&ServiceCd=130&Type=search", "url2": null }, "geometry": { "type": "Point", "coordinates": [ 137.050647410722377, 35.418066605187725 ] } },
{ "type": "Feature", "properties": { "内容": "訪問看護事業所　ゆら【訪問看護】岐阜県可児市広見2367-8", "url": "https://www.kaigokensaku.mhlw.go.jp/21/index.php?action_kouhyou_detail_004_kani=true&JigyosyoCd=2163190115-00&ServiceCd=130&Type=search", "url2": "http://yura-felix.p-kit.com" }, "geometry": { "type": "Point", "coordinates": [ 137.059167796364619, 35.413671282364831 ] } },
{ "type": "Feature", "properties": { "内容": "訪問看護ステーション　陽だまり【訪問看護】岐阜県可児市瀬田508-12階", "url": "https://www.kaigokensaku.mhlw.go.jp/21/index.php?action_kouhyou_detail_004_kani=true&JigyosyoCd=2163190180-00&ServiceCd=130&Type=search", "url2": "www.hokan-hidamari.com" }, "geometry": { "type": "Point", "coordinates": [ 137.081741087696855, 35.425000257340649 ] } },
{ "type": "Feature", "properties": { "内容": "ケアリール訪問看護ステーション川合【訪問看護】岐阜県可児市川合字寺田194-1", "url": "https://www.kaigokensaku.mhlw.go.jp/21/index.php?action_kouhyou_detail_004_kani=true&JigyosyoCd=2163190198-00&ServiceCd=130&Type=search", "url2": "https://niceman-care.com/kaisya" }, "geometry": { "type": "Point", "coordinates": [ 137.061680260466034, 35.439714128530362 ] } },
{ "type": "Feature", "properties": { "内容": "訪問看護リハビリステーションからふるひろみ【訪問看護】岐阜県可児市広見字伊之木1349番1ナーシングホームからふる　ひろみ", "url": "https://www.kaigokensaku.mhlw.go.jp/21/index.php?action_kouhyou_detail_004_kani=true&JigyosyoCd=2163190206-00&ServiceCd=130&Type=search", "url2": "https://colorfulgarden.jp/" }, "geometry": { "type": "Point", "coordinates": [ 137.064953778187544, 35.416370406257577 ] } },
{ "type": "Feature", "properties": { "内容": "LifeUp訪問看護ステーション可児【訪問看護】岐阜県可児市広見615-5", "url": "https://www.kaigokensaku.mhlw.go.jp/21/index.php?action_kouhyou_detail_004_kani=true&JigyosyoCd=2163190230-00&ServiceCd=130&Type=search", "url2": "https://thinkbody.co.jp/" }, "geometry": { "type": "Point", "coordinates": [ 137.0612305, 35.4229777 ] } },
{ "type": "Feature", "properties": { "内容": "ケアリール訪問看護ステーション　瀬田【訪問看護】瀬田465", "url": "https://www.kaigokensaku.mhlw.go.jp/21/index.php?action_kouhyou_detail_004_kani=true&JigyosyoCd=2163190248-00&ServiceCd=130&Type=search", "url2": null }, "geometry": { "type": "Point", "coordinates": [ 137.08366726177556, 35.426190694901031 ] } },
{ "type": "Feature", "properties": { "内容": "よろずや訪問看護ステーション【訪問看護】岐阜県可児市長坂１丁目３５番地", "url": "https://www.kaigokensaku.mhlw.go.jp/21/index.php?action_kouhyou_detail_004_kani=true&JigyosyoCd=2163190156-00&ServiceCd=130&Type=search", "url2": "http://hp.kaipoke.biz/yrt/" }, "geometry": { "type": "Point", "coordinates": [ 137.008097564418023, 35.400465427339114 ] } },
{ "type": "Feature", "properties": { "内容": "訪問看護ステーション　プルメリア【訪問看護】岐阜県可児市今渡1880番地プルメリアⅠ・Ⅱ", "url": "https://www.kaigokensaku.mhlw.go.jp/21/index.php?action_kouhyou_detail_004_kani=true&JigyosyoCd=2163190214-00&ServiceCd=130&Type=search", "url2": "https://home-plumeria.jp/plumeria0102/" }, "geometry": { "type": "Point", "coordinates": [ 137.0377337, 35.4302671 ] } },
{ "type": "Feature", "properties": { "内容": "合同会社GIFUTO【訪問看護】岐阜県山県市伊佐美1235番地2", "url": "https://www.kaigokensaku.mhlw.go.jp/21/index.php?action_kouhyou_detail_004_kani=true&JigyosyoCd=2160890055-00&ServiceCd=130&Type=search", "url2": null }, "geometry": { "type": "Point", "coordinates": [ 136.778782299999989, 35.5339082 ] } },
{ "type": "Feature", "properties": { "内容": "Ｓｕn・サン訪問看護ステーション【訪問看護】岐阜県山県市高富1187-3", "url": "https://www.kaigokensaku.mhlw.go.jp/21/index.php?action_kouhyou_detail_004_kani=true&JigyosyoCd=2160890014-00&ServiceCd=130&Type=search", "url2": "http://www.gihoku.gfkosei.or.jp/b-houmon.html" }, "geometry": { "type": "Point", "coordinates": [ 136.787310299999945, 35.4922113 ] } },
{ "type": "Feature", "properties": { "内容": "みかさ訪問看護ステ－ション【訪問看護】岐阜県山県市高富597番地1みかさ訪問看護ステ－ション", "url": "https://www.kaigokensaku.mhlw.go.jp/21/index.php?action_kouhyou_detail_004_kani=true&JigyosyoCd=2160890030-00&ServiceCd=130&Type=search", "url2": null }, "geometry": { "type": "Point", "coordinates": [ 136.795003088641437, 35.493782322754043 ] } },
{ "type": "Feature", "properties": { "内容": "かりん訪問看護ステーション【訪問看護】岐阜県山県市大森183番地5", "url": "https://www.kaigokensaku.mhlw.go.jp/21/index.php?action_kouhyou_detail_004_kani=true&JigyosyoCd=2160890048-00&ServiceCd=130&Type=search", "url2": "https://www.karin-houmonkango.co.jp/" }, "geometry": { "type": "Point", "coordinates": [ 136.7362626, 35.5183109 ] } },
{ "type": "Feature", "properties": { "内容": "あん訪問看護ステーション【訪問看護】岐阜県瑞穂市稲里376-1アポロタウンB102", "url": "https://www.kaigokensaku.mhlw.go.jp/21/index.php?action_kouhyou_detail_004_kani=true&JigyosyoCd=2163290071-00&ServiceCd=130&Type=search", "url2": "https://www.an-houkan.com" }, "geometry": { "type": "Point", "coordinates": [ 136.678487530318023, 35.388101518094146 ] } },
{ "type": "Feature", "properties": { "内容": "おかげさま訪問看護ステーション【訪問看護】岐阜県瑞穂市古橋1123番地1", "url": "https://www.kaigokensaku.mhlw.go.jp/21/index.php?action_kouhyou_detail_004_kani=true&JigyosyoCd=2163290121-00&ServiceCd=130&Type=search", "url2": "https://okagehoukan.co.jp/overview/" }, "geometry": { "type": "Point", "coordinates": [ 136.6502812, 35.3917543 ] } },
{ "type": "Feature", "properties": { "内容": "まっくびーナースケア岐阜瑞穂【訪問看護】岐阜県瑞穂市古橋字苗代1340-1", "url": "https://www.kaigokensaku.mhlw.go.jp/21/index.php?action_kouhyou_detail_004_kani=true&JigyosyoCd=2163290113-00&ServiceCd=130&Type=search", "url2": "gcgfmzh8888＠gmail.com" }, "geometry": { "type": "Point", "coordinates": [ 136.654844, 35.3925661 ] } },
{ "type": "Feature", "properties": { "内容": "医療法人　清光会　名和内科【訪問看護】岐阜県瑞穂市重里2005", "url": "https://www.kaigokensaku.mhlw.go.jp/21/index.php?action_kouhyou_detail_004_kani=true&JigyosyoCd=2113200238-00&ServiceCd=130&Type=search", "url2": "https://seikohkai.net/" }, "geometry": { "type": "Point", "coordinates": [ 136.6594958091232, 35.416059186798506 ] } },
{ "type": "Feature", "properties": { "内容": "訪問看護ステーション　ハーブ・瑞穂【訪問看護】岐阜県瑞穂市本田166-2", "url": "https://www.kaigokensaku.mhlw.go.jp/21/index.php?action_kouhyou_detail_004_kani=true&JigyosyoCd=2163290030-00&ServiceCd=130&Type=search", "url2": "http://www.taiseikai.jp" }, "geometry": { "type": "Point", "coordinates": [ 136.674124, 35.4157175 ] } },
{ "type": "Feature", "properties": { "内容": "うさぎＳＵＮ訪問看護ステーション【訪問看護】岐阜県瑞穂市古橋1744-5コーポ馬渕2F", "url": "https://www.kaigokensaku.mhlw.go.jp/21/index.php?action_kouhyou_detail_004_kani=true&JigyosyoCd=2163290089-00&ServiceCd=130&Type=search", "url2": "https://www.usagisun-houmon.com" }, "geometry": { "type": "Point", "coordinates": [ 136.656422626983613, 35.384248838583154 ] } },
{ "type": "Feature", "properties": { "内容": "訪問看護ステーションuruoi【訪問看護】岐阜県瑞穂市穂積1446番地1サンマンション203号室", "url": "https://www.kaigokensaku.mhlw.go.jp/21/index.php?action_kouhyou_detail_004_kani=true&JigyosyoCd=2163290022-00&ServiceCd=130&Type=search", "url2": "https://www.ify-inc.jp/" }, "geometry": { "type": "Point", "coordinates": [ 136.6927617, 35.3908819 ] } },
{ "type": "Feature", "properties": { "内容": "看護ステーション　和【訪問看護】岐阜県瑞穂市祖父江２８７番地の１", "url": "https://www.kaigokensaku.mhlw.go.jp/21/index.php?action_kouhyou_detail_004_kani=true&JigyosyoCd=2163290055-00&ServiceCd=130&Type=search", "url2": "https://rizumu0701.com/" }, "geometry": { "type": "Point", "coordinates": [ 136.684791335968043, 35.379162338294385 ] } },
{ "type": "Feature", "properties": { "内容": "アクア本巣訪問看護【訪問看護】岐阜県本巣市政田1383番地1", "url": "https://www.kaigokensaku.mhlw.go.jp/21/index.php?action_kouhyou_detail_004_kani=true&JigyosyoCd=2163490051-00&ServiceCd=130&Type=search", "url2": null }, "geometry": { "type": "Point", "coordinates": [ 136.645074003017015, 35.430471007448261 ] } },
{ "type": "Feature", "properties": { "内容": "訪問看護ステーションれんげ【訪問看護】岐阜県本巣市下真桑670-1", "url": "https://www.kaigokensaku.mhlw.go.jp/21/index.php?action_kouhyou_detail_004_kani=true&JigyosyoCd=2163490044-00&ServiceCd=130&Type=search", "url2": "rengegroup.com" }, "geometry": { "type": "Point", "coordinates": [ 136.6566015, 35.4405731 ] } },
{ "type": "Feature", "properties": { "内容": "訪問看護リハビリステーションアンカー【訪問看護】岐阜県本巣市宗慶72番地18", "url": "https://www.kaigokensaku.mhlw.go.jp/21/index.php?action_kouhyou_detail_004_kani=true&JigyosyoCd=2163490028-00&ServiceCd=130&Type=search", "url2": "https://anchor-company.co.jp/" }, "geometry": { "type": "Point", "coordinates": [ 136.6768529, 35.4303805 ] } },
{ "type": "Feature", "properties": { "内容": "郡上市民病院【訪問看護】岐阜県郡上市八幡町島谷１２６１郡上市民病院", "url": "https://www.kaigokensaku.mhlw.go.jp/21/index.php?action_kouhyou_detail_004_kani=true&JigyosyoCd=2111001091-00&ServiceCd=130&Type=search", "url2": "http://www.gujo-hospital.jp" }, "geometry": { "type": "Point", "coordinates": [ 136.9516026, 35.7473213 ] } },
{ "type": "Feature", "properties": { "内容": "訪問看護ステーション郡上八幡【訪問看護】岐阜県郡上市八幡町旭663番地の6", "url": "https://www.kaigokensaku.mhlw.go.jp/21/index.php?action_kouhyou_detail_004_kani=true&JigyosyoCd=2161090036-00&ServiceCd=130&Type=search", "url2": "http://www.seseragi-r.com" }, "geometry": { "type": "Point", "coordinates": [ 136.993498100000011, 35.7715423 ] } },
{ "type": "Feature", "properties": { "内容": "県北西部地域医療センター国保白鳥病院訪問看護ステーション【訪問看護】岐阜県郡上市白鳥町為真１２０５－１", "url": "https://www.kaigokensaku.mhlw.go.jp/21/index.php?action_kouhyou_detail_004_kani=true&JigyosyoCd=2161090044-00&ServiceCd=130&Type=search", "url2": "https://shirotori-hosp.jp" }, "geometry": { "type": "Point", "coordinates": [ 136.860635799999955, 35.8796524 ] } },
{ "type": "Feature", "properties": { "内容": "訪問看護キャリーオン【訪問看護】岐阜県郡上市大和町剣240番地2", "url": "https://www.kaigokensaku.mhlw.go.jp/21/index.php?action_kouhyou_detail_004_kani=true&JigyosyoCd=2161090051-00&ServiceCd=130&Type=search", "url2": "https://www.carry-on-251210.co.jp" }, "geometry": { "type": "Point", "coordinates": [ 136.898642, 35.8157207 ] } },
{ "type": "Feature", "properties": { "内容": "訪問看護ステーション虹【訪問看護】岐阜県下呂市萩原町西上田神尾垣内８６０番地１", "url": "https://www.kaigokensaku.mhlw.go.jp/21/index.php?action_kouhyou_detail_004_kani=true&JigyosyoCd=2162890053-00&ServiceCd=130&Type=search", "url2": null }, "geometry": { "type": "Point", "coordinates": [ 137.228963039225562, 35.834792164685965 ] } },
{ "type": "Feature", "properties": { "内容": "海津市医師会訪問看護ステーション【訪問看護】岐阜県海津市海津町福江641-2ｾﾋﾟｱB　101", "url": "https://www.kaigokensaku.mhlw.go.jp/21/index.php?action_kouhyou_detail_004_kani=true&JigyosyoCd=2162290015-00&ServiceCd=130&Type=search", "url2": "http://www.kaizu.gifu.med.or.jp/" }, "geometry": { "type": "Point", "coordinates": [ 136.661525498147654, 35.173735205490175 ] } },
{ "type": "Feature", "properties": { "内容": "訪問看護ステーション香和(KAGUWA)【訪問看護】岐阜県海津市南濃町太田72番地1", "url": "https://www.kaigokensaku.mhlw.go.jp/21/index.php?action_kouhyou_detail_004_kani=true&JigyosyoCd=2162290023-00&ServiceCd=130&Type=search", "url2": "http://www.thabto.co.jp/kaguwa/" }, "geometry": { "type": "Point", "coordinates": [ 136.628931599999987, 35.1808825 ] } },
{ "type": "Feature", "properties": { "内容": "訪問看護ステーション　にこにこ【訪問看護】岐阜県海津市海津町平原1866-6", "url": "https://www.kaigokensaku.mhlw.go.jp/21/index.php?action_kouhyou_detail_004_kani=true&JigyosyoCd=2162290031-00&ServiceCd=130&Type=search", "url2": "https://houkan-niconico.com/" }, "geometry": { "type": "Point", "coordinates": [ 136.6460864, 35.2292718 ] } },
{ "type": "Feature", "properties": { "内容": "ひばりクリニック訪問看護ステーション【訪問看護】岐阜県海津市南濃町駒野字寺西469番地の1", "url": "https://www.kaigokensaku.mhlw.go.jp/21/index.php?action_kouhyou_detail_004_kani=true&JigyosyoCd=2162290049-00&ServiceCd=130&Type=search", "url2": "https://www.keiwakai911.com" }, "geometry": { "type": "Point", "coordinates": [ 136.602355057147236, 35.226228096466244 ] } },
{ "type": "Feature", "properties": { "内容": "いろは訪問看護ステーション【訪問看護】岐阜県羽島郡岐南町薬師寺5丁目36番2コーポ水崎302号室", "url": "https://www.kaigokensaku.mhlw.go.jp/21/index.php?action_kouhyou_detail_004_kani=true&JigyosyoCd=2160690190-00&ServiceCd=130&Type=search", "url2": "https://www.xn--n8j9dxdwhj2fxlpdpdu700cgtxdi73b0sd.com/" }, "geometry": { "type": "Point", "coordinates": [ 136.770990675077769, 35.374690299104998 ] } },
{ "type": "Feature", "properties": { "内容": "訪問看護ステーション煌煌岐阜【訪問看護】岐阜県羽島郡岐南町三宅1‐39サンライズ栄101号", "url": "https://www.kaigokensaku.mhlw.go.jp/21/index.php?action_kouhyou_detail_004_kani=true&JigyosyoCd=2160690208-00&ServiceCd=130&Type=search", "url2": "https;//kousei138.co.jp" }, "geometry": { "type": "Point", "coordinates": [ 136.7907865, 35.3965603 ] } },
{ "type": "Feature", "properties": { "内容": "サンライズケアステーション【訪問看護】岐阜県羽島郡岐南町八剣2丁目27番地", "url": "https://www.kaigokensaku.mhlw.go.jp/21/index.php?action_kouhyou_detail_004_kani=true&JigyosyoCd=2160690067-00&ServiceCd=130&Type=search", "url2": "http://sunrise-station.jp" }, "geometry": { "type": "Point", "coordinates": [ 136.781657431291251, 35.392973643082286 ] } },
{ "type": "Feature", "properties": { "内容": "訪問看護ステーション　くりのき【訪問看護】岐阜県羽島郡岐南町上印食3丁目147サンライズ生島101", "url": "https://www.kaigokensaku.mhlw.go.jp/21/index.php?action_kouhyou_detail_004_kani=true&JigyosyoCd=2160690133-00&ServiceCd=130&Type=search", "url2": "http://kangokurinoki.com" }, "geometry": { "type": "Point", "coordinates": [ 136.78655219999996, 35.396324 ] } },
{ "type": "Feature", "properties": { "内容": "ツクイ岐阜訪問看護ステーション【訪問看護】岐阜県羽島郡岐南町三宅9丁目123-1NTビル1階", "url": "https://www.kaigokensaku.mhlw.go.jp/21/index.php?action_kouhyou_detail_004_kani=true&JigyosyoCd=2160690174-00&ServiceCd=130&Type=search", "url2": "https://www.tsukui.net/home-care/5026/" }, "geometry": { "type": "Point", "coordinates": [ 136.7941362, 35.3879879 ] } },
{ "type": "Feature", "properties": { "内容": "訪問看護ステーション　サロンＲ【訪問看護】岐阜県羽島郡岐南町伏屋４丁目１４１－２Ｆｏｒｅｓｔａ．ＭⅡＢ棟", "url": "https://www.kaigokensaku.mhlw.go.jp/21/index.php?action_kouhyou_detail_004_kani=true&JigyosyoCd=2160690216-00&ServiceCd=130&Type=search", "url2": "http://www.diaz-salonr.jp/" }, "geometry": { "type": "Point", "coordinates": [ 136.789944286369291, 35.383911046954204 ] } },
{ "type": "Feature", "properties": { "内容": "ふれあい訪問看護ステーション【訪問看護】岐阜県羽島郡笠松町円城寺971", "url": "https://www.kaigokensaku.mhlw.go.jp/21/index.php?action_kouhyou_detail_004_kani=true&JigyosyoCd=2160690018-00&ServiceCd=130&Type=search", "url2": "http://www.mutsumikai.or.jp/" }, "geometry": { "type": "Point", "coordinates": [ 136.790178312303169, 35.375547008716616 ] } },
{ "type": "Feature", "properties": { "内容": "心音ケアセンター笠松【訪問看護】岐阜県羽島郡笠松町北及1825番地", "url": "https://www.kaigokensaku.mhlw.go.jp/21/index.php?action_kouhyou_detail_004_kani=true&JigyosyoCd=2160690109-00&ServiceCd=130&Type=search", "url2": "http://www.weecs.net" }, "geometry": { "type": "Point", "coordinates": [ 136.745911515413667, 35.35383796413614 ] } },
{ "type": "Feature", "properties": { "内容": "訪問看護ステーションしのぶ【訪問看護】岐阜県羽島郡笠松町北及１８０番地第２カトービル　１階Ａ号室", "url": "https://www.kaigokensaku.mhlw.go.jp/21/index.php?action_kouhyou_detail_004_kani=true&JigyosyoCd=2160690125-00&ServiceCd=130&Type=search", "url2": "http://hp.kaipoke.biz/16v/" }, "geometry": { "type": "Point", "coordinates": [ 136.7442036, 35.351334 ] } },
{ "type": "Feature", "properties": { "内容": "訪問看護リハビリステーションからふる　かさまつ【訪問看護】岐阜県羽島郡笠松町田代字若宮1088番地1ナーシングホームからふるかさまつ", "url": "https://www.kaigokensaku.mhlw.go.jp/21/index.php?action_kouhyou_detail_004_kani=true&JigyosyoCd=2160690158-00&ServiceCd=130&Type=search", "url2": "http://colorfulgarden.jp" }, "geometry": { "type": "Point", "coordinates": [ 136.743729279435712, 35.360548901576806 ] } },
{ "type": "Feature", "properties": { "内容": "まつなみ訪問看護ステーション【訪問看護】岐阜県羽島郡笠松町田代１８５番地１", "url": "https://www.kaigokensaku.mhlw.go.jp/21/index.php?action_kouhyou_detail_004_kani=true&JigyosyoCd=2160690042-00&ServiceCd=130&Type=search", "url2": "http://www.matsunami-hsp.or.jp/" }, "geometry": { "type": "Point", "coordinates": [ 136.75769125705574, 35.362936989278154 ] } },
{ "type": "Feature", "properties": { "内容": "養老整形外科クリニック　訪問看護【訪問看護】岐阜県養老郡養老町大跡534番地", "url": "https://www.kaigokensaku.mhlw.go.jp/21/index.php?action_kouhyou_detail_004_kani=true&JigyosyoCd=2112300575-00&ServiceCd=130&Type=search", "url2": "http://www.yoro-seikei.or.jp" }, "geometry": { "type": "Point", "coordinates": [ 136.575215299999968, 35.2878142 ] } },
{ "type": "Feature", "properties": { "内容": "訪問看護ステーション　ようろう【訪問看護】岐阜県養老郡養老町押越９８６番地", "url": "https://www.kaigokensaku.mhlw.go.jp/21/index.php?action_kouhyou_detail_004_kani=true&JigyosyoCd=2162390021-00&ServiceCd=130&Type=search", "url2": "http://www.nishimino.gfkosei.or.jp" }, "geometry": { "type": "Point", "coordinates": [ 136.558416500000021, 35.305355 ] } },
{ "type": "Feature", "properties": { "内容": "訪問看護ステーション　天の星【訪問看護】岐阜県養老郡養老町船附1354-1", "url": "https://www.kaigokensaku.mhlw.go.jp/21/index.php?action_kouhyou_detail_004_kani=true&JigyosyoCd=2162390047-00&ServiceCd=130&Type=search", "url2": "http://www.funacli.jp/kango_tennohoshi/" }, "geometry": { "type": "Point", "coordinates": [ 136.600865, 35.2841989 ] } },
{ "type": "Feature", "properties": { "内容": "訪問看護ステーションひまわり【訪問看護】岐阜県不破郡垂井町清水1-139", "url": "https://www.kaigokensaku.mhlw.go.jp/21/index.php?action_kouhyou_detail_004_kani=true&JigyosyoCd=2162490011-00&ServiceCd=130&Type=search", "url2": "http://www.hakuaikai.jp/" }, "geometry": { "type": "Point", "coordinates": [ 136.525562900000068, 35.3748196 ] } },
{ "type": "Feature", "properties": { "内容": "訪問看護ステーションアップル【訪問看護】岐阜県不破郡垂井町表佐709-2", "url": "https://www.kaigokensaku.mhlw.go.jp/21/index.php?action_kouhyou_detail_004_kani=true&JigyosyoCd=2162490078-00&ServiceCd=130&Type=search", "url2": null }, "geometry": { "type": "Point", "coordinates": [ 136.5485022, 35.3651015 ] } },
{ "type": "Feature", "properties": { "内容": "訪問看護ステーション　ＳＫＣ【訪問看護】岐阜県不破郡関ケ原町大字関ケ原3107-1", "url": "https://www.kaigokensaku.mhlw.go.jp/21/index.php?action_kouhyou_detail_004_kani=true&JigyosyoCd=2162490060-00&ServiceCd=130&Type=search", "url2": "http://www.sekigahara-cl.com/" }, "geometry": { "type": "Point", "coordinates": [ 136.4721621, 35.3592432 ] } },
{ "type": "Feature", "properties": { "内容": "関ケ原町訪問看護ステーション【訪問看護】岐阜県不破郡関ケ原町大字関ケ原2490番地の29", "url": "https://www.kaigokensaku.mhlw.go.jp/21/index.php?action_kouhyou_detail_004_kani=true&JigyosyoCd=2162490037-00&ServiceCd=130&Type=search", "url2": "http://www.town.sekigahara.gifu.jp/" }, "geometry": { "type": "Point", "coordinates": [ 136.466573899999958, 35.3590347 ] } },
{ "type": "Feature", "properties": { "内容": "訪問看護ステーションまごころ【訪問看護】岐阜県安八郡安八町牧字一番割127-3", "url": "https://www.kaigokensaku.mhlw.go.jp/21/index.php?action_kouhyou_detail_004_kani=true&JigyosyoCd=2162590018-00&ServiceCd=130&Type=search", "url2": "http://www.seiyou.co.jp" }, "geometry": { "type": "Point", "coordinates": [ 136.649782362051297, 35.336683727864497 ] } },
{ "type": "Feature", "properties": { "内容": "ささゆり訪問看護ステーション【訪問看護】岐阜県安八郡安八町西1969-2", "url": "https://www.kaigokensaku.mhlw.go.jp/21/index.php?action_kouhyou_detail_004_kani=true&JigyosyoCd=2162590042-00&ServiceCd=130&Type=search", "url2": "http://hp.kaipoke.biz/131/" }, "geometry": { "type": "Point", "coordinates": [ 136.662770748657323, 35.34822531866908 ] } },
{ "type": "Feature", "properties": { "内容": "揖斐川町久瀬診療所【訪問看護】岐阜県揖斐郡揖斐川町東津汲974-1", "url": "https://www.kaigokensaku.mhlw.go.jp/21/index.php?action_kouhyou_detail_004_kani=true&JigyosyoCd=2112601188-00&ServiceCd=130&Type=search", "url2": "http://ibigawa-jadecom.jp" }, "geometry": { "type": "Point", "coordinates": [ 136.5075918, 35.5567434 ] } },
{ "type": "Feature", "properties": { "内容": "揖斐川町春日診療所【訪問看護】岐阜県揖斐郡揖斐川町春日六合3420", "url": "https://www.kaigokensaku.mhlw.go.jp/21/index.php?action_kouhyou_detail_004_kani=true&JigyosyoCd=2112601220-00&ServiceCd=130&Type=search", "url2": "https://ibigawa-jadecom.jp/kasuga/" }, "geometry": { "type": "Point", "coordinates": [ 136.4876684, 35.4678199 ] } },
{ "type": "Feature", "properties": { "内容": "訪問看護ステーションあやめ岐南【訪問看護】岐阜県羽島郡岐南町伏屋2丁目63番地伏屋第一ビル202", "url": "https://www.kaigokensaku.mhlw.go.jp/21/index.php?action_kouhyou_detail_004_kani=true&JigyosyoCd=2160690182-00&ServiceCd=130&Type=search", "url2": "https://firstnurse.co.jp/" }, "geometry": { "type": "Point", "coordinates": [ 136.7893712, 35.3857794 ] } },
{ "type": "Feature", "properties": { "内容": "訪問看護ステーションせいのう【訪問看護】岐阜県揖斐郡大野町下磯293番地の1", "url": "https://www.kaigokensaku.mhlw.go.jp/21/index.php?action_kouhyou_detail_004_kani=true&JigyosyoCd=2162690024-00&ServiceCd=130&Type=search", "url2": "http://seino.gfkosei.or.jp" }, "geometry": { "type": "Point", "coordinates": [ 136.629334542577624, 35.430649632281501 ] } },
{ "type": "Feature", "properties": { "内容": "訪問看護ステーションなごみ【訪問看護】岐阜県揖斐郡大野町公郷79", "url": "https://www.kaigokensaku.mhlw.go.jp/21/index.php?action_kouhyou_detail_004_kani=true&JigyosyoCd=2162690040-00&ServiceCd=130&Type=search", "url2": "https://nagomi-wa.com" }, "geometry": { "type": "Point", "coordinates": [ 136.603740900000048, 35.4612649 ] } },
{ "type": "Feature", "properties": { "内容": "訪問看護ステーションサンビレッジ新生苑【訪問看護】岐阜県揖斐郡池田町本郷１５０１番地", "url": "https://www.kaigokensaku.mhlw.go.jp/21/index.php?action_kouhyou_detail_004_kani=true&JigyosyoCd=2162690016-00&ServiceCd=130&Type=search", "url2": "https://www.sun-village.jp/" }, "geometry": { "type": "Point", "coordinates": [ 136.575547799999981, 35.4440335 ] } },
{ "type": "Feature", "properties": { "内容": "訪問看護ステーションふくろう【訪問看護】岐阜県揖斐郡池田町池野550-7", "url": "https://www.kaigokensaku.mhlw.go.jp/21/index.php?action_kouhyou_detail_004_kani=true&JigyosyoCd=2162690065-00&ServiceCd=130&Type=search", "url2": "https://www.luck-company.jp/" }, "geometry": { "type": "Point", "coordinates": [ 136.5730603, 35.4387429 ] } },
{ "type": "Feature", "properties": { "内容": "オハナ訪問看護ステーション【訪問看護】岐阜県揖斐郡池田町池野580-1サンテラスノース店舗C", "url": "https://www.kaigokensaku.mhlw.go.jp/21/index.php?action_kouhyou_detail_004_kani=true&JigyosyoCd=2162690081-00&ServiceCd=130&Type=search", "url2": null }, "geometry": { "type": "Point", "coordinates": [ 136.5695098, 35.4369733 ] } },
{ "type": "Feature", "properties": { "内容": "訪問看護ステーションCCM【訪問看護】岐阜県本巣郡北方町高屋伊勢田2丁目24番地住宅型有料老人ホームソレイユ穂積", "url": "https://www.kaigokensaku.mhlw.go.jp/21/index.php?action_kouhyou_detail_004_kani=true&JigyosyoCd=2160790065-00&ServiceCd=130&Type=search", "url2": null }, "geometry": { "type": "Point", "coordinates": [ 136.690574700000013, 35.4125604 ] } },
{ "type": "Feature", "properties": { "内容": "もとす医師会もとす訪問看護ステーション【訪問看護】岐阜県本巣郡北方町北方３２１９番地の２５", "url": "https://www.kaigokensaku.mhlw.go.jp/21/index.php?action_kouhyou_detail_004_kani=true&JigyosyoCd=2160790024-00&ServiceCd=130&Type=search", "url2": "https://motosu.gifu.med.or.jp/" }, "geometry": { "type": "Point", "coordinates": [ 136.678389599999946, 35.4394645 ] } },
{ "type": "Feature", "properties": { "内容": "訪問看護ステーション和光北方【訪問看護】岐阜県本巣郡北方町柱本3丁目90番地メディコート北方　2階", "url": "https://www.kaigokensaku.mhlw.go.jp/21/index.php?action_kouhyou_detail_004_kani=true&JigyosyoCd=2160790057-00&ServiceCd=130&Type=search", "url2": "http://www.wakokai.or.jp" }, "geometry": { "type": "Point", "coordinates": [ 136.693542476057502, 35.427780456678882 ] } },
{ "type": "Feature", "properties": { "内容": "訪問看護ステーションすかい【訪問看護】岐阜県加茂郡坂祝町取組46番地28", "url": "https://www.kaigokensaku.mhlw.go.jp/21/index.php?action_kouhyou_detail_004_kani=true&JigyosyoCd=2161390022-00&ServiceCd=130&Type=search", "url2": null }, "geometry": { "type": "Point", "coordinates": [ 136.985439700000029, 35.4261122 ] } },
{ "type": "Feature", "properties": { "内容": "ケアリール訪問看護ステーション坂祝【訪問看護】岐阜県加茂郡坂祝町黒岩612-1", "url": "https://www.kaigokensaku.mhlw.go.jp/21/index.php?action_kouhyou_detail_004_kani=true&JigyosyoCd=2161390071-00&ServiceCd=130&Type=search", "url2": "https://www.wakao-ceramic.com/" }, "geometry": { "type": "Point", "coordinates": [ 136.973351779696912, 35.442532818601698 ] } },
{ "type": "Feature", "properties": { "内容": "ﾕｱｾﾙﾌﾎｳﾓﾝｶﾝｺﾞｽﾃｰｼｮﾝ【訪問看護】岐阜県加茂郡富加町羽生1468番1", "url": "https://www.kaigokensaku.mhlw.go.jp/21/index.php?action_kouhyou_detail_004_kani=true&JigyosyoCd=2161390063-00&ServiceCd=130&Type=search", "url2": "https://www.yourself-homevisitnursing.com/" }, "geometry": { "type": "Point", "coordinates": [ 136.9701401, 35.4773778 ] } },
{ "type": "Feature", "properties": { "内容": "訪問看護うりぼう【訪問看護】岐阜県加茂郡八百津町久田見3326-2", "url": "https://www.kaigokensaku.mhlw.go.jp/21/index.php?action_kouhyou_detail_004_kani=true&JigyosyoCd=2161390048-00&ServiceCd=130&Type=search", "url2": "https://uribou-houkan.jimdofree.com" }, "geometry": { "type": "Point", "coordinates": [ 137.195406820190442, 35.516416537373566 ] } },
{ "type": "Feature", "properties": { "内容": "白川訪問看護ステーションこだま【訪問看護】岐阜県加茂郡白川町坂ノ東5600-1健遊館　1階", "url": "https://www.kaigokensaku.mhlw.go.jp/21/index.php?action_kouhyou_detail_004_kani=true&JigyosyoCd=2161390030-00&ServiceCd=130&Type=search", "url2": "http://www.shirakawahp.com" }, "geometry": { "type": "Point", "coordinates": [ 137.164928700000019, 35.6036807 ] } },
{ "type": "Feature", "properties": { "内容": "桃井病院訪問看護ステーション【訪問看護】岐阜県可児郡御嵩町中２１６３", "url": "https://www.kaigokensaku.mhlw.go.jp/21/index.php?action_kouhyou_detail_004_kani=true&JigyosyoCd=2161490012-00&ServiceCd=130&Type=search", "url2": "http://www.momoi-hp.com/" }, "geometry": { "type": "Point", "coordinates": [ -83.6814503, 41.3797961 ] } }
]
}
