{
  "type": "FeatureCollection",
  "features": [
    {
      "type": "Feature",
      "geometry": {
        "type": "Point",
        "coordinates": [
          136.616588,
          35.3162485
        ]
      },
      "properties": {
        "内容": "バス停: 名称不明バス停",
        "name": "名称不明バス停",
        "operator": "事業者不明",
        "ref": "",
        "url": "",
        "url2": ""
      }
    },
    {
      "type": "Feature",
      "geometry": {
        "type": "Point",
        "coordinates": [
          137.406282,
          35.4762184
        ]
      },
      "properties": {
        "内容": "バス停: 恵那峡公園口",
        "name": "恵那峡公園口",
        "operator": "事業者不明",
        "ref": "",
        "url": "",
        "url2": ""
      }
    },
    {
      "type": "Feature",
      "geometry": {
        "type": "Point",
        "coordinates": [
          136.638828,
          35.3674799
        ]
      },
      "properties": {
        "内容": "バス停: 名称不明バス停",
        "name": "名称不明バス停",
        "operator": "事業者不明",
        "ref": "",
        "url": "",
        "url2": ""
      }
    },
    {
      "type": "Feature",
      "geometry": {
        "type": "Point",
        "coordinates": [
          137.1217242,
          35.3358607
        ]
      },
      "properties": {
        "内容": "バス停: 多治見駅北口 (ききょうバス)",
        "name": "多治見駅北口",
        "operator": "ききょうバス",
        "ref": "45",
        "url": "",
        "url2": ""
      }
    },
    {
      "type": "Feature",
      "geometry": {
        "type": "Point",
        "coordinates": [
          137.1223702,
          35.335309
        ]
      },
      "properties": {
        "内容": "バス停: 多治見駅前 (東農鉄道株式会社)",
        "name": "多治見駅前",
        "operator": "東農鉄道株式会社",
        "ref": "",
        "url": "",
        "url2": ""
      }
    },
    {
      "type": "Feature",
      "geometry": {
        "type": "Point",
        "coordinates": [
          136.8681943,
          35.4558028
        ]
      },
      "properties": {
        "内容": "バス停: 光輪公園口",
        "name": "光輪公園口",
        "operator": "事業者不明",
        "ref": "",
        "url": "",
        "url2": ""
      }
    },
    {
      "type": "Feature",
      "geometry": {
        "type": "Point",
        "coordinates": [
          136.8680595,
          35.4558256
        ]
      },
      "properties": {
        "内容": "バス停: 光輪公園口",
        "name": "光輪公園口",
        "operator": "事業者不明",
        "ref": "",
        "url": "",
        "url2": ""
      }
    },
    {
      "type": "Feature",
      "geometry": {
        "type": "Point",
        "coordinates": [
          136.8552351,
          35.4558099
        ]
      },
      "properties": {
        "内容": "バス停: 南山団地",
        "name": "南山団地",
        "operator": "事業者不明",
        "ref": "",
        "url": "",
        "url2": ""
      }
    },
    {
      "type": "Feature",
      "geometry": {
        "type": "Point",
        "coordinates": [
          136.855197,
          35.4559205
        ]
      },
      "properties": {
        "内容": "バス停: 南山団地",
        "name": "南山団地",
        "operator": "事業者不明",
        "ref": "",
        "url": "",
        "url2": ""
      }
    },
    {
      "type": "Feature",
      "geometry": {
        "type": "Point",
        "coordinates": [
          136.8663625,
          35.4555159
        ]
      },
      "properties": {
        "内容": "バス停: 大洞公園前",
        "name": "大洞公園前",
        "operator": "事業者不明",
        "ref": "",
        "url": "",
        "url2": ""
      }
    },
    {
      "type": "Feature",
      "geometry": {
        "type": "Point",
        "coordinates": [
          136.8663172,
          35.4556072
        ]
      },
      "properties": {
        "内容": "バス停: 大洞公園前",
        "name": "大洞公園前",
        "operator": "事業者不明",
        "ref": "",
        "url": "",
        "url2": ""
      }
    },
    {
      "type": "Feature",
      "geometry": {
        "type": "Point",
        "coordinates": [
          136.8628454,
          35.4556173
        ]
      },
      "properties": {
        "内容": "バス停: 大洞団地口",
        "name": "大洞団地口",
        "operator": "事業者不明",
        "ref": "",
        "url": "",
        "url2": ""
      }
    },
    {
      "type": "Feature",
      "geometry": {
        "type": "Point",
        "coordinates": [
          136.8636111,
          35.4556795
        ]
      },
      "properties": {
        "内容": "バス停: 大洞団地口",
        "name": "大洞団地口",
        "operator": "事業者不明",
        "ref": "",
        "url": "",
        "url2": ""
      }
    },
    {
      "type": "Feature",
      "geometry": {
        "type": "Point",
        "coordinates": [
          136.8637052,
          35.4616336
        ]
      },
      "properties": {
        "内容": "バス停: 大洞緑団地",
        "name": "大洞緑団地",
        "operator": "事業者不明",
        "ref": "",
        "url": "",
        "url2": ""
      }
    },
    {
      "type": "Feature",
      "geometry": {
        "type": "Point",
        "coordinates": [
          136.8638036,
          35.4617618
        ]
      },
      "properties": {
        "内容": "バス停: 大洞緑団地",
        "name": "大洞緑団地",
        "operator": "事業者不明",
        "ref": "",
        "url": "",
        "url2": ""
      }
    },
    {
      "type": "Feature",
      "geometry": {
        "type": "Point",
        "coordinates": [
          136.8676428,
          35.4611527
        ]
      },
      "properties": {
        "内容": "バス停: 桐ヶ丘",
        "name": "桐ヶ丘",
        "operator": "事業者不明",
        "ref": "",
        "url": "",
        "url2": ""
      }
    },
    {
      "type": "Feature",
      "geometry": {
        "type": "Point",
        "coordinates": [
          136.8677549,
          35.4612558
        ]
      },
      "properties": {
        "内容": "バス停: 桐ヶ丘",
        "name": "桐ヶ丘",
        "operator": "事業者不明",
        "ref": "",
        "url": "",
        "url2": ""
      }
    },
    {
      "type": "Feature",
      "geometry": {
        "type": "Point",
        "coordinates": [
          136.8685983,
          35.458808
        ]
      },
      "properties": {
        "内容": "バス停: 桜台柏台",
        "name": "桜台柏台",
        "operator": "事業者不明",
        "ref": "",
        "url": "",
        "url2": ""
      }
    },
    {
      "type": "Feature",
      "geometry": {
        "type": "Point",
        "coordinates": [
          136.8685449,
          35.4590503
        ]
      },
      "properties": {
        "内容": "バス停: 桜台柏台",
        "name": "桜台柏台",
        "operator": "事業者不明",
        "ref": "",
        "url": "",
        "url2": ""
      }
    },
    {
      "type": "Feature",
      "geometry": {
        "type": "Point",
        "coordinates": [
          136.8530523,
          35.4555564
        ]
      },
      "properties": {
        "内容": "バス停: 芥見南山",
        "name": "芥見南山",
        "operator": "事業者不明",
        "ref": "",
        "url": "",
        "url2": ""
      }
    },
    {
      "type": "Feature",
      "geometry": {
        "type": "Point",
        "coordinates": [
          136.8531789,
          35.4556621
        ]
      },
      "properties": {
        "内容": "バス停: 芥見南山",
        "name": "芥見南山",
        "operator": "事業者不明",
        "ref": "",
        "url": "",
        "url2": ""
      }
    },
    {
      "type": "Feature",
      "geometry": {
        "type": "Point",
        "coordinates": [
          136.8587466,
          35.4556198
        ]
      },
      "properties": {
        "内容": "バス停: 芥見幼稚園前",
        "name": "芥見幼稚園前",
        "operator": "事業者不明",
        "ref": "",
        "url": "",
        "url2": ""
      }
    },
    {
      "type": "Feature",
      "geometry": {
        "type": "Point",
        "coordinates": [
          136.8575522,
          35.4559217
        ]
      },
      "properties": {
        "内容": "バス停: 芥見幼稚園前",
        "name": "芥見幼稚園前",
        "operator": "事業者不明",
        "ref": "",
        "url": "",
        "url2": ""
      }
    },
    {
      "type": "Feature",
      "geometry": {
        "type": "Point",
        "coordinates": [
          136.7359017,
          35.4628632
        ]
      },
      "properties": {
        "内容": "バス停: 岐阜大学",
        "name": "岐阜大学",
        "operator": "事業者不明",
        "ref": "",
        "url": "",
        "url2": ""
      }
    },
    {
      "type": "Feature",
      "geometry": {
        "type": "Point",
        "coordinates": [
          136.7326331,
          35.467766
        ]
      },
      "properties": {
        "内容": "バス停: 岐阜大学病院",
        "name": "岐阜大学病院",
        "operator": "事業者不明",
        "ref": "",
        "url": "",
        "url2": ""
      }
    },
    {
      "type": "Feature",
      "geometry": {
        "type": "Point",
        "coordinates": [
          136.7352933,
          35.4674206
        ]
      },
      "properties": {
        "内容": "バス停: 柳戸橋",
        "name": "柳戸橋",
        "operator": "事業者不明",
        "ref": "",
        "url": "",
        "url2": ""
      }
    },
    {
      "type": "Feature",
      "geometry": {
        "type": "Point",
        "coordinates": [
          136.751291,
          35.4085484
        ]
      },
      "properties": {
        "内容": "バス停: 加納愛宕町",
        "name": "加納愛宕町",
        "operator": "事業者不明",
        "ref": "",
        "url": "",
        "url2": ""
      }
    },
    {
      "type": "Feature",
      "geometry": {
        "type": "Point",
        "coordinates": [
          136.7572866,
          35.4090753
        ]
      },
      "properties": {
        "内容": "バス停: JR岐阜駅南口",
        "name": "JR岐阜駅南口",
        "operator": "事業者不明",
        "ref": "",
        "url": "",
        "url2": ""
      }
    },
    {
      "type": "Feature",
      "geometry": {
        "type": "Point",
        "coordinates": [
          136.6519375,
          35.3606906
        ]
      },
      "properties": {
        "内容": "バス停: 万石",
        "name": "万石",
        "operator": "事業者不明",
        "ref": "",
        "url": "",
        "url2": ""
      }
    },
    {
      "type": "Feature",
      "geometry": {
        "type": "Point",
        "coordinates": [
          136.6516001,
          35.360823
        ]
      },
      "properties": {
        "内容": "バス停: 万石",
        "name": "万石",
        "operator": "事業者不明",
        "ref": "",
        "url": "",
        "url2": ""
      }
    },
    {
      "type": "Feature",
      "geometry": {
        "type": "Point",
        "coordinates": [
          137.0107563,
          35.404311
        ]
      },
      "properties": {
        "内容": "バス停: 名称不明バス停",
        "name": "名称不明バス停",
        "operator": "事業者不明",
        "ref": "",
        "url": "",
        "url2": ""
      }
    },
    {
      "type": "Feature",
      "geometry": {
        "type": "Point",
        "coordinates": [
          137.5561534,
          36.1956877
        ]
      },
      "properties": {
        "内容": "バス停: アカンダナ (下車)",
        "name": "アカンダナ (下車)",
        "operator": "事業者不明",
        "ref": "",
        "url": "",
        "url2": ""
      }
    },
    {
      "type": "Feature",
      "geometry": {
        "type": "Point",
        "coordinates": [
          137.0322243,
          35.474823
        ]
      },
      "properties": {
        "内容": "バス停: 名称不明バス停",
        "name": "名称不明バス停",
        "operator": "事業者不明",
        "ref": "",
        "url": "",
        "url2": ""
      }
    },
    {
      "type": "Feature",
      "geometry": {
        "type": "Point",
        "coordinates": [
          137.0368993,
          35.4768216
        ]
      },
      "properties": {
        "内容": "バス停: 名称不明バス停",
        "name": "名称不明バス停",
        "operator": "事業者不明",
        "ref": "",
        "url": "",
        "url2": ""
      }
    },
    {
      "type": "Feature",
      "geometry": {
        "type": "Point",
        "coordinates": [
          136.650037,
          35.275337
        ]
      },
      "properties": {
        "内容": "バス停: 下大榑バス停",
        "name": "下大榑バス停",
        "operator": "事業者不明",
        "ref": "",
        "url": "",
        "url2": ""
      }
    },
    {
      "type": "Feature",
      "geometry": {
        "type": "Point",
        "coordinates": [
          136.9124907,
          35.4905871
        ]
      },
      "properties": {
        "内容": "バス停: 関シティターミナル",
        "name": "関シティターミナル",
        "operator": "事業者不明",
        "ref": "",
        "url": "",
        "url2": ""
      }
    },
    {
      "type": "Feature",
      "geometry": {
        "type": "Point",
        "coordinates": [
          137.5519345,
          36.1909518
        ]
      },
      "properties": {
        "内容": "バス停: 平湯",
        "name": "平湯",
        "operator": "事業者不明",
        "ref": "",
        "url": "",
        "url2": "Q11483227"
      }
    },
    {
      "type": "Feature",
      "geometry": {
        "type": "Point",
        "coordinates": [
          136.7577,
          35.4100078
        ]
      },
      "properties": {
        "内容": "バス停: JR岐阜",
        "name": "JR岐阜",
        "operator": "事業者不明",
        "ref": "",
        "url": "",
        "url2": ""
      }
    },
    {
      "type": "Feature",
      "geometry": {
        "type": "Point",
        "coordinates": [
          136.7577724,
          35.4097738
        ]
      },
      "properties": {
        "内容": "バス停: JR岐阜",
        "name": "JR岐阜",
        "operator": "事業者不明",
        "ref": "",
        "url": "",
        "url2": ""
      }
    },
    {
      "type": "Feature",
      "geometry": {
        "type": "Point",
        "coordinates": [
          136.7576356,
          35.4097848
        ]
      },
      "properties": {
        "内容": "バス停: JR岐阜",
        "name": "JR岐阜",
        "operator": "事業者不明",
        "ref": "",
        "url": "",
        "url2": ""
      }
    },
    {
      "type": "Feature",
      "geometry": {
        "type": "Point",
        "coordinates": [
          136.7574184,
          35.4098154
        ]
      },
      "properties": {
        "内容": "バス停: JR岐阜",
        "name": "JR岐阜",
        "operator": "事業者不明",
        "ref": "",
        "url": "",
        "url2": ""
      }
    },
    {
      "type": "Feature",
      "geometry": {
        "type": "Point",
        "coordinates": [
          136.7571716,
          35.4099116
        ]
      },
      "properties": {
        "内容": "バス停: JR岐阜",
        "name": "JR岐阜",
        "operator": "事業者不明",
        "ref": "",
        "url": "",
        "url2": ""
      }
    },
    {
      "type": "Feature",
      "geometry": {
        "type": "Point",
        "coordinates": [
          136.7571448,
          35.4101149
        ]
      },
      "properties": {
        "内容": "バス停: JR岐阜",
        "name": "JR岐阜",
        "operator": "事業者不明",
        "ref": "",
        "url": "",
        "url2": ""
      }
    },
    {
      "type": "Feature",
      "geometry": {
        "type": "Point",
        "coordinates": [
          136.7572255,
          35.4103182
        ]
      },
      "properties": {
        "内容": "バス停: JR岐阜",
        "name": "JR岐阜",
        "operator": "事業者不明",
        "ref": "",
        "url": "",
        "url2": ""
      }
    },
    {
      "type": "Feature",
      "geometry": {
        "type": "Point",
        "coordinates": [
          136.757362,
          35.4103313
        ]
      },
      "properties": {
        "内容": "バス停: JR岐阜",
        "name": "JR岐阜",
        "operator": "事業者不明",
        "ref": "",
        "url": "",
        "url2": ""
      }
    },
    {
      "type": "Feature",
      "geometry": {
        "type": "Point",
        "coordinates": [
          136.757582,
          35.4103073
        ]
      },
      "properties": {
        "内容": "バス停: JR岐阜",
        "name": "JR岐阜",
        "operator": "事業者不明",
        "ref": "",
        "url": "",
        "url2": ""
      }
    },
    {
      "type": "Feature",
      "geometry": {
        "type": "Point",
        "coordinates": [
          136.7577831,
          35.4102635
        ]
      },
      "properties": {
        "内容": "バス停: JR岐阜",
        "name": "JR岐阜",
        "operator": "事業者不明",
        "ref": "",
        "url": "",
        "url2": ""
      }
    },
    {
      "type": "Feature",
      "geometry": {
        "type": "Point",
        "coordinates": [
          136.7579307,
          35.4102133
        ]
      },
      "properties": {
        "内容": "バス停: JR岐阜",
        "name": "JR岐阜",
        "operator": "事業者不明",
        "ref": "",
        "url": "",
        "url2": ""
      }
    },
    {
      "type": "Feature",
      "geometry": {
        "type": "Point",
        "coordinates": [
          136.7581023,
          35.4102395
        ]
      },
      "properties": {
        "内容": "バス停: JR岐阜",
        "name": "JR岐阜",
        "operator": "事業者不明",
        "ref": "",
        "url": "",
        "url2": ""
      }
    },
    {
      "type": "Feature",
      "geometry": {
        "type": "Point",
        "coordinates": [
          136.7582364,
          35.4103335
        ]
      },
      "properties": {
        "内容": "バス停: JR岐阜",
        "name": "JR岐阜",
        "operator": "事業者不明",
        "ref": "",
        "url": "",
        "url2": ""
      }
    },
    {
      "type": "Feature",
      "geometry": {
        "type": "Point",
        "coordinates": [
          136.7586522,
          35.4109369
        ]
      },
      "properties": {
        "内容": "バス停: 名鉄岐阜",
        "name": "名鉄岐阜",
        "operator": "事業者不明",
        "ref": "",
        "url": "",
        "url2": ""
      }
    },
    {
      "type": "Feature",
      "geometry": {
        "type": "Point",
        "coordinates": [
          136.7587863,
          35.4111686
        ]
      },
      "properties": {
        "内容": "バス停: 名鉄岐阜",
        "name": "名鉄岐阜",
        "operator": "事業者不明",
        "ref": "",
        "url": "",
        "url2": ""
      }
    },
    {
      "type": "Feature",
      "geometry": {
        "type": "Point",
        "coordinates": [
          136.759084,
          35.4112189
        ]
      },
      "properties": {
        "内容": "バス停: 名鉄岐阜",
        "name": "名鉄岐阜",
        "operator": "事業者不明",
        "ref": "",
        "url": "",
        "url2": ""
      }
    },
    {
      "type": "Feature",
      "geometry": {
        "type": "Point",
        "coordinates": [
          136.758907,
          35.4113872
        ]
      },
      "properties": {
        "内容": "バス停: 名鉄岐阜",
        "name": "名鉄岐阜",
        "operator": "事業者不明",
        "ref": "",
        "url": "",
        "url2": ""
      }
    },
    {
      "type": "Feature",
      "geometry": {
        "type": "Point",
        "coordinates": [
          136.7593657,
          35.4117173
        ]
      },
      "properties": {
        "内容": "バス停: 名鉄岐阜",
        "name": "名鉄岐阜",
        "operator": "事業者不明",
        "ref": "",
        "url": "",
        "url2": ""
      }
    },
    {
      "type": "Feature",
      "geometry": {
        "type": "Point",
        "coordinates": [
          136.7592396,
          35.4114899
        ]
      },
      "properties": {
        "内容": "バス停: 名鉄岐阜",
        "name": "名鉄岐阜",
        "operator": "事業者不明",
        "ref": "",
        "url": "",
        "url2": ""
      }
    },
    {
      "type": "Feature",
      "geometry": {
        "type": "Point",
        "coordinates": [
          136.7579321,
          35.4097476
        ]
      },
      "properties": {
        "内容": "バス停: JR岐阜",
        "name": "JR岐阜",
        "operator": "事業者不明",
        "ref": "",
        "url": "",
        "url2": ""
      }
    },
    {
      "type": "Feature",
      "geometry": {
        "type": "Point",
        "coordinates": [
          136.7580997,
          35.409729
        ]
      },
      "properties": {
        "内容": "バス停: JR岐阜",
        "name": "JR岐阜",
        "operator": "事業者不明",
        "ref": "",
        "url": "",
        "url2": ""
      }
    },
    {
      "type": "Feature",
      "geometry": {
        "type": "Point",
        "coordinates": [
          136.7582553,
          35.4097323
        ]
      },
      "properties": {
        "内容": "バス停: JR岐阜 (岐阜バス)",
        "name": "JR岐阜",
        "operator": "岐阜バス",
        "ref": "",
        "url": "",
        "url2": ""
      }
    },
    {
      "type": "Feature",
      "geometry": {
        "type": "Point",
        "coordinates": [
          136.7596982,
          35.4068357
        ]
      },
      "properties": {
        "内容": "バス停: 加納桜道",
        "name": "加納桜道",
        "operator": "事業者不明",
        "ref": "",
        "url": "",
        "url2": ""
      }
    },
    {
      "type": "Feature",
      "geometry": {
        "type": "Point",
        "coordinates": [
          136.7593281,
          35.4055175
        ]
      },
      "properties": {
        "内容": "バス停: 加納桜道",
        "name": "加納桜道",
        "operator": "事業者不明",
        "ref": "",
        "url": "",
        "url2": ""
      }
    },
    {
      "type": "Feature",
      "geometry": {
        "type": "Point",
        "coordinates": [
          136.7603715,
          35.4042254
        ]
      },
      "properties": {
        "内容": "バス停: 加納上本町",
        "name": "加納上本町",
        "operator": "事業者不明",
        "ref": "",
        "url": "",
        "url2": ""
      }
    },
    {
      "type": "Feature",
      "geometry": {
        "type": "Point",
        "coordinates": [
          136.7617421,
          35.4042582
        ]
      },
      "properties": {
        "内容": "バス停: 加納附属小学校前",
        "name": "加納附属小学校前",
        "operator": "事業者不明",
        "ref": "",
        "url": "",
        "url2": ""
      }
    },
    {
      "type": "Feature",
      "geometry": {
        "type": "Point",
        "coordinates": [
          136.7621699,
          35.4041675
        ]
      },
      "properties": {
        "内容": "バス停: 加納附属小学校前",
        "name": "加納附属小学校前",
        "operator": "事業者不明",
        "ref": "",
        "url": "",
        "url2": ""
      }
    },
    {
      "type": "Feature",
      "geometry": {
        "type": "Point",
        "coordinates": [
          136.7661516,
          35.4045315
        ]
      },
      "properties": {
        "内容": "バス停: 加納駅前",
        "name": "加納駅前",
        "operator": "事業者不明",
        "ref": "",
        "url": "",
        "url2": ""
      }
    },
    {
      "type": "Feature",
      "geometry": {
        "type": "Point",
        "coordinates": [
          136.7658673,
          35.4043937
        ]
      },
      "properties": {
        "内容": "バス停: 加納駅前",
        "name": "加納駅前",
        "operator": "事業者不明",
        "ref": "",
        "url": "",
        "url2": ""
      }
    },
    {
      "type": "Feature",
      "geometry": {
        "type": "Point",
        "coordinates": [
          136.7662549,
          35.4017615
        ]
      },
      "properties": {
        "内容": "バス停: 城東通り1丁目",
        "name": "城東通り1丁目",
        "operator": "事業者不明",
        "ref": "",
        "url": "",
        "url2": ""
      }
    },
    {
      "type": "Feature",
      "geometry": {
        "type": "Point",
        "coordinates": [
          136.7663904,
          35.4019572
        ]
      },
      "properties": {
        "内容": "バス停: 城東通り1丁目",
        "name": "城東通り1丁目",
        "operator": "事業者不明",
        "ref": "",
        "url": "",
        "url2": ""
      }
    },
    {
      "type": "Feature",
      "geometry": {
        "type": "Point",
        "coordinates": [
          136.7660457,
          35.4001272
        ]
      },
      "properties": {
        "内容": "バス停: 気象台前",
        "name": "気象台前",
        "operator": "事業者不明",
        "ref": "",
        "url": "",
        "url2": ""
      }
    },
    {
      "type": "Feature",
      "geometry": {
        "type": "Point",
        "coordinates": [
          136.7659116,
          35.400031
        ]
      },
      "properties": {
        "内容": "バス停: 気象台前",
        "name": "気象台前",
        "operator": "事業者不明",
        "ref": "",
        "url": "",
        "url2": ""
      }
    },
    {
      "type": "Feature",
      "geometry": {
        "type": "Point",
        "coordinates": [
          136.7657453,
          35.3986121
        ]
      },
      "properties": {
        "内容": "バス停: 城東通り3丁目",
        "name": "城東通り3丁目",
        "operator": "事業者不明",
        "ref": "",
        "url": "",
        "url2": ""
      }
    },
    {
      "type": "Feature",
      "geometry": {
        "type": "Point",
        "coordinates": [
          136.7652518,
          35.395151
        ]
      },
      "properties": {
        "内容": "バス停: 下川手",
        "name": "下川手",
        "operator": "事業者不明",
        "ref": "",
        "url": "",
        "url2": ""
      }
    },
    {
      "type": "Feature",
      "geometry": {
        "type": "Point",
        "coordinates": [
          136.7655049,
          35.39794
        ]
      },
      "properties": {
        "内容": "バス停: 城東通り3丁目",
        "name": "城東通り3丁目",
        "operator": "事業者不明",
        "ref": "",
        "url": "",
        "url2": ""
      }
    },
    {
      "type": "Feature",
      "geometry": {
        "type": "Point",
        "coordinates": [
          136.7641252,
          35.3904914
        ]
      },
      "properties": {
        "内容": "バス停: 下川手口",
        "name": "下川手口",
        "operator": "事業者不明",
        "ref": "",
        "url": "",
        "url2": ""
      }
    },
    {
      "type": "Feature",
      "geometry": {
        "type": "Point",
        "coordinates": [
          136.7641816,
          35.3899951
        ]
      },
      "properties": {
        "内容": "バス停: 下川手口",
        "name": "下川手口",
        "operator": "事業者不明",
        "ref": "",
        "url": "",
        "url2": ""
      }
    },
    {
      "type": "Feature",
      "geometry": {
        "type": "Point",
        "coordinates": [
          136.7635898,
          35.3856953
        ]
      },
      "properties": {
        "内容": "バス停: 東川手",
        "name": "東川手",
        "operator": "事業者不明",
        "ref": "",
        "url": "",
        "url2": ""
      }
    },
    {
      "type": "Feature",
      "geometry": {
        "type": "Point",
        "coordinates": [
          136.763386,
          35.385411
        ]
      },
      "properties": {
        "内容": "バス停: 東川手",
        "name": "東川手",
        "operator": "事業者不明",
        "ref": "",
        "url": "",
        "url2": ""
      }
    },
    {
      "type": "Feature",
      "geometry": {
        "type": "Point",
        "coordinates": [
          136.7757617,
          35.3830384
        ]
      },
      "properties": {
        "内容": "バス停: 岐南中学校前",
        "name": "岐南中学校前",
        "operator": "事業者不明",
        "ref": "",
        "url": "",
        "url2": ""
      }
    },
    {
      "type": "Feature",
      "geometry": {
        "type": "Point",
        "coordinates": [
          136.7754988,
          35.3829203
        ]
      },
      "properties": {
        "内容": "バス停: 岐南中学校前",
        "name": "岐南中学校前",
        "operator": "事業者不明",
        "ref": "",
        "url": "",
        "url2": ""
      }
    },
    {
      "type": "Feature",
      "geometry": {
        "type": "Point",
        "coordinates": [
          136.7820702,
          35.3861042
        ]
      },
      "properties": {
        "内容": "バス停: 岐南営業所",
        "name": "岐南営業所",
        "operator": "事業者不明",
        "ref": "",
        "url": "",
        "url2": ""
      }
    },
    {
      "type": "Feature",
      "geometry": {
        "type": "Point",
        "coordinates": [
          136.7819254,
          35.3862179
        ]
      },
      "properties": {
        "内容": "バス停: 岐南営業所",
        "name": "岐南営業所",
        "operator": "事業者不明",
        "ref": "",
        "url": "",
        "url2": ""
      }
    },
    {
      "type": "Feature",
      "geometry": {
        "type": "Point",
        "coordinates": [
          136.7820595,
          35.3895723
        ]
      },
      "properties": {
        "内容": "バス停: 岐南町役場",
        "name": "岐南町役場",
        "operator": "事業者不明",
        "ref": "",
        "url": "",
        "url2": ""
      }
    },
    {
      "type": "Feature",
      "geometry": {
        "type": "Point",
        "coordinates": [
          136.7818986,
          35.3896903
        ]
      },
      "properties": {
        "内容": "バス停: 岐南町役場",
        "name": "岐南町役場",
        "operator": "事業者不明",
        "ref": "",
        "url": "",
        "url2": ""
      }
    },
    {
      "type": "Feature",
      "geometry": {
        "type": "Point",
        "coordinates": [
          136.7803375,
          35.3908077
        ]
      },
      "properties": {
        "内容": "バス停: 中保育教育園前",
        "name": "中保育教育園前",
        "operator": "事業者不明",
        "ref": "",
        "url": "",
        "url2": ""
      }
    },
    {
      "type": "Feature",
      "geometry": {
        "type": "Point",
        "coordinates": [
          136.7801498,
          35.390882
        ]
      },
      "properties": {
        "内容": "バス停: 中保育教育園前",
        "name": "中保育教育園前",
        "operator": "事業者不明",
        "ref": "",
        "url": "",
        "url2": ""
      }
    },
    {
      "type": "Feature",
      "geometry": {
        "type": "Point",
        "coordinates": [
          136.7706172,
          35.3909126
        ]
      },
      "properties": {
        "内容": "バス停: 名鉄岐南駅東",
        "name": "名鉄岐南駅東",
        "operator": "事業者不明",
        "ref": "",
        "url": "",
        "url2": ""
      }
    },
    {
      "type": "Feature",
      "geometry": {
        "type": "Point",
        "coordinates": [
          136.7707996,
          35.3908492
        ]
      },
      "properties": {
        "内容": "バス停: 名鉄岐南駅東",
        "name": "名鉄岐南駅東",
        "operator": "事業者不明",
        "ref": "",
        "url": "",
        "url2": ""
      }
    },
    {
      "type": "Feature",
      "geometry": {
        "type": "Point",
        "coordinates": [
          136.7673073,
          35.4026625
        ]
      },
      "properties": {
        "内容": "バス停: 加納八幡町",
        "name": "加納八幡町",
        "operator": "事業者不明",
        "ref": "",
        "url": "",
        "url2": ""
      }
    },
    {
      "type": "Feature",
      "geometry": {
        "type": "Point",
        "coordinates": [
          136.7673556,
          35.4027347
        ]
      },
      "properties": {
        "内容": "バス停: 加納八幡町",
        "name": "加納八幡町",
        "operator": "事業者不明",
        "ref": "",
        "url": "",
        "url2": ""
      }
    },
    {
      "type": "Feature",
      "geometry": {
        "type": "Point",
        "coordinates": [
          136.7702605,
          35.4023739
        ]
      },
      "properties": {
        "内容": "バス停: 茶所",
        "name": "茶所",
        "operator": "事業者不明",
        "ref": "",
        "url": "",
        "url2": ""
      }
    },
    {
      "type": "Feature",
      "geometry": {
        "type": "Point",
        "coordinates": [
          136.7701854,
          35.4024658
        ]
      },
      "properties": {
        "内容": "バス停: 茶所",
        "name": "茶所",
        "operator": "事業者不明",
        "ref": "",
        "url": "",
        "url2": ""
      }
    },
    {
      "type": "Feature",
      "geometry": {
        "type": "Point",
        "coordinates": [
          136.7730875,
          35.4019323
        ]
      },
      "properties": {
        "内容": "バス停: 上川手",
        "name": "上川手",
        "operator": "事業者不明",
        "ref": "",
        "url": "",
        "url2": ""
      }
    },
    {
      "type": "Feature",
      "geometry": {
        "type": "Point",
        "coordinates": [
          136.7734281,
          35.4017836
        ]
      },
      "properties": {
        "内容": "バス停: 上川手",
        "name": "上川手",
        "operator": "事業者不明",
        "ref": "",
        "url": "",
        "url2": ""
      }
    },
    {
      "type": "Feature",
      "geometry": {
        "type": "Point",
        "coordinates": [
          136.7784063,
          35.4010578
        ]
      },
      "properties": {
        "内容": "バス停: 領下",
        "name": "領下",
        "operator": "事業者不明",
        "ref": "",
        "url": "",
        "url2": ""
      }
    },
    {
      "type": "Feature",
      "geometry": {
        "type": "Point",
        "coordinates": [
          136.7784171,
          35.4009616
        ]
      },
      "properties": {
        "内容": "バス停: 領下",
        "name": "領下",
        "operator": "事業者不明",
        "ref": "",
        "url": "",
        "url2": ""
      }
    },
    {
      "type": "Feature",
      "geometry": {
        "type": "Point",
        "coordinates": [
          136.785423,
          35.4005287
        ]
      },
      "properties": {
        "内容": "バス停: 細畑",
        "name": "細畑",
        "operator": "事業者不明",
        "ref": "",
        "url": "",
        "url2": ""
      }
    },
    {
      "type": "Feature",
      "geometry": {
        "type": "Point",
        "coordinates": [
          136.7855356,
          35.4004281
        ]
      },
      "properties": {
        "内容": "バス停: 細畑",
        "name": "細畑",
        "operator": "事業者不明",
        "ref": "",
        "url": "",
        "url2": ""
      }
    },
    {
      "type": "Feature",
      "geometry": {
        "type": "Point",
        "coordinates": [
          136.7907069,
          35.3996957
        ]
      },
      "properties": {
        "内容": "バス停: いりのと公園前",
        "name": "いりのと公園前",
        "operator": "事業者不明",
        "ref": "",
        "url": "",
        "url2": ""
      }
    },
    {
      "type": "Feature",
      "geometry": {
        "type": "Point",
        "coordinates": [
          136.7907659,
          35.3991666
        ]
      },
      "properties": {
        "内容": "バス停: いりのと公園前",
        "name": "いりのと公園前",
        "operator": "事業者不明",
        "ref": "",
        "url": "",
        "url2": ""
      }
    },
    {
      "type": "Feature",
      "geometry": {
        "type": "Point",
        "coordinates": [
          136.7894946,
          35.3950386
        ]
      },
      "properties": {
        "内容": "バス停: 岐阜女子高前",
        "name": "岐阜女子高前",
        "operator": "事業者不明",
        "ref": "",
        "url": "",
        "url2": ""
      }
    },
    {
      "type": "Feature",
      "geometry": {
        "type": "Point",
        "coordinates": [
          136.7898325,
          35.3959089
        ]
      },
      "properties": {
        "内容": "バス停: 岐阜女子高前",
        "name": "岐阜女子高前",
        "operator": "事業者不明",
        "ref": "",
        "url": "",
        "url2": ""
      }
    },
    {
      "type": "Feature",
      "geometry": {
        "type": "Point",
        "coordinates": [
          136.7895214,
          35.390753
        ]
      },
      "properties": {
        "内容": "バス停: 岐南町三宅",
        "name": "岐南町三宅",
        "operator": "事業者不明",
        "ref": "",
        "url": "",
        "url2": ""
      }
    },
    {
      "type": "Feature",
      "geometry": {
        "type": "Point",
        "coordinates": [
          136.7896341,
          35.391221
        ]
      },
      "properties": {
        "内容": "バス停: 岐南町三宅",
        "name": "岐南町三宅",
        "operator": "事業者不明",
        "ref": "",
        "url": "",
        "url2": ""
      }
    },
    {
      "type": "Feature",
      "geometry": {
        "type": "Point",
        "coordinates": [
          136.7586545,
          35.4043831
        ]
      },
      "properties": {
        "内容": "バス停: 加納朝日町1丁目",
        "name": "加納朝日町1丁目",
        "operator": "事業者不明",
        "ref": "",
        "url": "",
        "url2": ""
      }
    },
    {
      "type": "Feature",
      "geometry": {
        "type": "Point",
        "coordinates": [
          136.7579652,
          35.402785
        ]
      },
      "properties": {
        "内容": "バス停: 加納朝日町2丁目",
        "name": "加納朝日町2丁目",
        "operator": "事業者不明",
        "ref": "",
        "url": "",
        "url2": ""
      }
    },
    {
      "type": "Feature",
      "geometry": {
        "type": "Point",
        "coordinates": [
          136.7580993,
          35.4027806
        ]
      },
      "properties": {
        "内容": "バス停: 加納朝日町2丁目",
        "name": "加納朝日町2丁目",
        "operator": "事業者不明",
        "ref": "",
        "url": "",
        "url2": ""
      }
    },
    {
      "type": "Feature",
      "geometry": {
        "type": "Point",
        "coordinates": [
          136.7573188,
          35.4012808
        ]
      },
      "properties": {
        "内容": "バス停: 加納朝日町3丁目",
        "name": "加納朝日町3丁目",
        "operator": "事業者不明",
        "ref": "",
        "url": "",
        "url2": ""
      }
    },
    {
      "type": "Feature",
      "geometry": {
        "type": "Point",
        "coordinates": [
          136.7570694,
          35.4002948
        ]
      },
      "properties": {
        "内容": "バス停: 城南通り",
        "name": "城南通り",
        "operator": "事業者不明",
        "ref": "",
        "url": "",
        "url2": ""
      }
    },
    {
      "type": "Feature",
      "geometry": {
        "type": "Point",
        "coordinates": [
          136.7568065,
          35.3998531
        ]
      },
      "properties": {
        "内容": "バス停: 城南通り",
        "name": "城南通り",
        "operator": "事業者不明",
        "ref": "",
        "url": "",
        "url2": ""
      }
    },
    {
      "type": "Feature",
      "geometry": {
        "type": "Point",
        "coordinates": [
          136.7594994,
          35.3983008
        ]
      },
      "properties": {
        "内容": "バス停: 加納中学校前",
        "name": "加納中学校前",
        "operator": "事業者不明",
        "ref": "",
        "url": "",
        "url2": ""
      }
    },
    {
      "type": "Feature",
      "geometry": {
        "type": "Point",
        "coordinates": [
          136.7602773,
          35.3980822
        ]
      },
      "properties": {
        "内容": "バス停: 加納中学校前",
        "name": "加納中学校前",
        "operator": "事業者不明",
        "ref": "",
        "url": "",
        "url2": ""
      }
    },
    {
      "type": "Feature",
      "geometry": {
        "type": "Point",
        "coordinates": [
          136.7644803,
          35.3976339
        ]
      },
      "properties": {
        "内容": "バス停: 城東通り3丁目",
        "name": "城東通り3丁目",
        "operator": "事業者不明",
        "ref": "",
        "url": "",
        "url2": ""
      }
    },
    {
      "type": "Feature",
      "geometry": {
        "type": "Point",
        "coordinates": [
          136.7634611,
          35.3976536
        ]
      },
      "properties": {
        "内容": "バス停: 城東通り3丁目",
        "name": "城東通り3丁目",
        "operator": "事業者不明",
        "ref": "",
        "url": "",
        "url2": ""
      }
    },
    {
      "type": "Feature",
      "geometry": {
        "type": "Point",
        "coordinates": [
          136.7728246,
          35.395887
        ]
      },
      "properties": {
        "内容": "バス停: 厚見中学校前",
        "name": "厚見中学校前",
        "operator": "事業者不明",
        "ref": "",
        "url": "",
        "url2": ""
      }
    },
    {
      "type": "Feature",
      "geometry": {
        "type": "Point",
        "coordinates": [
          136.7730178,
          35.3959701
        ]
      },
      "properties": {
        "内容": "バス停: 厚見中学校前",
        "name": "厚見中学校前",
        "operator": "事業者不明",
        "ref": "",
        "url": "",
        "url2": ""
      }
    },
    {
      "type": "Feature",
      "geometry": {
        "type": "Point",
        "coordinates": [
          136.7787577,
          35.3945707
        ]
      },
      "properties": {
        "内容": "バス停: 八剣",
        "name": "八剣",
        "operator": "事業者不明",
        "ref": "",
        "url": "",
        "url2": ""
      }
    },
    {
      "type": "Feature",
      "geometry": {
        "type": "Point",
        "coordinates": [
          136.7788221,
          35.3944439
        ]
      },
      "properties": {
        "内容": "バス停: 八剣",
        "name": "八剣",
        "operator": "事業者不明",
        "ref": "",
        "url": "",
        "url2": ""
      }
    },
    {
      "type": "Feature",
      "geometry": {
        "type": "Point",
        "coordinates": [
          136.7882366,
          35.3930489
        ]
      },
      "properties": {
        "内容": "バス停: 上印食",
        "name": "上印食",
        "operator": "事業者不明",
        "ref": "",
        "url": "",
        "url2": ""
      }
    },
    {
      "type": "Feature",
      "geometry": {
        "type": "Point",
        "coordinates": [
          136.7891057,
          35.392804
        ]
      },
      "properties": {
        "内容": "バス停: 上印食",
        "name": "上印食",
        "operator": "事業者不明",
        "ref": "",
        "url": "",
        "url2": ""
      }
    },
    {
      "type": "Feature",
      "geometry": {
        "type": "Point",
        "coordinates": [
          136.7931558,
          35.3891655
        ]
      },
      "properties": {
        "内容": "バス停: 南屋敷",
        "name": "南屋敷",
        "operator": "事業者不明",
        "ref": "",
        "url": "",
        "url2": ""
      }
    },
    {
      "type": "Feature",
      "geometry": {
        "type": "Point",
        "coordinates": [
          136.7930163,
          35.3890825
        ]
      },
      "properties": {
        "内容": "バス停: 南屋敷",
        "name": "南屋敷",
        "operator": "事業者不明",
        "ref": "",
        "url": "",
        "url2": ""
      }
    },
    {
      "type": "Feature",
      "geometry": {
        "type": "Point",
        "coordinates": [
          136.7925818,
          35.3826141
        ]
      },
      "properties": {
        "内容": "バス停: 伏屋",
        "name": "伏屋",
        "operator": "事業者不明",
        "ref": "",
        "url": "",
        "url2": ""
      }
    },
    {
      "type": "Feature",
      "geometry": {
        "type": "Point",
        "coordinates": [
          136.7896528,
          35.3757735
        ]
      },
      "properties": {
        "内容": "バス停: 円城寺",
        "name": "円城寺",
        "operator": "事業者不明",
        "ref": "",
        "url": "",
        "url2": ""
      }
    },
    {
      "type": "Feature",
      "geometry": {
        "type": "Point",
        "coordinates": [
          136.7898406,
          35.3756248
        ]
      },
      "properties": {
        "内容": "バス停: 円城寺",
        "name": "円城寺",
        "operator": "事業者不明",
        "ref": "",
        "url": "",
        "url2": ""
      }
    },
    {
      "type": "Feature",
      "geometry": {
        "type": "Point",
        "coordinates": [
          136.7927696,
          35.3756947
        ]
      },
      "properties": {
        "内容": "バス停: 中野",
        "name": "中野",
        "operator": "事業者不明",
        "ref": "",
        "url": "",
        "url2": ""
      }
    },
    {
      "type": "Feature",
      "geometry": {
        "type": "Point",
        "coordinates": [
          136.7929949,
          35.3755766
        ]
      },
      "properties": {
        "内容": "バス停: 中野",
        "name": "中野",
        "operator": "事業者不明",
        "ref": "",
        "url": "",
        "url2": ""
      }
    },
    {
      "type": "Feature",
      "geometry": {
        "type": "Point",
        "coordinates": [
          136.797281,
          35.3761453
        ]
      },
      "properties": {
        "内容": "バス停: 宮若地前無勒寺",
        "name": "宮若地前無勒寺",
        "operator": "事業者不明",
        "ref": "",
        "url": "",
        "url2": ""
      }
    },
    {
      "type": "Feature",
      "geometry": {
        "type": "Point",
        "coordinates": [
          136.7975546,
          35.3760578
        ]
      },
      "properties": {
        "内容": "バス停: 宮若地前無勒寺",
        "name": "宮若地前無勒寺",
        "operator": "事業者不明",
        "ref": "",
        "url": "",
        "url2": ""
      }
    },
    {
      "type": "Feature",
      "geometry": {
        "type": "Point",
        "coordinates": [
          136.8021144,
          35.3785597
        ]
      },
      "properties": {
        "内容": "バス停: 江川",
        "name": "江川",
        "operator": "事業者不明",
        "ref": "",
        "url": "",
        "url2": ""
      }
    },
    {
      "type": "Feature",
      "geometry": {
        "type": "Point",
        "coordinates": [
          136.8020124,
          35.3780742
        ]
      },
      "properties": {
        "内容": "バス停: 江川",
        "name": "江川",
        "operator": "事業者不明",
        "ref": "",
        "url": "",
        "url2": ""
      }
    },
    {
      "type": "Feature",
      "geometry": {
        "type": "Point",
        "coordinates": [
          136.9579611,
          35.7515639
        ]
      },
      "properties": {
        "内容": "バス停: 城下町プラザ",
        "name": "城下町プラザ",
        "operator": "事業者不明",
        "ref": "",
        "url": "",
        "url2": ""
      }
    },
    {
      "type": "Feature",
      "geometry": {
        "type": "Point",
        "coordinates": [
          136.9578189,
          35.7515244
        ]
      },
      "properties": {
        "内容": "バス停: 城下町プラザ",
        "name": "城下町プラザ",
        "operator": "事業者不明",
        "ref": "",
        "url": "",
        "url2": ""
      }
    },
    {
      "type": "Feature",
      "geometry": {
        "type": "Point",
        "coordinates": [
          137.4919657,
          36.1764698
        ]
      },
      "properties": {
        "内容": "バス停: ほおのき平駐車場",
        "name": "ほおのき平駐車場",
        "operator": "事業者不明",
        "ref": "",
        "url": "",
        "url2": ""
      }
    },
    {
      "type": "Feature",
      "geometry": {
        "type": "Point",
        "coordinates": [
          137.5653441,
          35.5246646
        ]
      },
      "properties": {
        "内容": "バス停: Magome Bus stop 馬籠",
        "name": "Magome Bus stop 馬籠",
        "operator": "事業者不明",
        "ref": "M34",
        "url": "",
        "url2": ""
      }
    },
    {
      "type": "Feature",
      "geometry": {
        "type": "Point",
        "coordinates": [
          136.6268854,
          35.4705038
        ]
      },
      "properties": {
        "内容": "バス停: 大野バスセンター",
        "name": "大野バスセンター",
        "operator": "事業者不明",
        "ref": "",
        "url": "",
        "url2": ""
      }
    },
    {
      "type": "Feature",
      "geometry": {
        "type": "Point",
        "coordinates": [
          136.90703,
          36.2602901
        ]
      },
      "properties": {
        "内容": "バス停: 名称不明バス停",
        "name": "名称不明バス停",
        "operator": "事業者不明",
        "ref": "",
        "url": "",
        "url2": ""
      }
    },
    {
      "type": "Feature",
      "geometry": {
        "type": "Point",
        "coordinates": [
          136.9027685,
          36.256182
        ]
      },
      "properties": {
        "内容": "バス停: 名称不明バス停",
        "name": "名称不明バス停",
        "operator": "事業者不明",
        "ref": "",
        "url": "",
        "url2": ""
      }
    },
    {
      "type": "Feature",
      "geometry": {
        "type": "Point",
        "coordinates": [
          137.5707945,
          36.2611754
        ]
      },
      "properties": {
        "内容": "バス停: 名称不明バス停",
        "name": "名称不明バス停",
        "operator": "事業者不明",
        "ref": "",
        "url": "",
        "url2": ""
      }
    },
    {
      "type": "Feature",
      "geometry": {
        "type": "Point",
        "coordinates": [
          137.5748507,
          36.2833952
        ]
      },
      "properties": {
        "内容": "バス停: 新穂高温泉",
        "name": "新穂高温泉",
        "operator": "事業者不明",
        "ref": "",
        "url": "",
        "url2": ""
      }
    },
    {
      "type": "Feature",
      "geometry": {
        "type": "Point",
        "coordinates": [
          137.4917502,
          36.1763455
        ]
      },
      "properties": {
        "内容": "バス停: 名称不明バス停",
        "name": "名称不明バス停",
        "operator": "事業者不明",
        "ref": "",
        "url": "",
        "url2": ""
      }
    },
    {
      "type": "Feature",
      "geometry": {
        "type": "Point",
        "coordinates": [
          137.5752333,
          36.2855422
        ]
      },
      "properties": {
        "内容": "バス停: 新穂高ロープウェイ",
        "name": "新穂高ロープウェイ",
        "operator": "事業者不明",
        "ref": "",
        "url": "",
        "url2": ""
      }
    },
    {
      "type": "Feature",
      "geometry": {
        "type": "Point",
        "coordinates": [
          137.5624765,
          36.2641542
        ]
      },
      "properties": {
        "内容": "バス停: 中尾高原口",
        "name": "中尾高原口",
        "operator": "事業者不明",
        "ref": "",
        "url": "",
        "url2": ""
      }
    },
    {
      "type": "Feature",
      "geometry": {
        "type": "Point",
        "coordinates": [
          137.2425156,
          36.1377102
        ]
      },
      "properties": {
        "内容": "バス停: S2 Minzokukan Guchi",
        "name": "S2 Minzokukan Guchi",
        "operator": "事業者不明",
        "ref": "",
        "url": "",
        "url2": ""
      }
    },
    {
      "type": "Feature",
      "geometry": {
        "type": "Point",
        "coordinates": [
          137.5555714,
          36.1824056
        ]
      },
      "properties": {
        "内容": "バス停: シャトルバス片道１００円",
        "name": "シャトルバス片道１００円",
        "operator": "事業者不明",
        "ref": "",
        "url": "",
        "url2": ""
      }
    },
    {
      "type": "Feature",
      "geometry": {
        "type": "Point",
        "coordinates": [
          137.5586935,
          36.1794526
        ]
      },
      "properties": {
        "内容": "バス停: シャトルバス片道１００円",
        "name": "シャトルバス片道１００円",
        "operator": "事業者不明",
        "ref": "",
        "url": "",
        "url2": ""
      }
    },
    {
      "type": "Feature",
      "geometry": {
        "type": "Point",
        "coordinates": [
          137.403348,
          35.477948
        ]
      },
      "properties": {
        "内容": "バス停: かんぽの宿前",
        "name": "かんぽの宿前",
        "operator": "事業者不明",
        "ref": "",
        "url": "",
        "url2": ""
      }
    },
    {
      "type": "Feature",
      "geometry": {
        "type": "Point",
        "coordinates": [
          137.409708,
          35.452796
        ]
      },
      "properties": {
        "内容": "バス停: 公布町",
        "name": "公布町",
        "operator": "事業者不明",
        "ref": "",
        "url": "",
        "url2": ""
      }
    },
    {
      "type": "Feature",
      "geometry": {
        "type": "Point",
        "coordinates": [
          137.409835,
          35.452898
        ]
      },
      "properties": {
        "内容": "バス停: 公布町",
        "name": "公布町",
        "operator": "事業者不明",
        "ref": "",
        "url": "",
        "url2": ""
      }
    },
    {
      "type": "Feature",
      "geometry": {
        "type": "Point",
        "coordinates": [
          137.416204,
          35.462145
        ]
      },
      "properties": {
        "内容": "バス停: 北関戸",
        "name": "北関戸",
        "operator": "事業者不明",
        "ref": "",
        "url": "",
        "url2": ""
      }
    },
    {
      "type": "Feature",
      "geometry": {
        "type": "Point",
        "coordinates": [
          137.416303,
          35.462179
        ]
      },
      "properties": {
        "内容": "バス停: 北関戸",
        "name": "北関戸",
        "operator": "事業者不明",
        "ref": "",
        "url": "",
        "url2": ""
      }
    },
    {
      "type": "Feature",
      "geometry": {
        "type": "Point",
        "coordinates": [
          137.40688,
          35.469817
        ]
      },
      "properties": {
        "内容": "バス停: 土々ヶ根",
        "name": "土々ヶ根",
        "operator": "事業者不明",
        "ref": "",
        "url": "",
        "url2": ""
      }
    },
    {
      "type": "Feature",
      "geometry": {
        "type": "Point",
        "coordinates": [
          137.407028,
          35.469997
        ]
      },
      "properties": {
        "内容": "バス停: 土々ヶ根",
        "name": "土々ヶ根",
        "operator": "事業者不明",
        "ref": "",
        "url": "",
        "url2": ""
      }
    },
    {
      "type": "Feature",
      "geometry": {
        "type": "Point",
        "coordinates": [
          137.417002,
          35.456288
        ]
      },
      "properties": {
        "内容": "バス停: 大井小学校前",
        "name": "大井小学校前",
        "operator": "事業者不明",
        "ref": "",
        "url": "",
        "url2": ""
      }
    },
    {
      "type": "Feature",
      "geometry": {
        "type": "Point",
        "coordinates": [
          137.415167,
          35.45327
        ]
      },
      "properties": {
        "内容": "バス停: 御所の前",
        "name": "御所の前",
        "operator": "事業者不明",
        "ref": "",
        "url": "",
        "url2": ""
      }
    },
    {
      "type": "Feature",
      "geometry": {
        "type": "Point",
        "coordinates": [
          137.4155745,
          35.4532219
        ]
      },
      "properties": {
        "内容": "バス停: 御所の前",
        "name": "御所の前",
        "operator": "事業者不明",
        "ref": "",
        "url": "",
        "url2": ""
      }
    },
    {
      "type": "Feature",
      "geometry": {
        "type": "Point",
        "coordinates": [
          137.4053003,
          35.4783914
        ]
      },
      "properties": {
        "内容": "バス停: 恵那峡",
        "name": "恵那峡",
        "operator": "事業者不明",
        "ref": "",
        "url": "",
        "url2": ""
      }
    },
    {
      "type": "Feature",
      "geometry": {
        "type": "Point",
        "coordinates": [
          137.413073,
          35.465018
        ]
      },
      "properties": {
        "内容": "バス停: 恵那農高前",
        "name": "恵那農高前",
        "operator": "事業者不明",
        "ref": "",
        "url": "",
        "url2": ""
      }
    },
    {
      "type": "Feature",
      "geometry": {
        "type": "Point",
        "coordinates": [
          137.413236,
          35.465018
        ]
      },
      "properties": {
        "内容": "バス停: 恵那農高前",
        "name": "恵那農高前",
        "operator": "事業者不明",
        "ref": "",
        "url": "",
        "url2": ""
      }
    },
    {
      "type": "Feature",
      "geometry": {
        "type": "Point",
        "coordinates": [
          137.408693,
          35.455066
        ]
      },
      "properties": {
        "内容": "バス停: 恵那駅前",
        "name": "恵那駅前",
        "operator": "事業者不明",
        "ref": "",
        "url": "",
        "url2": ""
      }
    },
    {
      "type": "Feature",
      "geometry": {
        "type": "Point",
        "coordinates": [
          137.417857,
          35.459542
        ]
      },
      "properties": {
        "内容": "バス停: 正善寺前",
        "name": "正善寺前",
        "operator": "事業者不明",
        "ref": "",
        "url": "",
        "url2": ""
      }
    },
    {
      "type": "Feature",
      "geometry": {
        "type": "Point",
        "coordinates": [
          137.417798,
          35.459765
        ]
      },
      "properties": {
        "内容": "バス停: 正善寺前",
        "name": "正善寺前",
        "operator": "事業者不明",
        "ref": "",
        "url": "",
        "url2": ""
      }
    },
    {
      "type": "Feature",
      "geometry": {
        "type": "Point",
        "coordinates": [
          137.4049659,
          35.4739183
        ]
      },
      "properties": {
        "内容": "バス停: 雀の宿前",
        "name": "雀の宿前",
        "operator": "事業者不明",
        "ref": "",
        "url": "",
        "url2": ""
      }
    },
    {
      "type": "Feature",
      "geometry": {
        "type": "Point",
        "coordinates": [
          137.564898,
          35.5249055
        ]
      },
      "properties": {
        "内容": "バス停: 馬籠",
        "name": "馬籠",
        "operator": "事業者不明",
        "ref": "",
        "url": "",
        "url2": ""
      }
    },
    {
      "type": "Feature",
      "geometry": {
        "type": "Point",
        "coordinates": [
          137.5037234,
          35.500848
        ]
      },
      "properties": {
        "内容": "バス停: 名称不明バス停",
        "name": "名称不明バス停",
        "operator": "事業者不明",
        "ref": "",
        "url": "",
        "url2": ""
      }
    },
    {
      "type": "Feature",
      "geometry": {
        "type": "Point",
        "coordinates": [
          137.568624,
          35.520486
        ]
      },
      "properties": {
        "内容": "バス停: 名称不明バス停",
        "name": "名称不明バス停",
        "operator": "事業者不明",
        "ref": "",
        "url": "",
        "url2": ""
      }
    },
    {
      "type": "Feature",
      "geometry": {
        "type": "Point",
        "coordinates": [
          137.5717501,
          35.5175421
        ]
      },
      "properties": {
        "内容": "バス停: 名称不明バス停",
        "name": "名称不明バス停",
        "operator": "事業者不明",
        "ref": "",
        "url": "",
        "url2": ""
      }
    },
    {
      "type": "Feature",
      "geometry": {
        "type": "Point",
        "coordinates": [
          137.5686976,
          35.5121555
        ]
      },
      "properties": {
        "内容": "バス停: 名称不明バス停",
        "name": "名称不明バス停",
        "operator": "事業者不明",
        "ref": "",
        "url": "",
        "url2": ""
      }
    },
    {
      "type": "Feature",
      "geometry": {
        "type": "Point",
        "coordinates": [
          137.5169774,
          35.5097635
        ]
      },
      "properties": {
        "内容": "バス停: 名称不明バス停",
        "name": "名称不明バス停",
        "operator": "事業者不明",
        "ref": "",
        "url": "",
        "url2": ""
      }
    },
    {
      "type": "Feature",
      "geometry": {
        "type": "Point",
        "coordinates": [
          137.5702866,
          35.5100891
        ]
      },
      "properties": {
        "内容": "バス停: 名称不明バス停",
        "name": "名称不明バス停",
        "operator": "事業者不明",
        "ref": "",
        "url": "",
        "url2": ""
      }
    },
    {
      "type": "Feature",
      "geometry": {
        "type": "Point",
        "coordinates": [
          137.5496594,
          35.5065741
        ]
      },
      "properties": {
        "内容": "バス停: 名称不明バス停",
        "name": "名称不明バス停",
        "operator": "事業者不明",
        "ref": "",
        "url": "",
        "url2": ""
      }
    },
    {
      "type": "Feature",
      "geometry": {
        "type": "Point",
        "coordinates": [
          137.5651015,
          35.5116759
        ]
      },
      "properties": {
        "内容": "バス停: 名称不明バス停",
        "name": "名称不明バス停",
        "operator": "事業者不明",
        "ref": "",
        "url": "",
        "url2": ""
      }
    },
    {
      "type": "Feature",
      "geometry": {
        "type": "Point",
        "coordinates": [
          137.5616688,
          35.5106174
        ]
      },
      "properties": {
        "内容": "バス停: 名称不明バス停",
        "name": "名称不明バス停",
        "operator": "事業者不明",
        "ref": "",
        "url": "",
        "url2": ""
      }
    },
    {
      "type": "Feature",
      "geometry": {
        "type": "Point",
        "coordinates": [
          137.5195009,
          35.5126266
        ]
      },
      "properties": {
        "内容": "バス停: 名称不明バス停",
        "name": "名称不明バス停",
        "operator": "事業者不明",
        "ref": "",
        "url": "",
        "url2": ""
      }
    },
    {
      "type": "Feature",
      "geometry": {
        "type": "Point",
        "coordinates": [
          137.5158871,
          35.5112315
        ]
      },
      "properties": {
        "内容": "バス停: 名称不明バス停",
        "name": "名称不明バス停",
        "operator": "事業者不明",
        "ref": "",
        "url": "",
        "url2": ""
      }
    },
    {
      "type": "Feature",
      "geometry": {
        "type": "Point",
        "coordinates": [
          137.5085313,
          35.5071676
        ]
      },
      "properties": {
        "内容": "バス停: 名称不明バス停",
        "name": "名称不明バス停",
        "operator": "事業者不明",
        "ref": "",
        "url": "",
        "url2": ""
      }
    },
    {
      "type": "Feature",
      "geometry": {
        "type": "Point",
        "coordinates": [
          137.5399452,
          35.5072177
        ]
      },
      "properties": {
        "内容": "バス停: 名称不明バス停",
        "name": "名称不明バス停",
        "operator": "事業者不明",
        "ref": "",
        "url": "",
        "url2": ""
      }
    },
    {
      "type": "Feature",
      "geometry": {
        "type": "Point",
        "coordinates": [
          137.5153334,
          35.5127679
        ]
      },
      "properties": {
        "内容": "バス停: 名称不明バス停",
        "name": "名称不明バス停",
        "operator": "事業者不明",
        "ref": "",
        "url": "",
        "url2": ""
      }
    },
    {
      "type": "Feature",
      "geometry": {
        "type": "Point",
        "coordinates": [
          137.5334917,
          35.5102896
        ]
      },
      "properties": {
        "内容": "バス停: 名称不明バス停",
        "name": "名称不明バス停",
        "operator": "事業者不明",
        "ref": "",
        "url": "",
        "url2": ""
      }
    },
    {
      "type": "Feature",
      "geometry": {
        "type": "Point",
        "coordinates": [
          137.5291016,
          35.5129522
        ]
      },
      "properties": {
        "内容": "バス停: 名称不明バス停",
        "name": "名称不明バス停",
        "operator": "事業者不明",
        "ref": "",
        "url": "",
        "url2": ""
      }
    },
    {
      "type": "Feature",
      "geometry": {
        "type": "Point",
        "coordinates": [
          137.5271917,
          35.5120023
        ]
      },
      "properties": {
        "内容": "バス停: 名称不明バス停",
        "name": "名称不明バス停",
        "operator": "事業者不明",
        "ref": "",
        "url": "",
        "url2": ""
      }
    },
    {
      "type": "Feature",
      "geometry": {
        "type": "Point",
        "coordinates": [
          137.5241738,
          35.5116834
        ]
      },
      "properties": {
        "内容": "バス停: 与坂",
        "name": "与坂",
        "operator": "事業者不明",
        "ref": "M10",
        "url": "",
        "url2": ""
      }
    },
    {
      "type": "Feature",
      "geometry": {
        "type": "Point",
        "coordinates": [
          137.5125829,
          35.5085485
        ]
      },
      "properties": {
        "内容": "バス停: 名称不明バス停",
        "name": "名称不明バス停",
        "operator": "事業者不明",
        "ref": "",
        "url": "",
        "url2": ""
      }
    },
    {
      "type": "Feature",
      "geometry": {
        "type": "Point",
        "coordinates": [
          137.2514759,
          36.1420561
        ]
      },
      "properties": {
        "内容": "バス停: Takayama Nohi Bus Centre",
        "name": "Takayama Nohi Bus Centre",
        "operator": "事業者不明",
        "ref": "",
        "url": "",
        "url2": ""
      }
    },
    {
      "type": "Feature",
      "geometry": {
        "type": "Point",
        "coordinates": [
          137.328208,
          35.528618
        ]
      },
      "properties": {
        "内容": "バス停: 中野方馬越",
        "name": "中野方馬越",
        "operator": "事業者不明",
        "ref": "",
        "url": "",
        "url2": ""
      }
    },
    {
      "type": "Feature",
      "geometry": {
        "type": "Point",
        "coordinates": [
          137.322229,
          35.526725
        ]
      },
      "properties": {
        "内容": "バス停: 大日",
        "name": "大日",
        "operator": "事業者不明",
        "ref": "",
        "url": "",
        "url2": ""
      }
    },
    {
      "type": "Feature",
      "geometry": {
        "type": "Point",
        "coordinates": [
          137.316922,
          35.525143
        ]
      },
      "properties": {
        "内容": "バス停: 町切",
        "name": "町切",
        "operator": "事業者不明",
        "ref": "",
        "url": "",
        "url2": ""
      }
    },
    {
      "type": "Feature",
      "geometry": {
        "type": "Point",
        "coordinates": [
          137.31698,
          35.525293
        ]
      },
      "properties": {
        "内容": "バス停: 町切",
        "name": "町切",
        "operator": "事業者不明",
        "ref": "",
        "url": "",
        "url2": ""
      }
    },
    {
      "type": "Feature",
      "geometry": {
        "type": "Point",
        "coordinates": [
          137.312137,
          35.523991
        ]
      },
      "properties": {
        "内容": "バス停: 八幡",
        "name": "八幡",
        "operator": "事業者不明",
        "ref": "",
        "url": "",
        "url2": ""
      }
    },
    {
      "type": "Feature",
      "geometry": {
        "type": "Point",
        "coordinates": [
          137.31198,
          35.524064
        ]
      },
      "properties": {
        "内容": "バス停: 八幡",
        "name": "八幡",
        "operator": "事業者不明",
        "ref": "",
        "url": "",
        "url2": ""
      }
    },
    {
      "type": "Feature",
      "geometry": {
        "type": "Point",
        "coordinates": [
          137.309485,
          35.522603
        ]
      },
      "properties": {
        "内容": "バス停: 中野方中切",
        "name": "中野方中切",
        "operator": "事業者不明",
        "ref": "",
        "url": "",
        "url2": ""
      }
    },
    {
      "type": "Feature",
      "geometry": {
        "type": "Point",
        "coordinates": [
          137.309164,
          35.522627
        ]
      },
      "properties": {
        "内容": "バス停: 中野方中切",
        "name": "中野方中切",
        "operator": "事業者不明",
        "ref": "",
        "url": "",
        "url2": ""
      }
    },
    {
      "type": "Feature",
      "geometry": {
        "type": "Point",
        "coordinates": [
          137.306741,
          35.521518
        ]
      },
      "properties": {
        "内容": "バス停: 中野方振興事務所前",
        "name": "中野方振興事務所前",
        "operator": "事業者不明",
        "ref": "",
        "url": "",
        "url2": ""
      }
    },
    {
      "type": "Feature",
      "geometry": {
        "type": "Point",
        "coordinates": [
          137.301495,
          35.520917
        ]
      },
      "properties": {
        "内容": "バス停: 新畑",
        "name": "新畑",
        "operator": "事業者不明",
        "ref": "",
        "url": "",
        "url2": ""
      }
    },
    {
      "type": "Feature",
      "geometry": {
        "type": "Point",
        "coordinates": [
          137.298641,
          35.516425
        ]
      },
      "properties": {
        "内容": "バス停: 野瀬",
        "name": "野瀬",
        "operator": "事業者不明",
        "ref": "",
        "url": "",
        "url2": ""
      }
    },
    {
      "type": "Feature",
      "geometry": {
        "type": "Point",
        "coordinates": [
          137.298566,
          35.516572
        ]
      },
      "properties": {
        "内容": "バス停: 野瀬",
        "name": "野瀬",
        "operator": "事業者不明",
        "ref": "",
        "url": "",
        "url2": ""
      }
    },
    {
      "type": "Feature",
      "geometry": {
        "type": "Point",
        "coordinates": [
          137.297963,
          35.512658
        ]
      },
      "properties": {
        "内容": "バス停: 勢井後",
        "name": "勢井後",
        "operator": "事業者不明",
        "ref": "",
        "url": "",
        "url2": ""
      }
    },
    {
      "type": "Feature",
      "geometry": {
        "type": "Point",
        "coordinates": [
          137.300964,
          35.509187
        ]
      },
      "properties": {
        "内容": "バス停: 井尻",
        "name": "井尻",
        "operator": "事業者不明",
        "ref": "",
        "url": "",
        "url2": ""
      }
    },
    {
      "type": "Feature",
      "geometry": {
        "type": "Point",
        "coordinates": [
          137.305939,
          35.502393
        ]
      },
      "properties": {
        "内容": "バス停: 梅平",
        "name": "梅平",
        "operator": "事業者不明",
        "ref": "",
        "url": "",
        "url2": ""
      }
    },
    {
      "type": "Feature",
      "geometry": {
        "type": "Point",
        "coordinates": [
          137.310638,
          35.499168
        ]
      },
      "properties": {
        "内容": "バス停: 不動の滝",
        "name": "不動の滝",
        "operator": "事業者不明",
        "ref": "",
        "url": "",
        "url2": ""
      }
    },
    {
      "type": "Feature",
      "geometry": {
        "type": "Point",
        "coordinates": [
          137.313849,
          35.497971
        ]
      },
      "properties": {
        "内容": "バス停: 上加須里",
        "name": "上加須里",
        "operator": "事業者不明",
        "ref": "",
        "url": "",
        "url2": ""
      }
    },
    {
      "type": "Feature",
      "geometry": {
        "type": "Point",
        "coordinates": [
          137.324703,
          35.492772
        ]
      },
      "properties": {
        "内容": "バス停: 下加須里",
        "name": "下加須里",
        "operator": "事業者不明",
        "ref": "",
        "url": "",
        "url2": ""
      }
    },
    {
      "type": "Feature",
      "geometry": {
        "type": "Point",
        "coordinates": [
          137.323875,
          35.493013
        ]
      },
      "properties": {
        "内容": "バス停: 下加須里",
        "name": "下加須里",
        "operator": "事業者不明",
        "ref": "",
        "url": "",
        "url2": ""
      }
    },
    {
      "type": "Feature",
      "geometry": {
        "type": "Point",
        "coordinates": [
          137.327202,
          35.488914
        ]
      },
      "properties": {
        "内容": "バス停: 道木",
        "name": "道木",
        "operator": "事業者不明",
        "ref": "",
        "url": "",
        "url2": ""
      }
    },
    {
      "type": "Feature",
      "geometry": {
        "type": "Point",
        "coordinates": [
          137.330397,
          35.484921
        ]
      },
      "properties": {
        "内容": "バス停: 島田",
        "name": "島田",
        "operator": "事業者不明",
        "ref": "",
        "url": "",
        "url2": ""
      }
    },
    {
      "type": "Feature",
      "geometry": {
        "type": "Point",
        "coordinates": [
          137.331637,
          35.480821
        ]
      },
      "properties": {
        "内容": "バス停: 河合",
        "name": "河合",
        "operator": "事業者不明",
        "ref": "",
        "url": "",
        "url2": ""
      }
    },
    {
      "type": "Feature",
      "geometry": {
        "type": "Point",
        "coordinates": [
          137.35069,
          35.474234
        ]
      },
      "properties": {
        "内容": "バス停: 錨",
        "name": "錨",
        "operator": "事業者不明",
        "ref": "",
        "url": "",
        "url2": ""
      }
    },
    {
      "type": "Feature",
      "geometry": {
        "type": "Point",
        "coordinates": [
          137.359145,
          35.476591
        ]
      },
      "properties": {
        "内容": "バス停: 姫栗",
        "name": "姫栗",
        "operator": "事業者不明",
        "ref": "",
        "url": "",
        "url2": ""
      }
    },
    {
      "type": "Feature",
      "geometry": {
        "type": "Point",
        "coordinates": [
          137.363053,
          35.474135
        ]
      },
      "properties": {
        "内容": "バス停: 久須見",
        "name": "久須見",
        "operator": "事業者不明",
        "ref": "",
        "url": "",
        "url2": ""
      }
    },
    {
      "type": "Feature",
      "geometry": {
        "type": "Point",
        "coordinates": [
          137.362807,
          35.474128
        ]
      },
      "properties": {
        "内容": "バス停: 久須見",
        "name": "久須見",
        "operator": "事業者不明",
        "ref": "",
        "url": "",
        "url2": ""
      }
    },
    {
      "type": "Feature",
      "geometry": {
        "type": "Point",
        "coordinates": [
          137.372805,
          35.473077
        ]
      },
      "properties": {
        "内容": "バス停: 上",
        "name": "上",
        "operator": "事業者不明",
        "ref": "",
        "url": "",
        "url2": ""
      }
    },
    {
      "type": "Feature",
      "geometry": {
        "type": "Point",
        "coordinates": [
          137.372743,
          35.47297
        ]
      },
      "properties": {
        "内容": "バス停: 上",
        "name": "上",
        "operator": "事業者不明",
        "ref": "",
        "url": "",
        "url2": ""
      }
    },
    {
      "type": "Feature",
      "geometry": {
        "type": "Point",
        "coordinates": [
          137.379104,
          35.467116
        ]
      },
      "properties": {
        "内容": "バス停: 越高",
        "name": "越高",
        "operator": "事業者不明",
        "ref": "",
        "url": "",
        "url2": ""
      }
    },
    {
      "type": "Feature",
      "geometry": {
        "type": "Point",
        "coordinates": [
          137.41196,
          35.448517
        ]
      },
      "properties": {
        "内容": "バス停: 恵那市役所前",
        "name": "恵那市役所前",
        "operator": "事業者不明",
        "ref": "",
        "url": "",
        "url2": ""
      }
    },
    {
      "type": "Feature",
      "geometry": {
        "type": "Point",
        "coordinates": [
          137.41152,
          35.447854
        ]
      },
      "properties": {
        "内容": "バス停: 中央図書館前",
        "name": "中央図書館前",
        "operator": "事業者不明",
        "ref": "",
        "url": "",
        "url2": ""
      }
    },
    {
      "type": "Feature",
      "geometry": {
        "type": "Point",
        "coordinates": [
          137.409713,
          35.448416
        ]
      },
      "properties": {
        "内容": "バス停: コープ前",
        "name": "コープ前",
        "operator": "事業者不明",
        "ref": "",
        "url": "",
        "url2": ""
      }
    },
    {
      "type": "Feature",
      "geometry": {
        "type": "Point",
        "coordinates": [
          137.407303,
          35.450573
        ]
      },
      "properties": {
        "内容": "バス停: 東神田",
        "name": "東神田",
        "operator": "事業者不明",
        "ref": "",
        "url": "",
        "url2": ""
      }
    },
    {
      "type": "Feature",
      "geometry": {
        "type": "Point",
        "coordinates": [
          137.397541,
          35.469525
        ]
      },
      "properties": {
        "内容": "バス停: 隆生園",
        "name": "隆生園",
        "operator": "事業者不明",
        "ref": "",
        "url": "",
        "url2": ""
      }
    },
    {
      "type": "Feature",
      "geometry": {
        "type": "Point",
        "coordinates": [
          137.392619,
          35.473178
        ]
      },
      "properties": {
        "内容": "バス停: 丸池公会堂前",
        "name": "丸池公会堂前",
        "operator": "事業者不明",
        "ref": "",
        "url": "",
        "url2": ""
      }
    },
    {
      "type": "Feature",
      "geometry": {
        "type": "Point",
        "coordinates": [
          137.395617,
          35.474376
        ]
      },
      "properties": {
        "内容": "バス停: 丸池住宅口",
        "name": "丸池住宅口",
        "operator": "事業者不明",
        "ref": "",
        "url": "",
        "url2": ""
      }
    },
    {
      "type": "Feature",
      "geometry": {
        "type": "Point",
        "coordinates": [
          137.397593,
          35.474773
        ]
      },
      "properties": {
        "内容": "バス停: 丸池市営住宅前",
        "name": "丸池市営住宅前",
        "operator": "事業者不明",
        "ref": "",
        "url": "",
        "url2": ""
      }
    },
    {
      "type": "Feature",
      "geometry": {
        "type": "Point",
        "coordinates": [
          137.410592,
          35.449714
        ]
      },
      "properties": {
        "内容": "バス停: 神明町",
        "name": "神明町",
        "operator": "事業者不明",
        "ref": "",
        "url": "",
        "url2": ""
      }
    },
    {
      "type": "Feature",
      "geometry": {
        "type": "Point",
        "coordinates": [
          137.40456,
          35.450348
        ]
      },
      "properties": {
        "内容": "バス停: 文化センター前",
        "name": "文化センター前",
        "operator": "事業者不明",
        "ref": "",
        "url": "",
        "url2": ""
      }
    },
    {
      "type": "Feature",
      "geometry": {
        "type": "Point",
        "coordinates": [
          137.400599,
          35.452169
        ]
      },
      "properties": {
        "内容": "バス停: 坂の上",
        "name": "坂の上",
        "operator": "事業者不明",
        "ref": "",
        "url": "",
        "url2": ""
      }
    },
    {
      "type": "Feature",
      "geometry": {
        "type": "Point",
        "coordinates": [
          137.403854,
          35.460386
        ]
      },
      "properties": {
        "内容": "バス停: 旭ヶ丘",
        "name": "旭ヶ丘",
        "operator": "事業者不明",
        "ref": "",
        "url": "",
        "url2": ""
      }
    },
    {
      "type": "Feature",
      "geometry": {
        "type": "Point",
        "coordinates": [
          137.401115,
          35.463166
        ]
      },
      "properties": {
        "内容": "バス停: 変電所前",
        "name": "変電所前",
        "operator": "事業者不明",
        "ref": "",
        "url": "",
        "url2": ""
      }
    },
    {
      "type": "Feature",
      "geometry": {
        "type": "Point",
        "coordinates": [
          137.398928,
          35.464039
        ]
      },
      "properties": {
        "内容": "バス停: 緑ヶ丘",
        "name": "緑ヶ丘",
        "operator": "事業者不明",
        "ref": "",
        "url": "",
        "url2": ""
      }
    },
    {
      "type": "Feature",
      "geometry": {
        "type": "Point",
        "coordinates": [
          137.393244,
          35.457613
        ]
      },
      "properties": {
        "内容": "バス停: 乗越",
        "name": "乗越",
        "operator": "事業者不明",
        "ref": "",
        "url": "",
        "url2": ""
      }
    },
    {
      "type": "Feature",
      "geometry": {
        "type": "Point",
        "coordinates": [
          137.386216,
          35.463717
        ]
      },
      "properties": {
        "内容": "バス停: 山中口",
        "name": "山中口",
        "operator": "事業者不明",
        "ref": "",
        "url": "",
        "url2": ""
      }
    },
    {
      "type": "Feature",
      "geometry": {
        "type": "Point",
        "coordinates": [
          137.394746,
          35.463332
        ]
      },
      "properties": {
        "内容": "バス停: 恵那病院前",
        "name": "恵那病院前",
        "operator": "事業者不明",
        "ref": "",
        "url": "",
        "url2": ""
      }
    },
    {
      "type": "Feature",
      "geometry": {
        "type": "Point",
        "coordinates": [
          137.390262,
          35.464656
        ]
      },
      "properties": {
        "内容": "バス停: 給食センター前",
        "name": "給食センター前",
        "operator": "事業者不明",
        "ref": "",
        "url": "",
        "url2": ""
      }
    },
    {
      "type": "Feature",
      "geometry": {
        "type": "Point",
        "coordinates": [
          137.385908,
          35.463792
        ]
      },
      "properties": {
        "内容": "バス停: 山中口",
        "name": "山中口",
        "operator": "事業者不明",
        "ref": "",
        "url": "",
        "url2": ""
      }
    },
    {
      "type": "Feature",
      "geometry": {
        "type": "Point",
        "coordinates": [
          137.390077,
          35.459103
        ]
      },
      "properties": {
        "内容": "バス停: 一本松",
        "name": "一本松",
        "operator": "事業者不明",
        "ref": "",
        "url": "",
        "url2": ""
      }
    },
    {
      "type": "Feature",
      "geometry": {
        "type": "Point",
        "coordinates": [
          137.394002,
          35.456968
        ]
      },
      "properties": {
        "内容": "バス停: 乗越",
        "name": "乗越",
        "operator": "事業者不明",
        "ref": "",
        "url": "",
        "url2": ""
      }
    },
    {
      "type": "Feature",
      "geometry": {
        "type": "Point",
        "coordinates": [
          137.400396,
          35.452187
        ]
      },
      "properties": {
        "内容": "バス停: 坂の上",
        "name": "坂の上",
        "operator": "事業者不明",
        "ref": "",
        "url": "",
        "url2": ""
      }
    },
    {
      "type": "Feature",
      "geometry": {
        "type": "Point",
        "coordinates": [
          137.4045107,
          35.4535541
        ]
      },
      "properties": {
        "内容": "バス停: 石橋",
        "name": "石橋",
        "operator": "事業者不明",
        "ref": "",
        "url": "",
        "url2": ""
      }
    },
    {
      "type": "Feature",
      "geometry": {
        "type": "Point",
        "coordinates": [
          137.387609,
          35.306102
        ]
      },
      "properties": {
        "内容": "バス停: 明智駅前",
        "name": "明智駅前",
        "operator": "事業者不明",
        "ref": "",
        "url": "",
        "url2": ""
      }
    },
    {
      "type": "Feature",
      "geometry": {
        "type": "Point",
        "coordinates": [
          137.387867,
          35.303982
        ]
      },
      "properties": {
        "内容": "バス停: 新町",
        "name": "新町",
        "operator": "事業者不明",
        "ref": "",
        "url": "",
        "url2": ""
      }
    },
    {
      "type": "Feature",
      "geometry": {
        "type": "Point",
        "coordinates": [
          137.387765,
          35.30398
        ]
      },
      "properties": {
        "内容": "バス停: 新町",
        "name": "新町",
        "operator": "事業者不明",
        "ref": "",
        "url": "",
        "url2": ""
      }
    },
    {
      "type": "Feature",
      "geometry": {
        "type": "Point",
        "coordinates": [
          137.382856,
          35.302138
        ]
      },
      "properties": {
        "内容": "バス停: 徳間",
        "name": "徳間",
        "operator": "事業者不明",
        "ref": "",
        "url": "",
        "url2": ""
      }
    },
    {
      "type": "Feature",
      "geometry": {
        "type": "Point",
        "coordinates": [
          137.377572,
          35.299733
        ]
      },
      "properties": {
        "内容": "バス停: 上田",
        "name": "上田",
        "operator": "事業者不明",
        "ref": "",
        "url": "",
        "url2": ""
      }
    },
    {
      "type": "Feature",
      "geometry": {
        "type": "Point",
        "coordinates": [
          137.3658325,
          35.3012698
        ]
      },
      "properties": {
        "内容": "バス停: 太田",
        "name": "太田",
        "operator": "事業者不明",
        "ref": "",
        "url": "",
        "url2": ""
      }
    },
    {
      "type": "Feature",
      "geometry": {
        "type": "Point",
        "coordinates": [
          137.365842,
          35.3013987
        ]
      },
      "properties": {
        "内容": "バス停: 太田",
        "name": "太田",
        "operator": "事業者不明",
        "ref": "",
        "url": "",
        "url2": ""
      }
    },
    {
      "type": "Feature",
      "geometry": {
        "type": "Point",
        "coordinates": [
          137.356033,
          35.305722
        ]
      },
      "properties": {
        "内容": "バス停: 吉田学校前",
        "name": "吉田学校前",
        "operator": "事業者不明",
        "ref": "",
        "url": "",
        "url2": ""
      }
    },
    {
      "type": "Feature",
      "geometry": {
        "type": "Point",
        "coordinates": [
          137.355463,
          35.309178
        ]
      },
      "properties": {
        "内容": "バス停: 吉良見",
        "name": "吉良見",
        "operator": "事業者不明",
        "ref": "",
        "url": "",
        "url2": ""
      }
    },
    {
      "type": "Feature",
      "geometry": {
        "type": "Point",
        "coordinates": [
          137.35436,
          35.312894
        ]
      },
      "properties": {
        "内容": "バス停: 関屋口",
        "name": "関屋口",
        "operator": "事業者不明",
        "ref": "",
        "url": "",
        "url2": ""
      }
    },
    {
      "type": "Feature",
      "geometry": {
        "type": "Point",
        "coordinates": [
          137.353565,
          35.313199
        ]
      },
      "properties": {
        "内容": "バス停: 関屋口",
        "name": "関屋口",
        "operator": "事業者不明",
        "ref": "",
        "url": "",
        "url2": ""
      }
    },
    {
      "type": "Feature",
      "geometry": {
        "type": "Point",
        "coordinates": [
          137.344019,
          35.316869
        ]
      },
      "properties": {
        "内容": "バス停: 吹越",
        "name": "吹越",
        "operator": "事業者不明",
        "ref": "",
        "url": "",
        "url2": ""
      }
    },
    {
      "type": "Feature",
      "geometry": {
        "type": "Point",
        "coordinates": [
          137.343866,
          35.3168
        ]
      },
      "properties": {
        "内容": "バス停: 吹越",
        "name": "吹越",
        "operator": "事業者不明",
        "ref": "",
        "url": "",
        "url2": ""
      }
    },
    {
      "type": "Feature",
      "geometry": {
        "type": "Point",
        "coordinates": [
          137.338258,
          35.31977
        ]
      },
      "properties": {
        "内容": "バス停: 陶東町",
        "name": "陶東町",
        "operator": "事業者不明",
        "ref": "",
        "url": "",
        "url2": ""
      }
    },
    {
      "type": "Feature",
      "geometry": {
        "type": "Point",
        "coordinates": [
          137.331861,
          35.319845
        ]
      },
      "properties": {
        "内容": "バス停: 陶旭町",
        "name": "陶旭町",
        "operator": "事業者不明",
        "ref": "",
        "url": "",
        "url2": ""
      }
    },
    {
      "type": "Feature",
      "geometry": {
        "type": "Point",
        "coordinates": [
          137.332532,
          35.319804
        ]
      },
      "properties": {
        "内容": "バス停: 陶旭町",
        "name": "陶旭町",
        "operator": "事業者不明",
        "ref": "",
        "url": "",
        "url2": ""
      }
    },
    {
      "type": "Feature",
      "geometry": {
        "type": "Point",
        "coordinates": [
          137.329718,
          35.319822
        ]
      },
      "properties": {
        "内容": "バス停: 陶ｺﾐｭﾆﾃｨｰｾﾝﾀｰ前",
        "name": "陶ｺﾐｭﾆﾃｨｰｾﾝﾀｰ前",
        "operator": "事業者不明",
        "ref": "",
        "url": "",
        "url2": ""
      }
    },
    {
      "type": "Feature",
      "geometry": {
        "type": "Point",
        "coordinates": [
          137.325423,
          35.319724
        ]
      },
      "properties": {
        "内容": "バス停: 陶町口",
        "name": "陶町口",
        "operator": "事業者不明",
        "ref": "",
        "url": "",
        "url2": ""
      }
    },
    {
      "type": "Feature",
      "geometry": {
        "type": "Point",
        "coordinates": [
          137.320812,
          35.319513
        ]
      },
      "properties": {
        "内容": "バス停: 陶幼稚園",
        "name": "陶幼稚園",
        "operator": "事業者不明",
        "ref": "",
        "url": "",
        "url2": ""
      }
    },
    {
      "type": "Feature",
      "geometry": {
        "type": "Point",
        "coordinates": [
          137.320196,
          35.319363
        ]
      },
      "properties": {
        "内容": "バス停: 陶幼稚園",
        "name": "陶幼稚園",
        "operator": "事業者不明",
        "ref": "",
        "url": "",
        "url2": ""
      }
    },
    {
      "type": "Feature",
      "geometry": {
        "type": "Point",
        "coordinates": [
          137.316794,
          35.318671
        ]
      },
      "properties": {
        "内容": "バス停: 陶小学校前",
        "name": "陶小学校前",
        "operator": "事業者不明",
        "ref": "",
        "url": "",
        "url2": ""
      }
    },
    {
      "type": "Feature",
      "geometry": {
        "type": "Point",
        "coordinates": [
          137.31656,
          35.318478
        ]
      },
      "properties": {
        "内容": "バス停: 陶小学校前",
        "name": "陶小学校前",
        "operator": "事業者不明",
        "ref": "",
        "url": "",
        "url2": ""
      }
    },
    {
      "type": "Feature",
      "geometry": {
        "type": "Point",
        "coordinates": [
          137.311369,
          35.315084
        ]
      },
      "properties": {
        "内容": "バス停: 樋の下",
        "name": "樋の下",
        "operator": "事業者不明",
        "ref": "",
        "url": "",
        "url2": ""
      }
    },
    {
      "type": "Feature",
      "geometry": {
        "type": "Point",
        "coordinates": [
          137.311371,
          35.314847
        ]
      },
      "properties": {
        "内容": "バス停: 樋の下",
        "name": "樋の下",
        "operator": "事業者不明",
        "ref": "",
        "url": "",
        "url2": ""
      }
    },
    {
      "type": "Feature",
      "geometry": {
        "type": "Point",
        "coordinates": [
          137.308077,
          35.312206
        ]
      },
      "properties": {
        "内容": "バス停: 水上",
        "name": "水上",
        "operator": "事業者不明",
        "ref": "",
        "url": "",
        "url2": ""
      }
    },
    {
      "type": "Feature",
      "geometry": {
        "type": "Point",
        "coordinates": [
          137.308152,
          35.31212
        ]
      },
      "properties": {
        "内容": "バス停: 水上",
        "name": "水上",
        "operator": "事業者不明",
        "ref": "",
        "url": "",
        "url2": ""
      }
    },
    {
      "type": "Feature",
      "geometry": {
        "type": "Point",
        "coordinates": [
          137.300694,
          35.311663
        ]
      },
      "properties": {
        "内容": "バス停: 大川団地前",
        "name": "大川団地前",
        "operator": "事業者不明",
        "ref": "",
        "url": "",
        "url2": ""
      }
    },
    {
      "type": "Feature",
      "geometry": {
        "type": "Point",
        "coordinates": [
          137.300304,
          35.311444
        ]
      },
      "properties": {
        "内容": "バス停: 大川団地前",
        "name": "大川団地前",
        "operator": "事業者不明",
        "ref": "",
        "url": "",
        "url2": ""
      }
    },
    {
      "type": "Feature",
      "geometry": {
        "type": "Point",
        "coordinates": [
          137.295008,
          35.309685
        ]
      },
      "properties": {
        "内容": "バス停: 大川",
        "name": "大川",
        "operator": "事業者不明",
        "ref": "",
        "url": "",
        "url2": ""
      }
    },
    {
      "type": "Feature",
      "geometry": {
        "type": "Point",
        "coordinates": [
          137.293885,
          35.3098
        ]
      },
      "properties": {
        "内容": "バス停: 大川",
        "name": "大川",
        "operator": "事業者不明",
        "ref": "",
        "url": "",
        "url2": ""
      }
    },
    {
      "type": "Feature",
      "geometry": {
        "type": "Point",
        "coordinates": [
          137.2931717,
          35.314357
        ]
      },
      "properties": {
        "内容": "バス停: 田尻",
        "name": "田尻",
        "operator": "事業者不明",
        "ref": "",
        "url": "",
        "url2": ""
      }
    },
    {
      "type": "Feature",
      "geometry": {
        "type": "Point",
        "coordinates": [
          137.292694,
          35.326724
        ]
      },
      "properties": {
        "内容": "バス停: 川折",
        "name": "川折",
        "operator": "事業者不明",
        "ref": "",
        "url": "",
        "url2": ""
      }
    },
    {
      "type": "Feature",
      "geometry": {
        "type": "Point",
        "coordinates": [
          137.288837,
          35.33161
        ]
      },
      "properties": {
        "内容": "バス停: 川折口",
        "name": "川折口",
        "operator": "事業者不明",
        "ref": "",
        "url": "",
        "url2": ""
      }
    },
    {
      "type": "Feature",
      "geometry": {
        "type": "Point",
        "coordinates": [
          137.286256,
          35.336453
        ]
      },
      "properties": {
        "内容": "バス停: 下川折",
        "name": "下川折",
        "operator": "事業者不明",
        "ref": "",
        "url": "",
        "url2": ""
      }
    },
    {
      "type": "Feature",
      "geometry": {
        "type": "Point",
        "coordinates": [
          137.2866678,
          35.3356823
        ]
      },
      "properties": {
        "内容": "バス停: 下川折",
        "name": "下川折",
        "operator": "事業者不明",
        "ref": "",
        "url": "",
        "url2": ""
      }
    },
    {
      "type": "Feature",
      "geometry": {
        "type": "Point",
        "coordinates": [
          137.277835,
          35.340106
        ]
      },
      "properties": {
        "内容": "バス停: 山の田",
        "name": "山の田",
        "operator": "事業者不明",
        "ref": "",
        "url": "",
        "url2": ""
      }
    },
    {
      "type": "Feature",
      "geometry": {
        "type": "Point",
        "coordinates": [
          137.277121,
          35.342087
        ]
      },
      "properties": {
        "内容": "バス停: 興徳寺口",
        "name": "興徳寺口",
        "operator": "事業者不明",
        "ref": "",
        "url": "",
        "url2": ""
      }
    },
    {
      "type": "Feature",
      "geometry": {
        "type": "Point",
        "coordinates": [
          137.274369,
          35.345502
        ]
      },
      "properties": {
        "内容": "バス停: 稲荷下",
        "name": "稲荷下",
        "operator": "事業者不明",
        "ref": "",
        "url": "",
        "url2": ""
      }
    },
    {
      "type": "Feature",
      "geometry": {
        "type": "Point",
        "coordinates": [
          137.272914,
          35.347795
        ]
      },
      "properties": {
        "内容": "バス停: 小里",
        "name": "小里",
        "operator": "事業者不明",
        "ref": "",
        "url": "",
        "url2": ""
      }
    },
    {
      "type": "Feature",
      "geometry": {
        "type": "Point",
        "coordinates": [
          137.272537,
          35.349048
        ]
      },
      "properties": {
        "内容": "バス停: 稲津公民館前",
        "name": "稲津公民館前",
        "operator": "事業者不明",
        "ref": "",
        "url": "",
        "url2": ""
      }
    },
    {
      "type": "Feature",
      "geometry": {
        "type": "Point",
        "coordinates": [
          137.272332,
          35.34945
        ]
      },
      "properties": {
        "内容": "バス停: 稲津公民館前",
        "name": "稲津公民館前",
        "operator": "事業者不明",
        "ref": "",
        "url": "",
        "url2": ""
      }
    },
    {
      "type": "Feature",
      "geometry": {
        "type": "Point",
        "coordinates": [
          137.27208,
          35.352507
        ]
      },
      "properties": {
        "内容": "バス停: 下小里",
        "name": "下小里",
        "operator": "事業者不明",
        "ref": "",
        "url": "",
        "url2": ""
      }
    },
    {
      "type": "Feature",
      "geometry": {
        "type": "Point",
        "coordinates": [
          137.271987,
          35.352388
        ]
      },
      "properties": {
        "内容": "バス停: 下小里",
        "name": "下小里",
        "operator": "事業者不明",
        "ref": "",
        "url": "",
        "url2": ""
      }
    },
    {
      "type": "Feature",
      "geometry": {
        "type": "Point",
        "coordinates": [
          137.271135,
          35.357112
        ]
      },
      "properties": {
        "内容": "バス停: 荻原口",
        "name": "荻原口",
        "operator": "事業者不明",
        "ref": "",
        "url": "",
        "url2": ""
      }
    },
    {
      "type": "Feature",
      "geometry": {
        "type": "Point",
        "coordinates": [
          137.271033,
          35.357092
        ]
      },
      "properties": {
        "内容": "バス停: 荻原口",
        "name": "荻原口",
        "operator": "事業者不明",
        "ref": "",
        "url": "",
        "url2": ""
      }
    },
    {
      "type": "Feature",
      "geometry": {
        "type": "Point",
        "coordinates": [
          137.264891,
          35.364156
        ]
      },
      "properties": {
        "内容": "バス停: 益見橋",
        "name": "益見橋",
        "operator": "事業者不明",
        "ref": "",
        "url": "",
        "url2": ""
      }
    },
    {
      "type": "Feature",
      "geometry": {
        "type": "Point",
        "coordinates": [
          137.264808,
          35.364131
        ]
      },
      "properties": {
        "内容": "バス停: 益見橋",
        "name": "益見橋",
        "operator": "事業者不明",
        "ref": "",
        "url": "",
        "url2": ""
      }
    },
    {
      "type": "Feature",
      "geometry": {
        "type": "Point",
        "coordinates": [
          137.261272,
          35.367314
        ]
      },
      "properties": {
        "内容": "バス停: 市原",
        "name": "市原",
        "operator": "事業者不明",
        "ref": "",
        "url": "",
        "url2": ""
      }
    },
    {
      "type": "Feature",
      "geometry": {
        "type": "Point",
        "coordinates": [
          137.2610448,
          35.3673008
        ]
      },
      "properties": {
        "内容": "バス停: 市原",
        "name": "市原",
        "operator": "事業者不明",
        "ref": "",
        "url": "",
        "url2": ""
      }
    },
    {
      "type": "Feature",
      "geometry": {
        "type": "Point",
        "coordinates": [
          137.258197,
          35.366808
        ]
      },
      "properties": {
        "内容": "バス停: 土岐橋",
        "name": "土岐橋",
        "operator": "事業者不明",
        "ref": "",
        "url": "",
        "url2": ""
      }
    },
    {
      "type": "Feature",
      "geometry": {
        "type": "Point",
        "coordinates": [
          137.258483,
          35.367137
        ]
      },
      "properties": {
        "内容": "バス停: 土岐橋",
        "name": "土岐橋",
        "operator": "事業者不明",
        "ref": "",
        "url": "",
        "url2": ""
      }
    },
    {
      "type": "Feature",
      "geometry": {
        "type": "Point",
        "coordinates": [
          137.254292,
          35.366314
        ]
      },
      "properties": {
        "内容": "バス停: 竜門通り",
        "name": "竜門通り",
        "operator": "事業者不明",
        "ref": "",
        "url": "",
        "url2": ""
      }
    },
    {
      "type": "Feature",
      "geometry": {
        "type": "Point",
        "coordinates": [
          137.254309,
          35.366222
        ]
      },
      "properties": {
        "内容": "バス停: 竜門通り",
        "name": "竜門通り",
        "operator": "事業者不明",
        "ref": "",
        "url": "",
        "url2": ""
      }
    },
    {
      "type": "Feature",
      "geometry": {
        "type": "Point",
        "coordinates": [
          137.252117,
          35.368784
        ]
      },
      "properties": {
        "内容": "バス停: 瑞浪駅前",
        "name": "瑞浪駅前",
        "operator": "事業者不明",
        "ref": "",
        "url": "",
        "url2": ""
      }
    },
    {
      "type": "Feature",
      "geometry": {
        "type": "Point",
        "coordinates": [
          137.428685,
          35.464111
        ]
      },
      "properties": {
        "内容": "バス停: 東岡瀬沢",
        "name": "東岡瀬沢",
        "operator": "事業者不明",
        "ref": "",
        "url": "",
        "url2": ""
      }
    },
    {
      "type": "Feature",
      "geometry": {
        "type": "Point",
        "coordinates": [
          137.425728,
          35.464436
        ]
      },
      "properties": {
        "内容": "バス停: 岡瀬沢",
        "name": "岡瀬沢",
        "operator": "事業者不明",
        "ref": "",
        "url": "",
        "url2": ""
      }
    },
    {
      "type": "Feature",
      "geometry": {
        "type": "Point",
        "coordinates": [
          137.423691,
          35.46392
        ]
      },
      "properties": {
        "内容": "バス停: 岡瀬沢口",
        "name": "岡瀬沢口",
        "operator": "事業者不明",
        "ref": "",
        "url": "",
        "url2": ""
      }
    },
    {
      "type": "Feature",
      "geometry": {
        "type": "Point",
        "coordinates": [
          137.420668,
          35.46146
        ]
      },
      "properties": {
        "内容": "バス停: 関戸",
        "name": "関戸",
        "operator": "事業者不明",
        "ref": "",
        "url": "",
        "url2": ""
      }
    },
    {
      "type": "Feature",
      "geometry": {
        "type": "Point",
        "coordinates": [
          137.5038538,
          35.5008484
        ]
      },
      "properties": {
        "内容": "バス停: 中津川駅前",
        "name": "中津川駅前",
        "operator": "事業者不明",
        "ref": "",
        "url": "",
        "url2": ""
      }
    },
    {
      "type": "Feature",
      "geometry": {
        "type": "Point",
        "coordinates": [
          137.506475,
          35.498106
        ]
      },
      "properties": {
        "内容": "バス停: 淀川",
        "name": "淀川",
        "operator": "事業者不明",
        "ref": "",
        "url": "",
        "url2": ""
      }
    },
    {
      "type": "Feature",
      "geometry": {
        "type": "Point",
        "coordinates": [
          137.506447,
          35.497796
        ]
      },
      "properties": {
        "内容": "バス停: 淀川",
        "name": "淀川",
        "operator": "事業者不明",
        "ref": "",
        "url": "",
        "url2": ""
      }
    },
    {
      "type": "Feature",
      "geometry": {
        "type": "Point",
        "coordinates": [
          137.505092,
          35.494772
        ]
      },
      "properties": {
        "内容": "バス停: 西宮町",
        "name": "西宮町",
        "operator": "事業者不明",
        "ref": "",
        "url": "",
        "url2": ""
      }
    },
    {
      "type": "Feature",
      "geometry": {
        "type": "Point",
        "coordinates": [
          137.504759,
          35.494769
        ]
      },
      "properties": {
        "内容": "バス停: 西宮町",
        "name": "西宮町",
        "operator": "事業者不明",
        "ref": "",
        "url": "",
        "url2": ""
      }
    },
    {
      "type": "Feature",
      "geometry": {
        "type": "Point",
        "coordinates": [
          137.5016,
          35.492356
        ]
      },
      "properties": {
        "内容": "バス停: 尾鳩口",
        "name": "尾鳩口",
        "operator": "事業者不明",
        "ref": "",
        "url": "",
        "url2": ""
      }
    },
    {
      "type": "Feature",
      "geometry": {
        "type": "Point",
        "coordinates": [
          137.50144,
          35.492382
        ]
      },
      "properties": {
        "内容": "バス停: 尾鳩口",
        "name": "尾鳩口",
        "operator": "事業者不明",
        "ref": "",
        "url": "",
        "url2": ""
      }
    },
    {
      "type": "Feature",
      "geometry": {
        "type": "Point",
        "coordinates": [
          137.4975768,
          35.4895036
        ]
      },
      "properties": {
        "内容": "バス停: 三菱工場前",
        "name": "三菱工場前",
        "operator": "事業者不明",
        "ref": "",
        "url": "",
        "url2": ""
      }
    },
    {
      "type": "Feature",
      "geometry": {
        "type": "Point",
        "coordinates": [
          137.498379,
          35.489954
        ]
      },
      "properties": {
        "内容": "バス停: 三菱工場前",
        "name": "三菱工場前",
        "operator": "事業者不明",
        "ref": "",
        "url": "",
        "url2": ""
      }
    },
    {
      "type": "Feature",
      "geometry": {
        "type": "Point",
        "coordinates": [
          137.4943644,
          35.4908039
        ]
      },
      "properties": {
        "内容": "バス停: 駒場",
        "name": "駒場",
        "operator": "事業者不明",
        "ref": "",
        "url": "",
        "url2": ""
      }
    },
    {
      "type": "Feature",
      "geometry": {
        "type": "Point",
        "coordinates": [
          137.494702,
          35.490797
        ]
      },
      "properties": {
        "内容": "バス停: 駒場",
        "name": "駒場",
        "operator": "事業者不明",
        "ref": "",
        "url": "",
        "url2": ""
      }
    },
    {
      "type": "Feature",
      "geometry": {
        "type": "Point",
        "coordinates": [
          137.478616,
          35.488812
        ]
      },
      "properties": {
        "内容": "バス停: 中津川市民病院前",
        "name": "中津川市民病院前",
        "operator": "事業者不明",
        "ref": "",
        "url": "",
        "url2": ""
      }
    },
    {
      "type": "Feature",
      "geometry": {
        "type": "Point",
        "coordinates": [
          137.4892559,
          35.4913153
        ]
      },
      "properties": {
        "内容": "バス停: 青木",
        "name": "青木",
        "operator": "事業者不明",
        "ref": "",
        "url": "",
        "url2": ""
      }
    },
    {
      "type": "Feature",
      "geometry": {
        "type": "Point",
        "coordinates": [
          137.489321,
          35.491682
        ]
      },
      "properties": {
        "内容": "バス停: 青木",
        "name": "青木",
        "operator": "事業者不明",
        "ref": "",
        "url": "",
        "url2": ""
      }
    },
    {
      "type": "Feature",
      "geometry": {
        "type": "Point",
        "coordinates": [
          137.487577,
          35.486988
        ]
      },
      "properties": {
        "内容": "バス停: 上宿",
        "name": "上宿",
        "operator": "事業者不明",
        "ref": "",
        "url": "",
        "url2": ""
      }
    },
    {
      "type": "Feature",
      "geometry": {
        "type": "Point",
        "coordinates": [
          137.487494,
          35.48707
        ]
      },
      "properties": {
        "内容": "バス停: 上宿",
        "name": "上宿",
        "operator": "事業者不明",
        "ref": "",
        "url": "",
        "url2": ""
      }
    },
    {
      "type": "Feature",
      "geometry": {
        "type": "Point",
        "coordinates": [
          137.486139,
          35.482773
        ]
      },
      "properties": {
        "内容": "バス停: 西山口",
        "name": "西山口",
        "operator": "事業者不明",
        "ref": "",
        "url": "",
        "url2": ""
      }
    },
    {
      "type": "Feature",
      "geometry": {
        "type": "Point",
        "coordinates": [
          137.48615,
          35.483089
        ]
      },
      "properties": {
        "内容": "バス停: 西山口",
        "name": "西山口",
        "operator": "事業者不明",
        "ref": "",
        "url": "",
        "url2": ""
      }
    },
    {
      "type": "Feature",
      "geometry": {
        "type": "Point",
        "coordinates": [
          137.484996,
          35.479865
        ]
      },
      "properties": {
        "内容": "バス停: 小石塚",
        "name": "小石塚",
        "operator": "事業者不明",
        "ref": "",
        "url": "",
        "url2": ""
      }
    },
    {
      "type": "Feature",
      "geometry": {
        "type": "Point",
        "coordinates": [
          137.48473,
          35.479458
        ]
      },
      "properties": {
        "内容": "バス停: 小石塚",
        "name": "小石塚",
        "operator": "事業者不明",
        "ref": "",
        "url": "",
        "url2": ""
      }
    },
    {
      "type": "Feature",
      "geometry": {
        "type": "Point",
        "coordinates": [
          137.4862277,
          35.4786503
        ]
      },
      "properties": {
        "内容": "バス停: サンライフ中津川前",
        "name": "サンライフ中津川前",
        "operator": "事業者不明",
        "ref": "",
        "url": "",
        "url2": ""
      }
    },
    {
      "type": "Feature",
      "geometry": {
        "type": "Point",
        "coordinates": [
          137.483494,
          35.477815
        ]
      },
      "properties": {
        "内容": "バス停: 中津川インター口",
        "name": "中津川インター口",
        "operator": "事業者不明",
        "ref": "",
        "url": "",
        "url2": ""
      }
    },
    {
      "type": "Feature",
      "geometry": {
        "type": "Point",
        "coordinates": [
          137.483558,
          35.478147
        ]
      },
      "properties": {
        "内容": "バス停: 中津川インター口",
        "name": "中津川インター口",
        "operator": "事業者不明",
        "ref": "",
        "url": "",
        "url2": ""
      }
    },
    {
      "type": "Feature",
      "geometry": {
        "type": "Point",
        "coordinates": [
          137.476278,
          35.474931
        ]
      },
      "properties": {
        "内容": "バス停: 六地蔵",
        "name": "六地蔵",
        "operator": "事業者不明",
        "ref": "",
        "url": "",
        "url2": ""
      }
    },
    {
      "type": "Feature",
      "geometry": {
        "type": "Point",
        "coordinates": [
          137.471591,
          35.476575
        ]
      },
      "properties": {
        "内容": "バス停: 千旦林",
        "name": "千旦林",
        "operator": "事業者不明",
        "ref": "",
        "url": "",
        "url2": ""
      }
    },
    {
      "type": "Feature",
      "geometry": {
        "type": "Point",
        "coordinates": [
          137.4671355,
          35.477141
        ]
      },
      "properties": {
        "内容": "バス停: 薮下",
        "name": "薮下",
        "operator": "事業者不明",
        "ref": "",
        "url": "",
        "url2": ""
      }
    },
    {
      "type": "Feature",
      "geometry": {
        "type": "Point",
        "coordinates": [
          137.4630382,
          35.4770577
        ]
      },
      "properties": {
        "内容": "バス停: 中平",
        "name": "中平",
        "operator": "事業者不明",
        "ref": "",
        "url": "",
        "url2": ""
      }
    },
    {
      "type": "Feature",
      "geometry": {
        "type": "Point",
        "coordinates": [
          137.461916,
          35.477315
        ]
      },
      "properties": {
        "内容": "バス停: 中平",
        "name": "中平",
        "operator": "事業者不明",
        "ref": "",
        "url": "",
        "url2": ""
      }
    },
    {
      "type": "Feature",
      "geometry": {
        "type": "Point",
        "coordinates": [
          137.455723,
          35.478004
        ]
      },
      "properties": {
        "内容": "バス停: 三津谷口",
        "name": "三津谷口",
        "operator": "事業者不明",
        "ref": "",
        "url": "",
        "url2": ""
      }
    },
    {
      "type": "Feature",
      "geometry": {
        "type": "Point",
        "coordinates": [
          137.455375,
          35.478112
        ]
      },
      "properties": {
        "内容": "バス停: 三津谷口",
        "name": "三津谷口",
        "operator": "事業者不明",
        "ref": "",
        "url": "",
        "url2": ""
      }
    },
    {
      "type": "Feature",
      "geometry": {
        "type": "Point",
        "coordinates": [
          137.44924,
          35.478827
        ]
      },
      "properties": {
        "内容": "バス停: 坂本駅前",
        "name": "坂本駅前",
        "operator": "事業者不明",
        "ref": "",
        "url": "",
        "url2": ""
      }
    },
    {
      "type": "Feature",
      "geometry": {
        "type": "Point",
        "coordinates": [
          137.446415,
          35.478456
        ]
      },
      "properties": {
        "内容": "バス停: 坂本小学校前",
        "name": "坂本小学校前",
        "operator": "事業者不明",
        "ref": "",
        "url": "",
        "url2": ""
      }
    },
    {
      "type": "Feature",
      "geometry": {
        "type": "Point",
        "coordinates": [
          137.447269,
          35.473889
        ]
      },
      "properties": {
        "内容": "バス停: 坂本中切",
        "name": "坂本中切",
        "operator": "事業者不明",
        "ref": "",
        "url": "",
        "url2": ""
      }
    },
    {
      "type": "Feature",
      "geometry": {
        "type": "Point",
        "coordinates": [
          137.445879,
          35.469491
        ]
      },
      "properties": {
        "内容": "バス停: 茄子川",
        "name": "茄子川",
        "operator": "事業者不明",
        "ref": "",
        "url": "",
        "url2": ""
      }
    },
    {
      "type": "Feature",
      "geometry": {
        "type": "Point",
        "coordinates": [
          137.445056,
          35.4657
        ]
      },
      "properties": {
        "内容": "バス停: 坂本中町",
        "name": "坂本中町",
        "operator": "事業者不明",
        "ref": "",
        "url": "",
        "url2": ""
      }
    },
    {
      "type": "Feature",
      "geometry": {
        "type": "Point",
        "coordinates": [
          137.44369,
          35.460824
        ]
      },
      "properties": {
        "内容": "バス停: 三坂",
        "name": "三坂",
        "operator": "事業者不明",
        "ref": "",
        "url": "",
        "url2": ""
      }
    },
    {
      "type": "Feature",
      "geometry": {
        "type": "Point",
        "coordinates": [
          137.4435084,
          35.4611202
        ]
      },
      "properties": {
        "内容": "バス停: 三坂",
        "name": "三坂",
        "operator": "事業者不明",
        "ref": "",
        "url": "",
        "url2": ""
      }
    },
    {
      "type": "Feature",
      "geometry": {
        "type": "Point",
        "coordinates": [
          137.439564,
          35.458457
        ]
      },
      "properties": {
        "内容": "バス停: 元起",
        "name": "元起",
        "operator": "事業者不明",
        "ref": "",
        "url": "",
        "url2": ""
      }
    },
    {
      "type": "Feature",
      "geometry": {
        "type": "Point",
        "coordinates": [
          137.439287,
          35.458601
        ]
      },
      "properties": {
        "内容": "バス停: 元起",
        "name": "元起",
        "operator": "事業者不明",
        "ref": "",
        "url": "",
        "url2": ""
      }
    },
    {
      "type": "Feature",
      "geometry": {
        "type": "Point",
        "coordinates": [
          137.43651,
          35.456202
        ]
      },
      "properties": {
        "内容": "バス停: 原",
        "name": "原",
        "operator": "事業者不明",
        "ref": "",
        "url": "",
        "url2": ""
      }
    },
    {
      "type": "Feature",
      "geometry": {
        "type": "Point",
        "coordinates": [
          137.436129,
          35.456232
        ]
      },
      "properties": {
        "内容": "バス停: 原",
        "name": "原",
        "operator": "事業者不明",
        "ref": "",
        "url": "",
        "url2": ""
      }
    },
    {
      "type": "Feature",
      "geometry": {
        "type": "Point",
        "coordinates": [
          137.4315165,
          35.4547012
        ]
      },
      "properties": {
        "内容": "バス停: 雀子ヶ根",
        "name": "雀子ヶ根",
        "operator": "事業者不明",
        "ref": "",
        "url": "",
        "url2": ""
      }
    },
    {
      "type": "Feature",
      "geometry": {
        "type": "Point",
        "coordinates": [
          137.431946,
          35.454888
        ]
      },
      "properties": {
        "内容": "バス停: 雀子ヶ根",
        "name": "雀子ヶ根",
        "operator": "事業者不明",
        "ref": "",
        "url": "",
        "url2": ""
      }
    },
    {
      "type": "Feature",
      "geometry": {
        "type": "Point",
        "coordinates": [
          137.425805,
          35.453573
        ]
      },
      "properties": {
        "内容": "バス停: 舟山",
        "name": "舟山",
        "operator": "事業者不明",
        "ref": "",
        "url": "",
        "url2": ""
      }
    },
    {
      "type": "Feature",
      "geometry": {
        "type": "Point",
        "coordinates": [
          137.42712,
          35.453619
        ]
      },
      "properties": {
        "内容": "バス停: 舟山",
        "name": "舟山",
        "operator": "事業者不明",
        "ref": "",
        "url": "",
        "url2": ""
      }
    },
    {
      "type": "Feature",
      "geometry": {
        "type": "Point",
        "coordinates": [
          137.419522,
          35.454833
        ]
      },
      "properties": {
        "内容": "バス停: 恵那高裏",
        "name": "恵那高裏",
        "operator": "事業者不明",
        "ref": "",
        "url": "",
        "url2": ""
      }
    },
    {
      "type": "Feature",
      "geometry": {
        "type": "Point",
        "coordinates": [
          137.419776,
          35.454839
        ]
      },
      "properties": {
        "内容": "バス停: 恵那高裏",
        "name": "恵那高裏",
        "operator": "事業者不明",
        "ref": "",
        "url": "",
        "url2": ""
      }
    },
    {
      "type": "Feature",
      "geometry": {
        "type": "Point",
        "coordinates": [
          137.368514,
          35.541182
        ]
      },
      "properties": {
        "内容": "バス停: 蛭川和田",
        "name": "蛭川和田",
        "operator": "事業者不明",
        "ref": "",
        "url": "",
        "url2": ""
      }
    },
    {
      "type": "Feature",
      "geometry": {
        "type": "Point",
        "coordinates": [
          137.36954,
          35.535867
        ]
      },
      "properties": {
        "内容": "バス停: 和田口",
        "name": "和田口",
        "operator": "事業者不明",
        "ref": "",
        "url": "",
        "url2": ""
      }
    },
    {
      "type": "Feature",
      "geometry": {
        "type": "Point",
        "coordinates": [
          137.372029,
          35.532671
        ]
      },
      "properties": {
        "内容": "バス停: 今洞",
        "name": "今洞",
        "operator": "事業者不明",
        "ref": "",
        "url": "",
        "url2": ""
      }
    },
    {
      "type": "Feature",
      "geometry": {
        "type": "Point",
        "coordinates": [
          137.374601,
          35.531112
        ]
      },
      "properties": {
        "内容": "バス停: 安弘見神社前",
        "name": "安弘見神社前",
        "operator": "事業者不明",
        "ref": "",
        "url": "",
        "url2": ""
      }
    },
    {
      "type": "Feature",
      "geometry": {
        "type": "Point",
        "coordinates": [
          137.37695,
          35.529907
        ]
      },
      "properties": {
        "内容": "バス停: 柏ヶ根口",
        "name": "柏ヶ根口",
        "operator": "事業者不明",
        "ref": "",
        "url": "",
        "url2": ""
      }
    },
    {
      "type": "Feature",
      "geometry": {
        "type": "Point",
        "coordinates": [
          137.379281,
          35.528428
        ]
      },
      "properties": {
        "内容": "バス停: 蛭川郵便局前",
        "name": "蛭川郵便局前",
        "operator": "事業者不明",
        "ref": "",
        "url": "",
        "url2": ""
      }
    },
    {
      "type": "Feature",
      "geometry": {
        "type": "Point",
        "coordinates": [
          137.380383,
          35.525526
        ]
      },
      "properties": {
        "内容": "バス停: 棚田",
        "name": "棚田",
        "operator": "事業者不明",
        "ref": "",
        "url": "",
        "url2": ""
      }
    },
    {
      "type": "Feature",
      "geometry": {
        "type": "Point",
        "coordinates": [
          137.381147,
          35.52215
        ]
      },
      "properties": {
        "内容": "バス停: 蛭川総合事務所前",
        "name": "蛭川総合事務所前",
        "operator": "事業者不明",
        "ref": "",
        "url": "",
        "url2": ""
      }
    },
    {
      "type": "Feature",
      "geometry": {
        "type": "Point",
        "coordinates": [
          137.383434,
          35.51918
        ]
      },
      "properties": {
        "内容": "バス停: 奈良井辻",
        "name": "奈良井辻",
        "operator": "事業者不明",
        "ref": "",
        "url": "",
        "url2": ""
      }
    },
    {
      "type": "Feature",
      "geometry": {
        "type": "Point",
        "coordinates": [
          137.389429,
          35.520045
        ]
      },
      "properties": {
        "内容": "バス停: 下沢",
        "name": "下沢",
        "operator": "事業者不明",
        "ref": "",
        "url": "",
        "url2": ""
      }
    },
    {
      "type": "Feature",
      "geometry": {
        "type": "Point",
        "coordinates": [
          137.389709,
          35.520042
        ]
      },
      "properties": {
        "内容": "バス停: 下沢",
        "name": "下沢",
        "operator": "事業者不明",
        "ref": "",
        "url": "",
        "url2": ""
      }
    },
    {
      "type": "Feature",
      "geometry": {
        "type": "Point",
        "coordinates": [
          137.397804,
          35.515221
        ]
      },
      "properties": {
        "内容": "バス停: 押ヶ平",
        "name": "押ヶ平",
        "operator": "事業者不明",
        "ref": "",
        "url": "",
        "url2": ""
      }
    },
    {
      "type": "Feature",
      "geometry": {
        "type": "Point",
        "coordinates": [
          137.401172,
          35.510862
        ]
      },
      "properties": {
        "内容": "バス停: 一の瀬",
        "name": "一の瀬",
        "operator": "事業者不明",
        "ref": "",
        "url": "",
        "url2": ""
      }
    },
    {
      "type": "Feature",
      "geometry": {
        "type": "Point",
        "coordinates": [
          137.4018584,
          35.5052982
        ]
      },
      "properties": {
        "内容": "バス停: 田原公民館前",
        "name": "田原公民館前",
        "operator": "事業者不明",
        "ref": "",
        "url": "",
        "url2": ""
      }
    },
    {
      "type": "Feature",
      "geometry": {
        "type": "Point",
        "coordinates": [
          137.401725,
          35.505411
        ]
      },
      "properties": {
        "内容": "バス停: 田原公民館前",
        "name": "田原公民館前",
        "operator": "事業者不明",
        "ref": "",
        "url": "",
        "url2": ""
      }
    },
    {
      "type": "Feature",
      "geometry": {
        "type": "Point",
        "coordinates": [
          137.401029,
          35.502951
        ]
      },
      "properties": {
        "内容": "バス停: 田原",
        "name": "田原",
        "operator": "事業者不明",
        "ref": "",
        "url": "",
        "url2": ""
      }
    },
    {
      "type": "Feature",
      "geometry": {
        "type": "Point",
        "coordinates": [
          137.401108,
          35.50335
        ]
      },
      "properties": {
        "内容": "バス停: 田原",
        "name": "田原",
        "operator": "事業者不明",
        "ref": "",
        "url": "",
        "url2": ""
      }
    },
    {
      "type": "Feature",
      "geometry": {
        "type": "Point",
        "coordinates": [
          137.399785,
          35.500376
        ]
      },
      "properties": {
        "内容": "バス停: 中田原",
        "name": "中田原",
        "operator": "事業者不明",
        "ref": "",
        "url": "",
        "url2": ""
      }
    },
    {
      "type": "Feature",
      "geometry": {
        "type": "Point",
        "coordinates": [
          137.3984339,
          35.4965619
        ]
      },
      "properties": {
        "内容": "バス停: 博石館前",
        "name": "博石館前",
        "operator": "事業者不明",
        "ref": "",
        "url": "",
        "url2": ""
      }
    },
    {
      "type": "Feature",
      "geometry": {
        "type": "Point",
        "coordinates": [
          137.398419,
          35.49689
        ]
      },
      "properties": {
        "内容": "バス停: 博石館前",
        "name": "博石館前",
        "operator": "事業者不明",
        "ref": "",
        "url": "",
        "url2": ""
      }
    },
    {
      "type": "Feature",
      "geometry": {
        "type": "Point",
        "coordinates": [
          137.398446,
          35.493313
        ]
      },
      "properties": {
        "内容": "バス停: 奥渡口",
        "name": "奥渡口",
        "operator": "事業者不明",
        "ref": "",
        "url": "",
        "url2": ""
      }
    },
    {
      "type": "Feature",
      "geometry": {
        "type": "Point",
        "coordinates": [
          137.3983,
          35.493122
        ]
      },
      "properties": {
        "内容": "バス停: 奥渡口",
        "name": "奥渡口",
        "operator": "事業者不明",
        "ref": "",
        "url": "",
        "url2": ""
      }
    },
    {
      "type": "Feature",
      "geometry": {
        "type": "Point",
        "coordinates": [
          137.400073,
          35.487514
        ]
      },
      "properties": {
        "内容": "バス停: 奥渡",
        "name": "奥渡",
        "operator": "事業者不明",
        "ref": "",
        "url": "",
        "url2": ""
      }
    },
    {
      "type": "Feature",
      "geometry": {
        "type": "Point",
        "coordinates": [
          137.401827,
          35.48772
        ]
      },
      "properties": {
        "内容": "バス停: 奥渡公民館前",
        "name": "奥渡公民館前",
        "operator": "事業者不明",
        "ref": "",
        "url": "",
        "url2": ""
      }
    },
    {
      "type": "Feature",
      "geometry": {
        "type": "Point",
        "coordinates": [
          137.4087339,
          35.4879322
        ]
      },
      "properties": {
        "内容": "バス停: 天佑稲荷",
        "name": "天佑稲荷",
        "operator": "事業者不明",
        "ref": "",
        "url": "",
        "url2": ""
      }
    },
    {
      "type": "Feature",
      "geometry": {
        "type": "Point",
        "coordinates": [
          137.408627,
          35.489077
        ]
      },
      "properties": {
        "内容": "バス停: 天佑稲荷",
        "name": "天佑稲荷",
        "operator": "事業者不明",
        "ref": "",
        "url": "",
        "url2": ""
      }
    },
    {
      "type": "Feature",
      "geometry": {
        "type": "Point",
        "coordinates": [
          137.422295,
          35.479812
        ]
      },
      "properties": {
        "内容": "バス停: 二軒家",
        "name": "二軒家",
        "operator": "事業者不明",
        "ref": "",
        "url": "",
        "url2": ""
      }
    },
    {
      "type": "Feature",
      "geometry": {
        "type": "Point",
        "coordinates": [
          137.422357,
          35.480195
        ]
      },
      "properties": {
        "内容": "バス停: 二軒家",
        "name": "二軒家",
        "operator": "事業者不明",
        "ref": "",
        "url": "",
        "url2": ""
      }
    },
    {
      "type": "Feature",
      "geometry": {
        "type": "Point",
        "coordinates": [
          137.414799,
          35.474269
        ]
      },
      "properties": {
        "内容": "バス停: 新岡瀬沢",
        "name": "新岡瀬沢",
        "operator": "事業者不明",
        "ref": "",
        "url": "",
        "url2": ""
      }
    },
    {
      "type": "Feature",
      "geometry": {
        "type": "Point",
        "coordinates": [
          137.417347,
          35.470641
        ]
      },
      "properties": {
        "内容": "バス停: 下岡瀬沢",
        "name": "下岡瀬沢",
        "operator": "事業者不明",
        "ref": "",
        "url": "",
        "url2": ""
      }
    },
    {
      "type": "Feature",
      "geometry": {
        "type": "Point",
        "coordinates": [
          136.7013491,
          35.2991596
        ]
      },
      "properties": {
        "内容": "バス停: 円空資料館",
        "name": "円空資料館",
        "operator": "事業者不明",
        "ref": "",
        "url": "",
        "url2": ""
      }
    },
    {
      "type": "Feature",
      "geometry": {
        "type": "Point",
        "coordinates": [
          136.6996515,
          35.3220476
        ]
      },
      "properties": {
        "内容": "バス停: 名称不明バス停",
        "name": "名称不明バス停",
        "operator": "事業者不明",
        "ref": "",
        "url": "",
        "url2": ""
      }
    },
    {
      "type": "Feature",
      "geometry": {
        "type": "Point",
        "coordinates": [
          137.1880625,
          35.5814956
        ]
      },
      "properties": {
        "内容": "バス停: 役場前 (濃飛バス)",
        "name": "役場前",
        "operator": "濃飛バス",
        "ref": "",
        "url": "",
        "url2": ""
      }
    },
    {
      "type": "Feature",
      "geometry": {
        "type": "Point",
        "coordinates": [
          137.160752,
          35.603654
        ]
      },
      "properties": {
        "内容": "バス停: 下桐",
        "name": "下桐",
        "operator": "事業者不明",
        "ref": "",
        "url": "",
        "url2": ""
      }
    },
    {
      "type": "Feature",
      "geometry": {
        "type": "Point",
        "coordinates": [
          137.1734234,
          35.6028843
        ]
      },
      "properties": {
        "内容": "バス停: 鷲原 (濃飛バス)",
        "name": "鷲原",
        "operator": "濃飛バス",
        "ref": "",
        "url": "",
        "url2": ""
      }
    },
    {
      "type": "Feature",
      "geometry": {
        "type": "Point",
        "coordinates": [
          137.1731539,
          35.602507
        ]
      },
      "properties": {
        "内容": "バス停: 鷲原 (濃飛バス)",
        "name": "鷲原",
        "operator": "濃飛バス",
        "ref": "",
        "url": "",
        "url2": ""
      }
    },
    {
      "type": "Feature",
      "geometry": {
        "type": "Point",
        "coordinates": [
          137.1655639,
          35.602214
        ]
      },
      "properties": {
        "内容": "バス停: 大利 (濃飛バス)",
        "name": "大利",
        "operator": "濃飛バス",
        "ref": "",
        "url": "",
        "url2": ""
      }
    },
    {
      "type": "Feature",
      "geometry": {
        "type": "Point",
        "coordinates": [
          137.1658402,
          35.6021758
        ]
      },
      "properties": {
        "内容": "バス停: 大利 (濃飛バス)",
        "name": "大利",
        "operator": "濃飛バス",
        "ref": "",
        "url": "",
        "url2": ""
      }
    },
    {
      "type": "Feature",
      "geometry": {
        "type": "Point",
        "coordinates": [
          137.1560172,
          35.6003082
        ]
      },
      "properties": {
        "内容": "バス停: 牧 (濃飛バス)",
        "name": "牧",
        "operator": "濃飛バス",
        "ref": "",
        "url": "",
        "url2": ""
      }
    },
    {
      "type": "Feature",
      "geometry": {
        "type": "Point",
        "coordinates": [
          137.1562036,
          35.6004052
        ]
      },
      "properties": {
        "内容": "バス停: 牧 (濃飛バス)",
        "name": "牧",
        "operator": "濃飛バス",
        "ref": "",
        "url": "",
        "url2": ""
      }
    },
    {
      "type": "Feature",
      "geometry": {
        "type": "Point",
        "coordinates": [
          137.158693,
          35.5980268
        ]
      },
      "properties": {
        "内容": "バス停: 島口 (濃飛バス)",
        "name": "島口",
        "operator": "濃飛バス",
        "ref": "",
        "url": "",
        "url2": ""
      }
    },
    {
      "type": "Feature",
      "geometry": {
        "type": "Point",
        "coordinates": [
          137.1718365,
          35.5881242
        ]
      },
      "properties": {
        "内容": "バス停: 寒八 (濃飛バス)",
        "name": "寒八",
        "operator": "濃飛バス",
        "ref": "",
        "url": "",
        "url2": ""
      }
    },
    {
      "type": "Feature",
      "geometry": {
        "type": "Point",
        "coordinates": [
          137.1717132,
          35.5881193
        ]
      },
      "properties": {
        "内容": "バス停: 寒八 (濃飛バス)",
        "name": "寒八",
        "operator": "濃飛バス",
        "ref": "",
        "url": "",
        "url2": ""
      }
    },
    {
      "type": "Feature",
      "geometry": {
        "type": "Point",
        "coordinates": [
          137.1877924,
          35.5795772
        ]
      },
      "properties": {
        "内容": "バス停: 天神橋 (濃飛バス)",
        "name": "天神橋",
        "operator": "濃飛バス",
        "ref": "",
        "url": "",
        "url2": ""
      }
    },
    {
      "type": "Feature",
      "geometry": {
        "type": "Point",
        "coordinates": [
          137.1731905,
          35.6108942
        ]
      },
      "properties": {
        "内容": "バス停: 白川北小前 (濃飛バス)",
        "name": "白川北小前",
        "operator": "濃飛バス",
        "ref": "",
        "url": "",
        "url2": ""
      }
    },
    {
      "type": "Feature",
      "geometry": {
        "type": "Point",
        "coordinates": [
          137.1735124,
          35.61059
        ]
      },
      "properties": {
        "内容": "バス停: 白川北小前 (濃飛バス)",
        "name": "白川北小前",
        "operator": "濃飛バス",
        "ref": "",
        "url": "",
        "url2": ""
      }
    },
    {
      "type": "Feature",
      "geometry": {
        "type": "Point",
        "coordinates": [
          137.169023,
          35.6124672
        ]
      },
      "properties": {
        "内容": "バス停: JA坂ノ東支店 (濃飛バス)",
        "name": "JA坂ノ東支店",
        "operator": "濃飛バス",
        "ref": "",
        "url": "",
        "url2": ""
      }
    },
    {
      "type": "Feature",
      "geometry": {
        "type": "Point",
        "coordinates": [
          137.1690158,
          35.6123636
        ]
      },
      "properties": {
        "内容": "バス停: JA坂ノ東支店 (濃飛バス)",
        "name": "JA坂ノ東支店",
        "operator": "濃飛バス",
        "ref": "",
        "url": "",
        "url2": ""
      }
    },
    {
      "type": "Feature",
      "geometry": {
        "type": "Point",
        "coordinates": [
          136.5880194,
          35.3912132
        ]
      },
      "properties": {
        "内容": "バス停: 赤坂大橋",
        "name": "赤坂大橋",
        "operator": "事業者不明",
        "ref": "",
        "url": "",
        "url2": ""
      }
    },
    {
      "type": "Feature",
      "geometry": {
        "type": "Point",
        "coordinates": [
          136.6192056,
          35.3165617
        ]
      },
      "properties": {
        "内容": "バス停: 名称不明バス停",
        "name": "名称不明バス停",
        "operator": "事業者不明",
        "ref": "",
        "url": "",
        "url2": ""
      }
    },
    {
      "type": "Feature",
      "geometry": {
        "type": "Point",
        "coordinates": [
          136.4727385,
          35.3559431
        ]
      },
      "properties": {
        "内容": "バス停: 名称不明バス停",
        "name": "名称不明バス停",
        "operator": "事業者不明",
        "ref": "",
        "url": "",
        "url2": ""
      }
    },
    {
      "type": "Feature",
      "geometry": {
        "type": "Point",
        "coordinates": [
          136.4730175,
          35.3560306
        ]
      },
      "properties": {
        "内容": "バス停: 名称不明バス停",
        "name": "名称不明バス停",
        "operator": "事業者不明",
        "ref": "",
        "url": "",
        "url2": ""
      }
    },
    {
      "type": "Feature",
      "geometry": {
        "type": "Point",
        "coordinates": [
          136.7928403,
          35.478365
        ]
      },
      "properties": {
        "内容": "バス停: 自動車学校口",
        "name": "自動車学校口",
        "operator": "事業者不明",
        "ref": "",
        "url": "",
        "url2": ""
      }
    },
    {
      "type": "Feature",
      "geometry": {
        "type": "Point",
        "coordinates": [
          137.1123976,
          36.3033857
        ]
      },
      "properties": {
        "内容": "バス停: 名称不明バス停",
        "name": "名称不明バス停",
        "operator": "事業者不明",
        "ref": "",
        "url": "",
        "url2": ""
      }
    },
    {
      "type": "Feature",
      "geometry": {
        "type": "Point",
        "coordinates": [
          136.9448693,
          35.7482967
        ]
      },
      "properties": {
        "内容": "バス停: 名称不明バス停 (JR東海バス・名鉄バス・岐阜バス・濃飛バス・近鉄バス)",
        "name": "名称不明バス停",
        "operator": "JR東海バス・名鉄バス・岐阜バス・濃飛バス・近鉄バス",
        "ref": "",
        "url": "",
        "url2": ""
      }
    },
    {
      "type": "Feature",
      "geometry": {
        "type": "Point",
        "coordinates": [
          136.9440396,
          35.7484282
        ]
      },
      "properties": {
        "内容": "バス停: 高速郡上八幡 (JR東海バス・名鉄バス・岐阜バス・濃飛バス・近鉄バス)",
        "name": "高速郡上八幡",
        "operator": "JR東海バス・名鉄バス・岐阜バス・濃飛バス・近鉄バス",
        "ref": "",
        "url": "",
        "url2": ""
      }
    },
    {
      "type": "Feature",
      "geometry": {
        "type": "Point",
        "coordinates": [
          137.546686,
          36.2542159
        ]
      },
      "properties": {
        "内容": "バス停: 名称不明バス停",
        "name": "名称不明バス停",
        "operator": "事業者不明",
        "ref": "",
        "url": "",
        "url2": ""
      }
    },
    {
      "type": "Feature",
      "geometry": {
        "type": "Point",
        "coordinates": [
          137.4170651,
          36.1769616
        ]
      },
      "properties": {
        "内容": "バス停: Shonyudo Guchi",
        "name": "Shonyudo Guchi",
        "operator": "事業者不明",
        "ref": "",
        "url": "",
        "url2": ""
      }
    },
    {
      "type": "Feature",
      "geometry": {
        "type": "Point",
        "coordinates": [
          137.520939,
          36.2426207
        ]
      },
      "properties": {
        "内容": "バス停: 名称不明バス停",
        "name": "名称不明バス停",
        "operator": "事業者不明",
        "ref": "",
        "url": "",
        "url2": ""
      }
    },
    {
      "type": "Feature",
      "geometry": {
        "type": "Point",
        "coordinates": [
          137.5308022,
          36.2319141
        ]
      },
      "properties": {
        "内容": "バス停: 名称不明バス停",
        "name": "名称不明バス停",
        "operator": "事業者不明",
        "ref": "",
        "url": "",
        "url2": ""
      }
    },
    {
      "type": "Feature",
      "geometry": {
        "type": "Point",
        "coordinates": [
          137.5335117,
          36.2303039
        ]
      },
      "properties": {
        "内容": "バス停: 名称不明バス停",
        "name": "名称不明バス停",
        "operator": "事業者不明",
        "ref": "",
        "url": "",
        "url2": ""
      }
    },
    {
      "type": "Feature",
      "geometry": {
        "type": "Point",
        "coordinates": [
          137.5005467,
          36.1731582
        ]
      },
      "properties": {
        "内容": "バス停: 名称不明バス停",
        "name": "名称不明バス停",
        "operator": "事業者不明",
        "ref": "",
        "url": "",
        "url2": ""
      }
    },
    {
      "type": "Feature",
      "geometry": {
        "type": "Point",
        "coordinates": [
          137.3709705,
          35.715151
        ]
      },
      "properties": {
        "内容": "バス停: 加子母総合事務所",
        "name": "加子母総合事務所",
        "operator": "事業者不明",
        "ref": "",
        "url": "",
        "url2": ""
      }
    },
    {
      "type": "Feature",
      "geometry": {
        "type": "Point",
        "coordinates": [
          137.4074032,
          35.4779974
        ]
      },
      "properties": {
        "内容": "バス停: 恵那峡公園前",
        "name": "恵那峡公園前",
        "operator": "事業者不明",
        "ref": "",
        "url": "",
        "url2": ""
      }
    },
    {
      "type": "Feature",
      "geometry": {
        "type": "Point",
        "coordinates": [
          136.8243415,
          35.4855637
        ]
      },
      "properties": {
        "内容": "バス停: 福富団地口",
        "name": "福富団地口",
        "operator": "事業者不明",
        "ref": "",
        "url": "",
        "url2": ""
      }
    },
    {
      "type": "Feature",
      "geometry": {
        "type": "Point",
        "coordinates": [
          136.8241094,
          35.4915436
        ]
      },
      "properties": {
        "内容": "バス停: 太郎丸新屋敷",
        "name": "太郎丸新屋敷",
        "operator": "事業者不明",
        "ref": "",
        "url": "",
        "url2": ""
      }
    },
    {
      "type": "Feature",
      "geometry": {
        "type": "Point",
        "coordinates": [
          136.8267643,
          35.4922283
        ]
      },
      "properties": {
        "内容": "バス停: 三輪南小学校前",
        "name": "三輪南小学校前",
        "operator": "事業者不明",
        "ref": "",
        "url": "",
        "url2": ""
      }
    },
    {
      "type": "Feature",
      "geometry": {
        "type": "Point",
        "coordinates": [
          136.8243778,
          35.4833122
        ]
      },
      "properties": {
        "内容": "バス停: 福富",
        "name": "福富",
        "operator": "事業者不明",
        "ref": "",
        "url": "",
        "url2": ""
      }
    },
    {
      "type": "Feature",
      "geometry": {
        "type": "Point",
        "coordinates": [
          136.8244039,
          35.4809164
        ]
      },
      "properties": {
        "内容": "バス停: 福富口",
        "name": "福富口",
        "operator": "事業者不明",
        "ref": "",
        "url": "",
        "url2": ""
      }
    },
    {
      "type": "Feature",
      "geometry": {
        "type": "Point",
        "coordinates": [
          136.8252816,
          35.472427
        ]
      },
      "properties": {
        "内容": "バス停: 岩井石原台",
        "name": "岩井石原台",
        "operator": "事業者不明",
        "ref": "",
        "url": "",
        "url2": ""
      }
    },
    {
      "type": "Feature",
      "geometry": {
        "type": "Point",
        "coordinates": [
          136.8308667,
          35.461072
        ]
      },
      "properties": {
        "内容": "バス停: 向加野",
        "name": "向加野",
        "operator": "事業者不明",
        "ref": "",
        "url": "",
        "url2": ""
      }
    },
    {
      "type": "Feature",
      "geometry": {
        "type": "Point",
        "coordinates": [
          136.8334365,
          35.4593857
        ]
      },
      "properties": {
        "内容": "バス停: 藍川橋",
        "name": "藍川橋",
        "operator": "事業者不明",
        "ref": "",
        "url": "",
        "url2": ""
      }
    },
    {
      "type": "Feature",
      "geometry": {
        "type": "Point",
        "coordinates": [
          136.8319671,
          35.4542538
        ]
      },
      "properties": {
        "内容": "バス停: 大蔵台",
        "name": "大蔵台",
        "operator": "事業者不明",
        "ref": "",
        "url": "",
        "url2": ""
      }
    },
    {
      "type": "Feature",
      "geometry": {
        "type": "Point",
        "coordinates": [
          136.6235974,
          35.3532146
        ]
      },
      "properties": {
        "内容": "バス停: 禾ノ森",
        "name": "禾ノ森",
        "operator": "事業者不明",
        "ref": "",
        "url": "",
        "url2": ""
      }
    },
    {
      "type": "Feature",
      "geometry": {
        "type": "Point",
        "coordinates": [
          136.759987,
          35.4155502
        ]
      },
      "properties": {
        "内容": "バス停: 金宝町",
        "name": "金宝町",
        "operator": "事業者不明",
        "ref": "",
        "url": "",
        "url2": ""
      }
    },
    {
      "type": "Feature",
      "geometry": {
        "type": "Point",
        "coordinates": [
          136.7726284,
          35.4347967
        ]
      },
      "properties": {
        "内容": "バス停: 岐阜公園・岐阜城",
        "name": "岐阜公園・岐阜城",
        "operator": "事業者不明",
        "ref": "",
        "url": "",
        "url2": ""
      }
    },
    {
      "type": "Feature",
      "geometry": {
        "type": "Point",
        "coordinates": [
          137.2517137,
          36.1417738
        ]
      },
      "properties": {
        "内容": "バス停: 名称不明バス停",
        "name": "名称不明バス停",
        "operator": "事業者不明",
        "ref": "",
        "url": "",
        "url2": ""
      }
    },
    {
      "type": "Feature",
      "geometry": {
        "type": "Point",
        "coordinates": [
          137.2358551,
          36.1329234
        ]
      },
      "properties": {
        "内容": "バス停: 名称不明バス停",
        "name": "名称不明バス停",
        "operator": "事業者不明",
        "ref": "",
        "url": "",
        "url2": ""
      }
    },
    {
      "type": "Feature",
      "geometry": {
        "type": "Point",
        "coordinates": [
          137.2386938,
          36.1349286
        ]
      },
      "properties": {
        "内容": "バス停: 名称不明バス停",
        "name": "名称不明バス停",
        "operator": "事業者不明",
        "ref": "",
        "url": "",
        "url2": ""
      }
    },
    {
      "type": "Feature",
      "geometry": {
        "type": "Point",
        "coordinates": [
          137.5304918,
          36.2231689
        ]
      },
      "properties": {
        "内容": "バス停: 名称不明バス停",
        "name": "名称不明バス停",
        "operator": "事業者不明",
        "ref": "",
        "url": "",
        "url2": ""
      }
    },
    {
      "type": "Feature",
      "geometry": {
        "type": "Point",
        "coordinates": [
          137.5307785,
          36.2318967
        ]
      },
      "properties": {
        "内容": "バス停: 名称不明バス停",
        "name": "名称不明バス停",
        "operator": "事業者不明",
        "ref": "",
        "url": "",
        "url2": ""
      }
    },
    {
      "type": "Feature",
      "geometry": {
        "type": "Point",
        "coordinates": [
          136.7054451,
          35.5604089
        ]
      },
      "properties": {
        "内容": "バス停: 伊自良長滝",
        "name": "伊自良長滝",
        "operator": "事業者不明",
        "ref": "",
        "url": "",
        "url2": ""
      }
    },
    {
      "type": "Feature",
      "geometry": {
        "type": "Point",
        "coordinates": [
          136.7031416,
          35.5616964
        ]
      },
      "properties": {
        "内容": "バス停: 伊自良湖口",
        "name": "伊自良湖口",
        "operator": "事業者不明",
        "ref": "",
        "url": "",
        "url2": ""
      }
    },
    {
      "type": "Feature",
      "geometry": {
        "type": "Point",
        "coordinates": [
          136.5977421,
          35.3890642
        ]
      },
      "properties": {
        "内容": "バス停: 池尻町",
        "name": "池尻町",
        "operator": "事業者不明",
        "ref": "",
        "url": "",
        "url2": ""
      }
    },
    {
      "type": "Feature",
      "geometry": {
        "type": "Point",
        "coordinates": [
          136.5978767,
          35.3884883
        ]
      },
      "properties": {
        "内容": "バス停: 池尻町",
        "name": "池尻町",
        "operator": "事業者不明",
        "ref": "",
        "url": "",
        "url2": ""
      }
    },
    {
      "type": "Feature",
      "geometry": {
        "type": "Point",
        "coordinates": [
          136.8945768,
          35.4883564
        ]
      },
      "properties": {
        "内容": "バス停: 高速関",
        "name": "高速関",
        "operator": "事業者不明",
        "ref": "",
        "url": "",
        "url2": ""
      }
    },
    {
      "type": "Feature",
      "geometry": {
        "type": "Point",
        "coordinates": [
          137.1445213,
          35.4755968
        ]
      },
      "properties": {
        "内容": "バス停: 八百津町FC前",
        "name": "八百津町FC前",
        "operator": "事業者不明",
        "ref": "",
        "url": "",
        "url2": ""
      }
    },
    {
      "type": "Feature",
      "geometry": {
        "type": "Point",
        "coordinates": [
          136.9185627,
          35.4857052
        ]
      },
      "properties": {
        "内容": "バス停: 安桜山公園前",
        "name": "安桜山公園前",
        "operator": "事業者不明",
        "ref": "",
        "url": "",
        "url2": ""
      }
    },
    {
      "type": "Feature",
      "geometry": {
        "type": "Point",
        "coordinates": [
          136.8980885,
          35.5307157
        ]
      },
      "properties": {
        "内容": "バス停: 岐阜乗合自動車(株) 岐阜バス美濃営業所",
        "name": "岐阜乗合自動車(株) 岐阜バス美濃営業所",
        "operator": "事業者不明",
        "ref": "",
        "url": "",
        "url2": ""
      }
    },
    {
      "type": "Feature",
      "geometry": {
        "type": "Point",
        "coordinates": [
          136.8245163,
          35.5439891
        ]
      },
      "properties": {
        "内容": "バス停: 名称不明バス停",
        "name": "名称不明バス停",
        "operator": "事業者不明",
        "ref": "",
        "url": "",
        "url2": ""
      }
    },
    {
      "type": "Feature",
      "geometry": {
        "type": "Point",
        "coordinates": [
          136.8351723,
          35.5885245
        ]
      },
      "properties": {
        "内容": "バス停: 名称不明バス停",
        "name": "名称不明バス停",
        "operator": "事業者不明",
        "ref": "",
        "url": "",
        "url2": ""
      }
    },
    {
      "type": "Feature",
      "geometry": {
        "type": "Point",
        "coordinates": [
          137.2509128,
          36.1382938
        ]
      },
      "properties": {
        "内容": "バス停: 名称不明バス停",
        "name": "名称不明バス停",
        "operator": "事業者不明",
        "ref": "",
        "url": "",
        "url2": ""
      }
    },
    {
      "type": "Feature",
      "geometry": {
        "type": "Point",
        "coordinates": [
          136.8429671,
          35.5966272
        ]
      },
      "properties": {
        "内容": "バス停: 名称不明バス停",
        "name": "名称不明バス停",
        "operator": "事業者不明",
        "ref": "",
        "url": "",
        "url2": ""
      }
    },
    {
      "type": "Feature",
      "geometry": {
        "type": "Point",
        "coordinates": [
          136.8260885,
          35.5506644
        ]
      },
      "properties": {
        "内容": "バス停: 名称不明バス停",
        "name": "名称不明バス停",
        "operator": "事業者不明",
        "ref": "",
        "url": "",
        "url2": ""
      }
    },
    {
      "type": "Feature",
      "geometry": {
        "type": "Point",
        "coordinates": [
          136.8239171,
          35.5466218
        ]
      },
      "properties": {
        "内容": "バス停: 名称不明バス停",
        "name": "名称不明バス停",
        "operator": "事業者不明",
        "ref": "",
        "url": "",
        "url2": ""
      }
    },
    {
      "type": "Feature",
      "geometry": {
        "type": "Point",
        "coordinates": [
          136.7558047,
          35.3961843
        ]
      },
      "properties": {
        "内容": "バス停: 城南郵便局前",
        "name": "城南郵便局前",
        "operator": "事業者不明",
        "ref": "",
        "url": "",
        "url2": ""
      }
    },
    {
      "type": "Feature",
      "geometry": {
        "type": "Point",
        "coordinates": [
          136.7556116,
          35.3959526
        ]
      },
      "properties": {
        "内容": "バス停: 城南郵便局前",
        "name": "城南郵便局前",
        "operator": "事業者不明",
        "ref": "",
        "url": "",
        "url2": ""
      }
    },
    {
      "type": "Feature",
      "geometry": {
        "type": "Point",
        "coordinates": [
          136.7550644,
          35.3936568
        ]
      },
      "properties": {
        "内容": "バス停: 茜部本郷",
        "name": "茜部本郷",
        "operator": "事業者不明",
        "ref": "",
        "url": "",
        "url2": ""
      }
    },
    {
      "type": "Feature",
      "geometry": {
        "type": "Point",
        "coordinates": [
          136.754874,
          35.3934906
        ]
      },
      "properties": {
        "内容": "バス停: 茜部本郷",
        "name": "茜部本郷",
        "operator": "事業者不明",
        "ref": "",
        "url": "",
        "url2": ""
      }
    },
    {
      "type": "Feature",
      "geometry": {
        "type": "Point",
        "coordinates": [
          136.7546997,
          35.3911641
        ]
      },
      "properties": {
        "内容": "バス停: 上茜部",
        "name": "上茜部",
        "operator": "事業者不明",
        "ref": "",
        "url": "",
        "url2": ""
      }
    },
    {
      "type": "Feature",
      "geometry": {
        "type": "Point",
        "coordinates": [
          136.754756,
          35.3898762
        ]
      },
      "properties": {
        "内容": "バス停: 上茜部",
        "name": "上茜部",
        "operator": "事業者不明",
        "ref": "",
        "url": "",
        "url2": ""
      }
    },
    {
      "type": "Feature",
      "geometry": {
        "type": "Point",
        "coordinates": [
          136.7546326,
          35.3875256
        ]
      },
      "properties": {
        "内容": "バス停: 城南病院前",
        "name": "城南病院前",
        "operator": "事業者不明",
        "ref": "",
        "url": "",
        "url2": ""
      }
    },
    {
      "type": "Feature",
      "geometry": {
        "type": "Point",
        "coordinates": [
          136.7544127,
          35.3870576
        ]
      },
      "properties": {
        "内容": "バス停: 城南病院前",
        "name": "城南病院前",
        "operator": "事業者不明",
        "ref": "",
        "url": "",
        "url2": ""
      }
    },
    {
      "type": "Feature",
      "geometry": {
        "type": "Point",
        "coordinates": [
          136.7543268,
          35.3853651
        ]
      },
      "properties": {
        "内容": "バス停: 中央市場前",
        "name": "中央市場前",
        "operator": "事業者不明",
        "ref": "",
        "url": "",
        "url2": ""
      }
    },
    {
      "type": "Feature",
      "geometry": {
        "type": "Point",
        "coordinates": [
          136.7544636,
          35.3853804
        ]
      },
      "properties": {
        "内容": "バス停: 中央市場前",
        "name": "中央市場前",
        "operator": "事業者不明",
        "ref": "",
        "url": "",
        "url2": ""
      }
    },
    {
      "type": "Feature",
      "geometry": {
        "type": "Point",
        "coordinates": [
          136.7541069,
          35.3821527
        ]
      },
      "properties": {
        "内容": "バス停: 茜部小学校前",
        "name": "茜部小学校前",
        "operator": "事業者不明",
        "ref": "",
        "url": "",
        "url2": ""
      }
    },
    {
      "type": "Feature",
      "geometry": {
        "type": "Point",
        "coordinates": [
          136.7542222,
          35.3817525
        ]
      },
      "properties": {
        "内容": "バス停: 茜部小学校前",
        "name": "茜部小学校前",
        "operator": "事業者不明",
        "ref": "",
        "url": "",
        "url2": ""
      }
    },
    {
      "type": "Feature",
      "geometry": {
        "type": "Point",
        "coordinates": [
          136.7533532,
          35.3781595
        ]
      },
      "properties": {
        "内容": "バス停: 神漬寺前",
        "name": "神漬寺前",
        "operator": "事業者不明",
        "ref": "",
        "url": "",
        "url2": ""
      }
    },
    {
      "type": "Feature",
      "geometry": {
        "type": "Point",
        "coordinates": [
          136.7533505,
          35.3775843
        ]
      },
      "properties": {
        "内容": "バス停: 神漬寺前",
        "name": "神漬寺前",
        "operator": "事業者不明",
        "ref": "",
        "url": "",
        "url2": ""
      }
    },
    {
      "type": "Feature",
      "geometry": {
        "type": "Point",
        "coordinates": [
          136.7516446,
          35.3735974
        ]
      },
      "properties": {
        "内容": "バス停: 寺屋敷前",
        "name": "寺屋敷前",
        "operator": "事業者不明",
        "ref": "",
        "url": "",
        "url2": ""
      }
    },
    {
      "type": "Feature",
      "geometry": {
        "type": "Point",
        "coordinates": [
          136.7519504,
          35.3737308
        ]
      },
      "properties": {
        "内容": "バス停: 寺屋敷前",
        "name": "寺屋敷前",
        "operator": "事業者不明",
        "ref": "",
        "url": "",
        "url2": ""
      }
    },
    {
      "type": "Feature",
      "geometry": {
        "type": "Point",
        "coordinates": [
          136.7439679,
          35.3738838
        ]
      },
      "properties": {
        "内容": "バス停: 野瀬",
        "name": "野瀬",
        "operator": "事業者不明",
        "ref": "",
        "url": "",
        "url2": ""
      }
    },
    {
      "type": "Feature",
      "geometry": {
        "type": "Point",
        "coordinates": [
          136.7447057,
          35.3736499
        ]
      },
      "properties": {
        "内容": "バス停: 野瀬",
        "name": "野瀬",
        "operator": "事業者不明",
        "ref": "",
        "url": "",
        "url2": ""
      }
    },
    {
      "type": "Feature",
      "geometry": {
        "type": "Point",
        "coordinates": [
          136.7403583,
          35.3773315
        ]
      },
      "properties": {
        "内容": "バス停: 東鶉7丁目",
        "name": "東鶉7丁目",
        "operator": "事業者不明",
        "ref": "",
        "url": "",
        "url2": ""
      }
    },
    {
      "type": "Feature",
      "geometry": {
        "type": "Point",
        "coordinates": [
          136.7404736,
          35.377163
        ]
      },
      "properties": {
        "内容": "バス停: 東鶉7丁目",
        "name": "東鶉7丁目",
        "operator": "事業者不明",
        "ref": "",
        "url": "",
        "url2": ""
      }
    },
    {
      "type": "Feature",
      "geometry": {
        "type": "Point",
        "coordinates": [
          136.7387033,
          35.3776551
        ]
      },
      "properties": {
        "内容": "バス停: 津島神社前",
        "name": "津島神社前",
        "operator": "事業者不明",
        "ref": "",
        "url": "",
        "url2": ""
      }
    },
    {
      "type": "Feature",
      "geometry": {
        "type": "Point",
        "coordinates": [
          136.7388696,
          35.3776661
        ]
      },
      "properties": {
        "内容": "バス停: 津島神社前",
        "name": "津島神社前",
        "operator": "事業者不明",
        "ref": "",
        "url": "",
        "url2": ""
      }
    },
    {
      "type": "Feature",
      "geometry": {
        "type": "Point",
        "coordinates": [
          136.7341302,
          35.3784818
        ]
      },
      "properties": {
        "内容": "バス停: 鶉小学校前",
        "name": "鶉小学校前",
        "operator": "事業者不明",
        "ref": "",
        "url": "",
        "url2": ""
      }
    },
    {
      "type": "Feature",
      "geometry": {
        "type": "Point",
        "coordinates": [
          136.7338137,
          35.3785671
        ]
      },
      "properties": {
        "内容": "バス停: 鶉小学校前",
        "name": "鶉小学校前",
        "operator": "事業者不明",
        "ref": "",
        "url": "",
        "url2": ""
      }
    },
    {
      "type": "Feature",
      "geometry": {
        "type": "Point",
        "coordinates": [
          136.7325799,
          35.3785605
        ]
      },
      "properties": {
        "内容": "バス停: 鶉公民館前",
        "name": "鶉公民館前",
        "operator": "事業者不明",
        "ref": "",
        "url": "",
        "url2": ""
      }
    },
    {
      "type": "Feature",
      "geometry": {
        "type": "Point",
        "coordinates": [
          136.7290045,
          35.3787289
        ]
      },
      "properties": {
        "内容": "バス停: 中鶉",
        "name": "中鶉",
        "operator": "事業者不明",
        "ref": "",
        "url": "",
        "url2": ""
      }
    },
    {
      "type": "Feature",
      "geometry": {
        "type": "Point",
        "coordinates": [
          136.7291332,
          35.3787967
        ]
      },
      "properties": {
        "内容": "バス停: 中鶉",
        "name": "中鶉",
        "operator": "事業者不明",
        "ref": "",
        "url": "",
        "url2": ""
      }
    },
    {
      "type": "Feature",
      "geometry": {
        "type": "Point",
        "coordinates": [
          136.7240531,
          35.3776814
        ]
      },
      "properties": {
        "内容": "バス停: 西鶉",
        "name": "西鶉",
        "operator": "事業者不明",
        "ref": "",
        "url": "",
        "url2": ""
      }
    },
    {
      "type": "Feature",
      "geometry": {
        "type": "Point",
        "coordinates": [
          136.7215372,
          35.3769619
        ]
      },
      "properties": {
        "内容": "バス停: 佐波屋敷",
        "name": "佐波屋敷",
        "operator": "事業者不明",
        "ref": "",
        "url": "",
        "url2": ""
      }
    },
    {
      "type": "Feature",
      "geometry": {
        "type": "Point",
        "coordinates": [
          136.7209149,
          35.3770581
        ]
      },
      "properties": {
        "内容": "バス停: 佐波屋敷",
        "name": "佐波屋敷",
        "operator": "事業者不明",
        "ref": "",
        "url": "",
        "url2": ""
      }
    },
    {
      "type": "Feature",
      "geometry": {
        "type": "Point",
        "coordinates": [
          136.7202605,
          35.3749258
        ]
      },
      "properties": {
        "内容": "バス停: 上佐波",
        "name": "上佐波",
        "operator": "事業者不明",
        "ref": "",
        "url": "",
        "url2": ""
      }
    },
    {
      "type": "Feature",
      "geometry": {
        "type": "Point",
        "coordinates": [
          136.7199735,
          35.3709519
        ]
      },
      "properties": {
        "内容": "バス停: 宮上公民館",
        "name": "宮上公民館",
        "operator": "事業者不明",
        "ref": "",
        "url": "",
        "url2": ""
      }
    },
    {
      "type": "Feature",
      "geometry": {
        "type": "Point",
        "coordinates": [
          136.719783,
          35.3682595
        ]
      },
      "properties": {
        "内容": "バス停: 中佐波",
        "name": "中佐波",
        "operator": "事業者不明",
        "ref": "",
        "url": "",
        "url2": ""
      }
    },
    {
      "type": "Feature",
      "geometry": {
        "type": "Point",
        "coordinates": [
          136.7196114,
          35.365532
        ]
      },
      "properties": {
        "内容": "バス停: 下佐波",
        "name": "下佐波",
        "operator": "事業者不明",
        "ref": "",
        "url": "",
        "url2": ""
      }
    },
    {
      "type": "Feature",
      "geometry": {
        "type": "Point",
        "coordinates": [
          136.7273791,
          35.3648495
        ]
      },
      "properties": {
        "内容": "バス停: カラフルタウン",
        "name": "カラフルタウン",
        "operator": "事業者不明",
        "ref": "",
        "url": "",
        "url2": ""
      }
    },
    {
      "type": "Feature",
      "geometry": {
        "type": "Point",
        "coordinates": [
          136.7273013,
          35.3648583
        ]
      },
      "properties": {
        "内容": "バス停: カラフルタウン",
        "name": "カラフルタウン",
        "operator": "事業者不明",
        "ref": "",
        "url": "",
        "url2": ""
      }
    },
    {
      "type": "Feature",
      "geometry": {
        "type": "Point",
        "coordinates": [
          136.7194075,
          35.3641627
        ]
      },
      "properties": {
        "内容": "バス停: もえぎの里",
        "name": "もえぎの里",
        "operator": "事業者不明",
        "ref": "",
        "url": "",
        "url2": ""
      }
    },
    {
      "type": "Feature",
      "geometry": {
        "type": "Point",
        "coordinates": [
          136.7193914,
          35.3621547
        ]
      },
      "properties": {
        "内容": "バス停: 山西",
        "name": "山西",
        "operator": "事業者不明",
        "ref": "",
        "url": "",
        "url2": ""
      }
    },
    {
      "type": "Feature",
      "geometry": {
        "type": "Point",
        "coordinates": [
          136.7189247,
          35.3572811
        ]
      },
      "properties": {
        "内容": "バス停: 坂巻",
        "name": "坂巻",
        "operator": "事業者不明",
        "ref": "",
        "url": "",
        "url2": ""
      }
    },
    {
      "type": "Feature",
      "geometry": {
        "type": "Point",
        "coordinates": [
          136.7128254,
          35.3576464
        ]
      },
      "properties": {
        "内容": "バス停: 高桑",
        "name": "高桑",
        "operator": "事業者不明",
        "ref": "",
        "url": "",
        "url2": ""
      }
    },
    {
      "type": "Feature",
      "geometry": {
        "type": "Point",
        "coordinates": [
          136.7289535,
          35.3787355
        ]
      },
      "properties": {
        "内容": "バス停: 岐阜信用金庫うずら支店北",
        "name": "岐阜信用金庫うずら支店北",
        "operator": "事業者不明",
        "ref": "",
        "url": "",
        "url2": ""
      }
    },
    {
      "type": "Feature",
      "geometry": {
        "type": "Point",
        "coordinates": [
          136.7287845,
          35.3771521
        ]
      },
      "properties": {
        "内容": "バス停: 堀江畳店前",
        "name": "堀江畳店前",
        "operator": "事業者不明",
        "ref": "",
        "url": "",
        "url2": ""
      }
    },
    {
      "type": "Feature",
      "geometry": {
        "type": "Point",
        "coordinates": [
          136.7264376,
          35.376741
        ]
      },
      "properties": {
        "内容": "バス停: JA鶉支店前",
        "name": "JA鶉支店前",
        "operator": "事業者不明",
        "ref": "",
        "url": "",
        "url2": ""
      }
    },
    {
      "type": "Feature",
      "geometry": {
        "type": "Point",
        "coordinates": [
          136.7251019,
          35.3767825
        ]
      },
      "properties": {
        "内容": "バス停: 清水野",
        "name": "清水野",
        "operator": "事業者不明",
        "ref": "",
        "url": "",
        "url2": ""
      }
    },
    {
      "type": "Feature",
      "geometry": {
        "type": "Point",
        "coordinates": [
          136.7217866,
          35.3769487
        ]
      },
      "properties": {
        "内容": "バス停: かねまつ整形外科前",
        "name": "かねまつ整形外科前",
        "operator": "事業者不明",
        "ref": "",
        "url": "",
        "url2": ""
      }
    },
    {
      "type": "Feature",
      "geometry": {
        "type": "Point",
        "coordinates": [
          136.7199708,
          35.3709344
        ]
      },
      "properties": {
        "内容": "バス停: 宮上ふれあい会館前",
        "name": "宮上ふれあい会館前",
        "operator": "事業者不明",
        "ref": "",
        "url": "",
        "url2": ""
      }
    },
    {
      "type": "Feature",
      "geometry": {
        "type": "Point",
        "coordinates": [
          136.7187343,
          35.3641627
        ]
      },
      "properties": {
        "内容": "バス停: やないづもえぎの里",
        "name": "やないづもえぎの里",
        "operator": "事業者不明",
        "ref": "",
        "url": "",
        "url2": ""
      }
    },
    {
      "type": "Feature",
      "geometry": {
        "type": "Point",
        "coordinates": [
          136.7188148,
          35.364154
        ]
      },
      "properties": {
        "内容": "バス停: やないづもえぎの里",
        "name": "やないづもえぎの里",
        "operator": "事業者不明",
        "ref": "",
        "url": "",
        "url2": ""
      }
    },
    {
      "type": "Feature",
      "geometry": {
        "type": "Point",
        "coordinates": [
          136.7205662,
          35.3645236
        ]
      },
      "properties": {
        "内容": "バス停: やまだ整形外科・内科クリニック柳津生涯学習センター",
        "name": "やまだ整形外科・内科クリニック柳津生涯学習センター",
        "operator": "事業者不明",
        "ref": "",
        "url": "",
        "url2": ""
      }
    },
    {
      "type": "Feature",
      "geometry": {
        "type": "Point",
        "coordinates": [
          136.7271269,
          35.3659279
        ]
      },
      "properties": {
        "内容": "バス停: カラフルタウン北口",
        "name": "カラフルタウン北口",
        "operator": "事業者不明",
        "ref": "",
        "url": "",
        "url2": ""
      }
    },
    {
      "type": "Feature",
      "geometry": {
        "type": "Point",
        "coordinates": [
          136.7281354,
          35.3669602
        ]
      },
      "properties": {
        "内容": "バス停: 高齢者福祉センター",
        "name": "高齢者福祉センター",
        "operator": "事業者不明",
        "ref": "",
        "url": "",
        "url2": ""
      }
    },
    {
      "type": "Feature",
      "geometry": {
        "type": "Point",
        "coordinates": [
          136.7372603,
          35.3685963
        ]
      },
      "properties": {
        "内容": "バス停: おおくま歯科前",
        "name": "おおくま歯科前",
        "operator": "事業者不明",
        "ref": "",
        "url": "",
        "url2": ""
      }
    },
    {
      "type": "Feature",
      "geometry": {
        "type": "Point",
        "coordinates": [
          136.7450977,
          35.3674808
        ]
      },
      "properties": {
        "内容": "バス停: イオン柳津店前",
        "name": "イオン柳津店前",
        "operator": "事業者不明",
        "ref": "",
        "url": "",
        "url2": ""
      }
    },
    {
      "type": "Feature",
      "geometry": {
        "type": "Point",
        "coordinates": [
          136.7422519,
          35.3664681
        ]
      },
      "properties": {
        "内容": "バス停: 本郷いこい広場",
        "name": "本郷いこい広場",
        "operator": "事業者不明",
        "ref": "",
        "url": "",
        "url2": ""
      }
    },
    {
      "type": "Feature",
      "geometry": {
        "type": "Point",
        "coordinates": [
          136.7421661,
          35.3663872
        ]
      },
      "properties": {
        "内容": "バス停: 本郷いこい広場",
        "name": "本郷いこい広場",
        "operator": "事業者不明",
        "ref": "",
        "url": "",
        "url2": ""
      }
    },
    {
      "type": "Feature",
      "geometry": {
        "type": "Point",
        "coordinates": [
          136.7378558,
          35.3662013
        ]
      },
      "properties": {
        "内容": "バス停: 柳津地域事務所",
        "name": "柳津地域事務所",
        "operator": "事業者不明",
        "ref": "",
        "url": "",
        "url2": ""
      }
    },
    {
      "type": "Feature",
      "geometry": {
        "type": "Point",
        "coordinates": [
          136.7394409,
          35.3650092
        ]
      },
      "properties": {
        "内容": "バス停: 名鉄柳津駅",
        "name": "名鉄柳津駅",
        "operator": "事業者不明",
        "ref": "",
        "url": "",
        "url2": ""
      }
    },
    {
      "type": "Feature",
      "geometry": {
        "type": "Point",
        "coordinates": [
          136.7446525,
          35.3663784
        ]
      },
      "properties": {
        "内容": "バス停: イオン柳津店南口",
        "name": "イオン柳津店南口",
        "operator": "事業者不明",
        "ref": "",
        "url": "",
        "url2": ""
      }
    },
    {
      "type": "Feature",
      "geometry": {
        "type": "Point",
        "coordinates": [
          136.7478684,
          35.3657441
        ]
      },
      "properties": {
        "内容": "バス停: 蓮池6丁目",
        "name": "蓮池6丁目",
        "operator": "事業者不明",
        "ref": "",
        "url": "",
        "url2": ""
      }
    },
    {
      "type": "Feature",
      "geometry": {
        "type": "Point",
        "coordinates": [
          136.751189,
          35.3652017
        ]
      },
      "properties": {
        "内容": "バス停: 東塚1丁目",
        "name": "東塚1丁目",
        "operator": "事業者不明",
        "ref": "",
        "url": "",
        "url2": ""
      }
    },
    {
      "type": "Feature",
      "geometry": {
        "type": "Point",
        "coordinates": [
          136.7571677,
          35.3646767
        ]
      },
      "properties": {
        "内容": "バス停: 松波総合病院",
        "name": "松波総合病院",
        "operator": "事業者不明",
        "ref": "",
        "url": "",
        "url2": ""
      }
    },
    {
      "type": "Feature",
      "geometry": {
        "type": "Point",
        "coordinates": [
          136.7557273,
          35.3657791
        ]
      },
      "properties": {
        "内容": "バス停: 栄町",
        "name": "栄町",
        "operator": "事業者不明",
        "ref": "",
        "url": "",
        "url2": ""
      }
    },
    {
      "type": "Feature",
      "geometry": {
        "type": "Point",
        "coordinates": [
          136.7515806,
          35.3686553
        ]
      },
      "properties": {
        "内容": "バス停: 東塚3丁目",
        "name": "東塚3丁目",
        "operator": "事業者不明",
        "ref": "",
        "url": "",
        "url2": ""
      }
    },
    {
      "type": "Feature",
      "geometry": {
        "type": "Point",
        "coordinates": [
          136.7495448,
          35.3671177
        ]
      },
      "properties": {
        "内容": "バス停: 柳津東保育所北",
        "name": "柳津東保育所北",
        "operator": "事業者不明",
        "ref": "",
        "url": "",
        "url2": ""
      }
    },
    {
      "type": "Feature",
      "geometry": {
        "type": "Point",
        "coordinates": [
          136.7468277,
          35.3672271
        ]
      },
      "properties": {
        "内容": "バス停: 蓮池2丁目",
        "name": "蓮池2丁目",
        "operator": "事業者不明",
        "ref": "",
        "url": "",
        "url2": ""
      }
    },
    {
      "type": "Feature",
      "geometry": {
        "type": "Point",
        "coordinates": [
          136.7446686,
          35.3736529
        ]
      },
      "properties": {
        "内容": "バス停: 竹内医院南",
        "name": "竹内医院南",
        "operator": "事業者不明",
        "ref": "",
        "url": "",
        "url2": ""
      }
    },
    {
      "type": "Feature",
      "geometry": {
        "type": "Point",
        "coordinates": [
          136.7399935,
          35.375654
        ]
      },
      "properties": {
        "内容": "バス停: ワコー自動車前",
        "name": "ワコー自動車前",
        "operator": "事業者不明",
        "ref": "",
        "url": "",
        "url2": ""
      }
    },
    {
      "type": "Feature",
      "geometry": {
        "type": "Point",
        "coordinates": [
          136.7373461,
          35.3762423
        ]
      },
      "properties": {
        "内容": "バス停: サカヤス前",
        "name": "サカヤス前",
        "operator": "事業者不明",
        "ref": "",
        "url": "",
        "url2": ""
      }
    },
    {
      "type": "Feature",
      "geometry": {
        "type": "Point",
        "coordinates": [
          136.7360372,
          35.3762927
        ]
      },
      "properties": {
        "内容": "バス停: 南鶉3丁目",
        "name": "南鶉3丁目",
        "operator": "事業者不明",
        "ref": "",
        "url": "",
        "url2": ""
      }
    },
    {
      "type": "Feature",
      "geometry": {
        "type": "Point",
        "coordinates": [
          136.7342804,
          35.3766688
        ]
      },
      "properties": {
        "内容": "バス停: 江崎歯科南",
        "name": "江崎歯科南",
        "operator": "事業者不明",
        "ref": "",
        "url": "",
        "url2": ""
      }
    },
    {
      "type": "Feature",
      "geometry": {
        "type": "Point",
        "coordinates": [
          136.7348141,
          35.3802444
        ]
      },
      "properties": {
        "内容": "バス停: 中鶉4丁目",
        "name": "中鶉4丁目",
        "operator": "事業者不明",
        "ref": "",
        "url": "",
        "url2": ""
      }
    },
    {
      "type": "Feature",
      "geometry": {
        "type": "Point",
        "coordinates": [
          136.7341007,
          35.3834853
        ]
      },
      "properties": {
        "内容": "バス停: 笠松病院・岐阜市地域包括支援センター境川",
        "name": "笠松病院・岐阜市地域包括支援センター境川",
        "operator": "事業者不明",
        "ref": "",
        "url": "",
        "url2": ""
      }
    },
    {
      "type": "Feature",
      "geometry": {
        "type": "Point",
        "coordinates": [
          136.7409269,
          35.3823875
        ]
      },
      "properties": {
        "内容": "バス停: スーパー三心東",
        "name": "スーパー三心東",
        "operator": "事業者不明",
        "ref": "",
        "url": "",
        "url2": ""
      }
    },
    {
      "type": "Feature",
      "geometry": {
        "type": "Point",
        "coordinates": [
          136.7407552,
          35.3805353
        ]
      },
      "properties": {
        "内容": "バス停: うずら歯科",
        "name": "うずら歯科",
        "operator": "事業者不明",
        "ref": "",
        "url": "",
        "url2": ""
      }
    },
    {
      "type": "Feature",
      "geometry": {
        "type": "Point",
        "coordinates": [
          136.7402402,
          35.3771937
        ]
      },
      "properties": {
        "内容": "バス停: 東鶉7丁目バス停",
        "name": "東鶉7丁目バス停",
        "operator": "事業者不明",
        "ref": "",
        "url": "",
        "url2": ""
      }
    },
    {
      "type": "Feature",
      "geometry": {
        "type": "Point",
        "coordinates": [
          136.7346649,
          35.3666785
        ]
      },
      "properties": {
        "内容": "バス停: 北塚会館",
        "name": "北塚会館",
        "operator": "事業者不明",
        "ref": "",
        "url": "",
        "url2": ""
      }
    },
    {
      "type": "Feature",
      "geometry": {
        "type": "Point",
        "coordinates": [
          136.7384415,
          35.3609215
        ]
      },
      "properties": {
        "内容": "バス停: 梅松",
        "name": "梅松",
        "operator": "事業者不明",
        "ref": "",
        "url": "",
        "url2": ""
      }
    },
    {
      "type": "Feature",
      "geometry": {
        "type": "Point",
        "coordinates": [
          136.7340534,
          35.3611271
        ]
      },
      "properties": {
        "内容": "バス停: 南塚4丁目",
        "name": "南塚4丁目",
        "operator": "事業者不明",
        "ref": "",
        "url": "",
        "url2": ""
      }
    },
    {
      "type": "Feature",
      "geometry": {
        "type": "Point",
        "coordinates": [
          136.7302232,
          35.3613196
        ]
      },
      "properties": {
        "内容": "バス停: カラフルタウン南口",
        "name": "カラフルタウン南口",
        "operator": "事業者不明",
        "ref": "",
        "url": "",
        "url2": ""
      }
    },
    {
      "type": "Feature",
      "geometry": {
        "type": "Point",
        "coordinates": [
          136.721565,
          35.3633451
        ]
      },
      "properties": {
        "内容": "バス停: 下佐波1丁目",
        "name": "下佐波1丁目",
        "operator": "事業者不明",
        "ref": "",
        "url": "",
        "url2": ""
      }
    },
    {
      "type": "Feature",
      "geometry": {
        "type": "Point",
        "coordinates": [
          136.713458,
          35.3692673
        ]
      },
      "properties": {
        "内容": "バス停: スーパービバホーム",
        "name": "スーパービバホーム",
        "operator": "事業者不明",
        "ref": "",
        "url": "",
        "url2": ""
      }
    },
    {
      "type": "Feature",
      "geometry": {
        "type": "Point",
        "coordinates": [
          136.7137021,
          35.3728586
        ]
      },
      "properties": {
        "内容": "バス停: ファミリー歯科・黒田内科クリニック南",
        "name": "ファミリー歯科・黒田内科クリニック南",
        "operator": "事業者不明",
        "ref": "",
        "url": "",
        "url2": ""
      }
    },
    {
      "type": "Feature",
      "geometry": {
        "type": "Point",
        "coordinates": [
          136.7086327,
          35.3728673
        ]
      },
      "properties": {
        "内容": "バス停: くまざき内科前",
        "name": "くまざき内科前",
        "operator": "事業者不明",
        "ref": "",
        "url": "",
        "url2": ""
      }
    },
    {
      "type": "Feature",
      "geometry": {
        "type": "Point",
        "coordinates": [
          136.7060793,
          35.3731079
        ]
      },
      "properties": {
        "内容": "バス停: 且格小学校前",
        "name": "且格小学校前",
        "operator": "事業者不明",
        "ref": "",
        "url": "",
        "url2": ""
      }
    },
    {
      "type": "Feature",
      "geometry": {
        "type": "Point",
        "coordinates": [
          136.7028338,
          35.372946
        ]
      },
      "properties": {
        "内容": "バス停: JA日置江支店前",
        "name": "JA日置江支店前",
        "operator": "事業者不明",
        "ref": "",
        "url": "",
        "url2": ""
      }
    },
    {
      "type": "Feature",
      "geometry": {
        "type": "Point",
        "coordinates": [
          136.6972924,
          35.371157
        ]
      },
      "properties": {
        "内容": "バス停: 天野",
        "name": "天野",
        "operator": "事業者不明",
        "ref": "",
        "url": "",
        "url2": ""
      }
    },
    {
      "type": "Feature",
      "geometry": {
        "type": "Point",
        "coordinates": [
          136.6936821,
          35.3674738
        ]
      },
      "properties": {
        "内容": "バス停: 田中歯科医院前",
        "name": "田中歯科医院前",
        "operator": "事業者不明",
        "ref": "",
        "url": "",
        "url2": ""
      }
    },
    {
      "type": "Feature",
      "geometry": {
        "type": "Point",
        "coordinates": [
          136.6953022,
          35.363891
        ]
      },
      "properties": {
        "内容": "バス停: うおよし前",
        "name": "うおよし前",
        "operator": "事業者不明",
        "ref": "",
        "url": "",
        "url2": ""
      }
    },
    {
      "type": "Feature",
      "geometry": {
        "type": "Point",
        "coordinates": [
          136.7032844,
          35.3642935
        ]
      },
      "properties": {
        "内容": "バス停: 大脇森北冷機前",
        "name": "大脇森北冷機前",
        "operator": "事業者不明",
        "ref": "",
        "url": "",
        "url2": ""
      }
    },
    {
      "type": "Feature",
      "geometry": {
        "type": "Point",
        "coordinates": [
          136.7057467,
          35.3618437
        ]
      },
      "properties": {
        "内容": "バス停: 岐阜聖徳学園大学",
        "name": "岐阜聖徳学園大学",
        "operator": "事業者不明",
        "ref": "",
        "url": "",
        "url2": ""
      }
    },
    {
      "type": "Feature",
      "geometry": {
        "type": "Point",
        "coordinates": [
          136.7058647,
          35.3584794
        ]
      },
      "properties": {
        "内容": "バス停: 岐阜南病院北・（株）カネヒロ前",
        "name": "岐阜南病院北・（株）カネヒロ前",
        "operator": "事業者不明",
        "ref": "",
        "url": "",
        "url2": ""
      }
    },
    {
      "type": "Feature",
      "geometry": {
        "type": "Point",
        "coordinates": [
          136.7107302,
          35.3572063
        ]
      },
      "properties": {
        "内容": "バス停: 高桑コミュニティ会館",
        "name": "高桑コミュニティ会館",
        "operator": "事業者不明",
        "ref": "",
        "url": "",
        "url2": ""
      }
    },
    {
      "type": "Feature",
      "geometry": {
        "type": "Point",
        "coordinates": [
          136.7218077,
          35.3577488
        ]
      },
      "properties": {
        "内容": "バス停: 宮下",
        "name": "宮下",
        "operator": "事業者不明",
        "ref": "",
        "url": "",
        "url2": ""
      }
    },
    {
      "type": "Feature",
      "geometry": {
        "type": "Point",
        "coordinates": [
          136.7623037,
          35.4083995
        ]
      },
      "properties": {
        "内容": "バス停: 加納北広江町",
        "name": "加納北広江町",
        "operator": "事業者不明",
        "ref": "",
        "url": "",
        "url2": ""
      }
    },
    {
      "type": "Feature",
      "geometry": {
        "type": "Point",
        "coordinates": [
          136.7624378,
          35.4085219
        ]
      },
      "properties": {
        "内容": "バス停: 加納北広江町",
        "name": "加納北広江町",
        "operator": "事業者不明",
        "ref": "",
        "url": "",
        "url2": ""
      }
    },
    {
      "type": "Feature",
      "geometry": {
        "type": "Point",
        "coordinates": [
          136.7625129,
          35.4073677
        ]
      },
      "properties": {
        "内容": "バス停: 加納中広江町",
        "name": "加納中広江町",
        "operator": "事業者不明",
        "ref": "",
        "url": "",
        "url2": ""
      }
    },
    {
      "type": "Feature",
      "geometry": {
        "type": "Point",
        "coordinates": [
          136.7626739,
          35.4072933
        ]
      },
      "properties": {
        "内容": "バス停: 加納中広江町",
        "name": "加納中広江町",
        "operator": "事業者不明",
        "ref": "",
        "url": "",
        "url2": ""
      }
    },
    {
      "type": "Feature",
      "geometry": {
        "type": "Point",
        "coordinates": [
          136.7623145,
          35.4051115
        ]
      },
      "properties": {
        "内容": "バス停: 中山道・水薬師・大手御門",
        "name": "中山道・水薬師・大手御門",
        "operator": "事業者不明",
        "ref": "",
        "url": "",
        "url2": ""
      }
    },
    {
      "type": "Feature",
      "geometry": {
        "type": "Point",
        "coordinates": [
          136.7624378,
          35.4050503
        ]
      },
      "properties": {
        "内容": "バス停: 中山道・水薬師・大手御門",
        "name": "中山道・水薬師・大手御門",
        "operator": "事業者不明",
        "ref": "",
        "url": "",
        "url2": ""
      }
    },
    {
      "type": "Feature",
      "geometry": {
        "type": "Point",
        "coordinates": [
          136.7617244,
          35.4033451
        ]
      },
      "properties": {
        "内容": "バス停: 附属小・中学校",
        "name": "附属小・中学校",
        "operator": "事業者不明",
        "ref": "",
        "url": "",
        "url2": ""
      }
    },
    {
      "type": "Feature",
      "geometry": {
        "type": "Point",
        "coordinates": [
          136.7618531,
          35.4033451
        ]
      },
      "properties": {
        "内容": "バス停: 附属小・中学校",
        "name": "附属小・中学校",
        "operator": "事業者不明",
        "ref": "",
        "url": "",
        "url2": ""
      }
    },
    {
      "type": "Feature",
      "geometry": {
        "type": "Point",
        "coordinates": [
          136.7613811,
          35.4019196
        ]
      },
      "properties": {
        "内容": "バス停: 加納小学校・加納東公民館",
        "name": "加納小学校・加納東公民館",
        "operator": "事業者不明",
        "ref": "",
        "url": "",
        "url2": ""
      }
    },
    {
      "type": "Feature",
      "geometry": {
        "type": "Point",
        "coordinates": [
          136.7614132,
          35.4014561
        ]
      },
      "properties": {
        "内容": "バス停: 加納小学校・加納東公民館",
        "name": "加納小学校・加納東公民館",
        "operator": "事業者不明",
        "ref": "",
        "url": "",
        "url2": ""
      }
    },
    {
      "type": "Feature",
      "geometry": {
        "type": "Point",
        "coordinates": [
          136.7605925,
          35.4005597
        ]
      },
      "properties": {
        "内容": "バス停: 加納城址",
        "name": "加納城址",
        "operator": "事業者不明",
        "ref": "",
        "url": "",
        "url2": ""
      }
    },
    {
      "type": "Feature",
      "geometry": {
        "type": "Point",
        "coordinates": [
          136.7607749,
          35.4006384
        ]
      },
      "properties": {
        "内容": "バス停: 加納城址",
        "name": "加納城址",
        "operator": "事業者不明",
        "ref": "",
        "url": "",
        "url2": ""
      }
    },
    {
      "type": "Feature",
      "geometry": {
        "type": "Point",
        "coordinates": [
          136.7593104,
          35.3995103
        ]
      },
      "properties": {
        "内容": "バス停: 加納公園",
        "name": "加納公園",
        "operator": "事業者不明",
        "ref": "",
        "url": "",
        "url2": ""
      }
    },
    {
      "type": "Feature",
      "geometry": {
        "type": "Point",
        "coordinates": [
          136.7592353,
          35.3997158
        ]
      },
      "properties": {
        "内容": "バス停: 加納公園",
        "name": "加納公園",
        "operator": "事業者不明",
        "ref": "",
        "url": "",
        "url2": ""
      }
    },
    {
      "type": "Feature",
      "geometry": {
        "type": "Point",
        "coordinates": [
          136.7610538,
          35.3978443
        ]
      },
      "properties": {
        "内容": "バス停: 南部コミセン",
        "name": "南部コミセン",
        "operator": "事業者不明",
        "ref": "",
        "url": "",
        "url2": ""
      }
    },
    {
      "type": "Feature",
      "geometry": {
        "type": "Point",
        "coordinates": [
          136.7585969,
          35.3973283
        ]
      },
      "properties": {
        "内容": "バス停: 加納中学校",
        "name": "加納中学校",
        "operator": "事業者不明",
        "ref": "",
        "url": "",
        "url2": ""
      }
    },
    {
      "type": "Feature",
      "geometry": {
        "type": "Point",
        "coordinates": [
          136.756773,
          35.3969916
        ]
      },
      "properties": {
        "内容": "バス停: 加納中通り",
        "name": "加納中通り",
        "operator": "事業者不明",
        "ref": "",
        "url": "",
        "url2": ""
      }
    },
    {
      "type": "Feature",
      "geometry": {
        "type": "Point",
        "coordinates": [
          136.7563063,
          35.3965412
        ]
      },
      "properties": {
        "内容": "バス停: 加納中通り",
        "name": "加納中通り",
        "operator": "事業者不明",
        "ref": "",
        "url": "",
        "url2": ""
      }
    },
    {
      "type": "Feature",
      "geometry": {
        "type": "Point",
        "coordinates": [
          136.7550296,
          35.3974988
        ]
      },
      "properties": {
        "内容": "バス停: 加納花ノ木町",
        "name": "加納花ノ木町",
        "operator": "事業者不明",
        "ref": "",
        "url": "",
        "url2": ""
      }
    },
    {
      "type": "Feature",
      "geometry": {
        "type": "Point",
        "coordinates": [
          136.7539567,
          35.3977043
        ]
      },
      "properties": {
        "内容": "バス停: 加納鉄砲町5丁目",
        "name": "加納鉄砲町5丁目",
        "operator": "事業者不明",
        "ref": "",
        "url": "",
        "url2": ""
      }
    },
    {
      "type": "Feature",
      "geometry": {
        "type": "Point",
        "coordinates": [
          136.7540318,
          35.397818
        ]
      },
      "properties": {
        "内容": "バス停: 加納鉄砲町5丁目",
        "name": "加納鉄砲町5丁目",
        "operator": "事業者不明",
        "ref": "",
        "url": "",
        "url2": ""
      }
    },
    {
      "type": "Feature",
      "geometry": {
        "type": "Point",
        "coordinates": [
          136.7524922,
          35.3981416
        ]
      },
      "properties": {
        "内容": "バス停: 観音寺・猿田彦神社前",
        "name": "観音寺・猿田彦神社前",
        "operator": "事業者不明",
        "ref": "",
        "url": "",
        "url2": ""
      }
    },
    {
      "type": "Feature",
      "geometry": {
        "type": "Point",
        "coordinates": [
          136.7526907,
          35.3981985
        ]
      },
      "properties": {
        "内容": "バス停: 観音寺・猿田彦神社前",
        "name": "観音寺・猿田彦神社前",
        "operator": "事業者不明",
        "ref": "",
        "url": "",
        "url2": ""
      }
    },
    {
      "type": "Feature",
      "geometry": {
        "type": "Point",
        "coordinates": [
          136.7503679,
          35.3985833
        ]
      },
      "properties": {
        "内容": "バス停: 加納高校",
        "name": "加納高校",
        "operator": "事業者不明",
        "ref": "",
        "url": "",
        "url2": ""
      }
    },
    {
      "type": "Feature",
      "geometry": {
        "type": "Point",
        "coordinates": [
          136.7502982,
          35.3987101
        ]
      },
      "properties": {
        "内容": "バス停: 加納高校",
        "name": "加納高校",
        "operator": "事業者不明",
        "ref": "",
        "url": "",
        "url2": ""
      }
    },
    {
      "type": "Feature",
      "geometry": {
        "type": "Point",
        "coordinates": [
          136.749059,
          35.3997377
        ]
      },
      "properties": {
        "内容": "バス停: 加納堀田町2丁目",
        "name": "加納堀田町2丁目",
        "operator": "事業者不明",
        "ref": "",
        "url": "",
        "url2": ""
      }
    },
    {
      "type": "Feature",
      "geometry": {
        "type": "Point",
        "coordinates": [
          136.7491824,
          35.3996983
        ]
      },
      "properties": {
        "内容": "バス停: 加納堀田町2丁目",
        "name": "加納堀田町2丁目",
        "operator": "事業者不明",
        "ref": "",
        "url": "",
        "url2": ""
      }
    },
    {
      "type": "Feature",
      "geometry": {
        "type": "Point",
        "coordinates": [
          136.7494774,
          35.4014342
        ]
      },
      "properties": {
        "内容": "バス停: メガドンキ前",
        "name": "メガドンキ前",
        "operator": "事業者不明",
        "ref": "",
        "url": "",
        "url2": ""
      }
    },
    {
      "type": "Feature",
      "geometry": {
        "type": "Point",
        "coordinates": [
          136.7496223,
          35.4016485
        ]
      },
      "properties": {
        "内容": "バス停: メガドンキ前",
        "name": "メガドンキ前",
        "operator": "事業者不明",
        "ref": "",
        "url": "",
        "url2": ""
      }
    },
    {
      "type": "Feature",
      "geometry": {
        "type": "Point",
        "coordinates": [
          136.7499227,
          35.4035112
        ]
      },
      "properties": {
        "内容": "バス停: 加納西小学校・公民館",
        "name": "加納西小学校・公民館",
        "operator": "事業者不明",
        "ref": "",
        "url": "",
        "url2": ""
      }
    },
    {
      "type": "Feature",
      "geometry": {
        "type": "Point",
        "coordinates": [
          136.7500729,
          35.4036686
        ]
      },
      "properties": {
        "内容": "バス停: 加納西小学校・公民館",
        "name": "加納西小学校・公民館",
        "operator": "事業者不明",
        "ref": "",
        "url": "",
        "url2": ""
      }
    },
    {
      "type": "Feature",
      "geometry": {
        "type": "Point",
        "coordinates": [
          136.7502767,
          35.405234
        ]
      },
      "properties": {
        "内容": "バス停: 加納神明町",
        "name": "加納神明町",
        "operator": "事業者不明",
        "ref": "",
        "url": "",
        "url2": ""
      }
    },
    {
      "type": "Feature",
      "geometry": {
        "type": "Point",
        "coordinates": [
          136.750384,
          35.4051553
        ]
      },
      "properties": {
        "内容": "バス停: 加納神明町",
        "name": "加納神明町",
        "operator": "事業者不明",
        "ref": "",
        "url": "",
        "url2": ""
      }
    },
    {
      "type": "Feature",
      "geometry": {
        "type": "Point",
        "coordinates": [
          136.7513764,
          35.4084695
        ]
      },
      "properties": {
        "内容": "バス停: 加納愛宕町",
        "name": "加納愛宕町",
        "operator": "事業者不明",
        "ref": "",
        "url": "",
        "url2": ""
      }
    },
    {
      "type": "Feature",
      "geometry": {
        "type": "Point",
        "coordinates": [
          136.7502284,
          35.4100391
        ]
      },
      "properties": {
        "内容": "バス停: 愛宕住宅前",
        "name": "愛宕住宅前",
        "operator": "事業者不明",
        "ref": "",
        "url": "",
        "url2": ""
      }
    },
    {
      "type": "Feature",
      "geometry": {
        "type": "Point",
        "coordinates": [
          136.750207,
          35.4108567
        ]
      },
      "properties": {
        "内容": "バス停: 村上記念病院前",
        "name": "村上記念病院前",
        "operator": "事業者不明",
        "ref": "",
        "url": "",
        "url2": ""
      }
    },
    {
      "type": "Feature",
      "geometry": {
        "type": "Point",
        "coordinates": [
          136.7703754,
          35.4023565
        ]
      },
      "properties": {
        "内容": "バス停: 上川手西",
        "name": "上川手西",
        "operator": "事業者不明",
        "ref": "",
        "url": "",
        "url2": ""
      }
    },
    {
      "type": "Feature",
      "geometry": {
        "type": "Point",
        "coordinates": [
          136.7705524,
          35.4021685
        ]
      },
      "properties": {
        "内容": "バス停: 茶所東",
        "name": "茶所東",
        "operator": "事業者不明",
        "ref": "",
        "url": "",
        "url2": ""
      }
    },
    {
      "type": "Feature",
      "geometry": {
        "type": "Point",
        "coordinates": [
          136.7705524,
          35.4007037
        ]
      },
      "properties": {
        "内容": "バス停: 栢屋商店前",
        "name": "栢屋商店前",
        "operator": "事業者不明",
        "ref": "",
        "url": "",
        "url2": ""
      }
    },
    {
      "type": "Feature",
      "geometry": {
        "type": "Point",
        "coordinates": [
          136.7707187,
          35.4009791
        ]
      },
      "properties": {
        "内容": "バス停: 栢屋商店前",
        "name": "栢屋商店前",
        "operator": "事業者不明",
        "ref": "",
        "url": "",
        "url2": ""
      }
    },
    {
      "type": "Feature",
      "geometry": {
        "type": "Point",
        "coordinates": [
          136.7705237,
          35.3978643
        ]
      },
      "properties": {
        "内容": "バス停: 厚見公民館前",
        "name": "厚見公民館前",
        "operator": "事業者不明",
        "ref": "",
        "url": "",
        "url2": ""
      }
    },
    {
      "type": "Feature",
      "geometry": {
        "type": "Point",
        "coordinates": [
          136.7706685,
          35.3977812
        ]
      },
      "properties": {
        "内容": "バス停: 厚見公民館前",
        "name": "厚見公民館前",
        "operator": "事業者不明",
        "ref": "",
        "url": "",
        "url2": ""
      }
    },
    {
      "type": "Feature",
      "geometry": {
        "type": "Point",
        "coordinates": [
          136.7682009,
          35.3974751
        ]
      },
      "properties": {
        "内容": "バス停: 宮北町",
        "name": "宮北町",
        "operator": "事業者不明",
        "ref": "",
        "url": "",
        "url2": ""
      }
    },
    {
      "type": "Feature",
      "geometry": {
        "type": "Point",
        "coordinates": [
          136.7683404,
          35.3978293
        ]
      },
      "properties": {
        "内容": "バス停: 宮北町",
        "name": "宮北町",
        "operator": "事業者不明",
        "ref": "",
        "url": "",
        "url2": ""
      }
    },
    {
      "type": "Feature",
      "geometry": {
        "type": "Point",
        "coordinates": [
          136.7683082,
          35.3998444
        ]
      },
      "properties": {
        "内容": "バス停: 岡本・中島米穀前",
        "name": "岡本・中島米穀前",
        "operator": "事業者不明",
        "ref": "",
        "url": "",
        "url2": ""
      }
    },
    {
      "type": "Feature",
      "geometry": {
        "type": "Point",
        "coordinates": [
          136.7681794,
          35.4000412
        ]
      },
      "properties": {
        "内容": "バス停: 岡本・中島米穀前",
        "name": "岡本・中島米穀前",
        "operator": "事業者不明",
        "ref": "",
        "url": "",
        "url2": ""
      }
    },
    {
      "type": "Feature",
      "geometry": {
        "type": "Point",
        "coordinates": [
          136.7683243,
          35.4020395
        ]
      },
      "properties": {
        "内容": "バス停: いながき理容店・松野酒店前",
        "name": "いながき理容店・松野酒店前",
        "operator": "事業者不明",
        "ref": "",
        "url": "",
        "url2": ""
      }
    },
    {
      "type": "Feature",
      "geometry": {
        "type": "Point",
        "coordinates": [
          136.7684745,
          35.4021619
        ]
      },
      "properties": {
        "内容": "バス停: いながき理容店・松野酒店前",
        "name": "いながき理容店・松野酒店前",
        "operator": "事業者不明",
        "ref": "",
        "url": "",
        "url2": ""
      }
    },
    {
      "type": "Feature",
      "geometry": {
        "type": "Point",
        "coordinates": [
          136.7728036,
          35.4022144
        ]
      },
      "properties": {
        "内容": "バス停: 上川手東",
        "name": "上川手東",
        "operator": "事業者不明",
        "ref": "",
        "url": "",
        "url2": ""
      }
    },
    {
      "type": "Feature",
      "geometry": {
        "type": "Point",
        "coordinates": [
          136.7729806,
          35.4023762
        ]
      },
      "properties": {
        "内容": "バス停: 上川手東",
        "name": "上川手東",
        "operator": "事業者不明",
        "ref": "",
        "url": "",
        "url2": ""
      }
    },
    {
      "type": "Feature",
      "geometry": {
        "type": "Point",
        "coordinates": [
          136.7727392,
          35.4045537
        ]
      },
      "properties": {
        "内容": "バス停: 小島内科クリニック",
        "name": "小島内科クリニック",
        "operator": "事業者不明",
        "ref": "",
        "url": "",
        "url2": ""
      }
    },
    {
      "type": "Feature",
      "geometry": {
        "type": "Point",
        "coordinates": [
          136.7729108,
          35.4046193
        ]
      },
      "properties": {
        "内容": "バス停: 小島内科クリニック",
        "name": "小島内科クリニック",
        "operator": "事業者不明",
        "ref": "",
        "url": "",
        "url2": ""
      }
    },
    {
      "type": "Feature",
      "geometry": {
        "type": "Point",
        "coordinates": [
          136.7757486,
          35.4044356
        ]
      },
      "properties": {
        "内容": "バス停: 西領下",
        "name": "西領下",
        "operator": "事業者不明",
        "ref": "",
        "url": "",
        "url2": ""
      }
    },
    {
      "type": "Feature",
      "geometry": {
        "type": "Point",
        "coordinates": [
          136.7759096,
          35.4042651
        ]
      },
      "properties": {
        "内容": "バス停: 西領下",
        "name": "西領下",
        "operator": "事業者不明",
        "ref": "",
        "url": "",
        "url2": ""
      }
    },
    {
      "type": "Feature",
      "geometry": {
        "type": "Point",
        "coordinates": [
          136.7775779,
          35.4041558
        ]
      },
      "properties": {
        "内容": "バス停: 領下郵便局",
        "name": "領下郵便局",
        "operator": "事業者不明",
        "ref": "",
        "url": "",
        "url2": ""
      }
    },
    {
      "type": "Feature",
      "geometry": {
        "type": "Point",
        "coordinates": [
          136.7777227,
          35.4040071
        ]
      },
      "properties": {
        "内容": "バス停: 領下郵便局",
        "name": "領下郵便局",
        "operator": "事業者不明",
        "ref": "",
        "url": "",
        "url2": ""
      }
    },
    {
      "type": "Feature",
      "geometry": {
        "type": "Point",
        "coordinates": [
          136.7802655,
          35.4037185
        ]
      },
      "properties": {
        "内容": "バス停: 林クリニック前",
        "name": "林クリニック前",
        "operator": "事業者不明",
        "ref": "",
        "url": "",
        "url2": ""
      }
    },
    {
      "type": "Feature",
      "geometry": {
        "type": "Point",
        "coordinates": [
          136.7803835,
          35.403583
        ]
      },
      "properties": {
        "内容": "バス停: 林クリニック前",
        "name": "林クリニック前",
        "operator": "事業者不明",
        "ref": "",
        "url": "",
        "url2": ""
      }
    },
    {
      "type": "Feature",
      "geometry": {
        "type": "Point",
        "coordinates": [
          136.7823898,
          35.4033775
        ]
      },
      "properties": {
        "内容": "バス停: うおいち前",
        "name": "うおいち前",
        "operator": "事業者不明",
        "ref": "",
        "url": "",
        "url2": ""
      }
    },
    {
      "type": "Feature",
      "geometry": {
        "type": "Point",
        "coordinates": [
          136.7825346,
          35.4032244
        ]
      },
      "properties": {
        "内容": "バス停: うおいち前",
        "name": "うおいち前",
        "operator": "事業者不明",
        "ref": "",
        "url": "",
        "url2": ""
      }
    },
    {
      "type": "Feature",
      "geometry": {
        "type": "Point",
        "coordinates": [
          136.7817675,
          35.4007102
        ]
      },
      "properties": {
        "内容": "バス停: 細畑・二ツ山",
        "name": "細畑・二ツ山",
        "operator": "事業者不明",
        "ref": "",
        "url": "",
        "url2": ""
      }
    },
    {
      "type": "Feature",
      "geometry": {
        "type": "Point",
        "coordinates": [
          136.7821484,
          35.4005965
        ]
      },
      "properties": {
        "内容": "バス停: 細畑・二ツ山",
        "name": "細畑・二ツ山",
        "operator": "事業者不明",
        "ref": "",
        "url": "",
        "url2": ""
      }
    },
    {
      "type": "Feature",
      "geometry": {
        "type": "Point",
        "coordinates": [
          136.7798256,
          35.400356
        ]
      },
      "properties": {
        "内容": "バス停: 領下八幡神社",
        "name": "領下八幡神社",
        "operator": "事業者不明",
        "ref": "",
        "url": "",
        "url2": ""
      }
    },
    {
      "type": "Feature",
      "geometry": {
        "type": "Point",
        "coordinates": [
          136.7795895,
          35.4003823
        ]
      },
      "properties": {
        "内容": "バス停: 領下八幡神社",
        "name": "領下八幡神社",
        "operator": "事業者不明",
        "ref": "",
        "url": "",
        "url2": ""
      }
    },
    {
      "type": "Feature",
      "geometry": {
        "type": "Point",
        "coordinates": [
          136.7771326,
          35.3995208
        ]
      },
      "properties": {
        "内容": "バス停: えんま堂",
        "name": "えんま堂",
        "operator": "事業者不明",
        "ref": "",
        "url": "",
        "url2": ""
      }
    },
    {
      "type": "Feature",
      "geometry": {
        "type": "Point",
        "coordinates": [
          136.7771165,
          35.3996783
        ]
      },
      "properties": {
        "内容": "バス停: えんま堂",
        "name": "えんま堂",
        "operator": "事業者不明",
        "ref": "",
        "url": "",
        "url2": ""
      }
    },
    {
      "type": "Feature",
      "geometry": {
        "type": "Point",
        "coordinates": [
          136.7745063,
          35.3984096
        ]
      },
      "properties": {
        "内容": "バス停: 厚見中学校前",
        "name": "厚見中学校前",
        "operator": "事業者不明",
        "ref": "",
        "url": "",
        "url2": ""
      }
    },
    {
      "type": "Feature",
      "geometry": {
        "type": "Point",
        "coordinates": [
          136.7744707,
          35.398496
        ]
      },
      "properties": {
        "内容": "バス停: 厚見中学校前",
        "name": "厚見中学校前",
        "operator": "事業者不明",
        "ref": "",
        "url": "",
        "url2": ""
      }
    },
    {
      "type": "Feature",
      "geometry": {
        "type": "Point",
        "coordinates": [
          136.7758386,
          35.3969567
        ]
      },
      "properties": {
        "内容": "バス停: 野畑北",
        "name": "野畑北",
        "operator": "事業者不明",
        "ref": "",
        "url": "",
        "url2": ""
      }
    },
    {
      "type": "Feature",
      "geometry": {
        "type": "Point",
        "coordinates": [
          136.7756938,
          35.3969611
        ]
      },
      "properties": {
        "内容": "バス停: 野畑北",
        "name": "野畑北",
        "operator": "事業者不明",
        "ref": "",
        "url": "",
        "url2": ""
      }
    },
    {
      "type": "Feature",
      "geometry": {
        "type": "Point",
        "coordinates": [
          136.7763107,
          35.395916
        ]
      },
      "properties": {
        "内容": "バス停: 野畑南",
        "name": "野畑南",
        "operator": "事業者不明",
        "ref": "",
        "url": "",
        "url2": ""
      }
    },
    {
      "type": "Feature",
      "geometry": {
        "type": "Point",
        "coordinates": [
          136.7762356,
          35.3958154
        ]
      },
      "properties": {
        "内容": "バス停: 野畑南",
        "name": "野畑南",
        "operator": "事業者不明",
        "ref": "",
        "url": "",
        "url2": ""
      }
    },
    {
      "type": "Feature",
      "geometry": {
        "type": "Point",
        "coordinates": [
          136.7726522,
          35.3959422
        ]
      },
      "properties": {
        "内容": "バス停: 厚八グランド北",
        "name": "厚八グランド北",
        "operator": "事業者不明",
        "ref": "",
        "url": "",
        "url2": ""
      }
    },
    {
      "type": "Feature",
      "geometry": {
        "type": "Point",
        "coordinates": [
          136.7732476,
          35.3959247
        ]
      },
      "properties": {
        "内容": "バス停: 厚八グランド北",
        "name": "厚八グランド北",
        "operator": "事業者不明",
        "ref": "",
        "url": "",
        "url2": ""
      }
    },
    {
      "type": "Feature",
      "geometry": {
        "type": "Point",
        "coordinates": [
          136.7674702,
          35.3971098
        ]
      },
      "properties": {
        "内容": "バス停: JA・地域包括厚見",
        "name": "JA・地域包括厚見",
        "operator": "事業者不明",
        "ref": "",
        "url": "",
        "url2": ""
      }
    },
    {
      "type": "Feature",
      "geometry": {
        "type": "Point",
        "coordinates": [
          136.7666655,
          35.3973721
        ]
      },
      "properties": {
        "内容": "バス停: JA地域包括厚見",
        "name": "JA地域包括厚見",
        "operator": "事業者不明",
        "ref": "",
        "url": "",
        "url2": ""
      }
    },
    {
      "type": "Feature",
      "geometry": {
        "type": "Point",
        "coordinates": [
          136.7649435,
          35.3951901
        ]
      },
      "properties": {
        "内容": "バス停: 下川手バス停前",
        "name": "下川手バス停前",
        "operator": "事業者不明",
        "ref": "",
        "url": "",
        "url2": ""
      }
    },
    {
      "type": "Feature",
      "geometry": {
        "type": "Point",
        "coordinates": [
          136.7651581,
          35.3953344
        ]
      },
      "properties": {
        "内容": "バス停: 下川手バス停前",
        "name": "下川手バス停前",
        "operator": "事業者不明",
        "ref": "",
        "url": "",
        "url2": ""
      }
    },
    {
      "type": "Feature",
      "geometry": {
        "type": "Point",
        "coordinates": [
          136.7645734,
          35.3933403
        ]
      },
      "properties": {
        "内容": "バス停: 城東通り5丁目",
        "name": "城東通り5丁目",
        "operator": "事業者不明",
        "ref": "",
        "url": "",
        "url2": ""
      }
    },
    {
      "type": "Feature",
      "geometry": {
        "type": "Point",
        "coordinates": [
          136.7647772,
          35.3934103
        ]
      },
      "properties": {
        "内容": "バス停: 城東通り5丁目",
        "name": "城東通り5丁目",
        "operator": "事業者不明",
        "ref": "",
        "url": "",
        "url2": ""
      }
    },
    {
      "type": "Feature",
      "geometry": {
        "type": "Point",
        "coordinates": [
          136.7630928,
          35.3922689
        ]
      },
      "properties": {
        "内容": "バス停: 朝霧町",
        "name": "朝霧町",
        "operator": "事業者不明",
        "ref": "",
        "url": "",
        "url2": ""
      }
    },
    {
      "type": "Feature",
      "geometry": {
        "type": "Point",
        "coordinates": [
          136.7633503,
          35.3923126
        ]
      },
      "properties": {
        "内容": "バス停: 朝霧町",
        "name": "朝霧町",
        "operator": "事業者不明",
        "ref": "",
        "url": "",
        "url2": ""
      }
    },
    {
      "type": "Feature",
      "geometry": {
        "type": "Point",
        "coordinates": [
          136.7568057,
          35.3934365
        ]
      },
      "properties": {
        "内容": "バス停: 水主町1丁目",
        "name": "水主町1丁目",
        "operator": "事業者不明",
        "ref": "",
        "url": "",
        "url2": ""
      }
    },
    {
      "type": "Feature",
      "geometry": {
        "type": "Point",
        "coordinates": [
          136.7566555,
          35.3935852
        ]
      },
      "properties": {
        "内容": "バス停: 水主町1丁目",
        "name": "水主町1丁目",
        "operator": "事業者不明",
        "ref": "",
        "url": "",
        "url2": ""
      }
    },
    {
      "type": "Feature",
      "geometry": {
        "type": "Point",
        "coordinates": [
          136.7516559,
          35.3938563
        ]
      },
      "properties": {
        "内容": "バス停: Vドラッグ・アクトス前",
        "name": "Vドラッグ・アクトス前",
        "operator": "事業者不明",
        "ref": "",
        "url": "",
        "url2": ""
      }
    },
    {
      "type": "Feature",
      "geometry": {
        "type": "Point",
        "coordinates": [
          136.7516666,
          35.3939919
        ]
      },
      "properties": {
        "内容": "バス停: Vドラッグ・アクトス前",
        "name": "Vドラッグ・アクトス前",
        "operator": "事業者不明",
        "ref": "",
        "url": "",
        "url2": ""
      }
    },
    {
      "type": "Feature",
      "geometry": {
        "type": "Point",
        "coordinates": [
          136.7512696,
          35.3957061
        ]
      },
      "properties": {
        "内容": "バス停: 大野2丁目東",
        "name": "大野2丁目東",
        "operator": "事業者不明",
        "ref": "",
        "url": "",
        "url2": ""
      }
    },
    {
      "type": "Feature",
      "geometry": {
        "type": "Point",
        "coordinates": [
          136.7514095,
          35.3956176
        ]
      },
      "properties": {
        "内容": "バス停: 茜部大野;大野2丁目東",
        "name": "茜部大野;大野2丁目東",
        "operator": "事業者不明",
        "ref": "",
        "url": "",
        "url2": ""
      }
    },
    {
      "type": "Feature",
      "geometry": {
        "type": "Point",
        "coordinates": [
          136.7488342,
          35.3960953
        ]
      },
      "properties": {
        "内容": "バス停: 大野2丁目西",
        "name": "大野2丁目西",
        "operator": "事業者不明",
        "ref": "",
        "url": "",
        "url2": ""
      }
    },
    {
      "type": "Feature",
      "geometry": {
        "type": "Point",
        "coordinates": [
          136.7489844,
          35.3956449
        ]
      },
      "properties": {
        "内容": "バス停: 大野2丁目西",
        "name": "大野2丁目西",
        "operator": "事業者不明",
        "ref": "",
        "url": "",
        "url2": ""
      }
    },
    {
      "type": "Feature",
      "geometry": {
        "type": "Point",
        "coordinates": [
          136.7489415,
          35.3935721
        ]
      },
      "properties": {
        "内容": "バス停: 中島1丁目",
        "name": "中島1丁目",
        "operator": "事業者不明",
        "ref": "",
        "url": "",
        "url2": ""
      }
    },
    {
      "type": "Feature",
      "geometry": {
        "type": "Point",
        "coordinates": [
          136.7490595,
          35.3936552
        ]
      },
      "properties": {
        "内容": "バス停: 中島1丁目",
        "name": "中島1丁目",
        "operator": "事業者不明",
        "ref": "",
        "url": "",
        "url2": ""
      }
    },
    {
      "type": "Feature",
      "geometry": {
        "type": "Point",
        "coordinates": [
          136.7488878,
          35.3917354
        ]
      },
      "properties": {
        "内容": "バス停: 中島2丁目",
        "name": "中島2丁目",
        "operator": "事業者不明",
        "ref": "",
        "url": "",
        "url2": ""
      }
    },
    {
      "type": "Feature",
      "geometry": {
        "type": "Point",
        "coordinates": [
          136.7490327,
          35.3918272
        ]
      },
      "properties": {
        "内容": "バス停: 中島2丁目",
        "name": "中島2丁目",
        "operator": "事業者不明",
        "ref": "",
        "url": "",
        "url2": ""
      }
    },
    {
      "type": "Feature",
      "geometry": {
        "type": "Point",
        "coordinates": [
          136.7503898,
          35.3904628
        ]
      },
      "properties": {
        "内容": "バス停: 赤十字血液センター西",
        "name": "赤十字血液センター西",
        "operator": "事業者不明",
        "ref": "",
        "url": "",
        "url2": ""
      }
    },
    {
      "type": "Feature",
      "geometry": {
        "type": "Point",
        "coordinates": [
          136.7505293,
          35.3903491
        ]
      },
      "properties": {
        "内容": "バス停: 赤十字血液センター西",
        "name": "赤十字血液センター西",
        "operator": "事業者不明",
        "ref": "",
        "url": "",
        "url2": ""
      }
    },
    {
      "type": "Feature",
      "geometry": {
        "type": "Point",
        "coordinates": [
          136.7556577,
          35.3915211
        ]
      },
      "properties": {
        "内容": "バス停: バロー茜部本郷店",
        "name": "バロー茜部本郷店",
        "operator": "事業者不明",
        "ref": "",
        "url": "",
        "url2": ""
      }
    },
    {
      "type": "Feature",
      "geometry": {
        "type": "Point",
        "coordinates": [
          136.7562263,
          35.3900167
        ]
      },
      "properties": {
        "内容": "バス停: 神明神社",
        "name": "神明神社",
        "operator": "事業者不明",
        "ref": "",
        "url": "",
        "url2": ""
      }
    },
    {
      "type": "Feature",
      "geometry": {
        "type": "Point",
        "coordinates": [
          136.7563229,
          35.3876376
        ]
      },
      "properties": {
        "内容": "バス停: 整形外科城南病院前",
        "name": "整形外科城南病院前",
        "operator": "事業者不明",
        "ref": "",
        "url": "",
        "url2": ""
      }
    },
    {
      "type": "Feature",
      "geometry": {
        "type": "Point",
        "coordinates": [
          136.7557918,
          35.3859801
        ]
      },
      "properties": {
        "内容": "バス停: 中央卸売市場",
        "name": "中央卸売市場",
        "operator": "事業者不明",
        "ref": "",
        "url": "",
        "url2": ""
      }
    },
    {
      "type": "Feature",
      "geometry": {
        "type": "Point",
        "coordinates": [
          136.7567628,
          35.3820614
        ]
      },
      "properties": {
        "内容": "バス停: 新所3丁目",
        "name": "新所3丁目",
        "operator": "事業者不明",
        "ref": "",
        "url": "",
        "url2": ""
      }
    },
    {
      "type": "Feature",
      "geometry": {
        "type": "Point",
        "coordinates": [
          136.7566501,
          35.3807974
        ]
      },
      "properties": {
        "内容": "バス停: 茜部小学校前",
        "name": "茜部小学校前",
        "operator": "事業者不明",
        "ref": "",
        "url": "",
        "url2": ""
      }
    },
    {
      "type": "Feature",
      "geometry": {
        "type": "Point",
        "coordinates": [
          136.7554592,
          35.3799839
        ]
      },
      "properties": {
        "内容": "バス停: 茜部公民館前",
        "name": "茜部公民館前",
        "operator": "事業者不明",
        "ref": "",
        "url": "",
        "url2": ""
      }
    },
    {
      "type": "Feature",
      "geometry": {
        "type": "Point",
        "coordinates": [
          136.7515271,
          35.3797958
        ]
      },
      "properties": {
        "内容": "バス停: イートーパッケージ前",
        "name": "イートーパッケージ前",
        "operator": "事業者不明",
        "ref": "",
        "url": "",
        "url2": ""
      }
    },
    {
      "type": "Feature",
      "geometry": {
        "type": "Point",
        "coordinates": [
          136.7505508,
          35.3809461
        ]
      },
      "properties": {
        "内容": "バス停: 菱野4丁目",
        "name": "菱野4丁目",
        "operator": "事業者不明",
        "ref": "",
        "url": "",
        "url2": ""
      }
    },
    {
      "type": "Feature",
      "geometry": {
        "type": "Point",
        "coordinates": [
          136.747772,
          35.3847905
        ]
      },
      "properties": {
        "内容": "バス停: こいし整形外科・しょうなん調剤薬局",
        "name": "こいし整形外科・しょうなん調剤薬局",
        "operator": "事業者不明",
        "ref": "",
        "url": "",
        "url2": ""
      }
    },
    {
      "type": "Feature",
      "geometry": {
        "type": "Point",
        "coordinates": [
          136.7505401,
          35.3856958
        ]
      },
      "properties": {
        "内容": "バス停: あかね公園・市営アパート前",
        "name": "あかね公園・市営アパート前",
        "operator": "事業者不明",
        "ref": "",
        "url": "",
        "url2": ""
      }
    },
    {
      "type": "Feature",
      "geometry": {
        "type": "Point",
        "coordinates": [
          136.750937,
          35.3868942
        ]
      },
      "properties": {
        "内容": "バス停: 南市民健康センター",
        "name": "南市民健康センター",
        "operator": "事業者不明",
        "ref": "",
        "url": "",
        "url2": ""
      }
    },
    {
      "type": "Feature",
      "geometry": {
        "type": "Point",
        "coordinates": [
          136.7342585,
          35.4145396
        ]
      },
      "properties": {
        "内容": "バス停: 市民病院北口",
        "name": "市民病院北口",
        "operator": "事業者不明",
        "ref": "",
        "url": "",
        "url2": ""
      }
    },
    {
      "type": "Feature",
      "geometry": {
        "type": "Point",
        "coordinates": [
          136.7359859,
          35.4140456
        ]
      },
      "properties": {
        "内容": "バス停: 市民病院前",
        "name": "市民病院前",
        "operator": "事業者不明",
        "ref": "",
        "url": "",
        "url2": ""
      }
    },
    {
      "type": "Feature",
      "geometry": {
        "type": "Point",
        "coordinates": [
          136.737327,
          35.4135253
        ]
      },
      "properties": {
        "内容": "バス停: NTT本荘",
        "name": "NTT本荘",
        "operator": "事業者不明",
        "ref": "",
        "url": "",
        "url2": ""
      }
    },
    {
      "type": "Feature",
      "geometry": {
        "type": "Point",
        "coordinates": [
          136.7378312,
          35.410596
        ]
      },
      "properties": {
        "内容": "バス停: 本荘公民館",
        "name": "本荘公民館",
        "operator": "事業者不明",
        "ref": "",
        "url": "",
        "url2": ""
      }
    },
    {
      "type": "Feature",
      "geometry": {
        "type": "Point",
        "coordinates": [
          136.7354977,
          35.410408
        ]
      },
      "properties": {
        "内容": "バス停: 本荘小学校西",
        "name": "本荘小学校西",
        "operator": "事業者不明",
        "ref": "",
        "url": "",
        "url2": ""
      }
    },
    {
      "type": "Feature",
      "geometry": {
        "type": "Point",
        "coordinates": [
          136.73325,
          35.4099052
        ]
      },
      "properties": {
        "内容": "バス停: 本荘西公園西",
        "name": "本荘西公園西",
        "operator": "事業者不明",
        "ref": "",
        "url": "",
        "url2": ""
      }
    },
    {
      "type": "Feature",
      "geometry": {
        "type": "Point",
        "coordinates": [
          136.7315227,
          35.4086504
        ]
      },
      "properties": {
        "内容": "バス停: ヘルスバンク敷島店",
        "name": "ヘルスバンク敷島店",
        "operator": "事業者不明",
        "ref": "",
        "url": "",
        "url2": ""
      }
    },
    {
      "type": "Feature",
      "geometry": {
        "type": "Point",
        "coordinates": [
          136.7314422,
          35.4054193
        ]
      },
      "properties": {
        "内容": "バス停: 岐南工業高校",
        "name": "岐南工業高校",
        "operator": "事業者不明",
        "ref": "",
        "url": "",
        "url2": ""
      }
    },
    {
      "type": "Feature",
      "geometry": {
        "type": "Point",
        "coordinates": [
          136.7316729,
          35.4035042
        ]
      },
      "properties": {
        "内容": "バス停: 科学館前",
        "name": "科学館前",
        "operator": "事業者不明",
        "ref": "",
        "url": "",
        "url2": ""
      }
    },
    {
      "type": "Feature",
      "geometry": {
        "type": "Point",
        "coordinates": [
          136.7298061,
          35.4019825
        ]
      },
      "properties": {
        "内容": "バス停: 県美術館北",
        "name": "県美術館北",
        "operator": "事業者不明",
        "ref": "",
        "url": "",
        "url2": ""
      }
    },
    {
      "type": "Feature",
      "geometry": {
        "type": "Point",
        "coordinates": [
          136.7306735,
          35.403484
        ]
      },
      "properties": {
        "内容": "バス停: 県図書館・美術館",
        "name": "県図書館・美術館",
        "operator": "事業者不明",
        "ref": "",
        "url": "",
        "url2": ""
      }
    },
    {
      "type": "Feature",
      "geometry": {
        "type": "Point",
        "coordinates": [
          136.7321986,
          35.4005789
        ]
      },
      "properties": {
        "内容": "バス停: 図書館美術館駐車場前",
        "name": "図書館美術館駐車場前",
        "operator": "事業者不明",
        "ref": "",
        "url": "",
        "url2": ""
      }
    },
    {
      "type": "Feature",
      "geometry": {
        "type": "Point",
        "coordinates": [
          136.7350793,
          35.4006489
        ]
      },
      "properties": {
        "内容": "バス停: 宇佐住吉町",
        "name": "宇佐住吉町",
        "operator": "事業者不明",
        "ref": "",
        "url": "",
        "url2": ""
      }
    },
    {
      "type": "Feature",
      "geometry": {
        "type": "Point",
        "coordinates": [
          136.7354655,
          35.3989217
        ]
      },
      "properties": {
        "内容": "バス停: 宇佐東町",
        "name": "宇佐東町",
        "operator": "事業者不明",
        "ref": "",
        "url": "",
        "url2": ""
      }
    },
    {
      "type": "Feature",
      "geometry": {
        "type": "Point",
        "coordinates": [
          136.7344355,
          35.397929
        ]
      },
      "properties": {
        "内容": "バス停: 神明神社北",
        "name": "神明神社北",
        "operator": "事業者不明",
        "ref": "",
        "url": "",
        "url2": ""
      }
    },
    {
      "type": "Feature",
      "geometry": {
        "type": "Point",
        "coordinates": [
          136.7359322,
          35.396967
        ]
      },
      "properties": {
        "内容": "バス停: 早徳病院",
        "name": "早徳病院",
        "operator": "事業者不明",
        "ref": "",
        "url": "",
        "url2": ""
      }
    },
    {
      "type": "Feature",
      "geometry": {
        "type": "Point",
        "coordinates": [
          136.7393762,
          35.3972294
        ]
      },
      "properties": {
        "内容": "バス停: 岐阜産業会館",
        "name": "岐阜産業会館",
        "operator": "事業者不明",
        "ref": "",
        "url": "",
        "url2": ""
      }
    },
    {
      "type": "Feature",
      "geometry": {
        "type": "Point",
        "coordinates": [
          136.7414254,
          35.3966959
        ]
      },
      "properties": {
        "内容": "バス停: 金花堂鍼灸整骨院前",
        "name": "金花堂鍼灸整骨院前",
        "operator": "事業者不明",
        "ref": "",
        "url": "",
        "url2": ""
      }
    },
    {
      "type": "Feature",
      "geometry": {
        "type": "Point",
        "coordinates": [
          136.7415756,
          35.3930139
        ]
      },
      "properties": {
        "内容": "バス停: アスピカホール北条",
        "name": "アスピカホール北条",
        "operator": "事業者不明",
        "ref": "",
        "url": "",
        "url2": ""
      }
    },
    {
      "type": "Feature",
      "geometry": {
        "type": "Point",
        "coordinates": [
          136.7433083,
          35.3907748
        ]
      },
      "properties": {
        "内容": "バス停: 六条江東2丁目",
        "name": "六条江東2丁目",
        "operator": "事業者不明",
        "ref": "",
        "url": "",
        "url2": ""
      }
    },
    {
      "type": "Feature",
      "geometry": {
        "type": "Point",
        "coordinates": [
          136.7441398,
          35.3921786
        ]
      },
      "properties": {
        "内容": "バス停: 六条江東1丁目",
        "name": "六条江東1丁目",
        "operator": "事業者不明",
        "ref": "",
        "url": "",
        "url2": ""
      }
    },
    {
      "type": "Feature",
      "geometry": {
        "type": "Point",
        "coordinates": [
          136.7441827,
          35.3929133
        ]
      },
      "properties": {
        "内容": "バス停: MTK前",
        "name": "MTK前",
        "operator": "事業者不明",
        "ref": "",
        "url": "",
        "url2": ""
      }
    },
    {
      "type": "Feature",
      "geometry": {
        "type": "Point",
        "coordinates": [
          136.7440164,
          35.3956027
        ]
      },
      "properties": {
        "内容": "バス停: 六条片田2丁目",
        "name": "六条片田2丁目",
        "operator": "事業者不明",
        "ref": "",
        "url": "",
        "url2": ""
      }
    },
    {
      "type": "Feature",
      "geometry": {
        "type": "Point",
        "coordinates": [
          136.7446279,
          35.397072
        ]
      },
      "properties": {
        "内容": "バス停: 岐阜精機前",
        "name": "岐阜精機前",
        "operator": "事業者不明",
        "ref": "",
        "url": "",
        "url2": ""
      }
    },
    {
      "type": "Feature",
      "geometry": {
        "type": "Point",
        "coordinates": [
          136.7470044,
          35.398104
        ]
      },
      "properties": {
        "内容": "バス停: 片田神社前",
        "name": "片田神社前",
        "operator": "事業者不明",
        "ref": "",
        "url": "",
        "url2": ""
      }
    },
    {
      "type": "Feature",
      "geometry": {
        "type": "Point",
        "coordinates": [
          136.7470527,
          35.4038146
        ]
      },
      "properties": {
        "内容": "バス停: 笠原鋼鉄前",
        "name": "笠原鋼鉄前",
        "operator": "事業者不明",
        "ref": "",
        "url": "",
        "url2": ""
      }
    },
    {
      "type": "Feature",
      "geometry": {
        "type": "Point",
        "coordinates": [
          136.744054,
          35.4035042
        ]
      },
      "properties": {
        "内容": "バス停: 慶善寺前",
        "name": "慶善寺前",
        "operator": "事業者不明",
        "ref": "",
        "url": "",
        "url2": ""
      }
    },
    {
      "type": "Feature",
      "geometry": {
        "type": "Point",
        "coordinates": [
          136.7428094,
          35.403338
        ]
      },
      "properties": {
        "内容": "バス停: 六條神社前",
        "name": "六條神社前",
        "operator": "事業者不明",
        "ref": "",
        "url": "",
        "url2": ""
      }
    },
    {
      "type": "Feature",
      "geometry": {
        "type": "Point",
        "coordinates": [
          136.7400306,
          35.4036528
        ]
      },
      "properties": {
        "内容": "バス停: 丸川・三愛歯科",
        "name": "丸川・三愛歯科",
        "operator": "事業者不明",
        "ref": "",
        "url": "",
        "url2": ""
      }
    },
    {
      "type": "Feature",
      "geometry": {
        "type": "Point",
        "coordinates": [
          136.7393279,
          35.4045536
        ]
      },
      "properties": {
        "内容": "バス停: 旦ノ越公園前",
        "name": "旦ノ越公園前",
        "operator": "事業者不明",
        "ref": "",
        "url": "",
        "url2": ""
      }
    },
    {
      "type": "Feature",
      "geometry": {
        "type": "Point",
        "coordinates": [
          136.7395478,
          35.406355
        ]
      },
      "properties": {
        "内容": "バス停: 清本町5丁目",
        "name": "清本町5丁目",
        "operator": "事業者不明",
        "ref": "",
        "url": "",
        "url2": ""
      }
    },
    {
      "type": "Feature",
      "geometry": {
        "type": "Point",
        "coordinates": [
          136.7429703,
          35.4079203
        ]
      },
      "properties": {
        "内容": "バス停: カネスエ",
        "name": "カネスエ",
        "operator": "事業者不明",
        "ref": "",
        "url": "",
        "url2": ""
      }
    },
    {
      "type": "Feature",
      "geometry": {
        "type": "Point",
        "coordinates": [
          136.7461675,
          35.4075661
        ]
      },
      "properties": {
        "内容": "バス停: たかはし整形外科西",
        "name": "たかはし整形外科西",
        "operator": "事業者不明",
        "ref": "",
        "url": "",
        "url2": ""
      }
    },
    {
      "type": "Feature",
      "geometry": {
        "type": "Point",
        "coordinates": [
          136.7450035,
          35.41116
        ]
      },
      "properties": {
        "内容": "バス停: オーキッドパーク",
        "name": "オーキッドパーク",
        "operator": "事業者不明",
        "ref": "",
        "url": "",
        "url2": ""
      }
    },
    {
      "type": "Feature",
      "geometry": {
        "type": "Point",
        "coordinates": [
          136.7421442,
          35.4114705
        ]
      },
      "properties": {
        "内容": "バス停: 敷島町3丁目",
        "name": "敷島町3丁目",
        "operator": "事業者不明",
        "ref": "",
        "url": "",
        "url2": ""
      }
    },
    {
      "type": "Feature",
      "geometry": {
        "type": "Point",
        "coordinates": [
          136.7409748,
          35.4142117
        ]
      },
      "properties": {
        "内容": "バス停: 本荘公園西",
        "name": "本荘公園西",
        "operator": "事業者不明",
        "ref": "",
        "url": "",
        "url2": ""
      }
    },
    {
      "type": "Feature",
      "geometry": {
        "type": "Point",
        "coordinates": [
          136.7404652,
          35.4157681
        ]
      },
      "properties": {
        "内容": "バス停: こばと幼稚園",
        "name": "こばと幼稚園",
        "operator": "事業者不明",
        "ref": "",
        "url": "",
        "url2": ""
      }
    },
    {
      "type": "Feature",
      "geometry": {
        "type": "Point",
        "coordinates": [
          136.7393225,
          35.4165113
        ]
      },
      "properties": {
        "内容": "バス停: 嵯峨野前",
        "name": "嵯峨野前",
        "operator": "事業者不明",
        "ref": "",
        "url": "",
        "url2": ""
      }
    },
    {
      "type": "Feature",
      "geometry": {
        "type": "Point",
        "coordinates": [
          136.7368495,
          35.4159648
        ]
      },
      "properties": {
        "内容": "バス停: 岐阜電材前",
        "name": "岐阜電材前",
        "operator": "事業者不明",
        "ref": "",
        "url": "",
        "url2": ""
      }
    },
    {
      "type": "Feature",
      "geometry": {
        "type": "Point",
        "coordinates": [
          136.7583403,
          35.404774
        ]
      },
      "properties": {
        "内容": "バス停: 加納上本町3丁目",
        "name": "加納上本町3丁目",
        "operator": "事業者不明",
        "ref": "",
        "url": "",
        "url2": ""
      }
    },
    {
      "type": "Feature",
      "geometry": {
        "type": "Point",
        "coordinates": [
          136.7584208,
          35.4049401
        ]
      },
      "properties": {
        "内容": "バス停: 加納上本町3丁目",
        "name": "加納上本町3丁目",
        "operator": "事業者不明",
        "ref": "",
        "url": "",
        "url2": ""
      }
    },
    {
      "type": "Feature",
      "geometry": {
        "type": "Point",
        "coordinates": [
          136.7534211,
          35.4061469
        ]
      },
      "properties": {
        "内容": "バス停: 加納大黒町",
        "name": "加納大黒町",
        "operator": "事業者不明",
        "ref": "",
        "url": "",
        "url2": ""
      }
    },
    {
      "type": "Feature",
      "geometry": {
        "type": "Point",
        "coordinates": [
          136.7529115,
          35.4064617
        ]
      },
      "properties": {
        "内容": "バス停: 加納大黒町",
        "name": "加納大黒町",
        "operator": "事業者不明",
        "ref": "",
        "url": "",
        "url2": ""
      }
    },
    {
      "type": "Feature",
      "geometry": {
        "type": "Point",
        "coordinates": [
          136.754655,
          35.4046647
        ]
      },
      "properties": {
        "内容": "バス停: 栄町通5丁目",
        "name": "栄町通5丁目",
        "operator": "事業者不明",
        "ref": "",
        "url": "",
        "url2": ""
      }
    },
    {
      "type": "Feature",
      "geometry": {
        "type": "Point",
        "coordinates": [
          136.7545906,
          35.4040525
        ]
      },
      "properties": {
        "内容": "バス停: 栄町通5丁目",
        "name": "栄町通5丁目",
        "operator": "事業者不明",
        "ref": "",
        "url": "",
        "url2": ""
      }
    },
    {
      "type": "Feature",
      "geometry": {
        "type": "Point",
        "coordinates": [
          136.7533568,
          35.4013721
        ]
      },
      "properties": {
        "内容": "バス停: 栄町通7丁目",
        "name": "栄町通7丁目",
        "operator": "事業者不明",
        "ref": "",
        "url": "",
        "url2": ""
      }
    },
    {
      "type": "Feature",
      "geometry": {
        "type": "Point",
        "coordinates": [
          136.7532978,
          35.4008737
        ]
      },
      "properties": {
        "内容": "バス停: 栄町通7丁目",
        "name": "栄町通7丁目",
        "operator": "事業者不明",
        "ref": "",
        "url": "",
        "url2": ""
      }
    },
    {
      "type": "Feature",
      "geometry": {
        "type": "Point",
        "coordinates": [
          136.7524287,
          35.3989016
        ]
      },
      "properties": {
        "内容": "バス停: 南陽町・加納高校前",
        "name": "南陽町・加納高校前",
        "operator": "事業者不明",
        "ref": "",
        "url": "",
        "url2": ""
      }
    },
    {
      "type": "Feature",
      "geometry": {
        "type": "Point",
        "coordinates": [
          136.7518923,
          35.3981145
        ]
      },
      "properties": {
        "内容": "バス停: 南陽町・加納高校前",
        "name": "南陽町・加納高校前",
        "operator": "事業者不明",
        "ref": "",
        "url": "",
        "url2": ""
      }
    },
    {
      "type": "Feature",
      "geometry": {
        "type": "Point",
        "coordinates": [
          136.7511734,
          35.3953727
        ]
      },
      "properties": {
        "内容": "バス停: 茜部大野",
        "name": "茜部大野",
        "operator": "事業者不明",
        "ref": "",
        "url": "",
        "url2": ""
      }
    },
    {
      "type": "Feature",
      "geometry": {
        "type": "Point",
        "coordinates": [
          136.7514148,
          35.392141
        ]
      },
      "properties": {
        "内容": "バス停: 茜部中島",
        "name": "茜部中島",
        "operator": "事業者不明",
        "ref": "",
        "url": "",
        "url2": ""
      }
    },
    {
      "type": "Feature",
      "geometry": {
        "type": "Point",
        "coordinates": [
          136.7513183,
          35.3918918
        ]
      },
      "properties": {
        "内容": "バス停: 茜部中島",
        "name": "茜部中島",
        "operator": "事業者不明",
        "ref": "",
        "url": "",
        "url2": ""
      }
    },
    {
      "type": "Feature",
      "geometry": {
        "type": "Point",
        "coordinates": [
          136.7510796,
          35.3871085
        ]
      },
      "properties": {
        "内容": "バス停: 南市民健康センター",
        "name": "南市民健康センター",
        "operator": "事業者不明",
        "ref": "",
        "url": "",
        "url2": ""
      }
    },
    {
      "type": "Feature",
      "geometry": {
        "type": "Point",
        "coordinates": [
          136.7513478,
          35.3905842
        ]
      },
      "properties": {
        "内容": "バス停: 血液センター前",
        "name": "血液センター前",
        "operator": "事業者不明",
        "ref": "",
        "url": "",
        "url2": ""
      }
    },
    {
      "type": "Feature",
      "geometry": {
        "type": "Point",
        "coordinates": [
          136.7511761,
          35.390195
        ]
      },
      "properties": {
        "内容": "バス停: 血液センター前",
        "name": "血液センター前",
        "operator": "事業者不明",
        "ref": "",
        "url": "",
        "url2": ""
      }
    },
    {
      "type": "Feature",
      "geometry": {
        "type": "Point",
        "coordinates": [
          136.7510367,
          35.3861584
        ]
      },
      "properties": {
        "内容": "バス停: 茜部市営アパート前",
        "name": "茜部市営アパート前",
        "operator": "事業者不明",
        "ref": "",
        "url": "",
        "url2": ""
      }
    },
    {
      "type": "Feature",
      "geometry": {
        "type": "Point",
        "coordinates": [
          136.7508864,
          35.3860447
        ]
      },
      "properties": {
        "内容": "バス停: 茜部市営アパート前",
        "name": "茜部市営アパート前",
        "operator": "事業者不明",
        "ref": "",
        "url": "",
        "url2": ""
      }
    },
    {
      "type": "Feature",
      "geometry": {
        "type": "Point",
        "coordinates": [
          136.7508543,
          35.3833331
        ]
      },
      "properties": {
        "内容": "バス停: 茜部菱野",
        "name": "茜部菱野",
        "operator": "事業者不明",
        "ref": "",
        "url": "",
        "url2": ""
      }
    },
    {
      "type": "Feature",
      "geometry": {
        "type": "Point",
        "coordinates": [
          136.7507148,
          35.3832325
        ]
      },
      "properties": {
        "内容": "バス停: 茜部菱野",
        "name": "茜部菱野",
        "operator": "事業者不明",
        "ref": "",
        "url": "",
        "url2": ""
      }
    },
    {
      "type": "Feature",
      "geometry": {
        "type": "Point",
        "coordinates": [
          136.7461872,
          35.3826115
        ]
      },
      "properties": {
        "内容": "バス停: 茜部大川",
        "name": "茜部大川",
        "operator": "事業者不明",
        "ref": "",
        "url": "",
        "url2": ""
      }
    },
    {
      "type": "Feature",
      "geometry": {
        "type": "Point",
        "coordinates": [
          136.7456508,
          35.382852
        ]
      },
      "properties": {
        "内容": "バス停: 茜部大川",
        "name": "茜部大川",
        "operator": "事業者不明",
        "ref": "",
        "url": "",
        "url2": ""
      }
    },
    {
      "type": "Feature",
      "geometry": {
        "type": "Point",
        "coordinates": [
          136.7408711,
          35.3844309
        ]
      },
      "properties": {
        "内容": "バス停: 岐阜保健短大",
        "name": "岐阜保健短大",
        "operator": "事業者不明",
        "ref": "",
        "url": "",
        "url2": ""
      }
    },
    {
      "type": "Feature",
      "geometry": {
        "type": "Point",
        "coordinates": [
          136.7410535,
          35.3847458
        ]
      },
      "properties": {
        "内容": "バス停: 岐阜保健短大",
        "name": "岐阜保健短大",
        "operator": "事業者不明",
        "ref": "",
        "url": "",
        "url2": ""
      }
    },
    {
      "type": "Feature",
      "geometry": {
        "type": "Point",
        "coordinates": [
          136.7413861,
          35.3881177
        ]
      },
      "properties": {
        "内容": "バス停: 東鶉",
        "name": "東鶉",
        "operator": "事業者不明",
        "ref": "",
        "url": "",
        "url2": ""
      }
    },
    {
      "type": "Feature",
      "geometry": {
        "type": "Point",
        "coordinates": [
          136.7473513,
          35.4089364
        ]
      },
      "properties": {
        "内容": "バス停: 加納本町",
        "name": "加納本町",
        "operator": "事業者不明",
        "ref": "",
        "url": "",
        "url2": ""
      }
    },
    {
      "type": "Feature",
      "geometry": {
        "type": "Point",
        "coordinates": [
          136.7476088,
          35.4088184
        ]
      },
      "properties": {
        "内容": "バス停: 加納本町",
        "name": "加納本町",
        "operator": "事業者不明",
        "ref": "",
        "url": "",
        "url2": ""
      }
    },
    {
      "type": "Feature",
      "geometry": {
        "type": "Point",
        "coordinates": [
          136.7502374,
          35.4068246
        ]
      },
      "properties": {
        "内容": "バス停: 加納神明町",
        "name": "加納神明町",
        "operator": "事業者不明",
        "ref": "",
        "url": "",
        "url2": ""
      }
    },
    {
      "type": "Feature",
      "geometry": {
        "type": "Point",
        "coordinates": [
          136.7508918,
          35.406571
        ]
      },
      "properties": {
        "内容": "バス停: 加納神明町",
        "name": "加納神明町",
        "operator": "事業者不明",
        "ref": "",
        "url": "",
        "url2": ""
      }
    },
    {
      "type": "Feature",
      "geometry": {
        "type": "Point",
        "coordinates": [
          136.7484188,
          35.4070957
        ]
      },
      "properties": {
        "内容": "バス停: 加納新本町",
        "name": "加納新本町",
        "operator": "事業者不明",
        "ref": "",
        "url": "",
        "url2": ""
      }
    },
    {
      "type": "Feature",
      "geometry": {
        "type": "Point",
        "coordinates": [
          136.748392,
          35.4068902
        ]
      },
      "properties": {
        "内容": "バス停: 加納新本町",
        "name": "加納新本町",
        "operator": "事業者不明",
        "ref": "",
        "url": "",
        "url2": ""
      }
    },
    {
      "type": "Feature",
      "geometry": {
        "type": "Point",
        "coordinates": [
          136.7476142,
          35.4063524
        ]
      },
      "properties": {
        "内容": "バス停: 加納新本町",
        "name": "加納新本町",
        "operator": "事業者不明",
        "ref": "",
        "url": "",
        "url2": ""
      }
    },
    {
      "type": "Feature",
      "geometry": {
        "type": "Point",
        "coordinates": [
          136.747362,
          35.4059414
        ]
      },
      "properties": {
        "内容": "バス停: 加納新本町",
        "name": "加納新本町",
        "operator": "事業者不明",
        "ref": "",
        "url": "",
        "url2": ""
      }
    },
    {
      "type": "Feature",
      "geometry": {
        "type": "Point",
        "coordinates": [
          136.7476195,
          35.4028938
        ]
      },
      "properties": {
        "内容": "バス停: 加納竜興町",
        "name": "加納竜興町",
        "operator": "事業者不明",
        "ref": "",
        "url": "",
        "url2": ""
      }
    },
    {
      "type": "Feature",
      "geometry": {
        "type": "Point",
        "coordinates": [
          136.747362,
          35.4021723
        ]
      },
      "properties": {
        "内容": "バス停: 加納竜興町",
        "name": "加納竜興町",
        "operator": "事業者不明",
        "ref": "",
        "url": "",
        "url2": ""
      }
    },
    {
      "type": "Feature",
      "geometry": {
        "type": "Point",
        "coordinates": [
          136.744417,
          35.3967764
        ]
      },
      "properties": {
        "内容": "バス停: 岐阜精機前",
        "name": "岐阜精機前",
        "operator": "事業者不明",
        "ref": "",
        "url": "",
        "url2": ""
      }
    },
    {
      "type": "Feature",
      "geometry": {
        "type": "Point",
        "coordinates": [
          136.7354208,
          35.3905536
        ]
      },
      "properties": {
        "内容": "バス停: 六条大溝町",
        "name": "六条大溝町",
        "operator": "事業者不明",
        "ref": "",
        "url": "",
        "url2": ""
      }
    },
    {
      "type": "Feature",
      "geometry": {
        "type": "Point",
        "coordinates": [
          136.735453,
          35.3907504
        ]
      },
      "properties": {
        "内容": "バス停: 六条大溝町",
        "name": "六条大溝町",
        "operator": "事業者不明",
        "ref": "",
        "url": "",
        "url2": ""
      }
    },
    {
      "type": "Feature",
      "geometry": {
        "type": "Point",
        "coordinates": [
          136.732052,
          35.3884063
        ]
      },
      "properties": {
        "内容": "バス停: 岐阜聖徳学園高校前",
        "name": "岐阜聖徳学園高校前",
        "operator": "事業者不明",
        "ref": "",
        "url": "",
        "url2": ""
      }
    },
    {
      "type": "Feature",
      "geometry": {
        "type": "Point",
        "coordinates": [
          136.7317247,
          35.3879602
        ]
      },
      "properties": {
        "内容": "バス停: 岐阜聖徳学園高校前",
        "name": "岐阜聖徳学園高校前",
        "operator": "事業者不明",
        "ref": "",
        "url": "",
        "url2": ""
      }
    },
    {
      "type": "Feature",
      "geometry": {
        "type": "Point",
        "coordinates": [
          136.7240697,
          35.3826924
        ]
      },
      "properties": {
        "内容": "バス停: 北鶉",
        "name": "北鶉",
        "operator": "事業者不明",
        "ref": "",
        "url": "",
        "url2": ""
      }
    },
    {
      "type": "Feature",
      "geometry": {
        "type": "Point",
        "coordinates": [
          136.723823,
          35.3827186
        ]
      },
      "properties": {
        "内容": "バス停: 北鶉",
        "name": "北鶉",
        "operator": "事業者不明",
        "ref": "",
        "url": "",
        "url2": ""
      }
    },
    {
      "type": "Feature",
      "geometry": {
        "type": "Point",
        "coordinates": [
          136.7191935,
          35.3795783
        ]
      },
      "properties": {
        "内容": "バス停: 鶉ターミナル",
        "name": "鶉ターミナル",
        "operator": "事業者不明",
        "ref": "",
        "url": "",
        "url2": ""
      }
    },
    {
      "type": "Feature",
      "geometry": {
        "type": "Point",
        "coordinates": [
          136.71951,
          35.3794296
        ]
      },
      "properties": {
        "内容": "バス停: 鶉ターミナル",
        "name": "鶉ターミナル",
        "operator": "事業者不明",
        "ref": "",
        "url": "",
        "url2": ""
      }
    },
    {
      "type": "Feature",
      "geometry": {
        "type": "Point",
        "coordinates": [
          136.7096663,
          35.3729473
        ]
      },
      "properties": {
        "内容": "バス停: 日置江1丁目",
        "name": "日置江1丁目",
        "operator": "事業者不明",
        "ref": "",
        "url": "",
        "url2": ""
      }
    },
    {
      "type": "Feature",
      "geometry": {
        "type": "Point",
        "coordinates": [
          136.7078209,
          35.3718669
        ]
      },
      "properties": {
        "内容": "バス停: 日置江1丁目",
        "name": "日置江1丁目",
        "operator": "事業者不明",
        "ref": "",
        "url": "",
        "url2": ""
      }
    },
    {
      "type": "Feature",
      "geometry": {
        "type": "Point",
        "coordinates": [
          136.704908,
          35.3697192
        ]
      },
      "properties": {
        "内容": "バス停: 日置江4丁目",
        "name": "日置江4丁目",
        "operator": "事業者不明",
        "ref": "",
        "url": "",
        "url2": ""
      }
    },
    {
      "type": "Feature",
      "geometry": {
        "type": "Point",
        "coordinates": [
          136.7038459,
          35.3691505
        ]
      },
      "properties": {
        "内容": "バス停: 日置江4丁目",
        "name": "日置江4丁目",
        "operator": "事業者不明",
        "ref": "",
        "url": "",
        "url2": ""
      }
    },
    {
      "type": "Feature",
      "geometry": {
        "type": "Point",
        "coordinates": [
          136.6998977,
          35.366294
        ]
      },
      "properties": {
        "内容": "バス停: 茶屋新田1丁目",
        "name": "茶屋新田1丁目",
        "operator": "事業者不明",
        "ref": "",
        "url": "",
        "url2": ""
      }
    },
    {
      "type": "Feature",
      "geometry": {
        "type": "Point",
        "coordinates": [
          136.6997367,
          35.3663377
        ]
      },
      "properties": {
        "内容": "バス停: 茶屋新田1丁目",
        "name": "茶屋新田1丁目",
        "operator": "事業者不明",
        "ref": "",
        "url": "",
        "url2": ""
      }
    },
    {
      "type": "Feature",
      "geometry": {
        "type": "Point",
        "coordinates": [
          136.6966683,
          35.3642729
        ]
      },
      "properties": {
        "内容": "バス停: 茶屋新田",
        "name": "茶屋新田",
        "operator": "事業者不明",
        "ref": "",
        "url": "",
        "url2": ""
      }
    },
    {
      "type": "Feature",
      "geometry": {
        "type": "Point",
        "coordinates": [
          136.6968668,
          35.363818
        ]
      },
      "properties": {
        "内容": "バス停: 茶屋新田",
        "name": "茶屋新田",
        "operator": "事業者不明",
        "ref": "",
        "url": "",
        "url2": ""
      }
    },
    {
      "type": "Feature",
      "geometry": {
        "type": "Point",
        "coordinates": [
          136.6954023,
          35.3632449
        ]
      },
      "properties": {
        "内容": "バス停: 茶屋新田",
        "name": "茶屋新田",
        "operator": "事業者不明",
        "ref": "",
        "url": "",
        "url2": ""
      }
    },
    {
      "type": "Feature",
      "geometry": {
        "type": "Point",
        "coordinates": [
          136.6829193,
          35.3624312
        ]
      },
      "properties": {
        "内容": "バス停: 墨俣",
        "name": "墨俣",
        "operator": "事業者不明",
        "ref": "",
        "url": "",
        "url2": ""
      }
    },
    {
      "type": "Feature",
      "geometry": {
        "type": "Point",
        "coordinates": [
          136.6815353,
          35.3622343
        ]
      },
      "properties": {
        "内容": "バス停: 墨俣",
        "name": "墨俣",
        "operator": "事業者不明",
        "ref": "",
        "url": "",
        "url2": ""
      }
    },
    {
      "type": "Feature",
      "geometry": {
        "type": "Point",
        "coordinates": [
          136.7032129,
          35.3643123
        ]
      },
      "properties": {
        "内容": "バス停: 大脇",
        "name": "大脇",
        "operator": "事業者不明",
        "ref": "",
        "url": "",
        "url2": ""
      }
    },
    {
      "type": "Feature",
      "geometry": {
        "type": "Point",
        "coordinates": [
          136.703288,
          35.3641723
        ]
      },
      "properties": {
        "内容": "バス停: 大脇",
        "name": "大脇",
        "operator": "事業者不明",
        "ref": "",
        "url": "",
        "url2": ""
      }
    },
    {
      "type": "Feature",
      "geometry": {
        "type": "Point",
        "coordinates": [
          136.7097843,
          35.3636692
        ]
      },
      "properties": {
        "内容": "バス停: 岐阜流通センター南口",
        "name": "岐阜流通センター南口",
        "operator": "事業者不明",
        "ref": "",
        "url": "",
        "url2": ""
      }
    },
    {
      "type": "Feature",
      "geometry": {
        "type": "Point",
        "coordinates": [
          136.7099774,
          35.3636867
        ]
      },
      "properties": {
        "内容": "バス停: 岐阜流通センター南口",
        "name": "岐阜流通センター南口",
        "operator": "事業者不明",
        "ref": "",
        "url": "",
        "url2": ""
      }
    },
    {
      "type": "Feature",
      "geometry": {
        "type": "Point",
        "coordinates": [
          136.7105782,
          35.3655328
        ]
      },
      "properties": {
        "内容": "バス停: 岐阜流通センター",
        "name": "岐阜流通センター",
        "operator": "事業者不明",
        "ref": "",
        "url": "",
        "url2": ""
      }
    },
    {
      "type": "Feature",
      "geometry": {
        "type": "Point",
        "coordinates": [
          136.7109054,
          35.3653841
        ]
      },
      "properties": {
        "内容": "バス停: 岐阜流通センター",
        "name": "岐阜流通センター",
        "operator": "事業者不明",
        "ref": "",
        "url": "",
        "url2": ""
      }
    },
    {
      "type": "Feature",
      "geometry": {
        "type": "Point",
        "coordinates": [
          136.7134482,
          35.3692292
        ]
      },
      "properties": {
        "内容": "バス停: 岐阜流通センター北口",
        "name": "岐阜流通センター北口",
        "operator": "事業者不明",
        "ref": "",
        "url": "",
        "url2": ""
      }
    },
    {
      "type": "Feature",
      "geometry": {
        "type": "Point",
        "coordinates": [
          136.7137218,
          35.3691461
        ]
      },
      "properties": {
        "内容": "バス停: 岐阜流通センター北口",
        "name": "岐阜流通センター北口",
        "operator": "事業者不明",
        "ref": "",
        "url": "",
        "url2": ""
      }
    },
    {
      "type": "Feature",
      "geometry": {
        "type": "Point",
        "coordinates": [
          136.7137057,
          35.3730873
        ]
      },
      "properties": {
        "内容": "バス停: 佐波郵便局前",
        "name": "佐波郵便局前",
        "operator": "事業者不明",
        "ref": "",
        "url": "",
        "url2": ""
      }
    },
    {
      "type": "Feature",
      "geometry": {
        "type": "Point",
        "coordinates": [
          136.713931,
          35.37237
        ]
      },
      "properties": {
        "内容": "バス停: 佐波郵便局前",
        "name": "佐波郵便局前",
        "operator": "事業者不明",
        "ref": "",
        "url": "",
        "url2": ""
      }
    },
    {
      "type": "Feature",
      "geometry": {
        "type": "Point",
        "coordinates": [
          136.6971296,
          35.3576582
        ]
      },
      "properties": {
        "内容": "バス停: 県自動車会館",
        "name": "県自動車会館",
        "operator": "事業者不明",
        "ref": "",
        "url": "",
        "url2": ""
      }
    },
    {
      "type": "Feature",
      "geometry": {
        "type": "Point",
        "coordinates": [
          136.7554884,
          35.3990137
        ]
      },
      "properties": {
        "内容": "バス停: 加納矢場町",
        "name": "加納矢場町",
        "operator": "事業者不明",
        "ref": "",
        "url": "",
        "url2": ""
      }
    },
    {
      "type": "Feature",
      "geometry": {
        "type": "Point",
        "coordinates": [
          136.7539757,
          35.3993286
        ]
      },
      "properties": {
        "内容": "バス停: 奥平町",
        "name": "奥平町",
        "operator": "事業者不明",
        "ref": "",
        "url": "",
        "url2": ""
      }
    },
    {
      "type": "Feature",
      "geometry": {
        "type": "Point",
        "coordinates": [
          136.7537343,
          35.3995384
        ]
      },
      "properties": {
        "内容": "バス停: 奥平町",
        "name": "奥平町",
        "operator": "事業者不明",
        "ref": "",
        "url": "",
        "url2": ""
      }
    },
    {
      "type": "Feature",
      "geometry": {
        "type": "Point",
        "coordinates": [
          136.7512773,
          35.3999604
        ]
      },
      "properties": {
        "内容": "バス停: 加納高校前",
        "name": "加納高校前",
        "operator": "事業者不明",
        "ref": "",
        "url": "",
        "url2": ""
      }
    },
    {
      "type": "Feature",
      "geometry": {
        "type": "Point",
        "coordinates": [
          136.7509984,
          35.4001572
        ]
      },
      "properties": {
        "内容": "バス停: 加納高校前",
        "name": "加納高校前",
        "operator": "事業者不明",
        "ref": "",
        "url": "",
        "url2": ""
      }
    },
    {
      "type": "Feature",
      "geometry": {
        "type": "Point",
        "coordinates": [
          136.7484288,
          35.4005551
        ]
      },
      "properties": {
        "内容": "バス停: 加納竜興町",
        "name": "加納竜興町",
        "operator": "事業者不明",
        "ref": "",
        "url": "",
        "url2": ""
      }
    },
    {
      "type": "Feature",
      "geometry": {
        "type": "Point",
        "coordinates": [
          136.7484396,
          35.4007213
        ]
      },
      "properties": {
        "内容": "バス停: 加納竜興町",
        "name": "加納竜興町",
        "operator": "事業者不明",
        "ref": "",
        "url": "",
        "url2": ""
      }
    },
    {
      "type": "Feature",
      "geometry": {
        "type": "Point",
        "coordinates": [
          136.7437564,
          35.4009355
        ]
      },
      "properties": {
        "内容": "バス停: 三里小学校前",
        "name": "三里小学校前",
        "operator": "事業者不明",
        "ref": "",
        "url": "",
        "url2": ""
      }
    },
    {
      "type": "Feature",
      "geometry": {
        "type": "Point",
        "coordinates": [
          136.7428606,
          35.4006513
        ]
      },
      "properties": {
        "内容": "バス停: 三里小学校前",
        "name": "三里小学校前",
        "operator": "事業者不明",
        "ref": "",
        "url": "",
        "url2": ""
      }
    },
    {
      "type": "Feature",
      "geometry": {
        "type": "Point",
        "coordinates": [
          136.7383706,
          35.3989284
        ]
      },
      "properties": {
        "内容": "バス停: 産業会館前",
        "name": "産業会館前",
        "operator": "事業者不明",
        "ref": "",
        "url": "",
        "url2": ""
      }
    },
    {
      "type": "Feature",
      "geometry": {
        "type": "Point",
        "coordinates": [
          136.7394005,
          35.3997942
        ]
      },
      "properties": {
        "内容": "バス停: 産業会館前",
        "name": "産業会館前",
        "operator": "事業者不明",
        "ref": "",
        "url": "",
        "url2": ""
      }
    },
    {
      "type": "Feature",
      "geometry": {
        "type": "Point",
        "coordinates": [
          136.734771,
          35.3969345
        ]
      },
      "properties": {
        "内容": "バス停: 宇佐",
        "name": "宇佐",
        "operator": "事業者不明",
        "ref": "",
        "url": "",
        "url2": ""
      }
    },
    {
      "type": "Feature",
      "geometry": {
        "type": "Point",
        "coordinates": [
          136.7347871,
          35.3971575
        ]
      },
      "properties": {
        "内容": "バス停: 宇佐",
        "name": "宇佐",
        "operator": "事業者不明",
        "ref": "",
        "url": "",
        "url2": ""
      }
    },
    {
      "type": "Feature",
      "geometry": {
        "type": "Point",
        "coordinates": [
          136.7290418,
          35.3919536
        ]
      },
      "properties": {
        "内容": "バス停: JA会館前",
        "name": "JA会館前",
        "operator": "事業者不明",
        "ref": "",
        "url": "",
        "url2": ""
      }
    },
    {
      "type": "Feature",
      "geometry": {
        "type": "Point",
        "coordinates": [
          136.7297446,
          35.3920455
        ]
      },
      "properties": {
        "内容": "バス停: JA会館前",
        "name": "JA会館前",
        "operator": "事業者不明",
        "ref": "",
        "url": "",
        "url2": ""
      }
    },
    {
      "type": "Feature",
      "geometry": {
        "type": "Point",
        "coordinates": [
          136.7277383,
          35.3954914
        ]
      },
      "properties": {
        "内容": "バス停: 江添",
        "name": "江添",
        "operator": "事業者不明",
        "ref": "",
        "url": "",
        "url2": ""
      }
    },
    {
      "type": "Feature",
      "geometry": {
        "type": "Point",
        "coordinates": [
          136.7270624,
          35.3957975
        ]
      },
      "properties": {
        "内容": "バス停: 江添",
        "name": "江添",
        "operator": "事業者不明",
        "ref": "",
        "url": "",
        "url2": ""
      }
    },
    {
      "type": "Feature",
      "geometry": {
        "type": "Point",
        "coordinates": [
          136.7253489,
          35.3920076
        ]
      },
      "properties": {
        "内容": "バス停: OKBぎふ清流アリーナ",
        "name": "OKBぎふ清流アリーナ",
        "operator": "事業者不明",
        "ref": "",
        "url": "",
        "url2": ""
      }
    },
    {
      "type": "Feature",
      "geometry": {
        "type": "Point",
        "coordinates": [
          136.7252277,
          35.3922335
        ]
      },
      "properties": {
        "内容": "バス停: OKBぎふ清流アリーナ",
        "name": "OKBぎふ清流アリーナ",
        "operator": "事業者不明",
        "ref": "",
        "url": "",
        "url2": ""
      }
    },
    {
      "type": "Feature",
      "geometry": {
        "type": "Point",
        "coordinates": [
          136.7218267,
          35.3920498
        ]
      },
      "properties": {
        "内容": "バス停: 県庁",
        "name": "県庁",
        "operator": "事業者不明",
        "ref": "",
        "url": "",
        "url2": ""
      }
    },
    {
      "type": "Feature",
      "geometry": {
        "type": "Point",
        "coordinates": [
          136.7216309,
          35.3922226
        ]
      },
      "properties": {
        "内容": "バス停: 県庁",
        "name": "県庁",
        "operator": "事業者不明",
        "ref": "",
        "url": "",
        "url2": ""
      }
    },
    {
      "type": "Feature",
      "geometry": {
        "type": "Point",
        "coordinates": [
          136.7152191,
          35.3910364
        ]
      },
      "properties": {
        "内容": "バス停: OKBふれあい会館",
        "name": "OKBふれあい会館",
        "operator": "事業者不明",
        "ref": "",
        "url": "",
        "url2": ""
      }
    },
    {
      "type": "Feature",
      "geometry": {
        "type": "Point",
        "coordinates": [
          136.7155678,
          35.3910101
        ]
      },
      "properties": {
        "内容": "バス停: OKBふれあい会館",
        "name": "OKBふれあい会館",
        "operator": "事業者不明",
        "ref": "",
        "url": "",
        "url2": ""
      }
    },
    {
      "type": "Feature",
      "geometry": {
        "type": "Point",
        "coordinates": [
          136.7441762,
          35.4075434
        ]
      },
      "properties": {
        "内容": "バス停: 旭ヶ丘",
        "name": "旭ヶ丘",
        "operator": "事業者不明",
        "ref": "",
        "url": "",
        "url2": ""
      }
    },
    {
      "type": "Feature",
      "geometry": {
        "type": "Point",
        "coordinates": [
          136.7437792,
          35.4077489
        ]
      },
      "properties": {
        "内容": "バス停: 旭ヶ丘",
        "name": "旭ヶ丘",
        "operator": "事業者不明",
        "ref": "",
        "url": "",
        "url2": ""
      }
    },
    {
      "type": "Feature",
      "geometry": {
        "type": "Point",
        "coordinates": [
          136.7394233,
          35.4068263
        ]
      },
      "properties": {
        "内容": "バス停: 清",
        "name": "清",
        "operator": "事業者不明",
        "ref": "",
        "url": "",
        "url2": ""
      }
    },
    {
      "type": "Feature",
      "geometry": {
        "type": "Point",
        "coordinates": [
          136.740169,
          35.4071018
        ]
      },
      "properties": {
        "内容": "バス停: 清",
        "name": "清",
        "operator": "事業者不明",
        "ref": "",
        "url": "",
        "url2": ""
      }
    },
    {
      "type": "Feature",
      "geometry": {
        "type": "Point",
        "coordinates": [
          136.7347831,
          35.4045746
        ]
      },
      "properties": {
        "内容": "バス停: 本荘中ノ町",
        "name": "本荘中ノ町",
        "operator": "事業者不明",
        "ref": "",
        "url": "",
        "url2": ""
      }
    },
    {
      "type": "Feature",
      "geometry": {
        "type": "Point",
        "coordinates": [
          136.7338014,
          35.404098
        ]
      },
      "properties": {
        "内容": "バス停: 本荘中ノ町",
        "name": "本荘中ノ町",
        "operator": "事業者不明",
        "ref": "",
        "url": "",
        "url2": ""
      }
    },
    {
      "type": "Feature",
      "geometry": {
        "type": "Point",
        "coordinates": [
          136.7314639,
          35.4037285
        ]
      },
      "properties": {
        "内容": "バス停: 科学館前",
        "name": "科学館前",
        "operator": "事業者不明",
        "ref": "",
        "url": "",
        "url2": ""
      }
    },
    {
      "type": "Feature",
      "geometry": {
        "type": "Point",
        "coordinates": [
          136.7318193,
          35.4038154
        ]
      },
      "properties": {
        "内容": "バス停: 科学館前",
        "name": "科学館前",
        "operator": "事業者不明",
        "ref": "",
        "url": "",
        "url2": ""
      }
    },
    {
      "type": "Feature",
      "geometry": {
        "type": "Point",
        "coordinates": [
          136.7307638,
          35.4020626
        ]
      },
      "properties": {
        "内容": "バス停: 県美術館",
        "name": "県美術館",
        "operator": "事業者不明",
        "ref": "",
        "url": "",
        "url2": ""
      }
    },
    {
      "type": "Feature",
      "geometry": {
        "type": "Point",
        "coordinates": [
          136.729931,
          35.4019511
        ]
      },
      "properties": {
        "内容": "バス停: 県美術館",
        "name": "県美術館",
        "operator": "事業者不明",
        "ref": "",
        "url": "",
        "url2": ""
      }
    },
    {
      "type": "Feature",
      "geometry": {
        "type": "Point",
        "coordinates": [
          136.7252894,
          35.4022096
        ]
      },
      "properties": {
        "内容": "バス停: 市橋4丁目",
        "name": "市橋4丁目",
        "operator": "事業者不明",
        "ref": "",
        "url": "",
        "url2": ""
      }
    },
    {
      "type": "Feature",
      "geometry": {
        "type": "Point",
        "coordinates": [
          136.7251285,
          35.402308
        ]
      },
      "properties": {
        "内容": "バス停: 市橋4丁目",
        "name": "市橋4丁目",
        "operator": "事業者不明",
        "ref": "",
        "url": "",
        "url2": ""
      }
    },
    {
      "type": "Feature",
      "geometry": {
        "type": "Point",
        "coordinates": [
          136.7207565,
          35.4024435
        ]
      },
      "properties": {
        "内容": "バス停: 市橋小学校",
        "name": "市橋小学校",
        "operator": "事業者不明",
        "ref": "",
        "url": "",
        "url2": ""
      }
    },
    {
      "type": "Feature",
      "geometry": {
        "type": "Point",
        "coordinates": [
          136.7206009,
          35.4025135
        ]
      },
      "properties": {
        "内容": "バス停: 市橋小学校",
        "name": "市橋小学校",
        "operator": "事業者不明",
        "ref": "",
        "url": "",
        "url2": ""
      }
    },
    {
      "type": "Feature",
      "geometry": {
        "type": "Point",
        "coordinates": [
          136.7196166,
          35.4023233
        ]
      },
      "properties": {
        "内容": "バス停: 市橋",
        "name": "市橋",
        "operator": "事業者不明",
        "ref": "",
        "url": "",
        "url2": ""
      }
    },
    {
      "type": "Feature",
      "geometry": {
        "type": "Point",
        "coordinates": [
          136.7596817,
          35.4145734
        ]
      },
      "properties": {
        "内容": "バス停: 金宝町",
        "name": "金宝町",
        "operator": "事業者不明",
        "ref": "",
        "url": "",
        "url2": ""
      }
    },
    {
      "type": "Feature",
      "geometry": {
        "type": "Point",
        "coordinates": [
          136.7598855,
          35.4169211
        ]
      },
      "properties": {
        "内容": "バス停: 徹明町",
        "name": "徹明町",
        "operator": "事業者不明",
        "ref": "",
        "url": "",
        "url2": ""
      }
    },
    {
      "type": "Feature",
      "geometry": {
        "type": "Point",
        "coordinates": [
          136.7594135,
          35.4171571
        ]
      },
      "properties": {
        "内容": "バス停: 徹明町",
        "name": "徹明町",
        "operator": "事業者不明",
        "ref": "",
        "url": "",
        "url2": ""
      }
    },
    {
      "type": "Feature",
      "geometry": {
        "type": "Point",
        "coordinates": [
          136.7590648,
          35.4173757
        ]
      },
      "properties": {
        "内容": "バス停: 徹明町",
        "name": "徹明町",
        "operator": "事業者不明",
        "ref": "",
        "url": "",
        "url2": ""
      }
    },
    {
      "type": "Feature",
      "geometry": {
        "type": "Point",
        "coordinates": [
          136.7608458,
          35.4171615
        ]
      },
      "properties": {
        "内容": "バス停: 徹明町",
        "name": "徹明町",
        "operator": "事業者不明",
        "ref": "",
        "url": "",
        "url2": ""
      }
    },
    {
      "type": "Feature",
      "geometry": {
        "type": "Point",
        "coordinates": [
          136.7611462,
          35.4173408
        ]
      },
      "properties": {
        "内容": "バス停: 徹明町",
        "name": "徹明町",
        "operator": "事業者不明",
        "ref": "",
        "url": "",
        "url2": ""
      }
    },
    {
      "type": "Feature",
      "geometry": {
        "type": "Point",
        "coordinates": [
          136.7601806,
          35.4174151
        ]
      },
      "properties": {
        "内容": "バス停: 徹明町",
        "name": "徹明町",
        "operator": "事業者不明",
        "ref": "",
        "url": "",
        "url2": ""
      }
    },
    {
      "type": "Feature",
      "geometry": {
        "type": "Point",
        "coordinates": [
          136.760025,
          35.4183594
        ]
      },
      "properties": {
        "内容": "バス停: 柳ヶ瀬",
        "name": "柳ヶ瀬",
        "operator": "事業者不明",
        "ref": "",
        "url": "",
        "url2": ""
      }
    },
    {
      "type": "Feature",
      "geometry": {
        "type": "Point",
        "coordinates": [
          136.7604059,
          35.4192031
        ]
      },
      "properties": {
        "内容": "バス停: 柳ヶ瀬",
        "name": "柳ヶ瀬",
        "operator": "事業者不明",
        "ref": "",
        "url": "",
        "url2": ""
      }
    },
    {
      "type": "Feature",
      "geometry": {
        "type": "Point",
        "coordinates": [
          136.7607117,
          35.4215681
        ]
      },
      "properties": {
        "内容": "バス停: 商工会議所前",
        "name": "商工会議所前",
        "operator": "事業者不明",
        "ref": "",
        "url": "",
        "url2": ""
      }
    },
    {
      "type": "Feature",
      "geometry": {
        "type": "Point",
        "coordinates": [
          136.7609799,
          35.4216512
        ]
      },
      "properties": {
        "内容": "バス停: 商工会議所前",
        "name": "商工会議所前",
        "operator": "事業者不明",
        "ref": "",
        "url": "",
        "url2": ""
      }
    },
    {
      "type": "Feature",
      "geometry": {
        "type": "Point",
        "coordinates": [
          136.7612696,
          35.4233211
        ]
      },
      "properties": {
        "内容": "バス停: 今沢町",
        "name": "今沢町",
        "operator": "事業者不明",
        "ref": "",
        "url": "",
        "url2": ""
      }
    },
    {
      "type": "Feature",
      "geometry": {
        "type": "Point",
        "coordinates": [
          136.7615592,
          35.423391
        ]
      },
      "properties": {
        "内容": "バス停: 今沢町",
        "name": "今沢町",
        "operator": "事業者不明",
        "ref": "",
        "url": "",
        "url2": ""
      }
    },
    {
      "type": "Feature",
      "geometry": {
        "type": "Point",
        "coordinates": [
          136.760996,
          35.425262
        ]
      },
      "properties": {
        "内容": "バス停: 美江寺町",
        "name": "美江寺町",
        "operator": "事業者不明",
        "ref": "",
        "url": "",
        "url2": ""
      }
    },
    {
      "type": "Feature",
      "geometry": {
        "type": "Point",
        "coordinates": [
          136.7611837,
          35.4254062
        ]
      },
      "properties": {
        "内容": "バス停: 美江寺町",
        "name": "美江寺町",
        "operator": "事業者不明",
        "ref": "",
        "url": "",
        "url2": ""
      }
    },
    {
      "type": "Feature",
      "geometry": {
        "type": "Point",
        "coordinates": [
          136.7621815,
          35.4258521
        ]
      },
      "properties": {
        "内容": "バス停: 市役所・鶯谷高校口",
        "name": "市役所・鶯谷高校口",
        "operator": "事業者不明",
        "ref": "",
        "url": "",
        "url2": ""
      }
    },
    {
      "type": "Feature",
      "geometry": {
        "type": "Point",
        "coordinates": [
          136.7625356,
          35.4262018
        ]
      },
      "properties": {
        "内容": "バス停: 市役所・鶯谷高校口",
        "name": "市役所・鶯谷高校口",
        "operator": "事業者不明",
        "ref": "",
        "url": "",
        "url2": ""
      }
    },
    {
      "type": "Feature",
      "geometry": {
        "type": "Point",
        "coordinates": [
          136.763646,
          35.4292704
        ]
      },
      "properties": {
        "内容": "バス停: 伊奈波通り",
        "name": "伊奈波通り",
        "operator": "事業者不明",
        "ref": "",
        "url": "",
        "url2": ""
      }
    },
    {
      "type": "Feature",
      "geometry": {
        "type": "Point",
        "coordinates": [
          136.7644882,
          35.4301621
        ]
      },
      "properties": {
        "内容": "バス停: 伊奈波通り",
        "name": "伊奈波通り",
        "operator": "事業者不明",
        "ref": "",
        "url": "",
        "url2": ""
      }
    },
    {
      "type": "Feature",
      "geometry": {
        "type": "Point",
        "coordinates": [
          136.7659634,
          35.4316832
        ]
      },
      "properties": {
        "内容": "バス停: 本町3丁目",
        "name": "本町3丁目",
        "operator": "事業者不明",
        "ref": "",
        "url": "",
        "url2": ""
      }
    },
    {
      "type": "Feature",
      "geometry": {
        "type": "Point",
        "coordinates": [
          136.7659473,
          35.4319148
        ]
      },
      "properties": {
        "内容": "バス停: 本町3丁目",
        "name": "本町3丁目",
        "operator": "事業者不明",
        "ref": "",
        "url": "",
        "url2": ""
      }
    },
    {
      "type": "Feature",
      "geometry": {
        "type": "Point",
        "coordinates": [
          136.7682433,
          35.4319979
        ]
      },
      "properties": {
        "内容": "バス停: 本町1丁目",
        "name": "本町1丁目",
        "operator": "事業者不明",
        "ref": "",
        "url": "",
        "url2": ""
      }
    },
    {
      "type": "Feature",
      "geometry": {
        "type": "Point",
        "coordinates": [
          136.7693001,
          35.4318755
        ]
      },
      "properties": {
        "内容": "バス停: 本町1丁目",
        "name": "本町1丁目",
        "operator": "事業者不明",
        "ref": "",
        "url": "",
        "url2": ""
      }
    },
    {
      "type": "Feature",
      "geometry": {
        "type": "Point",
        "coordinates": [
          136.7712957,
          35.4317225
        ]
      },
      "properties": {
        "内容": "バス停: 大仏南・妙照寺前",
        "name": "大仏南・妙照寺前",
        "operator": "事業者不明",
        "ref": "",
        "url": "",
        "url2": ""
      }
    },
    {
      "type": "Feature",
      "geometry": {
        "type": "Point",
        "coordinates": [
          136.7729357,
          35.4350645
        ]
      },
      "properties": {
        "内容": "バス停: 岐阜公園・岐阜城 (岐阜バス)",
        "name": "岐阜公園・岐阜城",
        "operator": "岐阜バス",
        "ref": "",
        "url": "",
        "url2": ""
      }
    },
    {
      "type": "Feature",
      "geometry": {
        "type": "Point",
        "coordinates": [
          136.7712125,
          35.4344303
        ]
      },
      "properties": {
        "内容": "バス停: 岐阜公園歴史博物館前",
        "name": "岐阜公園歴史博物館前",
        "operator": "事業者不明",
        "ref": "",
        "url": "",
        "url2": ""
      }
    },
    {
      "type": "Feature",
      "geometry": {
        "type": "Point",
        "coordinates": [
          136.7691713,
          35.433779
        ]
      },
      "properties": {
        "内容": "バス停: 材木町",
        "name": "材木町",
        "operator": "事業者不明",
        "ref": "",
        "url": "",
        "url2": ""
      }
    },
    {
      "type": "Feature",
      "geometry": {
        "type": "Point",
        "coordinates": [
          136.7732456,
          35.4375488
        ]
      },
      "properties": {
        "内容": "バス停: 長良橋南・川原町",
        "name": "長良橋南・川原町",
        "operator": "事業者不明",
        "ref": "",
        "url": "",
        "url2": ""
      }
    },
    {
      "type": "Feature",
      "geometry": {
        "type": "Point",
        "coordinates": [
          136.7734441,
          35.4378329
        ]
      },
      "properties": {
        "内容": "バス停: 長良橋南・川原町",
        "name": "長良橋南・川原町",
        "operator": "事業者不明",
        "ref": "",
        "url": "",
        "url2": ""
      }
    },
    {
      "type": "Feature",
      "geometry": {
        "type": "Point",
        "coordinates": [
          136.7736238,
          35.4411348
        ]
      },
      "properties": {
        "内容": "バス停: 長良橋北・鵜飼屋",
        "name": "長良橋北・鵜飼屋",
        "operator": "事業者不明",
        "ref": "",
        "url": "",
        "url2": ""
      }
    },
    {
      "type": "Feature",
      "geometry": {
        "type": "Point",
        "coordinates": [
          136.7734682,
          35.4415435
        ]
      },
      "properties": {
        "内容": "バス停: 長良橋北・鵜飼屋",
        "name": "長良橋北・鵜飼屋",
        "operator": "事業者不明",
        "ref": "",
        "url": "",
        "url2": ""
      }
    },
    {
      "type": "Feature",
      "geometry": {
        "type": "Point",
        "coordinates": [
          136.773593,
          35.4434315
        ]
      },
      "properties": {
        "内容": "バス停: 長良ヶ丘",
        "name": "長良ヶ丘",
        "operator": "事業者不明",
        "ref": "",
        "url": "",
        "url2": ""
      }
    },
    {
      "type": "Feature",
      "geometry": {
        "type": "Point",
        "coordinates": [
          136.7738156,
          35.4440062
        ]
      },
      "properties": {
        "内容": "バス停: 長良ヶ丘",
        "name": "長良ヶ丘",
        "operator": "事業者不明",
        "ref": "",
        "url": "",
        "url2": ""
      }
    },
    {
      "type": "Feature",
      "geometry": {
        "type": "Point",
        "coordinates": [
          136.7754008,
          35.446023
        ]
      },
      "properties": {
        "内容": "バス停: 長良北町",
        "name": "長良北町",
        "operator": "事業者不明",
        "ref": "",
        "url": "",
        "url2": ""
      }
    },
    {
      "type": "Feature",
      "geometry": {
        "type": "Point",
        "coordinates": [
          136.7751272,
          35.4459116
        ]
      },
      "properties": {
        "内容": "バス停: 長良北町",
        "name": "長良北町",
        "operator": "事業者不明",
        "ref": "",
        "url": "",
        "url2": ""
      }
    },
    {
      "type": "Feature",
      "geometry": {
        "type": "Point",
        "coordinates": [
          136.7739202,
          35.4466239
        ]
      },
      "properties": {
        "内容": "バス停: 長良北町",
        "name": "長良北町",
        "operator": "事業者不明",
        "ref": "",
        "url": "",
        "url2": ""
      }
    },
    {
      "type": "Feature",
      "geometry": {
        "type": "Point",
        "coordinates": [
          136.774116,
          35.4468577
        ]
      },
      "properties": {
        "内容": "バス停: 長良北町",
        "name": "長良北町",
        "operator": "事業者不明",
        "ref": "",
        "url": "",
        "url2": ""
      }
    },
    {
      "type": "Feature",
      "geometry": {
        "type": "Point",
        "coordinates": [
          136.7773856,
          35.4458023
        ]
      },
      "properties": {
        "内容": "バス停: 長良小学校前",
        "name": "長良小学校前",
        "operator": "事業者不明",
        "ref": "",
        "url": "",
        "url2": ""
      }
    },
    {
      "type": "Feature",
      "geometry": {
        "type": "Point",
        "coordinates": [
          136.7773186,
          35.4458635
        ]
      },
      "properties": {
        "内容": "バス停: 長良小学校前",
        "name": "長良小学校前",
        "operator": "事業者不明",
        "ref": "",
        "url": "",
        "url2": ""
      }
    },
    {
      "type": "Feature",
      "geometry": {
        "type": "Point",
        "coordinates": [
          136.7797835,
          35.4461367
        ]
      },
      "properties": {
        "内容": "バス停: 長良高校前",
        "name": "長良高校前",
        "operator": "事業者不明",
        "ref": "",
        "url": "",
        "url2": ""
      }
    },
    {
      "type": "Feature",
      "geometry": {
        "type": "Point",
        "coordinates": [
          136.7799659,
          35.4464622
        ]
      },
      "properties": {
        "内容": "バス停: 長良高校前",
        "name": "長良高校前",
        "operator": "事業者不明",
        "ref": "",
        "url": "",
        "url2": ""
      }
    },
    {
      "type": "Feature",
      "geometry": {
        "type": "Point",
        "coordinates": [
          136.7802743,
          35.4456297
        ]
      },
      "properties": {
        "内容": "バス停: 長良高校前",
        "name": "長良高校前",
        "operator": "事業者不明",
        "ref": "",
        "url": "",
        "url2": ""
      }
    },
    {
      "type": "Feature",
      "geometry": {
        "type": "Point",
        "coordinates": [
          136.780961,
          35.4457084
        ]
      },
      "properties": {
        "内容": "バス停: 長良高校前",
        "name": "長良高校前",
        "operator": "事業者不明",
        "ref": "",
        "url": "",
        "url2": ""
      }
    },
    {
      "type": "Feature",
      "geometry": {
        "type": "Point",
        "coordinates": [
          136.7802824,
          35.4505657
        ]
      },
      "properties": {
        "内容": "バス停: 長良幸和町",
        "name": "長良幸和町",
        "operator": "事業者不明",
        "ref": "",
        "url": "",
        "url2": ""
      }
    },
    {
      "type": "Feature",
      "geometry": {
        "type": "Point",
        "coordinates": [
          136.7801644,
          35.4507842
        ]
      },
      "properties": {
        "内容": "バス停: 長良幸和町",
        "name": "長良幸和町",
        "operator": "事業者不明",
        "ref": "",
        "url": "",
        "url2": ""
      }
    },
    {
      "type": "Feature",
      "geometry": {
        "type": "Point",
        "coordinates": [
          136.7804761,
          35.453082
        ]
      },
      "properties": {
        "内容": "バス停: 真福寺公民館口",
        "name": "真福寺公民館口",
        "operator": "事業者不明",
        "ref": "",
        "url": "",
        "url2": ""
      }
    },
    {
      "type": "Feature",
      "geometry": {
        "type": "Point",
        "coordinates": [
          136.7820806,
          35.4529568
        ]
      },
      "properties": {
        "内容": "バス停: 真福寺公民館口",
        "name": "真福寺公民館口",
        "operator": "事業者不明",
        "ref": "",
        "url": "",
        "url2": ""
      }
    },
    {
      "type": "Feature",
      "geometry": {
        "type": "Point",
        "coordinates": [
          136.7846705,
          35.4529255
        ]
      },
      "properties": {
        "内容": "バス停: 長良医療センター口",
        "name": "長良医療センター口",
        "operator": "事業者不明",
        "ref": "",
        "url": "",
        "url2": ""
      }
    },
    {
      "type": "Feature",
      "geometry": {
        "type": "Point",
        "coordinates": [
          136.7854349,
          35.4545182
        ]
      },
      "properties": {
        "内容": "バス停: 真竜寺前",
        "name": "真竜寺前",
        "operator": "事業者不明",
        "ref": "",
        "url": "",
        "url2": ""
      }
    },
    {
      "type": "Feature",
      "geometry": {
        "type": "Point",
        "coordinates": [
          136.7864729,
          35.4561022
        ]
      },
      "properties": {
        "内容": "バス停: 真福禅寺前",
        "name": "真福禅寺前",
        "operator": "事業者不明",
        "ref": "",
        "url": "",
        "url2": ""
      }
    },
    {
      "type": "Feature",
      "geometry": {
        "type": "Point",
        "coordinates": [
          136.7884792,
          35.4564002
        ]
      },
      "properties": {
        "内容": "バス停: 松籟団地",
        "name": "松籟団地",
        "operator": "事業者不明",
        "ref": "",
        "url": "",
        "url2": ""
      }
    },
    {
      "type": "Feature",
      "geometry": {
        "type": "Point",
        "coordinates": [
          136.7846276,
          35.4530041
        ]
      },
      "properties": {
        "内容": "バス停: 長良医療センター口",
        "name": "長良医療センター口",
        "operator": "事業者不明",
        "ref": "",
        "url": "",
        "url2": ""
      }
    },
    {
      "type": "Feature",
      "geometry": {
        "type": "Point",
        "coordinates": [
          136.7853357,
          35.454527
        ]
      },
      "properties": {
        "内容": "バス停: 真竜寺前",
        "name": "真竜寺前",
        "operator": "事業者不明",
        "ref": "",
        "url": "",
        "url2": ""
      }
    },
    {
      "type": "Feature",
      "geometry": {
        "type": "Point",
        "coordinates": [
          136.7863817,
          35.4561569
        ]
      },
      "properties": {
        "内容": "バス停: 真福禅寺前",
        "name": "真福禅寺前",
        "operator": "事業者不明",
        "ref": "",
        "url": "",
        "url2": ""
      }
    },
    {
      "type": "Feature",
      "geometry": {
        "type": "Point",
        "coordinates": [
          136.7831501,
          35.4453507
        ]
      },
      "properties": {
        "内容": "バス停: 長良公園前",
        "name": "長良公園前",
        "operator": "事業者不明",
        "ref": "",
        "url": "",
        "url2": ""
      }
    },
    {
      "type": "Feature",
      "geometry": {
        "type": "Point",
        "coordinates": [
          136.7834156,
          35.4453878
        ]
      },
      "properties": {
        "内容": "バス停: 長良公園前",
        "name": "長良公園前",
        "operator": "事業者不明",
        "ref": "",
        "url": "",
        "url2": ""
      }
    },
    {
      "type": "Feature",
      "geometry": {
        "type": "Point",
        "coordinates": [
          136.7873022,
          35.4478264
        ]
      },
      "properties": {
        "内容": "バス停: 長良東",
        "name": "長良東",
        "operator": "事業者不明",
        "ref": "",
        "url": "",
        "url2": ""
      }
    },
    {
      "type": "Feature",
      "geometry": {
        "type": "Point",
        "coordinates": [
          136.7870956,
          35.4477652
        ]
      },
      "properties": {
        "内容": "バス停: 長良東",
        "name": "長良東",
        "operator": "事業者不明",
        "ref": "",
        "url": "",
        "url2": ""
      }
    },
    {
      "type": "Feature",
      "geometry": {
        "type": "Point",
        "coordinates": [
          136.7884689,
          35.4514076
        ]
      },
      "properties": {
        "内容": "バス停: 長良医療センター",
        "name": "長良医療センター",
        "operator": "事業者不明",
        "ref": "",
        "url": "",
        "url2": ""
      }
    },
    {
      "type": "Feature",
      "geometry": {
        "type": "Point",
        "coordinates": [
          136.7847927,
          35.4246374
        ]
      },
      "properties": {
        "内容": "バス停: 岩戸公園前",
        "name": "岩戸公園前",
        "operator": "事業者不明",
        "ref": "",
        "url": "",
        "url2": ""
      }
    },
    {
      "type": "Feature",
      "geometry": {
        "type": "Point",
        "coordinates": [
          136.784167,
          35.42236
        ]
      },
      "properties": {
        "内容": "バス停: 岩戸公園前",
        "name": "岩戸公園前",
        "operator": "事業者不明",
        "ref": "",
        "url": "",
        "url2": ""
      }
    },
    {
      "type": "Feature",
      "geometry": {
        "type": "Point",
        "coordinates": [
          136.7841336,
          35.4226455
        ]
      },
      "properties": {
        "内容": "バス停: 岩戸公園前",
        "name": "岩戸公園前",
        "operator": "事業者不明",
        "ref": "",
        "url": "",
        "url2": ""
      }
    },
    {
      "type": "Feature",
      "geometry": {
        "type": "Point",
        "coordinates": [
          136.7843255,
          35.4209119
        ]
      },
      "properties": {
        "内容": "バス停: 宝来町",
        "name": "宝来町",
        "operator": "事業者不明",
        "ref": "",
        "url": "",
        "url2": ""
      }
    },
    {
      "type": "Feature",
      "geometry": {
        "type": "Point",
        "coordinates": [
          136.7841002,
          35.4208031
        ]
      },
      "properties": {
        "内容": "バス停: 宝来町",
        "name": "宝来町",
        "operator": "事業者不明",
        "ref": "",
        "url": "",
        "url2": ""
      }
    },
    {
      "type": "Feature",
      "geometry": {
        "type": "Point",
        "coordinates": [
          136.781539,
          35.4198037
        ]
      },
      "properties": {
        "内容": "バス停: 塩町",
        "name": "塩町",
        "operator": "事業者不明",
        "ref": "",
        "url": "",
        "url2": ""
      }
    },
    {
      "type": "Feature",
      "geometry": {
        "type": "Point",
        "coordinates": [
          136.7808049,
          35.4199873
        ]
      },
      "properties": {
        "内容": "バス停: 塩町",
        "name": "塩町",
        "operator": "事業者不明",
        "ref": "",
        "url": "",
        "url2": ""
      }
    },
    {
      "type": "Feature",
      "geometry": {
        "type": "Point",
        "coordinates": [
          136.7772926,
          35.4199533
        ]
      },
      "properties": {
        "内容": "バス停: 上加納墓地",
        "name": "上加納墓地",
        "operator": "事業者不明",
        "ref": "",
        "url": "",
        "url2": ""
      }
    },
    {
      "type": "Feature",
      "geometry": {
        "type": "Point",
        "coordinates": [
          136.776742,
          35.4198037
        ]
      },
      "properties": {
        "内容": "バス停: 上加納墓地",
        "name": "上加納墓地",
        "operator": "事業者不明",
        "ref": "",
        "url": "",
        "url2": ""
      }
    },
    {
      "type": "Feature",
      "geometry": {
        "type": "Point",
        "coordinates": [
          136.7746731,
          35.4188247
        ]
      },
      "properties": {
        "内容": "バス停: 鶯谷トンネル東口",
        "name": "鶯谷トンネル東口",
        "operator": "事業者不明",
        "ref": "",
        "url": "",
        "url2": ""
      }
    },
    {
      "type": "Feature",
      "geometry": {
        "type": "Point",
        "coordinates": [
          136.7746704,
          35.41868
        ]
      },
      "properties": {
        "内容": "バス停: 鶯谷トンネル東口",
        "name": "鶯谷トンネル東口",
        "operator": "事業者不明",
        "ref": "",
        "url": "",
        "url2": ""
      }
    },
    {
      "type": "Feature",
      "geometry": {
        "type": "Point",
        "coordinates": [
          136.764737,
          35.4242907
        ]
      },
      "properties": {
        "内容": "バス停: 東別院鶯谷高校前",
        "name": "東別院鶯谷高校前",
        "operator": "事業者不明",
        "ref": "",
        "url": "",
        "url2": ""
      }
    },
    {
      "type": "Feature",
      "geometry": {
        "type": "Point",
        "coordinates": [
          136.7646619,
          35.4244743
        ]
      },
      "properties": {
        "内容": "バス停: 東別院鶯谷高校前",
        "name": "東別院鶯谷高校前",
        "operator": "事業者不明",
        "ref": "",
        "url": "",
        "url2": ""
      }
    },
    {
      "type": "Feature",
      "geometry": {
        "type": "Point",
        "coordinates": [
          136.7585718,
          35.4256979
        ]
      },
      "properties": {
        "内容": "バス停: 市民会館・裁判所前",
        "name": "市民会館・裁判所前",
        "operator": "事業者不明",
        "ref": "",
        "url": "",
        "url2": ""
      }
    },
    {
      "type": "Feature",
      "geometry": {
        "type": "Point",
        "coordinates": [
          136.7588971,
          35.4254192
        ]
      },
      "properties": {
        "内容": "バス停: 市民会館・裁判所前",
        "name": "市民会館・裁判所前",
        "operator": "事業者不明",
        "ref": "",
        "url": "",
        "url2": ""
      }
    },
    {
      "type": "Feature",
      "geometry": {
        "type": "Point",
        "coordinates": [
          136.7585634,
          35.4254328
        ]
      },
      "properties": {
        "内容": "バス停: 市民会館・裁判所前",
        "name": "市民会館・裁判所前",
        "operator": "事業者不明",
        "ref": "",
        "url": "",
        "url2": ""
      }
    },
    {
      "type": "Feature",
      "geometry": {
        "type": "Point",
        "coordinates": [
          136.757871,
          35.4230058
        ]
      },
      "properties": {
        "内容": "バス停: ドリームシアター前",
        "name": "ドリームシアター前",
        "operator": "事業者不明",
        "ref": "",
        "url": "",
        "url2": ""
      }
    },
    {
      "type": "Feature",
      "geometry": {
        "type": "Point",
        "coordinates": [
          136.7582798,
          35.4230942
        ]
      },
      "properties": {
        "内容": "バス停: ドリームシアター前",
        "name": "ドリームシアター前",
        "operator": "事業者不明",
        "ref": "",
        "url": "",
        "url2": ""
      }
    },
    {
      "type": "Feature",
      "geometry": {
        "type": "Point",
        "coordinates": [
          136.7573538,
          35.4190083
        ]
      },
      "properties": {
        "内容": "バス停: 金華橋通り柳ヶ瀬",
        "name": "金華橋通り柳ヶ瀬",
        "operator": "事業者不明",
        "ref": "",
        "url": "",
        "url2": ""
      }
    },
    {
      "type": "Feature",
      "geometry": {
        "type": "Point",
        "coordinates": [
          136.7570117,
          35.4192326
        ]
      },
      "properties": {
        "内容": "バス停: 金華橋通り柳ヶ瀬",
        "name": "金華橋通り柳ヶ瀬",
        "operator": "事業者不明",
        "ref": "",
        "url": "",
        "url2": ""
      }
    },
    {
      "type": "Feature",
      "geometry": {
        "type": "Point",
        "coordinates": [
          136.7570951,
          35.4170842
        ]
      },
      "properties": {
        "内容": "バス停: 文化センター金神社前",
        "name": "文化センター金神社前",
        "operator": "事業者不明",
        "ref": "",
        "url": "",
        "url2": ""
      }
    },
    {
      "type": "Feature",
      "geometry": {
        "type": "Point",
        "coordinates": [
          136.7567197,
          35.4167171
        ]
      },
      "properties": {
        "内容": "バス停: 文化センター金神社前",
        "name": "文化センター金神社前",
        "operator": "事業者不明",
        "ref": "",
        "url": "",
        "url2": ""
      }
    },
    {
      "type": "Feature",
      "geometry": {
        "type": "Point",
        "coordinates": [
          136.756995,
          35.4128688
        ]
      },
      "properties": {
        "内容": "バス停: 金町7丁目",
        "name": "金町7丁目",
        "operator": "事業者不明",
        "ref": "",
        "url": "",
        "url2": ""
      }
    },
    {
      "type": "Feature",
      "geometry": {
        "type": "Point",
        "coordinates": [
          136.756628,
          35.4127736
        ]
      },
      "properties": {
        "内容": "バス停: 金町7丁目",
        "name": "金町7丁目",
        "operator": "事業者不明",
        "ref": "",
        "url": "",
        "url2": ""
      }
    },
    {
      "type": "Feature",
      "geometry": {
        "type": "Point",
        "coordinates": [
          136.7527548,
          35.434968
        ]
      },
      "properties": {
        "内容": "バス停: 早田栄町",
        "name": "早田栄町",
        "operator": "事業者不明",
        "ref": "",
        "url": "",
        "url2": ""
      }
    },
    {
      "type": "Feature",
      "geometry": {
        "type": "Point",
        "coordinates": [
          136.7531187,
          35.4351842
        ]
      },
      "properties": {
        "内容": "バス停: 早田栄町",
        "name": "早田栄町",
        "operator": "事業者不明",
        "ref": "",
        "url": "",
        "url2": ""
      }
    },
    {
      "type": "Feature",
      "geometry": {
        "type": "Point",
        "coordinates": [
          136.756672,
          35.4360876
        ]
      },
      "properties": {
        "内容": "バス停: 岐阜赤十字病院前",
        "name": "岐阜赤十字病院前",
        "operator": "事業者不明",
        "ref": "",
        "url": "",
        "url2": ""
      }
    },
    {
      "type": "Feature",
      "geometry": {
        "type": "Point",
        "coordinates": [
          136.7569589,
          35.4360737
        ]
      },
      "properties": {
        "内容": "バス停: 岐阜赤十字病院前",
        "name": "岐阜赤十字病院前",
        "operator": "事業者不明",
        "ref": "",
        "url": "",
        "url2": ""
      }
    },
    {
      "type": "Feature",
      "geometry": {
        "type": "Point",
        "coordinates": [
          136.7502745,
          35.4109625
        ]
      },
      "properties": {
        "内容": "バス停: 村上記念病院前",
        "name": "村上記念病院前",
        "operator": "事業者不明",
        "ref": "",
        "url": "",
        "url2": ""
      }
    },
    {
      "type": "Feature",
      "geometry": {
        "type": "Point",
        "coordinates": [
          136.751981,
          35.4107047
        ]
      },
      "properties": {
        "内容": "バス停: 橋本町2丁目",
        "name": "橋本町2丁目",
        "operator": "事業者不明",
        "ref": "",
        "url": "",
        "url2": ""
      }
    },
    {
      "type": "Feature",
      "geometry": {
        "type": "Point",
        "coordinates": [
          136.7524781,
          35.4105682
        ]
      },
      "properties": {
        "内容": "バス停: 橋本町2丁目",
        "name": "橋本町2丁目",
        "operator": "事業者不明",
        "ref": "",
        "url": "",
        "url2": ""
      }
    },
    {
      "type": "Feature",
      "geometry": {
        "type": "Point",
        "coordinates": [
          136.7535308,
          35.4131203
        ]
      },
      "properties": {
        "内容": "バス停: 西問屋町",
        "name": "西問屋町",
        "operator": "事業者不明",
        "ref": "",
        "url": "",
        "url2": ""
      }
    },
    {
      "type": "Feature",
      "geometry": {
        "type": "Point",
        "coordinates": [
          136.7536158,
          35.4132589
        ]
      },
      "properties": {
        "内容": "バス停: 西問屋町",
        "name": "西問屋町",
        "operator": "事業者不明",
        "ref": "",
        "url": "",
        "url2": ""
      }
    },
    {
      "type": "Feature",
      "geometry": {
        "type": "Point",
        "coordinates": [
          136.753249,
          35.4148079
        ]
      },
      "properties": {
        "内容": "バス停: 大宝町",
        "name": "大宝町",
        "operator": "事業者不明",
        "ref": "",
        "url": "",
        "url2": ""
      }
    },
    {
      "type": "Feature",
      "geometry": {
        "type": "Point",
        "coordinates": [
          136.7533367,
          35.4152672
        ]
      },
      "properties": {
        "内容": "バス停: 大宝町",
        "name": "大宝町",
        "operator": "事業者不明",
        "ref": "",
        "url": "",
        "url2": ""
      }
    },
    {
      "type": "Feature",
      "geometry": {
        "type": "Point",
        "coordinates": [
          136.7524276,
          35.417583
        ]
      },
      "properties": {
        "内容": "バス停: 千手堂",
        "name": "千手堂",
        "operator": "事業者不明",
        "ref": "",
        "url": "",
        "url2": ""
      }
    },
    {
      "type": "Feature",
      "geometry": {
        "type": "Point",
        "coordinates": [
          136.7524728,
          35.4173967
        ]
      },
      "properties": {
        "内容": "バス停: 千手堂",
        "name": "千手堂",
        "operator": "事業者不明",
        "ref": "",
        "url": "",
        "url2": ""
      }
    },
    {
      "type": "Feature",
      "geometry": {
        "type": "Point",
        "coordinates": [
          136.7524622,
          35.4196778
        ]
      },
      "properties": {
        "内容": "バス停: 柳ヶ瀬西口",
        "name": "柳ヶ瀬西口",
        "operator": "事業者不明",
        "ref": "",
        "url": "",
        "url2": ""
      }
    },
    {
      "type": "Feature",
      "geometry": {
        "type": "Point",
        "coordinates": [
          136.7526217,
          35.4202562
        ]
      },
      "properties": {
        "内容": "バス停: 柳ヶ瀬西口",
        "name": "柳ヶ瀬西口",
        "operator": "事業者不明",
        "ref": "",
        "url": "",
        "url2": ""
      }
    },
    {
      "type": "Feature",
      "geometry": {
        "type": "Point",
        "coordinates": [
          136.7522708,
          35.4208822
        ]
      },
      "properties": {
        "内容": "バス停: 本郷町",
        "name": "本郷町",
        "operator": "事業者不明",
        "ref": "",
        "url": "",
        "url2": ""
      }
    },
    {
      "type": "Feature",
      "geometry": {
        "type": "Point",
        "coordinates": [
          136.7522788,
          35.4219415
        ]
      },
      "properties": {
        "内容": "バス停: 本郷町",
        "name": "本郷町",
        "operator": "事業者不明",
        "ref": "",
        "url": "",
        "url2": ""
      }
    },
    {
      "type": "Feature",
      "geometry": {
        "type": "Point",
        "coordinates": [
          136.7515371,
          35.4242268
        ]
      },
      "properties": {
        "内容": "バス停: 西野町",
        "name": "西野町",
        "operator": "事業者不明",
        "ref": "",
        "url": "",
        "url2": ""
      }
    },
    {
      "type": "Feature",
      "geometry": {
        "type": "Point",
        "coordinates": [
          136.7524888,
          35.4250565
        ]
      },
      "properties": {
        "内容": "バス停: 西野町",
        "name": "西野町",
        "operator": "事業者不明",
        "ref": "",
        "url": "",
        "url2": ""
      }
    },
    {
      "type": "Feature",
      "geometry": {
        "type": "Point",
        "coordinates": [
          136.7502372,
          35.4245084
        ]
      },
      "properties": {
        "内容": "バス停: 西野町",
        "name": "西野町",
        "operator": "事業者不明",
        "ref": "",
        "url": "",
        "url2": ""
      }
    },
    {
      "type": "Feature",
      "geometry": {
        "type": "Point",
        "coordinates": [
          136.7514255,
          35.4256825
        ]
      },
      "properties": {
        "内容": "バス停: 西野町",
        "name": "西野町",
        "operator": "事業者不明",
        "ref": "",
        "url": "",
        "url2": ""
      }
    },
    {
      "type": "Feature",
      "geometry": {
        "type": "Point",
        "coordinates": [
          136.7497721,
          35.432226
        ]
      },
      "properties": {
        "内容": "バス停: 忠節橋",
        "name": "忠節橋",
        "operator": "事業者不明",
        "ref": "",
        "url": "",
        "url2": ""
      }
    },
    {
      "type": "Feature",
      "geometry": {
        "type": "Point",
        "coordinates": [
          136.7495355,
          35.4326115
        ]
      },
      "properties": {
        "内容": "バス停: 忠節橋",
        "name": "忠節橋",
        "operator": "事業者不明",
        "ref": "",
        "url": "",
        "url2": ""
      }
    },
    {
      "type": "Feature",
      "geometry": {
        "type": "Point",
        "coordinates": [
          136.7469168,
          35.4333425
        ]
      },
      "properties": {
        "内容": "バス停: 忠節",
        "name": "忠節",
        "operator": "事業者不明",
        "ref": "",
        "url": "",
        "url2": ""
      }
    },
    {
      "type": "Feature",
      "geometry": {
        "type": "Point",
        "coordinates": [
          136.7473318,
          35.433369
        ]
      },
      "properties": {
        "内容": "バス停: 忠節",
        "name": "忠節",
        "operator": "事業者不明",
        "ref": "",
        "url": "",
        "url2": ""
      }
    },
    {
      "type": "Feature",
      "geometry": {
        "type": "Point",
        "coordinates": [
          136.7488178,
          35.4347492
        ]
      },
      "properties": {
        "内容": "バス停: 忠節",
        "name": "忠節",
        "operator": "事業者不明",
        "ref": "",
        "url": "",
        "url2": ""
      }
    },
    {
      "type": "Feature",
      "geometry": {
        "type": "Point",
        "coordinates": [
          136.7488842,
          35.434812
        ]
      },
      "properties": {
        "内容": "バス停: 忠節",
        "name": "忠節",
        "operator": "事業者不明",
        "ref": "",
        "url": "",
        "url2": ""
      }
    },
    {
      "type": "Feature",
      "geometry": {
        "type": "Point",
        "coordinates": [
          136.7482489,
          35.436326
        ]
      },
      "properties": {
        "内容": "バス停: 北高前",
        "name": "北高前",
        "operator": "事業者不明",
        "ref": "",
        "url": "",
        "url2": ""
      }
    },
    {
      "type": "Feature",
      "geometry": {
        "type": "Point",
        "coordinates": [
          136.7481764,
          35.4367951
        ]
      },
      "properties": {
        "内容": "バス停: 北高前",
        "name": "北高前",
        "operator": "事業者不明",
        "ref": "",
        "url": "",
        "url2": ""
      }
    },
    {
      "type": "Feature",
      "geometry": {
        "type": "Point",
        "coordinates": [
          136.7515275,
          35.4394148
        ]
      },
      "properties": {
        "内容": "バス停: 県岐商前",
        "name": "県岐商前",
        "operator": "事業者不明",
        "ref": "",
        "url": "",
        "url2": ""
      }
    },
    {
      "type": "Feature",
      "geometry": {
        "type": "Point",
        "coordinates": [
          136.7514995,
          35.4392707
        ]
      },
      "properties": {
        "内容": "バス停: 県岐商前",
        "name": "県岐商前",
        "operator": "事業者不明",
        "ref": "",
        "url": "",
        "url2": ""
      }
    },
    {
      "type": "Feature",
      "geometry": {
        "type": "Point",
        "coordinates": [
          136.7579131,
          35.4425417
        ]
      },
      "properties": {
        "内容": "バス停: 鷺山向井町",
        "name": "鷺山向井町",
        "operator": "事業者不明",
        "ref": "",
        "url": "",
        "url2": ""
      }
    },
    {
      "type": "Feature",
      "geometry": {
        "type": "Point",
        "coordinates": [
          136.7573292,
          35.4423077
        ]
      },
      "properties": {
        "内容": "バス停: 鷺山向井町",
        "name": "鷺山向井町",
        "operator": "事業者不明",
        "ref": "",
        "url": "",
        "url2": ""
      }
    },
    {
      "type": "Feature",
      "geometry": {
        "type": "Point",
        "coordinates": [
          136.7606594,
          35.4419861
        ]
      },
      "properties": {
        "内容": "バス停: メモリアルセンター正門前",
        "name": "メモリアルセンター正門前",
        "operator": "事業者不明",
        "ref": "",
        "url": "",
        "url2": ""
      }
    },
    {
      "type": "Feature",
      "geometry": {
        "type": "Point",
        "coordinates": [
          136.7604184,
          35.4417952
        ]
      },
      "properties": {
        "内容": "バス停: メモリアルセンター正門前",
        "name": "メモリアルセンター正門前",
        "operator": "事業者不明",
        "ref": "",
        "url": "",
        "url2": ""
      }
    },
    {
      "type": "Feature",
      "geometry": {
        "type": "Point",
        "coordinates": [
          136.7602847,
          35.4382908
        ]
      },
      "properties": {
        "内容": "バス停: 早田東町",
        "name": "早田東町",
        "operator": "事業者不明",
        "ref": "",
        "url": "",
        "url2": ""
      }
    },
    {
      "type": "Feature",
      "geometry": {
        "type": "Point",
        "coordinates": [
          136.7604745,
          35.4374274
        ]
      },
      "properties": {
        "内容": "バス停: 早田東町",
        "name": "早田東町",
        "operator": "事業者不明",
        "ref": "",
        "url": "",
        "url2": ""
      }
    },
    {
      "type": "Feature",
      "geometry": {
        "type": "Point",
        "coordinates": [
          136.7593439,
          35.4367887
        ]
      },
      "properties": {
        "内容": "バス停: 早田東町",
        "name": "早田東町",
        "operator": "事業者不明",
        "ref": "",
        "url": "",
        "url2": ""
      }
    },
    {
      "type": "Feature",
      "geometry": {
        "type": "Point",
        "coordinates": [
          136.7592432,
          35.4366327
        ]
      },
      "properties": {
        "内容": "バス停: 早田東町",
        "name": "早田東町",
        "operator": "事業者不明",
        "ref": "",
        "url": "",
        "url2": ""
      }
    },
    {
      "type": "Feature",
      "geometry": {
        "type": "Point",
        "coordinates": [
          136.7609449,
          35.4307463
        ]
      },
      "properties": {
        "内容": "バス停: 金華橋",
        "name": "金華橋",
        "operator": "事業者不明",
        "ref": "",
        "url": "",
        "url2": ""
      }
    },
    {
      "type": "Feature",
      "geometry": {
        "type": "Point",
        "coordinates": [
          136.760864,
          35.4308203
        ]
      },
      "properties": {
        "内容": "バス停: 金華橋",
        "name": "金華橋",
        "operator": "事業者不明",
        "ref": "",
        "url": "",
        "url2": ""
      }
    },
    {
      "type": "Feature",
      "geometry": {
        "type": "Point",
        "coordinates": [
          136.7590759,
          35.4277289
        ]
      },
      "properties": {
        "内容": "バス停: 市役所・メディアコスモス西",
        "name": "市役所・メディアコスモス西",
        "operator": "事業者不明",
        "ref": "",
        "url": "",
        "url2": ""
      }
    },
    {
      "type": "Feature",
      "geometry": {
        "type": "Point",
        "coordinates": [
          136.7588793,
          35.427728
        ]
      },
      "properties": {
        "内容": "バス停: 市役所・メディアコスモス西",
        "name": "市役所・メディアコスモス西",
        "operator": "事業者不明",
        "ref": "",
        "url": "",
        "url2": ""
      }
    },
    {
      "type": "Feature",
      "geometry": {
        "type": "Point",
        "coordinates": [
          136.7599583,
          35.446012
        ]
      },
      "properties": {
        "内容": "バス停: 簡易保険前",
        "name": "簡易保険前",
        "operator": "事業者不明",
        "ref": "",
        "url": "",
        "url2": ""
      }
    },
    {
      "type": "Feature",
      "geometry": {
        "type": "Point",
        "coordinates": [
          136.7585699,
          35.4463502
        ]
      },
      "properties": {
        "内容": "バス停: 簡易保険前",
        "name": "簡易保険前",
        "operator": "事業者不明",
        "ref": "",
        "url": "",
        "url2": ""
      }
    },
    {
      "type": "Feature",
      "geometry": {
        "type": "Point",
        "coordinates": [
          136.756175,
          35.4467237
        ]
      },
      "properties": {
        "内容": "バス停: 鷺山白鷺町",
        "name": "鷺山白鷺町",
        "operator": "事業者不明",
        "ref": "",
        "url": "",
        "url2": ""
      }
    },
    {
      "type": "Feature",
      "geometry": {
        "type": "Point",
        "coordinates": [
          136.7561009,
          35.4465984
        ]
      },
      "properties": {
        "内容": "バス停: 鷺山白鷺町",
        "name": "鷺山白鷺町",
        "operator": "事業者不明",
        "ref": "",
        "url": "",
        "url2": ""
      }
    },
    {
      "type": "Feature",
      "geometry": {
        "type": "Point",
        "coordinates": [
          136.7539128,
          35.4464591
        ]
      },
      "properties": {
        "内容": "バス停: 鷺山玉川町",
        "name": "鷺山玉川町",
        "operator": "事業者不明",
        "ref": "",
        "url": "",
        "url2": ""
      }
    },
    {
      "type": "Feature",
      "geometry": {
        "type": "Point",
        "coordinates": [
          136.7538444,
          35.4463292
        ]
      },
      "properties": {
        "内容": "バス停: 鷺山玉川町",
        "name": "鷺山玉川町",
        "operator": "事業者不明",
        "ref": "",
        "url": "",
        "url2": ""
      }
    },
    {
      "type": "Feature",
      "geometry": {
        "type": "Point",
        "coordinates": [
          136.7503857,
          35.4464684
        ]
      },
      "properties": {
        "内容": "バス停: 緑ヶ丘",
        "name": "緑ヶ丘",
        "operator": "事業者不明",
        "ref": "",
        "url": "",
        "url2": ""
      }
    },
    {
      "type": "Feature",
      "geometry": {
        "type": "Point",
        "coordinates": [
          136.7502888,
          35.446357
        ]
      },
      "properties": {
        "内容": "バス停: 緑ヶ丘",
        "name": "緑ヶ丘",
        "operator": "事業者不明",
        "ref": "",
        "url": "",
        "url2": ""
      }
    },
    {
      "type": "Feature",
      "geometry": {
        "type": "Point",
        "coordinates": [
          136.7466933,
          35.4464777
        ]
      },
      "properties": {
        "内容": "バス停: 正木マーサ前",
        "name": "正木マーサ前",
        "operator": "事業者不明",
        "ref": "",
        "url": "",
        "url2": ""
      }
    },
    {
      "type": "Feature",
      "geometry": {
        "type": "Point",
        "coordinates": [
          136.7464426,
          35.4465984
        ]
      },
      "properties": {
        "内容": "バス停: 正木マーサ前",
        "name": "正木マーサ前",
        "operator": "事業者不明",
        "ref": "",
        "url": "",
        "url2": ""
      }
    },
    {
      "type": "Feature",
      "geometry": {
        "type": "Point",
        "coordinates": [
          136.7460494,
          35.4478239
        ]
      },
      "properties": {
        "内容": "バス停: 正木マーサ前",
        "name": "正木マーサ前",
        "operator": "事業者不明",
        "ref": "",
        "url": "",
        "url2": ""
      }
    },
    {
      "type": "Feature",
      "geometry": {
        "type": "Point",
        "coordinates": [
          136.7458015,
          35.4474242
        ]
      },
      "properties": {
        "内容": "バス停: 正木マーサ前",
        "name": "正木マーサ前",
        "operator": "事業者不明",
        "ref": "",
        "url": "",
        "url2": ""
      }
    },
    {
      "type": "Feature",
      "geometry": {
        "type": "Point",
        "coordinates": [
          136.7466648,
          35.4412877
        ]
      },
      "properties": {
        "内容": "バス停: 則武",
        "name": "則武",
        "operator": "事業者不明",
        "ref": "",
        "url": "",
        "url2": ""
      }
    },
    {
      "type": "Feature",
      "geometry": {
        "type": "Point",
        "coordinates": [
          136.746528,
          35.4411903
        ]
      },
      "properties": {
        "内容": "バス停: 則武",
        "name": "則武",
        "operator": "事業者不明",
        "ref": "",
        "url": "",
        "url2": ""
      }
    },
    {
      "type": "Feature",
      "geometry": {
        "type": "Point",
        "coordinates": [
          136.7297226,
          35.4463384
        ]
      },
      "properties": {
        "内容": "バス停: 南柿ケ瀬",
        "name": "南柿ケ瀬",
        "operator": "事業者不明",
        "ref": "",
        "url": "",
        "url2": ""
      }
    },
    {
      "type": "Feature",
      "geometry": {
        "type": "Point",
        "coordinates": [
          136.7361442,
          35.4427845
        ]
      },
      "properties": {
        "内容": "バス停: 則武西",
        "name": "則武西",
        "operator": "事業者不明",
        "ref": "",
        "url": "",
        "url2": ""
      }
    },
    {
      "type": "Feature",
      "geometry": {
        "type": "Point",
        "coordinates": [
          136.7358831,
          35.4427042
        ]
      },
      "properties": {
        "内容": "バス停: 則武西",
        "name": "則武西",
        "operator": "事業者不明",
        "ref": "",
        "url": "",
        "url2": ""
      }
    },
    {
      "type": "Feature",
      "geometry": {
        "type": "Point",
        "coordinates": [
          136.7226245,
          35.4378596
        ]
      },
      "properties": {
        "内容": "バス停: 旦の島",
        "name": "旦の島",
        "operator": "事業者不明",
        "ref": "",
        "url": "",
        "url2": ""
      }
    },
    {
      "type": "Feature",
      "geometry": {
        "type": "Point",
        "coordinates": [
          136.7226417,
          35.437734
        ]
      },
      "properties": {
        "内容": "バス停: 旦の島",
        "name": "旦の島",
        "operator": "事業者不明",
        "ref": "",
        "url": "",
        "url2": ""
      }
    },
    {
      "type": "Feature",
      "geometry": {
        "type": "Point",
        "coordinates": [
          136.7273937,
          35.4380026
        ]
      },
      "properties": {
        "内容": "バス停: 守口町",
        "name": "守口町",
        "operator": "事業者不明",
        "ref": "",
        "url": "",
        "url2": ""
      }
    },
    {
      "type": "Feature",
      "geometry": {
        "type": "Point",
        "coordinates": [
          136.7271882,
          35.4380967
        ]
      },
      "properties": {
        "内容": "バス停: 守口町",
        "name": "守口町",
        "operator": "事業者不明",
        "ref": "",
        "url": "",
        "url2": ""
      }
    },
    {
      "type": "Feature",
      "geometry": {
        "type": "Point",
        "coordinates": [
          136.7298382,
          35.4384839
        ]
      },
      "properties": {
        "内容": "バス停: 萱場北町",
        "name": "萱場北町",
        "operator": "事業者不明",
        "ref": "",
        "url": "",
        "url2": ""
      }
    },
    {
      "type": "Feature",
      "geometry": {
        "type": "Point",
        "coordinates": [
          136.7305231,
          35.4384665
        ]
      },
      "properties": {
        "内容": "バス停: 萱場北町",
        "name": "萱場北町",
        "operator": "事業者不明",
        "ref": "",
        "url": "",
        "url2": ""
      }
    },
    {
      "type": "Feature",
      "geometry": {
        "type": "Point",
        "coordinates": [
          136.7327921,
          35.4388362
        ]
      },
      "properties": {
        "内容": "バス停: 萱場",
        "name": "萱場",
        "operator": "事業者不明",
        "ref": "",
        "url": "",
        "url2": ""
      }
    },
    {
      "type": "Feature",
      "geometry": {
        "type": "Point",
        "coordinates": [
          136.7326423,
          35.4389338
        ]
      },
      "properties": {
        "内容": "バス停: 萱場",
        "name": "萱場",
        "operator": "事業者不明",
        "ref": "",
        "url": "",
        "url2": ""
      }
    },
    {
      "type": "Feature",
      "geometry": {
        "type": "Point",
        "coordinates": [
          136.7343975,
          35.4391536
        ]
      },
      "properties": {
        "内容": "バス停: 中電アパート前",
        "name": "中電アパート前",
        "operator": "事業者不明",
        "ref": "",
        "url": "",
        "url2": ""
      }
    },
    {
      "type": "Feature",
      "geometry": {
        "type": "Point",
        "coordinates": [
          136.7356819,
          35.4392303
        ]
      },
      "properties": {
        "内容": "バス停: 中電アパート前",
        "name": "中電アパート前",
        "operator": "事業者不明",
        "ref": "",
        "url": "",
        "url2": ""
      }
    },
    {
      "type": "Feature",
      "geometry": {
        "type": "Point",
        "coordinates": [
          136.7375056,
          35.4377061
        ]
      },
      "properties": {
        "内容": "バス停: 則武新屋敷",
        "name": "則武新屋敷",
        "operator": "事業者不明",
        "ref": "",
        "url": "",
        "url2": ""
      }
    },
    {
      "type": "Feature",
      "geometry": {
        "type": "Point",
        "coordinates": [
          136.7375869,
          35.4371864
        ]
      },
      "properties": {
        "内容": "バス停: 則武新屋敷",
        "name": "則武新屋敷",
        "operator": "事業者不明",
        "ref": "",
        "url": "",
        "url2": ""
      }
    },
    {
      "type": "Feature",
      "geometry": {
        "type": "Point",
        "coordinates": [
          136.7437175,
          35.4318879
        ]
      },
      "properties": {
        "内容": "バス停: 池の上",
        "name": "池の上",
        "operator": "事業者不明",
        "ref": "",
        "url": "",
        "url2": ""
      }
    },
    {
      "type": "Feature",
      "geometry": {
        "type": "Point",
        "coordinates": [
          136.7433579,
          35.4315635
        ]
      },
      "properties": {
        "内容": "バス停: 池の上",
        "name": "池の上",
        "operator": "事業者不明",
        "ref": "",
        "url": "",
        "url2": ""
      }
    },
    {
      "type": "Feature",
      "geometry": {
        "type": "Point",
        "coordinates": [
          136.7401214,
          35.4322995
        ]
      },
      "properties": {
        "内容": "バス停: 市営アパート",
        "name": "市営アパート",
        "operator": "事業者不明",
        "ref": "",
        "url": "",
        "url2": ""
      }
    },
    {
      "type": "Feature",
      "geometry": {
        "type": "Point",
        "coordinates": [
          136.740451,
          35.4320553
        ]
      },
      "properties": {
        "内容": "バス停: 市営アパート",
        "name": "市営アパート",
        "operator": "事業者不明",
        "ref": "",
        "url": "",
        "url2": ""
      }
    },
    {
      "type": "Feature",
      "geometry": {
        "type": "Point",
        "coordinates": [
          136.7362298,
          35.4341936
        ]
      },
      "properties": {
        "内容": "バス停: 萱場口",
        "name": "萱場口",
        "operator": "事業者不明",
        "ref": "",
        "url": "",
        "url2": ""
      }
    },
    {
      "type": "Feature",
      "geometry": {
        "type": "Point",
        "coordinates": [
          136.7359858,
          35.4344064
        ]
      },
      "properties": {
        "内容": "バス停: 萱場口",
        "name": "萱場口",
        "operator": "事業者不明",
        "ref": "",
        "url": "",
        "url2": ""
      }
    },
    {
      "type": "Feature",
      "geometry": {
        "type": "Point",
        "coordinates": [
          136.7366751,
          35.4350796
        ]
      },
      "properties": {
        "内容": "バス停: 島県営アパート",
        "name": "島県営アパート",
        "operator": "事業者不明",
        "ref": "",
        "url": "",
        "url2": ""
      }
    },
    {
      "type": "Feature",
      "geometry": {
        "type": "Point",
        "coordinates": [
          136.7364096,
          35.4352923
        ]
      },
      "properties": {
        "内容": "バス停: 島県営アパート",
        "name": "島県営アパート",
        "operator": "事業者不明",
        "ref": "",
        "url": "",
        "url2": ""
      }
    },
    {
      "type": "Feature",
      "geometry": {
        "type": "Point",
        "coordinates": [
          136.7387214,
          35.4362934
        ]
      },
      "properties": {
        "内容": "バス停: 島県営アパート",
        "name": "島県営アパート",
        "operator": "事業者不明",
        "ref": "",
        "url": "",
        "url2": ""
      }
    },
    {
      "type": "Feature",
      "geometry": {
        "type": "Point",
        "coordinates": [
          136.737664,
          35.4363702
        ]
      },
      "properties": {
        "内容": "バス停: 島県営アパート",
        "name": "島県営アパート",
        "operator": "事業者不明",
        "ref": "",
        "url": "",
        "url2": ""
      }
    },
    {
      "type": "Feature",
      "geometry": {
        "type": "Point",
        "coordinates": [
          136.7441242,
          35.4341866
        ]
      },
      "properties": {
        "内容": "バス停: 日光町",
        "name": "日光町",
        "operator": "事業者不明",
        "ref": "",
        "url": "",
        "url2": ""
      }
    },
    {
      "type": "Feature",
      "geometry": {
        "type": "Point",
        "coordinates": [
          136.7452116,
          35.4324286
        ]
      },
      "properties": {
        "内容": "バス停: 忠節西",
        "name": "忠節西",
        "operator": "事業者不明",
        "ref": "",
        "url": "",
        "url2": ""
      }
    },
    {
      "type": "Feature",
      "geometry": {
        "type": "Point",
        "coordinates": [
          136.7455198,
          35.4326972
        ]
      },
      "properties": {
        "内容": "バス停: 忠節西",
        "name": "忠節西",
        "operator": "事業者不明",
        "ref": "",
        "url": "",
        "url2": ""
      }
    },
    {
      "type": "Feature",
      "geometry": {
        "type": "Point",
        "coordinates": [
          136.7950486,
          35.4457635
        ]
      },
      "properties": {
        "内容": "バス停: おぶさ",
        "name": "おぶさ",
        "operator": "事業者不明",
        "ref": "",
        "url": "",
        "url2": ""
      }
    },
    {
      "type": "Feature",
      "geometry": {
        "type": "Point",
        "coordinates": [
          136.7944288,
          35.4446235
        ]
      },
      "properties": {
        "内容": "バス停: おぶさ公民館前",
        "name": "おぶさ公民館前",
        "operator": "事業者不明",
        "ref": "",
        "url": "",
        "url2": ""
      }
    },
    {
      "type": "Feature",
      "geometry": {
        "type": "Point",
        "coordinates": [
          136.7941528,
          35.4445716
        ]
      },
      "properties": {
        "内容": "バス停: おぶさ公民館前",
        "name": "おぶさ公民館前",
        "operator": "事業者不明",
        "ref": "",
        "url": "",
        "url2": ""
      }
    },
    {
      "type": "Feature",
      "geometry": {
        "type": "Point",
        "coordinates": [
          136.7905263,
          35.4433177
        ]
      },
      "properties": {
        "内容": "バス停: おぶさ桜町",
        "name": "おぶさ桜町",
        "operator": "事業者不明",
        "ref": "",
        "url": "",
        "url2": ""
      }
    },
    {
      "type": "Feature",
      "geometry": {
        "type": "Point",
        "coordinates": [
          136.790031,
          35.4425683
        ]
      },
      "properties": {
        "内容": "バス停: おぶさ桜町",
        "name": "おぶさ桜町",
        "operator": "事業者不明",
        "ref": "",
        "url": "",
        "url2": ""
      }
    },
    {
      "type": "Feature",
      "geometry": {
        "type": "Point",
        "coordinates": [
          136.7882513,
          35.4436233
        ]
      },
      "properties": {
        "内容": "バス停: サンライフ岐阜前",
        "name": "サンライフ岐阜前",
        "operator": "事業者不明",
        "ref": "",
        "url": "",
        "url2": ""
      }
    },
    {
      "type": "Feature",
      "geometry": {
        "type": "Point",
        "coordinates": [
          136.7860329,
          35.4446091
        ]
      },
      "properties": {
        "内容": "バス停: 長良堀田",
        "name": "長良堀田",
        "operator": "事業者不明",
        "ref": "",
        "url": "",
        "url2": ""
      }
    },
    {
      "type": "Feature",
      "geometry": {
        "type": "Point",
        "coordinates": [
          136.7858808,
          35.4445024
        ]
      },
      "properties": {
        "内容": "バス停: 長良堀田",
        "name": "長良堀田",
        "operator": "事業者不明",
        "ref": "",
        "url": "",
        "url2": ""
      }
    },
    {
      "type": "Feature",
      "geometry": {
        "type": "Point",
        "coordinates": [
          136.7647367,
          35.4437375
        ]
      },
      "properties": {
        "内容": "バス停: 岐阜メモリアルセンター北",
        "name": "岐阜メモリアルセンター北",
        "operator": "事業者不明",
        "ref": "",
        "url": "",
        "url2": ""
      }
    },
    {
      "type": "Feature",
      "geometry": {
        "type": "Point",
        "coordinates": [
          136.7647727,
          35.4436204
        ]
      },
      "properties": {
        "内容": "バス停: 岐阜メモリアルセンター北",
        "name": "岐阜メモリアルセンター北",
        "operator": "事業者不明",
        "ref": "",
        "url": "",
        "url2": ""
      }
    },
    {
      "type": "Feature",
      "geometry": {
        "type": "Point",
        "coordinates": [
          136.7646229,
          35.4432543
        ]
      },
      "properties": {
        "内容": "バス停: 岐阜メモリアルセンター前",
        "name": "岐阜メモリアルセンター前",
        "operator": "事業者不明",
        "ref": "",
        "url": "",
        "url2": ""
      }
    },
    {
      "type": "Feature",
      "geometry": {
        "type": "Point",
        "coordinates": [
          136.7647227,
          35.4433552
        ]
      },
      "properties": {
        "内容": "バス停: 岐阜メモリアルセンター前",
        "name": "岐阜メモリアルセンター前",
        "operator": "事業者不明",
        "ref": "",
        "url": "",
        "url2": ""
      }
    },
    {
      "type": "Feature",
      "geometry": {
        "type": "Point",
        "coordinates": [
          136.762394,
          35.445062
        ]
      },
      "properties": {
        "内容": "バス停: 北消防署前",
        "name": "北消防署前",
        "operator": "事業者不明",
        "ref": "",
        "url": "",
        "url2": ""
      }
    },
    {
      "type": "Feature",
      "geometry": {
        "type": "Point",
        "coordinates": [
          136.7620026,
          35.4451222
        ]
      },
      "properties": {
        "内容": "バス停: 北消防署前",
        "name": "北消防署前",
        "operator": "事業者不明",
        "ref": "",
        "url": "",
        "url2": ""
      }
    },
    {
      "type": "Feature",
      "geometry": {
        "type": "Point",
        "coordinates": [
          136.7333588,
          35.4581044
        ]
      },
      "properties": {
        "内容": "バス停: 岐大口",
        "name": "岐大口",
        "operator": "事業者不明",
        "ref": "",
        "url": "",
        "url2": ""
      }
    },
    {
      "type": "Feature",
      "geometry": {
        "type": "Point",
        "coordinates": [
          136.7333845,
          35.4576878
        ]
      },
      "properties": {
        "内容": "バス停: 岐大口",
        "name": "岐大口",
        "operator": "事業者不明",
        "ref": "",
        "url": "",
        "url2": ""
      }
    },
    {
      "type": "Feature",
      "geometry": {
        "type": "Point",
        "coordinates": [
          136.7452584,
          35.4532585
        ]
      },
      "properties": {
        "内容": "バス停: 正木北",
        "name": "正木北",
        "operator": "事業者不明",
        "ref": "",
        "url": "",
        "url2": ""
      }
    },
    {
      "type": "Feature",
      "geometry": {
        "type": "Point",
        "coordinates": [
          136.7451426,
          35.4531658
        ]
      },
      "properties": {
        "内容": "バス停: 正木北",
        "name": "正木北",
        "operator": "事業者不明",
        "ref": "",
        "url": "",
        "url2": ""
      }
    },
    {
      "type": "Feature",
      "geometry": {
        "type": "Point",
        "coordinates": [
          136.7297914,
          35.4463327
        ]
      },
      "properties": {
        "内容": "バス停: 南柿ケ瀬",
        "name": "南柿ケ瀬",
        "operator": "事業者不明",
        "ref": "",
        "url": "",
        "url2": ""
      }
    },
    {
      "type": "Feature",
      "geometry": {
        "type": "Point",
        "coordinates": [
          136.713177,
          35.300295
        ]
      },
      "properties": {
        "内容": "バス停: 羽島BS（下り）",
        "name": "羽島BS（下り）",
        "operator": "事業者不明",
        "ref": "",
        "url": "",
        "url2": ""
      }
    },
    {
      "type": "Feature",
      "geometry": {
        "type": "Point",
        "coordinates": [
          136.710471,
          35.3019943
        ]
      },
      "properties": {
        "内容": "バス停: 羽島BS（上り）",
        "name": "羽島BS（上り）",
        "operator": "事業者不明",
        "ref": "",
        "url": "",
        "url2": ""
      }
    },
    {
      "type": "Feature",
      "geometry": {
        "type": "Point",
        "coordinates": [
          136.9185626,
          35.4858425
        ]
      },
      "properties": {
        "内容": "バス停: 安桜山公園前",
        "name": "安桜山公園前",
        "operator": "事業者不明",
        "ref": "",
        "url": "",
        "url2": ""
      }
    },
    {
      "type": "Feature",
      "geometry": {
        "type": "Point",
        "coordinates": [
          136.7714532,
          35.9702376
        ]
      },
      "properties": {
        "内容": "バス停: 下在所 (白鳥交通)",
        "name": "下在所",
        "operator": "白鳥交通",
        "ref": "",
        "url": "",
        "url2": ""
      }
    },
    {
      "type": "Feature",
      "geometry": {
        "type": "Point",
        "coordinates": [
          136.7716707,
          35.9719671
        ]
      },
      "properties": {
        "内容": "バス停: 石徹白",
        "name": "石徹白",
        "operator": "事業者不明",
        "ref": "",
        "url": "",
        "url2": ""
      }
    },
    {
      "type": "Feature",
      "geometry": {
        "type": "Point",
        "coordinates": [
          137.1136883,
          35.3164192
        ]
      },
      "properties": {
        "内容": "バス停: 多治見ホワイトタウン",
        "name": "多治見ホワイトタウン",
        "operator": "事業者不明",
        "ref": "",
        "url": "",
        "url2": ""
      }
    },
    {
      "type": "Feature",
      "geometry": {
        "type": "Point",
        "coordinates": [
          137.1136756,
          35.3222194
        ]
      },
      "properties": {
        "内容": "バス停: 桃山台",
        "name": "桃山台",
        "operator": "事業者不明",
        "ref": "",
        "url": "",
        "url2": ""
      }
    },
    {
      "type": "Feature",
      "geometry": {
        "type": "Point",
        "coordinates": [
          137.1203939,
          35.3195062
        ]
      },
      "properties": {
        "内容": "バス停: 平安台",
        "name": "平安台",
        "operator": "事業者不明",
        "ref": "",
        "url": "",
        "url2": ""
      }
    },
    {
      "type": "Feature",
      "geometry": {
        "type": "Point",
        "coordinates": [
          137.1127576,
          35.3129803
        ]
      },
      "properties": {
        "内容": "バス停: 白鳳台",
        "name": "白鳳台",
        "operator": "事業者不明",
        "ref": "",
        "url": "",
        "url2": ""
      }
    },
    {
      "type": "Feature",
      "geometry": {
        "type": "Point",
        "coordinates": [
          137.1069855,
          35.3148363
        ]
      },
      "properties": {
        "内容": "バス停: 天平台",
        "name": "天平台",
        "operator": "事業者不明",
        "ref": "",
        "url": "",
        "url2": ""
      }
    },
    {
      "type": "Feature",
      "geometry": {
        "type": "Point",
        "coordinates": [
          137.1232947,
          35.3133436
        ]
      },
      "properties": {
        "内容": "バス停: 平和公園",
        "name": "平和公園",
        "operator": "事業者不明",
        "ref": "",
        "url": "",
        "url2": ""
      }
    },
    {
      "type": "Feature",
      "geometry": {
        "type": "Point",
        "coordinates": [
          137.1213487,
          35.3137168
        ]
      },
      "properties": {
        "内容": "バス停: 平和公園",
        "name": "平和公園",
        "operator": "事業者不明",
        "ref": "",
        "url": "",
        "url2": ""
      }
    },
    {
      "type": "Feature",
      "geometry": {
        "type": "Point",
        "coordinates": [
          137.0897093,
          35.3613371
        ]
      },
      "properties": {
        "内容": "バス停: バスタク「根本駅前」",
        "name": "バスタク「根本駅前」",
        "operator": "事業者不明",
        "ref": "",
        "url": "",
        "url2": ""
      }
    },
    {
      "type": "Feature",
      "geometry": {
        "type": "Point",
        "coordinates": [
          137.0799769,
          35.3597684
        ]
      },
      "properties": {
        "内容": "バス停: バスタク「根本町10」",
        "name": "バスタク「根本町10」",
        "operator": "事業者不明",
        "ref": "",
        "url": "",
        "url2": ""
      }
    },
    {
      "type": "Feature",
      "geometry": {
        "type": "Point",
        "coordinates": [
          137.0819668,
          35.3617174
        ]
      },
      "properties": {
        "内容": "バス停: バスタク「北丘団地」",
        "name": "バスタク「北丘団地」",
        "operator": "事業者不明",
        "ref": "",
        "url": "",
        "url2": ""
      }
    },
    {
      "type": "Feature",
      "geometry": {
        "type": "Point",
        "coordinates": [
          137.0772957,
          35.35812
        ]
      },
      "properties": {
        "内容": "バス停: バスタク「根本町11」",
        "name": "バスタク「根本町11」",
        "operator": "事業者不明",
        "ref": "",
        "url": "",
        "url2": ""
      }
    },
    {
      "type": "Feature",
      "geometry": {
        "type": "Point",
        "coordinates": [
          137.0769603,
          35.3625951
        ]
      },
      "properties": {
        "内容": "バス停: バスタク「北丘団地中央」",
        "name": "バスタク「北丘団地中央」",
        "operator": "事業者不明",
        "ref": "",
        "url": "",
        "url2": ""
      }
    },
    {
      "type": "Feature",
      "geometry": {
        "type": "Point",
        "coordinates": [
          136.7732753,
          35.446295
        ]
      },
      "properties": {
        "内容": "バス停: 長良北町6",
        "name": "長良北町6",
        "operator": "事業者不明",
        "ref": "",
        "url": "",
        "url2": ""
      }
    },
    {
      "type": "Feature",
      "geometry": {
        "type": "Point",
        "coordinates": [
          136.7732238,
          35.4463666
        ]
      },
      "properties": {
        "内容": "バス停: 長良北町5",
        "name": "長良北町5",
        "operator": "事業者不明",
        "ref": "",
        "url": "",
        "url2": ""
      }
    },
    {
      "type": "Feature",
      "geometry": {
        "type": "Point",
        "coordinates": [
          137.1829966,
          35.3600414
        ]
      },
      "properties": {
        "内容": "バス停: 土岐市駅前",
        "name": "土岐市駅前",
        "operator": "事業者不明",
        "ref": "",
        "url": "",
        "url2": ""
      }
    },
    {
      "type": "Feature",
      "geometry": {
        "type": "Point",
        "coordinates": [
          137.1834257,
          35.3598916
        ]
      },
      "properties": {
        "内容": "バス停: 土岐市駅前",
        "name": "土岐市駅前",
        "operator": "事業者不明",
        "ref": "",
        "url": "",
        "url2": ""
      }
    },
    {
      "type": "Feature",
      "geometry": {
        "type": "Point",
        "coordinates": [
          137.0905693,
          35.357377
        ]
      },
      "properties": {
        "内容": "バス停: バスタク「根本」",
        "name": "バスタク「根本」",
        "operator": "事業者不明",
        "ref": "",
        "url": "",
        "url2": ""
      }
    },
    {
      "type": "Feature",
      "geometry": {
        "type": "Point",
        "coordinates": [
          137.0725169,
          35.3628711
        ]
      },
      "properties": {
        "内容": "バス停: バスタク「北丘団地西」",
        "name": "バスタク「北丘団地西」",
        "operator": "事業者不明",
        "ref": "",
        "url": "",
        "url2": ""
      }
    },
    {
      "type": "Feature",
      "geometry": {
        "type": "Point",
        "coordinates": [
          136.7669541,
          35.4171687
        ]
      },
      "properties": {
        "内容": "バス停: 竜田町 (岐阜バス)",
        "name": "竜田町",
        "operator": "岐阜バス",
        "ref": "",
        "url": "",
        "url2": ""
      }
    },
    {
      "type": "Feature",
      "geometry": {
        "type": "Point",
        "coordinates": [
          136.7678701,
          35.4170217
        ]
      },
      "properties": {
        "内容": "バス停: 竜田町 (岐阜バス)",
        "name": "竜田町",
        "operator": "岐阜バス",
        "ref": "",
        "url": "",
        "url2": ""
      }
    },
    {
      "type": "Feature",
      "geometry": {
        "type": "Point",
        "coordinates": [
          136.7721402,
          35.4168572
        ]
      },
      "properties": {
        "内容": "バス停: 梅林公園前 (岐阜バス)",
        "name": "梅林公園前",
        "operator": "岐阜バス",
        "ref": "",
        "url": "",
        "url2": ""
      }
    },
    {
      "type": "Feature",
      "geometry": {
        "type": "Point",
        "coordinates": [
          136.7702733,
          35.4170386
        ]
      },
      "properties": {
        "内容": "バス停: 梅林公園前 (岐阜バス)",
        "name": "梅林公園前",
        "operator": "岐阜バス",
        "ref": "",
        "url": "",
        "url2": ""
      }
    },
    {
      "type": "Feature",
      "geometry": {
        "type": "Point",
        "coordinates": [
          137.1106189,
          35.5208183
        ]
      },
      "properties": {
        "内容": "バス停: 大貝戸 (七宗町営バス)",
        "name": "大貝戸",
        "operator": "七宗町営バス",
        "ref": "",
        "url": "",
        "url2": ""
      }
    },
    {
      "type": "Feature",
      "geometry": {
        "type": "Point",
        "coordinates": [
          137.1166278,
          35.523208
        ]
      },
      "properties": {
        "内容": "バス停: 野々古屋下 (七宗町町営バス)",
        "name": "野々古屋下",
        "operator": "七宗町町営バス",
        "ref": "",
        "url": "",
        "url2": ""
      }
    },
    {
      "type": "Feature",
      "geometry": {
        "type": "Point",
        "coordinates": [
          137.1166254,
          35.5231942
        ]
      },
      "properties": {
        "内容": "バス停: 野々古屋（下） (七宗町福祉バス)",
        "name": "野々古屋（下）",
        "operator": "七宗町福祉バス",
        "ref": "",
        "url": "",
        "url2": ""
      }
    },
    {
      "type": "Feature",
      "geometry": {
        "type": "Point",
        "coordinates": [
          137.1163845,
          35.5283843
        ]
      },
      "properties": {
        "内容": "バス停: 野々古屋公民館 (七宗町福祉バス)",
        "name": "野々古屋公民館",
        "operator": "七宗町福祉バス",
        "ref": "",
        "url": "",
        "url2": ""
      }
    },
    {
      "type": "Feature",
      "geometry": {
        "type": "Point",
        "coordinates": [
          137.1163782,
          35.5283481
        ]
      },
      "properties": {
        "内容": "バス停: 野々古屋公民館 (七宗町町営バス)",
        "name": "野々古屋公民館",
        "operator": "七宗町町営バス",
        "ref": "",
        "url": "",
        "url2": ""
      }
    },
    {
      "type": "Feature",
      "geometry": {
        "type": "Point",
        "coordinates": [
          136.7373105,
          35.4560045
        ]
      },
      "properties": {
        "内容": "バス停: 繰舟橋",
        "name": "繰舟橋",
        "operator": "事業者不明",
        "ref": "",
        "url": "",
        "url2": ""
      }
    },
    {
      "type": "Feature",
      "geometry": {
        "type": "Point",
        "coordinates": [
          136.6906415,
          35.440306
        ]
      },
      "properties": {
        "内容": "バス停: 東加茂",
        "name": "東加茂",
        "operator": "事業者不明",
        "ref": "",
        "url": "",
        "url2": ""
      }
    },
    {
      "type": "Feature",
      "geometry": {
        "type": "Point",
        "coordinates": [
          136.6935868,
          35.4457496
        ]
      },
      "properties": {
        "内容": "バス停: 芝原四丁目",
        "name": "芝原四丁目",
        "operator": "事業者不明",
        "ref": "",
        "url": "",
        "url2": ""
      }
    },
    {
      "type": "Feature",
      "geometry": {
        "type": "Point",
        "coordinates": [
          137.2095126,
          35.8926202
        ]
      },
      "properties": {
        "内容": "バス停: 下上呂",
        "name": "下上呂",
        "operator": "事業者不明",
        "ref": "",
        "url": "",
        "url2": ""
      }
    },
    {
      "type": "Feature",
      "geometry": {
        "type": "Point",
        "coordinates": [
          136.8143012,
          35.3973872
        ]
      },
      "properties": {
        "内容": "バス停: 富田東",
        "name": "富田東",
        "operator": "事業者不明",
        "ref": "",
        "url": "",
        "url2": ""
      }
    },
    {
      "type": "Feature",
      "geometry": {
        "type": "Point",
        "coordinates": [
          136.532114,
          35.3730925
        ]
      },
      "properties": {
        "内容": "バス停: 垂井郵便局",
        "name": "垂井郵便局",
        "operator": "事業者不明",
        "ref": "",
        "url": "",
        "url2": ""
      }
    },
    {
      "type": "Feature",
      "geometry": {
        "type": "Point",
        "coordinates": [
          136.5246675,
          35.3715861
        ]
      },
      "properties": {
        "内容": "バス停: 夢の屋",
        "name": "夢の屋",
        "operator": "事業者不明",
        "ref": "",
        "url": "",
        "url2": ""
      }
    },
    {
      "type": "Feature",
      "geometry": {
        "type": "Point",
        "coordinates": [
          136.5185729,
          35.3720137
        ]
      },
      "properties": {
        "内容": "バス停: 保健センター",
        "name": "保健センター",
        "operator": "事業者不明",
        "ref": "",
        "url": "",
        "url2": ""
      }
    },
    {
      "type": "Feature",
      "geometry": {
        "type": "Point",
        "coordinates": [
          136.5816019,
          35.3905611
        ]
      },
      "properties": {
        "内容": "バス停: 赤坂丸本前",
        "name": "赤坂丸本前",
        "operator": "事業者不明",
        "ref": "",
        "url": "",
        "url2": ""
      }
    },
    {
      "type": "Feature",
      "geometry": {
        "type": "Point",
        "coordinates": [
          136.5796319,
          35.390109
        ]
      },
      "properties": {
        "内容": "バス停: 虚空蔵口",
        "name": "虚空蔵口",
        "operator": "事業者不明",
        "ref": "",
        "url": "",
        "url2": ""
      }
    },
    {
      "type": "Feature",
      "geometry": {
        "type": "Point",
        "coordinates": [
          136.5772387,
          35.3893775
        ]
      },
      "properties": {
        "内容": "バス停: 赤坂西町",
        "name": "赤坂西町",
        "operator": "事業者不明",
        "ref": "",
        "url": "",
        "url2": ""
      }
    },
    {
      "type": "Feature",
      "geometry": {
        "type": "Point",
        "coordinates": [
          136.5751793,
          35.3888067
        ]
      },
      "properties": {
        "内容": "バス停: 昼飯",
        "name": "昼飯",
        "operator": "事業者不明",
        "ref": "",
        "url": "",
        "url2": ""
      }
    },
    {
      "type": "Feature",
      "geometry": {
        "type": "Point",
        "coordinates": [
          136.5751499,
          35.3857295
        ]
      },
      "properties": {
        "内容": "バス停: 昼飯南",
        "name": "昼飯南",
        "operator": "事業者不明",
        "ref": "",
        "url": "",
        "url2": ""
      }
    },
    {
      "type": "Feature",
      "geometry": {
        "type": "Point",
        "coordinates": [
          136.573676,
          35.3860689
        ]
      },
      "properties": {
        "内容": "バス停: 消防赤坂分署",
        "name": "消防赤坂分署",
        "operator": "事業者不明",
        "ref": "",
        "url": "",
        "url2": ""
      }
    },
    {
      "type": "Feature",
      "geometry": {
        "type": "Point",
        "coordinates": [
          136.5851572,
          35.3905277
        ]
      },
      "properties": {
        "内容": "バス停: 赤坂港跡",
        "name": "赤坂港跡",
        "operator": "事業者不明",
        "ref": "",
        "url": "",
        "url2": ""
      }
    },
    {
      "type": "Feature",
      "geometry": {
        "type": "Point",
        "coordinates": [
          136.4700007,
          35.3635346
        ]
      },
      "properties": {
        "内容": "バス停: JR関ケ原駅 (関ヶ原町ふれあいバス)",
        "name": "JR関ケ原駅",
        "operator": "関ヶ原町ふれあいバス",
        "ref": "",
        "url": "",
        "url2": ""
      }
    },
    {
      "type": "Feature",
      "geometry": {
        "type": "Point",
        "coordinates": [
          136.4705742,
          35.3636134
        ]
      },
      "properties": {
        "内容": "バス停: 関ケ原駅",
        "name": "関ケ原駅",
        "operator": "事業者不明",
        "ref": "",
        "url": "",
        "url2": ""
      }
    },
    {
      "type": "Feature",
      "geometry": {
        "type": "Point",
        "coordinates": [
          136.4692041,
          35.3621672
        ]
      },
      "properties": {
        "内容": "バス停: 中町",
        "name": "中町",
        "operator": "事業者不明",
        "ref": "",
        "url": "",
        "url2": ""
      }
    },
    {
      "type": "Feature",
      "geometry": {
        "type": "Point",
        "coordinates": [
          136.5311026,
          35.3713705
        ]
      },
      "properties": {
        "内容": "バス停: トミダヤ (垂井町タウンバス)",
        "name": "トミダヤ",
        "operator": "垂井町タウンバス",
        "ref": "",
        "url": "",
        "url2": ""
      }
    },
    {
      "type": "Feature",
      "geometry": {
        "type": "Point",
        "coordinates": [
          136.5311876,
          35.3700155
        ]
      },
      "properties": {
        "内容": "バス停: 垂井駅北口 (垂井町タウンバス)",
        "name": "垂井駅北口",
        "operator": "垂井町タウンバス",
        "ref": "",
        "url": "",
        "url2": ""
      }
    },
    {
      "type": "Feature",
      "geometry": {
        "type": "Point",
        "coordinates": [
          136.5307062,
          35.3698885
        ]
      },
      "properties": {
        "内容": "バス停: 垂井駅西広場 (垂井町タウンバス)",
        "name": "垂井駅西広場",
        "operator": "垂井町タウンバス",
        "ref": "",
        "url": "",
        "url2": ""
      }
    },
    {
      "type": "Feature",
      "geometry": {
        "type": "Point",
        "coordinates": [
          136.603634,
          35.381615
        ]
      },
      "properties": {
        "内容": "バス停: 河間",
        "name": "河間",
        "operator": "事業者不明",
        "ref": "",
        "url": "",
        "url2": ""
      }
    },
    {
      "type": "Feature",
      "geometry": {
        "type": "Point",
        "coordinates": [
          136.5708211,
          35.4425544
        ]
      },
      "properties": {
        "内容": "バス停: 商工会西",
        "name": "商工会西",
        "operator": "事業者不明",
        "ref": "池田町コミュニティ",
        "url": "",
        "url2": ""
      }
    },
    {
      "type": "Feature",
      "geometry": {
        "type": "Point",
        "coordinates": [
          136.5713006,
          35.4427137
        ]
      },
      "properties": {
        "内容": "バス停: 中公民館 (池田温泉福祉バス)",
        "name": "中公民館",
        "operator": "池田温泉福祉バス",
        "ref": "",
        "url": "",
        "url2": ""
      }
    },
    {
      "type": "Feature",
      "geometry": {
        "type": "Point",
        "coordinates": [
          136.5731869,
          35.4419566
        ]
      },
      "properties": {
        "内容": "バス停: 池田町役場 (池田町コミュニティ)",
        "name": "池田町役場",
        "operator": "池田町コミュニティ",
        "ref": "",
        "url": "",
        "url2": ""
      }
    },
    {
      "type": "Feature",
      "geometry": {
        "type": "Point",
        "coordinates": [
          136.5738655,
          35.4427876
        ]
      },
      "properties": {
        "内容": "バス停: 北池野駅 (池田町コミュニティ,池田温泉福祉)",
        "name": "北池野駅",
        "operator": "池田町コミュニティ,池田温泉福祉",
        "ref": "",
        "url": "",
        "url2": ""
      }
    },
    {
      "type": "Feature",
      "geometry": {
        "type": "Point",
        "coordinates": [
          136.572115,
          35.4702785
        ]
      },
      "properties": {
        "内容": "バス停: 揖斐駅",
        "name": "揖斐駅",
        "operator": "事業者不明",
        "ref": "",
        "url": "",
        "url2": ""
      }
    },
    {
      "type": "Feature",
      "geometry": {
        "type": "Point",
        "coordinates": [
          136.5832666,
          35.3754255
        ]
      },
      "properties": {
        "内容": "バス停: 御首神社前",
        "name": "御首神社前",
        "operator": "事業者不明",
        "ref": "",
        "url": "",
        "url2": ""
      }
    },
    {
      "type": "Feature",
      "geometry": {
        "type": "Point",
        "coordinates": [
          136.5867011,
          35.3754915
        ]
      },
      "properties": {
        "内容": "バス停: 熊野町",
        "name": "熊野町",
        "operator": "事業者不明",
        "ref": "",
        "url": "",
        "url2": ""
      }
    },
    {
      "type": "Feature",
      "geometry": {
        "type": "Point",
        "coordinates": [
          136.5922935,
          35.3756914
        ]
      },
      "properties": {
        "内容": "バス停: 福田町",
        "name": "福田町",
        "operator": "事業者不明",
        "ref": "",
        "url": "",
        "url2": ""
      }
    },
    {
      "type": "Feature",
      "geometry": {
        "type": "Point",
        "coordinates": [
          136.5805156,
          35.3778822
        ]
      },
      "properties": {
        "内容": "バス停: 荒尾ひだまりの街",
        "name": "荒尾ひだまりの街",
        "operator": "事業者不明",
        "ref": "",
        "url": "",
        "url2": ""
      }
    },
    {
      "type": "Feature",
      "geometry": {
        "type": "Point",
        "coordinates": [
          136.579989,
          35.3800116
        ]
      },
      "properties": {
        "内容": "バス停: 東牧野",
        "name": "東牧野",
        "operator": "事業者不明",
        "ref": "",
        "url": "",
        "url2": ""
      }
    },
    {
      "type": "Feature",
      "geometry": {
        "type": "Point",
        "coordinates": [
          136.5767829,
          35.3808917
        ]
      },
      "properties": {
        "内容": "バス停: 荒尾",
        "name": "荒尾",
        "operator": "事業者不明",
        "ref": "",
        "url": "",
        "url2": ""
      }
    },
    {
      "type": "Feature",
      "geometry": {
        "type": "Point",
        "coordinates": [
          136.5737876,
          35.3803755
        ]
      },
      "properties": {
        "内容": "バス停: 荒尾五丁目",
        "name": "荒尾五丁目",
        "operator": "事業者不明",
        "ref": "",
        "url": "",
        "url2": ""
      }
    },
    {
      "type": "Feature",
      "geometry": {
        "type": "Point",
        "coordinates": [
          136.572395,
          35.378337
        ]
      },
      "properties": {
        "内容": "バス停: 荒尾六丁目",
        "name": "荒尾六丁目",
        "operator": "事業者不明",
        "ref": "",
        "url": "",
        "url2": ""
      }
    },
    {
      "type": "Feature",
      "geometry": {
        "type": "Point",
        "coordinates": [
          136.5730741,
          35.4871372
        ]
      },
      "properties": {
        "内容": "バス停: 揖斐川町",
        "name": "揖斐川町",
        "operator": "事業者不明",
        "ref": "",
        "url": "",
        "url2": ""
      }
    },
    {
      "type": "Feature",
      "geometry": {
        "type": "Point",
        "coordinates": [
          136.5757574,
          35.4857949
        ]
      },
      "properties": {
        "内容": "バス停: 上新町",
        "name": "上新町",
        "operator": "事業者不明",
        "ref": "",
        "url": "",
        "url2": ""
      }
    },
    {
      "type": "Feature",
      "geometry": {
        "type": "Point",
        "coordinates": [
          136.5785862,
          35.4848825
        ]
      },
      "properties": {
        "内容": "バス停: 下新町",
        "name": "下新町",
        "operator": "事業者不明",
        "ref": "",
        "url": "",
        "url2": ""
      }
    },
    {
      "type": "Feature",
      "geometry": {
        "type": "Point",
        "coordinates": [
          136.5781345,
          35.4859592
        ]
      },
      "properties": {
        "内容": "バス停: 下町",
        "name": "下町",
        "operator": "事業者不明",
        "ref": "",
        "url": "",
        "url2": ""
      }
    },
    {
      "type": "Feature",
      "geometry": {
        "type": "Point",
        "coordinates": [
          136.5812149,
          35.4831848
        ]
      },
      "properties": {
        "内容": "バス停: 本揖斐",
        "name": "本揖斐",
        "operator": "事業者不明",
        "ref": "",
        "url": "",
        "url2": "Q11520373"
      }
    },
    {
      "type": "Feature",
      "geometry": {
        "type": "Point",
        "coordinates": [
          136.6070415,
          35.4231425
        ]
      },
      "properties": {
        "内容": "バス停: 神戸小前",
        "name": "神戸小前",
        "operator": "事業者不明",
        "ref": "",
        "url": "",
        "url2": ""
      }
    },
    {
      "type": "Feature",
      "geometry": {
        "type": "Point",
        "coordinates": [
          136.6070274,
          35.4239529
        ]
      },
      "properties": {
        "内容": "バス停: 神戸小前",
        "name": "神戸小前",
        "operator": "事業者不明",
        "ref": "",
        "url": "",
        "url2": ""
      }
    },
    {
      "type": "Feature",
      "geometry": {
        "type": "Point",
        "coordinates": [
          136.6076219,
          35.4169444
        ]
      },
      "properties": {
        "内容": "バス停: 神戸町役場前",
        "name": "神戸町役場前",
        "operator": "事業者不明",
        "ref": "",
        "url": "",
        "url2": ""
      }
    },
    {
      "type": "Feature",
      "geometry": {
        "type": "Point",
        "coordinates": [
          136.6079157,
          35.4133534
        ]
      },
      "properties": {
        "内容": "バス停: 下宮",
        "name": "下宮",
        "operator": "事業者不明",
        "ref": "",
        "url": "",
        "url2": ""
      }
    },
    {
      "type": "Feature",
      "geometry": {
        "type": "Point",
        "coordinates": [
          136.6066667,
          35.426397
        ]
      },
      "properties": {
        "内容": "バス停: 井田",
        "name": "井田",
        "operator": "事業者不明",
        "ref": "",
        "url": "",
        "url2": ""
      }
    },
    {
      "type": "Feature",
      "geometry": {
        "type": "Point",
        "coordinates": [
          136.6022922,
          35.4196647
        ]
      },
      "properties": {
        "内容": "バス停: 広神戸駅",
        "name": "広神戸駅",
        "operator": "事業者不明",
        "ref": "",
        "url": "",
        "url2": ""
      }
    },
    {
      "type": "Feature",
      "geometry": {
        "type": "Point",
        "coordinates": [
          136.6075425,
          35.3856767
        ]
      },
      "properties": {
        "内容": "バス停: 大垣女子短大前",
        "name": "大垣女子短大前",
        "operator": "事業者不明",
        "ref": "",
        "url": "",
        "url2": ""
      }
    },
    {
      "type": "Feature",
      "geometry": {
        "type": "Point",
        "coordinates": [
          136.6069212,
          35.3873842
        ]
      },
      "properties": {
        "内容": "バス停: 大垣女子短大",
        "name": "大垣女子短大",
        "operator": "事業者不明",
        "ref": "",
        "url": "",
        "url2": ""
      }
    },
    {
      "type": "Feature",
      "geometry": {
        "type": "Point",
        "coordinates": [
          136.619412,
          35.3934218
        ]
      },
      "properties": {
        "内容": "バス停: 岐阜協立大学",
        "name": "岐阜協立大学",
        "operator": "事業者不明",
        "ref": "",
        "url": "",
        "url2": ""
      }
    },
    {
      "type": "Feature",
      "geometry": {
        "type": "Point",
        "coordinates": [
          136.6173314,
          35.3723853
        ]
      },
      "properties": {
        "内容": "バス停: 徳洲会病院",
        "name": "徳洲会病院",
        "operator": "事業者不明",
        "ref": "赤坂・荒尾方面",
        "url": "",
        "url2": ""
      }
    },
    {
      "type": "Feature",
      "geometry": {
        "type": "Point",
        "coordinates": [
          136.6207279,
          35.3684608
        ]
      },
      "properties": {
        "内容": "バス停: 林町",
        "name": "林町",
        "operator": "事業者不明",
        "ref": "",
        "url": "",
        "url2": ""
      }
    },
    {
      "type": "Feature",
      "geometry": {
        "type": "Point",
        "coordinates": [
          136.6202838,
          35.3685301
        ]
      },
      "properties": {
        "内容": "バス停: 林町",
        "name": "林町",
        "operator": "事業者不明",
        "ref": "",
        "url": "",
        "url2": ""
      }
    },
    {
      "type": "Feature",
      "geometry": {
        "type": "Point",
        "coordinates": [
          136.618208,
          35.3680611
        ]
      },
      "properties": {
        "内容": "バス停: 大垣駅北口",
        "name": "大垣駅北口",
        "operator": "事業者不明",
        "ref": "B",
        "url": "",
        "url2": ""
      }
    },
    {
      "type": "Feature",
      "geometry": {
        "type": "Point",
        "coordinates": [
          136.6184193,
          35.3700842
        ]
      },
      "properties": {
        "内容": "バス停: 林町五丁目",
        "name": "林町五丁目",
        "operator": "事業者不明",
        "ref": "",
        "url": "",
        "url2": ""
      }
    },
    {
      "type": "Feature",
      "geometry": {
        "type": "Point",
        "coordinates": [
          136.6185826,
          35.3710163
        ]
      },
      "properties": {
        "内容": "バス停: 林町五丁目",
        "name": "林町五丁目",
        "operator": "事業者不明",
        "ref": "",
        "url": "",
        "url2": ""
      }
    },
    {
      "type": "Feature",
      "geometry": {
        "type": "Point",
        "coordinates": [
          136.6173243,
          35.3724775
        ]
      },
      "properties": {
        "内容": "バス停: 徳洲会病院",
        "name": "徳洲会病院",
        "operator": "事業者不明",
        "ref": "大垣駅前・総合庁舎・市民会館方面",
        "url": "",
        "url2": ""
      }
    },
    {
      "type": "Feature",
      "geometry": {
        "type": "Point",
        "coordinates": [
          136.6210129,
          35.3656993
        ]
      },
      "properties": {
        "内容": "バス停: 歩行町",
        "name": "歩行町",
        "operator": "事業者不明",
        "ref": "",
        "url": "",
        "url2": ""
      }
    },
    {
      "type": "Feature",
      "geometry": {
        "type": "Point",
        "coordinates": [
          136.6207511,
          35.3651139
        ]
      },
      "properties": {
        "内容": "バス停: 歩行町",
        "name": "歩行町",
        "operator": "事業者不明",
        "ref": "",
        "url": "",
        "url2": ""
      }
    },
    {
      "type": "Feature",
      "geometry": {
        "type": "Point",
        "coordinates": [
          136.6180151,
          35.3654669
        ]
      },
      "properties": {
        "内容": "バス停: 高屋町",
        "name": "高屋町",
        "operator": "事業者不明",
        "ref": "",
        "url": "",
        "url2": ""
      }
    },
    {
      "type": "Feature",
      "geometry": {
        "type": "Point",
        "coordinates": [
          136.6175595,
          35.3664356
        ]
      },
      "properties": {
        "内容": "バス停: 大垣駅前",
        "name": "大垣駅前",
        "operator": "事業者不明",
        "ref": "1",
        "url": "",
        "url2": ""
      }
    },
    {
      "type": "Feature",
      "geometry": {
        "type": "Point",
        "coordinates": [
          136.6176669,
          35.3663623
        ]
      },
      "properties": {
        "内容": "バス停: 大垣駅前",
        "name": "大垣駅前",
        "operator": "事業者不明",
        "ref": "2",
        "url": "",
        "url2": ""
      }
    },
    {
      "type": "Feature",
      "geometry": {
        "type": "Point",
        "coordinates": [
          136.6177358,
          35.366231
        ]
      },
      "properties": {
        "内容": "バス停: 大垣駅前",
        "name": "大垣駅前",
        "operator": "事業者不明",
        "ref": "3",
        "url": "",
        "url2": ""
      }
    },
    {
      "type": "Feature",
      "geometry": {
        "type": "Point",
        "coordinates": [
          136.6177334,
          35.3660662
        ]
      },
      "properties": {
        "内容": "バス停: 大垣駅前",
        "name": "大垣駅前",
        "operator": "事業者不明",
        "ref": "4",
        "url": "",
        "url2": ""
      }
    },
    {
      "type": "Feature",
      "geometry": {
        "type": "Point",
        "coordinates": [
          136.6169641,
          35.3664909
        ]
      },
      "properties": {
        "内容": "バス停: 大垣駅前",
        "name": "大垣駅前",
        "operator": "事業者不明",
        "ref": "降車専用",
        "url": "",
        "url2": ""
      }
    },
    {
      "type": "Feature",
      "geometry": {
        "type": "Point",
        "coordinates": [
          136.6168251,
          35.3663385
        ]
      },
      "properties": {
        "内容": "バス停: 大垣駅前",
        "name": "大垣駅前",
        "operator": "事業者不明",
        "ref": "降車専用",
        "url": "",
        "url2": ""
      }
    },
    {
      "type": "Feature",
      "geometry": {
        "type": "Point",
        "coordinates": [
          136.6168812,
          35.3660424
        ]
      },
      "properties": {
        "内容": "バス停: 大垣駅前",
        "name": "大垣駅前",
        "operator": "事業者不明",
        "ref": "降車専用",
        "url": "",
        "url2": ""
      }
    },
    {
      "type": "Feature",
      "geometry": {
        "type": "Point",
        "coordinates": [
          136.6136036,
          35.3653197
        ]
      },
      "properties": {
        "内容": "バス停: 宮町",
        "name": "宮町",
        "operator": "事業者不明",
        "ref": "",
        "url": "",
        "url2": ""
      }
    },
    {
      "type": "Feature",
      "geometry": {
        "type": "Point",
        "coordinates": [
          136.6145061,
          35.3654958
        ]
      },
      "properties": {
        "内容": "バス停: 宮町",
        "name": "宮町",
        "operator": "事業者不明",
        "ref": "",
        "url": "",
        "url2": ""
      }
    },
    {
      "type": "Feature",
      "geometry": {
        "type": "Point",
        "coordinates": [
          136.6115283,
          35.3656063
        ]
      },
      "properties": {
        "内容": "バス停: 室本町",
        "name": "室本町",
        "operator": "事業者不明",
        "ref": "",
        "url": "",
        "url2": ""
      }
    },
    {
      "type": "Feature",
      "geometry": {
        "type": "Point",
        "coordinates": [
          136.6116024,
          35.3689639
        ]
      },
      "properties": {
        "内容": "バス停: 室村町",
        "name": "室村町",
        "operator": "事業者不明",
        "ref": "",
        "url": "",
        "url2": ""
      }
    },
    {
      "type": "Feature",
      "geometry": {
        "type": "Point",
        "coordinates": [
          136.6119607,
          35.3709458
        ]
      },
      "properties": {
        "内容": "バス停: 室村町北",
        "name": "室村町北",
        "operator": "事業者不明",
        "ref": "",
        "url": "",
        "url2": ""
      }
    },
    {
      "type": "Feature",
      "geometry": {
        "type": "Point",
        "coordinates": [
          136.6120408,
          35.3710237
        ]
      },
      "properties": {
        "内容": "バス停: 室村町北",
        "name": "室村町北",
        "operator": "事業者不明",
        "ref": "",
        "url": "",
        "url2": ""
      }
    },
    {
      "type": "Feature",
      "geometry": {
        "type": "Point",
        "coordinates": [
          136.6135797,
          35.3592585
        ]
      },
      "properties": {
        "内容": "バス停: 大垣市役所",
        "name": "大垣市役所",
        "operator": "事業者不明",
        "ref": "",
        "url": "",
        "url2": ""
      }
    },
    {
      "type": "Feature",
      "geometry": {
        "type": "Point",
        "coordinates": [
          136.6158943,
          35.3602572
        ]
      },
      "properties": {
        "内容": "バス停: 大垣城ホール",
        "name": "大垣城ホール",
        "operator": "事業者不明",
        "ref": "",
        "url": "",
        "url2": ""
      }
    },
    {
      "type": "Feature",
      "geometry": {
        "type": "Point",
        "coordinates": [
          136.6160607,
          35.3579452
        ]
      },
      "properties": {
        "内容": "バス停: 俵町",
        "name": "俵町",
        "operator": "事業者不明",
        "ref": "",
        "url": "",
        "url2": ""
      }
    },
    {
      "type": "Feature",
      "geometry": {
        "type": "Point",
        "coordinates": [
          136.6167898,
          35.3597434
        ]
      },
      "properties": {
        "内容": "バス停: OKB大垣共立銀行前",
        "name": "OKB大垣共立銀行前",
        "operator": "事業者不明",
        "ref": "",
        "url": "",
        "url2": ""
      }
    },
    {
      "type": "Feature",
      "geometry": {
        "type": "Point",
        "coordinates": [
          136.6173666,
          35.3614665
        ]
      },
      "properties": {
        "内容": "バス停: OKBストリート郭町",
        "name": "OKBストリート郭町",
        "operator": "事業者不明",
        "ref": "",
        "url": "",
        "url2": ""
      }
    },
    {
      "type": "Feature",
      "geometry": {
        "type": "Point",
        "coordinates": [
          136.6169242,
          35.3604102
        ]
      },
      "properties": {
        "内容": "バス停: OKBストリート郭町",
        "name": "OKBストリート郭町",
        "operator": "事業者不明",
        "ref": "",
        "url": "",
        "url2": ""
      }
    },
    {
      "type": "Feature",
      "geometry": {
        "type": "Point",
        "coordinates": [
          136.6173879,
          35.3632127
        ]
      },
      "properties": {
        "内容": "バス停: OKBストリート新大橋",
        "name": "OKBストリート新大橋",
        "operator": "事業者不明",
        "ref": "",
        "url": "",
        "url2": ""
      }
    },
    {
      "type": "Feature",
      "geometry": {
        "type": "Point",
        "coordinates": [
          136.617034,
          35.3628779
        ]
      },
      "properties": {
        "内容": "バス停: OKBストリート新大橋",
        "name": "OKBストリート新大橋",
        "operator": "事業者不明",
        "ref": "",
        "url": "",
        "url2": ""
      }
    },
    {
      "type": "Feature",
      "geometry": {
        "type": "Point",
        "coordinates": [
          136.6238082,
          35.3593802
        ]
      },
      "properties": {
        "内容": "バス停: 旭町",
        "name": "旭町",
        "operator": "事業者不明",
        "ref": "",
        "url": "",
        "url2": ""
      }
    },
    {
      "type": "Feature",
      "geometry": {
        "type": "Point",
        "coordinates": [
          136.6240141,
          35.3586291
        ]
      },
      "properties": {
        "内容": "バス停: 旭町",
        "name": "旭町",
        "operator": "事業者不明",
        "ref": "",
        "url": "",
        "url2": ""
      }
    },
    {
      "type": "Feature",
      "geometry": {
        "type": "Point",
        "coordinates": [
          136.6241496,
          35.3583954
        ]
      },
      "properties": {
        "内容": "バス停: 旭町",
        "name": "旭町",
        "operator": "事業者不明",
        "ref": "",
        "url": "",
        "url2": ""
      }
    },
    {
      "type": "Feature",
      "geometry": {
        "type": "Point",
        "coordinates": [
          136.625184,
          35.3595068
        ]
      },
      "properties": {
        "内容": "バス停: 旭町",
        "name": "旭町",
        "operator": "事業者不明",
        "ref": "",
        "url": "",
        "url2": ""
      }
    },
    {
      "type": "Feature",
      "geometry": {
        "type": "Point",
        "coordinates": [
          136.624154,
          35.3604233
        ]
      },
      "properties": {
        "内容": "バス停: 藤江町",
        "name": "藤江町",
        "operator": "事業者不明",
        "ref": "",
        "url": "",
        "url2": ""
      }
    },
    {
      "type": "Feature",
      "geometry": {
        "type": "Point",
        "coordinates": [
          136.6244786,
          35.3613989
        ]
      },
      "properties": {
        "内容": "バス停: 藤江町",
        "name": "藤江町",
        "operator": "事業者不明",
        "ref": "",
        "url": "",
        "url2": ""
      }
    },
    {
      "type": "Feature",
      "geometry": {
        "type": "Point",
        "coordinates": [
          136.6234352,
          35.3637722
        ]
      },
      "properties": {
        "内容": "バス停: 伝馬町",
        "name": "伝馬町",
        "operator": "事業者不明",
        "ref": "",
        "url": "",
        "url2": ""
      }
    },
    {
      "type": "Feature",
      "geometry": {
        "type": "Point",
        "coordinates": [
          136.6233815,
          35.3636737
        ]
      },
      "properties": {
        "内容": "バス停: 伝馬町",
        "name": "伝馬町",
        "operator": "事業者不明",
        "ref": "",
        "url": "",
        "url2": ""
      }
    },
    {
      "type": "Feature",
      "geometry": {
        "type": "Point",
        "coordinates": [
          136.6210346,
          35.3642031
        ]
      },
      "properties": {
        "内容": "バス停: 別院前",
        "name": "別院前",
        "operator": "事業者不明",
        "ref": "",
        "url": "",
        "url2": ""
      }
    },
    {
      "type": "Feature",
      "geometry": {
        "type": "Point",
        "coordinates": [
          136.6254334,
          35.3640434
        ]
      },
      "properties": {
        "内容": "バス停: 藤江町三丁目",
        "name": "藤江町三丁目",
        "operator": "事業者不明",
        "ref": "",
        "url": "",
        "url2": ""
      }
    },
    {
      "type": "Feature",
      "geometry": {
        "type": "Point",
        "coordinates": [
          136.6256373,
          35.3641156
        ]
      },
      "properties": {
        "内容": "バス停: 藤江町三丁目",
        "name": "藤江町三丁目",
        "operator": "事業者不明",
        "ref": "",
        "url": "",
        "url2": ""
      }
    },
    {
      "type": "Feature",
      "geometry": {
        "type": "Point",
        "coordinates": [
          136.6294085,
          35.3640259
        ]
      },
      "properties": {
        "内容": "バス停: 東小前",
        "name": "東小前",
        "operator": "事業者不明",
        "ref": "",
        "url": "",
        "url2": ""
      }
    },
    {
      "type": "Feature",
      "geometry": {
        "type": "Point",
        "coordinates": [
          136.6293226,
          35.3639581
        ]
      },
      "properties": {
        "内容": "バス停: 東小前",
        "name": "東小前",
        "operator": "事業者不明",
        "ref": "",
        "url": "",
        "url2": ""
      }
    },
    {
      "type": "Feature",
      "geometry": {
        "type": "Point",
        "coordinates": [
          136.6301468,
          35.3622764
        ]
      },
      "properties": {
        "内容": "バス停: 競輪場",
        "name": "競輪場",
        "operator": "事業者不明",
        "ref": "",
        "url": "",
        "url2": ""
      }
    },
    {
      "type": "Feature",
      "geometry": {
        "type": "Point",
        "coordinates": [
          136.6301351,
          35.3654583
        ]
      },
      "properties": {
        "内容": "バス停: イオンタウン大垣",
        "name": "イオンタウン大垣",
        "operator": "事業者不明",
        "ref": "",
        "url": "",
        "url2": ""
      }
    },
    {
      "type": "Feature",
      "geometry": {
        "type": "Point",
        "coordinates": [
          136.6322366,
          35.3642101
        ]
      },
      "properties": {
        "内容": "バス停: 三塚町",
        "name": "三塚町",
        "operator": "事業者不明",
        "ref": "",
        "url": "",
        "url2": ""
      }
    },
    {
      "type": "Feature",
      "geometry": {
        "type": "Point",
        "coordinates": [
          136.6323244,
          35.3643028
        ]
      },
      "properties": {
        "内容": "バス停: 三塚町",
        "name": "三塚町",
        "operator": "事業者不明",
        "ref": "",
        "url": "",
        "url2": ""
      }
    },
    {
      "type": "Feature",
      "geometry": {
        "type": "Point",
        "coordinates": [
          136.6294356,
          35.3594684
        ]
      },
      "properties": {
        "内容": "バス停: 旭町六丁目",
        "name": "旭町六丁目",
        "operator": "事業者不明",
        "ref": "",
        "url": "",
        "url2": ""
      }
    },
    {
      "type": "Feature",
      "geometry": {
        "type": "Point",
        "coordinates": [
          136.6308491,
          35.3596369
        ]
      },
      "properties": {
        "内容": "バス停: 旭町六丁目",
        "name": "旭町六丁目",
        "operator": "事業者不明",
        "ref": "",
        "url": "",
        "url2": ""
      }
    },
    {
      "type": "Feature",
      "geometry": {
        "type": "Point",
        "coordinates": [
          136.632441,
          35.3545502
        ]
      },
      "properties": {
        "内容": "バス停: 総合庁舎口",
        "name": "総合庁舎口",
        "operator": "事業者不明",
        "ref": "",
        "url": "",
        "url2": ""
      }
    },
    {
      "type": "Feature",
      "geometry": {
        "type": "Point",
        "coordinates": [
          136.6336037,
          35.3546861
        ]
      },
      "properties": {
        "内容": "バス停: 総合庁舎口",
        "name": "総合庁舎口",
        "operator": "事業者不明",
        "ref": "",
        "url": "",
        "url2": ""
      }
    },
    {
      "type": "Feature",
      "geometry": {
        "type": "Point",
        "coordinates": [
          136.6331484,
          35.3556841
        ]
      },
      "properties": {
        "内容": "バス停: 総合庁舎前",
        "name": "総合庁舎前",
        "operator": "事業者不明",
        "ref": "",
        "url": "",
        "url2": ""
      }
    },
    {
      "type": "Feature",
      "geometry": {
        "type": "Point",
        "coordinates": [
          136.6251963,
          35.3544639
        ]
      },
      "properties": {
        "内容": "バス停: 禾ノ森",
        "name": "禾ノ森",
        "operator": "事業者不明",
        "ref": "",
        "url": "",
        "url2": ""
      }
    },
    {
      "type": "Feature",
      "geometry": {
        "type": "Point",
        "coordinates": [
          136.6248182,
          35.3543645
        ]
      },
      "properties": {
        "内容": "バス停: 禾ノ森",
        "name": "禾ノ森",
        "operator": "事業者不明",
        "ref": "",
        "url": "",
        "url2": ""
      }
    },
    {
      "type": "Feature",
      "geometry": {
        "type": "Point",
        "coordinates": [
          136.6233384,
          35.3530514
        ]
      },
      "properties": {
        "内容": "バス停: 禾ノ森",
        "name": "禾ノ森",
        "operator": "事業者不明",
        "ref": "",
        "url": "",
        "url2": ""
      }
    },
    {
      "type": "Feature",
      "geometry": {
        "type": "Point",
        "coordinates": [
          136.6235986,
          35.3553227
        ]
      },
      "properties": {
        "内容": "バス停: 南頬町",
        "name": "南頬町",
        "operator": "事業者不明",
        "ref": "",
        "url": "",
        "url2": ""
      }
    },
    {
      "type": "Feature",
      "geometry": {
        "type": "Point",
        "coordinates": [
          136.6239161,
          35.3555581
        ]
      },
      "properties": {
        "内容": "バス停: 南頬町",
        "name": "南頬町",
        "operator": "事業者不明",
        "ref": "",
        "url": "",
        "url2": ""
      }
    },
    {
      "type": "Feature",
      "geometry": {
        "type": "Point",
        "coordinates": [
          136.624141,
          35.3574277
        ]
      },
      "properties": {
        "内容": "バス停: 南高橋町",
        "name": "南高橋町",
        "operator": "事業者不明",
        "ref": "",
        "url": "",
        "url2": ""
      }
    },
    {
      "type": "Feature",
      "geometry": {
        "type": "Point",
        "coordinates": [
          136.6238791,
          35.3573498
        ]
      },
      "properties": {
        "内容": "バス停: 南高橋町",
        "name": "南高橋町",
        "operator": "事業者不明",
        "ref": "",
        "url": "",
        "url2": ""
      }
    },
    {
      "type": "Feature",
      "geometry": {
        "type": "Point",
        "coordinates": [
          136.6215529,
          35.3546259
        ]
      },
      "properties": {
        "内容": "バス停: 市民病院前",
        "name": "市民病院前",
        "operator": "事業者不明",
        "ref": "",
        "url": "",
        "url2": ""
      }
    },
    {
      "type": "Feature",
      "geometry": {
        "type": "Point",
        "coordinates": [
          136.6220243,
          35.3544776
        ]
      },
      "properties": {
        "内容": "バス停: 市民病院前",
        "name": "市民病院前",
        "operator": "事業者不明",
        "ref": "",
        "url": "",
        "url2": ""
      }
    },
    {
      "type": "Feature",
      "geometry": {
        "type": "Point",
        "coordinates": [
          136.6185089,
          35.3548746
        ]
      },
      "properties": {
        "内容": "バス停: 東高口",
        "name": "東高口",
        "operator": "事業者不明",
        "ref": "",
        "url": "",
        "url2": ""
      }
    },
    {
      "type": "Feature",
      "geometry": {
        "type": "Point",
        "coordinates": [
          136.6173442,
          35.3549048
        ]
      },
      "properties": {
        "内容": "バス停: 東高口",
        "name": "東高口",
        "operator": "事業者不明",
        "ref": "",
        "url": "",
        "url2": ""
      }
    },
    {
      "type": "Feature",
      "geometry": {
        "type": "Point",
        "coordinates": [
          136.6159177,
          35.3558722
        ]
      },
      "properties": {
        "内容": "バス停: 寺内町",
        "name": "寺内町",
        "operator": "事業者不明",
        "ref": "",
        "url": "",
        "url2": ""
      }
    },
    {
      "type": "Feature",
      "geometry": {
        "type": "Point",
        "coordinates": [
          136.6157636,
          35.355724
        ]
      },
      "properties": {
        "内容": "バス停: 寺内町",
        "name": "寺内町",
        "operator": "事業者不明",
        "ref": "",
        "url": "",
        "url2": ""
      }
    },
    {
      "type": "Feature",
      "geometry": {
        "type": "Point",
        "coordinates": [
          136.6108833,
          35.3555003
        ]
      },
      "properties": {
        "内容": "バス停: 奥の細道むすびの地記念館前",
        "name": "奥の細道むすびの地記念館前",
        "operator": "事業者不明",
        "ref": "",
        "url": "",
        "url2": ""
      }
    },
    {
      "type": "Feature",
      "geometry": {
        "type": "Point",
        "coordinates": [
          136.6116135,
          35.3556612
        ]
      },
      "properties": {
        "内容": "バス停: 奥の細道むすびの地記念館前",
        "name": "奥の細道むすびの地記念館前",
        "operator": "事業者不明",
        "ref": "",
        "url": "",
        "url2": ""
      }
    },
    {
      "type": "Feature",
      "geometry": {
        "type": "Point",
        "coordinates": [
          136.6078515,
          35.3557164
        ]
      },
      "properties": {
        "内容": "バス停: 船町",
        "name": "船町",
        "operator": "事業者不明",
        "ref": "",
        "url": "",
        "url2": ""
      }
    },
    {
      "type": "Feature",
      "geometry": {
        "type": "Point",
        "coordinates": [
          136.6081781,
          35.3555104
        ]
      },
      "properties": {
        "内容": "バス停: 船町",
        "name": "船町",
        "operator": "事業者不明",
        "ref": "",
        "url": "",
        "url2": ""
      }
    },
    {
      "type": "Feature",
      "geometry": {
        "type": "Point",
        "coordinates": [
          136.6053959,
          35.3559954
        ]
      },
      "properties": {
        "内容": "バス停: 工業高口",
        "name": "工業高口",
        "operator": "事業者不明",
        "ref": "",
        "url": "",
        "url2": ""
      }
    },
    {
      "type": "Feature",
      "geometry": {
        "type": "Point",
        "coordinates": [
          136.6049307,
          35.356224
        ]
      },
      "properties": {
        "内容": "バス停: 工業高口",
        "name": "工業高口",
        "operator": "事業者不明",
        "ref": "",
        "url": "",
        "url2": ""
      }
    },
    {
      "type": "Feature",
      "geometry": {
        "type": "Point",
        "coordinates": [
          136.6068471,
          35.3630335
        ]
      },
      "properties": {
        "内容": "バス停: スイトピアセンター",
        "name": "スイトピアセンター",
        "operator": "事業者不明",
        "ref": "",
        "url": "",
        "url2": ""
      }
    },
    {
      "type": "Feature",
      "geometry": {
        "type": "Point",
        "coordinates": [
          136.6080333,
          35.3634129
        ]
      },
      "properties": {
        "内容": "バス停: スイトピアセンター",
        "name": "スイトピアセンター",
        "operator": "事業者不明",
        "ref": "",
        "url": "",
        "url2": ""
      }
    },
    {
      "type": "Feature",
      "geometry": {
        "type": "Point",
        "coordinates": [
          136.6066647,
          35.3534144
        ]
      },
      "properties": {
        "内容": "バス停: 若森車庫前",
        "name": "若森車庫前",
        "operator": "事業者不明",
        "ref": "",
        "url": "",
        "url2": ""
      }
    },
    {
      "type": "Feature",
      "geometry": {
        "type": "Point",
        "coordinates": [
          136.6068229,
          35.3534888
        ]
      },
      "properties": {
        "内容": "バス停: 若森車庫前",
        "name": "若森車庫前",
        "operator": "事業者不明",
        "ref": "",
        "url": "",
        "url2": ""
      }
    },
    {
      "type": "Feature",
      "geometry": {
        "type": "Point",
        "coordinates": [
          136.6036296,
          35.3817188
        ]
      },
      "properties": {
        "内容": "バス停: 河間",
        "name": "河間",
        "operator": "事業者不明",
        "ref": "",
        "url": "",
        "url2": ""
      }
    },
    {
      "type": "Feature",
      "geometry": {
        "type": "Point",
        "coordinates": [
          136.6066223,
          35.3801215
        ]
      },
      "properties": {
        "内容": "バス停: 中野口",
        "name": "中野口",
        "operator": "事業者不明",
        "ref": "",
        "url": "",
        "url2": ""
      }
    },
    {
      "type": "Feature",
      "geometry": {
        "type": "Point",
        "coordinates": [
          136.6067686,
          35.3800197
        ]
      },
      "properties": {
        "内容": "バス停: 中野口",
        "name": "中野口",
        "operator": "事業者不明",
        "ref": "",
        "url": "",
        "url2": ""
      }
    },
    {
      "type": "Feature",
      "geometry": {
        "type": "Point",
        "coordinates": [
          136.6076688,
          35.3766996
        ]
      },
      "properties": {
        "内容": "バス停: 宿地",
        "name": "宿地",
        "operator": "事業者不明",
        "ref": "",
        "url": "",
        "url2": ""
      }
    },
    {
      "type": "Feature",
      "geometry": {
        "type": "Point",
        "coordinates": [
          136.6074994,
          35.3765816
        ]
      },
      "properties": {
        "内容": "バス停: 宿地",
        "name": "宿地",
        "operator": "事業者不明",
        "ref": "",
        "url": "",
        "url2": ""
      }
    },
    {
      "type": "Feature",
      "geometry": {
        "type": "Point",
        "coordinates": [
          136.6095359,
          35.3741447
        ]
      },
      "properties": {
        "内容": "バス停: 市営球場西",
        "name": "市営球場西",
        "operator": "事業者不明",
        "ref": "",
        "url": "",
        "url2": ""
      }
    },
    {
      "type": "Feature",
      "geometry": {
        "type": "Point",
        "coordinates": [
          136.6101213,
          35.3731097
        ]
      },
      "properties": {
        "内容": "バス停: 市営球場西",
        "name": "市営球場西",
        "operator": "事業者不明",
        "ref": "",
        "url": "",
        "url2": ""
      }
    },
    {
      "type": "Feature",
      "geometry": {
        "type": "Point",
        "coordinates": [
          136.5879999,
          35.3913239
        ]
      },
      "properties": {
        "内容": "バス停: 赤坂大橋",
        "name": "赤坂大橋",
        "operator": "事業者不明",
        "ref": "",
        "url": "",
        "url2": ""
      }
    },
    {
      "type": "Feature",
      "geometry": {
        "type": "Point",
        "coordinates": [
          136.7603328,
          35.3657834
        ]
      },
      "properties": {
        "内容": "バス停: 西町 (笠松町)",
        "name": "西町",
        "operator": "笠松町",
        "ref": "21",
        "url": "",
        "url2": ""
      }
    },
    {
      "type": "Feature",
      "geometry": {
        "type": "Point",
        "coordinates": [
          137.2050995,
          35.3231297
        ]
      },
      "properties": {
        "内容": "バス停: 山神温泉口 (東鉄バス)",
        "name": "山神温泉口",
        "operator": "東鉄バス",
        "ref": "",
        "url": "",
        "url2": ""
      }
    },
    {
      "type": "Feature",
      "geometry": {
        "type": "Point",
        "coordinates": [
          136.9526254,
          36.0401627
        ]
      },
      "properties": {
        "内容": "バス停: そばの里荘川前 (濃飛バス)",
        "name": "そばの里荘川前",
        "operator": "濃飛バス",
        "ref": "",
        "url": "",
        "url2": ""
      }
    },
    {
      "type": "Feature",
      "geometry": {
        "type": "Point",
        "coordinates": [
          136.9524913,
          36.0401763
        ]
      },
      "properties": {
        "内容": "バス停: そばの里荘川前 (濃飛バス)",
        "name": "そばの里荘川前",
        "operator": "濃飛バス",
        "ref": "",
        "url": "",
        "url2": ""
      }
    },
    {
      "type": "Feature",
      "geometry": {
        "type": "Point",
        "coordinates": [
          136.9089781,
          36.263415
        ]
      },
      "properties": {
        "内容": "バス停: 展望台観光シャトルバスのりば",
        "name": "展望台観光シャトルバスのりば",
        "operator": "事業者不明",
        "ref": "",
        "url": "",
        "url2": ""
      }
    },
    {
      "type": "Feature",
      "geometry": {
        "type": "Point",
        "coordinates": [
          137.57121,
          35.5186182
        ]
      },
      "properties": {
        "内容": "バス停: 馬篭",
        "name": "馬篭",
        "operator": "事業者不明",
        "ref": "",
        "url": "",
        "url2": ""
      }
    },
    {
      "type": "Feature",
      "geometry": {
        "type": "Point",
        "coordinates": [
          137.5706161,
          35.518002
        ]
      },
      "properties": {
        "内容": "バス停: 馬篭",
        "name": "馬篭",
        "operator": "事業者不明",
        "ref": "",
        "url": "",
        "url2": ""
      }
    },
    {
      "type": "Feature",
      "geometry": {
        "type": "Point",
        "coordinates": [
          136.7605824,
          35.4263808
        ]
      },
      "properties": {
        "内容": "バス停: 岐阜市役所・メディアコスモス",
        "name": "岐阜市役所・メディアコスモス",
        "operator": "事業者不明",
        "ref": "",
        "url": "",
        "url2": ""
      }
    },
    {
      "type": "Feature",
      "geometry": {
        "type": "Point",
        "coordinates": [
          137.5608303,
          35.5201236
        ]
      },
      "properties": {
        "内容": "バス停: 荒町",
        "name": "荒町",
        "operator": "事業者不明",
        "ref": "M32",
        "url": "",
        "url2": ""
      }
    },
    {
      "type": "Feature",
      "geometry": {
        "type": "Point",
        "coordinates": [
          137.5630807,
          35.5225252
        ]
      },
      "properties": {
        "内容": "バス停: 横屋",
        "name": "横屋",
        "operator": "事業者不明",
        "ref": "M33",
        "url": "",
        "url2": ""
      }
    },
    {
      "type": "Feature",
      "geometry": {
        "type": "Point",
        "coordinates": [
          137.553357,
          35.517357
        ]
      },
      "properties": {
        "内容": "バス停: なかのかや",
        "name": "なかのかや",
        "operator": "事業者不明",
        "ref": "M30",
        "url": "",
        "url2": ""
      }
    },
    {
      "type": "Feature",
      "geometry": {
        "type": "Point",
        "coordinates": [
          137.5557858,
          35.5180033
        ]
      },
      "properties": {
        "内容": "バス停: 鍛冶屋前",
        "name": "鍛冶屋前",
        "operator": "事業者不明",
        "ref": "M31",
        "url": "",
        "url2": ""
      }
    },
    {
      "type": "Feature",
      "geometry": {
        "type": "Point",
        "coordinates": [
          137.5334258,
          35.5104666
        ]
      },
      "properties": {
        "内容": "バス停: 名称不明バス停",
        "name": "名称不明バス停",
        "operator": "事業者不明",
        "ref": "",
        "url": "",
        "url2": ""
      }
    },
    {
      "type": "Feature",
      "geometry": {
        "type": "Point",
        "coordinates": [
          137.2656228,
          35.4396951
        ]
      },
      "properties": {
        "内容": "バス停: 名称不明バス停",
        "name": "名称不明バス停",
        "operator": "事業者不明",
        "ref": "",
        "url": "",
        "url2": ""
      }
    },
    {
      "type": "Feature",
      "geometry": {
        "type": "Point",
        "coordinates": [
          137.2334392,
          35.4305231
        ]
      },
      "properties": {
        "内容": "バス停: 名称不明バス停",
        "name": "名称不明バス停",
        "operator": "事業者不明",
        "ref": "",
        "url": "",
        "url2": ""
      }
    },
    {
      "type": "Feature",
      "geometry": {
        "type": "Point",
        "coordinates": [
          137.2362354,
          35.432336
        ]
      },
      "properties": {
        "内容": "バス停: 広見口",
        "name": "広見口",
        "operator": "事業者不明",
        "ref": "",
        "url": "",
        "url2": ""
      }
    },
    {
      "type": "Feature",
      "geometry": {
        "type": "Point",
        "coordinates": [
          137.2373673,
          35.4335675
        ]
      },
      "properties": {
        "内容": "バス停: 細久手",
        "name": "細久手",
        "operator": "事業者不明",
        "ref": "",
        "url": "",
        "url2": ""
      }
    },
    {
      "type": "Feature",
      "geometry": {
        "type": "Point",
        "coordinates": [
          137.2568402,
          35.4338156
        ]
      },
      "properties": {
        "内容": "バス停: 弁天",
        "name": "弁天",
        "operator": "事業者不明",
        "ref": "M31",
        "url": "",
        "url2": ""
      }
    },
    {
      "type": "Feature",
      "geometry": {
        "type": "Point",
        "coordinates": [
          137.1933194,
          35.4272186
        ]
      },
      "properties": {
        "内容": "バス停: 名称不明バス停",
        "name": "名称不明バス停",
        "operator": "事業者不明",
        "ref": "",
        "url": "",
        "url2": ""
      }
    },
    {
      "type": "Feature",
      "geometry": {
        "type": "Point",
        "coordinates": [
          137.1811563,
          35.4292424
        ]
      },
      "properties": {
        "内容": "バス停: ラ・プロヴァンス前",
        "name": "ラ・プロヴァンス前",
        "operator": "事業者不明",
        "ref": "94",
        "url": "",
        "url2": ""
      }
    },
    {
      "type": "Feature",
      "geometry": {
        "type": "Point",
        "coordinates": [
          137.1903536,
          35.4262154
        ]
      },
      "properties": {
        "内容": "バス停: 津橋県道交差点",
        "name": "津橋県道交差点",
        "operator": "事業者不明",
        "ref": "28",
        "url": "",
        "url2": ""
      }
    },
    {
      "type": "Feature",
      "geometry": {
        "type": "Point",
        "coordinates": [
          137.1435338,
          35.4290568
        ]
      },
      "properties": {
        "内容": "バス停: 名称不明バス停",
        "name": "名称不明バス停",
        "operator": "事業者不明",
        "ref": "",
        "url": "",
        "url2": ""
      }
    },
    {
      "type": "Feature",
      "geometry": {
        "type": "Point",
        "coordinates": [
          137.1366459,
          35.4295813
        ]
      },
      "properties": {
        "内容": "バス停: 名称不明バス停",
        "name": "名称不明バス停",
        "operator": "事業者不明",
        "ref": "",
        "url": "",
        "url2": ""
      }
    },
    {
      "type": "Feature",
      "geometry": {
        "type": "Point",
        "coordinates": [
          137.1317339,
          35.4300664
        ]
      },
      "properties": {
        "内容": "バス停: ふらっとハウス",
        "name": "ふらっとハウス",
        "operator": "事業者不明",
        "ref": "",
        "url": "",
        "url2": ""
      }
    },
    {
      "type": "Feature",
      "geometry": {
        "type": "Point",
        "coordinates": [
          137.1388015,
          35.4307952
        ]
      },
      "properties": {
        "内容": "バス停: 名称不明バス停",
        "name": "名称不明バス停",
        "operator": "事業者不明",
        "ref": "",
        "url": "",
        "url2": ""
      }
    },
    {
      "type": "Feature",
      "geometry": {
        "type": "Point",
        "coordinates": [
          137.1210976,
          35.4350142
        ]
      },
      "properties": {
        "内容": "バス停: 仲町バス停",
        "name": "仲町バス停",
        "operator": "事業者不明",
        "ref": "70",
        "url": "",
        "url2": ""
      }
    },
    {
      "type": "Feature",
      "geometry": {
        "type": "Point",
        "coordinates": [
          137.1083336,
          35.4368024
        ]
      },
      "properties": {
        "内容": "バス停: 顔戸",
        "name": "顔戸",
        "operator": "事業者不明",
        "ref": "",
        "url": "",
        "url2": ""
      }
    },
    {
      "type": "Feature",
      "geometry": {
        "type": "Point",
        "coordinates": [
          137.0869081,
          35.4390167
        ]
      },
      "properties": {
        "内容": "バス停: 伏見公民館",
        "name": "伏見公民館",
        "operator": "事業者不明",
        "ref": "58",
        "url": "",
        "url2": ""
      }
    },
    {
      "type": "Feature",
      "geometry": {
        "type": "Point",
        "coordinates": [
          137.0973574,
          35.4387501
        ]
      },
      "properties": {
        "内容": "バス停: 高倉東",
        "name": "高倉東",
        "operator": "事業者不明",
        "ref": "52",
        "url": "",
        "url2": ""
      }
    },
    {
      "type": "Feature",
      "geometry": {
        "type": "Point",
        "coordinates": [
          136.9393538,
          35.4044118
        ]
      },
      "properties": {
        "内容": "バス停: 名称不明バス停",
        "name": "名称不明バス停",
        "operator": "事業者不明",
        "ref": "",
        "url": "",
        "url2": ""
      }
    },
    {
      "type": "Feature",
      "geometry": {
        "type": "Point",
        "coordinates": [
          136.9482889,
          35.4090973
        ]
      },
      "properties": {
        "内容": "バス停: 名称不明バス停",
        "name": "名称不明バス停",
        "operator": "事業者不明",
        "ref": "",
        "url": "",
        "url2": ""
      }
    },
    {
      "type": "Feature",
      "geometry": {
        "type": "Point",
        "coordinates": [
          136.9502234,
          35.4107391
        ]
      },
      "properties": {
        "内容": "バス停: 名称不明バス停",
        "name": "名称不明バス停",
        "operator": "事業者不明",
        "ref": "",
        "url": "",
        "url2": ""
      }
    },
    {
      "type": "Feature",
      "geometry": {
        "type": "Point",
        "coordinates": [
          137.4072785,
          35.4535044
        ]
      },
      "properties": {
        "内容": "バス停: フヂシマヤ",
        "name": "フヂシマヤ",
        "operator": "事業者不明",
        "ref": "31",
        "url": "",
        "url2": ""
      }
    },
    {
      "type": "Feature",
      "geometry": {
        "type": "Point",
        "coordinates": [
          136.9119175,
          35.9882938
        ]
      },
      "properties": {
        "内容": "バス停: 高速ひるがの高原 (岐阜バス・濃飛バス)",
        "name": "高速ひるがの高原",
        "operator": "岐阜バス・濃飛バス",
        "ref": "",
        "url": "",
        "url2": ""
      }
    },
    {
      "type": "Feature",
      "geometry": {
        "type": "Point",
        "coordinates": [
          136.9087581,
          35.9872792
        ]
      },
      "properties": {
        "内容": "バス停: 高速ひるがの高原 (岐阜バス・濃飛バス)",
        "name": "高速ひるがの高原",
        "operator": "岐阜バス・濃飛バス",
        "ref": "",
        "url": "",
        "url2": ""
      }
    },
    {
      "type": "Feature",
      "geometry": {
        "type": "Point",
        "coordinates": [
          136.9620344,
          35.6671561
        ]
      },
      "properties": {
        "内容": "バス停: 高速郡上美並 (岐阜バス)",
        "name": "高速郡上美並",
        "operator": "岐阜バス",
        "ref": "",
        "url": "",
        "url2": ""
      }
    },
    {
      "type": "Feature",
      "geometry": {
        "type": "Point",
        "coordinates": [
          136.9031807,
          35.5296311
        ]
      },
      "properties": {
        "内容": "バス停: 高速美濃",
        "name": "高速美濃",
        "operator": "事業者不明",
        "ref": "",
        "url": "",
        "url2": ""
      }
    },
    {
      "type": "Feature",
      "geometry": {
        "type": "Point",
        "coordinates": [
          136.8947571,
          35.4901743
        ]
      },
      "properties": {
        "内容": "バス停: 高速関",
        "name": "高速関",
        "operator": "事業者不明",
        "ref": "",
        "url": "",
        "url2": ""
      }
    },
    {
      "type": "Feature",
      "geometry": {
        "type": "Point",
        "coordinates": [
          136.895129,
          35.4890391
        ]
      },
      "properties": {
        "内容": "バス停: 高速関",
        "name": "高速関",
        "operator": "事業者不明",
        "ref": "",
        "url": "",
        "url2": ""
      }
    },
    {
      "type": "Feature",
      "geometry": {
        "type": "Point",
        "coordinates": [
          136.8442895,
          35.425081
        ]
      },
      "properties": {
        "内容": "バス停: 高速各務原",
        "name": "高速各務原",
        "operator": "事業者不明",
        "ref": "",
        "url": "",
        "url2": ""
      }
    },
    {
      "type": "Feature",
      "geometry": {
        "type": "Point",
        "coordinates": [
          136.8452185,
          35.4248233
        ]
      },
      "properties": {
        "内容": "バス停: 高速各務原",
        "name": "高速各務原",
        "operator": "事業者不明",
        "ref": "",
        "url": "",
        "url2": ""
      }
    },
    {
      "type": "Feature",
      "geometry": {
        "type": "Point",
        "coordinates": [
          137.4991515,
          35.4797191
        ]
      },
      "properties": {
        "内容": "バス停: 名称不明バス停",
        "name": "名称不明バス停",
        "operator": "事業者不明",
        "ref": "",
        "url": "",
        "url2": ""
      }
    },
    {
      "type": "Feature",
      "geometry": {
        "type": "Point",
        "coordinates": [
          137.4981693,
          35.4852108
        ]
      },
      "properties": {
        "内容": "バス停: 名称不明バス停",
        "name": "名称不明バス停",
        "operator": "事業者不明",
        "ref": "",
        "url": "",
        "url2": ""
      }
    },
    {
      "type": "Feature",
      "geometry": {
        "type": "Point",
        "coordinates": [
          137.4981382,
          35.4853085
        ]
      },
      "properties": {
        "内容": "バス停: 名称不明バス停",
        "name": "名称不明バス停",
        "operator": "事業者不明",
        "ref": "",
        "url": "",
        "url2": ""
      }
    },
    {
      "type": "Feature",
      "geometry": {
        "type": "Point",
        "coordinates": [
          137.4993918,
          35.4792611
        ]
      },
      "properties": {
        "内容": "バス停: 名称不明バス停",
        "name": "名称不明バス停",
        "operator": "事業者不明",
        "ref": "",
        "url": "",
        "url2": ""
      }
    },
    {
      "type": "Feature",
      "geometry": {
        "type": "Point",
        "coordinates": [
          137.5706152,
          35.5100419
        ]
      },
      "properties": {
        "内容": "バス停: 名称不明バス停",
        "name": "名称不明バス停",
        "operator": "事業者不明",
        "ref": "",
        "url": "",
        "url2": ""
      }
    },
    {
      "type": "Feature",
      "geometry": {
        "type": "Point",
        "coordinates": [
          137.5694007,
          35.5284661
        ]
      },
      "properties": {
        "内容": "バス停: 名称不明バス停",
        "name": "名称不明バス停",
        "operator": "事業者不明",
        "ref": "",
        "url": "",
        "url2": ""
      }
    },
    {
      "type": "Feature",
      "geometry": {
        "type": "Point",
        "coordinates": [
          137.3069546,
          35.5216883
        ]
      },
      "properties": {
        "内容": "バス停: 中野方振興事務所前",
        "name": "中野方振興事務所前",
        "operator": "事業者不明",
        "ref": "",
        "url": "",
        "url2": ""
      }
    },
    {
      "type": "Feature",
      "geometry": {
        "type": "Point",
        "coordinates": [
          137.118118,
          35.3306762
        ]
      },
      "properties": {
        "内容": "バス停: 名称不明バス停",
        "name": "名称不明バス停",
        "operator": "事業者不明",
        "ref": "",
        "url": "",
        "url2": ""
      }
    },
    {
      "type": "Feature",
      "geometry": {
        "type": "Point",
        "coordinates": [
          137.4130558,
          35.6752143
        ]
      },
      "properties": {
        "内容": "バス停: 名称不明バス停",
        "name": "名称不明バス停",
        "operator": "事業者不明",
        "ref": "",
        "url": "",
        "url2": ""
      }
    },
    {
      "type": "Feature",
      "geometry": {
        "type": "Point",
        "coordinates": [
          137.4301075,
          35.6545073
        ]
      },
      "properties": {
        "内容": "バス停: 名称不明バス停",
        "name": "名称不明バス停",
        "operator": "事業者不明",
        "ref": "",
        "url": "",
        "url2": ""
      }
    },
    {
      "type": "Feature",
      "geometry": {
        "type": "Point",
        "coordinates": [
          137.4588205,
          35.5799377
        ]
      },
      "properties": {
        "内容": "バス停: 名称不明バス停",
        "name": "名称不明バス停",
        "operator": "事業者不明",
        "ref": "",
        "url": "",
        "url2": ""
      }
    },
    {
      "type": "Feature",
      "geometry": {
        "type": "Point",
        "coordinates": [
          137.4601496,
          35.5851085
        ]
      },
      "properties": {
        "内容": "バス停: 名称不明バス停",
        "name": "名称不明バス停",
        "operator": "事業者不明",
        "ref": "",
        "url": "",
        "url2": ""
      }
    },
    {
      "type": "Feature",
      "geometry": {
        "type": "Point",
        "coordinates": [
          137.4598799,
          35.612145
        ]
      },
      "properties": {
        "内容": "バス停: 名称不明バス停",
        "name": "名称不明バス停",
        "operator": "事業者不明",
        "ref": "",
        "url": "",
        "url2": ""
      }
    },
    {
      "type": "Feature",
      "geometry": {
        "type": "Point",
        "coordinates": [
          137.4623528,
          35.5897243
        ]
      },
      "properties": {
        "内容": "バス停: 名称不明バス停",
        "name": "名称不明バス停",
        "operator": "事業者不明",
        "ref": "",
        "url": "",
        "url2": ""
      }
    },
    {
      "type": "Feature",
      "geometry": {
        "type": "Point",
        "coordinates": [
          137.4588334,
          35.6265499
        ]
      },
      "properties": {
        "内容": "バス停: 名称不明バス停",
        "name": "名称不明バス停",
        "operator": "事業者不明",
        "ref": "",
        "url": "",
        "url2": ""
      }
    },
    {
      "type": "Feature",
      "geometry": {
        "type": "Point",
        "coordinates": [
          137.4478848,
          35.6339416
        ]
      },
      "properties": {
        "内容": "バス停: 名称不明バス停",
        "name": "名称不明バス停",
        "operator": "事業者不明",
        "ref": "",
        "url": "",
        "url2": ""
      }
    },
    {
      "type": "Feature",
      "geometry": {
        "type": "Point",
        "coordinates": [
          137.4597245,
          35.6121803
        ]
      },
      "properties": {
        "内容": "バス停: 名称不明バス停",
        "name": "名称不明バス停",
        "operator": "事業者不明",
        "ref": "",
        "url": "",
        "url2": ""
      }
    },
    {
      "type": "Feature",
      "geometry": {
        "type": "Point",
        "coordinates": [
          137.436634,
          35.642556
        ]
      },
      "properties": {
        "内容": "バス停: 名称不明バス停",
        "name": "名称不明バス停",
        "operator": "事業者不明",
        "ref": "",
        "url": "",
        "url2": ""
      }
    },
    {
      "type": "Feature",
      "geometry": {
        "type": "Point",
        "coordinates": [
          137.4608915,
          35.6170289
        ]
      },
      "properties": {
        "内容": "バス停: 名称不明バス停",
        "name": "名称不明バス停",
        "operator": "事業者不明",
        "ref": "",
        "url": "",
        "url2": ""
      }
    },
    {
      "type": "Feature",
      "geometry": {
        "type": "Point",
        "coordinates": [
          137.444182,
          35.635216
        ]
      },
      "properties": {
        "内容": "バス停: 名称不明バス停",
        "name": "名称不明バス停",
        "operator": "事業者不明",
        "ref": "",
        "url": "",
        "url2": ""
      }
    },
    {
      "type": "Feature",
      "geometry": {
        "type": "Point",
        "coordinates": [
          137.4317581,
          35.6497531
        ]
      },
      "properties": {
        "内容": "バス停: 名称不明バス停",
        "name": "名称不明バス停",
        "operator": "事業者不明",
        "ref": "",
        "url": "",
        "url2": ""
      }
    },
    {
      "type": "Feature",
      "geometry": {
        "type": "Point",
        "coordinates": [
          137.4257122,
          35.6595481
        ]
      },
      "properties": {
        "内容": "バス停: 名称不明バス停",
        "name": "名称不明バス停",
        "operator": "事業者不明",
        "ref": "",
        "url": "",
        "url2": ""
      }
    },
    {
      "type": "Feature",
      "geometry": {
        "type": "Point",
        "coordinates": [
          136.6608223,
          35.3956753
        ]
      },
      "properties": {
        "内容": "バス停: 十九条駅前",
        "name": "十九条駅前",
        "operator": "事業者不明",
        "ref": "",
        "url": "",
        "url2": ""
      }
    },
    {
      "type": "Feature",
      "geometry": {
        "type": "Point",
        "coordinates": [
          136.6312511,
          35.5824105
        ]
      },
      "properties": {
        "内容": "バス停: 日当駅前",
        "name": "日当駅前",
        "operator": "事業者不明",
        "ref": "",
        "url": "",
        "url2": ""
      }
    },
    {
      "type": "Feature",
      "geometry": {
        "type": "Point",
        "coordinates": [
          136.6420577,
          35.5270671
        ]
      },
      "properties": {
        "内容": "バス停: 谷汲口駅",
        "name": "谷汲口駅",
        "operator": "事業者不明",
        "ref": "",
        "url": "",
        "url2": ""
      }
    },
    {
      "type": "Feature",
      "geometry": {
        "type": "Point",
        "coordinates": [
          137.1351671,
          35.3419964
        ]
      },
      "properties": {
        "内容": "バス停: 修道院",
        "name": "修道院",
        "operator": "事業者不明",
        "ref": "",
        "url": "",
        "url2": ""
      }
    },
    {
      "type": "Feature",
      "geometry": {
        "type": "Point",
        "coordinates": [
          137.1328834,
          35.3342496
        ]
      },
      "properties": {
        "内容": "バス停: 本町オリベストリート",
        "name": "本町オリベストリート",
        "operator": "事業者不明",
        "ref": "",
        "url": "",
        "url2": ""
      }
    },
    {
      "type": "Feature",
      "geometry": {
        "type": "Point",
        "coordinates": [
          137.12664,
          35.3317316
        ]
      },
      "properties": {
        "内容": "バス停: 名称不明バス停",
        "name": "名称不明バス停",
        "operator": "事業者不明",
        "ref": "",
        "url": "",
        "url2": ""
      }
    },
    {
      "type": "Feature",
      "geometry": {
        "type": "Point",
        "coordinates": [
          136.8025758,
          35.4019914
        ]
      },
      "properties": {
        "内容": "バス停: 長森駅 (373バス)",
        "name": "長森駅",
        "operator": "373バス",
        "ref": "5",
        "url": "",
        "url2": ""
      }
    },
    {
      "type": "Feature",
      "geometry": {
        "type": "Point",
        "coordinates": [
          136.8031563,
          35.4022706
        ]
      },
      "properties": {
        "内容": "バス停: 長森駅 (長森ふれあいバス)",
        "name": "長森駅",
        "operator": "長森ふれあいバス",
        "ref": "9",
        "url": "",
        "url2": ""
      }
    },
    {
      "type": "Feature",
      "geometry": {
        "type": "Point",
        "coordinates": [
          136.4715222,
          35.2938247
        ]
      },
      "properties": {
        "内容": "バス停: 下多良 (名阪近鉄バス)",
        "name": "下多良",
        "operator": "名阪近鉄バス",
        "ref": "",
        "url": "",
        "url2": ""
      }
    },
    {
      "type": "Feature",
      "geometry": {
        "type": "Point",
        "coordinates": [
          136.45945,
          35.467179
        ]
      },
      "properties": {
        "内容": "バス停: ふれあいバス春日　川合バス停 (ふれあいバス　春日線)",
        "name": "ふれあいバス春日　川合バス停",
        "operator": "ふれあいバス　春日線",
        "ref": "",
        "url": "",
        "url2": ""
      }
    },
    {
      "type": "Feature",
      "geometry": {
        "type": "Point",
        "coordinates": [
          136.5072536,
          35.555652
        ]
      },
      "properties": {
        "内容": "バス停: 東津汲 (はなももバス)",
        "name": "東津汲",
        "operator": "はなももバス",
        "ref": "",
        "url": "",
        "url2": ""
      }
    },
    {
      "type": "Feature",
      "geometry": {
        "type": "Point",
        "coordinates": [
          136.7798763,
          35.529972
        ]
      },
      "properties": {
        "内容": "バス停: 伊佐美不動",
        "name": "伊佐美不動",
        "operator": "事業者不明",
        "ref": "",
        "url": "",
        "url2": ""
      }
    },
    {
      "type": "Feature",
      "geometry": {
        "type": "Point",
        "coordinates": [
          136.788745,
          35.5225546
        ]
      },
      "properties": {
        "内容": "バス停: 焼橋 (岐阜バス)",
        "name": "焼橋",
        "operator": "岐阜バス",
        "ref": "",
        "url": "",
        "url2": ""
      }
    },
    {
      "type": "Feature",
      "geometry": {
        "type": "Point",
        "coordinates": [
          137.2451176,
          36.122018
        ]
      },
      "properties": {
        "内容": "バス停: 名称不明バス停",
        "name": "名称不明バス停",
        "operator": "事業者不明",
        "ref": "",
        "url": "",
        "url2": ""
      }
    },
    {
      "type": "Feature",
      "geometry": {
        "type": "Point",
        "coordinates": [
          136.8867803,
          35.4934158
        ]
      },
      "properties": {
        "内容": "バス停: 小瀬西口 (岐阜バス)",
        "name": "小瀬西口",
        "operator": "岐阜バス",
        "ref": "",
        "url": "",
        "url2": ""
      }
    },
    {
      "type": "Feature",
      "geometry": {
        "type": "Point",
        "coordinates": [
          136.8744941,
          35.5106338
        ]
      },
      "properties": {
        "内容": "バス停: 広見開閉所前",
        "name": "広見開閉所前",
        "operator": "事業者不明",
        "ref": "",
        "url": "",
        "url2": ""
      }
    },
    {
      "type": "Feature",
      "geometry": {
        "type": "Point",
        "coordinates": [
          137.4839735,
          35.4763114
        ]
      },
      "properties": {
        "内容": "バス停: 中央道中津川",
        "name": "中央道中津川",
        "operator": "事業者不明",
        "ref": "",
        "url": "",
        "url2": ""
      }
    },
    {
      "type": "Feature",
      "geometry": {
        "type": "Point",
        "coordinates": [
          137.396474,
          35.453825
        ]
      },
      "properties": {
        "内容": "バス停: 中央道恵那",
        "name": "中央道恵那",
        "operator": "事業者不明",
        "ref": "",
        "url": "",
        "url2": ""
      }
    },
    {
      "type": "Feature",
      "geometry": {
        "type": "Point",
        "coordinates": [
          137.2536803,
          35.3738118
        ]
      },
      "properties": {
        "内容": "バス停: 中央道瑞浪天徳",
        "name": "中央道瑞浪天徳",
        "operator": "事業者不明",
        "ref": "",
        "url": "",
        "url2": ""
      }
    },
    {
      "type": "Feature",
      "geometry": {
        "type": "Point",
        "coordinates": [
          137.2537191,
          35.3743539
        ]
      },
      "properties": {
        "内容": "バス停: 中央道瑞浪天徳",
        "name": "中央道瑞浪天徳",
        "operator": "事業者不明",
        "ref": "",
        "url": "",
        "url2": ""
      }
    },
    {
      "type": "Feature",
      "geometry": {
        "type": "Point",
        "coordinates": [
          137.1919948,
          35.3733756
        ]
      },
      "properties": {
        "内容": "バス停: 中央道土岐",
        "name": "中央道土岐",
        "operator": "事業者不明",
        "ref": "",
        "url": "",
        "url2": ""
      }
    },
    {
      "type": "Feature",
      "geometry": {
        "type": "Point",
        "coordinates": [
          137.1120231,
          35.3474149
        ]
      },
      "properties": {
        "内容": "バス停: 中央道多治見",
        "name": "中央道多治見",
        "operator": "事業者不明",
        "ref": "",
        "url": "",
        "url2": ""
      }
    },
    {
      "type": "Feature",
      "geometry": {
        "type": "Point",
        "coordinates": [
          136.8634239,
          35.3883096
        ]
      },
      "properties": {
        "内容": "バス停: 航空宇宙博物館",
        "name": "航空宇宙博物館",
        "operator": "事業者不明",
        "ref": "",
        "url": "",
        "url2": ""
      }
    },
    {
      "type": "Feature",
      "geometry": {
        "type": "Point",
        "coordinates": [
          136.9037095,
          35.3975047
        ]
      },
      "properties": {
        "内容": "バス停: アピタ・カーマホームセンター",
        "name": "アピタ・カーマホームセンター",
        "operator": "事業者不明",
        "ref": "",
        "url": "",
        "url2": ""
      }
    },
    {
      "type": "Feature",
      "geometry": {
        "type": "Point",
        "coordinates": [
          137.5560452,
          36.1951733
        ]
      },
      "properties": {
        "内容": "バス停: アカンダナ (乗る)",
        "name": "アカンダナ (乗る)",
        "operator": "事業者不明",
        "ref": "",
        "url": "",
        "url2": ""
      }
    },
    {
      "type": "Feature",
      "geometry": {
        "type": "Point",
        "coordinates": [
          137.2952935,
          36.3369478
        ]
      },
      "properties": {
        "内容": "バス停: 神岡営業所",
        "name": "神岡営業所",
        "operator": "事業者不明",
        "ref": "",
        "url": "",
        "url2": ""
      }
    },
    {
      "type": "Feature",
      "geometry": {
        "type": "Point",
        "coordinates": [
          137.0111874,
          35.387121
        ]
      },
      "properties": {
        "内容": "バス停: 光陽台６丁目",
        "name": "光陽台６丁目",
        "operator": "事業者不明",
        "ref": "",
        "url": "",
        "url2": ""
      }
    },
    {
      "type": "Feature",
      "geometry": {
        "type": "Point",
        "coordinates": [
          136.8065478,
          35.4135061
        ]
      },
      "properties": {
        "内容": "バス停: 野一色５丁目",
        "name": "野一色５丁目",
        "operator": "事業者不明",
        "ref": "",
        "url": "",
        "url2": ""
      }
    },
    {
      "type": "Feature",
      "geometry": {
        "type": "Point",
        "coordinates": [
          136.7597559,
          35.4130275
        ]
      },
      "properties": {
        "内容": "バス停: 名鉄岐阜",
        "name": "名鉄岐阜",
        "operator": "事業者不明",
        "ref": "",
        "url": "",
        "url2": ""
      }
    },
    {
      "type": "Feature",
      "geometry": {
        "type": "Point",
        "coordinates": [
          137.1008101,
          35.3031236
        ]
      },
      "properties": {
        "内容": "バス停: 古虎渓駅",
        "name": "古虎渓駅",
        "operator": "事業者不明",
        "ref": "",
        "url": "",
        "url2": ""
      }
    },
    {
      "type": "Feature",
      "geometry": {
        "type": "Point",
        "coordinates": [
          137.5583744,
          36.1242308
        ]
      },
      "properties": {
        "内容": "バス停: 標高2716m (アルピコ交通)",
        "name": "標高2716m",
        "operator": "アルピコ交通",
        "ref": "N-41",
        "url": "",
        "url2": ""
      }
    },
    {
      "type": "Feature",
      "geometry": {
        "type": "Point",
        "coordinates": [
          137.5536273,
          36.1245388
        ]
      },
      "properties": {
        "内容": "バス停: 乗鞍山頂(畳平)",
        "name": "乗鞍山頂(畳平)",
        "operator": "事業者不明",
        "ref": "N-42",
        "url": "",
        "url2": ""
      }
    },
    {
      "type": "Feature",
      "geometry": {
        "type": "Point",
        "coordinates": [
          137.5535345,
          36.1246626
        ]
      },
      "properties": {
        "内容": "バス停: 乗鞍山頂(畳平)",
        "name": "乗鞍山頂(畳平)",
        "operator": "事業者不明",
        "ref": "N-42",
        "url": "",
        "url2": ""
      }
    },
    {
      "type": "Feature",
      "geometry": {
        "type": "Point",
        "coordinates": [
          136.9217543,
          35.4053652
        ]
      },
      "properties": {
        "内容": "バス停: 鵜沼市民サービスセンター",
        "name": "鵜沼市民サービスセンター",
        "operator": "事業者不明",
        "ref": "",
        "url": "",
        "url2": ""
      }
    },
    {
      "type": "Feature",
      "geometry": {
        "type": "Point",
        "coordinates": [
          136.8757443,
          35.4098615
        ]
      },
      "properties": {
        "内容": "バス停: 東海中央病院",
        "name": "東海中央病院",
        "operator": "事業者不明",
        "ref": "",
        "url": "",
        "url2": ""
      }
    },
    {
      "type": "Feature",
      "geometry": {
        "type": "Point",
        "coordinates": [
          136.8762498,
          35.4100604
        ]
      },
      "properties": {
        "内容": "バス停: 東海中央病院",
        "name": "東海中央病院",
        "operator": "事業者不明",
        "ref": "",
        "url": "",
        "url2": ""
      }
    },
    {
      "type": "Feature",
      "geometry": {
        "type": "Point",
        "coordinates": [
          136.9357603,
          35.4008464
        ]
      },
      "properties": {
        "内容": "バス停: イオンタウン各務原鵜沼",
        "name": "イオンタウン各務原鵜沼",
        "operator": "事業者不明",
        "ref": "",
        "url": "",
        "url2": ""
      }
    },
    {
      "type": "Feature",
      "geometry": {
        "type": "Point",
        "coordinates": [
          136.8843387,
          35.4193173
        ]
      },
      "properties": {
        "内容": "バス停: 船山町",
        "name": "船山町",
        "operator": "事業者不明",
        "ref": "",
        "url": "",
        "url2": ""
      }
    },
    {
      "type": "Feature",
      "geometry": {
        "type": "Point",
        "coordinates": [
          136.8845316,
          35.4193042
        ]
      },
      "properties": {
        "内容": "バス停: 船山町",
        "name": "船山町",
        "operator": "事業者不明",
        "ref": "",
        "url": "",
        "url2": ""
      }
    },
    {
      "type": "Feature",
      "geometry": {
        "type": "Point",
        "coordinates": [
          136.8808116,
          35.4191274
        ]
      },
      "properties": {
        "内容": "バス停: 各務原高校前",
        "name": "各務原高校前",
        "operator": "事業者不明",
        "ref": "",
        "url": "",
        "url2": ""
      }
    },
    {
      "type": "Feature",
      "geometry": {
        "type": "Point",
        "coordinates": [
          136.8806596,
          35.41933
        ]
      },
      "properties": {
        "内容": "バス停: 各務原高校前",
        "name": "各務原高校前",
        "operator": "事業者不明",
        "ref": "",
        "url": "",
        "url2": ""
      }
    },
    {
      "type": "Feature",
      "geometry": {
        "type": "Point",
        "coordinates": [
          136.8784436,
          35.4153548
        ]
      },
      "properties": {
        "内容": "バス停: 坂井",
        "name": "坂井",
        "operator": "事業者不明",
        "ref": "",
        "url": "",
        "url2": ""
      }
    },
    {
      "type": "Feature",
      "geometry": {
        "type": "Point",
        "coordinates": [
          136.8778033,
          35.4146023
        ]
      },
      "properties": {
        "内容": "バス停: 坂井",
        "name": "坂井",
        "operator": "事業者不明",
        "ref": "",
        "url": "",
        "url2": ""
      }
    },
    {
      "type": "Feature",
      "geometry": {
        "type": "Point",
        "coordinates": [
          136.8781541,
          35.4141015
        ]
      },
      "properties": {
        "内容": "バス停: 坂井",
        "name": "坂井",
        "operator": "事業者不明",
        "ref": "",
        "url": "",
        "url2": ""
      }
    },
    {
      "type": "Feature",
      "geometry": {
        "type": "Point",
        "coordinates": [
          136.9328066,
          35.4093718
        ]
      },
      "properties": {
        "内容": "バス停: つつじが丘公園",
        "name": "つつじが丘公園",
        "operator": "事業者不明",
        "ref": "",
        "url": "",
        "url2": ""
      }
    },
    {
      "type": "Feature",
      "geometry": {
        "type": "Point",
        "coordinates": [
          136.933131,
          35.4087587
        ]
      },
      "properties": {
        "内容": "バス停: つつじが丘公園",
        "name": "つつじが丘公園",
        "operator": "事業者不明",
        "ref": "",
        "url": "",
        "url2": ""
      }
    },
    {
      "type": "Feature",
      "geometry": {
        "type": "Point",
        "coordinates": [
          137.5702597,
          35.5193141
        ]
      },
      "properties": {
        "内容": "バス停: 名称不明バス停",
        "name": "名称不明バス停",
        "operator": "事業者不明",
        "ref": "",
        "url": "",
        "url2": ""
      }
    },
    {
      "type": "Feature",
      "geometry": {
        "type": "Point",
        "coordinates": [
          137.5695806,
          35.5177827
        ]
      },
      "properties": {
        "内容": "バス停: 馬篭",
        "name": "馬篭",
        "operator": "事業者不明",
        "ref": "",
        "url": "",
        "url2": ""
      }
    },
    {
      "type": "Feature",
      "geometry": {
        "type": "Point",
        "coordinates": [
          137.5703281,
          35.5193187
        ]
      },
      "properties": {
        "内容": "バス停: 名称不明バス停",
        "name": "名称不明バス停",
        "operator": "事業者不明",
        "ref": "",
        "url": "",
        "url2": ""
      }
    },
    {
      "type": "Feature",
      "geometry": {
        "type": "Point",
        "coordinates": [
          137.055677,
          35.422125
        ]
      },
      "properties": {
        "内容": "バス停: 名称不明バス停",
        "name": "名称不明バス停",
        "operator": "事業者不明",
        "ref": "",
        "url": "",
        "url2": ""
      }
    },
    {
      "type": "Feature",
      "geometry": {
        "type": "Point",
        "coordinates": [
          137.0632073,
          35.4275041
        ]
      },
      "properties": {
        "内容": "バス停: 名称不明バス停",
        "name": "名称不明バス停",
        "operator": "事業者不明",
        "ref": "",
        "url": "",
        "url2": ""
      }
    },
    {
      "type": "Feature",
      "geometry": {
        "type": "Point",
        "coordinates": [
          137.0133918,
          35.3895901
        ]
      },
      "properties": {
        "内容": "バス停: 名称不明バス停",
        "name": "名称不明バス停",
        "operator": "事業者不明",
        "ref": "",
        "url": "",
        "url2": ""
      }
    },
    {
      "type": "Feature",
      "geometry": {
        "type": "Point",
        "coordinates": [
          137.0134943,
          35.3895461
        ]
      },
      "properties": {
        "内容": "バス停: 名称不明バス停",
        "name": "名称不明バス停",
        "operator": "事業者不明",
        "ref": "",
        "url": "",
        "url2": ""
      }
    },
    {
      "type": "Feature",
      "geometry": {
        "type": "Point",
        "coordinates": [
          137.014425,
          35.3965203
        ]
      },
      "properties": {
        "内容": "バス停: 名称不明バス停",
        "name": "名称不明バス停",
        "operator": "事業者不明",
        "ref": "",
        "url": "",
        "url2": ""
      }
    },
    {
      "type": "Feature",
      "geometry": {
        "type": "Point",
        "coordinates": [
          137.0143535,
          35.3964621
        ]
      },
      "properties": {
        "内容": "バス停: 名称不明バス停",
        "name": "名称不明バス停",
        "operator": "事業者不明",
        "ref": "",
        "url": "",
        "url2": ""
      }
    },
    {
      "type": "Feature",
      "geometry": {
        "type": "Point",
        "coordinates": [
          136.8359157,
          35.4402779
        ]
      },
      "properties": {
        "内容": "バス停: 名称不明バス停",
        "name": "名称不明バス停",
        "operator": "事業者不明",
        "ref": "",
        "url": "",
        "url2": ""
      }
    },
    {
      "type": "Feature",
      "geometry": {
        "type": "Point",
        "coordinates": [
          136.8352571,
          35.4393872
        ]
      },
      "properties": {
        "内容": "バス停: 名称不明バス停",
        "name": "名称不明バス停",
        "operator": "事業者不明",
        "ref": "",
        "url": "",
        "url2": ""
      }
    },
    {
      "type": "Feature",
      "geometry": {
        "type": "Point",
        "coordinates": [
          136.6926949,
          35.4968807
        ]
      },
      "properties": {
        "内容": "バス停: 名称不明バス停",
        "name": "名称不明バス停",
        "operator": "事業者不明",
        "ref": "",
        "url": "",
        "url2": ""
      }
    },
    {
      "type": "Feature",
      "geometry": {
        "type": "Point",
        "coordinates": [
          136.8796598,
          35.4852544
        ]
      },
      "properties": {
        "内容": "バス停: 赤土坂 (岐阜バス)",
        "name": "赤土坂",
        "operator": "岐阜バス",
        "ref": "",
        "url": "",
        "url2": ""
      }
    },
    {
      "type": "Feature",
      "geometry": {
        "type": "Point",
        "coordinates": [
          136.8795715,
          35.4851586
        ]
      },
      "properties": {
        "内容": "バス停: 赤土坂 (岐阜バス)",
        "name": "赤土坂",
        "operator": "岐阜バス",
        "ref": "",
        "url": "",
        "url2": ""
      }
    },
    {
      "type": "Feature",
      "geometry": {
        "type": "Point",
        "coordinates": [
          136.9068816,
          36.2619998
        ]
      },
      "properties": {
        "内容": "バス停: 白川郷（荻町）",
        "name": "白川郷（荻町）",
        "operator": "事業者不明",
        "ref": "",
        "url": "",
        "url2": "Q92441530"
      }
    },
    {
      "type": "Feature",
      "geometry": {
        "type": "Point",
        "coordinates": [
          136.9107936,
          36.1486982
        ]
      },
      "properties": {
        "内容": "バス停: 牧",
        "name": "牧",
        "operator": "事業者不明",
        "ref": "",
        "url": "",
        "url2": ""
      }
    },
    {
      "type": "Feature",
      "geometry": {
        "type": "Point",
        "coordinates": [
          136.9031131,
          36.1751204
        ]
      },
      "properties": {
        "内容": "バス停: 平瀬温泉",
        "name": "平瀬温泉",
        "operator": "事業者不明",
        "ref": "",
        "url": "",
        "url2": ""
      }
    },
    {
      "type": "Feature",
      "geometry": {
        "type": "Point",
        "coordinates": [
          136.9030246,
          36.175468
        ]
      },
      "properties": {
        "内容": "バス停: 平瀬温泉",
        "name": "平瀬温泉",
        "operator": "事業者不明",
        "ref": "",
        "url": "",
        "url2": ""
      }
    },
    {
      "type": "Feature",
      "geometry": {
        "type": "Point",
        "coordinates": [
          136.9105938,
          36.1488748
        ]
      },
      "properties": {
        "内容": "バス停: 牧",
        "name": "牧",
        "operator": "事業者不明",
        "ref": "",
        "url": "",
        "url2": ""
      }
    },
    {
      "type": "Feature",
      "geometry": {
        "type": "Point",
        "coordinates": [
          137.2536986,
          36.1427314
        ]
      },
      "properties": {
        "内容": "バス停: 国分寺 (飛騨高山バス)",
        "name": "国分寺",
        "operator": "飛騨高山バス",
        "ref": "",
        "url": "",
        "url2": ""
      }
    },
    {
      "type": "Feature",
      "geometry": {
        "type": "Point",
        "coordinates": [
          137.2536839,
          36.1427308
        ]
      },
      "properties": {
        "内容": "バス停: 国分寺 (飛騨高山バス)",
        "name": "国分寺",
        "operator": "飛騨高山バス",
        "ref": "",
        "url": "",
        "url2": ""
      }
    },
    {
      "type": "Feature",
      "geometry": {
        "type": "Point",
        "coordinates": [
          137.2539702,
          36.1428291
        ]
      },
      "properties": {
        "内容": "バス停: 国分寺 (飛騨高山バス)",
        "name": "国分寺",
        "operator": "飛騨高山バス",
        "ref": "",
        "url": "",
        "url2": ""
      }
    },
    {
      "type": "Feature",
      "geometry": {
        "type": "Point",
        "coordinates": [
          137.2539555,
          36.1428286
        ]
      },
      "properties": {
        "内容": "バス停: 国分寺 (飛騨高山バス)",
        "name": "国分寺",
        "operator": "飛騨高山バス",
        "ref": "",
        "url": "",
        "url2": ""
      }
    },
    {
      "type": "Feature",
      "geometry": {
        "type": "Point",
        "coordinates": [
          137.2559101,
          36.1428036
        ]
      },
      "properties": {
        "内容": "バス停: 朝日町",
        "name": "朝日町",
        "operator": "事業者不明",
        "ref": "",
        "url": "",
        "url2": ""
      }
    },
    {
      "type": "Feature",
      "geometry": {
        "type": "Point",
        "coordinates": [
          137.2560308,
          36.1428004
        ]
      },
      "properties": {
        "内容": "バス停: 朝日町",
        "name": "朝日町",
        "operator": "事業者不明",
        "ref": "",
        "url": "",
        "url2": ""
      }
    },
    {
      "type": "Feature",
      "geometry": {
        "type": "Point",
        "coordinates": [
          137.2515042,
          36.1417534
        ]
      },
      "properties": {
        "内容": "バス停: Takayama Nohi Bus Centre",
        "name": "Takayama Nohi Bus Centre",
        "operator": "事業者不明",
        "ref": "",
        "url": "",
        "url2": ""
      }
    },
    {
      "type": "Feature",
      "geometry": {
        "type": "Point",
        "coordinates": [
          137.251498,
          36.1418195
        ]
      },
      "properties": {
        "内容": "バス停: Takayama Nohi Bus Centre",
        "name": "Takayama Nohi Bus Centre",
        "operator": "事業者不明",
        "ref": "",
        "url": "",
        "url2": ""
      }
    },
    {
      "type": "Feature",
      "geometry": {
        "type": "Point",
        "coordinates": [
          137.251493,
          36.1418735
        ]
      },
      "properties": {
        "内容": "バス停: Takayama Nohi Bus Centre",
        "name": "Takayama Nohi Bus Centre",
        "operator": "事業者不明",
        "ref": "",
        "url": "",
        "url2": ""
      }
    },
    {
      "type": "Feature",
      "geometry": {
        "type": "Point",
        "coordinates": [
          137.2514871,
          36.1419357
        ]
      },
      "properties": {
        "内容": "バス停: Takayama Nohi Bus Centre",
        "name": "Takayama Nohi Bus Centre",
        "operator": "事業者不明",
        "ref": "",
        "url": "",
        "url2": ""
      }
    },
    {
      "type": "Feature",
      "geometry": {
        "type": "Point",
        "coordinates": [
          137.2514819,
          36.1419913
        ]
      },
      "properties": {
        "内容": "バス停: Takayama Nohi Bus Centre",
        "name": "Takayama Nohi Bus Centre",
        "operator": "事業者不明",
        "ref": "",
        "url": "",
        "url2": ""
      }
    },
    {
      "type": "Feature",
      "geometry": {
        "type": "Point",
        "coordinates": [
          137.2564754,
          36.1427289
        ]
      },
      "properties": {
        "内容": "バス停: 朝日町",
        "name": "朝日町",
        "operator": "事業者不明",
        "ref": "",
        "url": "",
        "url2": ""
      }
    },
    {
      "type": "Feature",
      "geometry": {
        "type": "Point",
        "coordinates": [
          137.2585105,
          36.1433251
        ]
      },
      "properties": {
        "内容": "バス停: 古い町並口",
        "name": "古い町並口",
        "operator": "事業者不明",
        "ref": "",
        "url": "",
        "url2": ""
      }
    },
    {
      "type": "Feature",
      "geometry": {
        "type": "Point",
        "coordinates": [
          137.2584924,
          36.1433208
        ]
      },
      "properties": {
        "内容": "バス停: 古い町並口 (濃飛バス)",
        "name": "古い町並口",
        "operator": "濃飛バス",
        "ref": "",
        "url": "",
        "url2": ""
      }
    },
    {
      "type": "Feature",
      "geometry": {
        "type": "Point",
        "coordinates": [
          137.2592273,
          36.1434004
        ]
      },
      "properties": {
        "内容": "バス停: 古い町並口 (濃飛バス)",
        "name": "古い町並口",
        "operator": "濃飛バス",
        "ref": "",
        "url": "",
        "url2": ""
      }
    },
    {
      "type": "Feature",
      "geometry": {
        "type": "Point",
        "coordinates": [
          137.2619359,
          36.1442466
        ]
      },
      "properties": {
        "内容": "バス停: 別院前",
        "name": "別院前",
        "operator": "事業者不明",
        "ref": "",
        "url": "",
        "url2": ""
      }
    },
    {
      "type": "Feature",
      "geometry": {
        "type": "Point",
        "coordinates": [
          137.2619256,
          36.1442451
        ]
      },
      "properties": {
        "内容": "バス停: 別院前 (濃飛バス)",
        "name": "別院前",
        "operator": "濃飛バス",
        "ref": "",
        "url": "",
        "url2": ""
      }
    },
    {
      "type": "Feature",
      "geometry": {
        "type": "Point",
        "coordinates": [
          137.2619028,
          36.1441487
        ]
      },
      "properties": {
        "内容": "バス停: 別院前 (濃飛バス)",
        "name": "別院前",
        "operator": "濃飛バス",
        "ref": "",
        "url": "",
        "url2": ""
      }
    },
    {
      "type": "Feature",
      "geometry": {
        "type": "Point",
        "coordinates": [
          137.2486044,
          36.1407383
        ]
      },
      "properties": {
        "内容": "バス停: 市民文化会館前",
        "name": "市民文化会館前",
        "operator": "事業者不明",
        "ref": "",
        "url": "",
        "url2": ""
      }
    },
    {
      "type": "Feature",
      "geometry": {
        "type": "Point",
        "coordinates": [
          137.2564653,
          36.1427278
        ]
      },
      "properties": {
        "内容": "バス停: 朝日町",
        "name": "朝日町",
        "operator": "事業者不明",
        "ref": "",
        "url": "",
        "url2": ""
      }
    },
    {
      "type": "Feature",
      "geometry": {
        "type": "Point",
        "coordinates": [
          137.2528511,
          36.139625
        ]
      },
      "properties": {
        "内容": "バス停: 飛騨農協 高山支店前",
        "name": "飛騨農協 高山支店前",
        "operator": "事業者不明",
        "ref": "",
        "url": "",
        "url2": ""
      }
    },
    {
      "type": "Feature",
      "geometry": {
        "type": "Point",
        "coordinates": [
          137.2528484,
          36.1396434
        ]
      },
      "properties": {
        "内容": "バス停: 飛騨農協 高山支店前",
        "name": "飛騨農協 高山支店前",
        "operator": "事業者不明",
        "ref": "",
        "url": "",
        "url2": ""
      }
    },
    {
      "type": "Feature",
      "geometry": {
        "type": "Point",
        "coordinates": [
          137.2532366,
          36.1367017
        ]
      },
      "properties": {
        "内容": "バス停: 老健はなさと前",
        "name": "老健はなさと前",
        "operator": "事業者不明",
        "ref": "",
        "url": "",
        "url2": ""
      }
    },
    {
      "type": "Feature",
      "geometry": {
        "type": "Point",
        "coordinates": [
          137.253236,
          36.136712
        ]
      },
      "properties": {
        "内容": "バス停: 老健はなさと前",
        "name": "老健はなさと前",
        "operator": "事業者不明",
        "ref": "",
        "url": "",
        "url2": ""
      }
    },
    {
      "type": "Feature",
      "geometry": {
        "type": "Point",
        "coordinates": [
          137.2537804,
          36.1344294
        ]
      },
      "properties": {
        "内容": "バス停: 花里町2丁目",
        "name": "花里町2丁目",
        "operator": "事業者不明",
        "ref": "",
        "url": "",
        "url2": ""
      }
    },
    {
      "type": "Feature",
      "geometry": {
        "type": "Point",
        "coordinates": [
          137.2538012,
          36.1344299
        ]
      },
      "properties": {
        "内容": "バス停: 花里町2丁目",
        "name": "花里町2丁目",
        "operator": "事業者不明",
        "ref": "",
        "url": "",
        "url2": ""
      }
    },
    {
      "type": "Feature",
      "geometry": {
        "type": "Point",
        "coordinates": [
          137.2554427,
          36.1350565
        ]
      },
      "properties": {
        "内容": "バス停: 天満神社前",
        "name": "天満神社前",
        "operator": "事業者不明",
        "ref": "",
        "url": "",
        "url2": ""
      }
    },
    {
      "type": "Feature",
      "geometry": {
        "type": "Point",
        "coordinates": [
          137.2554414,
          36.1350738
        ]
      },
      "properties": {
        "内容": "バス停: 天満神社前",
        "name": "天満神社前",
        "operator": "事業者不明",
        "ref": "",
        "url": "",
        "url2": ""
      }
    },
    {
      "type": "Feature",
      "geometry": {
        "type": "Point",
        "coordinates": [
          137.2553676,
          36.1349883
        ]
      },
      "properties": {
        "内容": "バス停: 天満神社前",
        "name": "天満神社前",
        "operator": "事業者不明",
        "ref": "",
        "url": "",
        "url2": ""
      }
    },
    {
      "type": "Feature",
      "geometry": {
        "type": "Point",
        "coordinates": [
          137.255369,
          36.1350088
        ]
      },
      "properties": {
        "内容": "バス停: 天満神社前",
        "name": "天満神社前",
        "operator": "事業者不明",
        "ref": "",
        "url": "",
        "url2": ""
      }
    },
    {
      "type": "Feature",
      "geometry": {
        "type": "Point",
        "coordinates": [
          137.2551678,
          36.1370494
        ]
      },
      "properties": {
        "内容": "バス停: 日赤前",
        "name": "日赤前",
        "operator": "事業者不明",
        "ref": "",
        "url": "",
        "url2": ""
      }
    },
    {
      "type": "Feature",
      "geometry": {
        "type": "Point",
        "coordinates": [
          137.2551678,
          36.1370391
        ]
      },
      "properties": {
        "内容": "バス停: 日赤前",
        "name": "日赤前",
        "operator": "事業者不明",
        "ref": "",
        "url": "",
        "url2": ""
      }
    },
    {
      "type": "Feature",
      "geometry": {
        "type": "Point",
        "coordinates": [
          137.2550176,
          36.1373429
        ]
      },
      "properties": {
        "内容": "バス停: 日赤前",
        "name": "日赤前",
        "operator": "事業者不明",
        "ref": "",
        "url": "",
        "url2": ""
      }
    },
    {
      "type": "Feature",
      "geometry": {
        "type": "Point",
        "coordinates": [
          137.2550216,
          36.1373245
        ]
      },
      "properties": {
        "内容": "バス停: 日赤前",
        "name": "日赤前",
        "operator": "事業者不明",
        "ref": "",
        "url": "",
        "url2": ""
      }
    },
    {
      "type": "Feature",
      "geometry": {
        "type": "Point",
        "coordinates": [
          137.2582684,
          36.1393412
        ]
      },
      "properties": {
        "内容": "バス停: 高山陣屋前",
        "name": "高山陣屋前",
        "operator": "事業者不明",
        "ref": "",
        "url": "",
        "url2": ""
      }
    },
    {
      "type": "Feature",
      "geometry": {
        "type": "Point",
        "coordinates": [
          137.2583663,
          36.1393217
        ]
      },
      "properties": {
        "内容": "バス停: 高山陣屋前",
        "name": "高山陣屋前",
        "operator": "事業者不明",
        "ref": "",
        "url": "",
        "url2": ""
      }
    },
    {
      "type": "Feature",
      "geometry": {
        "type": "Point",
        "coordinates": [
          137.2592716,
          36.1413096
        ]
      },
      "properties": {
        "内容": "バス停: さんまち通り",
        "name": "さんまち通り",
        "operator": "事業者不明",
        "ref": "",
        "url": "",
        "url2": ""
      }
    },
    {
      "type": "Feature",
      "geometry": {
        "type": "Point",
        "coordinates": [
          137.259289,
          36.141314
        ]
      },
      "properties": {
        "内容": "バス停: さんまち通り",
        "name": "さんまち通り",
        "operator": "事業者不明",
        "ref": "",
        "url": "",
        "url2": ""
      }
    },
    {
      "type": "Feature",
      "geometry": {
        "type": "Point",
        "coordinates": [
          137.2591938,
          36.1411986
        ]
      },
      "properties": {
        "内容": "バス停: さんまち通り",
        "name": "さんまち通り",
        "operator": "事業者不明",
        "ref": "",
        "url": "",
        "url2": ""
      }
    },
    {
      "type": "Feature",
      "geometry": {
        "type": "Point",
        "coordinates": [
          137.2592112,
          36.1412029
        ]
      },
      "properties": {
        "内容": "バス停: さんまち通り",
        "name": "さんまち通り",
        "operator": "事業者不明",
        "ref": "",
        "url": "",
        "url2": ""
      }
    },
    {
      "type": "Feature",
      "geometry": {
        "type": "Point",
        "coordinates": [
          137.261007,
          36.1421712
        ]
      },
      "properties": {
        "内容": "バス停: まちの博物館前",
        "name": "まちの博物館前",
        "operator": "事業者不明",
        "ref": "",
        "url": "",
        "url2": ""
      }
    },
    {
      "type": "Feature",
      "geometry": {
        "type": "Point",
        "coordinates": [
          137.2610103,
          36.1421609
        ]
      },
      "properties": {
        "内容": "バス停: まちの博物館前",
        "name": "まちの博物館前",
        "operator": "事業者不明",
        "ref": "",
        "url": "",
        "url2": ""
      }
    },
    {
      "type": "Feature",
      "geometry": {
        "type": "Point",
        "coordinates": [
          137.261131,
          36.1421333
        ]
      },
      "properties": {
        "内容": "バス停: まちの博物館前",
        "name": "まちの博物館前",
        "operator": "事業者不明",
        "ref": "",
        "url": "",
        "url2": ""
      }
    },
    {
      "type": "Feature",
      "geometry": {
        "type": "Point",
        "coordinates": [
          137.2620477,
          36.1432634
        ]
      },
      "properties": {
        "内容": "バス停: 煥章館",
        "name": "煥章館",
        "operator": "事業者不明",
        "ref": "",
        "url": "",
        "url2": ""
      }
    },
    {
      "type": "Feature",
      "geometry": {
        "type": "Point",
        "coordinates": [
          137.2618854,
          36.1454277
        ]
      },
      "properties": {
        "内容": "バス停: 鉄砲町",
        "name": "鉄砲町",
        "operator": "事業者不明",
        "ref": "",
        "url": "",
        "url2": ""
      }
    },
    {
      "type": "Feature",
      "geometry": {
        "type": "Point",
        "coordinates": [
          137.2618291,
          36.145418
        ]
      },
      "properties": {
        "内容": "バス停: 鉄砲町",
        "name": "鉄砲町",
        "operator": "事業者不明",
        "ref": "",
        "url": "",
        "url2": ""
      }
    },
    {
      "type": "Feature",
      "geometry": {
        "type": "Point",
        "coordinates": [
          137.2607146,
          36.146319
        ]
      },
      "properties": {
        "内容": "バス停: 桜町",
        "name": "桜町",
        "operator": "事業者不明",
        "ref": "",
        "url": "",
        "url2": ""
      }
    },
    {
      "type": "Feature",
      "geometry": {
        "type": "Point",
        "coordinates": [
          137.260429,
          36.1462465
        ]
      },
      "properties": {
        "内容": "バス停: 暎芳寺前",
        "name": "暎芳寺前",
        "operator": "事業者不明",
        "ref": "",
        "url": "",
        "url2": ""
      }
    },
    {
      "type": "Feature",
      "geometry": {
        "type": "Point",
        "coordinates": [
          137.2583295,
          36.1462096
        ]
      },
      "properties": {
        "内容": "バス停: 日下部民芸館口",
        "name": "日下部民芸館口",
        "operator": "事業者不明",
        "ref": "",
        "url": "",
        "url2": ""
      }
    },
    {
      "type": "Feature",
      "geometry": {
        "type": "Point",
        "coordinates": [
          137.258312,
          36.1462118
        ]
      },
      "properties": {
        "内容": "バス停: 日下部民芸館口",
        "name": "日下部民芸館口",
        "operator": "事業者不明",
        "ref": "",
        "url": "",
        "url2": ""
      }
    },
    {
      "type": "Feature",
      "geometry": {
        "type": "Point",
        "coordinates": [
          137.2596726,
          36.1450639
        ]
      },
      "properties": {
        "内容": "バス停: 高信本店前",
        "name": "高信本店前",
        "operator": "事業者不明",
        "ref": "",
        "url": "",
        "url2": ""
      }
    },
    {
      "type": "Feature",
      "geometry": {
        "type": "Point",
        "coordinates": [
          137.2596847,
          36.1450422
        ]
      },
      "properties": {
        "内容": "バス停: 高信本店前",
        "name": "高信本店前",
        "operator": "事業者不明",
        "ref": "",
        "url": "",
        "url2": ""
      }
    },
    {
      "type": "Feature",
      "geometry": {
        "type": "Point",
        "coordinates": [
          137.2596699,
          36.1452512
        ]
      },
      "properties": {
        "内容": "バス停: 高信本店前",
        "name": "高信本店前",
        "operator": "事業者不明",
        "ref": "",
        "url": "",
        "url2": ""
      }
    },
    {
      "type": "Feature",
      "geometry": {
        "type": "Point",
        "coordinates": [
          137.2580619,
          36.1476705
        ]
      },
      "properties": {
        "内容": "バス停: 八幡宮前",
        "name": "八幡宮前",
        "operator": "事業者不明",
        "ref": "",
        "url": "",
        "url2": ""
      }
    },
    {
      "type": "Feature",
      "geometry": {
        "type": "Point",
        "coordinates": [
          137.2571138,
          36.1486029
        ]
      },
      "properties": {
        "内容": "バス停: 大新町2丁目",
        "name": "大新町2丁目",
        "operator": "事業者不明",
        "ref": "",
        "url": "",
        "url2": ""
      }
    },
    {
      "type": "Feature",
      "geometry": {
        "type": "Point",
        "coordinates": [
          137.2578567,
          36.1488618
        ]
      },
      "properties": {
        "内容": "バス停: 大新町2丁目",
        "name": "大新町2丁目",
        "operator": "事業者不明",
        "ref": "",
        "url": "",
        "url2": ""
      }
    },
    {
      "type": "Feature",
      "geometry": {
        "type": "Point",
        "coordinates": [
          137.2571124,
          36.150654
        ]
      },
      "properties": {
        "内容": "バス停: 大新町4丁目",
        "name": "大新町4丁目",
        "operator": "事業者不明",
        "ref": "",
        "url": "",
        "url2": ""
      }
    },
    {
      "type": "Feature",
      "geometry": {
        "type": "Point",
        "coordinates": [
          137.2566082,
          36.1505771
        ]
      },
      "properties": {
        "内容": "バス停: 大新町4丁目",
        "name": "大新町4丁目",
        "operator": "事業者不明",
        "ref": "",
        "url": "",
        "url2": ""
      }
    },
    {
      "type": "Feature",
      "geometry": {
        "type": "Point",
        "coordinates": [
          137.2554293,
          36.1494677
        ]
      },
      "properties": {
        "内容": "バス停: 不動橋駐車場前",
        "name": "不動橋駐車場前",
        "operator": "事業者不明",
        "ref": "",
        "url": "",
        "url2": ""
      }
    },
    {
      "type": "Feature",
      "geometry": {
        "type": "Point",
        "coordinates": [
          137.2554266,
          36.1494823
        ]
      },
      "properties": {
        "内容": "バス停: 不動橋駐車場前",
        "name": "不動橋駐車場前",
        "operator": "事業者不明",
        "ref": "",
        "url": "",
        "url2": ""
      }
    },
    {
      "type": "Feature",
      "geometry": {
        "type": "Point",
        "coordinates": [
          137.2562521,
          36.146913
        ]
      },
      "properties": {
        "内容": "バス停: 清徳会宙前",
        "name": "清徳会宙前",
        "operator": "事業者不明",
        "ref": "",
        "url": "",
        "url2": ""
      }
    },
    {
      "type": "Feature",
      "geometry": {
        "type": "Point",
        "coordinates": [
          137.2562487,
          36.1469233
        ]
      },
      "properties": {
        "内容": "バス停: 清徳会宙前",
        "name": "清徳会宙前",
        "operator": "事業者不明",
        "ref": "",
        "url": "",
        "url2": ""
      }
    },
    {
      "type": "Feature",
      "geometry": {
        "type": "Point",
        "coordinates": [
          137.2572505,
          36.1442083
        ]
      },
      "properties": {
        "内容": "バス停: 本町3丁目",
        "name": "本町3丁目",
        "operator": "事業者不明",
        "ref": "",
        "url": "",
        "url2": ""
      }
    },
    {
      "type": "Feature",
      "geometry": {
        "type": "Point",
        "coordinates": [
          137.2516313,
          36.1458479
        ]
      },
      "properties": {
        "内容": "バス停: 名称不明バス停",
        "name": "名称不明バス停",
        "operator": "事業者不明",
        "ref": "",
        "url": "",
        "url2": ""
      }
    },
    {
      "type": "Feature",
      "geometry": {
        "type": "Point",
        "coordinates": [
          137.2516327,
          36.1458133
        ]
      },
      "properties": {
        "内容": "バス停: 市役所",
        "name": "市役所",
        "operator": "事業者不明",
        "ref": "",
        "url": "",
        "url2": ""
      }
    },
    {
      "type": "Feature",
      "geometry": {
        "type": "Point",
        "coordinates": [
          137.2489853,
          36.1441671
        ]
      },
      "properties": {
        "内容": "バス停: 総合福祉センター",
        "name": "総合福祉センター",
        "operator": "事業者不明",
        "ref": "",
        "url": "",
        "url2": ""
      }
    },
    {
      "type": "Feature",
      "geometry": {
        "type": "Point",
        "coordinates": [
          137.2493421,
          36.1438823
        ]
      },
      "properties": {
        "内容": "バス停: 名称不明バス停",
        "name": "名称不明バス停",
        "operator": "事業者不明",
        "ref": "",
        "url": "",
        "url2": ""
      }
    },
    {
      "type": "Feature",
      "geometry": {
        "type": "Point",
        "coordinates": [
          137.2479084,
          36.1422394
        ]
      },
      "properties": {
        "内容": "バス停: 市民文化 会館北",
        "name": "市民文化 会館北",
        "operator": "事業者不明",
        "ref": "",
        "url": "",
        "url2": ""
      }
    },
    {
      "type": "Feature",
      "geometry": {
        "type": "Point",
        "coordinates": [
          137.2478065,
          36.1434502
        ]
      },
      "properties": {
        "内容": "バス停: アスモ前",
        "name": "アスモ前",
        "operator": "事業者不明",
        "ref": "",
        "url": "",
        "url2": ""
      }
    },
    {
      "type": "Feature",
      "geometry": {
        "type": "Point",
        "coordinates": [
          137.245945,
          36.1405618
        ]
      },
      "properties": {
        "内容": "バス停: 名称不明バス停",
        "name": "名称不明バス停",
        "operator": "事業者不明",
        "ref": "",
        "url": "",
        "url2": ""
      }
    },
    {
      "type": "Feature",
      "geometry": {
        "type": "Point",
        "coordinates": [
          137.2459383,
          36.1404502
        ]
      },
      "properties": {
        "内容": "バス停: 名称不明バス停",
        "name": "名称不明バス停",
        "operator": "事業者不明",
        "ref": "",
        "url": "",
        "url2": ""
      }
    },
    {
      "type": "Feature",
      "geometry": {
        "type": "Point",
        "coordinates": [
          137.2459584,
          36.1404524
        ]
      },
      "properties": {
        "内容": "バス停: 名称不明バス停",
        "name": "名称不明バス停",
        "operator": "事業者不明",
        "ref": "",
        "url": "",
        "url2": ""
      }
    },
    {
      "type": "Feature",
      "geometry": {
        "type": "Point",
        "coordinates": [
          137.2486252,
          36.1407405
        ]
      },
      "properties": {
        "内容": "バス停: 市民文化会館前",
        "name": "市民文化会館前",
        "operator": "事業者不明",
        "ref": "",
        "url": "",
        "url2": ""
      }
    },
    {
      "type": "Feature",
      "geometry": {
        "type": "Point",
        "coordinates": [
          137.2485816,
          36.1406149
        ]
      },
      "properties": {
        "内容": "バス停: 市民文化会館前",
        "name": "市民文化会館前",
        "operator": "事業者不明",
        "ref": "",
        "url": "",
        "url2": ""
      }
    },
    {
      "type": "Feature",
      "geometry": {
        "type": "Point",
        "coordinates": [
          137.248638,
          36.1406214
        ]
      },
      "properties": {
        "内容": "バス停: 市民文化会館前",
        "name": "市民文化会館前",
        "operator": "事業者不明",
        "ref": "",
        "url": "",
        "url2": ""
      }
    },
    {
      "type": "Feature",
      "geometry": {
        "type": "Point",
        "coordinates": [
          137.249338,
          36.1411174
        ]
      },
      "properties": {
        "内容": "バス停: 高信駅西支店前",
        "name": "高信駅西支店前",
        "operator": "事業者不明",
        "ref": "",
        "url": "",
        "url2": ""
      }
    },
    {
      "type": "Feature",
      "geometry": {
        "type": "Point",
        "coordinates": [
          137.2495258,
          36.1412214
        ]
      },
      "properties": {
        "内容": "バス停: 高信駅西支店前",
        "name": "高信駅西支店前",
        "operator": "事業者不明",
        "ref": "",
        "url": "",
        "url2": ""
      }
    },
    {
      "type": "Feature",
      "geometry": {
        "type": "Point",
        "coordinates": [
          137.2503398,
          36.1411423
        ]
      },
      "properties": {
        "内容": "バス停: 高山駅 白山口",
        "name": "高山駅 白山口",
        "operator": "事業者不明",
        "ref": "",
        "url": "",
        "url2": ""
      }
    },
    {
      "type": "Feature",
      "geometry": {
        "type": "Point",
        "coordinates": [
          137.2512773,
          36.1479348
        ]
      },
      "properties": {
        "内容": "バス停: 基準監督署前",
        "name": "基準監督署前",
        "operator": "事業者不明",
        "ref": "",
        "url": "",
        "url2": ""
      }
    },
    {
      "type": "Feature",
      "geometry": {
        "type": "Point",
        "coordinates": [
          136.8619633,
          35.3846214
        ]
      },
      "properties": {
        "内容": "バス停: 川崎重工ホッケースタジアム前",
        "name": "川崎重工ホッケースタジアム前",
        "operator": "事業者不明",
        "ref": "",
        "url": "",
        "url2": ""
      }
    },
    {
      "type": "Feature",
      "geometry": {
        "type": "Point",
        "coordinates": [
          136.847114,
          35.4007427
        ]
      },
      "properties": {
        "内容": "バス停: 各務原市役所前駅",
        "name": "各務原市役所前駅",
        "operator": "事業者不明",
        "ref": "",
        "url": "",
        "url2": ""
      }
    },
    {
      "type": "Feature",
      "geometry": {
        "type": "Point",
        "coordinates": [
          136.8470999,
          35.400614
        ]
      },
      "properties": {
        "内容": "バス停: 各務原市役所前駅",
        "name": "各務原市役所前駅",
        "operator": "事業者不明",
        "ref": "",
        "url": "",
        "url2": ""
      }
    },
    {
      "type": "Feature",
      "geometry": {
        "type": "Point",
        "coordinates": [
          136.8505284,
          35.3826215
        ]
      },
      "properties": {
        "内容": "バス停: 稲羽中学校",
        "name": "稲羽中学校",
        "operator": "事業者不明",
        "ref": "",
        "url": "",
        "url2": ""
      }
    },
    {
      "type": "Feature",
      "geometry": {
        "type": "Point",
        "coordinates": [
          136.8499994,
          35.3828183
        ]
      },
      "properties": {
        "内容": "バス停: 稲羽中学校",
        "name": "稲羽中学校",
        "operator": "事業者不明",
        "ref": "",
        "url": "",
        "url2": ""
      }
    },
    {
      "type": "Feature",
      "geometry": {
        "type": "Point",
        "coordinates": [
          136.8524358,
          35.3820173
        ]
      },
      "properties": {
        "内容": "バス停: JAぎふ稲羽支店前",
        "name": "JAぎふ稲羽支店前",
        "operator": "事業者不明",
        "ref": "",
        "url": "",
        "url2": ""
      }
    },
    {
      "type": "Feature",
      "geometry": {
        "type": "Point",
        "coordinates": [
          137.2801727,
          36.1499891
        ]
      },
      "properties": {
        "内容": "バス停: 松之木農協前 (濃飛バス)",
        "name": "松之木農協前",
        "operator": "濃飛バス",
        "ref": "",
        "url": "",
        "url2": ""
      }
    },
    {
      "type": "Feature",
      "geometry": {
        "type": "Point",
        "coordinates": [
          137.2801539,
          36.1499826
        ]
      },
      "properties": {
        "内容": "バス停: 松之木農協前 (濃飛バス)",
        "name": "松之木農協前",
        "operator": "濃飛バス",
        "ref": "",
        "url": "",
        "url2": ""
      }
    },
    {
      "type": "Feature",
      "geometry": {
        "type": "Point",
        "coordinates": [
          137.280111,
          36.1498277
        ]
      },
      "properties": {
        "内容": "バス停: 松之木農協前 (濃飛バス)",
        "name": "松之木農協前",
        "operator": "濃飛バス",
        "ref": "",
        "url": "",
        "url2": ""
      }
    },
    {
      "type": "Feature",
      "geometry": {
        "type": "Point",
        "coordinates": [
          137.2801298,
          36.1498342
        ]
      },
      "properties": {
        "内容": "バス停: 松之木農協前 (濃飛バス)",
        "name": "松之木農協前",
        "operator": "濃飛バス",
        "ref": "",
        "url": "",
        "url2": ""
      }
    },
    {
      "type": "Feature",
      "geometry": {
        "type": "Point",
        "coordinates": [
          137.2726357,
          36.1479077
        ]
      },
      "properties": {
        "内容": "バス停: 東小学校口 (濃飛バス)",
        "name": "東小学校口",
        "operator": "濃飛バス",
        "ref": "",
        "url": "",
        "url2": ""
      }
    },
    {
      "type": "Feature",
      "geometry": {
        "type": "Point",
        "coordinates": [
          137.2674523,
          36.1459251
        ]
      },
      "properties": {
        "内容": "バス停: 長坂辻 (濃飛バス)",
        "name": "長坂辻",
        "operator": "濃飛バス",
        "ref": "",
        "url": "",
        "url2": ""
      }
    },
    {
      "type": "Feature",
      "geometry": {
        "type": "Point",
        "coordinates": [
          137.2729401,
          36.1479001
        ]
      },
      "properties": {
        "内容": "バス停: 東小学校口 (濃飛バス)",
        "name": "東小学校口",
        "operator": "濃飛バス",
        "ref": "",
        "url": "",
        "url2": ""
      }
    },
    {
      "type": "Feature",
      "geometry": {
        "type": "Point",
        "coordinates": [
          137.2729562,
          36.1479099
        ]
      },
      "properties": {
        "内容": "バス停: 東小学校口 (濃飛バス)",
        "name": "東小学校口",
        "operator": "濃飛バス",
        "ref": "",
        "url": "",
        "url2": ""
      }
    },
    {
      "type": "Feature",
      "geometry": {
        "type": "Point",
        "coordinates": [
          137.2726263,
          36.1479034
        ]
      },
      "properties": {
        "内容": "バス停: 東小学校口 (濃飛バス)",
        "name": "東小学校口",
        "operator": "濃飛バス",
        "ref": "",
        "url": "",
        "url2": ""
      }
    },
    {
      "type": "Feature",
      "geometry": {
        "type": "Point",
        "coordinates": [
          137.2674604,
          36.1459248
        ]
      },
      "properties": {
        "内容": "バス停: 長坂辻 (濃飛バス)",
        "name": "長坂辻",
        "operator": "濃飛バス",
        "ref": "",
        "url": "",
        "url2": ""
      }
    },
    {
      "type": "Feature",
      "geometry": {
        "type": "Point",
        "coordinates": [
          137.2672525,
          36.1456346
        ]
      },
      "properties": {
        "内容": "バス停: 長坂辻 (濃飛バス)",
        "name": "長坂辻",
        "operator": "濃飛バス",
        "ref": "",
        "url": "",
        "url2": ""
      }
    },
    {
      "type": "Feature",
      "geometry": {
        "type": "Point",
        "coordinates": [
          137.2923835,
          36.1549248
        ]
      },
      "properties": {
        "内容": "バス停: 自動車学校前 (濃飛バス)",
        "name": "自動車学校前",
        "operator": "濃飛バス",
        "ref": "",
        "url": "",
        "url2": ""
      }
    },
    {
      "type": "Feature",
      "geometry": {
        "type": "Point",
        "coordinates": [
          137.2927161,
          36.154627
        ]
      },
      "properties": {
        "内容": "バス停: 自動車学校前 (濃飛バス)",
        "name": "自動車学校前",
        "operator": "濃飛バス",
        "ref": "",
        "url": "",
        "url2": ""
      }
    },
    {
      "type": "Feature",
      "geometry": {
        "type": "Point",
        "coordinates": [
          137.2927,
          36.1546379
        ]
      },
      "properties": {
        "内容": "バス停: 自動車学校前 (濃飛バス)",
        "name": "自動車学校前",
        "operator": "濃飛バス",
        "ref": "",
        "url": "",
        "url2": ""
      }
    },
    {
      "type": "Feature",
      "geometry": {
        "type": "Point",
        "coordinates": [
          137.2924009,
          36.1549208
        ]
      },
      "properties": {
        "内容": "バス停: 自動車学校前 (濃飛バス)",
        "name": "自動車学校前",
        "operator": "濃飛バス",
        "ref": "",
        "url": "",
        "url2": ""
      }
    },
    {
      "type": "Feature",
      "geometry": {
        "type": "Point",
        "coordinates": [
          137.1164976,
          35.3415209
        ]
      },
      "properties": {
        "内容": "バス停: バロー多治見店前 (東農鉄道株式会社)",
        "name": "バロー多治見店前",
        "operator": "東農鉄道株式会社",
        "ref": "15",
        "url": "",
        "url2": ""
      }
    },
    {
      "type": "Feature",
      "geometry": {
        "type": "Point",
        "coordinates": [
          137.1115632,
          35.3332859
        ]
      },
      "properties": {
        "内容": "バス停: 総合福祉センター・太平公園 (東農鉄道株式会社)",
        "name": "総合福祉センター・太平公園",
        "operator": "東農鉄道株式会社",
        "ref": "39",
        "url": "",
        "url2": ""
      }
    },
    {
      "type": "Feature",
      "geometry": {
        "type": "Point",
        "coordinates": [
          137.1073494,
          35.3428362
        ]
      },
      "properties": {
        "内容": "バス停: ゲンキー多治見西店 (東農鉄道株式会社)",
        "name": "ゲンキー多治見西店",
        "operator": "東農鉄道株式会社",
        "ref": "43",
        "url": "",
        "url2": ""
      }
    },
    {
      "type": "Feature",
      "geometry": {
        "type": "Point",
        "coordinates": [
          137.1077779,
          35.3412083
        ]
      },
      "properties": {
        "内容": "バス停: 宝町南 (東農鉄道株式会社)",
        "name": "宝町南",
        "operator": "東農鉄道株式会社",
        "ref": "41",
        "url": "",
        "url2": ""
      }
    },
    {
      "type": "Feature",
      "geometry": {
        "type": "Point",
        "coordinates": [
          137.1102697,
          35.3382426
        ]
      },
      "properties": {
        "内容": "バス停: 太平町 (東農鉄道株式会社)",
        "name": "太平町",
        "operator": "東農鉄道株式会社",
        "ref": "40",
        "url": "",
        "url2": ""
      }
    },
    {
      "type": "Feature",
      "geometry": {
        "type": "Point",
        "coordinates": [
          137.1198427,
          35.3364078
        ]
      },
      "properties": {
        "内容": "バス停: 駅北庁舎 (東農鉄道株式会社)",
        "name": "駅北庁舎",
        "operator": "東農鉄道株式会社",
        "ref": "53",
        "url": "",
        "url2": ""
      }
    },
    {
      "type": "Feature",
      "geometry": {
        "type": "Point",
        "coordinates": [
          137.1070099,
          35.3322176
        ]
      },
      "properties": {
        "内容": "バス停: 池田 (東農鉄道株式会社)",
        "name": "池田",
        "operator": "東農鉄道株式会社",
        "ref": "57",
        "url": "",
        "url2": ""
      }
    },
    {
      "type": "Feature",
      "geometry": {
        "type": "Point",
        "coordinates": [
          137.1156989,
          35.336836
        ]
      },
      "properties": {
        "内容": "バス停: 多治見郵便局・ハローワーク南 (東農鉄道株式会社)",
        "name": "多治見郵便局・ハローワーク南",
        "operator": "東農鉄道株式会社",
        "ref": "14",
        "url": "",
        "url2": ""
      }
    },
    {
      "type": "Feature",
      "geometry": {
        "type": "Point",
        "coordinates": [
          137.1541474,
          35.3327214
        ]
      },
      "properties": {
        "内容": "バス停: セラミックパークMINO (東農鉄道株式会社)",
        "name": "セラミックパークMINO",
        "operator": "東農鉄道株式会社",
        "ref": "50",
        "url": "",
        "url2": ""
      }
    },
    {
      "type": "Feature",
      "geometry": {
        "type": "Point",
        "coordinates": [
          137.5416979,
          35.5120808
        ]
      },
      "properties": {
        "内容": "バス停: 石畳入口",
        "name": "石畳入口",
        "operator": "事業者不明",
        "ref": "",
        "url": "",
        "url2": ""
      }
    },
    {
      "type": "Feature",
      "geometry": {
        "type": "Point",
        "coordinates": [
          137.1218908,
          35.3360864
        ]
      },
      "properties": {
        "内容": "バス停: 多治見駅 (東濃鉄道株式会社)",
        "name": "多治見駅",
        "operator": "東濃鉄道株式会社",
        "ref": "",
        "url": "",
        "url2": ""
      }
    },
    {
      "type": "Feature",
      "geometry": {
        "type": "Point",
        "coordinates": [
          137.1223448,
          35.3352724
        ]
      },
      "properties": {
        "内容": "バス停: 多治見駅前 (東農鉄道株式会社)",
        "name": "多治見駅前",
        "operator": "東農鉄道株式会社",
        "ref": "",
        "url": "",
        "url2": ""
      }
    },
    {
      "type": "Feature",
      "geometry": {
        "type": "Point",
        "coordinates": [
          137.1223201,
          35.3352345
        ]
      },
      "properties": {
        "内容": "バス停: 多治見駅前 (東農鉄道株式会社)",
        "name": "多治見駅前",
        "operator": "東農鉄道株式会社",
        "ref": "",
        "url": "",
        "url2": ""
      }
    },
    {
      "type": "Feature",
      "geometry": {
        "type": "Point",
        "coordinates": [
          137.1222966,
          35.3351919
        ]
      },
      "properties": {
        "内容": "バス停: 多治見駅前 (東農鉄道株式会社)",
        "name": "多治見駅前",
        "operator": "東農鉄道株式会社",
        "ref": "",
        "url": "",
        "url2": ""
      }
    },
    {
      "type": "Feature",
      "geometry": {
        "type": "Point",
        "coordinates": [
          137.121846,
          35.3351129
        ]
      },
      "properties": {
        "内容": "バス停: 多治見駅前 (東農鉄道株式会社)",
        "name": "多治見駅前",
        "operator": "東農鉄道株式会社",
        "ref": "",
        "url": "",
        "url2": ""
      }
    },
    {
      "type": "Feature",
      "geometry": {
        "type": "Point",
        "coordinates": [
          137.1218811,
          35.3350703
        ]
      },
      "properties": {
        "内容": "バス停: 多治見駅前 (東農鉄道株式会社)",
        "name": "多治見駅前",
        "operator": "東農鉄道株式会社",
        "ref": "",
        "url": "",
        "url2": ""
      }
    }
  ]
}