{
"type": "FeatureCollection",
"name": "geo_21_小学校",
"crs": { "type": "name", "properties": { "name": "urn:ogc:def:crs:EPSG::6668" } },
"features": [
{ "type": "Feature", "properties": { "P29_001": "21201", "P29_002": "B121220100012", "P29_003": "16001", "P29_004": "岐阜市立岐阜小学校", "P29_005": "岐阜県岐阜市大工町1", "P29_006": "3", "P29_007": "1", "P29_008": "00", "P29_009": null }, "geometry": { "type": "Point", "coordinates": [ 136.766074855066876, 35.433568958962006 ] } },
{ "type": "Feature", "properties": { "P29_001": "21201", "P29_002": "B121220100021", "P29_003": "16001", "P29_004": "岐阜市立明郷小学校", "P29_005": "岐阜県岐阜市本郷町3-1", "P29_006": "3", "P29_007": "1", "P29_008": "00", "P29_009": null }, "geometry": { "type": "Point", "coordinates": [ 136.748773620665958, 35.422214336935653 ] } },
{ "type": "Feature", "properties": { "P29_001": "21201", "P29_002": "B121220100030", "P29_003": "16001", "P29_004": "岐阜市立徹明さくら小学校", "P29_005": "岐阜県岐阜市木ノ本町1-18", "P29_006": "3", "P29_007": "1", "P29_008": "00", "P29_009": null }, "geometry": { "type": "Point", "coordinates": [ 136.748314661008607, 35.414810723532774 ] } },
{ "type": "Feature", "properties": { "P29_001": "21201", "P29_002": "B121220100049", "P29_003": "16001", "P29_004": "岐阜市立白山小学校", "P29_005": "岐阜県岐阜市白山町2-1-1", "P29_006": "3", "P29_007": "1", "P29_008": "00", "P29_009": null }, "geometry": { "type": "Point", "coordinates": [ 136.766233052616656, 35.412832474205679 ] } },
{ "type": "Feature", "properties": { "P29_001": "21201", "P29_002": "B121220100058", "P29_003": "16001", "P29_004": "岐阜市立梅林小学校", "P29_005": "岐阜県岐阜市金竜町6-6", "P29_006": "3", "P29_007": "1", "P29_008": "00", "P29_009": null }, "geometry": { "type": "Point", "coordinates": [ 136.771003485460994, 35.416407099523049 ] } },
{ "type": "Feature", "properties": { "P29_001": "21201", "P29_002": "B121220100067", "P29_003": "16001", "P29_004": "岐阜市立華陽小学校", "P29_005": "岐阜県岐阜市華陽5-1", "P29_006": "3", "P29_007": "1", "P29_008": "00", "P29_009": null }, "geometry": { "type": "Point", "coordinates": [ 136.769794459559677, 35.408753984893131 ] } },
{ "type": "Feature", "properties": { "P29_001": "21201", "P29_002": "B121220100076", "P29_003": "16001", "P29_004": "岐阜市立本荘小学校", "P29_005": "岐阜県岐阜市此花町6-29", "P29_006": "3", "P29_007": "1", "P29_008": "00", "P29_009": null }, "geometry": { "type": "Point", "coordinates": [ 136.736897839090375, 35.411385757228786 ] } },
{ "type": "Feature", "properties": { "P29_001": "21201", "P29_002": "B121220100085", "P29_003": "16001", "P29_004": "岐阜市立日野小学校", "P29_005": "岐阜県岐阜市日野北1-4-1", "P29_006": "3", "P29_007": "1", "P29_008": "00", "P29_009": null }, "geometry": { "type": "Point", "coordinates": [ 136.803408899812155, 35.438283363160565 ] } },
{ "type": "Feature", "properties": { "P29_001": "21201", "P29_002": "B121220100094", "P29_003": "16001", "P29_004": "岐阜市立長良小学校", "P29_005": "岐阜県岐阜市長良259", "P29_006": "3", "P29_007": "1", "P29_008": "00", "P29_009": null }, "geometry": { "type": "Point", "coordinates": [ 136.776887421308629, 35.446742003984319 ] } },
{ "type": "Feature", "properties": { "P29_001": "21201", "P29_002": "B121220100101", "P29_003": "16001", "P29_004": "岐阜市立島小学校", "P29_005": "岐阜県岐阜市北島7-6-12", "P29_006": "3", "P29_007": "1", "P29_008": "00", "P29_009": null }, "geometry": { "type": "Point", "coordinates": [ 136.734765288978082, 35.429358583765854 ] } },
{ "type": "Feature", "properties": { "P29_001": "21201", "P29_002": "B121220100110", "P29_003": "16001", "P29_004": "岐阜市立三里小学校", "P29_005": "岐阜県岐阜市六条北2-5-1", "P29_006": "3", "P29_007": "1", "P29_008": "00", "P29_009": null }, "geometry": { "type": "Point", "coordinates": [ 136.742487839386172, 35.402857750874539 ] } },
{ "type": "Feature", "properties": { "P29_001": "21201", "P29_002": "B121220100129", "P29_003": "16001", "P29_004": "岐阜市立鷺山小学校", "P29_005": "岐阜県岐阜市鷺山北町9-12", "P29_006": "3", "P29_007": "1", "P29_008": "00", "P29_009": null }, "geometry": { "type": "Point", "coordinates": [ 136.752140252618773, 35.451601954622078 ] } },
{ "type": "Feature", "properties": { "P29_001": "21201", "P29_002": "B121220100138", "P29_003": "16001", "P29_004": "岐阜市立加納小学校", "P29_005": "岐阜県岐阜市加納西丸町1-73-2", "P29_006": "3", "P29_007": "1", "P29_008": "00", "P29_009": null }, "geometry": { "type": "Point", "coordinates": [ 136.761912171120656, 35.401361758871182 ] } },
{ "type": "Feature", "properties": { "P29_001": "21201", "P29_002": "B121220100147", "P29_003": "16001", "P29_004": "岐阜市立加納西小学校", "P29_005": "岐阜県岐阜市加納高柳町1-1", "P29_006": "3", "P29_007": "1", "P29_008": "00", "P29_009": null }, "geometry": { "type": "Point", "coordinates": [ 136.75077455512087, 35.404192948234154 ] } },
{ "type": "Feature", "properties": { "P29_001": "21201", "P29_002": "B121220100156", "P29_003": "16001", "P29_004": "岐阜市立則武小学校", "P29_005": "岐阜県岐阜市則武209-2", "P29_006": "3", "P29_007": "1", "P29_008": "00", "P29_009": null }, "geometry": { "type": "Point", "coordinates": [ 136.741540316464892, 35.445951644870036 ] } },
{ "type": "Feature", "properties": { "P29_001": "21201", "P29_002": "B121220100165", "P29_003": "16001", "P29_004": "岐阜市立長森南小学校", "P29_005": "岐阜県岐阜市切通5-12-1", "P29_006": "3", "P29_007": "1", "P29_008": "00", "P29_009": null }, "geometry": { "type": "Point", "coordinates": [ 136.798184192210726, 35.396297972731809 ] } },
{ "type": "Feature", "properties": { "P29_001": "21201", "P29_002": "B121220100174", "P29_003": "16001", "P29_004": "岐阜市立長森北小学校", "P29_005": "岐阜県岐阜市野一色3-1-3", "P29_006": "3", "P29_007": "1", "P29_008": "00", "P29_009": null }, "geometry": { "type": "Point", "coordinates": [ 136.799303298838481, 35.41539495125884 ] } },
{ "type": "Feature", "properties": { "P29_001": "21201", "P29_002": "B121220100183", "P29_003": "16001", "P29_004": "岐阜市立常磐小学校", "P29_005": "岐阜県岐阜市上土居838", "P29_006": "3", "P29_007": "1", "P29_008": "00", "P29_009": null }, "geometry": { "type": "Point", "coordinates": [ 136.763820575533458, 35.46075421574789 ] } },
{ "type": "Feature", "properties": { "P29_001": "21201", "P29_002": "B121220100192", "P29_003": "16001", "P29_004": "岐阜市立木田小学校", "P29_005": "岐阜県岐阜市木田2-173", "P29_006": "3", "P29_007": "1", "P29_008": "00", "P29_009": null }, "geometry": { "type": "Point", "coordinates": [ 136.719331404215438, 35.443444580062092 ] } },
{ "type": "Feature", "properties": { "P29_001": "21201", "P29_002": "B121220100209", "P29_003": "16001", "P29_004": "岐阜市立岩野田小学校", "P29_005": "岐阜県岐阜市粟野西2-33", "P29_006": "3", "P29_007": "1", "P29_008": "00", "P29_009": null }, "geometry": { "type": "Point", "coordinates": [ 136.781154641617263, 35.478508818776902 ] } },
{ "type": "Feature", "properties": { "P29_001": "21201", "P29_002": "B121220100218", "P29_003": "16001", "P29_004": "岐阜市立黒野小学校", "P29_005": "岐阜県岐阜市古市場20-1", "P29_006": "3", "P29_007": "1", "P29_008": "00", "P29_009": null }, "geometry": { "type": "Point", "coordinates": [ 136.71888136510799, 35.46431842934502 ] } },
{ "type": "Feature", "properties": { "P29_001": "21201", "P29_002": "B121220100227", "P29_003": "16001", "P29_004": "岐阜市立方県小学校", "P29_005": "岐阜県岐阜市安食3-115", "P29_006": "3", "P29_007": "1", "P29_008": "00", "P29_009": null }, "geometry": { "type": "Point", "coordinates": [ 136.728829720853184, 35.49743309461838 ] } },
{ "type": "Feature", "properties": { "P29_001": "21201", "P29_002": "B121220100236", "P29_003": "16001", "P29_004": "岐阜市立茜部小学校", "P29_005": "岐阜県岐阜市茜部新所4-91-3", "P29_006": "3", "P29_007": "1", "P29_008": "00", "P29_009": null }, "geometry": { "type": "Point", "coordinates": [ 136.755022546614128, 35.381611109262771 ] } },
{ "type": "Feature", "properties": { "P29_001": "21201", "P29_002": "B121220100245", "P29_003": "16001", "P29_004": "岐阜市立鶉小学校", "P29_005": "岐阜県岐阜市中鶉4-189-1", "P29_006": "3", "P29_007": "1", "P29_008": "00", "P29_009": null }, "geometry": { "type": "Point", "coordinates": [ 136.733531903136679, 35.378922448928058 ] } },
{ "type": "Feature", "properties": { "P29_001": "21201", "P29_002": "B121220100254", "P29_003": "16001", "P29_004": "岐阜市立七郷小学校", "P29_005": "岐阜県岐阜市西改田字川向94-1", "P29_006": "3", "P29_007": "1", "P29_008": "00", "P29_009": null }, "geometry": { "type": "Point", "coordinates": [ 136.706369361447003, 35.449996853620057 ] } },
{ "type": "Feature", "properties": { "P29_001": "21201", "P29_002": "B121220100263", "P29_003": "16001", "P29_004": "岐阜市立西郷小学校", "P29_005": "岐阜県岐阜市中西郷4-261", "P29_006": "3", "P29_007": "1", "P29_008": "00", "P29_009": null }, "geometry": { "type": "Point", "coordinates": [ 136.696860522128816, 35.471564457172221 ] } },
{ "type": "Feature", "properties": { "P29_001": "21201", "P29_002": "B121220100272", "P29_003": "16001", "P29_004": "岐阜市立市橋小学校", "P29_005": "岐阜県岐阜市市橋6-6-28", "P29_006": "3", "P29_007": "1", "P29_008": "00", "P29_009": null }, "geometry": { "type": "Point", "coordinates": [ 136.720391928584036, 35.402047470736271 ] } },
{ "type": "Feature", "properties": { "P29_001": "21201", "P29_002": "B121220100281", "P29_003": "16001", "P29_004": "岐阜市立岩小学校", "P29_005": "岐阜県岐阜市岩滝西1-612", "P29_006": "3", "P29_007": "1", "P29_008": "00", "P29_009": null }, "geometry": { "type": "Point", "coordinates": [ 136.840804011802987, 35.435548845364501 ] } },
{ "type": "Feature", "properties": { "P29_001": "21201", "P29_002": "B121220100290", "P29_003": "16001", "P29_004": "岐阜市立鏡島小学校", "P29_005": "岐阜県岐阜市鏡島西2-2-1", "P29_006": "3", "P29_007": "1", "P29_008": "00", "P29_009": null }, "geometry": { "type": "Point", "coordinates": [ 136.717048598972156, 35.410505185158357 ] } },
{ "type": "Feature", "properties": { "P29_001": "21201", "P29_002": "B121220100307", "P29_003": "16001", "P29_004": "岐阜市立厚見小学校", "P29_005": "岐阜県岐阜市上川手198-5", "P29_006": "3", "P29_007": "1", "P29_008": "00", "P29_009": null }, "geometry": { "type": "Point", "coordinates": [ 136.771403143843884, 35.397312727198681 ] } },
{ "type": "Feature", "properties": { "P29_001": "21201", "P29_002": "B121220100316", "P29_003": "16001", "P29_004": "岐阜市立長良西小学校", "P29_005": "岐阜県岐阜市千代田町2-1", "P29_006": "3", "P29_007": "1", "P29_008": "00", "P29_009": null }, "geometry": { "type": "Point", "coordinates": [ 136.769549932844541, 35.445276164465547 ] } },
{ "type": "Feature", "properties": { "P29_001": "21201", "P29_002": "B121220100325", "P29_003": "16001", "P29_004": "岐阜市立早田小学校", "P29_005": "岐阜県岐阜市学園町2-35", "P29_006": "3", "P29_007": "1", "P29_008": "00", "P29_009": null }, "geometry": { "type": "Point", "coordinates": [ 136.756748567316436, 35.440214738324961 ] } },
{ "type": "Feature", "properties": { "P29_001": "21201", "P29_002": "B121220100334", "P29_003": "16001", "P29_004": "岐阜市立且格小学校", "P29_005": "岐阜県岐阜市日置江1859-1", "P29_006": "3", "P29_007": "1", "P29_008": "00", "P29_009": null }, "geometry": { "type": "Point", "coordinates": [ 136.706472336604122, 35.373814881042627 ] } },
{ "type": "Feature", "properties": { "P29_001": "21201", "P29_002": "B121220100343", "P29_003": "16001", "P29_004": "岐阜市立芥見小学校", "P29_005": "岐阜県岐阜市芥見2-213", "P29_006": "3", "P29_007": "1", "P29_008": "00", "P29_009": null }, "geometry": { "type": "Point", "coordinates": [ 136.841703767085846, 35.453027191426834 ] } },
{ "type": "Feature", "properties": { "P29_001": "21201", "P29_002": "B121220100352", "P29_003": "16001", "P29_004": "岐阜市立合渡小学校", "P29_005": "岐阜県岐阜市寺田1-1", "P29_006": "3", "P29_007": "1", "P29_008": "00", "P29_009": null }, "geometry": { "type": "Point", "coordinates": [ 136.706906100681152, 35.417070941440166 ] } },
{ "type": "Feature", "properties": { "P29_001": "21201", "P29_002": "B121220100361", "P29_003": "16001", "P29_004": "岐阜市立三輪南小学校", "P29_005": "岐阜県岐阜市太郎丸1034", "P29_006": "3", "P29_007": "1", "P29_008": "00", "P29_009": null }, "geometry": { "type": "Point", "coordinates": [ 136.826771513951741, 35.490401220725019 ] } },
{ "type": "Feature", "properties": { "P29_001": "21201", "P29_002": "B121220100370", "P29_003": "16001", "P29_004": "岐阜市立三輪北小学校", "P29_005": "岐阜県岐阜市北野東356", "P29_006": "3", "P29_007": "1", "P29_008": "00", "P29_009": null }, "geometry": { "type": "Point", "coordinates": [ 136.833798851340362, 35.5041617831289 ] } },
{ "type": "Feature", "properties": { "P29_001": "21201", "P29_002": "B121220100389", "P29_003": "16001", "P29_004": "岐阜市立網代小学校", "P29_005": "岐阜県岐阜市秋沢2-156-1", "P29_006": "3", "P29_007": "1", "P29_008": "00", "P29_009": null }, "geometry": { "type": "Point", "coordinates": [ 136.701437368172918, 35.503296668510608 ] } },
{ "type": "Feature", "properties": { "P29_001": "21201", "P29_002": "B121220100398", "P29_003": "16001", "P29_004": "岐阜市立城西小学校", "P29_005": "岐阜県岐阜市則武西1-8-1", "P29_006": "3", "P29_007": "1", "P29_008": "00", "P29_009": null }, "geometry": { "type": "Point", "coordinates": [ 136.734064159551394, 35.44104395861531 ] } },
{ "type": "Feature", "properties": { "P29_001": "21201", "P29_002": "B121220100405", "P29_003": "16001", "P29_004": "岐阜市立藍川小学校", "P29_005": "岐阜県岐阜市加野3-3-5", "P29_006": "3", "P29_007": "1", "P29_008": "00", "P29_009": null }, "geometry": { "type": "Point", "coordinates": [ 136.825055347802561, 35.462386366047987 ] } },
{ "type": "Feature", "properties": { "P29_001": "21201", "P29_002": "B121220100414", "P29_003": "16001", "P29_004": "岐阜市立長良東小学校", "P29_005": "岐阜県岐阜市長良真生町3-9", "P29_006": "3", "P29_007": "1", "P29_008": "00", "P29_009": null }, "geometry": { "type": "Point", "coordinates": [ 136.781538605570148, 35.449070444311801 ] } },
{ "type": "Feature", "properties": { "P29_001": "21201", "P29_002": "B121220100423", "P29_003": "16001", "P29_004": "岐阜市立長森西小学校", "P29_005": "岐阜県岐阜市北一色5-5-1", "P29_006": "3", "P29_007": "1", "P29_008": "00", "P29_009": null }, "geometry": { "type": "Point", "coordinates": [ 136.788912777541981, 35.412100179904066 ] } },
{ "type": "Feature", "properties": { "P29_001": "21201", "P29_002": "B121220100432", "P29_003": "16001", "P29_004": "岐阜市立芥見東小学校", "P29_005": "岐阜県岐阜市大洞桜台1-2", "P29_006": "3", "P29_007": "1", "P29_008": "00", "P29_009": null }, "geometry": { "type": "Point", "coordinates": [ 136.864282892709838, 35.458492212950887 ] } },
{ "type": "Feature", "properties": { "P29_001": "21201", "P29_002": "B121220100441", "P29_003": "16001", "P29_004": "岐阜市立岩野田北小学校", "P29_005": "岐阜県岐阜市粟野東2-33-3", "P29_006": "3", "P29_007": "1", "P29_008": "00", "P29_009": null }, "geometry": { "type": "Point", "coordinates": [ 136.780676388199339, 35.484589133421366 ] } },
{ "type": "Feature", "properties": { "P29_001": "21201", "P29_002": "B121220100450", "P29_003": "16001", "P29_004": "岐阜市立長森東小学校", "P29_005": "岐阜県岐阜市水海道2-10-1", "P29_006": "3", "P29_007": "1", "P29_008": "00", "P29_009": null }, "geometry": { "type": "Point", "coordinates": [ 136.811371910143805, 35.411950486799341 ] } },
{ "type": "Feature", "properties": { "P29_001": "21201", "P29_002": "B121220100469", "P29_003": "16001", "P29_004": "岐阜市立柳津小学校", "P29_005": "岐阜県岐阜市柳津町丸野1-1", "P29_006": "3", "P29_007": "1", "P29_008": "00", "P29_009": null }, "geometry": { "type": "Point", "coordinates": [ 136.730372109964662, 35.367958626336375 ] } },
{ "type": "Feature", "properties": { "P29_001": "21202", "P29_002": "B121220200011", "P29_003": "16001", "P29_004": "大垣市立興文小学校", "P29_005": "岐阜県大垣市西外側町1-34", "P29_006": "3", "P29_007": "1", "P29_008": "00", "P29_009": null }, "geometry": { "type": "Point", "coordinates": [ 136.61151954262391, 35.361753925186768 ] } },
{ "type": "Feature", "properties": { "P29_001": "21202", "P29_002": "B121220200020", "P29_003": "16001", "P29_004": "大垣市立東小学校", "P29_005": "岐阜県大垣市三塚町1180", "P29_006": "3", "P29_007": "1", "P29_008": "00", "P29_009": null }, "geometry": { "type": "Point", "coordinates": [ 136.62917959727713, 35.36340115725676 ] } },
{ "type": "Feature", "properties": { "P29_001": "21202", "P29_002": "B121220200039", "P29_003": "16001", "P29_004": "大垣市立西小学校", "P29_005": "岐阜県大垣市久瀬川町6-110", "P29_006": "3", "P29_007": "1", "P29_008": "00", "P29_009": null }, "geometry": { "type": "Point", "coordinates": [ 136.601028099455647, 35.35849821502044 ] } },
{ "type": "Feature", "properties": { "P29_001": "21202", "P29_002": "B121220200048", "P29_003": "16001", "P29_004": "大垣市立南小学校", "P29_005": "岐阜県大垣市美和町1871", "P29_006": "3", "P29_007": "1", "P29_008": "00", "P29_009": null }, "geometry": { "type": "Point", "coordinates": [ 136.619238782769628, 35.35268230685093 ] } },
{ "type": "Feature", "properties": { "P29_001": "21202", "P29_002": "B121220200057", "P29_003": "16001", "P29_004": "大垣市立北小学校", "P29_005": "岐阜県大垣市八島町2302", "P29_006": "3", "P29_007": "1", "P29_008": "00", "P29_009": null }, "geometry": { "type": "Point", "coordinates": [ 136.613997460842569, 35.374332442044583 ] } },
{ "type": "Feature", "properties": { "P29_001": "21202", "P29_002": "B121220200066", "P29_003": "16001", "P29_004": "大垣市立日新小学校", "P29_005": "岐阜県大垣市入方1-34", "P29_006": "3", "P29_007": "1", "P29_008": "00", "P29_009": null }, "geometry": { "type": "Point", "coordinates": [ 136.600370696140004, 35.332364005971804 ] } },
{ "type": "Feature", "properties": { "P29_001": "21202", "P29_002": "B121220200075", "P29_003": "16001", "P29_004": "大垣市立安井小学校", "P29_005": "岐阜県大垣市禾森1-1", "P29_006": "3", "P29_007": "1", "P29_008": "00", "P29_009": null }, "geometry": { "type": "Point", "coordinates": [ 136.62638281928389, 35.353604164221018 ] } },
{ "type": "Feature", "properties": { "P29_001": "21202", "P29_002": "B121220200084", "P29_003": "16001", "P29_004": "大垣市立宇留生小学校", "P29_005": "岐阜県大垣市熊野町1171", "P29_006": "3", "P29_007": "1", "P29_008": "00", "P29_009": null }, "geometry": { "type": "Point", "coordinates": [ 136.583892009906464, 35.374652805449443 ] } },
{ "type": "Feature", "properties": { "P29_001": "21202", "P29_002": "B121220200093", "P29_003": "16001", "P29_004": "大垣市立静里小学校", "P29_005": "岐阜県大垣市久徳町423", "P29_006": "3", "P29_007": "1", "P29_008": "00", "P29_009": null }, "geometry": { "type": "Point", "coordinates": [ 136.589150063888695, 35.360310440341991 ] } },
{ "type": "Feature", "properties": { "P29_001": "21202", "P29_002": "B121220200100", "P29_003": "16001", "P29_004": "大垣市立綾里小学校", "P29_005": "岐阜県大垣市綾野5-85", "P29_006": "3", "P29_007": "1", "P29_008": "00", "P29_009": null }, "geometry": { "type": "Point", "coordinates": [ 136.587430213390263, 35.343240453481307 ] } },
{ "type": "Feature", "properties": { "P29_001": "21202", "P29_002": "B121220200119", "P29_003": "16001", "P29_004": "大垣市立江東小学校", "P29_005": "岐阜県大垣市内原3-135", "P29_006": "3", "P29_007": "1", "P29_008": "00", "P29_009": null }, "geometry": { "type": "Point", "coordinates": [ 136.61418732707341, 35.314330616926846 ] } },
{ "type": "Feature", "properties": { "P29_001": "21202", "P29_002": "B121220200128", "P29_003": "16001", "P29_004": "大垣市立川並小学校", "P29_005": "岐阜県大垣市馬の瀬町1500", "P29_006": "3", "P29_007": "1", "P29_008": "00", "P29_009": null }, "geometry": { "type": "Point", "coordinates": [ 136.63848580958765, 35.337456364455299 ] } },
{ "type": "Feature", "properties": { "P29_001": "21202", "P29_002": "B121220200137", "P29_003": "16001", "P29_004": "大垣市立中川小学校", "P29_005": "岐阜県大垣市中川町2-460", "P29_006": "3", "P29_007": "1", "P29_008": "00", "P29_009": null }, "geometry": { "type": "Point", "coordinates": [ 136.616036765782752, 35.384294133673578 ] } },
{ "type": "Feature", "properties": { "P29_001": "21202", "P29_002": "B121220200146", "P29_003": "16001", "P29_004": "大垣市立小野小学校", "P29_005": "岐阜県大垣市小野1-171", "P29_006": "3", "P29_007": "1", "P29_008": "00", "P29_009": null }, "geometry": { "type": "Point", "coordinates": [ 136.647328130314605, 35.371189350782927 ] } },
{ "type": "Feature", "properties": { "P29_001": "21202", "P29_002": "B121220200155", "P29_003": "16001", "P29_004": "大垣市立荒崎小学校", "P29_005": "岐阜県大垣市長松町789", "P29_006": "3", "P29_007": "1", "P29_008": "00", "P29_009": null }, "geometry": { "type": "Point", "coordinates": [ 136.569025146237493, 35.364343926446416 ] } },
{ "type": "Feature", "properties": { "P29_001": "21202", "P29_002": "B121220200164", "P29_003": "16001", "P29_004": "大垣市立赤坂小学校", "P29_005": "岐阜県大垣市赤坂新町1-49", "P29_006": "3", "P29_007": "1", "P29_008": "00", "P29_009": null }, "geometry": { "type": "Point", "coordinates": [ 136.588793131837861, 35.392901330369526 ] } },
{ "type": "Feature", "properties": { "P29_001": "21202", "P29_002": "B121220200173", "P29_003": "16001", "P29_004": "大垣市立青墓小学校", "P29_005": "岐阜県大垣市青墓町1-787", "P29_006": "3", "P29_007": "1", "P29_008": "00", "P29_009": null }, "geometry": { "type": "Point", "coordinates": [ 136.562755486927244, 35.38480783392319 ] } },
{ "type": "Feature", "properties": { "P29_001": "21202", "P29_002": "B121220200182", "P29_003": "16001", "P29_004": "大垣市立牧田小学校", "P29_005": "岐阜県大垣市上石津町牧田2672", "P29_006": "3", "P29_007": "1", "P29_008": "00", "P29_009": null }, "geometry": { "type": "Point", "coordinates": [ 136.496178641827328, 35.339579252323567 ] } },
{ "type": "Feature", "properties": { "P29_001": "21202", "P29_002": "B121220200191", "P29_003": "16001", "P29_004": "大垣市立一之瀬小学校", "P29_005": "岐阜県大垣市上石津町一之瀬1590", "P29_006": "3", "P29_007": "1", "P29_008": "00", "P29_009": null }, "geometry": { "type": "Point", "coordinates": [ 136.481937848031947, 35.316208412677263 ] } },
{ "type": "Feature", "properties": { "P29_001": "21202", "P29_002": "B121220200208", "P29_003": "16001", "P29_004": "大垣市立多良小学校", "P29_005": "岐阜県大垣市上石津町宮38", "P29_006": "3", "P29_007": "1", "P29_008": "00", "P29_009": null }, "geometry": { "type": "Point", "coordinates": [ 136.46270946283741, 35.281684315955857 ] } },
{ "type": "Feature", "properties": { "P29_001": "21202", "P29_002": "B121220200217", "P29_003": "16001", "P29_004": "大垣市立時小学校", "P29_005": "岐阜県大垣市上石津町堂之上875", "P29_006": "3", "P29_007": "1", "P29_008": "00", "P29_009": null }, "geometry": { "type": "Point", "coordinates": [ 136.458331926274411, 35.247410085017535 ] } },
{ "type": "Feature", "properties": { "P29_001": "21202", "P29_002": "B121220200226", "P29_003": "16001", "P29_004": "大垣市立墨俣小学校", "P29_005": "岐阜県大垣市墨俣町墨俣242", "P29_006": "3", "P29_007": "1", "P29_008": "00", "P29_009": null }, "geometry": { "type": "Point", "coordinates": [ 136.68473232543559, 35.363352342782157 ] } },
{ "type": "Feature", "properties": { "P29_001": "21203", "P29_002": "B121220300010", "P29_003": "16001", "P29_004": "高山市立東小学校", "P29_005": "岐阜県高山市松之木町2962-1", "P29_006": "3", "P29_007": "1", "P29_008": "00", "P29_009": null }, "geometry": { "type": "Point", "coordinates": [ 137.272156319921862, 36.148996210457547 ] } },
{ "type": "Feature", "properties": { "P29_001": "21203", "P29_002": "B121220300029", "P29_003": "16001", "P29_004": "高山市立西小学校", "P29_005": "岐阜県高山市総和町2-18-1", "P29_006": "3", "P29_007": "1", "P29_008": "00", "P29_009": null }, "geometry": { "type": "Point", "coordinates": [ 137.254636107058417, 36.146605180076477 ] } },
{ "type": "Feature", "properties": { "P29_001": "21203", "P29_002": "B121220300038", "P29_003": "16001", "P29_004": "高山市立南小学校", "P29_005": "岐阜県高山市岡本町1-18", "P29_006": "3", "P29_007": "1", "P29_008": "00", "P29_009": null }, "geometry": { "type": "Point", "coordinates": [ 137.247389412697174, 36.14031741713422 ] } },
{ "type": "Feature", "properties": { "P29_001": "21203", "P29_002": "B121220300047", "P29_003": "16001", "P29_004": "高山市立北小学校", "P29_005": "岐阜県高山市桐生町2-21", "P29_006": "3", "P29_007": "1", "P29_008": "00", "P29_009": null }, "geometry": { "type": "Point", "coordinates": [ 137.252959453132803, 36.152892763296137 ] } },
{ "type": "Feature", "properties": { "P29_001": "21203", "P29_002": "B121220300056", "P29_003": "16001", "P29_004": "高山市立山王小学校", "P29_005": "岐阜県高山市片野町6-400", "P29_006": "3", "P29_007": "1", "P29_008": "00", "P29_009": null }, "geometry": { "type": "Point", "coordinates": [ 137.259447147697188, 36.129378546242528 ] } },
{ "type": "Feature", "properties": { "P29_001": "21203", "P29_002": "B121220300065", "P29_003": "16001", "P29_004": "高山市立江名子小学校", "P29_005": "岐阜県高山市江名子町2838", "P29_006": "3", "P29_007": "1", "P29_008": "00", "P29_009": null }, "geometry": { "type": "Point", "coordinates": [ 137.27964481184793, 36.135760576998585 ] } },
{ "type": "Feature", "properties": { "P29_001": "21203", "P29_002": "B121220300074", "P29_003": "16001", "P29_004": "高山市立新宮小学校", "P29_005": "岐阜県高山市新宮町2635-2", "P29_006": "3", "P29_007": "1", "P29_008": "00", "P29_009": null }, "geometry": { "type": "Point", "coordinates": [ 137.212180253446064, 36.143018381868117 ] } },
{ "type": "Feature", "properties": { "P29_001": "21203", "P29_002": "B121220300083", "P29_003": "16001", "P29_004": "高山市立三枝小学校", "P29_005": "岐阜県高山市中切町715", "P29_006": "3", "P29_007": "1", "P29_008": "00", "P29_009": null }, "geometry": { "type": "Point", "coordinates": [ 137.24119408627098, 36.172666158145056 ] } },
{ "type": "Feature", "properties": { "P29_001": "21203", "P29_002": "B121220300092", "P29_003": "16001", "P29_004": "高山市立岩滝小学校", "P29_005": "岐阜県高山市滝町220", "P29_006": "3", "P29_007": "1", "P29_008": "00", "P29_009": null }, "geometry": { "type": "Point", "coordinates": [ 137.348644063791852, 36.136166800804261 ] } },
{ "type": "Feature", "properties": { "P29_001": "21203", "P29_002": "B121220300109", "P29_003": "16001", "P29_004": "高山市立花里小学校", "P29_005": "岐阜県高山市花里町1-54", "P29_006": "3", "P29_007": "1", "P29_008": "00", "P29_009": null }, "geometry": { "type": "Point", "coordinates": [ 137.252808050300104, 36.133163297143973 ] } },
{ "type": "Feature", "properties": { "P29_001": "21203", "P29_002": "B121220300118", "P29_003": "16001", "P29_004": "高山市立丹生川小学校", "P29_005": "岐阜県高山市丹生川町町方65-1", "P29_006": "3", "P29_007": "1", "P29_008": "00", "P29_009": null }, "geometry": { "type": "Point", "coordinates": [ 137.309945226459718, 36.172681284004398 ] } },
{ "type": "Feature", "properties": { "P29_001": "21203", "P29_002": "B121220300127", "P29_003": "16001", "P29_004": "高山市立清見小学校", "P29_005": "岐阜県高山市清見町三日町112", "P29_006": "3", "P29_007": "1", "P29_008": "00", "P29_009": null }, "geometry": { "type": "Point", "coordinates": [ 137.180572965944236, 36.121182912041967 ] } },
{ "type": "Feature", "properties": { "P29_001": "21203", "P29_002": "B121220300136", "P29_003": "16001", "P29_004": "高山市立荘川小学校", "P29_005": "岐阜県高山市荘川町猿丸27", "P29_006": "3", "P29_007": "1", "P29_008": "00", "P29_009": null }, "geometry": { "type": "Point", "coordinates": [ 136.952414671127457, 36.033103176069474 ] } },
{ "type": "Feature", "properties": { "P29_001": "21203", "P29_002": "B121220300145", "P29_003": "16001", "P29_004": "高山市立宮小学校", "P29_005": "岐阜県高山市一之宮町3050", "P29_006": "3", "P29_007": "1", "P29_008": "00", "P29_009": null }, "geometry": { "type": "Point", "coordinates": [ 137.237808348769448, 36.083100156023832 ] } },
{ "type": "Feature", "properties": { "P29_001": "21203", "P29_002": "B121220300154", "P29_003": "16001", "P29_004": "高山市立久々野小学校", "P29_005": "岐阜県高山市久々野町久々野1772", "P29_006": "3", "P29_007": "1", "P29_008": "00", "P29_009": null }, "geometry": { "type": "Point", "coordinates": [ 137.275473172873319, 36.051719960767223 ] } },
{ "type": "Feature", "properties": { "P29_001": "21203", "P29_002": "B121220300163", "P29_003": "16001", "P29_004": "高山市立朝日小学校", "P29_005": "岐阜県高山市朝日町万石728", "P29_006": "3", "P29_007": "1", "P29_008": "00", "P29_009": null }, "geometry": { "type": "Point", "coordinates": [ 137.346546959318516, 36.08945500243729 ] } },
{ "type": "Feature", "properties": { "P29_001": "21203", "P29_002": "B121220300172", "P29_003": "16001", "P29_004": "高山市立国府小学校", "P29_005": "岐阜県高山市国府町広瀬町2586-6", "P29_006": "3", "P29_007": "1", "P29_008": "00", "P29_009": null }, "geometry": { "type": "Point", "coordinates": [ 137.215250121890676, 36.213597402905179 ] } },
{ "type": "Feature", "properties": { "P29_001": "21203", "P29_002": "B121220300181", "P29_003": "16001", "P29_004": "高山市立本郷小学校", "P29_005": "岐阜県高山市上宝町在家1642", "P29_006": "3", "P29_007": "1", "P29_008": "00", "P29_009": null }, "geometry": { "type": "Point", "coordinates": [ 137.36792907937533, 36.286389928472495 ] } },
{ "type": "Feature", "properties": { "P29_001": "21203", "P29_002": "B121220300190", "P29_003": "16001", "P29_004": "高山市立栃尾小学校", "P29_005": "岐阜県高山市奥飛騨温泉郷栃尾350", "P29_006": "3", "P29_007": "1", "P29_008": "00", "P29_009": null }, "geometry": { "type": "Point", "coordinates": [ 137.51423889709875, 36.249200322941249 ] } },
{ "type": "Feature", "properties": { "P29_001": "21204", "P29_002": "B121220400019", "P29_003": "16001", "P29_004": "多治見市立養正小学校", "P29_005": "岐阜県多治見市平野町2-80", "P29_006": "3", "P29_007": "1", "P29_008": "00", "P29_009": null }, "geometry": { "type": "Point", "coordinates": [ 137.133881836614734, 35.330813342070094 ] } },
{ "type": "Feature", "properties": { "P29_001": "21204", "P29_002": "B121220400028", "P29_003": "16001", "P29_004": "多治見市立精華小学校", "P29_005": "岐阜県多治見市十九田町2-119", "P29_006": "3", "P29_007": "1", "P29_008": "00", "P29_009": null }, "geometry": { "type": "Point", "coordinates": [ 137.120613036349908, 35.340300691830635 ] } },
{ "type": "Feature", "properties": { "P29_001": "21204", "P29_002": "B121220400037", "P29_003": "16001", "P29_004": "多治見市立共栄小学校", "P29_005": "岐阜県多治見市高田町3-64", "P29_006": "3", "P29_007": "1", "P29_008": "00", "P29_009": null }, "geometry": { "type": "Point", "coordinates": [ 137.135617211301792, 35.35831037343705 ] } },
{ "type": "Feature", "properties": { "P29_001": "21204", "P29_002": "B121220400046", "P29_003": "16001", "P29_004": "多治見市立昭和小学校", "P29_005": "岐阜県多治見市平和町4-180", "P29_006": "3", "P29_007": "1", "P29_008": "00", "P29_009": null }, "geometry": { "type": "Point", "coordinates": [ 137.120138396639646, 35.328229106762969 ] } },
{ "type": "Feature", "properties": { "P29_001": "21204", "P29_002": "B121220400055", "P29_003": "16001", "P29_004": "多治見市立小泉小学校", "P29_005": "岐阜県多治見市小泉町7-90", "P29_006": "3", "P29_007": "1", "P29_008": "00", "P29_009": null }, "geometry": { "type": "Point", "coordinates": [ 137.093332144312598, 35.344834808976714 ] } },
{ "type": "Feature", "properties": { "P29_001": "21204", "P29_002": "B121220400064", "P29_003": "16001", "P29_004": "多治見市立池田小学校", "P29_005": "岐阜県多治見市池田町6-25", "P29_006": "3", "P29_007": "1", "P29_008": "00", "P29_009": null }, "geometry": { "type": "Point", "coordinates": [ 137.103333547076858, 35.334503994266576 ] } },
{ "type": "Feature", "properties": { "P29_001": "21204", "P29_002": "B121220400073", "P29_003": "16001", "P29_004": "多治見市立市之倉小学校", "P29_005": "岐阜県多治見市市之倉町10-381", "P29_006": "3", "P29_007": "1", "P29_008": "00", "P29_009": null }, "geometry": { "type": "Point", "coordinates": [ 137.118186414742354, 35.299217643013336 ] } },
{ "type": "Feature", "properties": { "P29_001": "21204", "P29_002": "B121220400082", "P29_003": "16001", "P29_004": "多治見市立滝呂小学校", "P29_005": "岐阜県多治見市滝呂町12-186-4", "P29_006": "3", "P29_007": "1", "P29_008": "00", "P29_009": null }, "geometry": { "type": "Point", "coordinates": [ 137.154023777212899, 35.313870880078639 ] } },
{ "type": "Feature", "properties": { "P29_001": "21204", "P29_002": "B121220400091", "P29_003": "16001", "P29_004": "多治見市立南姫小学校", "P29_005": "岐阜県多治見市大藪町1237-1", "P29_006": "3", "P29_007": "1", "P29_008": "00", "P29_009": null }, "geometry": { "type": "Point", "coordinates": [ 137.066527363161242, 35.384200676893073 ] } },
{ "type": "Feature", "properties": { "P29_001": "21204", "P29_002": "B121220400108", "P29_003": "16001", "P29_004": "多治見市立根本小学校", "P29_005": "岐阜県多治見市高根町4-6-5", "P29_006": "3", "P29_007": "1", "P29_008": "00", "P29_009": null }, "geometry": { "type": "Point", "coordinates": [ 137.093939748923418, 35.363719142645841 ] } },
{ "type": "Feature", "properties": { "P29_001": "21204", "P29_002": "B121220400117", "P29_003": "16001", "P29_004": "多治見市立北栄小学校", "P29_005": "岐阜県多治見市旭ヶ丘10-6-82", "P29_006": "3", "P29_007": "1", "P29_008": "00", "P29_009": null }, "geometry": { "type": "Point", "coordinates": [ 137.108445977751728, 35.36566962400795 ] } },
{ "type": "Feature", "properties": { "P29_001": "21204", "P29_002": "B121220400126", "P29_003": "16001", "P29_004": "多治見市立脇之島小学校", "P29_005": "岐阜県多治見市脇之島町7-39-2", "P29_006": "3", "P29_007": "1", "P29_008": "00", "P29_009": null }, "geometry": { "type": "Point", "coordinates": [ 137.112696382162738, 35.3158542097013 ] } },
{ "type": "Feature", "properties": { "P29_001": "21204", "P29_002": "B121220400135", "P29_003": "16001", "P29_004": "多治見市立笠原小学校", "P29_005": "岐阜県多治見市笠原町3387-9", "P29_006": "3", "P29_007": "1", "P29_008": "00", "P29_009": null }, "geometry": { "type": "Point", "coordinates": [ 137.160797386889953, 35.293970965157882 ] } },
{ "type": "Feature", "properties": { "P29_001": "21205", "P29_002": "B121220500018", "P29_003": "16001", "P29_004": "関市立安桜小学校", "P29_005": "岐阜県関市いろは町1", "P29_006": "3", "P29_007": "1", "P29_008": "00", "P29_009": null }, "geometry": { "type": "Point", "coordinates": [ 136.918236630051297, 35.481454376405829 ] } },
{ "type": "Feature", "properties": { "P29_001": "21205", "P29_002": "B121220500027", "P29_003": "16001", "P29_004": "関市立旭ヶ丘小学校", "P29_005": "岐阜県関市旭ヶ丘2-1-1", "P29_006": "3", "P29_007": "1", "P29_008": "00", "P29_009": null }, "geometry": { "type": "Point", "coordinates": [ 136.9266941616211, 35.483249497629778 ] } },
{ "type": "Feature", "properties": { "P29_001": "21205", "P29_002": "B121220500036", "P29_003": "16001", "P29_004": "関市立桜ヶ丘小学校", "P29_005": "岐阜県関市明生町4-1-1", "P29_006": "3", "P29_007": "1", "P29_008": "00", "P29_009": null }, "geometry": { "type": "Point", "coordinates": [ 136.927756352484096, 35.471455608475516 ] } },
{ "type": "Feature", "properties": { "P29_001": "21205", "P29_002": "B121220500045", "P29_003": "16001", "P29_004": "関市立瀬尻小学校", "P29_005": "岐阜県関市小瀬2120-4", "P29_006": "3", "P29_007": "1", "P29_008": "00", "P29_009": null }, "geometry": { "type": "Point", "coordinates": [ 136.893386889806408, 35.498724069139811 ] } },
{ "type": "Feature", "properties": { "P29_001": "21205", "P29_002": "B121220500054", "P29_003": "16001", "P29_004": "関市立倉知小学校", "P29_005": "岐阜県関市段下66-1", "P29_006": "3", "P29_007": "1", "P29_008": "00", "P29_009": null }, "geometry": { "type": "Point", "coordinates": [ 136.896770451968678, 35.48415067452855 ] } },
{ "type": "Feature", "properties": { "P29_001": "21205", "P29_002": "B121220500063", "P29_003": "16001", "P29_004": "関市立南ヶ丘小学校", "P29_005": "岐阜県関市倉知4372", "P29_006": "3", "P29_007": "1", "P29_008": "00", "P29_009": null }, "geometry": { "type": "Point", "coordinates": [ 136.891613199505429, 35.457877311403379 ] } },
{ "type": "Feature", "properties": { "P29_001": "21205", "P29_002": "B121220500072", "P29_003": "16001", "P29_004": "関市立富岡小学校", "P29_005": "岐阜県関市市平賀506", "P29_006": "3", "P29_007": "1", "P29_008": "00", "P29_009": null }, "geometry": { "type": "Point", "coordinates": [ 136.944903972807396, 35.485545813809566 ] } },
{ "type": "Feature", "properties": { "P29_001": "21205", "P29_002": "B121220500081", "P29_003": "16001", "P29_004": "関市立田原小学校", "P29_005": "岐阜県関市西田原1465", "P29_006": "3", "P29_007": "1", "P29_008": "00", "P29_009": null }, "geometry": { "type": "Point", "coordinates": [ 136.943969889817652, 35.456015009570429 ] } },
{ "type": "Feature", "properties": { "P29_001": "21205", "P29_002": "B121220500090", "P29_003": "16001", "P29_004": "関市立下有知小学校", "P29_005": "岐阜県関市下有知1525-1", "P29_006": "3", "P29_007": "1", "P29_008": "00", "P29_009": null }, "geometry": { "type": "Point", "coordinates": [ 136.904795590671569, 35.511260691792124 ] } },
{ "type": "Feature", "properties": { "P29_001": "21205", "P29_002": "B121220500107", "P29_003": "16001", "P29_004": "関市立富野小学校", "P29_005": "岐阜県関市西神野270-1", "P29_006": "3", "P29_007": "1", "P29_008": "00", "P29_009": null }, "geometry": { "type": "Point", "coordinates": [ 136.970474035180956, 35.518685351149216 ] } },
{ "type": "Feature", "properties": { "P29_001": "21205", "P29_002": "B121220500116", "P29_003": "16001", "P29_004": "関市立金竜小学校", "P29_005": "岐阜県関市上白金482-1", "P29_006": "3", "P29_007": "1", "P29_008": "00", "P29_009": null }, "geometry": { "type": "Point", "coordinates": [ 136.859805051217364, 35.482171359678162 ] } },
{ "type": "Feature", "properties": { "P29_001": "21205", "P29_002": "B121220500125", "P29_003": "16001", "P29_004": "関市立洞戸小学校", "P29_005": "岐阜県関市洞戸市場248", "P29_006": "3", "P29_007": "1", "P29_008": "00", "P29_009": null }, "geometry": { "type": "Point", "coordinates": [ 136.821217885848142, 35.605234142474949 ] } },
{ "type": "Feature", "properties": { "P29_001": "21205", "P29_002": "B121220500134", "P29_003": "16001", "P29_004": "関市立板取小学校", "P29_005": "岐阜県関市板取1804", "P29_006": "3", "P29_007": "1", "P29_008": "00", "P29_009": null }, "geometry": { "type": "Point", "coordinates": [ 136.798015432400092, 35.714926551043007 ] } },
{ "type": "Feature", "properties": { "P29_001": "21205", "P29_002": "B121220500143", "P29_003": "16001", "P29_004": "関市立博愛小学校", "P29_005": "岐阜県関市武芸川町高野254", "P29_006": "3", "P29_007": "1", "P29_008": "00", "P29_009": null }, "geometry": { "type": "Point", "coordinates": [ 136.853257058049792, 35.523555549998214 ] } },
{ "type": "Feature", "properties": { "P29_001": "21205", "P29_002": "B121220500152", "P29_003": "16001", "P29_004": "関市立武芸小学校", "P29_005": "岐阜県関市武芸川町谷口1336", "P29_006": "3", "P29_007": "1", "P29_008": "00", "P29_009": null }, "geometry": { "type": "Point", "coordinates": [ 136.822187848643125, 35.545037297402047 ] } },
{ "type": "Feature", "properties": { "P29_001": "21205", "P29_002": "B121220500198", "P29_003": "16001", "P29_004": "関市立上之保小学校", "P29_005": "岐阜県関市上之保1071", "P29_006": "3", "P29_007": "1", "P29_008": "00", "P29_009": null }, "geometry": { "type": "Point", "coordinates": [ 137.032590778751342, 35.608353115679385 ] } },
{ "type": "Feature", "properties": { "P29_001": "21205", "P29_002": "B121220500205", "P29_003": "16001", "P29_004": "関市立武儀小学校", "P29_005": "岐阜県関市富之保2777-2", "P29_006": "3", "P29_007": "1", "P29_008": "00", "P29_009": null }, "geometry": { "type": "Point", "coordinates": [ 137.011216996549592, 35.585719001289895 ] } },
{ "type": "Feature", "properties": { "P29_001": "21206", "P29_002": "B121220600017", "P29_003": "16001", "P29_004": "中津川市立東小学校", "P29_005": "岐阜県中津川市東宮町5-1", "P29_006": "3", "P29_007": "1", "P29_008": "00", "P29_009": null }, "geometry": { "type": "Point", "coordinates": [ 137.509218799802937, 35.495738835873965 ] } },
{ "type": "Feature", "properties": { "P29_001": "21206", "P29_002": "B121220600026", "P29_003": "16001", "P29_004": "中津川市立南小学校", "P29_005": "岐阜県中津川市昭和町6-47", "P29_006": "3", "P29_007": "1", "P29_008": "00", "P29_009": null }, "geometry": { "type": "Point", "coordinates": [ 137.503701502692849, 35.492581799843194 ] } },
{ "type": "Feature", "properties": { "P29_001": "21206", "P29_002": "B121220600035", "P29_003": "16001", "P29_004": "中津川市立西小学校", "P29_005": "岐阜県中津川市駒場301-1", "P29_006": "3", "P29_007": "1", "P29_008": "00", "P29_009": null }, "geometry": { "type": "Point", "coordinates": [ 137.494948207685638, 35.487106180640751 ] } },
{ "type": "Feature", "properties": { "P29_001": "21206", "P29_002": "B121220600044", "P29_003": "16001", "P29_004": "中津川市立苗木小学校", "P29_005": "岐阜県中津川市苗木2083", "P29_006": "3", "P29_007": "1", "P29_008": "00", "P29_009": null }, "geometry": { "type": "Point", "coordinates": [ 137.472915998221509, 35.523528744116952 ] } },
{ "type": "Feature", "properties": { "P29_001": "21206", "P29_002": "B121220600053", "P29_003": "16001", "P29_004": "中津川市立坂本小学校", "P29_005": "岐阜県中津川市千旦林1460", "P29_006": "3", "P29_007": "1", "P29_008": "00", "P29_009": null }, "geometry": { "type": "Point", "coordinates": [ 137.448522782916257, 35.476578545336622 ] } },
{ "type": "Feature", "properties": { "P29_001": "21206", "P29_002": "B121220600062", "P29_003": "16001", "P29_004": "中津川市立落合小学校", "P29_005": "岐阜県中津川市落合943-4", "P29_006": "3", "P29_007": "1", "P29_008": "00", "P29_009": null }, "geometry": { "type": "Point", "coordinates": [ 137.529015061206422, 35.51083865878158 ] } },
{ "type": "Feature", "properties": { "P29_001": "21206", "P29_002": "B121220600071", "P29_003": "16001", "P29_004": "中津川市立阿木小学校", "P29_005": "岐阜県中津川市阿木79-1", "P29_006": "3", "P29_007": "1", "P29_008": "00", "P29_009": null }, "geometry": { "type": "Point", "coordinates": [ 137.467888620875755, 35.397019482992427 ] } },
{ "type": "Feature", "properties": { "P29_001": "21206", "P29_002": "B121220600080", "P29_003": "16001", "P29_004": "中津川市立神坂小学校", "P29_005": "岐阜県中津川市神坂1526-3", "P29_006": "3", "P29_007": "1", "P29_008": "00", "P29_009": null }, "geometry": { "type": "Point", "coordinates": [ 137.568870744487043, 35.519925323910122 ] } },
{ "type": "Feature", "properties": { "P29_001": "21206", "P29_002": "B121220600099", "P29_003": "16001", "P29_004": "中津川市立山口小学校", "P29_005": "岐阜県中津川市山口1647-21", "P29_006": "3", "P29_007": "1", "P29_008": "00", "P29_009": null }, "geometry": { "type": "Point", "coordinates": [ 137.54440466828089, 35.557583004304306 ] } },
{ "type": "Feature", "properties": { "P29_001": "21206", "P29_002": "B121220600106", "P29_003": "16001", "P29_004": "中津川市立坂下小学校", "P29_005": "岐阜県中津川市坂下2375", "P29_006": "3", "P29_007": "1", "P29_008": "00", "P29_009": null }, "geometry": { "type": "Point", "coordinates": [ 137.519006636002814, 35.582126692512347 ] } },
{ "type": "Feature", "properties": { "P29_001": "21206", "P29_002": "B121220600115", "P29_003": "16001", "P29_004": "中津川市立川上小学校", "P29_005": "岐阜県中津川市川上409-7", "P29_006": "3", "P29_007": "1", "P29_008": "00", "P29_009": null }, "geometry": { "type": "Point", "coordinates": [ 137.498448590457343, 35.618512687790634 ] } },
{ "type": "Feature", "properties": { "P29_001": "21206", "P29_002": "B121220600124", "P29_003": "16001", "P29_004": "中津川市立加子母小学校", "P29_005": "岐阜県中津川市加子母2781-72", "P29_006": "3", "P29_007": "1", "P29_008": "00", "P29_009": null }, "geometry": { "type": "Point", "coordinates": [ 137.360068675493778, 35.71804804076136 ] } },
{ "type": "Feature", "properties": { "P29_001": "21206", "P29_002": "B121220600133", "P29_003": "16001", "P29_004": "中津川市立付知北小学校", "P29_005": "岐阜県中津川市付知町3719-1", "P29_006": "3", "P29_007": "1", "P29_008": "00", "P29_009": null }, "geometry": { "type": "Point", "coordinates": [ 137.414648261923787, 35.666281506215462 ] } },
{ "type": "Feature", "properties": { "P29_001": "21206", "P29_002": "B121220600142", "P29_003": "16001", "P29_004": "中津川市立付知南小学校", "P29_005": "岐阜県中津川市付知町10890", "P29_006": "3", "P29_007": "1", "P29_008": "00", "P29_009": null }, "geometry": { "type": "Point", "coordinates": [ 137.443803290348399, 35.642542231748635 ] } },
{ "type": "Feature", "properties": { "P29_001": "21206", "P29_002": "B121220600160", "P29_003": "16001", "P29_004": "中津川市立福岡小学校", "P29_005": "岐阜県中津川市福岡1-22", "P29_006": "3", "P29_007": "1", "P29_008": "00", "P29_009": null }, "geometry": { "type": "Point", "coordinates": [ 137.453708564470247, 35.560861880601813 ] } },
{ "type": "Feature", "properties": { "P29_001": "21206", "P29_002": "B121220600188", "P29_003": "16001", "P29_004": "中津川市立蛭川小学校", "P29_005": "岐阜県中津川市蛭川2298-1", "P29_006": "3", "P29_007": "1", "P29_008": "00", "P29_009": null }, "geometry": { "type": "Point", "coordinates": [ 137.38091279797527, 35.524054026334937 ] } },
{ "type": "Feature", "properties": { "P29_001": "21207", "P29_002": "B121220700016", "P29_003": "16001", "P29_004": "美濃市立美濃小学校", "P29_005": "岐阜県美濃市泉町1594-1", "P29_006": "3", "P29_007": "1", "P29_008": "00", "P29_009": null }, "geometry": { "type": "Point", "coordinates": [ 136.914715714810683, 35.550482006258015 ] } },
{ "type": "Feature", "properties": { "P29_001": "21207", "P29_002": "B121220700025", "P29_003": "16001", "P29_004": "美濃市立牧谷小学校", "P29_005": "岐阜県美濃市蕨生2095-3", "P29_006": "3", "P29_007": "1", "P29_008": "00", "P29_009": null }, "geometry": { "type": "Point", "coordinates": [ 136.889898167990452, 35.588285132760291 ] } },
{ "type": "Feature", "properties": { "P29_001": "21207", "P29_002": "B121220700034", "P29_003": "16001", "P29_004": "美濃市立大矢田小学校", "P29_005": "岐阜県美濃市大矢田1382-2", "P29_006": "3", "P29_007": "1", "P29_008": "00", "P29_009": null }, "geometry": { "type": "Point", "coordinates": [ 136.870486363349585, 35.540496090704977 ] } },
{ "type": "Feature", "properties": { "P29_001": "21207", "P29_002": "B121220700043", "P29_003": "16001", "P29_004": "美濃市立藍見小学校", "P29_005": "岐阜県美濃市極楽寺794-1", "P29_006": "3", "P29_007": "1", "P29_008": "00", "P29_009": null }, "geometry": { "type": "Point", "coordinates": [ 136.88649554832034, 35.534420761546649 ] } },
{ "type": "Feature", "properties": { "P29_001": "21207", "P29_002": "B121220700052", "P29_003": "16001", "P29_004": "美濃市立中有知小学校", "P29_005": "岐阜県美濃市生櫛1614-1", "P29_006": "3", "P29_007": "1", "P29_008": "00", "P29_009": null }, "geometry": { "type": "Point", "coordinates": [ 136.899569049977941, 35.527147578636537 ] } },
{ "type": "Feature", "properties": { "P29_001": "21208", "P29_002": "B121220800015", "P29_003": "16001", "P29_004": "瑞浪市立瑞浪小学校", "P29_005": "岐阜県瑞浪市北小田町1-66", "P29_006": "3", "P29_007": "1", "P29_008": "00", "P29_009": null }, "geometry": { "type": "Point", "coordinates": [ 137.244231917324669, 35.362427861288516 ] } },
{ "type": "Feature", "properties": { "P29_001": "21208", "P29_002": "B121220800024", "P29_003": "16001", "P29_004": "瑞浪市立土岐小学校", "P29_005": "岐阜県瑞浪市土岐町6451-4", "P29_006": "3", "P29_007": "1", "P29_008": "00", "P29_009": null }, "geometry": { "type": "Point", "coordinates": [ 137.263180082212614, 35.374788148353495 ] } },
{ "type": "Feature", "properties": { "P29_001": "21208", "P29_002": "B121220800033", "P29_003": "16001", "P29_004": "瑞浪市立陶小学校", "P29_005": "岐阜県瑞浪市陶町水上665-1", "P29_006": "3", "P29_007": "1", "P29_008": "00", "P29_009": null }, "geometry": { "type": "Point", "coordinates": [ 137.319739862669735, 35.320121717336015 ] } },
{ "type": "Feature", "properties": { "P29_001": "21208", "P29_002": "B121220800042", "P29_003": "16001", "P29_004": "瑞浪市立稲津小学校", "P29_005": "岐阜県瑞浪市稲津町小里371-1", "P29_006": "3", "P29_007": "1", "P29_008": "00", "P29_009": null }, "geometry": { "type": "Point", "coordinates": [ 137.27861903331555, 35.343276248258952 ] } },
{ "type": "Feature", "properties": { "P29_001": "21208", "P29_002": "B121220800051", "P29_003": "16001", "P29_004": "瑞浪市立明世小学校", "P29_005": "岐阜県瑞浪市明世町山野内1-40", "P29_006": "3", "P29_007": "1", "P29_008": "00", "P29_009": null }, "geometry": { "type": "Point", "coordinates": [ 137.233550459483837, 35.370641765536142 ] } },
{ "type": "Feature", "properties": { "P29_001": "21208", "P29_002": "B121220800060", "P29_003": "16001", "P29_004": "瑞浪市立日吉小学校", "P29_005": "岐阜県瑞浪市日吉町2370-1", "P29_006": "3", "P29_007": "1", "P29_008": "00", "P29_009": null }, "geometry": { "type": "Point", "coordinates": [ 137.236578833831487, 35.415425533030472 ] } },
{ "type": "Feature", "properties": { "P29_001": "21208", "P29_002": "B121220800079", "P29_003": "16001", "P29_004": "瑞浪市立釜戸小学校", "P29_005": "岐阜県瑞浪市釜戸町3007-3", "P29_006": "3", "P29_007": "1", "P29_008": "00", "P29_009": null }, "geometry": { "type": "Point", "coordinates": [ 137.301849505825402, 35.410703909933709 ] } },
{ "type": "Feature", "properties": { "P29_001": "21209", "P29_002": "B121220900014", "P29_003": "16001", "P29_004": "羽島市立足近小学校", "P29_005": "岐阜県羽島市足近町7-66-1", "P29_006": "3", "P29_007": "1", "P29_008": "00", "P29_009": null }, "geometry": { "type": "Point", "coordinates": [ 136.724267140130962, 35.345442805297786 ] } },
{ "type": "Feature", "properties": { "P29_001": "21209", "P29_002": "B121220900023", "P29_003": "16001", "P29_004": "羽島市立小熊小学校", "P29_005": "岐阜県羽島市小熊町2-361-5", "P29_006": "3", "P29_007": "1", "P29_008": "00", "P29_009": null }, "geometry": { "type": "Point", "coordinates": [ 136.698193623837938, 35.349877398347076 ] } },
{ "type": "Feature", "properties": { "P29_001": "21209", "P29_002": "B121220900032", "P29_003": "16001", "P29_004": "羽島市立正木小学校", "P29_005": "岐阜県羽島市正木町坂丸4-3", "P29_006": "3", "P29_007": "1", "P29_008": "00", "P29_009": null }, "geometry": { "type": "Point", "coordinates": [ 136.730792894855313, 35.330463448563293 ] } },
{ "type": "Feature", "properties": { "P29_001": "21209", "P29_002": "B121220900041", "P29_003": "16001", "P29_004": "羽島市立竹鼻小学校", "P29_005": "岐阜県羽島市竹鼻町1295", "P29_006": "3", "P29_007": "1", "P29_008": "00", "P29_009": null }, "geometry": { "type": "Point", "coordinates": [ 136.701529823367366, 35.327724366047178 ] } },
{ "type": "Feature", "properties": { "P29_001": "21209", "P29_002": "B121220900050", "P29_003": "16001", "P29_004": "羽島市立中央小学校", "P29_005": "岐阜県羽島市江吉良町1270", "P29_006": "3", "P29_007": "1", "P29_008": "00", "P29_009": null }, "geometry": { "type": "Point", "coordinates": [ 136.705891647714196, 35.311601961758853 ] } },
{ "type": "Feature", "properties": { "P29_001": "21209", "P29_002": "B121220900069", "P29_003": "16001", "P29_004": "羽島市立福寿小学校", "P29_005": "岐阜県羽島市福寿町本郷1096-1", "P29_006": "3", "P29_007": "1", "P29_008": "00", "P29_009": null }, "geometry": { "type": "Point", "coordinates": [ 136.686093403729274, 35.322976259396007 ] } },
{ "type": "Feature", "properties": { "P29_001": "21209", "P29_002": "B121220900078", "P29_003": "16001", "P29_004": "羽島市立堀津小学校", "P29_005": "岐阜県羽島市堀津町617-1", "P29_006": "3", "P29_007": "1", "P29_008": "00", "P29_009": null }, "geometry": { "type": "Point", "coordinates": [ 136.677594511533158, 35.301537489456607 ] } },
{ "type": "Feature", "properties": { "P29_001": "21209", "P29_002": "B121220900087", "P29_003": "16001", "P29_004": "羽島市立中島小学校", "P29_005": "岐阜県羽島市上中町沖2100", "P29_006": "3", "P29_007": "1", "P29_008": "00", "P29_009": null }, "geometry": { "type": "Point", "coordinates": [ 136.699051885899735, 35.290455416943125 ] } },
{ "type": "Feature", "properties": { "P29_001": "21210", "P29_002": "B121221000011", "P29_003": "16001", "P29_004": "恵那市立大井小学校", "P29_005": "岐阜県恵那市大井町851-1", "P29_006": "3", "P29_007": "1", "P29_008": "00", "P29_009": null }, "geometry": { "type": "Point", "coordinates": [ 137.415910195596524, 35.455259829745231 ] } },
{ "type": "Feature", "properties": { "P29_001": "21210", "P29_002": "B121221000020", "P29_003": "16001", "P29_004": "恵那市立大井第二小学校", "P29_005": "岐阜県恵那市大井町1982-1", "P29_006": "3", "P29_007": "1", "P29_008": "00", "P29_009": null }, "geometry": { "type": "Point", "coordinates": [ 137.420371111960407, 35.463698583812494 ] } },
{ "type": "Feature", "properties": { "P29_001": "21210", "P29_002": "B121221000039", "P29_003": "16001", "P29_004": "恵那市立長島小学校", "P29_005": "岐阜県恵那市長島町永田461-1", "P29_006": "3", "P29_007": "1", "P29_008": "00", "P29_009": null }, "geometry": { "type": "Point", "coordinates": [ 137.40299527831084, 35.449829252484164 ] } },
{ "type": "Feature", "properties": { "P29_001": "21210", "P29_002": "B121221000048", "P29_003": "16001", "P29_004": "恵那市立恵那北小学校", "P29_005": "岐阜県恵那市長島町久須見177-1", "P29_006": "3", "P29_007": "1", "P29_008": "00", "P29_009": null }, "geometry": { "type": "Point", "coordinates": [ 137.359574150039805, 35.473330941959084 ] } },
{ "type": "Feature", "properties": { "P29_001": "21210", "P29_002": "B121221000057", "P29_003": "16001", "P29_004": "恵那市立東野小学校", "P29_005": "岐阜県恵那市東野1346", "P29_006": "3", "P29_007": "1", "P29_008": "00", "P29_009": null }, "geometry": { "type": "Point", "coordinates": [ 137.428159326135074, 35.441557942247094 ] } },
{ "type": "Feature", "properties": { "P29_001": "21210", "P29_002": "B121221000066", "P29_003": "16001", "P29_004": "恵那市立三郷小学校", "P29_005": "岐阜県恵那市三郷町佐々良木1822", "P29_006": "3", "P29_007": "1", "P29_008": "00", "P29_009": null }, "geometry": { "type": "Point", "coordinates": [ 137.364712941647639, 35.410719547681978 ] } },
{ "type": "Feature", "properties": { "P29_001": "21210", "P29_002": "B121221000075", "P29_003": "16001", "P29_004": "恵那市立武並小学校", "P29_005": "岐阜県恵那市武並町竹折1059-91", "P29_006": "3", "P29_007": "1", "P29_008": "00", "P29_009": null }, "geometry": { "type": "Point", "coordinates": [ 137.346389058768409, 35.439541958887133 ] } },
{ "type": "Feature", "properties": { "P29_001": "21210", "P29_002": "B121221000084", "P29_003": "16001", "P29_004": "恵那市立中野方小学校", "P29_005": "岐阜県恵那市中野方町2353-1", "P29_006": "3", "P29_007": "1", "P29_008": "00", "P29_009": null }, "geometry": { "type": "Point", "coordinates": [ 137.309123699786113, 35.523614520910542 ] } },
{ "type": "Feature", "properties": { "P29_001": "21210", "P29_002": "B121221000093", "P29_003": "16001", "P29_004": "恵那市立飯地小学校", "P29_005": "岐阜県恵那市飯地町26-4", "P29_006": "3", "P29_007": "1", "P29_008": "00", "P29_009": null }, "geometry": { "type": "Point", "coordinates": [ 137.291862915252466, 35.486238825411618 ] } },
{ "type": "Feature", "properties": { "P29_001": "21210", "P29_002": "B121221000100", "P29_003": "16001", "P29_004": "恵那市立岩邑小学校", "P29_005": "岐阜県恵那市岩村町1524-1", "P29_006": "3", "P29_007": "1", "P29_008": "00", "P29_009": null }, "geometry": { "type": "Point", "coordinates": [ 137.439263537244386, 35.368891377969639 ] } },
{ "type": "Feature", "properties": { "P29_001": "21210", "P29_002": "B121221000119", "P29_003": "16001", "P29_004": "恵那市立山岡小学校", "P29_005": "岐阜県恵那市山岡町下手向1831", "P29_006": "3", "P29_007": "1", "P29_008": "00", "P29_009": null }, "geometry": { "type": "Point", "coordinates": [ 137.382591842270585, 35.350237904371944 ] } },
{ "type": "Feature", "properties": { "P29_001": "21210", "P29_002": "B121221000128", "P29_003": "16001", "P29_004": "恵那市立明智小学校", "P29_005": "岐阜県恵那市明智町122-2", "P29_006": "3", "P29_007": "1", "P29_008": "00", "P29_009": null }, "geometry": { "type": "Point", "coordinates": [ 137.391714182232818, 35.310775403503889 ] } },
{ "type": "Feature", "properties": { "P29_001": "21210", "P29_002": "B121221000137", "P29_003": "16001", "P29_004": "恵那市立串原小学校", "P29_005": "岐阜県恵那市串原4083-2", "P29_006": "3", "P29_007": "1", "P29_008": "00", "P29_009": null }, "geometry": { "type": "Point", "coordinates": [ 137.407714084828399, 35.260732873566013 ] } },
{ "type": "Feature", "properties": { "P29_001": "21210", "P29_002": "B121221000146", "P29_003": "16001", "P29_004": "恵那市立上矢作小学校", "P29_005": "岐阜県恵那市上矢作町1798-1", "P29_006": "3", "P29_007": "1", "P29_008": "00", "P29_009": null }, "geometry": { "type": "Point", "coordinates": [ 137.502239211372512, 35.300744150757218 ] } },
{ "type": "Feature", "properties": { "P29_001": "21211", "P29_002": "B121221100010", "P29_003": "16001", "P29_004": "美濃加茂市立太田小学校", "P29_005": "岐阜県美濃加茂市太田本町5-4-39", "P29_006": "3", "P29_007": "1", "P29_008": "00", "P29_009": null }, "geometry": { "type": "Point", "coordinates": [ 137.008649693143241, 35.43753184011711 ] } },
{ "type": "Feature", "properties": { "P29_001": "21211", "P29_002": "B121221100029", "P29_003": "16001", "P29_004": "美濃加茂市立山手小学校", "P29_005": "岐阜県美濃加茂市田島町2-6-6", "P29_006": "3", "P29_007": "1", "P29_008": "00", "P29_009": null }, "geometry": { "type": "Point", "coordinates": [ 137.022370814895851, 35.45007068612712 ] } },
{ "type": "Feature", "properties": { "P29_001": "21211", "P29_002": "B121221100038", "P29_003": "16001", "P29_004": "美濃加茂市立古井小学校", "P29_005": "岐阜県美濃加茂市本郷町1-9-8", "P29_006": "3", "P29_007": "1", "P29_008": "00", "P29_009": null }, "geometry": { "type": "Point", "coordinates": [ 137.039116276633536, 35.447407132706132 ] } },
{ "type": "Feature", "properties": { "P29_001": "21211", "P29_002": "B121221100047", "P29_003": "16001", "P29_004": "美濃加茂市立山之上小学校", "P29_005": "岐阜県美濃加茂市山之上町3495-2", "P29_006": "3", "P29_007": "1", "P29_008": "00", "P29_009": null }, "geometry": { "type": "Point", "coordinates": [ 137.040831692304295, 35.479755051156019 ] } },
{ "type": "Feature", "properties": { "P29_001": "21211", "P29_002": "B121221100056", "P29_003": "16001", "P29_004": "美濃加茂市立蜂屋小学校", "P29_005": "岐阜県美濃加茂市蜂屋町上蜂屋11", "P29_006": "3", "P29_007": "1", "P29_008": "00", "P29_009": null }, "geometry": { "type": "Point", "coordinates": [ 137.006790936112139, 35.47238690587713 ] } },
{ "type": "Feature", "properties": { "P29_001": "21211", "P29_002": "B121221100065", "P29_003": "16001", "P29_004": "美濃加茂市立加茂野小学校", "P29_005": "岐阜県美濃加茂市加茂野町今泉1541", "P29_006": "3", "P29_007": "1", "P29_008": "00", "P29_009": null }, "geometry": { "type": "Point", "coordinates": [ 136.973611976499683, 35.462110490401443 ] } },
{ "type": "Feature", "properties": { "P29_001": "21211", "P29_002": "B121221100074", "P29_003": "16001", "P29_004": "美濃加茂市立伊深小学校", "P29_005": "岐阜県美濃加茂市伊深町888-2", "P29_006": "3", "P29_007": "1", "P29_008": "00", "P29_009": null }, "geometry": { "type": "Point", "coordinates": [ 137.004648330415165, 35.501855233028294 ] } },
{ "type": "Feature", "properties": { "P29_001": "21211", "P29_002": "B121221100083", "P29_003": "16001", "P29_004": "美濃加茂市立三和小学校", "P29_005": "岐阜県美濃加茂市三和町川浦2560", "P29_006": "3", "P29_007": "1", "P29_008": "00", "P29_009": null }, "geometry": { "type": "Point", "coordinates": [ 137.042166248865016, 35.513156751477581 ] } },
{ "type": "Feature", "properties": { "P29_001": "21211", "P29_002": "B121221100092", "P29_003": "16001", "P29_004": "美濃加茂市立下米田小学校", "P29_005": "岐阜県美濃加茂市下米田町西脇578", "P29_006": "3", "P29_007": "1", "P29_008": "00", "P29_009": null }, "geometry": { "type": "Point", "coordinates": [ 137.061178865482049, 35.464445960144502 ] } },
{ "type": "Feature", "properties": { "P29_001": "21212", "P29_002": "B121221200019", "P29_003": "16001", "P29_004": "土岐市立土岐津小学校", "P29_005": "岐阜県土岐市土岐津町土岐口2000-1", "P29_006": "3", "P29_007": "1", "P29_008": "00", "P29_009": null }, "geometry": { "type": "Point", "coordinates": [ 137.180860021821758, 35.352618702919514 ] } },
{ "type": "Feature", "properties": { "P29_001": "21212", "P29_002": "B121221200028", "P29_003": "16001", "P29_004": "土岐市立下石小学校", "P29_005": "岐阜県土岐市下石町1100-1", "P29_006": "3", "P29_007": "1", "P29_008": "00", "P29_009": null }, "geometry": { "type": "Point", "coordinates": [ 137.194591258572189, 35.32057209622748 ] } },
{ "type": "Feature", "properties": { "P29_001": "21212", "P29_002": "B121221200037", "P29_003": "16001", "P29_004": "土岐市立妻木小学校", "P29_005": "岐阜県土岐市妻木町1291-1", "P29_006": "3", "P29_007": "1", "P29_008": "00", "P29_009": null }, "geometry": { "type": "Point", "coordinates": [ 137.192952349397103, 35.310303055882855 ] } },
{ "type": "Feature", "properties": { "P29_001": "21212", "P29_002": "B121221200046", "P29_003": "16001", "P29_004": "土岐市立濃南小学校", "P29_005": "岐阜県土岐市鶴里町細野138", "P29_006": "3", "P29_007": "1", "P29_008": "00", "P29_009": null }, "geometry": { "type": "Point", "coordinates": [ 137.237618144136462, 35.278101548110023 ] } },
{ "type": "Feature", "properties": { "P29_001": "21212", "P29_002": "B121221200055", "P29_003": "16001", "P29_004": "土岐市立駄知小学校", "P29_005": "岐阜県土岐市駄知町1858-1", "P29_006": "3", "P29_007": "1", "P29_008": "00", "P29_009": null }, "geometry": { "type": "Point", "coordinates": [ 137.222689667240502, 35.330431269917923 ] } },
{ "type": "Feature", "properties": { "P29_001": "21212", "P29_002": "B121221200064", "P29_003": "16001", "P29_004": "土岐市立肥田小学校", "P29_005": "岐阜県土岐市肥田町肥田2269-1", "P29_006": "3", "P29_007": "1", "P29_008": "00", "P29_009": null }, "geometry": { "type": "Point", "coordinates": [ 137.207343285265949, 35.351431057137042 ] } },
{ "type": "Feature", "properties": { "P29_001": "21212", "P29_002": "B121221200073", "P29_003": "16001", "P29_004": "土岐市立泉小学校", "P29_005": "岐阜県土岐市泉中窯町1-5", "P29_006": "3", "P29_007": "1", "P29_008": "00", "P29_009": null }, "geometry": { "type": "Point", "coordinates": [ 137.189311485306376, 35.368477708883574 ] } },
{ "type": "Feature", "properties": { "P29_001": "21212", "P29_002": "B121221200082", "P29_003": "16001", "P29_004": "土岐市立泉西小学校", "P29_005": "岐阜県土岐市泉町久尻1413-2", "P29_006": "3", "P29_007": "1", "P29_008": "00", "P29_009": null }, "geometry": { "type": "Point", "coordinates": [ 137.175793111911815, 35.369028261362587 ] } },
{ "type": "Feature", "properties": { "P29_001": "21213", "P29_002": "B121221300018", "P29_003": "16001", "P29_004": "各務原市立那加第一小学校", "P29_005": "岐阜県各務原市那加手力町22-5", "P29_006": "3", "P29_007": "1", "P29_008": "00", "P29_009": null }, "geometry": { "type": "Point", "coordinates": [ 136.826717420901531, 35.409161137264569 ] } },
{ "type": "Feature", "properties": { "P29_001": "21213", "P29_002": "B121221300027", "P29_003": "16001", "P29_004": "各務原市立那加第二小学校", "P29_005": "岐阜県各務原市那加雲雀町1", "P29_006": "3", "P29_007": "1", "P29_008": "00", "P29_009": null }, "geometry": { "type": "Point", "coordinates": [ 136.842231656281598, 35.402348640051635 ] } },
{ "type": "Feature", "properties": { "P29_001": "21213", "P29_002": "B121221300036", "P29_003": "16001", "P29_004": "各務原市立那加第三小学校", "P29_005": "岐阜県各務原市那加東亜町1-1", "P29_006": "3", "P29_007": "1", "P29_008": "00", "P29_009": null }, "geometry": { "type": "Point", "coordinates": [ 136.834779743048074, 35.403511312818722 ] } },
{ "type": "Feature", "properties": { "P29_001": "21213", "P29_002": "B121221300045", "P29_003": "16001", "P29_004": "各務原市立尾崎小学校", "P29_005": "岐阜県各務原市尾崎南町3-2", "P29_006": "3", "P29_007": "1", "P29_008": "00", "P29_009": null }, "geometry": { "type": "Point", "coordinates": [ 136.830022217518717, 35.42407184561133 ] } },
{ "type": "Feature", "properties": { "P29_001": "21213", "P29_002": "B121221300054", "P29_003": "16001", "P29_004": "各務原市立稲羽西小学校", "P29_005": "岐阜県各務原市大佐野町1-233", "P29_006": "3", "P29_007": "1", "P29_008": "00", "P29_009": null }, "geometry": { "type": "Point", "coordinates": [ 136.837836947708837, 35.382314246623643 ] } },
{ "type": "Feature", "properties": { "P29_001": "21213", "P29_002": "B121221300063", "P29_003": "16001", "P29_004": "各務原市立稲羽東小学校", "P29_005": "岐阜県各務原市前渡西町1393", "P29_006": "3", "P29_007": "1", "P29_008": "00", "P29_009": null }, "geometry": { "type": "Point", "coordinates": [ 136.878133916233196, 35.385023495100633 ] } },
{ "type": "Feature", "properties": { "P29_001": "21213", "P29_002": "B121221300072", "P29_003": "16001", "P29_004": "各務原市立川島小学校", "P29_005": "岐阜県各務原市川島河田町1041-3", "P29_006": "3", "P29_007": "1", "P29_008": "00", "P29_009": null }, "geometry": { "type": "Point", "coordinates": [ 136.829746922220579, 35.363877967734879 ] } },
{ "type": "Feature", "properties": { "P29_001": "21213", "P29_002": "B121221300081", "P29_003": "16001", "P29_004": "各務原市立鵜沼第一小学校", "P29_005": "岐阜県各務原市鵜沼西町4-179", "P29_006": "3", "P29_007": "1", "P29_008": "00", "P29_009": null }, "geometry": { "type": "Point", "coordinates": [ 136.933527056100758, 35.398925194444708 ] } },
{ "type": "Feature", "properties": { "P29_001": "21213", "P29_002": "B121221300090", "P29_003": "16001", "P29_004": "各務原市立鵜沼第二小学校", "P29_005": "岐阜県各務原市各務原町2-260", "P29_006": "3", "P29_007": "1", "P29_008": "00", "P29_009": null }, "geometry": { "type": "Point", "coordinates": [ 136.902794555087667, 35.399000746547053 ] } },
{ "type": "Feature", "properties": { "P29_001": "21213", "P29_002": "B121221300107", "P29_003": "16001", "P29_004": "各務原市立鵜沼第三小学校", "P29_005": "岐阜県各務原市新鵜沼台4-1", "P29_006": "3", "P29_007": "1", "P29_008": "00", "P29_009": null }, "geometry": { "type": "Point", "coordinates": [ 136.949043214553654, 35.403819798249593 ] } },
{ "type": "Feature", "properties": { "P29_001": "21213", "P29_002": "B121221300116", "P29_003": "16001", "P29_004": "各務原市立各務小学校", "P29_005": "岐阜県各務原市各務おがせ町4-7", "P29_006": "3", "P29_007": "1", "P29_008": "00", "P29_009": null }, "geometry": { "type": "Point", "coordinates": [ 136.900675501262441, 35.417990246296924 ] } },
{ "type": "Feature", "properties": { "P29_001": "21213", "P29_002": "B121221300125", "P29_003": "16001", "P29_004": "各務原市立緑苑小学校", "P29_005": "岐阜県各務原市緑苑北1-26", "P29_006": "3", "P29_007": "1", "P29_008": "00", "P29_009": null }, "geometry": { "type": "Point", "coordinates": [ 136.946134987449483, 35.416070935095441 ] } },
{ "type": "Feature", "properties": { "P29_001": "21213", "P29_002": "B121221300134", "P29_003": "16001", "P29_004": "各務原市立八木山小学校", "P29_005": "岐阜県各務原市つつじが丘1-1", "P29_006": "3", "P29_007": "1", "P29_008": "00", "P29_009": null }, "geometry": { "type": "Point", "coordinates": [ 136.928427680725832, 35.410511114928084 ] } },
{ "type": "Feature", "properties": { "P29_001": "21213", "P29_002": "B121221300143", "P29_003": "16001", "P29_004": "各務原市立陵南小学校", "P29_005": "岐阜県各務原市鵜沼大伊木町4-425", "P29_006": "3", "P29_007": "1", "P29_008": "00", "P29_009": null }, "geometry": { "type": "Point", "coordinates": [ 136.9047986918861, 35.383810111499074 ] } },
{ "type": "Feature", "properties": { "P29_001": "21213", "P29_002": "B121221300152", "P29_003": "16001", "P29_004": "各務原市立蘇原第一小学校", "P29_005": "岐阜県各務原市蘇原野口町1-1", "P29_006": "3", "P29_007": "1", "P29_008": "00", "P29_009": null }, "geometry": { "type": "Point", "coordinates": [ 136.865373005236421, 35.415975999038004 ] } },
{ "type": "Feature", "properties": { "P29_001": "21213", "P29_002": "B121221300161", "P29_003": "16001", "P29_004": "各務原市立蘇原第二小学校", "P29_005": "岐阜県各務原市蘇原沢上町1-19", "P29_006": "3", "P29_007": "1", "P29_008": "00", "P29_009": null }, "geometry": { "type": "Point", "coordinates": [ 136.859769121684764, 35.403932551154327 ] } },
{ "type": "Feature", "properties": { "P29_001": "21213", "P29_002": "B121221300170", "P29_003": "16001", "P29_004": "各務原市立中央小学校", "P29_005": "岐阜県各務原市各務西町4-302", "P29_006": "3", "P29_007": "1", "P29_008": "00", "P29_009": null }, "geometry": { "type": "Point", "coordinates": [ 136.882825808441936, 35.4086686913679 ] } },
{ "type": "Feature", "properties": { "P29_001": "21214", "P29_002": "B121221400017", "P29_003": "16001", "P29_004": "可児市立今渡南小学校", "P29_005": "岐阜県可児市下恵土3433-7", "P29_006": "3", "P29_007": "1", "P29_008": "00", "P29_009": null }, "geometry": { "type": "Point", "coordinates": [ 137.047077973925042, 35.431634424458643 ] } },
{ "type": "Feature", "properties": { "P29_001": "21214", "P29_002": "B121221400026", "P29_003": "16001", "P29_004": "可児市立土田小学校", "P29_005": "岐阜県可児市土田4226-1", "P29_006": "3", "P29_007": "1", "P29_008": "00", "P29_009": null }, "geometry": { "type": "Point", "coordinates": [ 137.012165823031097, 35.42643877115394 ] } },
{ "type": "Feature", "properties": { "P29_001": "21214", "P29_002": "B121221400035", "P29_003": "16001", "P29_004": "可児市立帷子小学校", "P29_005": "岐阜県可児市東帷子1047", "P29_006": "3", "P29_007": "1", "P29_008": "00", "P29_009": null }, "geometry": { "type": "Point", "coordinates": [ 137.005415999066486, 35.40112099594819 ] } },
{ "type": "Feature", "properties": { "P29_001": "21214", "P29_002": "B121221400044", "P29_003": "16001", "P29_004": "可児市立春里小学校", "P29_005": "岐阜県可児市塩642-1", "P29_006": "3", "P29_007": "1", "P29_008": "00", "P29_009": null }, "geometry": { "type": "Point", "coordinates": [ 137.024866468952638, 35.407364328009052 ] } },
{ "type": "Feature", "properties": { "P29_001": "21214", "P29_002": "B121221400053", "P29_003": "16001", "P29_004": "可児市立東明小学校", "P29_005": "岐阜県可児市久々利1945", "P29_006": "3", "P29_007": "1", "P29_008": "00", "P29_009": null }, "geometry": { "type": "Point", "coordinates": [ 137.094091529557005, 35.408638470899554 ] } },
{ "type": "Feature", "properties": { "P29_001": "21214", "P29_002": "B121221400062", "P29_003": "16001", "P29_004": "可児市立旭小学校", "P29_005": "岐阜県可児市大森2078-3", "P29_006": "3", "P29_007": "1", "P29_008": "00", "P29_009": null }, "geometry": { "type": "Point", "coordinates": [ 137.068354519935241, 35.398193820147547 ] } },
{ "type": "Feature", "properties": { "P29_001": "21214", "P29_002": "B121221400071", "P29_003": "16001", "P29_004": "可児市立広見小学校", "P29_005": "岐阜県可児市広見71-1", "P29_006": "3", "P29_007": "1", "P29_008": "00", "P29_009": null }, "geometry": { "type": "Point", "coordinates": [ 137.067121874202883, 35.424269042342054 ] } },
{ "type": "Feature", "properties": { "P29_001": "21214", "P29_002": "B121221400080", "P29_003": "16001", "P29_004": "可児市立南帷子小学校", "P29_005": "岐阜県可児市東帷子2231", "P29_006": "3", "P29_007": "1", "P29_008": "00", "P29_009": null }, "geometry": { "type": "Point", "coordinates": [ 137.012124034257766, 35.38926993919268 ] } },
{ "type": "Feature", "properties": { "P29_001": "21214", "P29_002": "B121221400099", "P29_003": "16001", "P29_004": "可児市立桜ケ丘小学校", "P29_005": "岐阜県可児市桜ヶ丘5-55-2", "P29_006": "3", "P29_007": "1", "P29_008": "00", "P29_009": null }, "geometry": { "type": "Point", "coordinates": [ 137.113879995375044, 35.382071995737213 ] } },
{ "type": "Feature", "properties": { "P29_001": "21214", "P29_002": "B121221400106", "P29_003": "16001", "P29_004": "可児市立今渡北小学校", "P29_005": "岐阜県可児市今渡1680", "P29_006": "3", "P29_007": "1", "P29_008": "00", "P29_009": null }, "geometry": { "type": "Point", "coordinates": [ 137.045452011892706, 35.433592533318169 ] } },
{ "type": "Feature", "properties": { "P29_001": "21214", "P29_002": "B121221400115", "P29_003": "16001", "P29_004": "可児市立兼山小学校", "P29_005": "岐阜県可児市兼山1444-1", "P29_006": "3", "P29_007": "1", "P29_008": "00", "P29_009": null }, "geometry": { "type": "Point", "coordinates": [ 137.095716651382247, 35.453125661021957 ] } },
{ "type": "Feature", "properties": { "P29_001": "21215", "P29_002": "B121221500016", "P29_003": "16001", "P29_004": "山県市立高富小学校", "P29_005": "岐阜県山県市高富1079", "P29_006": "3", "P29_007": "1", "P29_008": "00", "P29_009": null }, "geometry": { "type": "Point", "coordinates": [ 136.788161032453473, 35.495221474012425 ] } },
{ "type": "Feature", "properties": { "P29_001": "21215", "P29_002": "B121221500025", "P29_003": "16001", "P29_004": "山県市立富岡小学校", "P29_005": "岐阜県山県市東深瀬29-1", "P29_006": "3", "P29_007": "1", "P29_008": "00", "P29_009": null }, "geometry": { "type": "Point", "coordinates": [ 136.788315616319153, 35.510129513317821 ] } },
{ "type": "Feature", "properties": { "P29_001": "21215", "P29_002": "B121221500034", "P29_003": "16001", "P29_004": "山県市立梅原小学校", "P29_005": "岐阜県山県市梅原1534", "P29_006": "3", "P29_007": "1", "P29_008": "00", "P29_009": null }, "geometry": { "type": "Point", "coordinates": [ 136.755531673420393, 35.516846877789789 ] } },
{ "type": "Feature", "properties": { "P29_001": "21215", "P29_002": "B121221500043", "P29_003": "16001", "P29_004": "山県市立桜尾小学校", "P29_005": "岐阜県山県市伊佐美726", "P29_006": "3", "P29_007": "1", "P29_008": "00", "P29_009": null }, "geometry": { "type": "Point", "coordinates": [ 136.786314630998419, 35.52400282844517 ] } },
{ "type": "Feature", "properties": { "P29_001": "21215", "P29_002": "B121221500052", "P29_003": "16001", "P29_004": "山県市立大桑小学校", "P29_005": "岐阜県山県市大桑2382-1", "P29_006": "3", "P29_007": "1", "P29_008": "00", "P29_009": null }, "geometry": { "type": "Point", "coordinates": [ 136.7647459567998, 35.538802518032142 ] } },
{ "type": "Feature", "properties": { "P29_001": "21215", "P29_002": "B121221500061", "P29_003": "16001", "P29_004": "山県市立伊自良南小学校", "P29_005": "岐阜県山県市大森540-2", "P29_006": "3", "P29_007": "1", "P29_008": "00", "P29_009": null }, "geometry": { "type": "Point", "coordinates": [ 136.729606994979235, 35.525820000888842 ] } },
{ "type": "Feature", "properties": { "P29_001": "21215", "P29_002": "B121221500070", "P29_003": "16001", "P29_004": "山県市立伊自良北小学校", "P29_005": "岐阜県山県市掛217", "P29_006": "3", "P29_007": "1", "P29_008": "00", "P29_009": null }, "geometry": { "type": "Point", "coordinates": [ 136.720341188650394, 35.553078288185652 ] } },
{ "type": "Feature", "properties": { "P29_001": "21215", "P29_002": "B121221500089", "P29_003": "16001", "P29_004": "山県市立美山小学校", "P29_005": "岐阜県山県市岩佐763", "P29_006": "3", "P29_007": "1", "P29_008": "00", "P29_009": null }, "geometry": { "type": "Point", "coordinates": [ 136.797979836648778, 35.547875115260162 ] } },
{ "type": "Feature", "properties": { "P29_001": "21215", "P29_002": "B121221500098", "P29_003": "16001", "P29_004": "山県市立いわ桜小学校", "P29_005": "岐阜県山県市谷合1157-2", "P29_006": "3", "P29_007": "1", "P29_008": "00", "P29_009": null }, "geometry": { "type": "Point", "coordinates": [ 136.738516792809662, 35.592435284645255 ] } },
{ "type": "Feature", "properties": { "P29_001": "21216", "P29_002": "B121221600015", "P29_003": "16001", "P29_004": "瑞穂市立穂積小学校", "P29_005": "岐阜県瑞穂市穂積452", "P29_006": "3", "P29_007": "1", "P29_008": "00", "P29_009": null }, "geometry": { "type": "Point", "coordinates": [ 136.694761377683307, 35.389798833472874 ] } },
{ "type": "Feature", "properties": { "P29_001": "21216", "P29_002": "B121221600024", "P29_003": "16001", "P29_004": "瑞穂市立本田小学校", "P29_005": "岐阜県瑞穂市本田938", "P29_006": "3", "P29_007": "1", "P29_008": "00", "P29_009": null }, "geometry": { "type": "Point", "coordinates": [ 136.677638419233233, 35.407620916772728 ] } },
{ "type": "Feature", "properties": { "P29_001": "21216", "P29_002": "B121221600033", "P29_003": "16001", "P29_004": "瑞穂市立牛牧小学校", "P29_005": "岐阜県瑞穂市牛牧1523", "P29_006": "3", "P29_007": "1", "P29_008": "00", "P29_009": null }, "geometry": { "type": "Point", "coordinates": [ 136.672629814225701, 35.379202400180937 ] } },
{ "type": "Feature", "properties": { "P29_001": "21216", "P29_002": "B121221600042", "P29_003": "16001", "P29_004": "瑞穂市立生津小学校", "P29_005": "岐阜県瑞穂市馬場上光町2-108", "P29_006": "3", "P29_007": "1", "P29_008": "00", "P29_009": null }, "geometry": { "type": "Point", "coordinates": [ 136.684506893285629, 35.411228668376907 ] } },
{ "type": "Feature", "properties": { "P29_001": "21216", "P29_002": "B121221600051", "P29_003": "16001", "P29_004": "瑞穂市立南小学校", "P29_005": "岐阜県瑞穂市古橋1660", "P29_006": "3", "P29_007": "1", "P29_008": "00", "P29_009": null }, "geometry": { "type": "Point", "coordinates": [ 136.656836875915957, 35.388017474793152 ] } },
{ "type": "Feature", "properties": { "P29_001": "21216", "P29_002": "B121221600060", "P29_003": "16001", "P29_004": "瑞穂市立中小学校", "P29_005": "岐阜県瑞穂市美江寺173", "P29_006": "3", "P29_007": "1", "P29_008": "00", "P29_009": null }, "geometry": { "type": "Point", "coordinates": [ 136.658024733939783, 35.411146732383692 ] } },
{ "type": "Feature", "properties": { "P29_001": "21216", "P29_002": "B121221600079", "P29_003": "16001", "P29_004": "瑞穂市立西小学校", "P29_005": "岐阜県瑞穂市居倉389", "P29_006": "3", "P29_007": "1", "P29_008": "00", "P29_009": null }, "geometry": { "type": "Point", "coordinates": [ 136.641943605993987, 35.416156897782571 ] } },
{ "type": "Feature", "properties": { "P29_001": "21217", "P29_002": "B121221700014", "P29_003": "16001", "P29_004": "飛騨市立古川小学校", "P29_005": "岐阜県飛騨市古川町片原町8-35", "P29_006": "3", "P29_007": "1", "P29_008": "00", "P29_009": null }, "geometry": { "type": "Point", "coordinates": [ 137.192712910010556, 36.233838165935808 ] } },
{ "type": "Feature", "properties": { "P29_001": "21217", "P29_002": "B121221700023", "P29_003": "16001", "P29_004": "飛騨市立古川西小学校", "P29_005": "岐阜県飛騨市古川町杉崎510", "P29_006": "3", "P29_007": "1", "P29_008": "00", "P29_009": null }, "geometry": { "type": "Point", "coordinates": [ 137.157807322149694, 36.25397449883711 ] } },
{ "type": "Feature", "properties": { "P29_001": "21217", "P29_002": "B121221700032", "P29_003": "16001", "P29_004": "飛騨市立河合小学校", "P29_005": "岐阜県飛騨市河合町角川91-2", "P29_006": "3", "P29_007": "1", "P29_008": "00", "P29_009": null }, "geometry": { "type": "Point", "coordinates": [ 137.106644047335777, 36.306356292045564 ] } },
{ "type": "Feature", "properties": { "P29_001": "21217", "P29_002": "B121221700041", "P29_003": "16001", "P29_004": "飛騨市立宮川小学校", "P29_005": "岐阜県飛騨市宮川町林258", "P29_006": "3", "P29_007": "1", "P29_008": "00", "P29_009": null }, "geometry": { "type": "Point", "coordinates": [ 137.13915435764747, 36.328643979131961 ] } },
{ "type": "Feature", "properties": { "P29_001": "21217", "P29_002": "B121221700050", "P29_003": "16001", "P29_004": "飛騨市立神岡小学校", "P29_005": "岐阜県飛騨市神岡町船津225", "P29_006": "3", "P29_007": "1", "P29_008": "00", "P29_009": null }, "geometry": { "type": "Point", "coordinates": [ 137.29674686748325, 36.329867155995814 ] } },
{ "type": "Feature", "properties": { "P29_001": "21217", "P29_002": "B121221700069", "P29_003": "16001", "P29_004": "飛騨市立山之村小学校", "P29_005": "岐阜県飛騨市神岡町森茂1649-1", "P29_006": "3", "P29_007": "1", "P29_008": "00", "P29_009": null }, "geometry": { "type": "Point", "coordinates": [ 137.371670120920328, 36.377814279495993 ] } },
{ "type": "Feature", "properties": { "P29_001": "21218", "P29_002": "B121221800022", "P29_003": "16001", "P29_004": "本巣市立外山小学校", "P29_005": "岐阜県本巣市神海1328-3", "P29_006": "3", "P29_007": "1", "P29_008": "00", "P29_009": null }, "geometry": { "type": "Point", "coordinates": [ 136.642058403314337, 35.544281730208823 ] } },
{ "type": "Feature", "properties": { "P29_001": "21218", "P29_002": "B121221800031", "P29_003": "16001", "P29_004": "本巣市立本巣小学校", "P29_005": "岐阜県本巣市文殊179", "P29_006": "3", "P29_007": "1", "P29_008": "00", "P29_009": null }, "geometry": { "type": "Point", "coordinates": [ 136.674398565928044, 35.488505273919372 ] } },
{ "type": "Feature", "properties": { "P29_001": "21218", "P29_002": "B121221800040", "P29_003": "16001", "P29_004": "本巣市立一色小学校", "P29_005": "岐阜県本巣市見延16", "P29_006": "3", "P29_007": "1", "P29_008": "00", "P29_009": null }, "geometry": { "type": "Point", "coordinates": [ 136.665690741560326, 35.469439069424823 ] } },
{ "type": "Feature", "properties": { "P29_001": "21218", "P29_002": "B121221800059", "P29_003": "16001", "P29_004": "本巣市立土貴野小学校", "P29_005": "岐阜県本巣市七五三658", "P29_006": "3", "P29_007": "1", "P29_008": "00", "P29_009": null }, "geometry": { "type": "Point", "coordinates": [ 136.654190610706451, 35.451367655281423 ] } },
{ "type": "Feature", "properties": { "P29_001": "21218", "P29_002": "B121221800068", "P29_003": "16001", "P29_004": "本巣市立席田小学校", "P29_005": "岐阜県本巣市郡府37", "P29_006": "3", "P29_007": "1", "P29_008": "00", "P29_009": null }, "geometry": { "type": "Point", "coordinates": [ 136.683904771368503, 35.457724925947893 ] } },
{ "type": "Feature", "properties": { "P29_001": "21218", "P29_002": "B121221800077", "P29_003": "16001", "P29_004": "本巣市立弾正小学校", "P29_005": "岐阜県本巣市政田2100", "P29_006": "3", "P29_007": "1", "P29_008": "00", "P29_009": null }, "geometry": { "type": "Point", "coordinates": [ 136.64320827704131, 35.434761638758772 ] } },
{ "type": "Feature", "properties": { "P29_001": "21218", "P29_002": "B121221800086", "P29_003": "16001", "P29_004": "本巣市立真桑小学校", "P29_005": "岐阜県本巣市下真桑223-1", "P29_006": "3", "P29_007": "1", "P29_008": "00", "P29_009": null }, "geometry": { "type": "Point", "coordinates": [ 136.665333013252877, 35.433253079665405 ] } },
{ "type": "Feature", "properties": { "P29_001": "21219", "P29_002": "B121221900012", "P29_003": "16001", "P29_004": "郡上市立八幡小学校", "P29_005": "岐阜県郡上市八幡町島谷8", "P29_006": "3", "P29_007": "1", "P29_008": "00", "P29_009": null }, "geometry": { "type": "Point", "coordinates": [ 136.961989186130694, 35.750319645874136 ] } },
{ "type": "Feature", "properties": { "P29_001": "21219", "P29_002": "B121221900021", "P29_003": "16001", "P29_004": "郡上市立川合小学校", "P29_005": "岐阜県郡上市八幡町初音1080", "P29_006": "3", "P29_007": "1", "P29_008": "00", "P29_009": null }, "geometry": { "type": "Point", "coordinates": [ 136.952751949921435, 35.771072956727501 ] } },
{ "type": "Feature", "properties": { "P29_001": "21219", "P29_002": "B121221900030", "P29_003": "16001", "P29_004": "郡上市立相生小学校", "P29_005": "岐阜県郡上市八幡町相生1358", "P29_006": "3", "P29_007": "1", "P29_008": "00", "P29_009": null }, "geometry": { "type": "Point", "coordinates": [ 136.950104838126066, 35.714437869922207 ] } },
{ "type": "Feature", "properties": { "P29_001": "21219", "P29_002": "B121221900049", "P29_003": "16001", "P29_004": "郡上市立口明方小学校", "P29_005": "岐阜県郡上市八幡町市島913", "P29_006": "3", "P29_007": "1", "P29_008": "00", "P29_009": null }, "geometry": { "type": "Point", "coordinates": [ 137.009475925044313, 35.784120525118432 ] } },
{ "type": "Feature", "properties": { "P29_001": "21219", "P29_002": "B121221900058", "P29_003": "16001", "P29_004": "郡上市立大和西小学校", "P29_005": "岐阜県郡上市大和町島3020", "P29_006": "3", "P29_007": "1", "P29_008": "00", "P29_009": null }, "geometry": { "type": "Point", "coordinates": [ 136.906054001322502, 35.79299000294963 ] } },
{ "type": "Feature", "properties": { "P29_001": "21219", "P29_002": "B121221900067", "P29_003": "16001", "P29_004": "郡上市立大和南小学校", "P29_005": "岐阜県郡上市大和町河辺952-1", "P29_006": "3", "P29_007": "1", "P29_008": "00", "P29_009": null }, "geometry": { "type": "Point", "coordinates": [ 136.906520423085368, 35.803582770967431 ] } },
{ "type": "Feature", "properties": { "P29_001": "21219", "P29_002": "B121221900076", "P29_003": "16001", "P29_004": "郡上市立大和北小学校", "P29_005": "岐阜県郡上市大和町剣1085-1", "P29_006": "3", "P29_007": "1", "P29_008": "00", "P29_009": null }, "geometry": { "type": "Point", "coordinates": [ 136.892559371883237, 35.822102252779239 ] } },
{ "type": "Feature", "properties": { "P29_001": "21219", "P29_002": "B121221900085", "P29_003": "16001", "P29_004": "郡上市立大和第一北小学校", "P29_005": "岐阜県郡上市大和町万場1950", "P29_006": "3", "P29_007": "1", "P29_008": "00", "P29_009": null }, "geometry": { "type": "Point", "coordinates": [ 136.882321434798286, 35.836387222017521 ] } },
{ "type": "Feature", "properties": { "P29_001": "21219", "P29_002": "B121221900094", "P29_003": "16001", "P29_004": "郡上市立牛道小学校", "P29_005": "岐阜県郡上市白鳥町中西499-1", "P29_006": "3", "P29_007": "1", "P29_008": "00", "P29_009": null }, "geometry": { "type": "Point", "coordinates": [ 136.891337684491447, 35.891409959637649 ] } },
{ "type": "Feature", "properties": { "P29_001": "21219", "P29_002": "B121221900101", "P29_003": "16001", "P29_004": "郡上市立那留小学校", "P29_005": "岐阜県郡上市白鳥町那留1450-1", "P29_006": "3", "P29_007": "1", "P29_008": "00", "P29_009": null }, "geometry": { "type": "Point", "coordinates": [ 136.88377397523945, 35.872015061712872 ] } },
{ "type": "Feature", "properties": { "P29_001": "21219", "P29_002": "B121221900110", "P29_003": "16001", "P29_004": "郡上市立白鳥小学校", "P29_005": "岐阜県郡上市白鳥町白鳥10-2", "P29_006": "3", "P29_007": "1", "P29_008": "00", "P29_009": null }, "geometry": { "type": "Point", "coordinates": [ 136.857444442148648, 35.8814684578862 ] } },
{ "type": "Feature", "properties": { "P29_001": "21219", "P29_002": "B121221900129", "P29_003": "16001", "P29_004": "郡上市立大中小学校", "P29_005": "岐阜県郡上市白鳥町中津屋360-3", "P29_006": "3", "P29_007": "1", "P29_008": "00", "P29_009": null }, "geometry": { "type": "Point", "coordinates": [ 136.867895926849712, 35.857808635381431 ] } },
{ "type": "Feature", "properties": { "P29_001": "21219", "P29_002": "B121221900138", "P29_003": "16001", "P29_004": "郡上市立北濃小学校", "P29_005": "岐阜県郡上市白鳥町二日町153-1", "P29_006": "3", "P29_007": "1", "P29_008": "00", "P29_009": null }, "geometry": { "type": "Point", "coordinates": [ 136.83958369340823, 35.915217220335876 ] } },
{ "type": "Feature", "properties": { "P29_001": "21219", "P29_002": "B121221900147", "P29_003": "16001", "P29_004": "郡上市立石徹白小学校", "P29_005": "岐阜県郡上市白鳥町石徹白39-2", "P29_006": "3", "P29_007": "1", "P29_008": "00", "P29_009": null }, "geometry": { "type": "Point", "coordinates": [ 136.770891382406262, 35.973260771612317 ] } },
{ "type": "Feature", "properties": { "P29_001": "21219", "P29_002": "B121221900156", "P29_003": "16001", "P29_004": "郡上市立高鷲小学校", "P29_005": "岐阜県郡上市高鷲町大鷲2387-1", "P29_006": "3", "P29_007": "1", "P29_008": "00", "P29_009": null }, "geometry": { "type": "Point", "coordinates": [ 136.878034567588429, 35.947119628184041 ] } },
{ "type": "Feature", "properties": { "P29_001": "21219", "P29_002": "B121221900165", "P29_003": "16001", "P29_004": "郡上市立高鷲北小学校", "P29_005": "岐阜県郡上市高鷲町ひるがの4670-282", "P29_006": "3", "P29_007": "1", "P29_008": "00", "P29_009": null }, "geometry": { "type": "Point", "coordinates": [ 136.901630955129718, 36.0005132649462 ] } },
{ "type": "Feature", "properties": { "P29_001": "21219", "P29_002": "B121221900174", "P29_003": "16001", "P29_004": "郡上市立三城小学校", "P29_005": "岐阜県郡上市美並町白山745-1", "P29_006": "3", "P29_007": "1", "P29_008": "00", "P29_009": null }, "geometry": { "type": "Point", "coordinates": [ 136.954646237755668, 35.660080806003535 ] } },
{ "type": "Feature", "properties": { "P29_001": "21219", "P29_002": "B121221900183", "P29_003": "16001", "P29_004": "郡上市立吉田小学校", "P29_005": "岐阜県郡上市美並町上田69", "P29_006": "3", "P29_007": "1", "P29_008": "00", "P29_009": null }, "geometry": { "type": "Point", "coordinates": [ 136.945517011481627, 35.640196096921059 ] } },
{ "type": "Feature", "properties": { "P29_001": "21219", "P29_002": "B121221900192", "P29_003": "16001", "P29_004": "郡上市立明宝小学校", "P29_005": "岐阜県郡上市明宝気良88", "P29_006": "3", "P29_007": "1", "P29_008": "00", "P29_009": null }, "geometry": { "type": "Point", "coordinates": [ 137.030016190265115, 35.85482163585462 ] } },
{ "type": "Feature", "properties": { "P29_001": "21219", "P29_002": "B121221900218", "P29_003": "16001", "P29_004": "郡上市立和良小学校", "P29_005": "岐阜県郡上市和良町沢728", "P29_006": "3", "P29_007": "1", "P29_008": "00", "P29_009": null }, "geometry": { "type": "Point", "coordinates": [ 137.080539536866695, 35.746771274754366 ] } },
{ "type": "Feature", "properties": { "P29_001": "21220", "P29_002": "B121222000019", "P29_003": "16001", "P29_004": "下呂市立萩原小学校", "P29_005": "岐阜県下呂市萩原町萩原1101", "P29_006": "3", "P29_007": "1", "P29_008": "00", "P29_009": null }, "geometry": { "type": "Point", "coordinates": [ 137.210770501496938, 35.878630991672445 ] } },
{ "type": "Feature", "properties": { "P29_001": "21220", "P29_002": "B121222000028", "P29_003": "16001", "P29_004": "下呂市立宮田小学校", "P29_005": "岐阜県下呂市萩原町宮田1340", "P29_006": "3", "P29_007": "1", "P29_008": "00", "P29_009": null }, "geometry": { "type": "Point", "coordinates": [ 137.235375078445941, 35.927008679013277 ] } },
{ "type": "Feature", "properties": { "P29_001": "21220", "P29_002": "B121222000037", "P29_003": "16001", "P29_004": "下呂市立尾崎小学校", "P29_005": "岐阜県下呂市萩原町尾崎973", "P29_006": "3", "P29_007": "1", "P29_008": "00", "P29_009": null }, "geometry": { "type": "Point", "coordinates": [ 137.199117512647263, 35.926252733282226 ] } },
{ "type": "Feature", "properties": { "P29_001": "21220", "P29_002": "B121222000046", "P29_003": "16001", "P29_004": "下呂市立小坂小学校", "P29_005": "岐阜県下呂市小坂町小坂町1020", "P29_006": "3", "P29_007": "1", "P29_008": "00", "P29_009": null }, "geometry": { "type": "Point", "coordinates": [ 137.259865231198148, 35.954332126261079 ] } },
{ "type": "Feature", "properties": { "P29_001": "21220", "P29_002": "B121222000055", "P29_003": "16001", "P29_004": "下呂市立下呂小学校", "P29_005": "岐阜県下呂市森285", "P29_006": "3", "P29_007": "1", "P29_008": "00", "P29_009": null }, "geometry": { "type": "Point", "coordinates": [ 137.247537771346856, 35.801314659362966 ] } },
{ "type": "Feature", "properties": { "P29_001": "21220", "P29_002": "B121222000064", "P29_003": "16001", "P29_004": "下呂市立竹原小学校", "P29_005": "岐阜県下呂市宮地600", "P29_006": "3", "P29_007": "1", "P29_008": "00", "P29_009": null }, "geometry": { "type": "Point", "coordinates": [ 137.285793645237248, 35.767614368201428 ] } },
{ "type": "Feature", "properties": { "P29_001": "21220", "P29_002": "B121222000073", "P29_003": "16001", "P29_004": "下呂市立上原小学校", "P29_005": "岐阜県下呂市夏焼3055", "P29_006": "3", "P29_007": "1", "P29_008": "00", "P29_009": null }, "geometry": { "type": "Point", "coordinates": [ 137.28040785870661, 35.733857298241766 ] } },
{ "type": "Feature", "properties": { "P29_001": "21220", "P29_002": "B121222000091", "P29_003": "16001", "P29_004": "下呂市立金山小学校", "P29_005": "岐阜県下呂市金山町金山2151", "P29_006": "3", "P29_007": "1", "P29_008": "00", "P29_009": null }, "geometry": { "type": "Point", "coordinates": [ 137.159249806793099, 35.660624947338214 ] } },
{ "type": "Feature", "properties": { "P29_001": "21220", "P29_002": "B121222000135", "P29_003": "16001", "P29_004": "下呂市立馬瀬小学校", "P29_005": "岐阜県下呂市馬瀬中切976", "P29_006": "3", "P29_007": "1", "P29_008": "00", "P29_009": null }, "geometry": { "type": "Point", "coordinates": [ 137.15309346770178, 35.896767897190315 ] } },
{ "type": "Feature", "properties": { "P29_001": "21221", "P29_002": "B121222100018", "P29_003": "16001", "P29_004": "海津市立高須小学校", "P29_005": "岐阜県海津市海津町高須町337", "P29_006": "3", "P29_007": "1", "P29_008": "00", "P29_009": null }, "geometry": { "type": "Point", "coordinates": [ 136.629392761017328, 35.22149188675526 ] } },
{ "type": "Feature", "properties": { "P29_001": "21221", "P29_002": "B121222100027", "P29_003": "16001", "P29_004": "海津市立吉里小学校", "P29_005": "岐阜県海津市海津町松木776-1", "P29_006": "3", "P29_007": "1", "P29_008": "00", "P29_009": null }, "geometry": { "type": "Point", "coordinates": [ 136.658418261919195, 35.24173184318304 ] } },
{ "type": "Feature", "properties": { "P29_001": "21221", "P29_002": "B121222100036", "P29_003": "16001", "P29_004": "海津市立東江小学校", "P29_005": "岐阜県海津市海津町駒ヶ江159", "P29_006": "3", "P29_007": "1", "P29_008": "00", "P29_009": null }, "geometry": { "type": "Point", "coordinates": [ 136.67129592387289, 35.214159517402223 ] } },
{ "type": "Feature", "properties": { "P29_001": "21221", "P29_002": "B121222100045", "P29_003": "16001", "P29_004": "海津市立大江小学校", "P29_005": "岐阜県海津市海津町古中島204", "P29_006": "3", "P29_007": "1", "P29_008": "00", "P29_009": null }, "geometry": { "type": "Point", "coordinates": [ 136.666274487441058, 35.173788482417976 ] } },
{ "type": "Feature", "properties": { "P29_001": "21221", "P29_002": "B121222100054", "P29_003": "16001", "P29_004": "海津市立西江小学校", "P29_005": "岐阜県海津市海津町安田72", "P29_006": "3", "P29_007": "1", "P29_008": "00", "P29_009": null }, "geometry": { "type": "Point", "coordinates": [ 136.634218001056098, 35.183947564504571 ] } },
{ "type": "Feature", "properties": { "P29_001": "21221", "P29_002": "B121222100063", "P29_003": "16001", "P29_004": "海津市立今尾小学校", "P29_005": "岐阜県海津市平田町今尾4434", "P29_006": "3", "P29_007": "1", "P29_008": "00", "P29_009": null }, "geometry": { "type": "Point", "coordinates": [ 136.628344647580235, 35.25349067491107 ] } },
{ "type": "Feature", "properties": { "P29_001": "21221", "P29_002": "B121222100072", "P29_003": "16001", "P29_004": "海津市立海西小学校", "P29_005": "岐阜県海津市平田町野寺1023", "P29_006": "3", "P29_007": "1", "P29_008": "00", "P29_009": null }, "geometry": { "type": "Point", "coordinates": [ 136.662225241583343, 35.273830701851608 ] } },
{ "type": "Feature", "properties": { "P29_001": "21221", "P29_002": "B121222100081", "P29_003": "16001", "P29_004": "海津市立石津小学校", "P29_005": "岐阜県海津市南濃町吉田319", "P29_006": "3", "P29_007": "1", "P29_008": "00", "P29_009": null }, "geometry": { "type": "Point", "coordinates": [ 136.629881660372632, 35.172259788370852 ] } },
{ "type": "Feature", "properties": { "P29_001": "21221", "P29_002": "B121222100090", "P29_003": "16001", "P29_004": "海津市立城山小学校", "P29_005": "岐阜県海津市南濃町駒野1317-8", "P29_006": "3", "P29_007": "1", "P29_008": "00", "P29_009": null }, "geometry": { "type": "Point", "coordinates": [ 136.593793708993616, 35.228529326237485 ] } },
{ "type": "Feature", "properties": { "P29_001": "21221", "P29_002": "B121222100107", "P29_003": "16001", "P29_004": "海津市立下多度小学校", "P29_005": "岐阜県海津市南濃町津屋1869", "P29_006": "3", "P29_007": "1", "P29_008": "00", "P29_009": null }, "geometry": { "type": "Point", "coordinates": [ 136.564353245222435, 35.256988059415647 ] } },
{ "type": "Feature", "properties": { "P29_001": "21302", "P29_002": "B121230200010", "P29_003": "16001", "P29_004": "羽島郡岐南町立東小学校", "P29_005": "岐阜県羽島郡岐南町野中1-99", "P29_006": "3", "P29_007": "1", "P29_008": "00", "P29_009": null }, "geometry": { "type": "Point", "coordinates": [ 136.79988180459867, 35.387351282157411 ] } },
{ "type": "Feature", "properties": { "P29_001": "21302", "P29_002": "B121230200029", "P29_003": "16001", "P29_004": "羽島郡岐南町立西小学校", "P29_005": "岐阜県羽島郡岐南町みやまち4-119", "P29_006": "3", "P29_007": "1", "P29_008": "00", "P29_009": null }, "geometry": { "type": "Point", "coordinates": [ 136.774747731904426, 35.389369007838972 ] } },
{ "type": "Feature", "properties": { "P29_001": "21302", "P29_002": "B121230200038", "P29_003": "16001", "P29_004": "羽島郡岐南町立北小学校", "P29_005": "岐阜県羽島郡岐南町八剣1-90", "P29_006": "3", "P29_007": "1", "P29_008": "00", "P29_009": null }, "geometry": { "type": "Point", "coordinates": [ 136.783704288039104, 35.391541764839097 ] } },
{ "type": "Feature", "properties": { "P29_001": "21303", "P29_002": "B121230300019", "P29_003": "16001", "P29_004": "羽島郡笠松町立笠松小学校", "P29_005": "岐阜県羽島郡笠松町下新町87", "P29_006": "3", "P29_007": "1", "P29_008": "00", "P29_009": null }, "geometry": { "type": "Point", "coordinates": [ 136.759877407365053, 35.370316648018196 ] } },
{ "type": "Feature", "properties": { "P29_001": "21303", "P29_002": "B121230300028", "P29_003": "16001", "P29_004": "羽島郡笠松町立松枝小学校", "P29_005": "岐阜県羽島郡笠松町長池642", "P29_006": "3", "P29_007": "1", "P29_008": "00", "P29_009": null }, "geometry": { "type": "Point", "coordinates": [ 136.749116785128479, 35.355662157506906 ] } },
{ "type": "Feature", "properties": { "P29_001": "21303", "P29_002": "B121230300037", "P29_003": "16001", "P29_004": "羽島郡笠松町立下羽栗小学校", "P29_005": "岐阜県羽島郡笠松町中野227", "P29_006": "3", "P29_007": "1", "P29_008": "00", "P29_009": null }, "geometry": { "type": "Point", "coordinates": [ 136.795244239651112, 35.374785623395752 ] } },
{ "type": "Feature", "properties": { "P29_001": "21341", "P29_002": "B121234100013", "P29_003": "16001", "P29_004": "養老郡養老町立養老小学校", "P29_005": "岐阜県養老郡養老町石畑660", "P29_006": "3", "P29_007": "1", "P29_008": "00", "P29_009": null }, "geometry": { "type": "Point", "coordinates": [ 136.550716649059467, 35.304412544974909 ] } },
{ "type": "Feature", "properties": { "P29_001": "21341", "P29_002": "B121234100022", "P29_003": "16001", "P29_004": "養老郡養老町立広幡小学校", "P29_005": "岐阜県養老郡養老町口ケ島196-2", "P29_006": "3", "P29_007": "1", "P29_008": "00", "P29_009": null }, "geometry": { "type": "Point", "coordinates": [ 136.571585829999606, 35.29495725718332 ] } },
{ "type": "Feature", "properties": { "P29_001": "21341", "P29_002": "B121234100031", "P29_003": "16001", "P29_004": "養老郡養老町立上多度小学校", "P29_005": "岐阜県養老郡養老町小倉415", "P29_006": "3", "P29_007": "1", "P29_008": "00", "P29_009": null }, "geometry": { "type": "Point", "coordinates": [ 136.563477561896491, 35.274644515438034 ] } },
{ "type": "Feature", "properties": { "P29_001": "21341", "P29_002": "B121234100040", "P29_003": "16001", "P29_004": "養老郡養老町立池辺小学校", "P29_005": "岐阜県養老郡養老町大巻1140", "P29_006": "3", "P29_007": "1", "P29_008": "00", "P29_009": null }, "geometry": { "type": "Point", "coordinates": [ 136.607091347047998, 35.252716337886923 ] } },
{ "type": "Feature", "properties": { "P29_001": "21341", "P29_002": "B121234100059", "P29_003": "16001", "P29_004": "養老郡養老町立笠郷小学校", "P29_005": "岐阜県養老郡養老町船附1150", "P29_006": "3", "P29_007": "1", "P29_008": "00", "P29_009": null }, "geometry": { "type": "Point", "coordinates": [ 136.596800806010123, 35.287513553557062 ] } },
{ "type": "Feature", "properties": { "P29_001": "21341", "P29_002": "B121234100068", "P29_003": "16001", "P29_004": "養老郡養老町立養北小学校", "P29_005": "岐阜県養老郡養老町飯田265", "P29_006": "3", "P29_007": "1", "P29_008": "00", "P29_009": null }, "geometry": { "type": "Point", "coordinates": [ 136.57158639552685, 35.323890835767436 ] } },
{ "type": "Feature", "properties": { "P29_001": "21341", "P29_002": "B121234100077", "P29_003": "16001", "P29_004": "養老郡養老町立日吉小学校", "P29_005": "岐阜県養老郡養老町中138", "P29_006": "3", "P29_007": "1", "P29_008": "00", "P29_009": null }, "geometry": { "type": "Point", "coordinates": [ 136.553309770002187, 35.326222288110586 ] } },
{ "type": "Feature", "properties": { "P29_001": "21361", "P29_002": "B121236100018", "P29_003": "16001", "P29_004": "不破郡垂井町立垂井小学校", "P29_005": "岐阜県不破郡垂井町1069-2", "P29_006": "3", "P29_007": "1", "P29_008": "00", "P29_009": null }, "geometry": { "type": "Point", "coordinates": [ 136.522671868893013, 35.37365007364469 ] } },
{ "type": "Feature", "properties": { "P29_001": "21361", "P29_002": "B121236100027", "P29_003": "16001", "P29_004": "不破郡垂井町立宮代小学校", "P29_005": "岐阜県不破郡垂井町宮代2729", "P29_006": "3", "P29_007": "1", "P29_008": "00", "P29_009": null }, "geometry": { "type": "Point", "coordinates": [ 136.528649324846356, 35.364035566140473 ] } },
{ "type": "Feature", "properties": { "P29_001": "21361", "P29_002": "B121236100036", "P29_003": "16001", "P29_004": "不破郡垂井町立表佐小学校", "P29_005": "岐阜県不破郡垂井町表佐940", "P29_006": "3", "P29_007": "1", "P29_008": "00", "P29_009": null }, "geometry": { "type": "Point", "coordinates": [ 136.547302294603696, 35.364030381208906 ] } },
{ "type": "Feature", "properties": { "P29_001": "21361", "P29_002": "B121236100045", "P29_003": "16001", "P29_004": "不破郡垂井町立東小学校", "P29_005": "岐阜県不破郡垂井町綾戸910-1", "P29_006": "3", "P29_007": "1", "P29_008": "00", "P29_009": null }, "geometry": { "type": "Point", "coordinates": [ 136.549716005105438, 35.372780998896204 ] } },
{ "type": "Feature", "properties": { "P29_001": "21361", "P29_002": "B121236100054", "P29_003": "16001", "P29_004": "不破郡垂井町立岩手小学校", "P29_005": "岐阜県不破郡垂井町岩手619-2", "P29_006": "3", "P29_007": "1", "P29_008": "00", "P29_009": null }, "geometry": { "type": "Point", "coordinates": [ 136.499443997250438, 35.385696000001211 ] } },
{ "type": "Feature", "properties": { "P29_001": "21361", "P29_002": "B121236100063", "P29_003": "16001", "P29_004": "不破郡垂井町立府中小学校", "P29_005": "岐阜県不破郡垂井町府中464", "P29_006": "3", "P29_007": "1", "P29_008": "00", "P29_009": null }, "geometry": { "type": "Point", "coordinates": [ 136.525316746481593, 35.387374146882621 ] } },
{ "type": "Feature", "properties": { "P29_001": "21361", "P29_002": "B121236100072", "P29_003": "16001", "P29_004": "不破郡垂井町立合原小学校", "P29_005": "岐阜県不破郡垂井町栗原1102-1", "P29_006": "3", "P29_007": "1", "P29_008": "00", "P29_009": null }, "geometry": { "type": "Point", "coordinates": [ 136.547944201546755, 35.339270552620356 ] } },
{ "type": "Feature", "properties": { "P29_001": "21362", "P29_002": "B121236200017", "P29_003": "16001", "P29_004": "不破郡関ケ原町立関ケ原小学校", "P29_005": "岐阜県不破郡関ケ原町関ケ原3132-3", "P29_006": "3", "P29_007": "1", "P29_008": "00", "P29_009": null }, "geometry": { "type": "Point", "coordinates": [ 136.469997860194923, 35.360882474121652 ] } },
{ "type": "Feature", "properties": { "P29_001": "21381", "P29_002": "B121238100014", "P29_003": "16001", "P29_004": "安八郡神戸町立神戸小学校", "P29_005": "岐阜県安八郡神戸町神戸775", "P29_006": "3", "P29_007": "1", "P29_008": "00", "P29_009": null }, "geometry": { "type": "Point", "coordinates": [ 136.607824343715606, 35.423477724163774 ] } },
{ "type": "Feature", "properties": { "P29_001": "21381", "P29_002": "B121238100023", "P29_003": "16001", "P29_004": "安八郡神戸町立下宮小学校", "P29_005": "岐阜県安八郡神戸町瀬古2110", "P29_006": "3", "P29_007": "1", "P29_008": "00", "P29_009": null }, "geometry": { "type": "Point", "coordinates": [ 136.626651571590799, 35.404022388009096 ] } },
{ "type": "Feature", "properties": { "P29_001": "21381", "P29_002": "B121238100032", "P29_003": "16001", "P29_004": "安八郡神戸町立南平野小学校", "P29_005": "岐阜県安八郡神戸町和泉1066-1", "P29_006": "3", "P29_007": "1", "P29_008": "00", "P29_009": null }, "geometry": { "type": "Point", "coordinates": [ 136.596777771749942, 35.401735469988921 ] } },
{ "type": "Feature", "properties": { "P29_001": "21381", "P29_002": "B121238100041", "P29_003": "16001", "P29_004": "安八郡神戸町立北小学校", "P29_005": "岐阜県安八郡神戸町安次300", "P29_006": "3", "P29_007": "1", "P29_008": "00", "P29_009": null }, "geometry": { "type": "Point", "coordinates": [ 136.596963806446723, 35.430387512809752 ] } },
{ "type": "Feature", "properties": { "P29_001": "21382", "P29_002": "B121238200013", "P29_003": "16001", "P29_004": "安八郡輪之内町立福束小学校", "P29_005": "岐阜県安八郡輪之内町南波76", "P29_006": "3", "P29_007": "1", "P29_008": "00", "P29_009": null }, "geometry": { "type": "Point", "coordinates": [ 136.631358249658803, 35.303754091155987 ] } },
{ "type": "Feature", "properties": { "P29_001": "21382", "P29_002": "B121238200022", "P29_003": "16001", "P29_004": "安八郡輪之内町立仁木小学校", "P29_005": "岐阜県安八郡輪之内町海松新田827", "P29_006": "3", "P29_007": "1", "P29_008": "00", "P29_009": null }, "geometry": { "type": "Point", "coordinates": [ 136.629220681302172, 35.272516107637564 ] } },
{ "type": "Feature", "properties": { "P29_001": "21382", "P29_002": "B121238200031", "P29_003": "16001", "P29_004": "安八郡輪之内町立大藪小学校", "P29_005": "岐阜県安八郡輪之内町大藪1117", "P29_006": "3", "P29_007": "1", "P29_008": "00", "P29_009": null }, "geometry": { "type": "Point", "coordinates": [ 136.655911526883955, 35.294500100145768 ] } },
{ "type": "Feature", "properties": { "P29_001": "21383", "P29_002": "B121238300012", "P29_003": "16001", "P29_004": "安八郡安八町立名森小学校", "P29_005": "岐阜県安八郡安八町大明神40", "P29_006": "3", "P29_007": "1", "P29_008": "00", "P29_009": null }, "geometry": { "type": "Point", "coordinates": [ 136.660734274682056, 35.333248577565975 ] } },
{ "type": "Feature", "properties": { "P29_001": "21383", "P29_002": "B121238300021", "P29_003": "16001", "P29_004": "安八郡安八町立結小学校", "P29_005": "岐阜県安八郡安八町西結1065", "P29_006": "3", "P29_007": "1", "P29_008": "00", "P29_009": null }, "geometry": { "type": "Point", "coordinates": [ 136.663405869881871, 35.362514284867913 ] } },
{ "type": "Feature", "properties": { "P29_001": "21383", "P29_002": "B121238300030", "P29_003": "16001", "P29_004": "安八郡安八町立牧小学校", "P29_005": "岐阜県安八郡安八町牧2927", "P29_006": "3", "P29_007": "1", "P29_008": "00", "P29_009": null }, "geometry": { "type": "Point", "coordinates": [ 136.647505160120005, 35.326409704651375 ] } },
{ "type": "Feature", "properties": { "P29_001": "21401", "P29_002": "B121240100010", "P29_003": "16001", "P29_004": "揖斐郡揖斐川町立揖斐小学校", "P29_005": "岐阜県揖斐郡揖斐川町三輪1332-2", "P29_006": "3", "P29_007": "1", "P29_008": "00", "P29_009": null }, "geometry": { "type": "Point", "coordinates": [ 136.574546106323396, 35.489504175936204 ] } },
{ "type": "Feature", "properties": { "P29_001": "21401", "P29_002": "B121240100029", "P29_003": "16001", "P29_004": "揖斐郡揖斐川町立大和小学校", "P29_005": "岐阜県揖斐郡揖斐川町房島560", "P29_006": "3", "P29_007": "1", "P29_008": "00", "P29_009": null }, "geometry": { "type": "Point", "coordinates": [ 136.554383608022903, 35.493682057085465 ] } },
{ "type": "Feature", "properties": { "P29_001": "21401", "P29_002": "B121240100038", "P29_003": "16001", "P29_004": "揖斐郡揖斐川町立北方小学校", "P29_005": "岐阜県揖斐郡揖斐川町北方1362", "P29_006": "3", "P29_007": "1", "P29_008": "00", "P29_009": null }, "geometry": { "type": "Point", "coordinates": [ 136.539808716606728, 35.505560384819233 ] } },
{ "type": "Feature", "properties": { "P29_001": "21401", "P29_002": "B121240100047", "P29_003": "16001", "P29_004": "揖斐郡揖斐川町立清水小学校", "P29_005": "岐阜県揖斐郡揖斐川町清水1527", "P29_006": "3", "P29_007": "1", "P29_008": "00", "P29_009": null }, "geometry": { "type": "Point", "coordinates": [ 136.59496946185763, 35.470832554038559 ] } },
{ "type": "Feature", "properties": { "P29_001": "21401", "P29_002": "B121240100056", "P29_003": "16001", "P29_004": "揖斐郡揖斐川町立小島小学校", "P29_005": "岐阜県揖斐郡揖斐川町小島139", "P29_006": "3", "P29_007": "1", "P29_008": "00", "P29_009": null }, "geometry": { "type": "Point", "coordinates": [ 136.544978434620276, 35.48138068046439 ] } },
{ "type": "Feature", "properties": { "P29_001": "21401", "P29_002": "B121240100065", "P29_003": "16001", "P29_004": "揖斐郡揖斐川町立谷汲小学校", "P29_005": "岐阜県揖斐郡揖斐川町谷汲名礼1242-11", "P29_006": "3", "P29_007": "1", "P29_008": "00", "P29_009": null }, "geometry": { "type": "Point", "coordinates": [ 136.600459163914593, 35.526879459021963 ] } },
{ "type": "Feature", "properties": { "P29_001": "21401", "P29_002": "B121240100074", "P29_003": "16001", "P29_004": "揖斐郡揖斐川町立春日小学校", "P29_005": "岐阜県揖斐郡揖斐川町春日川合1677-2", "P29_006": "3", "P29_007": "1", "P29_008": "00", "P29_009": null }, "geometry": { "type": "Point", "coordinates": [ 136.457478843670685, 35.46606154298788 ] } },
{ "type": "Feature", "properties": { "P29_001": "21403", "P29_002": "B121240300018", "P29_003": "16001", "P29_004": "揖斐郡大野町立大野小学校", "P29_005": "岐阜県揖斐郡大野町大字大野177", "P29_006": "3", "P29_007": "1", "P29_008": "00", "P29_009": null }, "geometry": { "type": "Point", "coordinates": [ 136.635420807373521, 35.47314684393249 ] } },
{ "type": "Feature", "properties": { "P29_001": "21403", "P29_002": "B121240300027", "P29_003": "16001", "P29_004": "揖斐郡大野町立大野小学校大野分校", "P29_005": "岐阜県揖斐郡大野町桜大門457-1", "P29_006": "3", "P29_007": "1", "P29_008": "00", "P29_009": null }, "geometry": { "type": "Point", "coordinates": [ 136.633581764462605, 35.480888191969242 ] } },
{ "type": "Feature", "properties": { "P29_001": "21403", "P29_002": "B121240300036", "P29_003": "16001", "P29_004": "揖斐郡大野町立北小学校", "P29_005": "岐阜県揖斐郡大野町稲富1708", "P29_006": "3", "P29_007": "1", "P29_008": "00", "P29_009": null }, "geometry": { "type": "Point", "coordinates": [ 136.646337545222764, 35.48415027598535 ] } },
{ "type": "Feature", "properties": { "P29_001": "21403", "P29_002": "B121240300045", "P29_003": "16001", "P29_004": "揖斐郡大野町立東小学校", "P29_005": "岐阜県揖斐郡大野町相羽763-10", "P29_006": "3", "P29_007": "1", "P29_008": "00", "P29_009": null }, "geometry": { "type": "Point", "coordinates": [ 136.638559700345184, 35.458766665527435 ] } },
{ "type": "Feature", "properties": { "P29_001": "21403", "P29_002": "B121240300054", "P29_003": "16001", "P29_004": "揖斐郡大野町立西小学校", "P29_005": "岐阜県揖斐郡大野町松山15-1", "P29_006": "3", "P29_007": "1", "P29_008": "00", "P29_009": null }, "geometry": { "type": "Point", "coordinates": [ 136.608394535566703, 35.475414723690449 ] } },
{ "type": "Feature", "properties": { "P29_001": "21403", "P29_002": "B121240300063", "P29_003": "16001", "P29_004": "揖斐郡大野町立中小学校", "P29_005": "岐阜県揖斐郡大野町大字公郷1661", "P29_006": "3", "P29_007": "1", "P29_008": "00", "P29_009": null }, "geometry": { "type": "Point", "coordinates": [ 136.610983855283251, 35.455785025859861 ] } },
{ "type": "Feature", "properties": { "P29_001": "21403", "P29_002": "B121240300072", "P29_003": "16001", "P29_004": "揖斐郡大野町立南小学校", "P29_005": "岐阜県揖斐郡大野町加納468", "P29_006": "3", "P29_007": "1", "P29_008": "00", "P29_009": null }, "geometry": { "type": "Point", "coordinates": [ 136.622179797114796, 35.441008976910069 ] } },
{ "type": "Feature", "properties": { "P29_001": "21404", "P29_002": "B121240400017", "P29_003": "16001", "P29_004": "揖斐郡池田町立温知小学校", "P29_005": "岐阜県揖斐郡池田町本郷1267", "P29_006": "3", "P29_007": "1", "P29_008": "00", "P29_009": null }, "geometry": { "type": "Point", "coordinates": [ 136.568957284164213, 35.443402492178869 ] } },
{ "type": "Feature", "properties": { "P29_001": "21404", "P29_002": "B121240400026", "P29_003": "16001", "P29_004": "揖斐郡池田町立八幡小学校", "P29_005": "岐阜県揖斐郡池田町八幡753", "P29_006": "3", "P29_007": "1", "P29_008": "00", "P29_009": null }, "geometry": { "type": "Point", "coordinates": [ 136.574752831588683, 35.420857234245524 ] } },
{ "type": "Feature", "properties": { "P29_001": "21404", "P29_002": "B121240400035", "P29_003": "16001", "P29_004": "揖斐郡池田町立宮地小学校", "P29_005": "岐阜県揖斐郡池田町宮地864", "P29_006": "3", "P29_007": "1", "P29_008": "00", "P29_009": null }, "geometry": { "type": "Point", "coordinates": [ 136.55059128717491, 35.45565242579751 ] } },
{ "type": "Feature", "properties": { "P29_001": "21404", "P29_002": "B121240400044", "P29_003": "16001", "P29_004": "揖斐郡池田町立池田小学校", "P29_005": "岐阜県揖斐郡池田町上田字学園1160-1", "P29_006": "3", "P29_007": "1", "P29_008": "00", "P29_009": null }, "geometry": { "type": "Point", "coordinates": [ 136.584055917732769, 35.446758106549787 ] } },
{ "type": "Feature", "properties": { "P29_001": "21404", "P29_002": "B121240400053", "P29_003": "16001", "P29_004": "揖斐郡養基小学校養基保育所組合立養基小学校", "P29_005": "岐阜県揖斐郡池田町田中555", "P29_006": "3", "P29_007": "1", "P29_008": "00", "P29_009": null }, "geometry": { "type": "Point", "coordinates": [ 136.569506553250903, 35.467018399757514 ] } },
{ "type": "Feature", "properties": { "P29_001": "21501", "P29_002": "B121250100019", "P29_003": "16001", "P29_004": "加茂郡坂祝町立坂祝小学校", "P29_005": "岐阜県加茂郡坂祝町取組35-2", "P29_006": "3", "P29_007": "1", "P29_008": "00", "P29_009": null }, "geometry": { "type": "Point", "coordinates": [ 136.984135478431483, 35.426482281161384 ] } },
{ "type": "Feature", "properties": { "P29_001": "21502", "P29_002": "B121250200018", "P29_003": "16001", "P29_004": "加茂郡富加町立富加小学校", "P29_005": "岐阜県加茂郡富加町滝田1381-1", "P29_006": "3", "P29_007": "1", "P29_008": "00", "P29_009": null }, "geometry": { "type": "Point", "coordinates": [ 136.975516459909755, 35.482908256298479 ] } },
{ "type": "Feature", "properties": { "P29_001": "21503", "P29_002": "B121250300017", "P29_003": "16001", "P29_004": "加茂郡川辺町立川辺西小学校", "P29_005": "岐阜県加茂郡川辺町中川辺125", "P29_006": "3", "P29_007": "1", "P29_008": "00", "P29_009": null }, "geometry": { "type": "Point", "coordinates": [ 137.065992882023949, 35.486171349136555 ] } },
{ "type": "Feature", "properties": { "P29_001": "21503", "P29_002": "B121250300026", "P29_003": "16001", "P29_004": "加茂郡川辺町立川辺東小学校", "P29_005": "岐阜県加茂郡川辺町比久見785-4", "P29_006": "3", "P29_007": "1", "P29_008": "00", "P29_009": null }, "geometry": { "type": "Point", "coordinates": [ 137.075877871156223, 35.49802146214116 ] } },
{ "type": "Feature", "properties": { "P29_001": "21503", "P29_002": "B121250300035", "P29_003": "16001", "P29_004": "加茂郡川辺町立川辺北小学校", "P29_005": "岐阜県加茂郡川辺町上川辺575", "P29_006": "3", "P29_007": "1", "P29_008": "00", "P29_009": null }, "geometry": { "type": "Point", "coordinates": [ 137.082364821138299, 35.513701137137431 ] } },
{ "type": "Feature", "properties": { "P29_001": "21504", "P29_002": "B121250400016", "P29_003": "16001", "P29_004": "加茂郡七宗町立神渕小学校", "P29_005": "岐阜県加茂郡七宗町神渕9871", "P29_006": "3", "P29_007": "1", "P29_008": "00", "P29_009": null }, "geometry": { "type": "Point", "coordinates": [ 137.087070998556186, 35.582491003423485 ] } },
{ "type": "Feature", "properties": { "P29_001": "21504", "P29_002": "B121250400025", "P29_003": "16001", "P29_004": "加茂郡七宗町立上麻生小学校", "P29_005": "岐阜県加茂郡七宗町上麻生2356-1", "P29_006": "3", "P29_007": "1", "P29_008": "00", "P29_009": null }, "geometry": { "type": "Point", "coordinates": [ 137.121683261510441, 35.543044166198897 ] } },
{ "type": "Feature", "properties": { "P29_001": "21505", "P29_002": "B121250500015", "P29_003": "16001", "P29_004": "加茂郡八百津町立八百津小学校", "P29_005": "岐阜県加茂郡八百津町八百津3784", "P29_006": "3", "P29_007": "1", "P29_008": "00", "P29_009": null }, "geometry": { "type": "Point", "coordinates": [ 137.142647814267264, 35.476291685335148 ] } },
{ "type": "Feature", "properties": { "P29_001": "21505", "P29_002": "B121250500024", "P29_003": "16001", "P29_004": "加茂郡八百津町立和知小学校", "P29_005": "岐阜県加茂郡八百津町和知1227", "P29_006": "3", "P29_007": "1", "P29_008": "00", "P29_009": null }, "geometry": { "type": "Point", "coordinates": [ 137.101138980687097, 35.467950666318885 ] } },
{ "type": "Feature", "properties": { "P29_001": "21505", "P29_002": "B121250500033", "P29_003": "16001", "P29_004": "加茂郡八百津町立錦津小学校", "P29_005": "岐阜県加茂郡八百津町伊岐津志1806", "P29_006": "3", "P29_007": "1", "P29_008": "00", "P29_009": null }, "geometry": { "type": "Point", "coordinates": [ 137.130056998706834, 35.467564965059204 ] } },
{ "type": "Feature", "properties": { "P29_001": "21505", "P29_002": "B121250500042", "P29_003": "16001", "P29_004": "加茂郡八百津町立久田見小学校", "P29_005": "岐阜県加茂郡八百津町久田見2741", "P29_006": "3", "P29_007": "1", "P29_008": "00", "P29_009": null }, "geometry": { "type": "Point", "coordinates": [ 137.187563833088461, 35.520743818559993 ] } },
{ "type": "Feature", "properties": { "P29_001": "21506", "P29_002": "B121250600014", "P29_003": "16001", "P29_004": "加茂郡白川町立白川小学校", "P29_005": "岐阜県加茂郡白川町坂ノ東4310", "P29_006": "3", "P29_007": "1", "P29_008": "00", "P29_009": null }, "geometry": { "type": "Point", "coordinates": [ 137.173036273656493, 35.612661015285028 ] } },
{ "type": "Feature", "properties": { "P29_001": "21506", "P29_002": "B121250600023", "P29_003": "16001", "P29_004": "加茂郡白川町立蘇原小学校", "P29_005": "岐阜県加茂郡白川町赤河1079-1", "P29_006": "3", "P29_007": "1", "P29_008": "00", "P29_009": null }, "geometry": { "type": "Point", "coordinates": [ 137.262326405031814, 35.544272222497156 ] } },
{ "type": "Feature", "properties": { "P29_001": "21506", "P29_002": "B121250600032", "P29_003": "16001", "P29_004": "加茂郡白川町立黒川小学校", "P29_005": "岐阜県加茂郡白川町黒川2808-1", "P29_006": "3", "P29_007": "1", "P29_008": "00", "P29_009": null }, "geometry": { "type": "Point", "coordinates": [ 137.323472740059827, 35.598059447345825 ] } },
{ "type": "Feature", "properties": { "P29_001": "21506", "P29_002": "B121250600041", "P29_003": "16001", "P29_004": "加茂郡白川町立佐見小学校", "P29_005": "岐阜県加茂郡白川町上佐見1957", "P29_006": "3", "P29_007": "1", "P29_008": "00", "P29_009": null }, "geometry": { "type": "Point", "coordinates": [ 137.269212414270754, 35.676222831238746 ] } },
{ "type": "Feature", "properties": { "P29_001": "21507", "P29_002": "B121250700013", "P29_003": "16001", "P29_004": "加茂郡東白川村立東白川小学校", "P29_005": "岐阜県加茂郡東白川村神土2686-19", "P29_006": "3", "P29_007": "1", "P29_008": "00", "P29_009": null }, "geometry": { "type": "Point", "coordinates": [ 137.339088381672155, 35.65788753888242 ] } },
{ "type": "Feature", "properties": { "P29_001": "21521", "P29_002": "B121252100015", "P29_003": "16001", "P29_004": "可児郡御嵩町立上之郷小学校", "P29_005": "岐阜県可児郡御嵩町宿2002", "P29_006": "3", "P29_007": "1", "P29_008": "00", "P29_009": null }, "geometry": { "type": "Point", "coordinates": [ 137.168613611864686, 35.417898939178905 ] } },
{ "type": "Feature", "properties": { "P29_001": "21521", "P29_002": "B121252100024", "P29_003": "16001", "P29_004": "可児郡御嵩町立御嵩小学校", "P29_005": "岐阜県可児郡御嵩町中2628", "P29_006": "3", "P29_007": "1", "P29_008": "00", "P29_009": null }, "geometry": { "type": "Point", "coordinates": [ 137.127723747024334, 35.435014853520038 ] } },
{ "type": "Feature", "properties": { "P29_001": "21521", "P29_002": "B121252100033", "P29_003": "16001", "P29_004": "可児郡御嵩町立伏見小学校", "P29_005": "岐阜県可児郡御嵩町伏見489", "P29_006": "3", "P29_007": "1", "P29_008": "00", "P29_009": null }, "geometry": { "type": "Point", "coordinates": [ 137.085703917221565, 35.43726855683078 ] } },
{ "type": "Feature", "properties": { "P29_001": "21201", "P29_002": "B121320100010", "P29_003": "16001", "P29_004": "岐阜聖徳学園大学附属小学校", "P29_005": "岐阜県岐阜市柳津町高桑西1-1", "P29_006": "4", "P29_007": "1", "P29_008": "00", "P29_009": null }, "geometry": { "type": "Point", "coordinates": [ 136.706258732859254, 35.36284351492796 ] } },
{ "type": "Feature", "properties": { "P29_001": "21214", "P29_002": "B121321400015", "P29_003": "16001", "P29_004": "帝京大学可児小学校", "P29_005": "岐阜県可児市桂ヶ丘1-2", "P29_006": "4", "P29_007": "1", "P29_008": "00", "P29_009": null }, "geometry": { "type": "Point", "coordinates": [ 137.085662068174884, 35.389037003899269 ] } }
]
}
