{
"type": "FeatureCollection",
"name": "geo_21_居宅介護支援",
"crs": { "type": "name", "properties": { "name": "urn:ogc:def:crs:OGC:1.3:CRS84" } },
"features": [
{ "type": "Feature", "properties": { "内容": "げんきの家ケアプランセンター【居宅介護支援】岐阜県岐阜市福富天神前299-3", "url": "https://www.kaigokensaku.mhlw.go.jp/21/index.php?action_kouhyou_detail_004_kani=true&JigyosyoCd=2170112292-00&ServiceCd=430&Type=search", "url2": null }, "geometry": { "type": "Point", "coordinates": [ 136.815529159628682, 35.484076774039522 ] } },
{ "type": "Feature", "properties": { "内容": "ケアプランセンター　わっか【居宅介護支援】岐阜県岐阜市西改田松の木79番地４メゾンYK2D", "url": "https://www.kaigokensaku.mhlw.go.jp/21/index.php?action_kouhyou_detail_004_kani=true&JigyosyoCd=2170115659-00&ServiceCd=430&Type=search", "url2": null }, "geometry": { "type": "Point", "coordinates": [ 136.7031914, 35.4451819 ] } },
{ "type": "Feature", "properties": { "内容": "ライフケアプランセンター【居宅介護支援】岐阜県岐阜市福光南町12-15", "url": "https://www.kaigokensaku.mhlw.go.jp/21/index.php?action_kouhyou_detail_004_kani=true&JigyosyoCd=2140106804-00&ServiceCd=430&Type=search", "url2": "http://www.wharmcorporation.com/" }, "geometry": { "type": "Point", "coordinates": [ 136.765993457008335, 35.448674108877825 ] } },
{ "type": "Feature", "properties": { "内容": "調剤薬局カトレア介護支援センター【居宅介護支援】上尻毛日吉123-3", "url": "https://www.kaigokensaku.mhlw.go.jp/21/index.php?action_kouhyou_detail_004_kani=true&JigyosyoCd=2170100925-00&ServiceCd=430&Type=search", "url2": null }, "geometry": { "type": "Point", "coordinates": [ 136.7095826, 35.4447186 ] } },
{ "type": "Feature", "properties": { "内容": "（有）すずらん福祉サービス居宅介護支援事業所【居宅介護支援】岐阜県岐阜市上川手３８２番地２", "url": "https://www.kaigokensaku.mhlw.go.jp/21/index.php?action_kouhyou_detail_004_kani=true&JigyosyoCd=2170103440-00&ServiceCd=430&Type=search", "url2": null }, "geometry": { "type": "Point", "coordinates": [ 136.776019499999961, 35.404206200000019 ] } },
{ "type": "Feature", "properties": { "内容": "アートケアセンター【居宅介護支援】岐阜県岐阜市茜部菱野２丁目７１番地１", "url": "https://www.kaigokensaku.mhlw.go.jp/21/index.php?action_kouhyou_detail_004_kani=true&JigyosyoCd=2170110908-00&ServiceCd=430&Type=search", "url2": null }, "geometry": { "type": "Point", "coordinates": [ 136.750048200000037, 35.3859501 ] } },
{ "type": "Feature", "properties": { "内容": "ながら社会福祉事務所【居宅介護支援】岐阜県岐阜市八代３丁目１９番８号", "url": "https://www.kaigokensaku.mhlw.go.jp/21/index.php?action_kouhyou_detail_004_kani=true&JigyosyoCd=2170110940-00&ServiceCd=430&Type=search", "url2": null }, "geometry": { "type": "Point", "coordinates": [ 136.772351599999979, 35.4573909 ] } },
{ "type": "Feature", "properties": { "内容": "ケアプランセンター　ベルデ岐阜西【居宅介護支援】岐阜県鏡島南4丁目2番18号ナーシングホームベルデ岐阜西", "url": "https://www.kaigokensaku.mhlw.go.jp/21/index.php?action_kouhyou_detail_004_kani=true&JigyosyoCd=2170115204-00&ServiceCd=430&Type=search", "url2": "https://www.careverde.com" }, "geometry": { "type": "Point", "coordinates": [ 136.712962728836061, 35.404117986970014 ] } },
{ "type": "Feature", "properties": { "内容": "ケアプランセンター長森【居宅介護支援】岐阜県岐阜市東中島1丁目17番地1", "url": "https://www.kaigokensaku.mhlw.go.jp/21/index.php?action_kouhyou_detail_004_kani=true&JigyosyoCd=2170115873-00&ServiceCd=430&Type=search", "url2": "https://www.wakokai.or.jp/search/nursing/careplancenter-nagamori/" }, "geometry": { "type": "Point", "coordinates": [ 136.804522, 35.3900314 ] } },
{ "type": "Feature", "properties": { "内容": "ケアプランセンターえんじゅ岐阜南鶉【居宅介護支援】岐阜県岐阜市南鶉7丁目38-1", "url": "https://www.kaigokensaku.mhlw.go.jp/21/index.php?action_kouhyou_detail_004_kani=true&JigyosyoCd=2170115899-00&ServiceCd=430&Type=search", "url2": "https://www.t-s-i.jp" }, "geometry": { "type": "Point", "coordinates": [ 136.7255801, 35.3767445 ] } },
{ "type": "Feature", "properties": { "内容": "エムズケアマネセンター【居宅介護支援】岐阜県岐阜市鹿島町1-5スクエアビル3F", "url": "https://www.kaigokensaku.mhlw.go.jp/21/index.php?action_kouhyou_detail_004_kani=true&JigyosyoCd=2170115949-00&ServiceCd=430&Type=search", "url2": null }, "geometry": { "type": "Point", "coordinates": [ 136.7444542, 35.415959 ] } },
{ "type": "Feature", "properties": { "内容": "介護オフィスリエゾン【居宅介護支援】岐阜県岐阜市六条南３丁目２番８号地域密着型デイサービステラスあるてあ２階", "url": "https://www.kaigokensaku.mhlw.go.jp/21/index.php?action_kouhyou_detail_004_kani=true&JigyosyoCd=2170115972-00&ServiceCd=430&Type=search", "url2": "gifualthea.com" }, "geometry": { "type": "Point", "coordinates": [ 136.741023399999989, 35.3953554 ] } },
{ "type": "Feature", "properties": { "内容": "ケアプランセンター福【居宅介護支援】岐阜市鹿島町５丁目１８MKビル３B", "url": "https://www.kaigokensaku.mhlw.go.jp/21/index.php?action_kouhyou_detail_004_kani=true&JigyosyoCd=2170116012-00&ServiceCd=430&Type=search", "url2": null }, "geometry": { "type": "Point", "coordinates": [ 136.7390184, 35.4148248 ] } },
{ "type": "Feature", "properties": { "内容": "居宅介護支援事業所　未和【居宅介護支援】岐阜県岐阜市北一色2丁目6番5号", "url": "https://www.kaigokensaku.mhlw.go.jp/21/index.php?action_kouhyou_detail_004_kani=true&JigyosyoCd=2170116038-00&ServiceCd=430&Type=search", "url2": null }, "geometry": { "type": "Point", "coordinates": [ 136.78760170000001, 35.4152195 ] } },
{ "type": "Feature", "properties": { "内容": "ケアプランセンター花の木岐阜【居宅介護支援】岐阜県岐阜市宇佐南4丁目7-8", "url": "https://www.kaigokensaku.mhlw.go.jp/21/index.php?action_kouhyou_detail_004_kani=true&JigyosyoCd=2170116053-00&ServiceCd=430&Type=search", "url2": "https://www.first-you.com/" }, "geometry": { "type": "Point", "coordinates": [ 136.7303221, 35.3931949 ] } },
{ "type": "Feature", "properties": { "内容": "天音居宅介護支援事業所【居宅介護支援】岐阜県岐阜市茜部寺屋敷1-6", "url": "https://www.kaigokensaku.mhlw.go.jp/21/index.php?action_kouhyou_detail_004_kani=true&JigyosyoCd=2170116087-00&ServiceCd=430&Type=search", "url2": null }, "geometry": { "type": "Point", "coordinates": [ 136.7526298, 35.3795002 ] } },
{ "type": "Feature", "properties": { "内容": "ライフケアプランセンター【居宅介護支援】岐阜県岐阜市福光南町12-15", "url": "https://www.kaigokensaku.mhlw.go.jp/21/index.php?action_kouhyou_detail_004_kani=true&JigyosyoCd=2170116095-00&ServiceCd=430&Type=search", "url2": null }, "geometry": { "type": "Point", "coordinates": [ 136.76590090000002, 35.4485738 ] } },
{ "type": "Feature", "properties": { "内容": "合同会社　にこにこ介護【居宅介護支援】岐阜県岐阜市南蝉2丁目138番地長屋ビル1F", "url": "https://www.kaigokensaku.mhlw.go.jp/21/index.php?action_kouhyou_detail_004_kani=true&JigyosyoCd=2170110247-00&ServiceCd=430&Type=search", "url2": "https://nikonikokaigo2525.jimdofree.com" }, "geometry": { "type": "Point", "coordinates": [ 136.76140383628308, 35.447403263908576 ] } },
{ "type": "Feature", "properties": { "内容": "千手堂病院居宅介護支援事業所【居宅介護支援】岐阜県岐阜市梅河町2丁目５－３", "url": "https://www.kaigokensaku.mhlw.go.jp/21/index.php?action_kouhyou_detail_004_kani=true&JigyosyoCd=2110100159-00&ServiceCd=430&Type=search", "url2": "http://www.senjyudo.com" }, "geometry": { "type": "Point", "coordinates": [ 136.754913139971336, 35.421522823085112 ] } },
{ "type": "Feature", "properties": { "内容": "岩砂介護保険支援センター長良【居宅介護支援】岐阜県岐阜市八代1丁目7番地1", "url": "https://www.kaigokensaku.mhlw.go.jp/21/index.php?action_kouhyou_detail_004_kani=true&JigyosyoCd=2110105356-00&ServiceCd=430&Type=search", "url2": "https://yuuaikai-gifu.or.jp/" }, "geometry": { "type": "Point", "coordinates": [ 136.774168663283717, 35.458279893665789 ] } },
{ "type": "Feature", "properties": { "内容": "介護保険相談センターかよう【居宅介護支援】岐阜県岐阜市祈年町１－２４－３華陽診療所　3階", "url": "https://www.kaigokensaku.mhlw.go.jp/21/index.php?action_kouhyou_detail_004_kani=true&JigyosyoCd=2110106040-00&ServiceCd=430&Type=search", "url2": "https://gifu-min.jp/midori/page_148.html" }, "geometry": { "type": "Point", "coordinates": [ 136.769364499999938, 35.4054533 ] } },
{ "type": "Feature", "properties": { "内容": "青木内科眼科指定居宅介護支援事業所【居宅介護支援】岐阜県岐阜市則武中3丁目5番15号", "url": "https://www.kaigokensaku.mhlw.go.jp/21/index.php?action_kouhyou_detail_004_kani=true&JigyosyoCd=2110108475-00&ServiceCd=430&Type=search", "url2": "https://bluefriends.or.jp" }, "geometry": { "type": "Point", "coordinates": [ 136.739691900000025, 35.4437674 ] } },
{ "type": "Feature", "properties": { "内容": "川出内科ｸﾘﾆｯｸ居宅介護支援事業所【居宅介護支援】岐阜県岐阜市太郎丸新屋敷205番地2", "url": "https://www.kaigokensaku.mhlw.go.jp/21/index.php?action_kouhyou_detail_004_kani=true&JigyosyoCd=2110113103-00&ServiceCd=430&Type=search", "url2": null }, "geometry": { "type": "Point", "coordinates": [ 136.8269866, 35.4924528 ] } },
{ "type": "Feature", "properties": { "内容": "安江居宅介護支援総合センター【居宅介護支援】岐阜県岐阜市鏡島南1丁目1番7号", "url": "https://www.kaigokensaku.mhlw.go.jp/21/index.php?action_kouhyou_detail_004_kani=true&JigyosyoCd=2170100024-00&ServiceCd=430&Type=search", "url2": "http://www.koukikai.gr.jp/medical_top/guide/generalcenter/" }, "geometry": { "type": "Point", "coordinates": [ 136.717254498811371, 35.408850484046553 ] } },
{ "type": "Feature", "properties": { "内容": "ほっとステーションサワダ【居宅介護支援】岐阜県岐阜市野一色7丁目9-1", "url": "https://www.kaigokensaku.mhlw.go.jp/21/index.php?action_kouhyou_detail_004_kani=true&JigyosyoCd=2170100032-00&ServiceCd=430&Type=search", "url2": "http://www.sawada-hp.or.jp/2006/hotstation/index.html" }, "geometry": { "type": "Point", "coordinates": [ 136.806311069172693, 35.417694208431321 ] } },
{ "type": "Feature", "properties": { "内容": "指定居宅介護支援センター悠悠【居宅介護支援】岐阜県岐阜市八代3丁目1番9号（リハビリセンター自在２階）リハビリセンター自在", "url": "https://www.kaigokensaku.mhlw.go.jp/21/index.php?action_kouhyou_detail_004_kani=true&JigyosyoCd=2170100040-00&ServiceCd=430&Type=search", "url2": null }, "geometry": { "type": "Point", "coordinates": [ 136.775484029499808, 35.46037973881856 ] } },
{ "type": "Feature", "properties": { "内容": "社会福祉法人岐阜市社会福祉協議会中央センター【居宅介護支援】岐阜県岐阜市都通２－２岐阜市民福祉活動センター内", "url": "https://www.kaigokensaku.mhlw.go.jp/21/index.php?action_kouhyou_detail_004_kani=true&JigyosyoCd=2170100057-00&ServiceCd=430&Type=search", "url2": "http://www.gifushi-shakyo.or.jp" }, "geometry": { "type": "Point", "coordinates": [ 136.74695829999996, 35.420223600000014 ] } },
{ "type": "Feature", "properties": { "内容": "在宅介護支援センター平野【居宅介護支援】岐阜県岐阜市黒野176番地５", "url": "https://www.kaigokensaku.mhlw.go.jp/21/index.php?action_kouhyou_detail_004_kani=true&JigyosyoCd=2170100081-00&ServiceCd=430&Type=search", "url2": "http://www.hiranogh.com" }, "geometry": { "type": "Point", "coordinates": [ 136.727031799999963, 35.4584926 ] } },
{ "type": "Feature", "properties": { "内容": "ケアマネジセンターセイユー【居宅介護支援】岐阜県岐阜市中鶉3丁目11番地", "url": "https://www.kaigokensaku.mhlw.go.jp/21/index.php?action_kouhyou_detail_004_kani=true&JigyosyoCd=2170100099-00&ServiceCd=430&Type=search", "url2": "http://www.seiyuukai.or.jp" }, "geometry": { "type": "Point", "coordinates": [ 136.7343076, 35.3835916 ] } },
{ "type": "Feature", "properties": { "内容": "小笠原介護支援サービス【居宅介護支援】岐阜県岐阜市加納栄町通5-12", "url": "https://www.kaigokensaku.mhlw.go.jp/21/index.php?action_kouhyou_detail_004_kani=true&JigyosyoCd=2170100107-00&ServiceCd=430&Type=search", "url2": "https://ogasawaraclinic.or.jp/" }, "geometry": { "type": "Point", "coordinates": [ 136.754464444958103, 35.403509768129041 ] } },
{ "type": "Feature", "properties": { "内容": "有限会社高橋介護サービス【居宅介護支援】岐阜県岐阜市加野２丁目１３番８号", "url": "https://www.kaigokensaku.mhlw.go.jp/21/index.php?action_kouhyou_detail_004_kani=true&JigyosyoCd=2170100115-00&ServiceCd=430&Type=search", "url2": null }, "geometry": { "type": "Point", "coordinates": [ 136.821754300000066, 35.4656128 ] } },
{ "type": "Feature", "properties": { "内容": "在宅介護支援センター大洞岐協苑【居宅介護支援】岐阜県岐阜市大洞3丁目3番1号", "url": "https://www.kaigokensaku.mhlw.go.jp/21/index.php?action_kouhyou_detail_004_kani=true&JigyosyoCd=2170100123-00&ServiceCd=430&Type=search", "url2": "http://www.gikyoen.jp" }, "geometry": { "type": "Point", "coordinates": [ 136.875307300000031, 35.4605876 ] } },
{ "type": "Feature", "properties": { "内容": "あかね居宅介護支援事業所【居宅介護支援】岐阜県岐阜市茜部野瀬３丁目１３６", "url": "https://www.kaigokensaku.mhlw.go.jp/21/index.php?action_kouhyou_detail_004_kani=true&JigyosyoCd=2170100131-00&ServiceCd=430&Type=search", "url2": null }, "geometry": { "type": "Point", "coordinates": [ 136.745141099999955, 35.3742459 ] } },
{ "type": "Feature", "properties": { "内容": "株式会社新生メディカル岐阜営業所【居宅介護支援】岐阜県岐阜市橋本町2丁目52番地岐阜シティタワー43　3階", "url": "https://www.kaigokensaku.mhlw.go.jp/21/index.php?action_kouhyou_detail_004_kani=true&JigyosyoCd=2170100149-00&ServiceCd=430&Type=search", "url2": "http://www.shinsei-md.jp/" }, "geometry": { "type": "Point", "coordinates": [ 136.7542724, 35.410753 ] } },
{ "type": "Feature", "properties": { "内容": "ケアプランセンター白山【居宅介護支援】岐阜県岐阜市徹明通4丁目4番地", "url": "https://www.kaigokensaku.mhlw.go.jp/21/index.php?action_kouhyou_detail_004_kani=true&JigyosyoCd=2170100156-00&ServiceCd=430&Type=search", "url2": "http://www.wakokai.or.jp" }, "geometry": { "type": "Point", "coordinates": [ 136.754588128527843, 35.417651556520006 ] } },
{ "type": "Feature", "properties": { "内容": "ケアプランセンター寺田【居宅介護支援】岐阜県岐阜市寺田7丁目８６番地１", "url": "https://www.kaigokensaku.mhlw.go.jp/21/index.php?action_kouhyou_detail_004_kani=true&JigyosyoCd=2170100164-00&ServiceCd=430&Type=search", "url2": "http://www.wakokai.or.jp" }, "geometry": { "type": "Point", "coordinates": [ 136.700099371688822, 35.419254117116182 ] } },
{ "type": "Feature", "properties": { "内容": "在宅介護支援センター　光の園【居宅介護支援】岐阜県岐阜市三輪776番地2", "url": "https://www.kaigokensaku.mhlw.go.jp/21/index.php?action_kouhyou_detail_004_kani=true&JigyosyoCd=2170100180-00&ServiceCd=430&Type=search", "url2": "http://miwakai.or.jp/" }, "geometry": { "type": "Point", "coordinates": [ 136.845587099999989, 35.5042428 ] } },
{ "type": "Feature", "properties": { "内容": "岐阜老人ホーム在宅介護支援センター【居宅介護支援】岐阜県岐阜市北一色７丁目２０番１号", "url": "https://www.kaigokensaku.mhlw.go.jp/21/index.php?action_kouhyou_detail_004_kani=true&JigyosyoCd=2170100198-00&ServiceCd=430&Type=search", "url2": "https://www.gifuroujin.or.jp" }, "geometry": { "type": "Point", "coordinates": [ 136.794389499999966, 35.4192268 ] } },
{ "type": "Feature", "properties": { "内容": "在宅介護支援センター　ライフプラン【居宅介護支援】岐阜県岐阜市奥２丁目２８番地１", "url": "https://www.kaigokensaku.mhlw.go.jp/21/index.php?action_kouhyou_detail_004_kani=true&JigyosyoCd=2170100214-00&ServiceCd=430&Type=search", "url2": "https://www.inoguchikai.jp/" }, "geometry": { "type": "Point", "coordinates": [ 136.698800300000016, 35.5247863 ] } },
{ "type": "Feature", "properties": { "内容": "ライフケアマネージメント居宅介護支援事業所【居宅介護支援】岐阜県岐阜市鷺山2562番地の20はせがわ接骨院内", "url": "https://www.kaigokensaku.mhlw.go.jp/21/index.php?action_kouhyou_detail_004_kani=true&JigyosyoCd=2170100230-00&ServiceCd=430&Type=search", "url2": null }, "geometry": { "type": "Point", "coordinates": [ 136.758839399999943, 35.4423598 ] } },
{ "type": "Feature", "properties": { "内容": "操外科病院介護支援センター【居宅介護支援】岐阜県岐阜市四屋町52番地", "url": "https://www.kaigokensaku.mhlw.go.jp/21/index.php?action_kouhyou_detail_004_kani=true&JigyosyoCd=2170100370-00&ServiceCd=430&Type=search", "url2": null }, "geometry": { "type": "Point", "coordinates": [ 136.761038977315479, 35.430082078902949 ] } },
{ "type": "Feature", "properties": { "内容": "介護支援センターこまき【居宅介護支援】岐阜県岐阜市昭和町２丁目１１番地", "url": "https://www.kaigokensaku.mhlw.go.jp/21/index.php?action_kouhyou_detail_004_kani=true&JigyosyoCd=2170100412-00&ServiceCd=430&Type=search", "url2": "http://tomoikikai.net" }, "geometry": { "type": "Point", "coordinates": [ 136.750477300000057, 35.4153326 ] } },
{ "type": "Feature", "properties": { "内容": "居宅介護支援事業所ちかいし【居宅介護支援】岐阜県岐阜市光町２丁目４６番地", "url": "https://www.kaigokensaku.mhlw.go.jp/21/index.php?action_kouhyou_detail_004_kani=true&JigyosyoCd=2170100420-00&ServiceCd=430&Type=search", "url2": "http://touhoukai.or.jp/" }, "geometry": { "type": "Point", "coordinates": [ 136.746988509097861, 35.434835709597216 ] } },
{ "type": "Feature", "properties": { "内容": "渡辺病院介護支援センター【居宅介護支援】岐阜県岐阜市加納城南通1丁目24番地1", "url": "https://www.kaigokensaku.mhlw.go.jp/21/index.php?action_kouhyou_detail_004_kani=true&JigyosyoCd=2170100461-00&ServiceCd=430&Type=search", "url2": null }, "geometry": { "type": "Point", "coordinates": [ 136.7600658, 35.3977098 ] } },
{ "type": "Feature", "properties": { "内容": "芥見介護支援センター【居宅介護支援】岐阜県岐阜市芥見長山3丁目104番地", "url": "https://www.kaigokensaku.mhlw.go.jp/21/index.php?action_kouhyou_detail_004_kani=true&JigyosyoCd=2170100487-00&ServiceCd=430&Type=search", "url2": "https://www.inabakai.com" }, "geometry": { "type": "Point", "coordinates": [ 136.84952629999998, 35.4538539 ] } },
{ "type": "Feature", "properties": { "内容": "居宅介護支援事業所サンライフ彦坂【居宅介護支援】岐阜県岐阜市彦坂川北２３０番地", "url": "https://www.kaigokensaku.mhlw.go.jp/21/index.php?action_kouhyou_detail_004_kani=true&JigyosyoCd=2170100495-00&ServiceCd=430&Type=search", "url2": "http://www.houjyukai.jp/" }, "geometry": { "type": "Point", "coordinates": [ 136.738717800000018, 35.4992456 ] } },
{ "type": "Feature", "properties": { "内容": "指定居宅介護支援事業所旦島調剤薬局【居宅介護支援】岐阜県岐阜市旦島１丁目６番１３号", "url": "https://www.kaigokensaku.mhlw.go.jp/21/index.php?action_kouhyou_detail_004_kani=true&JigyosyoCd=2170100503-00&ServiceCd=430&Type=search", "url2": "http://www.medi-fare.jp" }, "geometry": { "type": "Point", "coordinates": [ 136.726061100000038, 35.4322076 ] } },
{ "type": "Feature", "properties": { "内容": "株式会社アイボリー医療住設【居宅介護支援】岐阜県岐阜市薮田南３丁目７番１７号", "url": "https://www.kaigokensaku.mhlw.go.jp/21/index.php?action_kouhyou_detail_004_kani=true&JigyosyoCd=2170100594-00&ServiceCd=430&Type=search", "url2": null }, "geometry": { "type": "Point", "coordinates": [ 136.7230462, 35.3889053 ] } },
{ "type": "Feature", "properties": { "内容": "指定居宅介護支援事業所「未来」【居宅介護支援】岐阜県岐阜市芥見大般若1丁目84番地", "url": "https://www.kaigokensaku.mhlw.go.jp/21/index.php?action_kouhyou_detail_004_kani=true&JigyosyoCd=2170100610-00&ServiceCd=430&Type=search", "url2": "http://www.kawamuramedical.or.jp/" }, "geometry": { "type": "Point", "coordinates": [ 136.844188499999973, 35.438417 ] } },
{ "type": "Feature", "properties": { "内容": "ハートマネージメント東金宝町【居宅介護支援】岐阜市東金宝町1-16メゾン・ド・クマダ103", "url": "https://www.kaigokensaku.mhlw.go.jp/21/index.php?action_kouhyou_detail_004_kani=true&JigyosyoCd=2170100628-00&ServiceCd=430&Type=search", "url2": "http://zuihokai-group.jp/" }, "geometry": { "type": "Point", "coordinates": [ 136.761102415344226, 35.41462244491786 ] } },
{ "type": "Feature", "properties": { "内容": "岐阜ヘルパーケアマネステーション【居宅介護支援】岐阜県岐阜市六条北4丁目6-4", "url": "https://www.kaigokensaku.mhlw.go.jp/21/index.php?action_kouhyou_detail_004_kani=true&JigyosyoCd=2170100636-00&ServiceCd=430&Type=search", "url2": "https://home.gifu-helper.co.jp" }, "geometry": { "type": "Point", "coordinates": [ 136.740363583288513, 35.401363740874245 ] } },
{ "type": "Feature", "properties": { "内容": "あいわ介護サービス【居宅介護支援】岐阜県岐阜市茜部中島3丁目31番地8", "url": "https://www.kaigokensaku.mhlw.go.jp/21/index.php?action_kouhyou_detail_004_kani=true&JigyosyoCd=2170100685-00&ServiceCd=430&Type=search", "url2": "http://www.aiwakaigo.co.jp/" }, "geometry": { "type": "Point", "coordinates": [ 136.750439599999936, 35.3895218 ] } },
{ "type": "Feature", "properties": { "内容": "永寿会介護支援センター【居宅介護支援】岐阜県岐阜市栄新町２丁目50番地", "url": "https://www.kaigokensaku.mhlw.go.jp/21/index.php?action_kouhyou_detail_004_kani=true&JigyosyoCd=2170100974-00&ServiceCd=430&Type=search", "url2": "http://www.eijyukai-ohhashi.or.jp/center" }, "geometry": { "type": "Point", "coordinates": [ 136.759583900000052, 35.437355 ] } },
{ "type": "Feature", "properties": { "内容": "在宅介護支援センター喜の里【居宅介護支援】岐阜県岐阜市中鶉３丁目１４番地", "url": "https://www.kaigokensaku.mhlw.go.jp/21/index.php?action_kouhyou_detail_004_kani=true&JigyosyoCd=2170101485-00&ServiceCd=430&Type=search", "url2": "http://www.seiyuukai.or.jp" }, "geometry": { "type": "Point", "coordinates": [ 136.733575374239763, 35.383645844905367 ] } },
{ "type": "Feature", "properties": { "内容": "株式会社福祉の里岐阜営業所【居宅介護支援】岐阜県岐阜市水海道2-18-20", "url": "https://www.kaigokensaku.mhlw.go.jp/21/index.php?action_kouhyou_detail_004_kani=true&JigyosyoCd=2170101626-00&ServiceCd=430&Type=search", "url2": "http://www.fukushinosato.co.jp" }, "geometry": { "type": "Point", "coordinates": [ 136.808335299999953, 35.4112198 ] } },
{ "type": "Feature", "properties": { "内容": "ニチイケアセンター宇佐【居宅介護支援】岐阜県岐阜市宇佐南4-16-8", "url": "https://www.kaigokensaku.mhlw.go.jp/21/index.php?action_kouhyou_detail_004_kani=true&JigyosyoCd=2170101667-00&ServiceCd=430&Type=search", "url2": "http://www.nichiigakkan.co.jp" }, "geometry": { "type": "Point", "coordinates": [ 136.7295729, 35.3934019 ] } },
{ "type": "Feature", "properties": { "内容": "みうら在宅介護サポート【居宅介護支援】岐阜県岐阜市鏡島中２丁目９番１３号", "url": "https://www.kaigokensaku.mhlw.go.jp/21/index.php?action_kouhyou_detail_004_kani=true&JigyosyoCd=2170101808-00&ServiceCd=430&Type=search", "url2": "http://kyuseikai.com" }, "geometry": { "type": "Point", "coordinates": [ 136.719341785983261, 35.413859817712058 ] } },
{ "type": "Feature", "properties": { "内容": "介護支援センターいこいの里【居宅介護支援】岐阜県岐阜市岩滝西３丁目７５番地", "url": "https://www.kaigokensaku.mhlw.go.jp/21/index.php?action_kouhyou_detail_004_kani=true&JigyosyoCd=2170101915-00&ServiceCd=430&Type=search", "url2": "http://kenseikai-iryou.com/ikoi/" }, "geometry": { "type": "Point", "coordinates": [ 136.84961039999996, 35.4263184 ] } },
{ "type": "Feature", "properties": { "内容": "公益社団法人岐阜市シルバー人材センター　居宅介護支援事業所【居宅介護支援】岐阜県岐阜市鶴田町3丁目７番地４ふれあいの館白山", "url": "https://www.kaigokensaku.mhlw.go.jp/21/index.php?action_kouhyou_detail_004_kani=true&JigyosyoCd=2170102095-00&ServiceCd=430&Type=search", "url2": "https://webc.sjc.ne.jp/gifusc/index" }, "geometry": { "type": "Point", "coordinates": [ 136.769953100000066, 35.4134273 ] } },
{ "type": "Feature", "properties": { "内容": "アルト・ケアプランセンター【居宅介護支援】岐阜県岐阜市正木北町１－８", "url": "https://www.kaigokensaku.mhlw.go.jp/21/index.php?action_kouhyou_detail_004_kani=true&JigyosyoCd=2170102319-00&ServiceCd=430&Type=search", "url2": null }, "geometry": { "type": "Point", "coordinates": [ 136.749823500000048, 35.4523998 ] } },
{ "type": "Feature", "properties": { "内容": "有限会社田神介護センター【居宅介護支援】岐阜県岐阜市五坪1丁目18番16号", "url": "https://www.kaigokensaku.mhlw.go.jp/21/index.php?action_kouhyou_detail_004_kani=true&JigyosyoCd=2170102533-00&ServiceCd=430&Type=search", "url2": null }, "geometry": { "type": "Point", "coordinates": [ 136.771741799999972, 35.407374 ] } },
{ "type": "Feature", "properties": { "内容": "イー・ケア鹿島居宅介護支援センター【居宅介護支援】岐阜県岐阜市早苗町7丁目37番地", "url": "https://www.kaigokensaku.mhlw.go.jp/21/index.php?action_kouhyou_detail_004_kani=true&JigyosyoCd=2170103119-00&ServiceCd=430&Type=search", "url2": null }, "geometry": { "type": "Point", "coordinates": [ 136.732446799999906, 35.4127661 ] } },
{ "type": "Feature", "properties": { "内容": "コープぎふケアプランセンター長良【居宅介護支援】岐阜県岐阜市福光南町１２－９", "url": "https://www.kaigokensaku.mhlw.go.jp/21/index.php?action_kouhyou_detail_004_kani=true&JigyosyoCd=2170103598-00&ServiceCd=430&Type=search", "url2": "http://www.coop-gifu.jp/" }, "geometry": { "type": "Point", "coordinates": [ 136.765341371061538, 35.4484929114371 ] } },
{ "type": "Feature", "properties": { "内容": "ケアプランセンター東ながもり【居宅介護支援】岐阜県岐阜市岩地１丁目2番2号", "url": "https://www.kaigokensaku.mhlw.go.jp/21/index.php?action_kouhyou_detail_004_kani=true&JigyosyoCd=2170103747-00&ServiceCd=430&Type=search", "url2": null }, "geometry": { "type": "Point", "coordinates": [ 136.80640219999998, 35.410469900000017 ] } },
{ "type": "Feature", "properties": { "内容": "社会福祉法人岐阜市社会福祉協議会北部センター【居宅介護支援】岐阜県岐阜市長良東２－１４０岐阜市北市民健康センター内", "url": "https://www.kaigokensaku.mhlw.go.jp/21/index.php?action_kouhyou_detail_004_kani=true&JigyosyoCd=2170104083-00&ServiceCd=430&Type=search", "url2": "http://www.gifushi-shakyo.or.jp" }, "geometry": { "type": "Point", "coordinates": [ 136.7872671, 35.4509835 ] } },
{ "type": "Feature", "properties": { "内容": "社会福祉法人岐阜市社会福祉協議会南部センター【居宅介護支援】岐阜県岐阜市茜部菱野１－７５－２岐阜市南市民健康センター内", "url": "https://www.kaigokensaku.mhlw.go.jp/21/index.php?action_kouhyou_detail_004_kani=true&JigyosyoCd=2170104091-00&ServiceCd=430&Type=search", "url2": "http://www.gifushi-shakyo.or.jp" }, "geometry": { "type": "Point", "coordinates": [ 136.75132009999993, 35.3872582 ] } },
{ "type": "Feature", "properties": { "内容": "今井整形ケアプランセンター【居宅介護支援】岐阜県岐阜市大字三田洞９０４番地１", "url": "https://www.kaigokensaku.mhlw.go.jp/21/index.php?action_kouhyou_detail_004_kani=true&JigyosyoCd=2170104372-00&ServiceCd=430&Type=search", "url2": "http://imai-seikei.or.jp/" }, "geometry": { "type": "Point", "coordinates": [ 136.784455622798191, 35.479534585119922 ] } },
{ "type": "Feature", "properties": { "内容": "居宅介護支援事業所　くまっこ【居宅介護支援】岐阜県岐阜市日置江3丁目90-2ブランドールアオキ東棟101号室", "url": "https://www.kaigokensaku.mhlw.go.jp/21/index.php?action_kouhyou_detail_004_kani=true&JigyosyoCd=2170104711-00&ServiceCd=430&Type=search", "url2": null }, "geometry": { "type": "Point", "coordinates": [ 136.705697613511774, 35.373912091162801 ] } },
{ "type": "Feature", "properties": { "内容": "居宅介護支援事業所　トップケア【居宅介護支援】岐阜県岐阜市正木北町6-38", "url": "https://www.kaigokensaku.mhlw.go.jp/21/index.php?action_kouhyou_detail_004_kani=true&JigyosyoCd=2170104851-00&ServiceCd=430&Type=search", "url2": null }, "geometry": { "type": "Point", "coordinates": [ 136.750086327122517, 35.453606948482339 ] } },
{ "type": "Feature", "properties": { "内容": "操介護支援センター【居宅介護支援】岐阜県岐阜市薮田南1丁目4-20操健康クリニック4階", "url": "https://www.kaigokensaku.mhlw.go.jp/21/index.php?action_kouhyou_detail_004_kani=true&JigyosyoCd=2170104943-00&ServiceCd=430&Type=search", "url2": "http://www.docmisao.jp/" }, "geometry": { "type": "Point", "coordinates": [ 136.725195328836094, 35.395092850925366 ] } },
{ "type": "Feature", "properties": { "内容": "ニチイケアセンター岐阜北【居宅介護支援】岐阜県岐阜市下土居二丁目21番18号", "url": "https://www.kaigokensaku.mhlw.go.jp/21/index.php?action_kouhyou_detail_004_kani=true&JigyosyoCd=2170105031-00&ServiceCd=430&Type=search", "url2": null }, "geometry": { "type": "Point", "coordinates": [ 136.756772599999977, 35.4534331 ] } },
{ "type": "Feature", "properties": { "内容": "アバンセ介護センターぎふ居宅介護支援事業所【居宅介護支援】岐阜県岐阜市薮田中2丁目12番15号クオレ清水103号", "url": "https://www.kaigokensaku.mhlw.go.jp/21/index.php?action_kouhyou_detail_004_kani=true&JigyosyoCd=2170105452-00&ServiceCd=430&Type=search", "url2": "https://a-lifesupport.co.jp/" }, "geometry": { "type": "Point", "coordinates": [ 136.715481809302787, 35.393710956265195 ] } },
{ "type": "Feature", "properties": { "内容": "居宅介護支援事業所　ケアプランセンターあそか【居宅介護支援】岐阜県岐阜市黒野４０４番地の１黒野あそか苑", "url": "https://www.kaigokensaku.mhlw.go.jp/21/index.php?action_kouhyou_detail_004_kani=true&JigyosyoCd=2170105536-00&ServiceCd=430&Type=search", "url2": null }, "geometry": { "type": "Point", "coordinates": [ 136.719405, 35.4600589 ] } },
{ "type": "Feature", "properties": { "内容": "ぎふ介護居宅【居宅介護支援】岐阜県岐阜市太平町1-2", "url": "https://www.kaigokensaku.mhlw.go.jp/21/index.php?action_kouhyou_detail_004_kani=true&JigyosyoCd=2170105551-00&ServiceCd=430&Type=search", "url2": null }, "geometry": { "type": "Point", "coordinates": [ 136.774158428053539, 35.449201786737127 ] } },
{ "type": "Feature", "properties": { "内容": "梅林ケアプランセンター【居宅介護支援】岐阜県岐阜市雲井町３丁目１６番地住宅型有料老人ホームＡｎｇｅ1Ｆ", "url": "https://www.kaigokensaku.mhlw.go.jp/21/index.php?action_kouhyou_detail_004_kani=true&JigyosyoCd=2170110213-00&ServiceCd=430&Type=search", "url2": "http://ange2021.com/" }, "geometry": { "type": "Point", "coordinates": [ 136.7773367, 35.413999 ] } },
{ "type": "Feature", "properties": { "内容": "翔ケアマネジメント【居宅介護支援】岐阜県岐阜市南殿町3丁目18番地", "url": "https://www.kaigokensaku.mhlw.go.jp/21/index.php?action_kouhyou_detail_004_kani=true&JigyosyoCd=2170110395-00&ServiceCd=430&Type=search", "url2": "https://carecloud.jp/" }, "geometry": { "type": "Point", "coordinates": [ 136.767384414715252, 35.417620517315505 ] } },
{ "type": "Feature", "properties": { "内容": "なでしこ居宅介護支援事業所【居宅介護支援】岐阜県岐阜市安食志良古２６番地９９", "url": "https://www.kaigokensaku.mhlw.go.jp/21/index.php?action_kouhyou_detail_004_kani=true&JigyosyoCd=2170110445-00&ServiceCd=430&Type=search", "url2": "http://hp.kaipoke.biz/wxh/60507/staff_0001.html" }, "geometry": { "type": "Point", "coordinates": [ 136.717779466131532, 35.48753109121234 ] } },
{ "type": "Feature", "properties": { "内容": "ケアプランセンター　聖【居宅介護支援】岐阜県岐阜市八代3丁目13番13号", "url": "https://www.kaigokensaku.mhlw.go.jp/21/index.php?action_kouhyou_detail_004_kani=true&JigyosyoCd=2170110486-00&ServiceCd=430&Type=search", "url2": "https://yuyu1.yuyukaigo.co.jp/" }, "geometry": { "type": "Point", "coordinates": [ 136.772697566603966, 35.461506009591112 ] } },
{ "type": "Feature", "properties": { "内容": "さくら居宅支援センター【居宅介護支援】岐阜県岐阜市茜部寺屋敷１丁目３９番地１", "url": "https://www.kaigokensaku.mhlw.go.jp/21/index.php?action_kouhyou_detail_004_kani=true&JigyosyoCd=2170110619-00&ServiceCd=430&Type=search", "url2": "https://villasakuraakanabe.wixsite.com/villa-sakura/" }, "geometry": { "type": "Point", "coordinates": [ 136.7514734, 35.3791203 ] } },
{ "type": "Feature", "properties": { "内容": "エンゼル・ランプ居宅介護支援事業所【居宅介護支援】岐阜県岐阜市柳津町高桑1丁目173番地1", "url": "https://www.kaigokensaku.mhlw.go.jp/21/index.php?action_kouhyou_detail_004_kani=true&JigyosyoCd=2170110866-00&ServiceCd=430&Type=search", "url2": "http://angel-lamp.co.jp/" }, "geometry": { "type": "Point", "coordinates": [ 136.712773100000049, 35.3543258 ] } },
{ "type": "Feature", "properties": { "内容": "けやきサポート居宅介護支援室【居宅介護支援】岐阜県岐阜市加野6丁目37-25", "url": "https://www.kaigokensaku.mhlw.go.jp/21/index.php?action_kouhyou_detail_004_kani=true&JigyosyoCd=2170110957-00&ServiceCd=430&Type=search", "url2": "http://keyakisp.com/" }, "geometry": { "type": "Point", "coordinates": [ 136.825437, 35.4696346 ] } },
{ "type": "Feature", "properties": { "内容": "居宅介護支援事業所　せせらぎ【居宅介護支援】岐阜県岐阜市三笠町１丁目１４番地", "url": "https://www.kaigokensaku.mhlw.go.jp/21/index.php?action_kouhyou_detail_004_kani=true&JigyosyoCd=2170111039-00&ServiceCd=430&Type=search", "url2": "https://www.seseragi9m.com/" }, "geometry": { "type": "Point", "coordinates": [ 136.771921794373412, 35.413304439459885 ] } },
{ "type": "Feature", "properties": { "内容": "ケアプランセンターゆうらく【居宅介護支援】岐阜県岐阜市野一色3丁目3番12号", "url": "https://www.kaigokensaku.mhlw.go.jp/21/index.php?action_kouhyou_detail_004_kani=true&JigyosyoCd=2170111096-00&ServiceCd=430&Type=search", "url2": null }, "geometry": { "type": "Point", "coordinates": [ 136.800225, 35.4142081 ] } },
{ "type": "Feature", "properties": { "内容": "ケアプランオフィス　おひさまの笑顔【居宅介護支援】岐阜県岐阜市茜部寺屋敷2丁目41-2番", "url": "https://www.kaigokensaku.mhlw.go.jp/21/index.php?action_kouhyou_detail_004_kani=true&JigyosyoCd=2170111179-00&ServiceCd=430&Type=search", "url2": "http://ohisamanoegao.com/" }, "geometry": { "type": "Point", "coordinates": [ 136.751476472910213, 35.376894789282048 ] } },
{ "type": "Feature", "properties": { "内容": "しらゆり居宅介護支援サービス【居宅介護支援】岐阜県岐阜市安食一丁目87番地1", "url": "https://www.kaigokensaku.mhlw.go.jp/21/index.php?action_kouhyou_detail_004_kani=true&JigyosyoCd=2170111286-00&ServiceCd=430&Type=search", "url2": "http://www.fukutomi-clinic.com/home-care" }, "geometry": { "type": "Point", "coordinates": [ 136.721891596434034, 35.489996166112846 ] } },
{ "type": "Feature", "properties": { "内容": "ケアマネージみながわ【居宅介護支援】岐阜県岐阜市折立629番地", "url": "https://www.kaigokensaku.mhlw.go.jp/21/index.php?action_kouhyou_detail_004_kani=true&JigyosyoCd=2170111450-00&ServiceCd=430&Type=search", "url2": null }, "geometry": { "type": "Point", "coordinates": [ 136.732489799999939, 35.4511661 ] } },
{ "type": "Feature", "properties": { "内容": "ケアプランセンター結【居宅介護支援】岐阜県岐阜市大福町９丁目６０番地コーポ大福A-１", "url": "https://www.kaigokensaku.mhlw.go.jp/21/index.php?action_kouhyou_detail_004_kani=true&JigyosyoCd=2170111500-00&ServiceCd=430&Type=search", "url2": null }, "geometry": { "type": "Point", "coordinates": [ 136.740122700000029, 35.4378406 ] } },
{ "type": "Feature", "properties": { "内容": "ケアマネステーション　ママーズ岐阜【居宅介護支援】岐阜県岐阜市西鶉1丁目25番地ハッピーナチュラルママーズタウン1F", "url": "https://www.kaigokensaku.mhlw.go.jp/21/index.php?action_kouhyou_detail_004_kani=true&JigyosyoCd=2170111591-00&ServiceCd=430&Type=search", "url2": "http://www.hashimakikaku.com" }, "geometry": { "type": "Point", "coordinates": [ 136.728331762671132, 35.384802991073983 ] } },
{ "type": "Feature", "properties": { "内容": "介護支援ライフ・ネット【居宅介護支援】岐阜県岐阜市黒野69-1", "url": "https://www.kaigokensaku.mhlw.go.jp/21/index.php?action_kouhyou_detail_004_kani=true&JigyosyoCd=2170111658-00&ServiceCd=430&Type=search", "url2": "http://www.life-net50.co.jp" }, "geometry": { "type": "Point", "coordinates": [ 136.725508028233463, 35.462590901921438 ] } },
{ "type": "Feature", "properties": { "内容": "ケアサポート　つむぎ【居宅介護支援】岐阜県岐阜市津島町５丁目20山内レジデンス108", "url": "https://www.kaigokensaku.mhlw.go.jp/21/index.php?action_kouhyou_detail_004_kani=true&JigyosyoCd=2170111955-00&ServiceCd=430&Type=search", "url2": "https://tumugi-7716.com" }, "geometry": { "type": "Point", "coordinates": [ 136.758688446994569, 35.435252498002285 ] } },
{ "type": "Feature", "properties": { "内容": "居宅介護支援事業所　景香【居宅介護支援】岐阜県岐阜市細畑3-15-8", "url": "https://www.kaigokensaku.mhlw.go.jp/21/index.php?action_kouhyou_detail_004_kani=true&JigyosyoCd=2170112219-00&ServiceCd=430&Type=search", "url2": null }, "geometry": { "type": "Point", "coordinates": [ 136.789932408737144, 35.403285359719995 ] } },
{ "type": "Feature", "properties": { "内容": "株式会社ｅらいふ【居宅介護支援】岐阜県岐阜市東島2丁目14番地2", "url": "https://www.kaigokensaku.mhlw.go.jp/21/index.php?action_kouhyou_detail_004_kani=true&JigyosyoCd=2170112326-00&ServiceCd=430&Type=search", "url2": "https://www.e-life.care" }, "geometry": { "type": "Point", "coordinates": [ 136.737148359521171, 35.426451772732399 ] } },
{ "type": "Feature", "properties": { "内容": "アルト・ケアプランセンター加納【居宅介護支援】岐阜県岐阜市薬師町９番地", "url": "https://www.kaigokensaku.mhlw.go.jp/21/index.php?action_kouhyou_detail_004_kani=true&JigyosyoCd=2170112391-00&ServiceCd=430&Type=search", "url2": "http://alt-kaigo.co.jp" }, "geometry": { "type": "Point", "coordinates": [ 136.760724100000061, 35.3958267 ] } },
{ "type": "Feature", "properties": { "内容": "飛鳥居宅支援センター【居宅介護支援】岐阜県岐阜市東鶉五丁目190番地2ロイヤル小塩Ⅷ205号室", "url": "https://www.kaigokensaku.mhlw.go.jp/21/index.php?action_kouhyou_detail_004_kani=true&JigyosyoCd=2170112417-00&ServiceCd=430&Type=search", "url2": null }, "geometry": { "type": "Point", "coordinates": [ 136.742633148109803, 35.375157873842866 ] } },
{ "type": "Feature", "properties": { "内容": "岐阜介護保険のとびら【居宅介護支援】岐阜県岐阜市島栄町2丁目11番地1", "url": "https://www.kaigokensaku.mhlw.go.jp/21/index.php?action_kouhyou_detail_004_kani=true&JigyosyoCd=2170112466-00&ServiceCd=430&Type=search", "url2": "https://www.chubu-caresystem.co.jp/" }, "geometry": { "type": "Point", "coordinates": [ 136.744628507934522, 35.431890874793154 ] } },
{ "type": "Feature", "properties": { "内容": "てんし居宅介護支援事業所【居宅介護支援】岐阜県岐阜市鷺山1768－580", "url": "https://www.kaigokensaku.mhlw.go.jp/21/index.php?action_kouhyou_detail_004_kani=true&JigyosyoCd=2170112599-00&ServiceCd=430&Type=search", "url2": null }, "geometry": { "type": "Point", "coordinates": [ 136.7505884, 35.446085 ] } },
{ "type": "Feature", "properties": { "内容": "ケアサポート小の木【居宅介護支援】岐阜県岐阜市加納朝日町2丁目10", "url": "https://www.kaigokensaku.mhlw.go.jp/21/index.php?action_kouhyou_detail_004_kani=true&JigyosyoCd=2170112748-00&ServiceCd=430&Type=search", "url2": null }, "geometry": { "type": "Point", "coordinates": [ 136.758651699999973, 35.402770300000014 ] } },
{ "type": "Feature", "properties": { "内容": "そうけん岐阜居宅介護支援事業所【居宅介護支援】岐阜県岐阜市宇佐南2丁目4-15", "url": "https://www.kaigokensaku.mhlw.go.jp/21/index.php?action_kouhyou_detail_004_kani=true&JigyosyoCd=2170112755-00&ServiceCd=430&Type=search", "url2": "http://soukengp.com" }, "geometry": { "type": "Point", "coordinates": [ 136.735466979435557, 35.3935623695046 ] } },
{ "type": "Feature", "properties": { "内容": "シンシア・ケアプランセンター岐阜【居宅介護支援】岐阜県岐阜市三田洞910-1", "url": "https://www.kaigokensaku.mhlw.go.jp/21/index.php?action_kouhyou_detail_004_kani=true&JigyosyoCd=2170112821-00&ServiceCd=430&Type=search", "url2": "http://www.sincere-gri.com/" }, "geometry": { "type": "Point", "coordinates": [ 136.782960345429956, 35.479511056679321 ] } },
{ "type": "Feature", "properties": { "内容": "日建ヘルスメディカル　岐阜【居宅介護支援】岐阜県岐阜市今町4-22日建ﾋﾞﾙ　3階", "url": "https://www.kaigokensaku.mhlw.go.jp/21/index.php?action_kouhyou_detail_004_kani=true&JigyosyoCd=2170112854-00&ServiceCd=430&Type=search", "url2": "https://www.gifu-healthmedical.jp/" }, "geometry": { "type": "Point", "coordinates": [ 136.769585900000038, 35.4324834 ] } },
{ "type": "Feature", "properties": { "内容": "ケアプランセンター　ベルデ岐阜中央【居宅介護支援】岐阜県岐阜市織田塚町二丁目8番", "url": "https://www.kaigokensaku.mhlw.go.jp/21/index.php?action_kouhyou_detail_004_kani=true&JigyosyoCd=2170112912-00&ServiceCd=430&Type=search", "url2": "http://www.careverde.com" }, "geometry": { "type": "Point", "coordinates": [ 136.783316359277336, 35.417406300120206 ] } },
{ "type": "Feature", "properties": { "内容": "在宅生活支援センター寧色【居宅介護支援】岐阜県岐阜市小野695番地7", "url": "https://www.kaigokensaku.mhlw.go.jp/21/index.php?action_kouhyou_detail_004_kani=true&JigyosyoCd=2170112953-00&ServiceCd=430&Type=search", "url2": "https://aoisora-neiro.com" }, "geometry": { "type": "Point", "coordinates": [ 136.708815091956524, 35.467834949593069 ] } },
{ "type": "Feature", "properties": { "内容": "株式会社愛さんさん岐阜南営業所【居宅介護支援】岐阜県岐阜市東鶉３丁目３３番地１コーポＴ'ＳⅡ", "url": "https://www.kaigokensaku.mhlw.go.jp/21/index.php?action_kouhyou_detail_004_kani=true&JigyosyoCd=2170113266-00&ServiceCd=430&Type=search", "url2": null }, "geometry": { "type": "Point", "coordinates": [ 136.738406357255599, 35.38338753471556 ] } },
{ "type": "Feature", "properties": { "内容": "居宅介護相談センター　マグノリア【居宅介護支援】岐阜県岐阜市加納御車町39番地有料老人ホーム　マグノリア", "url": "https://www.kaigokensaku.mhlw.go.jp/21/index.php?action_kouhyou_detail_004_kani=true&JigyosyoCd=2170113340-00&ServiceCd=430&Type=search", "url2": "http://m-infinity.jp" }, "geometry": { "type": "Point", "coordinates": [ 136.7584505, 35.3963627 ] } },
{ "type": "Feature", "properties": { "内容": "ケアプラン　ミルキー【居宅介護支援】岐阜県岐阜市西鶉四丁目１２番地３", "url": "https://www.kaigokensaku.mhlw.go.jp/21/index.php?action_kouhyou_detail_004_kani=true&JigyosyoCd=2170113407-00&ServiceCd=430&Type=search", "url2": "https://www.milky-nurse.co.jp/index.html" }, "geometry": { "type": "Point", "coordinates": [ 136.725679118029802, 35.380694572453059 ] } },
{ "type": "Feature", "properties": { "内容": "おうかケアプラン【居宅介護支援】岐阜県岐阜市津島町3-60101号", "url": "https://www.kaigokensaku.mhlw.go.jp/21/index.php?action_kouhyou_detail_004_kani=true&JigyosyoCd=2170113464-00&ServiceCd=430&Type=search", "url2": "www.oukacare.jp" }, "geometry": { "type": "Point", "coordinates": [ 136.7547045933064, 35.434551481886686 ] } },
{ "type": "Feature", "properties": { "内容": "居宅介護支援事業所　のんびり萱場【居宅介護支援】岐阜県岐阜市萱場南１丁目１１番１７号", "url": "https://www.kaigokensaku.mhlw.go.jp/21/index.php?action_kouhyou_detail_004_kani=true&JigyosyoCd=2170113472-00&ServiceCd=430&Type=search", "url2": null }, "geometry": { "type": "Point", "coordinates": [ 136.734537499999988, 35.4327883 ] } },
{ "type": "Feature", "properties": { "内容": "ケアプランセンターゆかり長森【居宅介護支援】岐阜県岐阜市北一色5丁目4ー２３タウニィSUN　B棟102号室", "url": "https://www.kaigokensaku.mhlw.go.jp/21/index.php?action_kouhyou_detail_004_kani=true&JigyosyoCd=2170113530-00&ServiceCd=430&Type=search", "url2": "http://yutaka-ms.jp/" }, "geometry": { "type": "Point", "coordinates": [ 136.791519816812524, 35.411824060245273 ] } },
{ "type": "Feature", "properties": { "内容": "actケアプランセンター【居宅介護支援】岐阜県岐阜市萱場南1-15-21ジ・ラソーレ201", "url": "https://www.kaigokensaku.mhlw.go.jp/21/index.php?action_kouhyou_detail_004_kani=true&JigyosyoCd=2170113563-00&ServiceCd=430&Type=search", "url2": null }, "geometry": { "type": "Point", "coordinates": [ 136.73420150000004, 35.433193800000048 ] } },
{ "type": "Feature", "properties": { "内容": "介護保険相談センターすこやか【居宅介護支援】岐阜県岐阜市北山1-16-13", "url": "https://www.kaigokensaku.mhlw.go.jp/21/index.php?action_kouhyou_detail_004_kani=true&JigyosyoCd=2170113670-00&ServiceCd=430&Type=search", "url2": "https://gifu-min.jp/midori/page_148.html" }, "geometry": { "type": "Point", "coordinates": [ 136.852181400000063, 35.45810070000001 ] } },
{ "type": "Feature", "properties": { "内容": "なごやかケアプラン岐阜【居宅介護支援】岐阜県岐阜市五反田町３８なごやかレジデンス岐阜木之本内", "url": "https://www.kaigokensaku.mhlw.go.jp/21/index.php?action_kouhyou_detail_004_kani=true&JigyosyoCd=2170113795-00&ServiceCd=430&Type=search", "url2": "http://www.ymmd.co.jp" }, "geometry": { "type": "Point", "coordinates": [ 136.745603100000039, 35.4157797 ] } },
{ "type": "Feature", "properties": { "内容": "ケアプランセンターひだまり創【居宅介護支援】岐阜県岐阜市島新町４番６号", "url": "https://www.kaigokensaku.mhlw.go.jp/21/index.php?action_kouhyou_detail_004_kani=true&JigyosyoCd=2170113803-00&ServiceCd=430&Type=search", "url2": "https://hidamarisou.com/" }, "geometry": { "type": "Point", "coordinates": [ 136.740656585393367, 35.428456404722539 ] } },
{ "type": "Feature", "properties": { "内容": "アーネスト介護プランニング【居宅介護支援】岐阜県岐阜市茜部菱野4丁目104ｰ3株式会社アーネスト", "url": "https://www.kaigokensaku.mhlw.go.jp/21/index.php?action_kouhyou_detail_004_kani=true&JigyosyoCd=2170113837-00&ServiceCd=430&Type=search", "url2": "https://earnest-gifu.com" }, "geometry": { "type": "Point", "coordinates": [ 136.748392904413464, 35.381533834749675 ] } },
{ "type": "Feature", "properties": { "内容": "けあぷらん　つなぐ【居宅介護支援】岐阜県岐阜市萱場東町3丁目22", "url": "https://www.kaigokensaku.mhlw.go.jp/21/index.php?action_kouhyou_detail_004_kani=true&JigyosyoCd=2170113860-00&ServiceCd=430&Type=search", "url2": null }, "geometry": { "type": "Point", "coordinates": [ 136.73549, 35.4371155 ] } },
{ "type": "Feature", "properties": { "内容": "ケアプランセンターひだまり【居宅介護支援】岐阜県岐阜市茜部新所3丁目26番地", "url": "https://www.kaigokensaku.mhlw.go.jp/21/index.php?action_kouhyou_detail_004_kani=true&JigyosyoCd=2170114017-00&ServiceCd=430&Type=search", "url2": null }, "geometry": { "type": "Point", "coordinates": [ 136.75761650000004, 35.383570700000014 ] } },
{ "type": "Feature", "properties": { "内容": "居宅介護支援事業所ストレングス【居宅介護支援】岐阜県岐阜市須賀3丁目9‐6　サンシティWEST　A棟101号", "url": "https://www.kaigokensaku.mhlw.go.jp/21/index.php?action_kouhyou_detail_004_kani=true&JigyosyoCd=2170114157-00&ServiceCd=430&Type=search", "url2": null }, "geometry": { "type": "Point", "coordinates": [ 136.718717005997632, 35.383986555943146 ] } },
{ "type": "Feature", "properties": { "内容": "居宅介護支援事業所やまうち【居宅介護支援】岐阜県岐阜市薮田南４丁目１５番１６号", "url": "https://www.kaigokensaku.mhlw.go.jp/21/index.php?action_kouhyou_detail_004_kani=true&JigyosyoCd=2170114165-00&ServiceCd=430&Type=search", "url2": "http://rouken.kanamekai.com" }, "geometry": { "type": "Point", "coordinates": [ 136.7180869, 35.390131 ] } },
{ "type": "Feature", "properties": { "内容": "あったか居宅介護支援事業所【居宅介護支援】岐阜県岐阜市芥見4丁目７番地", "url": "https://www.kaigokensaku.mhlw.go.jp/21/index.php?action_kouhyou_detail_004_kani=true&JigyosyoCd=2170114231-00&ServiceCd=430&Type=search", "url2": "http://www.attaka-gifu.jp/" }, "geometry": { "type": "Point", "coordinates": [ 136.845273133627359, 35.450752515314058 ] } },
{ "type": "Feature", "properties": { "内容": "ケアプラン　あゆみ【居宅介護支援】岐阜県岐阜市粟野東4丁目74番地原尾ビル　205号", "url": "https://www.kaigokensaku.mhlw.go.jp/21/index.php?action_kouhyou_detail_004_kani=true&JigyosyoCd=2170114280-00&ServiceCd=430&Type=search", "url2": null }, "geometry": { "type": "Point", "coordinates": [ 136.7846166, 35.4877425 ] } },
{ "type": "Feature", "properties": { "内容": "介護相談センター　あんきの家【居宅介護支援】岐阜県岐阜市細畑3丁目16番8号", "url": "https://www.kaigokensaku.mhlw.go.jp/21/index.php?action_kouhyou_detail_004_kani=true&JigyosyoCd=2170114322-00&ServiceCd=430&Type=search", "url2": "https://gifu-min.jp/fukushi/page_590.html" }, "geometry": { "type": "Point", "coordinates": [ 136.7899612, 35.4035584 ] } },
{ "type": "Feature", "properties": { "内容": "介護相談処しんゆう・ぎふ【居宅介護支援】岐阜県岐阜市栄新町3丁目25ｱﾒﾆﾃｨ栄新町1003号室", "url": "https://www.kaigokensaku.mhlw.go.jp/21/index.php?action_kouhyou_detail_004_kani=true&JigyosyoCd=2170114371-00&ServiceCd=430&Type=search", "url2": null }, "geometry": { "type": "Point", "coordinates": [ 136.75961349827287, 35.438199013637927 ] } },
{ "type": "Feature", "properties": { "内容": "煌【居宅介護支援】岐阜県岐阜市西改田米野81番2", "url": "https://www.kaigokensaku.mhlw.go.jp/21/index.php?action_kouhyou_detail_004_kani=true&JigyosyoCd=2170114462-00&ServiceCd=430&Type=search", "url2": "https://keishin312.studio.site/" }, "geometry": { "type": "Point", "coordinates": [ 136.7088181, 35.4468478 ] } },
{ "type": "Feature", "properties": { "内容": "MIRAICARE株式会社【居宅介護支援】岐阜県岐阜市則武中２丁目30番13号", "url": "https://www.kaigokensaku.mhlw.go.jp/21/index.php?action_kouhyou_detail_004_kani=true&JigyosyoCd=2170114488-00&ServiceCd=430&Type=search", "url2": null }, "geometry": { "type": "Point", "coordinates": [ 136.7416347, 35.4414069 ] } },
{ "type": "Feature", "properties": { "内容": "介護相談　白うさぎ【居宅介護支援】岐阜県岐阜市東鶉３丁目７６番地２", "url": "https://www.kaigokensaku.mhlw.go.jp/21/index.php?action_kouhyou_detail_004_kani=true&JigyosyoCd=2170114637-00&ServiceCd=430&Type=search", "url2": "http://www.nicework.co.jp" }, "geometry": { "type": "Point", "coordinates": [ 136.740638799999971, 35.382321 ] } },
{ "type": "Feature", "properties": { "内容": "ひまわり居宅介護支援事業所【居宅介護支援】岐阜県岐阜市春近古市場南2番", "url": "https://www.kaigokensaku.mhlw.go.jp/21/index.php?action_kouhyou_detail_004_kani=true&JigyosyoCd=2170114660-00&ServiceCd=430&Type=search", "url2": null }, "geometry": { "type": "Point", "coordinates": [ 136.840838, 35.4916082 ] } },
{ "type": "Feature", "properties": { "内容": "ケアプランセンターまごころ【居宅介護支援】岐阜市室津町2丁目13番地", "url": "https://www.kaigokensaku.mhlw.go.jp/21/index.php?action_kouhyou_detail_004_kani=true&JigyosyoCd=2170114694-00&ServiceCd=430&Type=search", "url2": null }, "geometry": { "type": "Point", "coordinates": [ 136.7506474, 35.4130439 ] } },
{ "type": "Feature", "properties": { "内容": "ケアプランセンター　ハピネス【居宅介護支援】岐阜県岐阜市菅生6丁目8-7", "url": "https://www.kaigokensaku.mhlw.go.jp/21/index.php?action_kouhyou_detail_004_kani=true&JigyosyoCd=2170114728-00&ServiceCd=430&Type=search", "url2": "https://happinesscolor.co.jp" }, "geometry": { "type": "Point", "coordinates": [ 136.728597022627952, 35.426332009695791 ] } },
{ "type": "Feature", "properties": { "内容": "Co.スタイル　マネジメント【居宅介護支援】岐阜県岐阜市西河渡2丁目75番地パークテラス岐阜Ａ103号室", "url": "https://www.kaigokensaku.mhlw.go.jp/21/index.php?action_kouhyou_detail_004_kani=true&JigyosyoCd=2170114769-00&ServiceCd=430&Type=search", "url2": null }, "geometry": { "type": "Point", "coordinates": [ 136.693504469311506, 35.409704836601541 ] } },
{ "type": "Feature", "properties": { "内容": "PlanLiv【居宅介護支援】岐阜県岐阜市柳津町梅松4丁目19-2", "url": "https://www.kaigokensaku.mhlw.go.jp/21/index.php?action_kouhyou_detail_004_kani=true&JigyosyoCd=2170114777-00&ServiceCd=430&Type=search", "url2": null }, "geometry": { "type": "Point", "coordinates": [ 136.741342, 35.3627238 ] } },
{ "type": "Feature", "properties": { "内容": "あおばケアプラン【居宅介護支援】岐阜県岐阜市福光南町19番地15号3F", "url": "https://www.kaigokensaku.mhlw.go.jp/21/index.php?action_kouhyou_detail_004_kani=true&JigyosyoCd=2170115048-00&ServiceCd=430&Type=search", "url2": "www.oukacare.jp" }, "geometry": { "type": "Point", "coordinates": [ 136.7658056, 35.4496221 ] } },
{ "type": "Feature", "properties": { "内容": "つながるケアステーション【居宅介護支援】岐阜県岐阜市西中島４丁目2番8号中日本アパレルビル１F", "url": "https://www.kaigokensaku.mhlw.go.jp/21/index.php?action_kouhyou_detail_004_kani=true&JigyosyoCd=2170115295-00&ServiceCd=430&Type=search", "url2": "https://tsunagaru-kango.jp" }, "geometry": { "type": "Point", "coordinates": [ 136.7213831, 35.4274806 ] } },
{ "type": "Feature", "properties": { "内容": "あいごケアプランセンター【居宅介護支援】岐阜県岐阜市古市場１８９－９", "url": "https://www.kaigokensaku.mhlw.go.jp/21/index.php?action_kouhyou_detail_004_kani=true&JigyosyoCd=2170115303-00&ServiceCd=430&Type=search", "url2": null }, "geometry": { "type": "Point", "coordinates": [ 136.7196916, 35.4638327 ] } },
{ "type": "Feature", "properties": { "内容": "ケアステーションきらめき【居宅介護支援】岐阜県岐阜市石切町5番地SAPHIR1-101", "url": "https://www.kaigokensaku.mhlw.go.jp/21/index.php?action_kouhyou_detail_004_kani=true&JigyosyoCd=2170115352-00&ServiceCd=430&Type=search", "url2": "https://care-corporation.co.jp/" }, "geometry": { "type": "Point", "coordinates": [ 136.7685335, 35.3958323 ] } },
{ "type": "Feature", "properties": { "内容": "オリーブ相談センター【居宅介護支援】岐阜県岐阜市東鶉3丁目84－3カームシティNO.3　102号室", "url": "https://www.kaigokensaku.mhlw.go.jp/21/index.php?action_kouhyou_detail_004_kani=true&JigyosyoCd=2170115402-00&ServiceCd=430&Type=search", "url2": "https://green-wreath.com/wp-admin" }, "geometry": { "type": "Point", "coordinates": [ 136.7385749, 35.3823118 ] } },
{ "type": "Feature", "properties": { "内容": "ケアプランセンターあかり【居宅介護支援】岐阜県岐阜市茜部大川2-70サンハイツ茜203", "url": "https://www.kaigokensaku.mhlw.go.jp/21/index.php?action_kouhyou_detail_004_kani=true&JigyosyoCd=2170115410-00&ServiceCd=430&Type=search", "url2": "https://akari-gifu.com" }, "geometry": { "type": "Point", "coordinates": [ 136.744335799999988, 35.3817089 ] } },
{ "type": "Feature", "properties": { "内容": "ケアプランセンターMAHALO【居宅介護支援】岐阜県岐阜市此花町3丁目4番地", "url": "https://www.kaigokensaku.mhlw.go.jp/21/index.php?action_kouhyou_detail_004_kani=true&JigyosyoCd=2170115428-00&ServiceCd=430&Type=search", "url2": "http://www.capt.jp/" }, "geometry": { "type": "Point", "coordinates": [ 136.7427523, 35.4122418 ] } },
{ "type": "Feature", "properties": { "内容": "あおいケア居宅介護支援事業所【居宅介護支援】岐阜県岐阜市須賀２－２－２７メゾンスガ１０３", "url": "https://www.kaigokensaku.mhlw.go.jp/21/index.php?action_kouhyou_detail_004_kani=true&JigyosyoCd=2170115576-00&ServiceCd=430&Type=search", "url2": "https://aoi-care.jp/" }, "geometry": { "type": "Point", "coordinates": [ 136.7221417, 35.3871078 ] } },
{ "type": "Feature", "properties": { "内容": "ケアマネステーションひふみ【居宅介護支援】岐阜県岐阜市早田本町２丁目１６－２", "url": "https://www.kaigokensaku.mhlw.go.jp/21/index.php?action_kouhyou_detail_004_kani=true&JigyosyoCd=2170115634-00&ServiceCd=430&Type=search", "url2": null }, "geometry": { "type": "Point", "coordinates": [ 136.754373879762255, 35.436995820357424 ] } },
{ "type": "Feature", "properties": { "内容": "介護の相談処かのん【居宅介護支援】岐阜県岐阜市日野東３丁目２－１２", "url": "https://www.kaigokensaku.mhlw.go.jp/21/index.php?action_kouhyou_detail_004_kani=true&JigyosyoCd=2170115642-00&ServiceCd=430&Type=search", "url2": "https://www.kanon-gifu.com/" }, "geometry": { "type": "Point", "coordinates": [ 136.81356310000001, 35.4322786 ] } },
{ "type": "Feature", "properties": { "内容": "ケアプランセンターひまわり【居宅介護支援】岐阜県岐阜市粟野東４丁目336", "url": "https://www.kaigokensaku.mhlw.go.jp/21/index.php?action_kouhyou_detail_004_kani=true&JigyosyoCd=2170115758-00&ServiceCd=430&Type=search", "url2": "https://www.himawari2024.com/" }, "geometry": { "type": "Point", "coordinates": [ 136.7870771, 35.4898242 ] } },
{ "type": "Feature", "properties": { "内容": "介護支援ステーション白心【居宅介護支援】岐阜県岐阜市柳津町丸野１丁目７２番地", "url": "https://www.kaigokensaku.mhlw.go.jp/21/index.php?action_kouhyou_detail_004_kani=true&JigyosyoCd=2170600114-00&ServiceCd=430&Type=search", "url2": null }, "geometry": { "type": "Point", "coordinates": [ 136.729048799999987, 35.366819 ] } },
{ "type": "Feature", "properties": { "内容": "ケアサポート　優千【居宅介護支援】岐阜県岐阜市領下44番地1", "url": "https://www.kaigokensaku.mhlw.go.jp/21/index.php?action_kouhyou_detail_004_kani=true&JigyosyoCd=2170112813-00&ServiceCd=430&Type=search", "url2": null }, "geometry": { "type": "Point", "coordinates": [ 136.7787055, 35.4005678 ] } },
{ "type": "Feature", "properties": { "内容": "ケアステーション癒音【居宅介護支援】岐阜県岐阜市清本町３丁目３９番地２", "url": "https://www.kaigokensaku.mhlw.go.jp/21/index.php?action_kouhyou_detail_004_kani=true&JigyosyoCd=2170113779-00&ServiceCd=430&Type=search", "url2": null }, "geometry": { "type": "Point", "coordinates": [ 136.738396100000045, 35.4078779 ] } },
{ "type": "Feature", "properties": { "内容": "介護支援　ケア【居宅介護支援】岐阜県岐阜市早田本町1丁目9番地", "url": "https://www.kaigokensaku.mhlw.go.jp/21/index.php?action_kouhyou_detail_004_kani=true&JigyosyoCd=2170114603-00&ServiceCd=430&Type=search", "url2": null }, "geometry": { "type": "Point", "coordinates": [ 136.754966200000013, 35.4362516 ] } },
{ "type": "Feature", "properties": { "内容": "オデラ在宅介護支援事務所有限会社【居宅介護支援】岐阜県岐阜市西野町8丁目14番地", "url": "https://www.kaigokensaku.mhlw.go.jp/21/index.php?action_kouhyou_detail_004_kani=true&JigyosyoCd=2170100206-00&ServiceCd=430&Type=search", "url2": null }, "geometry": { "type": "Point", "coordinates": [ 136.74630830000001, 35.4229399 ] } },
{ "type": "Feature", "properties": { "内容": "ケアプランセンター寿楽苑【居宅介護支援】岐阜県岐阜市中２丁目４７０番地", "url": "https://www.kaigokensaku.mhlw.go.jp/21/index.php?action_kouhyou_detail_004_kani=true&JigyosyoCd=2170100644-00&ServiceCd=430&Type=search", "url2": "https://gifu-fukushi.jp/institution/gifu/p3434/" }, "geometry": { "type": "Point", "coordinates": [ 136.708199859017327, 35.468874438848971 ] } },
{ "type": "Feature", "properties": { "内容": "居宅介護支援事業所みたほら苑【居宅介護支援】岐阜県岐阜市三田洞東4丁目9番1号", "url": "https://www.kaigokensaku.mhlw.go.jp/21/index.php?action_kouhyou_detail_004_kani=true&JigyosyoCd=2170104976-00&ServiceCd=430&Type=search", "url2": null }, "geometry": { "type": "Point", "coordinates": [ 136.796615400000064, 35.4730861 ] } },
{ "type": "Feature", "properties": { "内容": "岐阜県柔道整復師協同組合そうでん居宅介護支援事業所【居宅介護支援】岐阜県岐阜市美島町2丁目28番地棚橋接骨院内", "url": "https://www.kaigokensaku.mhlw.go.jp/21/index.php?action_kouhyou_detail_004_kani=true&JigyosyoCd=2170100909-00&ServiceCd=430&Type=search", "url2": null }, "geometry": { "type": "Point", "coordinates": [ 136.7492575, 35.4354106 ] } },
{ "type": "Feature", "properties": { "内容": "ケアプランセンターとまと【居宅介護支援】岐阜県岐阜市六条片田1-16-10NKビル2階　201", "url": "https://www.kaigokensaku.mhlw.go.jp/21/index.php?action_kouhyou_detail_004_kani=true&JigyosyoCd=2170112367-00&ServiceCd=430&Type=search", "url2": null }, "geometry": { "type": "Point", "coordinates": [ 136.746668541664121, 35.394340753662938 ] } },
{ "type": "Feature", "properties": { "内容": "きっとケアプランセンター【居宅介護支援】岐阜県岐阜市清929-1セラミック加藤Ⅲ　201", "url": "https://www.kaigokensaku.mhlw.go.jp/21/index.php?action_kouhyou_detail_004_kani=true&JigyosyoCd=2170116079-00&ServiceCd=430&Type=search", "url2": null }, "geometry": { "type": "Point", "coordinates": [ 136.7426935, 35.4045914 ] } },
{ "type": "Feature", "properties": { "内容": "ケアサポート静春【居宅介護支援】岐阜県岐阜市西島町２ー６", "url": "https://www.kaigokensaku.mhlw.go.jp/21/index.php?action_kouhyou_detail_004_kani=true&JigyosyoCd=2170103366-00&ServiceCd=430&Type=search", "url2": "http://umeda-clinic.or.jp/" }, "geometry": { "type": "Point", "coordinates": [ 136.731802, 35.4260864 ] } },
{ "type": "Feature", "properties": { "内容": "バロー介護支援センター茜部南【居宅介護支援】岐阜県岐阜市茜部寺屋敷2-61Vドラッグ茜部南店内", "url": "https://www.kaigokensaku.mhlw.go.jp/21/index.php?action_kouhyou_detail_004_kani=true&JigyosyoCd=2170116236-00&ServiceCd=430&Type=search", "url2": "https://www.vdrug.co.jp/service/careservice.index.html" }, "geometry": { "type": "Point", "coordinates": [ 136.748184226567048, 35.377147694607679 ] } },
{ "type": "Feature", "properties": { "内容": "ケアプランセンターさの【居宅介護支援】岐阜県岐阜市太郎丸2174番地20", "url": "https://www.kaigokensaku.mhlw.go.jp/21/index.php?action_kouhyou_detail_004_kani=true&JigyosyoCd=2170113738-00&ServiceCd=430&Type=search", "url2": "http://sites.google.com/view/careplancentersano/" }, "geometry": { "type": "Point", "coordinates": [ 136.809877199999931, 35.487420899999989 ] } },
{ "type": "Feature", "properties": { "内容": "華陽ケアマネセンター【居宅介護支援】岐阜県岐阜市北一色６丁目２番３５号", "url": "https://www.kaigokensaku.mhlw.go.jp/21/index.php?action_kouhyou_detail_004_kani=true&JigyosyoCd=2170100073-00&ServiceCd=430&Type=search", "url2": "http://www.kayokaigo.co.jp/" }, "geometry": { "type": "Point", "coordinates": [ 136.791306599999984, 35.4165298 ] } },
{ "type": "Feature", "properties": { "内容": "大垣在宅介護支援相談所【居宅介護支援】岐阜県大垣市西崎町2丁目70番地", "url": "https://www.kaigokensaku.mhlw.go.jp/21/index.php?action_kouhyou_detail_004_kani=true&JigyosyoCd=2172100246-00&ServiceCd=430&Type=search", "url2": null }, "geometry": { "type": "Point", "coordinates": [ 136.607916400000022, 35.360925700000017 ] } },
{ "type": "Feature", "properties": { "内容": "ケアプランセンター大垣【居宅介護支援】岐阜県大垣市大井２丁目３８番地３", "url": "https://www.kaigokensaku.mhlw.go.jp/21/index.php?action_kouhyou_detail_004_kani=true&JigyosyoCd=2172103257-00&ServiceCd=430&Type=search", "url2": "https://www.wakokai.or.jp" }, "geometry": { "type": "Point", "coordinates": [ 136.6328186, 35.3487777 ] } },
{ "type": "Feature", "properties": { "内容": "キク【居宅介護支援】岐阜県大垣市郭町東2丁目85番地", "url": "https://www.kaigokensaku.mhlw.go.jp/21/index.php?action_kouhyou_detail_004_kani=true&JigyosyoCd=2142100268-00&ServiceCd=430&Type=search", "url2": null }, "geometry": { "type": "Point", "coordinates": [ 136.617602300000044, 35.3602649 ] } },
{ "type": "Feature", "properties": { "内容": "エム・ケー・プラン有限会社【居宅介護支援】岐阜県大垣市三塚町1032番地1", "url": "https://www.kaigokensaku.mhlw.go.jp/21/index.php?action_kouhyou_detail_004_kani=true&JigyosyoCd=2172100014-00&ServiceCd=430&Type=search", "url2": null }, "geometry": { "type": "Point", "coordinates": [ 136.633466391401726, 35.366039443406393 ] } },
{ "type": "Feature", "properties": { "内容": "J・スパック介護サービス【居宅介護支援】岐阜県大垣市矢道町2丁目175番地2", "url": "https://www.kaigokensaku.mhlw.go.jp/21/index.php?action_kouhyou_detail_004_kani=true&JigyosyoCd=2172100022-00&ServiceCd=430&Type=search", "url2": "http://j-spc.co.jp/index.html" }, "geometry": { "type": "Point", "coordinates": [ 136.563144975146542, 35.374074426206725 ] } },
{ "type": "Feature", "properties": { "内容": "大東在宅介護支援センター【居宅介護支援】岐阜県大垣市東前１丁目７９番地", "url": "https://www.kaigokensaku.mhlw.go.jp/21/index.php?action_kouhyou_detail_004_kani=true&JigyosyoCd=2172100048-00&ServiceCd=430&Type=search", "url2": "http://www.294.or.jp" }, "geometry": { "type": "Point", "coordinates": [ 136.630231699999968, 35.3507245 ] } },
{ "type": "Feature", "properties": { "内容": "大垣市社会福祉協議会居宅介護支援事業所【居宅介護支援】岐阜県大垣市今宿５－１－４在宅福祉サービスステーション", "url": "https://www.kaigokensaku.mhlw.go.jp/21/index.php?action_kouhyou_detail_004_kani=true&JigyosyoCd=2172100063-00&ServiceCd=430&Type=search", "url2": "http://www.ogakishakyo.or.jp" }, "geometry": { "type": "Point", "coordinates": [ 136.637766804151795, 35.366413602720662 ] } },
{ "type": "Feature", "properties": { "内容": "老人保健施設西濃在宅介護支援センター【居宅介護支援】岐阜県大垣市藤江町６丁目３番地の１", "url": "https://www.kaigokensaku.mhlw.go.jp/21/index.php?action_kouhyou_detail_004_kani=true&JigyosyoCd=2172100089-00&ServiceCd=430&Type=search", "url2": "http://www.bijyoukai.dr-clinic.jp" }, "geometry": { "type": "Point", "coordinates": [ 136.6239402, 35.3631064 ] } },
{ "type": "Feature", "properties": { "内容": "在宅介護支援センター静風【居宅介護支援】岐阜県大垣市宿地町1008-4", "url": "https://www.kaigokensaku.mhlw.go.jp/21/index.php?action_kouhyou_detail_004_kani=true&JigyosyoCd=2172100097-00&ServiceCd=430&Type=search", "url2": null }, "geometry": { "type": "Point", "coordinates": [ 136.607984, 35.3768292 ] } },
{ "type": "Feature", "properties": { "内容": "友和苑在宅介護支援センター【居宅介護支援】岐阜県大垣市入方3丁目70番地１", "url": "https://www.kaigokensaku.mhlw.go.jp/21/index.php?action_kouhyou_detail_004_kani=true&JigyosyoCd=2172100154-00&ServiceCd=430&Type=search", "url2": "http://yuuwaen.jp/" }, "geometry": { "type": "Point", "coordinates": [ 136.598297900000034, 35.3243626 ] } },
{ "type": "Feature", "properties": { "内容": "大垣ケアサービス【居宅介護支援】岐阜県大垣市林町8-53", "url": "https://www.kaigokensaku.mhlw.go.jp/21/index.php?action_kouhyou_detail_004_kani=true&JigyosyoCd=2172100170-00&ServiceCd=430&Type=search", "url2": "ogaki-care.co.jp" }, "geometry": { "type": "Point", "coordinates": [ 136.62025159999996, 35.3750632 ] } },
{ "type": "Feature", "properties": { "内容": "株式会社　ハートサービス【居宅介護支援】岐阜県大垣市矢道町1丁目23番地", "url": "https://www.kaigokensaku.mhlw.go.jp/21/index.php?action_kouhyou_detail_004_kani=true&JigyosyoCd=2172100196-00&ServiceCd=430&Type=search", "url2": "https://heart-gp.org/sv-top/" }, "geometry": { "type": "Point", "coordinates": [ 136.5568101, 35.3726199 ] } },
{ "type": "Feature", "properties": { "内容": "大橋ケアサービス【居宅介護支援】岐阜県大垣市旭町３丁目１０番地旭ビル1F", "url": "https://www.kaigokensaku.mhlw.go.jp/21/index.php?action_kouhyou_detail_004_kani=true&JigyosyoCd=2172100238-00&ServiceCd=430&Type=search", "url2": "https://oohashi-care.jimdofree.com" }, "geometry": { "type": "Point", "coordinates": [ 136.627448484907632, 35.359068943018272 ] } },
{ "type": "Feature", "properties": { "内容": "岐阜県柔道整復師協同組合鹿野居宅介護支援事業所【居宅介護支援】岐阜県大垣市竹島町122番地", "url": "https://www.kaigokensaku.mhlw.go.jp/21/index.php?action_kouhyou_detail_004_kani=true&JigyosyoCd=2172100386-00&ServiceCd=430&Type=search", "url2": "http://www.chuokai-gifu.or.jp/gijusei/" }, "geometry": { "type": "Point", "coordinates": [ 136.617778416008008, 35.357857478247887 ] } },
{ "type": "Feature", "properties": { "内容": "あいあい居宅介護支援事業所【居宅介護支援】岐阜県大垣市浅草3丁目91番地", "url": "https://www.kaigokensaku.mhlw.go.jp/21/index.php?action_kouhyou_detail_004_kani=true&JigyosyoCd=2172100576-00&ServiceCd=430&Type=search", "url2": "http://www.nisimino.com/aiki/" }, "geometry": { "type": "Point", "coordinates": [ 136.6120043, 35.3092492 ] } },
{ "type": "Feature", "properties": { "内容": "しずさと介護支援センター【居宅介護支援】岐阜県大垣市桧町1452", "url": "https://www.kaigokensaku.mhlw.go.jp/21/index.php?action_kouhyou_detail_004_kani=true&JigyosyoCd=2172100642-00&ServiceCd=430&Type=search", "url2": "http://seinou.coop" }, "geometry": { "type": "Point", "coordinates": [ 136.591292862457266, 35.365308876098325 ] } },
{ "type": "Feature", "properties": { "内容": "居宅介護支援事業所サンヴェール大垣【居宅介護支援】岐阜県大垣市東町4丁目４３－２", "url": "https://www.kaigokensaku.mhlw.go.jp/21/index.php?action_kouhyou_detail_004_kani=true&JigyosyoCd=2172100782-00&ServiceCd=430&Type=search", "url2": "http://www.sunvale.net" }, "geometry": { "type": "Point", "coordinates": [ 136.6476907, 35.3697139 ] } },
{ "type": "Feature", "properties": { "内容": "居宅介護支援事業所いずみ【居宅介護支援】岐阜県大垣市荒尾玉池1-34", "url": "https://www.kaigokensaku.mhlw.go.jp/21/index.php?action_kouhyou_detail_004_kani=true&JigyosyoCd=2172100824-00&ServiceCd=430&Type=search", "url2": "http://www.fuji-estate-ogaki.co.jp/" }, "geometry": { "type": "Point", "coordinates": [ 136.580051798316958, 35.359292499125019 ] } },
{ "type": "Feature", "properties": { "内容": "居宅介護支援事業所　ハーブ【居宅介護支援】岐阜県大垣市新田町2丁目24番地1", "url": "https://www.kaigokensaku.mhlw.go.jp/21/index.php?action_kouhyou_detail_004_kani=true&JigyosyoCd=2172100857-00&ServiceCd=430&Type=search", "url2": "http://www.taiseikai.jp/" }, "geometry": { "type": "Point", "coordinates": [ 136.623135397483793, 35.343521054325883 ] } },
{ "type": "Feature", "properties": { "内容": "ケアサポート・柚子【居宅介護支援】岐阜県大垣市外渕２丁目７９番地", "url": "https://www.kaigokensaku.mhlw.go.jp/21/index.php?action_kouhyou_detail_004_kani=true&JigyosyoCd=2172100972-00&ServiceCd=430&Type=search", "url2": "http://yuzu.n-denken.co.jp" }, "geometry": { "type": "Point", "coordinates": [ 136.611515199999985, 35.329046 ] } },
{ "type": "Feature", "properties": { "内容": "居宅介護支援事業所しんめい【居宅介護支援】岐阜県大垣市北方町二丁目７０番１", "url": "https://www.kaigokensaku.mhlw.go.jp/21/index.php?action_kouhyou_detail_004_kani=true&JigyosyoCd=2172101046-00&ServiceCd=430&Type=search", "url2": "http://www.haroro.com/hokushin/" }, "geometry": { "type": "Point", "coordinates": [ 136.610505800000027, 35.3964656 ] } },
{ "type": "Feature", "properties": { "内容": "大垣市社会福祉協議会上石津居宅介護支援事業所【居宅介護支援】岐阜県大垣市上石津町牧田４６９０－２", "url": "https://www.kaigokensaku.mhlw.go.jp/21/index.php?action_kouhyou_detail_004_kani=true&JigyosyoCd=2172101293-00&ServiceCd=430&Type=search", "url2": "http://www.ogakishakyo.or.jp" }, "geometry": { "type": "Point", "coordinates": [ 136.492255399999976, 35.3232837 ] } },
{ "type": "Feature", "properties": { "内容": "大垣市お勝山在宅介護支援センター【居宅介護支援】岐阜県大垣市牧野町２丁目１５０番地１", "url": "https://www.kaigokensaku.mhlw.go.jp/21/index.php?action_kouhyou_detail_004_kani=true&JigyosyoCd=2172101392-00&ServiceCd=430&Type=search", "url2": "https://ogaki-fukushi.jp" }, "geometry": { "type": "Point", "coordinates": [ 136.577707499999974, 35.3840161 ] } },
{ "type": "Feature", "properties": { "内容": "菫　居宅介護支援事業所【居宅介護支援】岐阜県大垣市本今3丁目77番地コテージ本今B棟", "url": "https://www.kaigokensaku.mhlw.go.jp/21/index.php?action_kouhyou_detail_004_kani=true&JigyosyoCd=2172101483-00&ServiceCd=430&Type=search", "url2": null }, "geometry": { "type": "Point", "coordinates": [ 136.607712944319132, 35.348748489746164 ] } },
{ "type": "Feature", "properties": { "内容": "せいぶ居宅介護支援事業所【居宅介護支援】岐阜県大垣市島町249番地1", "url": "https://www.kaigokensaku.mhlw.go.jp/21/index.php?action_kouhyou_detail_004_kani=true&JigyosyoCd=2172101657-00&ServiceCd=430&Type=search", "url2": "seibu-kaigo-center.com" }, "geometry": { "type": "Point", "coordinates": [ 136.562090099999978, 35.3577662 ] } },
{ "type": "Feature", "properties": { "内容": "サットヴァの園　居宅介護支援事業所【居宅介護支援】岐阜県大垣市多芸島1丁目127－1", "url": "https://www.kaigokensaku.mhlw.go.jp/21/index.php?action_kouhyou_detail_004_kani=true&JigyosyoCd=2172101673-00&ServiceCd=430&Type=search", "url2": "http://sattova.info/" }, "geometry": { "type": "Point", "coordinates": [ 136.596173, 35.3314365 ] } },
{ "type": "Feature", "properties": { "内容": "株式会社新生メディカルケアマネジメントセンター【居宅介護支援】岐阜県大垣市南頬町1-118-1", "url": "https://www.kaigokensaku.mhlw.go.jp/21/index.php?action_kouhyou_detail_004_kani=true&JigyosyoCd=2172101681-00&ServiceCd=430&Type=search", "url2": "http://www.shinsei-md.jp/" }, "geometry": { "type": "Point", "coordinates": [ 136.623983082278386, 35.355823836868403 ] } },
{ "type": "Feature", "properties": { "内容": "介護支援センターけあ・わーくす大垣【居宅介護支援】岐阜県大垣市枝郷5丁目42番地", "url": "https://www.kaigokensaku.mhlw.go.jp/21/index.php?action_kouhyou_detail_004_kani=true&JigyosyoCd=2172101871-00&ServiceCd=430&Type=search", "url2": "http://www.careworks-ogaki.com" }, "geometry": { "type": "Point", "coordinates": [ 136.5965301, 35.39037130000002 ] } },
{ "type": "Feature", "properties": { "内容": "居宅介護支援事業所おおがきの憩【居宅介護支援】岐阜県大垣市築捨町3丁目67番地おおがきの憩施設内", "url": "https://www.kaigokensaku.mhlw.go.jp/21/index.php?action_kouhyou_detail_004_kani=true&JigyosyoCd=2172101970-00&ServiceCd=430&Type=search", "url2": null }, "geometry": { "type": "Point", "coordinates": [ 136.619393422090155, 35.338303412375843 ] } },
{ "type": "Feature", "properties": { "内容": "ケアプランあかつき【居宅介護支援】岐阜県大垣市世安町１丁目４５-１", "url": "https://www.kaigokensaku.mhlw.go.jp/21/index.php?action_kouhyou_detail_004_kani=true&JigyosyoCd=2172102069-00&ServiceCd=430&Type=search", "url2": null }, "geometry": { "type": "Point", "coordinates": [ 136.613046916383837, 35.352005974380994 ] } },
{ "type": "Feature", "properties": { "内容": "ゆたかケアプランセンター【居宅介護支援】岐阜県大垣市林町８丁目１３８６番地１コーポゴトウ南111号", "url": "https://www.kaigokensaku.mhlw.go.jp/21/index.php?action_kouhyou_detail_004_kani=true&JigyosyoCd=2172102119-00&ServiceCd=430&Type=search", "url2": "http://yutaka-ms.jp/" }, "geometry": { "type": "Point", "coordinates": [ 136.619673124735272, 35.373209416508018 ] } },
{ "type": "Feature", "properties": { "内容": "ケアプランセンター楽笑【居宅介護支援】岐阜県大垣市西大外羽1丁目178番地1", "url": "https://www.kaigokensaku.mhlw.go.jp/21/index.php?action_kouhyou_detail_004_kani=true&JigyosyoCd=2172102291-00&ServiceCd=430&Type=search", "url2": "http://hp.kaipoke.biz/e85/" }, "geometry": { "type": "Point", "coordinates": [ 136.595591141254715, 35.317752014573841 ] } },
{ "type": "Feature", "properties": { "内容": "墨俣介護支援センター【居宅介護支援】岐阜県大垣市波須１－１３１", "url": "https://www.kaigokensaku.mhlw.go.jp/21/index.php?action_kouhyou_detail_004_kani=true&JigyosyoCd=2172102374-00&ServiceCd=430&Type=search", "url2": null }, "geometry": { "type": "Point", "coordinates": [ 136.652390400000058, 35.3635507 ] } },
{ "type": "Feature", "properties": { "内容": "ケアプランセンター綾郷【居宅介護支援】岐阜県大垣市綾野一丁目2627番地", "url": "https://www.kaigokensaku.mhlw.go.jp/21/index.php?action_kouhyou_detail_004_kani=true&JigyosyoCd=2172102408-00&ServiceCd=430&Type=search", "url2": null }, "geometry": { "type": "Point", "coordinates": [ 136.592801506082168, 35.34574238261014 ] } },
{ "type": "Feature", "properties": { "内容": "介護相談所　浅葱【居宅介護支援】岐阜県大垣市今宿４丁目40-4diciottoOGAKI101", "url": "https://www.kaigokensaku.mhlw.go.jp/21/index.php?action_kouhyou_detail_004_kani=true&JigyosyoCd=2172102689-00&ServiceCd=430&Type=search", "url2": "http://kouyuukai.jp/asagi/" }, "geometry": { "type": "Point", "coordinates": [ 136.637017178750995, 35.364344200183744 ] } },
{ "type": "Feature", "properties": { "内容": "居宅介護支援事業所　つくしさつき【居宅介護支援】岐阜県大垣市木戸町493-3", "url": "https://www.kaigokensaku.mhlw.go.jp/21/index.php?action_kouhyou_detail_004_kani=true&JigyosyoCd=2172102986-00&ServiceCd=430&Type=search", "url2": "https://www.adonislife.co.jp/" }, "geometry": { "type": "Point", "coordinates": [ 136.603339, 35.3654614 ] } },
{ "type": "Feature", "properties": { "内容": "ケアプランセンター楽笑プラス【居宅介護支援】岐阜県大垣市青柳町1丁目297番地バンティアンハイツ207", "url": "https://www.kaigokensaku.mhlw.go.jp/21/index.php?action_kouhyou_detail_004_kani=true&JigyosyoCd=2172102994-00&ServiceCd=430&Type=search", "url2": "https://www.rakusyou.info/" }, "geometry": { "type": "Point", "coordinates": [ 136.602849300000031, 35.346920600000011 ] } },
{ "type": "Feature", "properties": { "内容": "ケアプランセンター　燦燦　－さんさんー【居宅介護支援】岐阜県大垣市和合新町１丁目８９番地岐阜県大垣市和合新町１丁目８９番地　中村第５ビル　１０１", "url": "https://www.kaigokensaku.mhlw.go.jp/21/index.php?action_kouhyou_detail_004_kani=true&JigyosyoCd=2172103042-00&ServiceCd=430&Type=search", "url2": "https://www.houkanmorimori.co.jp/" }, "geometry": { "type": "Point", "coordinates": [ 136.652374, 35.3734008 ] } },
{ "type": "Feature", "properties": { "内容": "ソフィアメディケアプラン大垣【居宅介護支援】岐阜県大垣市禾森町6-70　西棟", "url": "https://www.kaigokensaku.mhlw.go.jp/21/index.php?action_kouhyou_detail_004_kani=true&JigyosyoCd=2172103216-00&ServiceCd=430&Type=search", "url2": "https://www.sophiamedi.co.jp/station/care-plan-oogaki/" }, "geometry": { "type": "Point", "coordinates": [ 136.6224109, 35.34766 ] } },
{ "type": "Feature", "properties": { "内容": "ケアセンターくつろぎ【居宅介護支援】岐阜県大垣市馬場町73番地", "url": "https://www.kaigokensaku.mhlw.go.jp/21/index.php?action_kouhyou_detail_004_kani=true&JigyosyoCd=2172103281-00&ServiceCd=430&Type=search", "url2": "https://karumia.com" }, "geometry": { "type": "Point", "coordinates": [ 136.610572499999989, 35.3582892 ] } },
{ "type": "Feature", "properties": { "内容": "ケアプランセンターゆかり大垣【居宅介護支援】岐阜県大垣市林町8丁目35コーポゴトウ北103", "url": "https://www.kaigokensaku.mhlw.go.jp/21/index.php?action_kouhyou_detail_004_kani=true&JigyosyoCd=2172103133-00&ServiceCd=430&Type=search", "url2": "yutaka-ms.jp" }, "geometry": { "type": "Point", "coordinates": [ 136.6194878, 35.3733627 ] } },
{ "type": "Feature", "properties": { "内容": "医療法人徳洲会大垣徳洲会介護センター【居宅介護支援】岐阜県大垣市林町６丁目８５－１", "url": "https://www.kaigokensaku.mhlw.go.jp/21/index.php?action_kouhyou_detail_004_kani=true&JigyosyoCd=2172101608-00&ServiceCd=430&Type=search", "url2": "http://www.ogaki.tokushukai.or.jp" }, "geometry": { "type": "Point", "coordinates": [ 136.61764919999996, 35.3724412 ] } },
{ "type": "Feature", "properties": { "内容": "サンビレッジ大垣ケアマネジメントセンター【居宅介護支援】岐阜県大垣市北方町5丁目35番地", "url": "https://www.kaigokensaku.mhlw.go.jp/21/index.php?action_kouhyou_detail_004_kani=true&JigyosyoCd=2172103323-00&ServiceCd=430&Type=search", "url2": "https://www.sun-village.jp/" }, "geometry": { "type": "Point", "coordinates": [ 136.620776400000011, 35.3974776 ] } },
{ "type": "Feature", "properties": { "内容": "山ぼうし居宅介護支援事業所【居宅介護支援】岐阜県高山市下切町431番地", "url": "https://www.kaigokensaku.mhlw.go.jp/21/index.php?action_kouhyou_detail_004_kani=true&JigyosyoCd=2172701209-00&ServiceCd=430&Type=search", "url2": "http://hp.kaipoke.biz/75d/index.html" }, "geometry": { "type": "Point", "coordinates": [ 137.245786599999974, 36.1832605 ] } },
{ "type": "Feature", "properties": { "内容": "久美愛厚生病院指定居宅介護支援事業所【居宅介護支援】岐阜県高山市中切町１番地１", "url": "https://www.kaigokensaku.mhlw.go.jp/21/index.php?action_kouhyou_detail_004_kani=true&JigyosyoCd=2112700477-00&ServiceCd=430&Type=search", "url2": "http://www.kumiai.gfkosei.or.jp/ik-kyotaku.html" }, "geometry": { "type": "Point", "coordinates": [ 137.237265200000024, 36.1669762 ] } },
{ "type": "Feature", "properties": { "内容": "須田病院居宅介護支援事業所【居宅介護支援】岐阜県高山市国府町村山235番地5", "url": "https://www.kaigokensaku.mhlw.go.jp/21/index.php?action_kouhyou_detail_004_kani=true&JigyosyoCd=2113000398-00&ServiceCd=430&Type=search", "url2": "https://suda-hos.jp" }, "geometry": { "type": "Point", "coordinates": [ 137.251652799999988, 36.1979701 ] } },
{ "type": "Feature", "properties": { "内容": "株式会社新生メディカル高山営業所【居宅介護支援】岐阜県高山市昭和町３丁目８０－６ファーストビル３階", "url": "https://www.kaigokensaku.mhlw.go.jp/21/index.php?action_kouhyou_detail_004_kani=true&JigyosyoCd=2172700011-00&ServiceCd=430&Type=search", "url2": "http://www.shinsei-md.jp/" }, "geometry": { "type": "Point", "coordinates": [ 137.2491453, 36.1470623 ] } },
{ "type": "Feature", "properties": { "内容": "ケアプランセンター清徳会【居宅介護支援】岐阜県高山市神田町1丁目88", "url": "https://www.kaigokensaku.mhlw.go.jp/21/index.php?action_kouhyou_detail_004_kani=true&JigyosyoCd=2172700037-00&ServiceCd=430&Type=search", "url2": "http://www.seitokukai.or.jp" }, "geometry": { "type": "Point", "coordinates": [ 137.255068690472967, 36.147083486698286 ] } },
{ "type": "Feature", "properties": { "内容": "高桑ケアマネジメントセンター【居宅介護支援】岐阜県高山市石浦町６丁目２２０番地", "url": "https://www.kaigokensaku.mhlw.go.jp/21/index.php?action_kouhyou_detail_004_kani=true&JigyosyoCd=2172700052-00&ServiceCd=430&Type=search", "url2": "http://www.kunpuukai.jp/index.html" }, "geometry": { "type": "Point", "coordinates": [ 137.260614700000019, 36.1154363 ] } },
{ "type": "Feature", "properties": { "内容": "ケアプランセンターそれいゆ【居宅介護支援】岐阜県高山市昭和町2丁目８５－１メゾンドゆい505号室", "url": "https://www.kaigokensaku.mhlw.go.jp/21/index.php?action_kouhyou_detail_004_kani=true&JigyosyoCd=2172700060-00&ServiceCd=430&Type=search", "url2": "http://www.ori-doujinkai.or.jp/careplan/" }, "geometry": { "type": "Point", "coordinates": [ 137.249684820884113, 36.146102865640039 ] } },
{ "type": "Feature", "properties": { "内容": "岐阜県看護協会立ケアプランセンター高山【居宅介護支援】岐阜県高山市冬頭町588番1", "url": "https://www.kaigokensaku.mhlw.go.jp/21/index.php?action_kouhyou_detail_004_kani=true&JigyosyoCd=2172700094-00&ServiceCd=430&Type=search", "url2": "https://gifu-kango.or.jp/houmon-care/caretakayama/" }, "geometry": { "type": "Point", "coordinates": [ 137.241012549891366, 36.165784311699127 ] } },
{ "type": "Feature", "properties": { "内容": "株式会社　ケア高山【居宅介護支援】岐阜県高山市岡本町4丁目311-14", "url": "https://www.kaigokensaku.mhlw.go.jp/21/index.php?action_kouhyou_detail_004_kani=true&JigyosyoCd=2172700102-00&ServiceCd=430&Type=search", "url2": "https://www.caretakayama.com" }, "geometry": { "type": "Point", "coordinates": [ 137.247347126406112, 36.152516420178358 ] } },
{ "type": "Feature", "properties": { "内容": "ＪＡひだ在宅サービスステーション居宅介護支援事業所【居宅介護支援】岐阜県高山市冬頭町１４番地1", "url": "https://www.kaigokensaku.mhlw.go.jp/21/index.php?action_kouhyou_detail_004_kani=true&JigyosyoCd=2172700128-00&ServiceCd=430&Type=search", "url2": null }, "geometry": { "type": "Point", "coordinates": [ 137.242680565893323, 36.162427304006087 ] } },
{ "type": "Feature", "properties": { "内容": "高山市福祉サービス公社山王【居宅介護支援】岐阜県高山市森下町１丁目２０８番地山王福祉センター", "url": "https://www.kaigokensaku.mhlw.go.jp/21/index.php?action_kouhyou_detail_004_kani=true&JigyosyoCd=2172700193-00&ServiceCd=430&Type=search", "url2": "http://www.takayamakousya.jp/" }, "geometry": { "type": "Point", "coordinates": [ 137.259186499999942, 36.132041850490005 ] } },
{ "type": "Feature", "properties": { "内容": "高山赤十字病院指定居宅介護支援事業所【居宅介護支援】岐阜県高山市花里町2丁目67番地高山赤十字介護老人保健施設はなさと１階", "url": "https://www.kaigokensaku.mhlw.go.jp/21/index.php?action_kouhyou_detail_004_kani=true&JigyosyoCd=2172700300-00&ServiceCd=430&Type=search", "url2": "http://www.takayama.jrc.or.jp/" }, "geometry": { "type": "Point", "coordinates": [ 137.252256922337324, 36.136448486321235 ] } },
{ "type": "Feature", "properties": { "内容": "カームケアセンター【居宅介護支援】岐阜県高山市上野町675番地2", "url": "https://www.kaigokensaku.mhlw.go.jp/21/index.php?action_kouhyou_detail_004_kani=true&JigyosyoCd=2172700946-00&ServiceCd=430&Type=search", "url2": "https://calm99.wixsite.com/calm" }, "geometry": { "type": "Point", "coordinates": [ 137.267868, 36.1671354 ] } },
{ "type": "Feature", "properties": { "内容": "ほのぼの朝日ケアマネ事業所【居宅介護支援】岐阜県高山市石浦町7丁目663", "url": "https://www.kaigokensaku.mhlw.go.jp/21/index.php?action_kouhyou_detail_004_kani=true&JigyosyoCd=2172700961-00&ServiceCd=430&Type=search", "url2": "http://www.honobonoasahi.com/" }, "geometry": { "type": "Point", "coordinates": [ 137.258593584378133, 36.12510573899911 ] } },
{ "type": "Feature", "properties": { "内容": "ケアマネージメントセンター　おふくろ【居宅介護支援】岐阜県高山市石浦町6丁目236番地", "url": "https://www.kaigokensaku.mhlw.go.jp/21/index.php?action_kouhyou_detail_004_kani=true&JigyosyoCd=2172700995-00&ServiceCd=430&Type=search", "url2": null }, "geometry": { "type": "Point", "coordinates": [ 137.260317627612693, 36.116449879730794 ] } },
{ "type": "Feature", "properties": { "内容": "居宅介護支援事業所こくふ【居宅介護支援】岐阜県高山市国府町広瀬町146番地2", "url": "https://www.kaigokensaku.mhlw.go.jp/21/index.php?action_kouhyou_detail_004_kani=true&JigyosyoCd=2172701241-00&ServiceCd=430&Type=search", "url2": null }, "geometry": { "type": "Point", "coordinates": [ 137.228838286728006, 36.204923240785789 ] } },
{ "type": "Feature", "properties": { "内容": "ケアプランセンターすずらん【居宅介護支援】岐阜県高山市千島町457-1メゾン市兵衛22号", "url": "https://www.kaigokensaku.mhlw.go.jp/21/index.php?action_kouhyou_detail_004_kani=true&JigyosyoCd=2172701332-00&ServiceCd=430&Type=search", "url2": null }, "geometry": { "type": "Point", "coordinates": [ 137.256228599999986, 36.1280344 ] } },
{ "type": "Feature", "properties": { "内容": "サポートふれあす【居宅介護支援】岐阜県高山市片野町1丁目274番地1ファミール片野　B-102号", "url": "https://www.kaigokensaku.mhlw.go.jp/21/index.php?action_kouhyou_detail_004_kani=true&JigyosyoCd=2172701431-00&ServiceCd=430&Type=search", "url2": null }, "geometry": { "type": "Point", "coordinates": [ 137.267116487696853, 36.120115299857801 ] } },
{ "type": "Feature", "properties": { "内容": "ファインシニアけやき居宅介護支援センター【居宅介護支援】岐阜県高山市昭和町3丁目180-1", "url": "https://www.kaigokensaku.mhlw.go.jp/21/index.php?action_kouhyou_detail_004_kani=true&JigyosyoCd=2172701449-00&ServiceCd=430&Type=search", "url2": null }, "geometry": { "type": "Point", "coordinates": [ 137.247981973016294, 36.147427743180607 ] } },
{ "type": "Feature", "properties": { "内容": "サンケア【居宅介護支援】岐阜県高山市片野町2丁目296番地", "url": "https://www.kaigokensaku.mhlw.go.jp/21/index.php?action_kouhyou_detail_004_kani=true&JigyosyoCd=2172701506-00&ServiceCd=430&Type=search", "url2": "https://sancarehappily.com/" }, "geometry": { "type": "Point", "coordinates": [ 137.265419, 36.122503299999984 ] } },
{ "type": "Feature", "properties": { "内容": "支援センター八光苑【居宅介護支援】岐阜県高山市久々野町久々野1202八光苑", "url": "https://www.kaigokensaku.mhlw.go.jp/21/index.php?action_kouhyou_detail_004_kani=true&JigyosyoCd=2172900306-00&ServiceCd=430&Type=search", "url2": "http://www.hachijukai.com" }, "geometry": { "type": "Point", "coordinates": [ 137.274811699999987, 36.0591307 ] } },
{ "type": "Feature", "properties": { "内容": "高山市福祉サービス公社朝日【居宅介護支援】岐阜県高山市朝日町万石３２８番地朝日福祉センター", "url": "https://www.kaigokensaku.mhlw.go.jp/21/index.php?action_kouhyou_detail_004_kani=true&JigyosyoCd=2172900389-00&ServiceCd=430&Type=search", "url2": "http://www.takayamakousya.jp" }, "geometry": { "type": "Point", "coordinates": [ 137.352344200000061, 36.0905891 ] } },
{ "type": "Feature", "properties": { "内容": "加藤医院指定居宅介護支援事業所【居宅介護支援】岐阜県高山市国府町三川1202-5香蘭荘内", "url": "https://www.kaigokensaku.mhlw.go.jp/21/index.php?action_kouhyou_detail_004_kani=true&JigyosyoCd=2173000650-00&ServiceCd=430&Type=search", "url2": "http://www.kouranso.com/" }, "geometry": { "type": "Point", "coordinates": [ 137.260335299999952, 36.1922821 ] } },
{ "type": "Feature", "properties": { "内容": "高山市福祉サービス公社国府【居宅介護支援】岐阜県高山市国府町木曽垣内６５０番地", "url": "https://www.kaigokensaku.mhlw.go.jp/21/index.php?action_kouhyou_detail_004_kani=true&JigyosyoCd=2173000676-00&ServiceCd=430&Type=search", "url2": "http://www.takayamakousya.jp/" }, "geometry": { "type": "Point", "coordinates": [ 137.212399626458705, 36.220497673831211 ] } },
{ "type": "Feature", "properties": { "内容": "ケアマネセンターペガサス【居宅介護支援】岐阜県高山市初田町1-58-15コーポラス初田1階", "url": "https://www.kaigokensaku.mhlw.go.jp/21/index.php?action_kouhyou_detail_004_kani=true&JigyosyoCd=2172701373-00&ServiceCd=430&Type=search", "url2": null }, "geometry": { "type": "Point", "coordinates": [ 137.253261699999939, 36.1430129 ] } },
{ "type": "Feature", "properties": { "内容": "ケアプランセンターきりん【居宅介護支援】岐阜県高山市大新町４丁目１７５番地生活支援センターきりん内", "url": "https://www.kaigokensaku.mhlw.go.jp/21/index.php?action_kouhyou_detail_004_kani=true&JigyosyoCd=2172701035-00&ServiceCd=430&Type=search", "url2": "http://www.kirin3.com" }, "geometry": { "type": "Point", "coordinates": [ 137.256816196016189, 36.153119371377961 ] } },
{ "type": "Feature", "properties": { "内容": "介護相談処“お陽さま”【居宅介護支援】岐阜県多治見市大日町２１番地大日ビル４号室", "url": "https://www.kaigokensaku.mhlw.go.jp/21/index.php?action_kouhyou_detail_004_kani=true&JigyosyoCd=2171101062-00&ServiceCd=430&Type=search", "url2": "http://www.sun-sun-ohisama.com/" }, "geometry": { "type": "Point", "coordinates": [ 137.124915702021781, 35.335877190117451 ] } },
{ "type": "Feature", "properties": { "内容": "ケアプランセンター多治見中央【居宅介護支援】岐阜県多治見市赤坂町2‐101ｰ1有料老人ホーム　エブリ赤坂Ⅱ号館", "url": "https://www.kaigokensaku.mhlw.go.jp/21/index.php?action_kouhyou_detail_004_kani=true&JigyosyoCd=2171101153-00&ServiceCd=430&Type=search", "url2": "http://e-needs.jp/" }, "geometry": { "type": "Point", "coordinates": [ 137.109094873070063, 35.340967909604949 ] } },
{ "type": "Feature", "properties": { "内容": "ケアプランセンターベルツリー【居宅介護支援】岐阜県多治見市脇之島町3丁目16番地の1", "url": "https://www.kaigokensaku.mhlw.go.jp/21/index.php?action_kouhyou_detail_004_kani=true&JigyosyoCd=2171100056-00&ServiceCd=430&Type=search", "url2": "http://www.belltree.or.jp/" }, "geometry": { "type": "Point", "coordinates": [ 137.119214300000067, 35.3167815 ] } },
{ "type": "Feature", "properties": { "内容": "社協たじみケアプランセンター【居宅介護支援】岐阜県多治見市太平町4丁目47番地", "url": "https://www.kaigokensaku.mhlw.go.jp/21/index.php?action_kouhyou_detail_004_kani=true&JigyosyoCd=2171100064-00&ServiceCd=430&Type=search", "url2": "http://www.t-syakyo.or.jp/" }, "geometry": { "type": "Point", "coordinates": [ 137.112859471900066, 35.334967275703569 ] } },
{ "type": "Feature", "properties": { "内容": "医療法人慈生会浜田浅井医院居宅介護支援事業所【居宅介護支援】岐阜県多治見市太平町１丁目５番地", "url": "https://www.kaigokensaku.mhlw.go.jp/21/index.php?action_kouhyou_detail_004_kani=true&JigyosyoCd=2171100098-00&ServiceCd=430&Type=search", "url2": null }, "geometry": { "type": "Point", "coordinates": [ 137.112692399999986, 35.333388 ] } },
{ "type": "Feature", "properties": { "内容": "株式会社新生メディカル多治見営業所【居宅介護支援】岐阜県多治見市白山町1丁目238番地", "url": "https://www.kaigokensaku.mhlw.go.jp/21/index.php?action_kouhyou_detail_004_kani=true&JigyosyoCd=2171100304-00&ServiceCd=430&Type=search", "url2": "http://www.shinsei-md.jp/" }, "geometry": { "type": "Point", "coordinates": [ 137.121035552500871, 35.336988078709581 ] } },
{ "type": "Feature", "properties": { "内容": "ニチイケアセンター多治見【居宅介護支援】岐阜県多治見市赤坂町１－６５", "url": "https://www.kaigokensaku.mhlw.go.jp/21/index.php?action_kouhyou_detail_004_kani=true&JigyosyoCd=2171100312-00&ServiceCd=430&Type=search", "url2": "http://www.nichiigakkan.co.jp/" }, "geometry": { "type": "Point", "coordinates": [ 137.103532099999939, 35.3426559 ] } },
{ "type": "Feature", "properties": { "内容": "陶の里ケアプランセンター【居宅介護支援】岐阜県多治見市大畑町西仲根3-25", "url": "https://www.kaigokensaku.mhlw.go.jp/21/index.php?action_kouhyou_detail_004_kani=true&JigyosyoCd=2171100569-00&ServiceCd=430&Type=search", "url2": "http://www.athome-tounosato.com/" }, "geometry": { "type": "Point", "coordinates": [ 137.1285272, 35.3151321 ] } },
{ "type": "Feature", "properties": { "内容": "ビアンカ居宅介護支援事業所【居宅介護支援】岐阜県多治見市上山町1-97-2", "url": "https://www.kaigokensaku.mhlw.go.jp/21/index.php?action_kouhyou_detail_004_kani=true&JigyosyoCd=2171100585-00&ServiceCd=430&Type=search", "url2": "http://bitokukai.com" }, "geometry": { "type": "Point", "coordinates": [ 137.137798100000026, 35.3395467 ] } },
{ "type": "Feature", "properties": { "内容": "愛手ケアセンター【居宅介護支援】岐阜県多治見市大針町６番地３２", "url": "https://www.kaigokensaku.mhlw.go.jp/21/index.php?action_kouhyou_detail_004_kani=true&JigyosyoCd=2171100684-00&ServiceCd=430&Type=search", "url2": null }, "geometry": { "type": "Point", "coordinates": [ 137.0694221, 35.3775676 ] } },
{ "type": "Feature", "properties": { "内容": "Ｋライン・ケアプランセンター多治見【居宅介護支援】岐阜県多治見市喜多町４－４９", "url": "https://www.kaigokensaku.mhlw.go.jp/21/index.php?action_kouhyou_detail_004_kani=true&JigyosyoCd=2171100908-00&ServiceCd=430&Type=search", "url2": "http:/www.klinecare.com" }, "geometry": { "type": "Point", "coordinates": [ 137.107051299999966, 35.3375372 ] } },
{ "type": "Feature", "properties": { "内容": "そふとケア【居宅介護支援】岐阜県多治見市滝呂町14丁目7番地", "url": "https://www.kaigokensaku.mhlw.go.jp/21/index.php?action_kouhyou_detail_004_kani=true&JigyosyoCd=2171100957-00&ServiceCd=430&Type=search", "url2": "http://akimoto46.wixsite.com/withsoft" }, "geometry": { "type": "Point", "coordinates": [ 137.1463642, 35.3130666 ] } },
{ "type": "Feature", "properties": { "内容": "市之倉ひまわり居宅介護支援事業所【居宅介護支援】岐阜県多治見市市之倉町13丁目83番地の353", "url": "https://www.kaigokensaku.mhlw.go.jp/21/index.php?action_kouhyou_detail_004_kani=true&JigyosyoCd=2171100965-00&ServiceCd=430&Type=search", "url2": "http://www.fukushi-himawari.co.jp" }, "geometry": { "type": "Point", "coordinates": [ 137.109176700000035, 35.3027603 ] } },
{ "type": "Feature", "properties": { "内容": "ケアプランあらいふ【居宅介護支援】岐阜県多治見市松坂町２丁目２３番地の１", "url": "https://www.kaigokensaku.mhlw.go.jp/21/index.php?action_kouhyou_detail_004_kani=true&JigyosyoCd=2171101096-00&ServiceCd=430&Type=search", "url2": null }, "geometry": { "type": "Point", "coordinates": [ 137.088202700000011, 35.366103 ] } },
{ "type": "Feature", "properties": { "内容": "あさひケアプランセンター【居宅介護支援】岐阜県多治見市旭ヶ丘１丁目８６番地８", "url": "https://www.kaigokensaku.mhlw.go.jp/21/index.php?action_kouhyou_detail_004_kani=true&JigyosyoCd=2171101286-00&ServiceCd=430&Type=search", "url2": "http://dreamfield.info/index.php" }, "geometry": { "type": "Point", "coordinates": [ 137.096549072816515, 35.366621581392515 ] } },
{ "type": "Feature", "properties": { "内容": "ケアプランセンター　住ま居る【居宅介護支援】岐阜県多治見市笠原町2455-41", "url": "https://www.kaigokensaku.mhlw.go.jp/21/index.php?action_kouhyou_detail_004_kani=true&JigyosyoCd=2171101385-00&ServiceCd=430&Type=search", "url2": "http://www.smile-tajimi.com" }, "geometry": { "type": "Point", "coordinates": [ 137.166690747634902, 35.317379216387216 ] } },
{ "type": "Feature", "properties": { "内容": "ケアプランコミケア【居宅介護支援】岐阜県多治見市明和町2-41-1ラ・ポールめいわ205号室", "url": "https://www.kaigokensaku.mhlw.go.jp/21/index.php?action_kouhyou_detail_004_kani=true&JigyosyoCd=2171101641-00&ServiceCd=430&Type=search", "url2": "http://www.hotto.co.jp/" }, "geometry": { "type": "Point", "coordinates": [ 137.098518044160727, 35.353333063998043 ] } },
{ "type": "Feature", "properties": { "内容": "たじみ松坂ケアプランセンター【居宅介護支援】岐阜県多治見市松坂町１丁目１番地の５ふくい内科クリニック別棟", "url": "https://www.kaigokensaku.mhlw.go.jp/21/index.php?action_kouhyou_detail_004_kani=true&JigyosyoCd=2171101997-00&ServiceCd=430&Type=search", "url2": "http://houkan-tajimi.com/" }, "geometry": { "type": "Point", "coordinates": [ 137.093804195770304, 35.366066526921763 ] } },
{ "type": "Feature", "properties": { "内容": "浩養会居宅介護支援事業所【居宅介護支援】岐阜県多治見市大畑町大洞３９番地の１介護老人保健施設メモリアル光陽内", "url": "https://www.kaigokensaku.mhlw.go.jp/21/index.php?action_kouhyou_detail_004_kani=true&JigyosyoCd=2171102078-00&ServiceCd=430&Type=search", "url2": "http://www.memokou.or.jp" }, "geometry": { "type": "Point", "coordinates": [ 137.12427219999995, 35.3146486 ] } },
{ "type": "Feature", "properties": { "内容": "医療法人仁寿会　居宅介護支援事業所アクシス【居宅介護支援】岐阜県多治見市十九田町1丁目10番ニコニコ支援センター精華３階（旧第一クリニック）", "url": "https://www.kaigokensaku.mhlw.go.jp/21/index.php?action_kouhyou_detail_004_kani=true&JigyosyoCd=2171102219-00&ServiceCd=430&Type=search", "url2": "http://www.i-jinjukai.or.jp/axis/" }, "geometry": { "type": "Point", "coordinates": [ 137.123460199999954, 35.3414486 ] } },
{ "type": "Feature", "properties": { "内容": "介護支援支援センタージョイフル多治見【居宅介護支援】岐阜県多治見市音羽町1丁目235番地", "url": "https://www.kaigokensaku.mhlw.go.jp/21/index.php?action_kouhyou_detail_004_kani=true&JigyosyoCd=2171102243-00&ServiceCd=430&Type=search", "url2": "http://www.sun-vision.or.jp" }, "geometry": { "type": "Point", "coordinates": [ 137.119463900000028, 35.336644700000043 ] } },
{ "type": "Feature", "properties": { "内容": "介護相談所桔梗zero【居宅介護支援】岐阜県多治見市旭ヶ丘９丁目２０番地の２", "url": "https://www.kaigokensaku.mhlw.go.jp/21/index.php?action_kouhyou_detail_004_kani=true&JigyosyoCd=2171102425-00&ServiceCd=430&Type=search", "url2": "https://www.cminc.jp/" }, "geometry": { "type": "Point", "coordinates": [ 137.104176099999989, 35.369684 ] } },
{ "type": "Feature", "properties": { "内容": "ケアセンター森の時計【居宅介護支援】岐阜県多治見市常盤町２０番地丸山陶器株式会社　２階", "url": "https://www.kaigokensaku.mhlw.go.jp/21/index.php?action_kouhyou_detail_004_kani=true&JigyosyoCd=2171101849-00&ServiceCd=430&Type=search", "url2": "https://morinotokei.jp" }, "geometry": { "type": "Point", "coordinates": [ 137.132526399999961, 35.3333444 ] } },
{ "type": "Feature", "properties": { "内容": "介護相談処　お陽さま【居宅介護支援】小名田町７丁目59M-PLACE1", "url": "https://www.kaigokensaku.mhlw.go.jp/21/index.php?action_kouhyou_detail_004_kani=true&JigyosyoCd=2171102573-00&ServiceCd=430&Type=search", "url2": "https://life8-ohisama.com/" }, "geometry": { "type": "Point", "coordinates": [ 137.124726307795754, 35.363367712947714 ] } },
{ "type": "Feature", "properties": { "内容": "ありがとうの花居宅介護支援事業所【居宅介護支援】岐阜県多治見市小名田町６丁目233番地", "url": "https://www.kaigokensaku.mhlw.go.jp/21/index.php?action_kouhyou_detail_004_kani=true&JigyosyoCd=2171102607-00&ServiceCd=430&Type=search", "url2": null }, "geometry": { "type": "Point", "coordinates": [ 137.1350425, 35.3653285 ] } },
{ "type": "Feature", "properties": { "内容": "介護保険相談センターこがねだ【居宅介護支援】岐阜県関市上白金511", "url": "https://www.kaigokensaku.mhlw.go.jp/21/index.php?action_kouhyou_detail_004_kani=true&JigyosyoCd=2110200835-00&ServiceCd=430&Type=search", "url2": "https://gifu-min.jp/midori/page_148.html" }, "geometry": { "type": "Point", "coordinates": [ 136.862549599999966, 35.4825541 ] } },
{ "type": "Feature", "properties": { "内容": "有限会社丹羽薬局居宅介護支援事業所【居宅介護支援】岐阜県関市栄町1-3-1", "url": "https://www.kaigokensaku.mhlw.go.jp/21/index.php?action_kouhyou_detail_004_kani=true&JigyosyoCd=2140200516-00&ServiceCd=430&Type=search", "url2": null }, "geometry": { "type": "Point", "coordinates": [ 136.911709400000063, 35.4871111 ] } },
{ "type": "Feature", "properties": { "内容": "ほほえみ介護相談センター【居宅介護支援】岐阜県関市稲口字柳洞８４５番地", "url": "https://www.kaigokensaku.mhlw.go.jp/21/index.php?action_kouhyou_detail_004_kani=true&JigyosyoCd=2170200154-00&ServiceCd=430&Type=search", "url2": "https://www.hohoemi.or.jp" }, "geometry": { "type": "Point", "coordinates": [ 136.926750199999987, 35.470019 ] } },
{ "type": "Feature", "properties": { "内容": "わかくさ介護ステーションせき【居宅介護支援】岐阜県関市若草通2丁目1番地", "url": "https://www.kaigokensaku.mhlw.go.jp/21/index.php?action_kouhyou_detail_004_kani=true&JigyosyoCd=2170200162-00&ServiceCd=430&Type=search", "url2": "http://www.sekishi-shakyo.or.jp/" }, "geometry": { "type": "Point", "coordinates": [ 136.915892100000065, 35.4960934 ] } },
{ "type": "Feature", "properties": { "内容": "医療法人香徳会関中央病院居宅介護支援事業所【居宅介護支援】岐阜県関市平成通2丁目7番12号", "url": "https://www.kaigokensaku.mhlw.go.jp/21/index.php?action_kouhyou_detail_004_kani=true&JigyosyoCd=2170200220-00&ServiceCd=430&Type=search", "url2": "https://sekichuo.jp/" }, "geometry": { "type": "Point", "coordinates": [ 136.935360056344621, 35.469456402997949 ] } },
{ "type": "Feature", "properties": { "内容": "ＪＡめぐみの介護サービス中濃営業所【居宅介護支援】岐阜県関市若草通１丁目１番地", "url": "https://www.kaigokensaku.mhlw.go.jp/21/index.php?action_kouhyou_detail_004_kani=true&JigyosyoCd=2170200311-00&ServiceCd=430&Type=search", "url2": "http://www.ja-megumino.or.jp" }, "geometry": { "type": "Point", "coordinates": [ 136.91397, 35.4967988 ] } },
{ "type": "Feature", "properties": { "内容": "居宅介護支援事業所あかつき【居宅介護支援】岐阜県関市下白金９１２番地１", "url": "https://www.kaigokensaku.mhlw.go.jp/21/index.php?action_kouhyou_detail_004_kani=true&JigyosyoCd=2170200329-00&ServiceCd=430&Type=search", "url2": "http://www.shounkai.or.jp" }, "geometry": { "type": "Point", "coordinates": [ 136.851906, 35.4768014 ] } },
{ "type": "Feature", "properties": { "内容": "ハートフル居宅介護支援事業所【居宅介護支援】岐阜県関市下有知5367-4", "url": "https://www.kaigokensaku.mhlw.go.jp/21/index.php?action_kouhyou_detail_004_kani=true&JigyosyoCd=2170200386-00&ServiceCd=430&Type=search", "url2": "https://swct.or.jp/swch.html" }, "geometry": { "type": "Point", "coordinates": [ 136.918938799999978, 35.5109415 ] } },
{ "type": "Feature", "properties": { "内容": "岐阜県厚生農業協同組合連合会　中濃厚生病院介護相談センター【居宅介護支援】岐阜県関市若草通５丁目１番地", "url": "https://www.kaigokensaku.mhlw.go.jp/21/index.php?action_kouhyou_detail_004_kani=true&JigyosyoCd=2170200428-00&ServiceCd=430&Type=search", "url2": "http://www.chuno.gfkosei.or.jp/" }, "geometry": { "type": "Point", "coordinates": [ 136.921372199999951, 35.4948854 ] } },
{ "type": "Feature", "properties": { "内容": "サポートセンターるはーふ【居宅介護支援】岐阜県関市鋳物師屋６丁目２番１１号", "url": "https://www.kaigokensaku.mhlw.go.jp/21/index.php?action_kouhyou_detail_004_kani=true&JigyosyoCd=2170200550-00&ServiceCd=430&Type=search", "url2": "http://www.ccn3.aitai.ne.jp/~ruha-hu/" }, "geometry": { "type": "Point", "coordinates": [ 136.932563499999986, 35.4736602 ] } },
{ "type": "Feature", "properties": { "内容": "支援センター美里【居宅介護支援】岐阜県関市向山町３丁目６－６", "url": "https://www.kaigokensaku.mhlw.go.jp/21/index.php?action_kouhyou_detail_004_kani=true&JigyosyoCd=2170200790-00&ServiceCd=430&Type=search", "url2": null }, "geometry": { "type": "Point", "coordinates": [ 136.9026857, 35.4529283 ] } },
{ "type": "Feature", "properties": { "内容": "居宅介護支援事業所　ほらど【居宅介護支援】岐阜県関市洞戸通元寺261番地", "url": "https://www.kaigokensaku.mhlw.go.jp/21/index.php?action_kouhyou_detail_004_kani=true&JigyosyoCd=2170200857-00&ServiceCd=430&Type=search", "url2": "http://miwakai.or.jp/" }, "geometry": { "type": "Point", "coordinates": [ 136.819419499999981, 35.6073577 ] } },
{ "type": "Feature", "properties": { "内容": "居宅介護支援事業所　関あかつき【居宅介護支援】岐阜県関市下有知4647番地", "url": "https://www.kaigokensaku.mhlw.go.jp/21/index.php?action_kouhyou_detail_004_kani=true&JigyosyoCd=2170201053-00&ServiceCd=430&Type=search", "url2": "http://www.shounkai.or.jp" }, "geometry": { "type": "Point", "coordinates": [ 136.923271800000066, 35.5074505 ] } },
{ "type": "Feature", "properties": { "内容": "ほほえみ介護相談センター栄町【居宅介護支援】岐阜県関市栄町2丁目8番１", "url": "https://www.kaigokensaku.mhlw.go.jp/21/index.php?action_kouhyou_detail_004_kani=true&JigyosyoCd=2170201095-00&ServiceCd=430&Type=search", "url2": "https://www.hohoemi.or.jp" }, "geometry": { "type": "Point", "coordinates": [ 136.910183469706027, 35.487060541417797 ] } },
{ "type": "Feature", "properties": { "内容": "指定居宅介護支援事業所ハートタウン平成の杜【居宅介護支援】岐阜県関市中之保4517-2", "url": "https://www.kaigokensaku.mhlw.go.jp/21/index.php?action_kouhyou_detail_004_kani=true&JigyosyoCd=2170201178-00&ServiceCd=430&Type=search", "url2": "http://www.daiwa-center.jp/" }, "geometry": { "type": "Point", "coordinates": [ 137.026588506790176, 35.573196349812235 ] } },
{ "type": "Feature", "properties": { "内容": "居宅介護支援センターかわせみ【居宅介護支援】岐阜県関市武芸川町八幡1155番地5", "url": "https://www.kaigokensaku.mhlw.go.jp/21/index.php?action_kouhyou_detail_004_kani=true&JigyosyoCd=2170201186-00&ServiceCd=430&Type=search", "url2": "http://miwakai.or.jp/?page_id=923" }, "geometry": { "type": "Point", "coordinates": [ 136.846303825760288, 35.529005833726011 ] } },
{ "type": "Feature", "properties": { "内容": "ケアプランセンター藤蘭【居宅介護支援】岐阜県関市上白金1136番地1ア・ドリーム白金101号", "url": "https://www.kaigokensaku.mhlw.go.jp/21/index.php?action_kouhyou_detail_004_kani=true&JigyosyoCd=2170201574-00&ServiceCd=430&Type=search", "url2": null }, "geometry": { "type": "Point", "coordinates": [ 136.857742868467142, 35.475024449152407 ] } },
{ "type": "Feature", "properties": { "内容": "優花あじさい居宅介護支援事業所【居宅介護支援】岐阜県関市下有知1656番地", "url": "https://www.kaigokensaku.mhlw.go.jp/21/index.php?action_kouhyou_detail_004_kani=true&JigyosyoCd=2170201640-00&ServiceCd=430&Type=search", "url2": null }, "geometry": { "type": "Point", "coordinates": [ 136.906381, 35.5206508 ] } },
{ "type": "Feature", "properties": { "内容": "わかくさ介護ステーションひがし【居宅介護支援】岐阜県関市上之保１５０１９番地１関市上之保福祉センター", "url": "https://www.kaigokensaku.mhlw.go.jp/21/index.php?action_kouhyou_detail_004_kani=true&JigyosyoCd=2170900076-00&ServiceCd=430&Type=search", "url2": "http://www.sekishi-shakyo.or.jp" }, "geometry": { "type": "Point", "coordinates": [ 137.039858713491867, 35.6123832 ] } },
{ "type": "Feature", "properties": { "内容": "いたばし居宅介護支援事業所【居宅介護支援】岐阜県関市小屋名1259番地2", "url": "https://www.kaigokensaku.mhlw.go.jp/21/index.php?action_kouhyou_detail_004_kani=true&JigyosyoCd=2170201723-00&ServiceCd=430&Type=search", "url2": null }, "geometry": { "type": "Point", "coordinates": [ 136.881843162565616, 35.487071508826311 ] } },
{ "type": "Feature", "properties": { "内容": "明里居宅介護支援事業所【居宅介護支援】岐阜県関市山田1345-6パークタウンⅠ103号", "url": "https://www.kaigokensaku.mhlw.go.jp/21/index.php?action_kouhyou_detail_004_kani=true&JigyosyoCd=2170201491-00&ServiceCd=430&Type=search", "url2": "http://hp.kaipoke.biz/78x/" }, "geometry": { "type": "Point", "coordinates": [ 136.870692, 35.4680905 ] } },
{ "type": "Feature", "properties": { "内容": "居宅介護支援事業所　桜【居宅介護支援】岐阜県関市山田1045-22", "url": "https://www.kaigokensaku.mhlw.go.jp/21/index.php?action_kouhyou_detail_004_kani=true&JigyosyoCd=2170201350-00&ServiceCd=430&Type=search", "url2": "https://yellowsakura.jp/" }, "geometry": { "type": "Point", "coordinates": [ 136.86210042485618, 35.46871138267101 ] } },
{ "type": "Feature", "properties": { "内容": "居宅介護支援事業所　花の里【居宅介護支援】岐阜県中津川市中津川2988-1", "url": "https://www.kaigokensaku.mhlw.go.jp/21/index.php?action_kouhyou_detail_004_kani=true&JigyosyoCd=2171500982-00&ServiceCd=430&Type=search", "url2": "http://www.day-hananosato.jp/" }, "geometry": { "type": "Point", "coordinates": [ 137.504111599999987, 35.4866927 ] } },
{ "type": "Feature", "properties": { "内容": "中津川市社会福祉協議会指定居宅介護支援事業所【居宅介護支援】岐阜県中津川市駒場1666番地3904", "url": "https://www.kaigokensaku.mhlw.go.jp/21/index.php?action_kouhyou_detail_004_kani=true&JigyosyoCd=2171500016-00&ServiceCd=430&Type=search", "url2": "http://nakatsugawa-shakyo.jp/" }, "geometry": { "type": "Point", "coordinates": [ 137.477629563641841, 35.504823262273057 ] } },
{ "type": "Feature", "properties": { "内容": "ゆうらく苑ケアプランセンター【居宅介護支援】岐阜県中津川市落合996-1", "url": "https://www.kaigokensaku.mhlw.go.jp/21/index.php?action_kouhyou_detail_004_kani=true&JigyosyoCd=2171500024-00&ServiceCd=430&Type=search", "url2": "http://kayagakikai-nakatsugawa.jp/" }, "geometry": { "type": "Point", "coordinates": [ 137.527328600000033, 35.5115181 ] } },
{ "type": "Feature", "properties": { "内容": "瀬戸の里ケアプランセンター【居宅介護支援】岐阜県中津川市瀬戸1387-8", "url": "https://www.kaigokensaku.mhlw.go.jp/21/index.php?action_kouhyou_detail_004_kani=true&JigyosyoCd=2171500032-00&ServiceCd=430&Type=search", "url2": "http://www.gojoukai.or.jp" }, "geometry": { "type": "Point", "coordinates": [ 137.497419799999989, 35.5166269 ] } },
{ "type": "Feature", "properties": { "内容": "ニチイケアセンター中津川【居宅介護支援】岐阜県中津川市中津川字新田1270-1", "url": "https://www.kaigokensaku.mhlw.go.jp/21/index.php?action_kouhyou_detail_004_kani=true&JigyosyoCd=2171500115-00&ServiceCd=430&Type=search", "url2": null }, "geometry": { "type": "Point", "coordinates": [ 137.514010112800037, 35.497356668851985 ] } },
{ "type": "Feature", "properties": { "内容": "ひだまり苑ケアプランセンター【居宅介護支援】岐阜県中津川市千旦林1197-10", "url": "https://www.kaigokensaku.mhlw.go.jp/21/index.php?action_kouhyou_detail_004_kani=true&JigyosyoCd=2171500198-00&ServiceCd=430&Type=search", "url2": "http://www.nursingpia.com" }, "geometry": { "type": "Point", "coordinates": [ 137.456484686508219, 35.472091736542581 ] } },
{ "type": "Feature", "properties": { "内容": "指定居宅介護支援センター城山【居宅介護支援】岐阜県中津川市苗木３７２５－２", "url": "https://www.kaigokensaku.mhlw.go.jp/21/index.php?action_kouhyou_detail_004_kani=true&JigyosyoCd=2171500230-00&ServiceCd=430&Type=search", "url2": "http://www.n-shiroyama.info/" }, "geometry": { "type": "Point", "coordinates": [ 137.477538099999947, 35.5140376 ] } },
{ "type": "Feature", "properties": { "内容": "居宅介護支援事業所シクラメン【居宅介護支援】岐阜県中津川市阿木2811‐1", "url": "https://www.kaigokensaku.mhlw.go.jp/21/index.php?action_kouhyou_detail_004_kani=true&JigyosyoCd=2171500271-00&ServiceCd=430&Type=search", "url2": "https://www.cyclamen.or.jp/" }, "geometry": { "type": "Point", "coordinates": [ 137.447185900000022, 35.4092996 ] } },
{ "type": "Feature", "properties": { "内容": "介護支援センター　ら・じょわ【居宅介護支援】岐阜県中津川市茄子川1683-246", "url": "https://www.kaigokensaku.mhlw.go.jp/21/index.php?action_kouhyou_detail_004_kani=true&JigyosyoCd=2171500388-00&ServiceCd=430&Type=search", "url2": "http://www.la-joie.net/" }, "geometry": { "type": "Point", "coordinates": [ 137.478789400000011, 35.4586031 ] } },
{ "type": "Feature", "properties": { "内容": "福岡指定居宅介護支援事業所【居宅介護支援】岐阜県中津川市福岡714-2", "url": "https://www.kaigokensaku.mhlw.go.jp/21/index.php?action_kouhyou_detail_004_kani=true&JigyosyoCd=2171500438-00&ServiceCd=430&Type=search", "url2": null }, "geometry": { "type": "Point", "coordinates": [ 137.452300485514144, 35.560518233649745 ] } },
{ "type": "Feature", "properties": { "内容": "中津川北居宅介護支援事業所【居宅介護支援】岐阜県中津川市付知町5881番地32", "url": "https://www.kaigokensaku.mhlw.go.jp/21/index.php?action_kouhyou_detail_004_kani=true&JigyosyoCd=2171500453-00&ServiceCd=430&Type=search", "url2": "http://www.nakatsugawa-shakyo.jp" }, "geometry": { "type": "Point", "coordinates": [ 137.42947879999997, 35.6603756 ] } },
{ "type": "Feature", "properties": { "内容": "指定居宅介護支援事業所ふくろうの杜【居宅介護支援】岐阜県中津川市苗木４００２", "url": "https://www.kaigokensaku.mhlw.go.jp/21/index.php?action_kouhyou_detail_004_kani=true&JigyosyoCd=2171500586-00&ServiceCd=430&Type=search", "url2": "http://fukurounomori.jp/" }, "geometry": { "type": "Point", "coordinates": [ 137.4592841, 35.5119179 ] } },
{ "type": "Feature", "properties": { "内容": "二ツ森居宅介護支援センター【居宅介護支援】岐阜県中津川市福岡1693-608", "url": "https://www.kaigokensaku.mhlw.go.jp/21/index.php?action_kouhyou_detail_004_kani=true&JigyosyoCd=2171500685-00&ServiceCd=430&Type=search", "url2": "http://www.futatsumori.or.jp/" }, "geometry": { "type": "Point", "coordinates": [ 137.432450099999983, 35.5686734 ] } },
{ "type": "Feature", "properties": { "内容": "居宅介護支援事業所ほっと【居宅介護支援】岐阜県中津川市蛭川５７３５－２２７", "url": "https://www.kaigokensaku.mhlw.go.jp/21/index.php?action_kouhyou_detail_004_kani=true&JigyosyoCd=2171500743-00&ServiceCd=430&Type=search", "url2": "https://www.big-advance.site/c/202/1471" }, "geometry": { "type": "Point", "coordinates": [ 137.4113251, 35.4894365 ] } },
{ "type": "Feature", "properties": { "内容": "居宅介護支援事業所　恵翔苑【居宅介護支援】岐阜県中津川市付知町４５７５番地１", "url": "https://www.kaigokensaku.mhlw.go.jp/21/index.php?action_kouhyou_detail_004_kani=true&JigyosyoCd=2171500859-00&ServiceCd=430&Type=search", "url2": "https://keihoku.or.jp/" }, "geometry": { "type": "Point", "coordinates": [ 137.426606699999979, 35.6666884 ] } },
{ "type": "Feature", "properties": { "内容": "ケアプラン音生人（おいたち）【居宅介護支援】岐阜県中津川市駒場1517-13", "url": "https://www.kaigokensaku.mhlw.go.jp/21/index.php?action_kouhyou_detail_004_kani=true&JigyosyoCd=2171500990-00&ServiceCd=430&Type=search", "url2": "https://www.oitati.com" }, "geometry": { "type": "Point", "coordinates": [ 137.48259680000001, 35.4889884 ] } },
{ "type": "Feature", "properties": { "内容": "社協ケアプランセンターやさか【居宅介護支援】岐阜県中津川市山口2166番地2", "url": "https://www.kaigokensaku.mhlw.go.jp/21/index.php?action_kouhyou_detail_004_kani=true&JigyosyoCd=2171501170-00&ServiceCd=430&Type=search", "url2": "http://nakatsugawa-shakyo.jp/" }, "geometry": { "type": "Point", "coordinates": [ 137.546952439854664, 35.552613295400995 ] } },
{ "type": "Feature", "properties": { "内容": "五常会ケアプランセンター中津川【居宅介護支援】岐阜県中津川市中津川3367-1", "url": "https://www.kaigokensaku.mhlw.go.jp/21/index.php?action_kouhyou_detail_004_kani=true&JigyosyoCd=2171501337-00&ServiceCd=430&Type=search", "url2": "http://www.gojoukai.or.jp/" }, "geometry": { "type": "Point", "coordinates": [ 137.5108965, 35.4864065 ] } },
{ "type": "Feature", "properties": { "内容": "ケアプラン福ふく【居宅介護支援】岐阜県中津川市西宮町4-13", "url": "https://www.kaigokensaku.mhlw.go.jp/21/index.php?action_kouhyou_detail_004_kani=true&JigyosyoCd=2171501386-00&ServiceCd=430&Type=search", "url2": "https://fukufukucare.com/" }, "geometry": { "type": "Point", "coordinates": [ 137.502575707745365, 35.493419688755125 ] } },
{ "type": "Feature", "properties": { "内容": "株式会社福祉の里美濃営業所【居宅介護支援】岐阜県美濃市松森595番地マツモリビル", "url": "https://www.kaigokensaku.mhlw.go.jp/21/index.php?action_kouhyou_detail_004_kani=true&JigyosyoCd=2170300095-00&ServiceCd=430&Type=search", "url2": null }, "geometry": { "type": "Point", "coordinates": [ 136.9085675, 35.5305799 ] } },
{ "type": "Feature", "properties": { "内容": "まごころ支援センター【居宅介護支援】岐阜県美濃市95番地2市福祉会館内", "url": "https://www.kaigokensaku.mhlw.go.jp/21/index.php?action_kouhyou_detail_004_kani=true&JigyosyoCd=2170300129-00&ServiceCd=430&Type=search", "url2": "http://www.mino-shakyo.or.jp" }, "geometry": { "type": "Point", "coordinates": [ 136.908080129668008, 35.542236548961256 ] } },
{ "type": "Feature", "properties": { "内容": "介護支援センター　美和の里【居宅介護支援】岐阜県美濃市極楽寺213番地の1", "url": "https://www.kaigokensaku.mhlw.go.jp/21/index.php?action_kouhyou_detail_004_kani=true&JigyosyoCd=2170300160-00&ServiceCd=430&Type=search", "url2": "http://gifu-shinwakai.org/" }, "geometry": { "type": "Point", "coordinates": [ 136.882842100000062, 35.530543 ] } },
{ "type": "Feature", "properties": { "内容": "居宅介護支援事業所　いろり【居宅介護支援】岐阜県美濃市蕨生２０６１", "url": "https://www.kaigokensaku.mhlw.go.jp/21/index.php?action_kouhyou_detail_004_kani=true&JigyosyoCd=2170300327-00&ServiceCd=430&Type=search", "url2": null }, "geometry": { "type": "Point", "coordinates": [ 136.8891089, 35.5872118 ] } },
{ "type": "Feature", "properties": { "内容": "瑞浪病院居宅介護支援事業所【居宅介護支援】岐阜県瑞浪市寺河戸町1190-2", "url": "https://www.kaigokensaku.mhlw.go.jp/21/index.php?action_kouhyou_detail_004_kani=true&JigyosyoCd=2111600397-00&ServiceCd=430&Type=search", "url2": null }, "geometry": { "type": "Point", "coordinates": [ 137.252559, 35.3676949 ] } },
{ "type": "Feature", "properties": { "内容": "ハートピア居宅介護支援事業所【居宅介護支援】岐阜県瑞浪市樽上町１－７７市民福祉センターハートピア", "url": "https://www.kaigokensaku.mhlw.go.jp/21/index.php?action_kouhyou_detail_004_kani=true&JigyosyoCd=2171600014-00&ServiceCd=430&Type=search", "url2": "https://m-shakyo.org/" }, "geometry": { "type": "Point", "coordinates": [ 137.251331400000026, 35.3620706 ] } },
{ "type": "Feature", "properties": { "内容": "瑞岐会ひざし居宅介護支援事業所【居宅介護支援】岐阜県瑞浪市稲津町萩原１番地", "url": "https://www.kaigokensaku.mhlw.go.jp/21/index.php?action_kouhyou_detail_004_kani=true&JigyosyoCd=2171600030-00&ServiceCd=430&Type=search", "url2": "http://www.hizashi.jp" }, "geometry": { "type": "Point", "coordinates": [ 137.274412, 35.3539559 ] } },
{ "type": "Feature", "properties": { "内容": "ナガヤ　ケアプランセンター【居宅介護支援】岐阜県瑞浪市土岐町5番地17", "url": "https://www.kaigokensaku.mhlw.go.jp/21/index.php?action_kouhyou_detail_004_kani=true&JigyosyoCd=2171600568-00&ServiceCd=430&Type=search", "url2": null }, "geometry": { "type": "Point", "coordinates": [ 137.254771321565272, 35.368368042465619 ] } },
{ "type": "Feature", "properties": { "内容": "Kanekuケアプランセンター瑞浪【居宅介護支援】岐阜県瑞浪市南小田町3-319リーヴァ瑞浪１０５", "url": "https://www.kaigokensaku.mhlw.go.jp/21/index.php?action_kouhyou_detail_004_kani=true&JigyosyoCd=2171600626-00&ServiceCd=430&Type=search", "url2": "http://kaneku.com" }, "geometry": { "type": "Point", "coordinates": [ 137.238807599999973, 35.3596594 ] } },
{ "type": "Feature", "properties": { "内容": "四つ葉ケアプラン【居宅介護支援】岐阜県瑞浪市上平町４丁目４３番地", "url": "https://www.kaigokensaku.mhlw.go.jp/21/index.php?action_kouhyou_detail_004_kani=true&JigyosyoCd=2171600717-00&ServiceCd=430&Type=search", "url2": "https://yotsuba-kaigo.net/" }, "geometry": { "type": "Point", "coordinates": [ 137.253803400000038, 35.35846 ] } },
{ "type": "Feature", "properties": { "内容": "ケアプランセンターたかだ【居宅介護支援】岐阜県瑞浪市寺河戸町　949-2", "url": "https://www.kaigokensaku.mhlw.go.jp/21/index.php?action_kouhyou_detail_004_kani=true&JigyosyoCd=2171600741-00&ServiceCd=430&Type=search", "url2": null }, "geometry": { "type": "Point", "coordinates": [ 137.250542499999938, 35.3663367 ] } },
{ "type": "Feature", "properties": { "内容": "みずなみ瀬戸の里ケアプランセンター【居宅介護支援】岐阜県瑞浪市稲津町小里2723番地1", "url": "https://www.kaigokensaku.mhlw.go.jp/21/index.php?action_kouhyou_detail_004_kani=true&JigyosyoCd=2171600899-00&ServiceCd=430&Type=search", "url2": "http://www.gojoukai.or.jp/publics/index/149/" }, "geometry": { "type": "Point", "coordinates": [ 137.2913038, 35.3278423 ] } },
{ "type": "Feature", "properties": { "内容": "アイランドジー・アイケアプラン【居宅介護支援】岐阜県瑞浪市益見町二丁目130番地", "url": "https://www.kaigokensaku.mhlw.go.jp/21/index.php?action_kouhyou_detail_004_kani=true&JigyosyoCd=2171600022-00&ServiceCd=430&Type=search", "url2": "http://gi-kaigo.co.jp/" }, "geometry": { "type": "Point", "coordinates": [ 137.2601039, 35.362419800000019 ] } },
{ "type": "Feature", "properties": { "内容": "Ｎ－プランニング【居宅介護支援】岐阜県瑞浪市寺河戸町１００２－５", "url": "https://www.kaigokensaku.mhlw.go.jp/21/index.php?action_kouhyou_detail_004_kani=true&JigyosyoCd=2171600774-00&ServiceCd=430&Type=search", "url2": null }, "geometry": { "type": "Point", "coordinates": [ 137.252525093254121, 35.364815997862564 ] } },
{ "type": "Feature", "properties": { "内容": "介護まめ家　介護何でも相談所【居宅介護支援】岐阜県羽島市竹鼻町神楽４8", "url": "https://www.kaigokensaku.mhlw.go.jp/21/index.php?action_kouhyou_detail_004_kani=true&JigyosyoCd=2170400879-00&ServiceCd=430&Type=search", "url2": "http://www.kaigo-mameya.com/" }, "geometry": { "type": "Point", "coordinates": [ 136.704810100000032, 35.3305589 ] } },
{ "type": "Feature", "properties": { "内容": "調剤薬局　羽島【居宅介護支援】岐阜県羽島市竹鼻町狐穴3423-1", "url": "https://www.kaigokensaku.mhlw.go.jp/21/index.php?action_kouhyou_detail_004_kani=true&JigyosyoCd=2140400272-00&ServiceCd=430&Type=search", "url2": null }, "geometry": { "type": "Point", "coordinates": [ 136.710167800000022, 35.3280898 ] } },
{ "type": "Feature", "properties": { "内容": "リハビリ介護総合支援センター【居宅介護支援】岐阜県羽島市竹鼻町狐穴1128番地", "url": "https://www.kaigokensaku.mhlw.go.jp/21/index.php?action_kouhyou_detail_004_kani=true&JigyosyoCd=2170401216-00&ServiceCd=430&Type=search", "url2": "http://atcompany.jp/skcompanyrecruit/" }, "geometry": { "type": "Point", "coordinates": [ 136.714320995838534, 35.321317760205808 ] } },
{ "type": "Feature", "properties": { "内容": "ケアマネセンターたんぎく【居宅介護支援】岐阜県羽島市小熊町島２丁目７８番地1", "url": "https://www.kaigokensaku.mhlw.go.jp/21/index.php?action_kouhyou_detail_004_kani=true&JigyosyoCd=2170400093-00&ServiceCd=430&Type=search", "url2": "https://caremaneger-tangiku.com" }, "geometry": { "type": "Point", "coordinates": [ 136.706189827647421, 35.335175990321289 ] } },
{ "type": "Feature", "properties": { "内容": "やすらぎ苑在宅介護支援センター【居宅介護支援】岐阜県羽島市下中町石田687番地", "url": "https://www.kaigokensaku.mhlw.go.jp/21/index.php?action_kouhyou_detail_004_kani=true&JigyosyoCd=2170400127-00&ServiceCd=430&Type=search", "url2": "https://www.denshinkai.jp" }, "geometry": { "type": "Point", "coordinates": [ 136.6989347, 35.2759428 ] } },
{ "type": "Feature", "properties": { "内容": "ふれあい介護支援センター【居宅介護支援】岐阜県羽島市福寿町浅平３丁目２５番地福祉ふれあい会館　１階", "url": "https://www.kaigokensaku.mhlw.go.jp/21/index.php?action_kouhyou_detail_004_kani=true&JigyosyoCd=2170400135-00&ServiceCd=430&Type=search", "url2": "http://hashima-shakyo.or.jp/fureaikaigo/" }, "geometry": { "type": "Point", "coordinates": [ 136.693071007934577, 35.321462715828225 ] } },
{ "type": "Feature", "properties": { "内容": "ニチイケアセンター羽島【居宅介護支援】岐阜県羽島市江吉良町1367番地", "url": "https://www.kaigokensaku.mhlw.go.jp/21/index.php?action_kouhyou_detail_004_kani=true&JigyosyoCd=2170400275-00&ServiceCd=430&Type=search", "url2": "http://www.nichiigakkan.co.jp" }, "geometry": { "type": "Point", "coordinates": [ 136.703280100000029, 35.310311 ] } },
{ "type": "Feature", "properties": { "内容": "羽島市医師会介護支援センター【居宅介護支援】岐阜県羽島市竹鼻町狐穴川口719-1", "url": "https://www.kaigokensaku.mhlw.go.jp/21/index.php?action_kouhyou_detail_004_kani=true&JigyosyoCd=2170400325-00&ServiceCd=430&Type=search", "url2": "https://www.hasima-city.gifu.med.or.jp" }, "geometry": { "type": "Point", "coordinates": [ 136.708715012728334, 35.323884359004531 ] } },
{ "type": "Feature", "properties": { "内容": "ケアマネステーションママーズ【居宅介護支援】岐阜県羽島市小熊町島２丁目１２番地メディカルプラザ岐阜羽島　内", "url": "https://www.kaigokensaku.mhlw.go.jp/21/index.php?action_kouhyou_detail_004_kani=true&JigyosyoCd=2170400366-00&ServiceCd=430&Type=search", "url2": "http://www.hashimakikaku.com/" }, "geometry": { "type": "Point", "coordinates": [ 136.706901499999958, 35.3337669 ] } },
{ "type": "Feature", "properties": { "内容": "寿光苑在宅介護支援事業所【居宅介護支援】岐阜県羽島市小熊町2丁目750番地", "url": "https://www.kaigokensaku.mhlw.go.jp/21/index.php?action_kouhyou_detail_004_kani=true&JigyosyoCd=2170400424-00&ServiceCd=430&Type=search", "url2": "http://www.ccn2.aitai.ne.jp/~jyukouen/" }, "geometry": { "type": "Point", "coordinates": [ 136.71046780000006, 35.3492708 ] } },
{ "type": "Feature", "properties": { "内容": "ケアサポートセンターぬくもり【居宅介護支援】岐阜県羽島市竹鼻町新町2504番地1", "url": "https://www.kaigokensaku.mhlw.go.jp/21/index.php?action_kouhyou_detail_004_kani=true&JigyosyoCd=2170400523-00&ServiceCd=430&Type=search", "url2": "https://www.nuku-mori.net/" }, "geometry": { "type": "Point", "coordinates": [ 136.703199300000051, 35.3253483 ] } },
{ "type": "Feature", "properties": { "内容": "わおん介護支援センター【居宅介護支援】岐阜県羽島市上中町中708番地2デイサービスわおんひとつ葉2階", "url": "https://www.kaigokensaku.mhlw.go.jp/21/index.php?action_kouhyou_detail_004_kani=true&JigyosyoCd=2170400705-00&ServiceCd=430&Type=search", "url2": "http://www.waonnoie.com/center/" }, "geometry": { "type": "Point", "coordinates": [ 136.7030082, 35.2992039 ] } },
{ "type": "Feature", "properties": { "内容": "旺針療所介護支援センター【居宅介護支援】岐阜県羽島市舟橋町2丁目97番地", "url": "https://www.kaigokensaku.mhlw.go.jp/21/index.php?action_kouhyou_detail_004_kani=true&JigyosyoCd=2170400853-00&ServiceCd=430&Type=search", "url2": null }, "geometry": { "type": "Point", "coordinates": [ 136.6874295, 35.3127245 ] } },
{ "type": "Feature", "properties": { "内容": "喫茶去ケアマネステーションほっつ【居宅介護支援】岐阜県羽島市堀津町前谷85", "url": "https://www.kaigokensaku.mhlw.go.jp/21/index.php?action_kouhyou_detail_004_kani=true&JigyosyoCd=2170401067-00&ServiceCd=430&Type=search", "url2": null }, "geometry": { "type": "Point", "coordinates": [ 136.675256070203432, 35.303678229811766 ] } },
{ "type": "Feature", "properties": { "内容": "ケアプランセンター　花の木【居宅介護支援】岐阜県羽島市福寿町本郷2丁目5番地", "url": "https://www.kaigokensaku.mhlw.go.jp/21/index.php?action_kouhyou_detail_004_kani=true&JigyosyoCd=2170401232-00&ServiceCd=430&Type=search", "url2": null }, "geometry": { "type": "Point", "coordinates": [ 136.684819178746665, 35.321993437415514 ] } },
{ "type": "Feature", "properties": { "内容": "ファミリアケアプランセンター【居宅介護支援】岐阜県羽島市竹鼻町丸の内10丁目７２番地5", "url": "https://www.kaigokensaku.mhlw.go.jp/21/index.php?action_kouhyou_detail_004_kani=true&JigyosyoCd=2170401299-00&ServiceCd=430&Type=search", "url2": "https://kurashitokaigo.jp/" }, "geometry": { "type": "Point", "coordinates": [ 136.695994410271396, 35.328233464997936 ] } },
{ "type": "Feature", "properties": { "内容": "居宅介護支援レジデンス岐阜羽島【居宅介護支援】岐阜県羽島市福寿町千代田三", "url": "https://www.kaigokensaku.mhlw.go.jp/21/index.php?action_kouhyou_detail_004_kani=true&JigyosyoCd=2170401323-00&ServiceCd=430&Type=search", "url2": null }, "geometry": { "type": "Point", "coordinates": [ 136.682365900000036, 35.319107 ] } },
{ "type": "Feature", "properties": { "内容": "介護支援センター　ジョイフル羽島【居宅介護支援】岐阜県羽島市下中町城屋敷318-5", "url": "https://www.kaigokensaku.mhlw.go.jp/21/index.php?action_kouhyou_detail_004_kani=true&JigyosyoCd=2170401331-00&ServiceCd=430&Type=search", "url2": "http://www.sun-vision.or.jp" }, "geometry": { "type": "Point", "coordinates": [ 136.704144499999984, 35.2874288 ] } },
{ "type": "Feature", "properties": { "内容": "あーるケアプランセンター【居宅介護支援】岐阜県羽島市正木町曲利751-1笑樂乃郷大晃三旺館2階201", "url": "https://www.kaigokensaku.mhlw.go.jp/21/index.php?action_kouhyou_detail_004_kani=true&JigyosyoCd=2170401414-00&ServiceCd=430&Type=search", "url2": null }, "geometry": { "type": "Point", "coordinates": [ 136.720319734418382, 35.32777526281523 ] } },
{ "type": "Feature", "properties": { "内容": "介護支援センタージョイ【居宅介護支援】岐阜県羽島市舟橋町7丁目39番地", "url": "https://www.kaigokensaku.mhlw.go.jp/21/index.php?action_kouhyou_detail_004_kani=true&JigyosyoCd=2170400960-00&ServiceCd=430&Type=search", "url2": null }, "geometry": { "type": "Point", "coordinates": [ 136.690135505958636, 35.312472348570523 ] } },
{ "type": "Feature", "properties": { "内容": "恵那市社協ケアプラン岩村・上矢作【居宅介護支援】岐阜県恵那市岩村町1650-1岩村福祉センター", "url": "https://www.kaigokensaku.mhlw.go.jp/21/index.php?action_kouhyou_detail_004_kani=true&JigyosyoCd=2171700269-00&ServiceCd=430&Type=search", "url2": "http://www.ena-shakyo.or.jp/place" }, "geometry": { "type": "Point", "coordinates": [ 137.436170842991601, 35.365809879981043 ] } },
{ "type": "Feature", "properties": { "内容": "中野方めぐみ　ケアプランセンター【居宅介護支援】岐阜県恵那市中野方町1768-1", "url": "https://www.kaigokensaku.mhlw.go.jp/21/index.php?action_kouhyou_detail_004_kani=true&JigyosyoCd=2171700160-00&ServiceCd=430&Type=search", "url2": null }, "geometry": { "type": "Point", "coordinates": [ 137.306717713526524, 35.519587991471482 ] } },
{ "type": "Feature", "properties": { "内容": "恵那市社協ケアプランセンター【居宅介護支援】岐阜県恵那市大井町727-11", "url": "https://www.kaigokensaku.mhlw.go.jp/21/index.php?action_kouhyou_detail_004_kani=true&JigyosyoCd=2171700244-00&ServiceCd=430&Type=search", "url2": "https://www.ena-shakyo.or.jp" }, "geometry": { "type": "Point", "coordinates": [ 137.415977399999946, 35.4531776 ] } },
{ "type": "Feature", "properties": { "内容": "恵那市社協ケアプラン明智・山岡【居宅介護支援】岐阜県恵那市山岡町上手向１２２８－１", "url": "https://www.kaigokensaku.mhlw.go.jp/21/index.php?action_kouhyou_detail_004_kani=true&JigyosyoCd=2171700558-00&ServiceCd=430&Type=search", "url2": "https://www.ena-shakyo.or.jp/" }, "geometry": { "type": "Point", "coordinates": [ 137.38164868056495, 35.35189667301924 ] } },
{ "type": "Feature", "properties": { "内容": "くわのみ福祉よろず相談所【居宅介護支援】岐阜県恵那市岩村町飯羽間１６１６", "url": "https://www.kaigokensaku.mhlw.go.jp/21/index.php?action_kouhyou_detail_004_kani=true&JigyosyoCd=2171700574-00&ServiceCd=430&Type=search", "url2": "http://www.kuwanomi-ena.co.jp" }, "geometry": { "type": "Point", "coordinates": [ 137.429005688924377, 35.379354237684609 ] } },
{ "type": "Feature", "properties": { "内容": "ケアマネ　あじさい【居宅介護支援】岐阜県恵那市明智町1110-5", "url": "https://www.kaigokensaku.mhlw.go.jp/21/index.php?action_kouhyou_detail_004_kani=true&JigyosyoCd=2171700616-00&ServiceCd=430&Type=search", "url2": "https://enacity.info/ajisai/" }, "geometry": { "type": "Point", "coordinates": [ 137.395071765467833, 35.297045441719519 ] } },
{ "type": "Feature", "properties": { "内容": "恵那ケアプランセンターめぐみ【居宅介護支援】岐阜県恵那市長島町中野1205番地72", "url": "https://www.kaigokensaku.mhlw.go.jp/21/index.php?action_kouhyou_detail_004_kani=true&JigyosyoCd=2171700731-00&ServiceCd=430&Type=search", "url2": "http://enacity.info/megumi/index.html" }, "geometry": { "type": "Point", "coordinates": [ 137.394832100000031, 35.4573179 ] } },
{ "type": "Feature", "properties": { "内容": "Kanekuケアプランセンター恵那【居宅介護支援】岐阜県恵那市大井町1122-4", "url": "https://www.kaigokensaku.mhlw.go.jp/21/index.php?action_kouhyou_detail_004_kani=true&JigyosyoCd=2171700830-00&ServiceCd=430&Type=search", "url2": "https://www.kaneku.com" }, "geometry": { "type": "Point", "coordinates": [ 137.421328689740022, 35.453814603662742 ] } },
{ "type": "Feature", "properties": { "内容": "「結い」介護相談室【居宅介護支援】岐阜県恵那市武並町藤1712-8", "url": "https://www.kaigokensaku.mhlw.go.jp/21/index.php?action_kouhyou_detail_004_kani=true&JigyosyoCd=2171700921-00&ServiceCd=430&Type=search", "url2": null }, "geometry": { "type": "Point", "coordinates": [ 137.32149359999994, 35.4575567 ] } },
{ "type": "Feature", "properties": { "内容": "えなぽん社会福祉士事務所【居宅介護支援】岐阜県恵那市長島町正家1-4-13", "url": "https://www.kaigokensaku.mhlw.go.jp/21/index.php?action_kouhyou_detail_004_kani=true&JigyosyoCd=2171701150-00&ServiceCd=430&Type=search", "url2": "https://enapont.com/" }, "geometry": { "type": "Point", "coordinates": [ 137.414687524903343, 35.449429109226294 ] } },
{ "type": "Feature", "properties": { "内容": "ケアプランSORA【居宅介護支援】岐阜県恵那市長島町正家437番地", "url": "https://www.kaigokensaku.mhlw.go.jp/21/index.php?action_kouhyou_detail_004_kani=true&JigyosyoCd=2171701184-00&ServiceCd=430&Type=search", "url2": null }, "geometry": { "type": "Point", "coordinates": [ 137.416930099999945, 35.4422039 ] } },
{ "type": "Feature", "properties": { "内容": "居宅介護支援事業所　福寿苑【居宅介護支援】岐阜県恵那市上矢作町下７２３番地１", "url": "https://www.kaigokensaku.mhlw.go.jp/21/index.php?action_kouhyou_detail_004_kani=true&JigyosyoCd=2171701192-00&ServiceCd=430&Type=search", "url2": "https://keihoku.or.jp/" }, "geometry": { "type": "Point", "coordinates": [ 137.474525871723614, 35.274803212030591 ] } },
{ "type": "Feature", "properties": { "内容": "未来設計おひさま【居宅介護支援】岐阜県恵那市大井町2695番地511", "url": "https://www.kaigokensaku.mhlw.go.jp/21/index.php?action_kouhyou_detail_004_kani=true&JigyosyoCd=2171701218-00&ServiceCd=430&Type=search", "url2": null }, "geometry": { "type": "Point", "coordinates": [ 137.421388, 35.4786134 ] } },
{ "type": "Feature", "properties": { "内容": "myケアマネおひさま【居宅介護支援】岐阜県恵那市大井町2372番地6", "url": "https://www.kaigokensaku.mhlw.go.jp/21/index.php?action_kouhyou_detail_004_kani=true&JigyosyoCd=2171701283-00&ServiceCd=430&Type=search", "url2": null }, "geometry": { "type": "Point", "coordinates": [ 137.4331467, 35.4670128 ] } },
{ "type": "Feature", "properties": { "内容": "こころケアプランセンター大井【居宅介護支援】岐阜県恵那市東野1212-4", "url": "https://www.kaigokensaku.mhlw.go.jp/21/index.php?action_kouhyou_detail_004_kani=true&JigyosyoCd=2171701325-00&ServiceCd=430&Type=search", "url2": "http://www.keiyu-kai.com/" }, "geometry": { "type": "Point", "coordinates": [ 137.428880530910504, 35.446202392611056 ] } },
{ "type": "Feature", "properties": { "内容": "介護の相談所　花＊花【居宅介護支援】岐阜県恵那市岩村町1664番地19", "url": "https://www.kaigokensaku.mhlw.go.jp/21/index.php?action_kouhyou_detail_004_kani=true&JigyosyoCd=2171701374-00&ServiceCd=430&Type=search", "url2": null }, "geometry": { "type": "Point", "coordinates": [ 137.435060109123242, 35.362973951910263 ] } },
{ "type": "Feature", "properties": { "内容": "介護まちなか相談所【居宅介護支援】岐阜県恵那市岩村町262-1", "url": "https://www.kaigokensaku.mhlw.go.jp/21/index.php?action_kouhyou_detail_004_kani=true&JigyosyoCd=2171701432-00&ServiceCd=430&Type=search", "url2": null }, "geometry": { "type": "Point", "coordinates": [ 137.442420322753918, 35.365263712149584 ] } },
{ "type": "Feature", "properties": { "内容": "3rdlifeおひさま【居宅介護支援】岐阜県恵那市長島町正家3丁目8−64−3アクロスプラザ　バロー正家店内", "url": "https://www.kaigokensaku.mhlw.go.jp/21/index.php?action_kouhyou_detail_004_kani=true&JigyosyoCd=2171701317-00&ServiceCd=430&Type=search", "url2": "https://ohisama.group" }, "geometry": { "type": "Point", "coordinates": [ 137.416276005152582, 35.445098309611126 ] } },
{ "type": "Feature", "properties": { "内容": "ケアプランセンター明日香苑【居宅介護支援】岐阜県恵那市三郷町佐々良木1470-1", "url": "https://www.kaigokensaku.mhlw.go.jp/21/index.php?action_kouhyou_detail_004_kani=true&JigyosyoCd=2171700020-00&ServiceCd=430&Type=search", "url2": "http://www.keiwakai.or.jp/asukaen" }, "geometry": { "type": "Point", "coordinates": [ 137.356189299999983, 35.405139 ] } },
{ "type": "Feature", "properties": { "内容": "サントピアみのかも居宅介護支援事業所【居宅介護支援】岐阜県美濃加茂市蜂屋町上蜂屋3555", "url": "https://www.kaigokensaku.mhlw.go.jp/21/index.php?action_kouhyou_detail_004_kani=true&JigyosyoCd=2151280027-00&ServiceCd=430&Type=search", "url2": "https://suntopia-minokamo.jp/" }, "geometry": { "type": "Point", "coordinates": [ 137.013492199999973, 35.4543188 ] } },
{ "type": "Feature", "properties": { "内容": "みのかもし在宅介護支援センター【居宅介護支援】岐阜県美濃加茂市下米田町東栃井８１-２", "url": "https://www.kaigokensaku.mhlw.go.jp/21/index.php?action_kouhyou_detail_004_kani=true&JigyosyoCd=2171200070-00&ServiceCd=430&Type=search", "url2": "http://www.jikeikai-sawayaka.jp/" }, "geometry": { "type": "Point", "coordinates": [ 137.066200400000071, 35.4772158 ] } },
{ "type": "Feature", "properties": { "内容": "JAめぐみの介護みのかも営業所【居宅介護支援】岐阜県美濃加茂市太田町478-1", "url": "https://www.kaigokensaku.mhlw.go.jp/21/index.php?action_kouhyou_detail_004_kani=true&JigyosyoCd=2171200104-00&ServiceCd=430&Type=search", "url2": "http://www.ja-megumino.or.jp" }, "geometry": { "type": "Point", "coordinates": [ 137.01126469999997, 35.4474081 ] } },
{ "type": "Feature", "properties": { "内容": "太田病院居宅介護支援事業所【居宅介護支援】岐阜県美濃加茂市中部台６丁目１３番地５", "url": "https://www.kaigokensaku.mhlw.go.jp/21/index.php?action_kouhyou_detail_004_kani=true&JigyosyoCd=2171200195-00&ServiceCd=430&Type=search", "url2": "http://www.ohta-hospital.jp" }, "geometry": { "type": "Point", "coordinates": [ 137.017847523834263, 35.466066503442185 ] } },
{ "type": "Feature", "properties": { "内容": "さくらの郷居宅介護支援事業所【居宅介護支援】岐阜県美濃加茂市太田町２６番地５", "url": "https://www.kaigokensaku.mhlw.go.jp/21/index.php?action_kouhyou_detail_004_kani=true&JigyosyoCd=2171200336-00&ServiceCd=430&Type=search", "url2": "https://www.hayasi-clinic.org/" }, "geometry": { "type": "Point", "coordinates": [ 137.018325, 35.4491223 ] } },
{ "type": "Feature", "properties": { "内容": "十善堂ケアセンター【居宅介護支援】岐阜県美濃加茂市太田町1954-2", "url": "https://www.kaigokensaku.mhlw.go.jp/21/index.php?action_kouhyou_detail_004_kani=true&JigyosyoCd=2171200427-00&ServiceCd=430&Type=search", "url2": null }, "geometry": { "type": "Point", "coordinates": [ 137.013289500000042, 35.444561200000024 ] } },
{ "type": "Feature", "properties": { "内容": "岐阜県柔道整復師協同組合山上居宅介護支援事業所【居宅介護支援】岐阜県美濃加茂市川合町4丁目3番14号", "url": "https://www.kaigokensaku.mhlw.go.jp/21/index.php?action_kouhyou_detail_004_kani=true&JigyosyoCd=2171200450-00&ServiceCd=430&Type=search", "url2": null }, "geometry": { "type": "Point", "coordinates": [ 137.049166, 35.451431 ] } },
{ "type": "Feature", "properties": { "内容": "本郷ふふ　居宅介護支援事業所【居宅介護支援】岐阜県美濃加茂市本郷町４丁目９番１５号", "url": "https://www.kaigokensaku.mhlw.go.jp/21/index.php?action_kouhyou_detail_004_kani=true&JigyosyoCd=2171200567-00&ServiceCd=430&Type=search", "url2": "https://hongou-huhu.com/" }, "geometry": { "type": "Point", "coordinates": [ 137.033381800000029, 35.4541671 ] } },
{ "type": "Feature", "properties": { "内容": "はなたま居宅介護支援事業所【居宅介護支援】岐阜県美濃加茂市牧野字鳥屋野3114ショートステイはなたま隣接", "url": "https://www.kaigokensaku.mhlw.go.jp/21/index.php?action_kouhyou_detail_004_kani=true&JigyosyoCd=2171200591-00&ServiceCd=430&Type=search", "url2": null }, "geometry": { "type": "Point", "coordinates": [ 137.072901904893456, 35.450418197663566 ] } },
{ "type": "Feature", "properties": { "内容": "ささえるステーションむすび居宅介護支援事業所【居宅介護支援】岐阜県美濃加茂市本郷町3-6-1コーポ藤木　A棟1号", "url": "https://www.kaigokensaku.mhlw.go.jp/21/index.php?action_kouhyou_detail_004_kani=true&JigyosyoCd=2171200724-00&ServiceCd=430&Type=search", "url2": "https://www.musubicare.net" }, "geometry": { "type": "Point", "coordinates": [ 137.031262700000013, 35.4513645 ] } },
{ "type": "Feature", "properties": { "内容": "ケアプランセンターつむぎ【居宅介護支援】岐阜県美濃加茂市加茂野町加茂野字南野820番地7", "url": "https://www.kaigokensaku.mhlw.go.jp/21/index.php?action_kouhyou_detail_004_kani=true&JigyosyoCd=2171200740-00&ServiceCd=430&Type=search", "url2": null }, "geometry": { "type": "Point", "coordinates": [ 136.981724899999989, 35.4546955 ] } },
{ "type": "Feature", "properties": { "内容": "美濃加茂市社会福祉協議会【居宅介護支援】岐阜県美濃加茂市田島町四丁目1番地３６", "url": "https://www.kaigokensaku.mhlw.go.jp/21/index.php?action_kouhyou_detail_004_kani=true&JigyosyoCd=2171200062-00&ServiceCd=430&Type=search", "url2": "http://minokamo-shakyo.or.jp" }, "geometry": { "type": "Point", "coordinates": [ 137.026633499999946, 35.4466579 ] } },
{ "type": "Feature", "properties": { "内容": "ケアプランセンターけあらーず【居宅介護支援】岐阜県土岐市泉東窯町３丁目３０番", "url": "https://www.kaigokensaku.mhlw.go.jp/21/index.php?action_kouhyou_detail_004_kani=true&JigyosyoCd=2171801141-00&ServiceCd=430&Type=search", "url2": "https://www.seramu.com" }, "geometry": { "type": "Point", "coordinates": [ 137.190962637434353, 35.369417292148803 ] } },
{ "type": "Feature", "properties": { "内容": "株式会社福祉の里　土岐営業所　居宅介護支援事業所【居宅介護支援】岐阜県土岐市土岐口中町３丁目９６番地", "url": "https://www.kaigokensaku.mhlw.go.jp/21/index.php?action_kouhyou_detail_004_kani=true&JigyosyoCd=2171800010-00&ServiceCd=430&Type=search", "url2": null }, "geometry": { "type": "Point", "coordinates": [ 137.175444196958921, 35.346811831915446 ] } },
{ "type": "Feature", "properties": { "内容": "西部在宅介護支援センター【居宅介護支援】岐阜県土岐市下石町1060番地", "url": "https://www.kaigokensaku.mhlw.go.jp/21/index.php?action_kouhyou_detail_004_kani=true&JigyosyoCd=2171800036-00&ServiceCd=430&Type=search", "url2": "http://www.tokishakyo.or.jp" }, "geometry": { "type": "Point", "coordinates": [ 137.19090170000004, 35.32024 ] } },
{ "type": "Feature", "properties": { "内容": "東濃介護支援センター【居宅介護支援】岐阜県土岐市肥田浅野笠神町2-1", "url": "https://www.kaigokensaku.mhlw.go.jp/21/index.php?action_kouhyou_detail_004_kani=true&JigyosyoCd=2171800069-00&ServiceCd=430&Type=search", "url2": "http://brain-gr.com" }, "geometry": { "type": "Point", "coordinates": [ 137.199742721704069, 35.361524316050534 ] } },
{ "type": "Feature", "properties": { "内容": "JAとうと在宅介護サービスステーション【居宅介護支援】岐阜県土岐市土岐口中町４－７５", "url": "https://www.kaigokensaku.mhlw.go.jp/21/index.php?action_kouhyou_detail_004_kani=true&JigyosyoCd=2171800085-00&ServiceCd=430&Type=search", "url2": "http://www.jatouto.or.jp" }, "geometry": { "type": "Point", "coordinates": [ 137.176055600000041, 35.3449979 ] } },
{ "type": "Feature", "properties": { "内容": "さくら介護支援事業所【居宅介護支援】岐阜県土岐市泉大坪町3丁目の5", "url": "https://www.kaigokensaku.mhlw.go.jp/21/index.php?action_kouhyou_detail_004_kani=true&JigyosyoCd=2171800465-00&ServiceCd=430&Type=search", "url2": null }, "geometry": { "type": "Point", "coordinates": [ 137.182565599999947, 35.3641099 ] } },
{ "type": "Feature", "properties": { "内容": "心音ケアセンター土岐【居宅介護支援】岐阜県土岐市肥田浅野元町1-32", "url": "https://www.kaigokensaku.mhlw.go.jp/21/index.php?action_kouhyou_detail_004_kani=true&JigyosyoCd=2171800796-00&ServiceCd=430&Type=search", "url2": "http://www.weecs.net" }, "geometry": { "type": "Point", "coordinates": [ 137.200558123803717, 35.361056478793671 ] } },
{ "type": "Feature", "properties": { "内容": "楓花ケアセンター【居宅介護支援】岐阜県土岐市泉町久尻１２０９番地", "url": "https://www.kaigokensaku.mhlw.go.jp/21/index.php?action_kouhyou_detail_004_kani=true&JigyosyoCd=2171800853-00&ServiceCd=430&Type=search", "url2": null }, "geometry": { "type": "Point", "coordinates": [ 137.178700029744164, 35.364669098836323 ] } },
{ "type": "Feature", "properties": { "内容": "美濃陶生苑居宅介護支援事業所【居宅介護支援】岐阜県土岐市駄知町１８５８－２とき陶生苑本館内", "url": "https://www.kaigokensaku.mhlw.go.jp/21/index.php?action_kouhyou_detail_004_kani=true&JigyosyoCd=2171800960-00&ServiceCd=430&Type=search", "url2": "http://www.toseien.com/" }, "geometry": { "type": "Point", "coordinates": [ 137.222890399999983, 35.3291209 ] } },
{ "type": "Feature", "properties": { "内容": "居宅介護支援センター高井【居宅介護支援】岐阜県土岐市妻木町1657番地", "url": "https://www.kaigokensaku.mhlw.go.jp/21/index.php?action_kouhyou_detail_004_kani=true&JigyosyoCd=2171801091-00&ServiceCd=430&Type=search", "url2": null }, "geometry": { "type": "Point", "coordinates": [ 137.191569430688446, 35.316470411445209 ] } },
{ "type": "Feature", "properties": { "内容": "在宅介護支援センター榮樂【居宅介護支援】岐阜県土岐市土岐津町土岐口７９１－５", "url": "https://www.kaigokensaku.mhlw.go.jp/21/index.php?action_kouhyou_detail_004_kani=true&JigyosyoCd=2171801158-00&ServiceCd=430&Type=search", "url2": null }, "geometry": { "type": "Point", "coordinates": [ 137.183712855819721, 35.340602278544537 ] } },
{ "type": "Feature", "properties": { "内容": "ケアセンター森の時計　本部【居宅介護支援】岐阜県土岐市土岐津町土岐口549番地の2", "url": "https://www.kaigokensaku.mhlw.go.jp/21/index.php?action_kouhyou_detail_004_kani=true&JigyosyoCd=2171801224-00&ServiceCd=430&Type=search", "url2": null }, "geometry": { "type": "Point", "coordinates": [ 137.178584199999989, 35.3442872 ] } },
{ "type": "Feature", "properties": { "内容": "彩風ケアプランセンター【居宅介護支援】岐阜県土岐市泉大坪町3-16", "url": "https://www.kaigokensaku.mhlw.go.jp/21/index.php?action_kouhyou_detail_004_kani=true&JigyosyoCd=2171800697-00&ServiceCd=430&Type=search", "url2": null }, "geometry": { "type": "Point", "coordinates": [ 137.1823379, 35.3646932 ] } },
{ "type": "Feature", "properties": { "内容": "ケアプランセンター住ま居る土岐【居宅介護支援】岐阜県土岐市", "url": "https://www.kaigokensaku.mhlw.go.jp/21/index.php?action_kouhyou_detail_004_kani=true&JigyosyoCd=2171801133-00&ServiceCd=430&Type=search", "url2": "http://www.smile-tajimi.com/" }, "geometry": { "type": "Point", "coordinates": [ 137.209228320680353, 35.362661665428881 ] } },
{ "type": "Feature", "properties": { "内容": "たけの子居宅介護支援事業所【居宅介護支援】岐阜県土岐市泉大島町4-11", "url": "https://www.kaigokensaku.mhlw.go.jp/21/index.php?action_kouhyou_detail_004_kani=true&JigyosyoCd=2171800663-00&ServiceCd=430&Type=search", "url2": "http://tsukushi-s.com" }, "geometry": { "type": "Point", "coordinates": [ 137.191711033764221, 35.366377857355296 ] } },
{ "type": "Feature", "properties": { "内容": "土岐ケアセンターそよ風【居宅介護支援】岐阜県土岐市肥田浅野元町２－２４", "url": "https://www.kaigokensaku.mhlw.go.jp/21/index.php?action_kouhyou_detail_004_kani=true&JigyosyoCd=2171800606-00&ServiceCd=430&Type=search", "url2": "http://www.sykz.co.jp" }, "geometry": { "type": "Point", "coordinates": [ 137.20105280000007, 35.3623746 ] } },
{ "type": "Feature", "properties": { "内容": "株式会社　介護サービス各務原【居宅介護支援】岐阜県各務原市蘇原花園町３丁目２２番地", "url": "https://www.kaigokensaku.mhlw.go.jp/21/index.php?action_kouhyou_detail_004_kani=true&JigyosyoCd=2170500025-00&ServiceCd=430&Type=search", "url2": null }, "geometry": { "type": "Point", "coordinates": [ 136.849809380950859, 35.409930716443874 ] } },
{ "type": "Feature", "properties": { "内容": "ケアサポートかがやき【居宅介護支援】岐阜県各務原市蘇原花園町3-4", "url": "https://www.kaigokensaku.mhlw.go.jp/21/index.php?action_kouhyou_detail_004_kani=true&JigyosyoCd=2170500512-00&ServiceCd=430&Type=search", "url2": null }, "geometry": { "type": "Point", "coordinates": [ 136.849744200000032, 35.4111786 ] } },
{ "type": "Feature", "properties": { "内容": "オーク居宅介護相談センター【居宅介護支援】岐阜県各務原市那加前洞新町４丁目２２番地", "url": "https://www.kaigokensaku.mhlw.go.jp/21/index.php?action_kouhyou_detail_004_kani=true&JigyosyoCd=2170501320-00&ServiceCd=430&Type=search", "url2": "http://koujinkai-oak.com/" }, "geometry": { "type": "Point", "coordinates": [ 136.842945099999952, 35.4091538 ] } },
{ "type": "Feature", "properties": { "内容": "ケアプランセンター　花の木　各務原【居宅介護支援】岐阜県各務原市小佐野町５丁目１７５番地１", "url": "https://www.kaigokensaku.mhlw.go.jp/21/index.php?action_kouhyou_detail_004_kani=true&JigyosyoCd=2170502450-00&ServiceCd=430&Type=search", "url2": "http://www.first-you.com/" }, "geometry": { "type": "Point", "coordinates": [ 136.835714200000012, 35.3868612 ] } },
{ "type": "Feature", "properties": { "内容": "居宅介護支援事業所　つなぐ【居宅介護支援】岐阜県各務原市蘇原中央町2丁目91番地", "url": "https://www.kaigokensaku.mhlw.go.jp/21/index.php?action_kouhyou_detail_004_kani=true&JigyosyoCd=2170502484-00&ServiceCd=430&Type=search", "url2": null }, "geometry": { "type": "Point", "coordinates": [ 136.88055270000001, 35.4095111 ] } },
{ "type": "Feature", "properties": { "内容": "ケアプランセンターすずらん【居宅介護支援】岐阜県各務原市那加門前町3-39シャトー88　2B", "url": "https://www.kaigokensaku.mhlw.go.jp/21/index.php?action_kouhyou_detail_004_kani=true&JigyosyoCd=2170502492-00&ServiceCd=430&Type=search", "url2": "https://suzuran-group.com/" }, "geometry": { "type": "Point", "coordinates": [ 136.844169, 35.3993442 ] } },
{ "type": "Feature", "properties": { "内容": "あいみーケアサポート【居宅介護支援】岐阜県各務原市三井北町1丁目275番地", "url": "https://www.kaigokensaku.mhlw.go.jp/21/index.php?action_kouhyou_detail_004_kani=true&JigyosyoCd=2170502518-00&ServiceCd=430&Type=search", "url2": null }, "geometry": { "type": "Point", "coordinates": [ 136.83785850000001, 35.3956869 ] } },
{ "type": "Feature", "properties": { "内容": "株式会社松原薬局ストア【居宅介護支援】岐阜県各務原市那加栄町1番地", "url": "https://www.kaigokensaku.mhlw.go.jp/21/index.php?action_kouhyou_detail_004_kani=true&JigyosyoCd=2140500196-00&ServiceCd=430&Type=search", "url2": "http://www.matsubara-ph.co.jp/" }, "geometry": { "type": "Point", "coordinates": [ 136.83806, 35.3980359 ] } },
{ "type": "Feature", "properties": { "内容": "各務原市介護保険相談センター【居宅介護支援】岐阜県各務原市那加桜町2丁目163番地総合福祉会館２階", "url": "https://www.kaigokensaku.mhlw.go.jp/21/index.php?action_kouhyou_detail_004_kani=true&JigyosyoCd=2170500033-00&ServiceCd=430&Type=search", "url2": "https://www.kakamigahara-shakyo.jp/" }, "geometry": { "type": "Point", "coordinates": [ 136.846402300000022, 35.3998784 ] } },
{ "type": "Feature", "properties": { "内容": "つつじ苑介護保険相談センター【居宅介護支援】岐阜県各務原市大佐野町２丁目５８番地", "url": "https://www.kaigokensaku.mhlw.go.jp/21/index.php?action_kouhyou_detail_004_kani=true&JigyosyoCd=2170500041-00&ServiceCd=430&Type=search", "url2": "http://www.tutujien.jp" }, "geometry": { "type": "Point", "coordinates": [ 136.841890700000022, 35.3854516 ] } },
{ "type": "Feature", "properties": { "内容": "ニチイケアセンター各務原【居宅介護支援】岐阜県各務原市蘇原瑞雲町３丁目２８番", "url": "https://www.kaigokensaku.mhlw.go.jp/21/index.php?action_kouhyou_detail_004_kani=true&JigyosyoCd=2170500108-00&ServiceCd=430&Type=search", "url2": "http://www.nichiigakkan.co.jp" }, "geometry": { "type": "Point", "coordinates": [ 136.870099984655781, 35.406733861607954 ] } },
{ "type": "Feature", "properties": { "内容": "（有）みついけ介護支援サービス【居宅介護支援】岐阜県各務原市鵜沼三ツ池町４－２１６", "url": "https://www.kaigokensaku.mhlw.go.jp/21/index.php?action_kouhyou_detail_004_kani=true&JigyosyoCd=2170500132-00&ServiceCd=430&Type=search", "url2": null }, "geometry": { "type": "Point", "coordinates": [ 136.891196199999968, 35.3983236 ] } },
{ "type": "Feature", "properties": { "内容": "居宅介護支援センター　カーサ・レスペート【居宅介護支援】岐阜県各務原市各務おがせ町９丁目282", "url": "https://www.kaigokensaku.mhlw.go.jp/21/index.php?action_kouhyou_detail_004_kani=true&JigyosyoCd=2170500298-00&ServiceCd=430&Type=search", "url2": "http://www.casa.or.jp/" }, "geometry": { "type": "Point", "coordinates": [ 136.924551, 35.4189325 ] } },
{ "type": "Feature", "properties": { "内容": "介護相談センター飛鳥美谷苑【居宅介護支援】岐阜県各務原市那加西市場町7丁目285-1", "url": "https://www.kaigokensaku.mhlw.go.jp/21/index.php?action_kouhyou_detail_004_kani=true&JigyosyoCd=2170500314-00&ServiceCd=430&Type=search", "url2": "https://www.mitanikai.com" }, "geometry": { "type": "Point", "coordinates": [ 136.837903800000049, 35.417525 ] } },
{ "type": "Feature", "properties": { "内容": "居宅介護支援センターいずみ【居宅介護支援】岐阜県各務原市蘇原沢上町４丁目２番地７つかさ壱番館１階", "url": "https://www.kaigokensaku.mhlw.go.jp/21/index.php?action_kouhyou_detail_004_kani=true&JigyosyoCd=2170500603-00&ServiceCd=430&Type=search", "url2": null }, "geometry": { "type": "Point", "coordinates": [ 136.859676600000057, 35.4068988 ] } },
{ "type": "Feature", "properties": { "内容": "かいご処　あい【居宅介護支援】岐阜県各務原市鵜沼各務原町9丁目206番地", "url": "https://www.kaigokensaku.mhlw.go.jp/21/index.php?action_kouhyou_detail_004_kani=true&JigyosyoCd=2170500785-00&ServiceCd=430&Type=search", "url2": "http://www.kaigo-ai.com/" }, "geometry": { "type": "Point", "coordinates": [ 136.911315742680358, 35.395617103567673 ] } },
{ "type": "Feature", "properties": { "内容": "介護相談センター菜の花【居宅介護支援】岐阜県各務原市鵜沼山崎町6-8-2", "url": "https://www.kaigokensaku.mhlw.go.jp/21/index.php?action_kouhyou_detail_004_kani=true&JigyosyoCd=2170500884-00&ServiceCd=430&Type=search", "url2": "http://www.seidoukai.or.jp/" }, "geometry": { "type": "Point", "coordinates": [ 136.946736004893552, 35.399565554580875 ] } },
{ "type": "Feature", "properties": { "内容": "あしすと居宅介護支援センター【居宅介護支援】岐阜県各務原市鵜沼朝日町３－２２８", "url": "https://www.kaigokensaku.mhlw.go.jp/21/index.php?action_kouhyou_detail_004_kani=true&JigyosyoCd=2170501106-00&ServiceCd=430&Type=search", "url2": null }, "geometry": { "type": "Point", "coordinates": [ 136.9033112, 35.38791040000001 ] } },
{ "type": "Feature", "properties": { "内容": "介護保険相談センター笑顔いちばん【居宅介護支援】岐阜県各務原市小佐野町6丁目62番地", "url": "https://www.kaigokensaku.mhlw.go.jp/21/index.php?action_kouhyou_detail_004_kani=true&JigyosyoCd=2170501262-00&ServiceCd=430&Type=search", "url2": "http://www.egao1ban.jp/" }, "geometry": { "type": "Point", "coordinates": [ 136.8329942, 35.3854123 ] } },
{ "type": "Feature", "properties": { "内容": "ケアプラン・ニッケうぬま【居宅介護支援】岐阜県各務原市鵜沼各務原町８－７", "url": "https://www.kaigokensaku.mhlw.go.jp/21/index.php?action_kouhyou_detail_004_kani=true&JigyosyoCd=2170501296-00&ServiceCd=430&Type=search", "url2": "http://nikkecare.com/care-plan/" }, "geometry": { "type": "Point", "coordinates": [ 136.905636700000059, 35.3964403 ] } },
{ "type": "Feature", "properties": { "内容": "コープぎふケアプランセンター各務原【居宅介護支援】岐阜県各務原市蘇原六軒町３丁目38-2", "url": "https://www.kaigokensaku.mhlw.go.jp/21/index.php?action_kouhyou_detail_004_kani=true&JigyosyoCd=2170501528-00&ServiceCd=430&Type=search", "url2": "http://www.coop-gifu.jp/" }, "geometry": { "type": "Point", "coordinates": [ 136.862325593686705, 35.400735301448641 ] } },
{ "type": "Feature", "properties": { "内容": "居宅介護支援サービスマリアの丘【居宅介護支援】岐阜県各務原市三井町四丁目２６１番", "url": "https://www.kaigokensaku.mhlw.go.jp/21/index.php?action_kouhyou_detail_004_kani=true&JigyosyoCd=2170501544-00&ServiceCd=430&Type=search", "url2": "http://www.marianooka.info" }, "geometry": { "type": "Point", "coordinates": [ 136.841718406221048, 35.390461037192566 ] } },
{ "type": "Feature", "properties": { "内容": "ケアプランセンターゆかり花園【居宅介護支援】岐阜県各務原市花園町3丁目59番2アザレ蘇原F102", "url": "https://www.kaigokensaku.mhlw.go.jp/21/index.php?action_kouhyou_detail_004_kani=true&JigyosyoCd=2170501601-00&ServiceCd=430&Type=search", "url2": null }, "geometry": { "type": "Point", "coordinates": [ 136.851300059594024, 35.410491691503346 ] } },
{ "type": "Feature", "properties": { "内容": "ぎふ介護各務原居宅介護支援事業所【居宅介護支援】岐阜県各務原市那加桜町１丁目１０５番地", "url": "https://www.kaigokensaku.mhlw.go.jp/21/index.php?action_kouhyou_detail_004_kani=true&JigyosyoCd=2170501890-00&ServiceCd=430&Type=search", "url2": "http://gifukaigo-kakamigahara.iklabo.net/" }, "geometry": { "type": "Point", "coordinates": [ 136.846725919337587, 35.399142129022955 ] } },
{ "type": "Feature", "properties": { "内容": "サフィール居宅支援事業所【居宅介護支援】岐阜県各務原市蘇原新栄町１丁目２５番地４", "url": "https://www.kaigokensaku.mhlw.go.jp/21/index.php?action_kouhyou_detail_004_kani=true&JigyosyoCd=2170501908-00&ServiceCd=430&Type=search", "url2": "https://aliss.co.jp/safir/kyotaku-safir/" }, "geometry": { "type": "Point", "coordinates": [ 136.863922699999989, 35.4092326 ] } },
{ "type": "Feature", "properties": { "内容": "緑苑介護相談センター【居宅介護支援】岐阜県各務原市緑苑北３丁目11番地", "url": "https://www.kaigokensaku.mhlw.go.jp/21/index.php?action_kouhyou_detail_004_kani=true&JigyosyoCd=2170501916-00&ServiceCd=430&Type=search", "url2": null }, "geometry": { "type": "Point", "coordinates": [ 136.950819, 35.41815780000001 ] } },
{ "type": "Feature", "properties": { "内容": "ケアマネ事務所　しえん【居宅介護支援】岐阜県各務原市那加雲雀町35番地1", "url": "https://www.kaigokensaku.mhlw.go.jp/21/index.php?action_kouhyou_detail_004_kani=true&JigyosyoCd=2170501957-00&ServiceCd=430&Type=search", "url2": "https://www.keamane-shien.com" }, "geometry": { "type": "Point", "coordinates": [ 136.846183800000063, 35.401477 ] } },
{ "type": "Feature", "properties": { "内容": "たちかわケアマネージメント【居宅介護支援】岐阜県各務原市那加桜町3丁目294-21タウンコートA101号室", "url": "https://www.kaigokensaku.mhlw.go.jp/21/index.php?action_kouhyou_detail_004_kani=true&JigyosyoCd=2170501981-00&ServiceCd=430&Type=search", "url2": null }, "geometry": { "type": "Point", "coordinates": [ 136.848461300000054, 35.4020158 ] } },
{ "type": "Feature", "properties": { "内容": "介護支援センタージョイフル各務原【居宅介護支援】岐阜県各務原市鵜沼小伊木町3-170-1", "url": "https://www.kaigokensaku.mhlw.go.jp/21/index.php?action_kouhyou_detail_004_kani=true&JigyosyoCd=2170502013-00&ServiceCd=430&Type=search", "url2": "https://sun-vision.or.jp/" }, "geometry": { "type": "Point", "coordinates": [ 136.923102200000017, 35.3887208 ] } },
{ "type": "Feature", "properties": { "内容": "居宅介護支援センターさかい【居宅介護支援】岐阜県各務原市蘇原沢上町２丁目５９番地", "url": "https://www.kaigokensaku.mhlw.go.jp/21/index.php?action_kouhyou_detail_004_kani=true&JigyosyoCd=2170502112-00&ServiceCd=430&Type=search", "url2": "http://sakaicl.com/" }, "geometry": { "type": "Point", "coordinates": [ 136.861094373680118, 35.405284668662048 ] } },
{ "type": "Feature", "properties": { "内容": "ウィング居宅介護相談センター【居宅介護支援】岐阜県各務原市川島河田町1019-1", "url": "https://www.kaigokensaku.mhlw.go.jp/21/index.php?action_kouhyou_detail_004_kani=true&JigyosyoCd=2170502120-00&ServiceCd=430&Type=search", "url2": null }, "geometry": { "type": "Point", "coordinates": [ 136.830674505262806, 35.361975691449473 ] } },
{ "type": "Feature", "properties": { "内容": "メディックス　ケアプランセンター【居宅介護支援】岐阜県各務原市鵜沼小伊木町1丁目70番地1", "url": "https://www.kaigokensaku.mhlw.go.jp/21/index.php?action_kouhyou_detail_004_kani=true&JigyosyoCd=2170502351-00&ServiceCd=430&Type=search", "url2": "https://medix-gifu.com/" }, "geometry": { "type": "Point", "coordinates": [ 136.930034677909845, 35.392736673080243 ] } },
{ "type": "Feature", "properties": { "内容": "ケアプランセンター　SAKURA【居宅介護支援】岐阜県各務原市大野町1-157", "url": "https://www.kaigokensaku.mhlw.go.jp/21/index.php?action_kouhyou_detail_004_kani=true&JigyosyoCd=2170502369-00&ServiceCd=430&Type=search", "url2": "https://likeoneself.co.jp/" }, "geometry": { "type": "Point", "coordinates": [ 136.815295300000031, 35.3886885 ] } },
{ "type": "Feature", "properties": { "内容": "リバーサイド川島園居宅介護支援センター【居宅介護支援】岐阜県各務原市川島河田町１３４８番地", "url": "https://www.kaigokensaku.mhlw.go.jp/21/index.php?action_kouhyou_detail_004_kani=true&JigyosyoCd=2170600064-00&ServiceCd=430&Type=search", "url2": "http://www.h-fukujyu.or.jp/kawashima/" }, "geometry": { "type": "Point", "coordinates": [ 136.823176699999976, 35.3601354 ] } },
{ "type": "Feature", "properties": { "内容": "介護相談室ほーき星【居宅介護支援】岐阜県各務原市那加前洞新町3丁目200コーポラス　スギヤマB　101号", "url": "https://www.kaigokensaku.mhlw.go.jp/21/index.php?action_kouhyou_detail_004_kani=true&JigyosyoCd=2170502161-00&ServiceCd=430&Type=search", "url2": "http://hp.kaipoke.biz/e9a/" }, "geometry": { "type": "Point", "coordinates": [ 136.8387988, 35.4054896 ] } },
{ "type": "Feature", "properties": { "内容": "居宅介護支援事業所　ラベンダー【居宅介護支援】岐阜県各務原市緑苑中2-93", "url": "https://www.kaigokensaku.mhlw.go.jp/21/index.php?action_kouhyou_detail_004_kani=true&JigyosyoCd=2170500116-00&ServiceCd=430&Type=search", "url2": "http;//murai-iin.com" }, "geometry": { "type": "Point", "coordinates": [ 136.947624099999985, 35.4127339 ] } },
{ "type": "Feature", "properties": { "内容": "ケアプランこころ【居宅介護支援】岐阜県各務原市川島緑町２丁目197", "url": "https://www.kaigokensaku.mhlw.go.jp/21/index.php?action_kouhyou_detail_004_kani=true&JigyosyoCd=2170502534-00&ServiceCd=430&Type=search", "url2": null }, "geometry": { "type": "Point", "coordinates": [ 136.817532726540861, 35.365429365380905 ] } },
{ "type": "Feature", "properties": { "内容": "フェニックス在宅相談センター【居宅介護支援】岐阜県各務原市鵜沼各務原町6丁目50番地", "url": "https://www.kaigokensaku.mhlw.go.jp/21/index.php?action_kouhyou_detail_004_kani=true&JigyosyoCd=2170501627-00&ServiceCd=430&Type=search", "url2": "http://www.phoenix-g.jp/" }, "geometry": { "type": "Point", "coordinates": [ 136.909430610064646, 35.399508128392604 ] } },
{ "type": "Feature", "properties": { "内容": "濃成病院居宅介護支援センター【居宅介護支援】岐阜県可児市広見851－8", "url": "https://www.kaigokensaku.mhlw.go.jp/21/index.php?action_kouhyou_detail_004_kani=true&JigyosyoCd=2113100933-00&ServiceCd=430&Type=search", "url2": null }, "geometry": { "type": "Point", "coordinates": [ 137.063488499999949, 35.4200493 ] } },
{ "type": "Feature", "properties": { "内容": "ケアプラン　えにし【居宅介護支援】岐阜県可児市土田2546番地246", "url": "https://www.kaigokensaku.mhlw.go.jp/21/index.php?action_kouhyou_detail_004_kani=true&JigyosyoCd=2173100294-00&ServiceCd=430&Type=search", "url2": null }, "geometry": { "type": "Point", "coordinates": [ 137.026272, 35.4318185 ] } },
{ "type": "Feature", "properties": { "内容": "あんどうクリニックほほえみ居宅介護支援センター【居宅介護支援】岐阜県可児市下恵土4061サービス付き高齢者向け住宅グリーングリーン２階", "url": "https://www.kaigokensaku.mhlw.go.jp/21/index.php?action_kouhyou_detail_004_kani=true&JigyosyoCd=2113100743-00&ServiceCd=430&Type=search", "url2": "https://www.andoclinic.jp/" }, "geometry": { "type": "Point", "coordinates": [ 137.04385697735438, 35.426756876894913 ] } },
{ "type": "Feature", "properties": { "内容": "一般社団法人可児医師会立可児訪問看護ステーション【居宅介護支援】岐阜県可児市広見5丁目20番地", "url": "https://www.kaigokensaku.mhlw.go.jp/21/index.php?action_kouhyou_detail_004_kani=true&JigyosyoCd=2163190016-00&ServiceCd=430&Type=search", "url2": "http://www.kani.gifu.med.or.jp/station.html" }, "geometry": { "type": "Point", "coordinates": [ 137.06431543016356, 35.425403520757875 ] } },
{ "type": "Feature", "properties": { "内容": "可児市社会福祉協議会【居宅介護支援】岐阜県可児市今渡６８２番地１可児市福祉センター", "url": "https://www.kaigokensaku.mhlw.go.jp/21/index.php?action_kouhyou_detail_004_kani=true&JigyosyoCd=2173100013-00&ServiceCd=430&Type=search", "url2": "http://www.kanishishakyo.or.jp" }, "geometry": { "type": "Point", "coordinates": [ 137.040400793254122, 35.427851082941451 ] } },
{ "type": "Feature", "properties": { "内容": "可児市春里苑在宅介護支援センター【居宅介護支援】岐阜県可児市塩河2709番地の1特別養護老人ホーム内", "url": "https://www.kaigokensaku.mhlw.go.jp/21/index.php?action_kouhyou_detail_004_kani=true&JigyosyoCd=2173100039-00&ServiceCd=430&Type=search", "url2": "http://www.harusatoen.or.jp/" }, "geometry": { "type": "Point", "coordinates": [ 137.042379899999986, 35.3953982 ] } },
{ "type": "Feature", "properties": { "内容": "可児とうのう病院附属居宅介護支援センター【居宅介護支援】岐阜県可児市土田1221－5", "url": "https://www.kaigokensaku.mhlw.go.jp/21/index.php?action_kouhyou_detail_004_kani=true&JigyosyoCd=2173100047-00&ServiceCd=430&Type=search", "url2": "http://kani.jcho.go.jp/" }, "geometry": { "type": "Point", "coordinates": [ 137.017550271441678, 35.418217965991204 ] } },
{ "type": "Feature", "properties": { "内容": "花トピア可児居宅介護支援事業所【居宅介護支援】岐阜県可児市瀬田1646番地の3", "url": "https://www.kaigokensaku.mhlw.go.jp/21/index.php?action_kouhyou_detail_004_kani=true&JigyosyoCd=2173100070-00&ServiceCd=430&Type=search", "url2": "http://www.fujikake-hospital.jp/" }, "geometry": { "type": "Point", "coordinates": [ 137.104218400000036, 35.4197178 ] } },
{ "type": "Feature", "properties": { "内容": "ニチイケアセンター川合【居宅介護支援】岐阜県可児市川合北1-90-1", "url": "https://www.kaigokensaku.mhlw.go.jp/21/index.php?action_kouhyou_detail_004_kani=true&JigyosyoCd=2173100112-00&ServiceCd=430&Type=search", "url2": "http://www.nichiigakkan.co.jp" }, "geometry": { "type": "Point", "coordinates": [ 137.054349699999989, 35.4431412 ] } },
{ "type": "Feature", "properties": { "内容": "やまもと企画株式会社居宅介護支援事業所【居宅介護支援】岐阜県可児市塩河１０５４番地１", "url": "https://www.kaigokensaku.mhlw.go.jp/21/index.php?action_kouhyou_detail_004_kani=true&JigyosyoCd=2173100120-00&ServiceCd=430&Type=search", "url2": "http://www.yamamotokikaku.co.jp" }, "geometry": { "type": "Point", "coordinates": [ 137.035742199999959, 35.3772419 ] } },
{ "type": "Feature", "properties": { "内容": "藤掛病院居宅介護支援事業所【居宅介護支援】岐阜県可児市広見８７６", "url": "https://www.kaigokensaku.mhlw.go.jp/21/index.php?action_kouhyou_detail_004_kani=true&JigyosyoCd=2173100203-00&ServiceCd=430&Type=search", "url2": "http://www.fujikake-hospital.jp/" }, "geometry": { "type": "Point", "coordinates": [ 137.062324699999976, 35.4212269 ] } },
{ "type": "Feature", "properties": { "内容": "さわやかナーシング可児介護相談センター【居宅介護支援】岐阜県可児市菅刈１３８９－１", "url": "https://www.kaigokensaku.mhlw.go.jp/21/index.php?action_kouhyou_detail_004_kani=true&JigyosyoCd=2173100435-00&ServiceCd=430&Type=search", "url2": "http://www.jikeikai-sawayaka.jp" }, "geometry": { "type": "Point", "coordinates": [ 137.0063275, 35.3982496 ] } },
{ "type": "Feature", "properties": { "内容": "ＤＳ　ＴＯＫＡＩ　株式会社介護事業部プルメリア【居宅介護支援】岐阜県可児市今渡1880番地", "url": "https://www.kaigokensaku.mhlw.go.jp/21/index.php?action_kouhyou_detail_004_kani=true&JigyosyoCd=2173100674-00&ServiceCd=430&Type=search", "url2": "http://www.home-plumeria.jp/" }, "geometry": { "type": "Point", "coordinates": [ 137.037734900000032, 35.4302665 ] } },
{ "type": "Feature", "properties": { "内容": "エリアサポート居宅介護支援事業所【居宅介護支援】岐阜県可児市瀬田407番地1瀬田のさと　1Ｆ", "url": "https://www.kaigokensaku.mhlw.go.jp/21/index.php?action_kouhyou_detail_004_kani=true&JigyosyoCd=2173100807-00&ServiceCd=430&Type=search", "url2": "https://www.area-support-japan.com/%E5%B1%85%E5%AE%85%E4%BB%8B%E8%AD%B7%E6%94%AF%E6%8F%B4%E4%BA%8B%E6%A5%AD%E6%89%80/" }, "geometry": { "type": "Point", "coordinates": [ 137.080442515546025, 35.428050883779896 ] } },
{ "type": "Feature", "properties": { "内容": "ＤＯＲＥＭＩみらい指定居宅介護支援事業所【居宅介護支援】岐阜県可児市土田5325番地の1シャンドゥリエ今渡Ｇ棟", "url": "https://www.kaigokensaku.mhlw.go.jp/21/index.php?action_kouhyou_detail_004_kani=true&JigyosyoCd=2173100823-00&ServiceCd=430&Type=search", "url2": "http://npo-doremimirai.com/" }, "geometry": { "type": "Point", "coordinates": [ 137.018007533776881, 35.427006366686456 ] } },
{ "type": "Feature", "properties": { "内容": "いきいきプランセンター【居宅介護支援】岐阜県可児市矢戸６７", "url": "https://www.kaigokensaku.mhlw.go.jp/21/index.php?action_kouhyou_detail_004_kani=true&JigyosyoCd=2173101003-00&ServiceCd=430&Type=search", "url2": "http://www.fujinokai.com/" }, "geometry": { "type": "Point", "coordinates": [ 137.022639900000058, 35.3991222 ] } },
{ "type": "Feature", "properties": { "内容": "ケアプラン　かたびら【居宅介護支援】岐阜県可児市長坂８丁目１９９番地２", "url": "https://www.kaigokensaku.mhlw.go.jp/21/index.php?action_kouhyou_detail_004_kani=true&JigyosyoCd=2173101144-00&ServiceCd=430&Type=search", "url2": null }, "geometry": { "type": "Point", "coordinates": [ 137.003731709123258, 35.386218584518851 ] } },
{ "type": "Feature", "properties": { "内容": "ケアプランセンター広見【居宅介護支援】岐阜県可児市広見1853-1", "url": "https://www.kaigokensaku.mhlw.go.jp/21/index.php?action_kouhyou_detail_004_kani=true&JigyosyoCd=2173101243-00&ServiceCd=430&Type=search", "url2": "http://www.rehabili-salon.com" }, "geometry": { "type": "Point", "coordinates": [ 137.054510197427817, 35.416951629606885 ] } },
{ "type": "Feature", "properties": { "内容": "医療法人清風会美空の郷居宅介護支援事業所【居宅介護支援】岐阜県可児市土田２０５５番地２８", "url": "https://www.kaigokensaku.mhlw.go.jp/21/index.php?action_kouhyou_detail_004_kani=true&JigyosyoCd=2173101375-00&ServiceCd=430&Type=search", "url2": "http://www.hayasi-clinic.org" }, "geometry": { "type": "Point", "coordinates": [ 137.014584506745877, 35.422887443287777 ] } },
{ "type": "Feature", "properties": { "内容": "ケアプランセンターみやび可児【居宅介護支援】岐阜県可児市広見7丁目1番地　エスポアハイム102", "url": "https://www.kaigokensaku.mhlw.go.jp/21/index.php?action_kouhyou_detail_004_kani=true&JigyosyoCd=2173101565-00&ServiceCd=430&Type=search", "url2": null }, "geometry": { "type": "Point", "coordinates": [ 137.065657047390744, 35.422632313070224 ] } },
{ "type": "Feature", "properties": { "内容": "ケアプランセンター明智【居宅介護支援】岐阜県可児市平貝戸499-1", "url": "https://www.kaigokensaku.mhlw.go.jp/21/index.php?action_kouhyou_detail_004_kani=true&JigyosyoCd=2173101441-00&ServiceCd=430&Type=search", "url2": null }, "geometry": { "type": "Point", "coordinates": [ 137.0885505, 35.4340231 ] } },
{ "type": "Feature", "properties": { "内容": "居宅介護支援事業所　夢眠かに【居宅介護支援】岐阜県可児市今渡１６１９番地137", "url": "https://www.kaigokensaku.mhlw.go.jp/21/index.php?action_kouhyou_detail_004_kani=true&JigyosyoCd=2173101318-00&ServiceCd=430&Type=search", "url2": null }, "geometry": { "type": "Point", "coordinates": [ 137.051282300000025, 35.4339053 ] } },
{ "type": "Feature", "properties": { "内容": "居宅介護支援事業所　まごころ【居宅介護支援】岐阜県可児市下恵土2821-1コーポ禅台寺地階", "url": "https://www.kaigokensaku.mhlw.go.jp/21/index.php?action_kouhyou_detail_004_kani=true&JigyosyoCd=2173101458-00&ServiceCd=430&Type=search", "url2": "http://hp.kaipoke.biz/087/index.html" }, "geometry": { "type": "Point", "coordinates": [ 137.044117275400623, 35.421920948061334 ] } },
{ "type": "Feature", "properties": { "内容": "岐阜・西濃医療センター　岐北厚生病院ケアプランセンター【居宅介護支援】岐阜県山県市高富１１８７－３", "url": "https://www.kaigokensaku.mhlw.go.jp/21/index.php?action_kouhyou_detail_004_kani=true&JigyosyoCd=2110800188-00&ServiceCd=430&Type=search", "url2": "http://www.gihoku.gfkosei.or.jp/b-kyotaku.html" }, "geometry": { "type": "Point", "coordinates": [ 136.787310299999945, 35.4922113 ] } },
{ "type": "Feature", "properties": { "内容": "同朋会在宅介護支援センター【居宅介護支援】岐阜県山県市大桑3615番地１", "url": "https://www.kaigokensaku.mhlw.go.jp/21/index.php?action_kouhyou_detail_004_kani=true&JigyosyoCd=2170800037-00&ServiceCd=430&Type=search", "url2": "http://www.douhoukai.com" }, "geometry": { "type": "Point", "coordinates": [ 136.769015800000034, 35.5497018 ] } },
{ "type": "Feature", "properties": { "内容": "山県市社協介護支援センター【居宅介護支援】岐阜県山県市東深瀬６９６番地１", "url": "https://www.kaigokensaku.mhlw.go.jp/21/index.php?action_kouhyou_detail_004_kani=true&JigyosyoCd=2170800235-00&ServiceCd=430&Type=search", "url2": "https://y-shakyo.or.jp" }, "geometry": { "type": "Point", "coordinates": [ 136.79001687226571, 35.512436569372923 ] } },
{ "type": "Feature", "properties": { "内容": "居宅介護支援センターマロン【居宅介護支援】岐阜県山県市高富1180番地4", "url": "https://www.kaigokensaku.mhlw.go.jp/21/index.php?action_kouhyou_detail_004_kani=true&JigyosyoCd=2170800326-00&ServiceCd=430&Type=search", "url2": "http://miwakai.or.jp/" }, "geometry": { "type": "Point", "coordinates": [ 136.786165942264404, 35.491547843128622 ] } },
{ "type": "Feature", "properties": { "内容": "居宅介護支援事業所やまがた【居宅介護支援】岐阜県山県市梅原1495番地1", "url": "https://www.kaigokensaku.mhlw.go.jp/21/index.php?action_kouhyou_detail_004_kani=true&JigyosyoCd=2170800359-00&ServiceCd=430&Type=search", "url2": "https://www.lifecreate-gifu.com" }, "geometry": { "type": "Point", "coordinates": [ 136.753582659594031, 35.516191252683775 ] } },
{ "type": "Feature", "properties": { "内容": "あい居宅介護支援事業所【居宅介護支援】岐阜県山県市藤倉576-152", "url": "https://www.kaigokensaku.mhlw.go.jp/21/index.php?action_kouhyou_detail_004_kani=true&JigyosyoCd=2170800367-00&ServiceCd=430&Type=search", "url2": "https://www.aishin-gifu.com/" }, "geometry": { "type": "Point", "coordinates": [ 136.731422086508246, 35.531913279292354 ] } },
{ "type": "Feature", "properties": { "内容": "ユアケアプランセンター【居宅介護支援】岐阜県山県市大森571-2", "url": "https://www.kaigokensaku.mhlw.go.jp/21/index.php?action_kouhyou_detail_004_kani=true&JigyosyoCd=2170800441-00&ServiceCd=430&Type=search", "url2": null }, "geometry": { "type": "Point", "coordinates": [ 136.731260706053206, 35.526800274200703 ] } },
{ "type": "Feature", "properties": { "内容": "ペンギンYGケアサポ―トセンター【居宅介護支援】岐阜県山県市高富1178番地8", "url": "https://www.kaigokensaku.mhlw.go.jp/21/index.php?action_kouhyou_detail_004_kani=true&JigyosyoCd=2170800508-00&ServiceCd=430&Type=search", "url2": null }, "geometry": { "type": "Point", "coordinates": [ 136.785578, 35.4914743 ] } },
{ "type": "Feature", "properties": { "内容": "居宅介護よりそい【居宅介護支援】岐阜県山県市高富368-82", "url": "https://www.kaigokensaku.mhlw.go.jp/21/index.php?action_kouhyou_detail_004_kani=true&JigyosyoCd=2170800516-00&ServiceCd=430&Type=search", "url2": null }, "geometry": { "type": "Point", "coordinates": [ 136.798482, 35.5009488 ] } },
{ "type": "Feature", "properties": { "内容": "もとす介護サービスセンター【居宅介護支援】岐阜県瑞穂市横屋３９３番地１", "url": "https://www.kaigokensaku.mhlw.go.jp/21/index.php?action_kouhyou_detail_004_kani=true&JigyosyoCd=2170700039-00&ServiceCd=430&Type=search", "url2": null }, "geometry": { "type": "Point", "coordinates": [ 136.662133899999986, 35.38480710000001 ] } },
{ "type": "Feature", "properties": { "内容": "吉村訪問看護ステーション　居宅支援部【居宅介護支援】岐阜県瑞穂市別府１２９７番地", "url": "https://www.kaigokensaku.mhlw.go.jp/21/index.php?action_kouhyou_detail_004_kani=true&JigyosyoCd=2160790016-00&ServiceCd=430&Type=search", "url2": null }, "geometry": { "type": "Point", "coordinates": [ 136.689789900000051, 35.3923011 ] } },
{ "type": "Feature", "properties": { "内容": "ほづみ園居宅介護支援事業所【居宅介護支援】岐阜県瑞穂市宝江５７６－１", "url": "https://www.kaigokensaku.mhlw.go.jp/21/index.php?action_kouhyou_detail_004_kani=true&JigyosyoCd=2170700047-00&ServiceCd=430&Type=search", "url2": "https://www.sinwakai-hozumien.jp/" }, "geometry": { "type": "Point", "coordinates": [ 136.671236200000067, 35.370842 ] } },
{ "type": "Feature", "properties": { "内容": "介護相談センター巣南【居宅介護支援】岐阜県瑞穂市重里1996", "url": "https://www.kaigokensaku.mhlw.go.jp/21/index.php?action_kouhyou_detail_004_kani=true&JigyosyoCd=2170700062-00&ServiceCd=430&Type=search", "url2": "https://seikohkai.net" }, "geometry": { "type": "Point", "coordinates": [ 136.659987948548888, 35.415764600592183 ] } },
{ "type": "Feature", "properties": { "内容": "株式会社新生メディカル瑞穂営業所【居宅介護支援】岐阜県瑞穂市只越219番地2", "url": "https://www.kaigokensaku.mhlw.go.jp/21/index.php?action_kouhyou_detail_004_kani=true&JigyosyoCd=2173200136-00&ServiceCd=430&Type=search", "url2": "http://www.shinsei-md.jp/" }, "geometry": { "type": "Point", "coordinates": [ 136.674480060873464, 35.400923280459608 ] } },
{ "type": "Feature", "properties": { "内容": "居宅介護支援事業所　ハーブ・瑞穂【居宅介護支援】岐阜県瑞穂市本田166-2", "url": "https://www.kaigokensaku.mhlw.go.jp/21/index.php?action_kouhyou_detail_004_kani=true&JigyosyoCd=2173200250-00&ServiceCd=430&Type=search", "url2": "http://www.taiseikai.jp" }, "geometry": { "type": "Point", "coordinates": [ 136.67419616878658, 35.415671573975153 ] } },
{ "type": "Feature", "properties": { "内容": "在宅介護支援相談所喜楽【居宅介護支援】岐阜県瑞穂市只越302番地1", "url": "https://www.kaigokensaku.mhlw.go.jp/21/index.php?action_kouhyou_detail_004_kani=true&JigyosyoCd=2173200474-00&ServiceCd=430&Type=search", "url2": "https://www.lifecreate-gifu.com/index.html" }, "geometry": { "type": "Point", "coordinates": [ 136.67262740000001, 35.3991224 ] } },
{ "type": "Feature", "properties": { "内容": "サンビレッジ瑞穂　ケアマネジメントセンター【居宅介護支援】岐阜県瑞穂市只越２１９番地２サンビレッジ瑞穂", "url": "https://www.kaigokensaku.mhlw.go.jp/21/index.php?action_kouhyou_detail_004_kani=true&JigyosyoCd=2173200490-00&ServiceCd=430&Type=search", "url2": "https://www.sun-village.jp/" }, "geometry": { "type": "Point", "coordinates": [ 136.674391, 35.400858 ] } },
{ "type": "Feature", "properties": { "内容": "ケアプランセンターふじ【居宅介護支援】岐阜県瑞穂市別府1102-3ＲＷＩＮＧⅠ1001", "url": "https://www.kaigokensaku.mhlw.go.jp/21/index.php?action_kouhyou_detail_004_kani=true&JigyosyoCd=2173200516-00&ServiceCd=430&Type=search", "url2": null }, "geometry": { "type": "Point", "coordinates": [ 136.687946, 35.39343210000002 ] } },
{ "type": "Feature", "properties": { "内容": "ケアセンター瑞穂くつろぎ【居宅介護支援】岐阜県瑞穂市馬場上光町1-103　瑞穂くつろぎショートステイ内", "url": "https://www.kaigokensaku.mhlw.go.jp/21/index.php?action_kouhyou_detail_004_kani=true&JigyosyoCd=2173200540-00&ServiceCd=430&Type=search", "url2": "https://karumia.com" }, "geometry": { "type": "Point", "coordinates": [ 136.685449260852039, 35.412579306452479 ] } },
{ "type": "Feature", "properties": { "内容": "ケアプラン　リズム【居宅介護支援】岐阜県瑞穂市祖父江286番地の1", "url": "https://www.kaigokensaku.mhlw.go.jp/21/index.php?action_kouhyou_detail_004_kani=true&JigyosyoCd=2173200607-00&ServiceCd=430&Type=search", "url2": "https://rizumu0701.com" }, "geometry": { "type": "Point", "coordinates": [ 136.68485660185425, 35.37935269388889 ] } },
{ "type": "Feature", "properties": { "内容": "くらし創造オフィス和おん【居宅介護支援】岐阜県瑞穂市牛牧９０９番地２", "url": "https://www.kaigokensaku.mhlw.go.jp/21/index.php?action_kouhyou_detail_004_kani=true&JigyosyoCd=2173200342-00&ServiceCd=430&Type=search", "url2": "http://www.office-waon.com/" }, "geometry": { "type": "Point", "coordinates": [ 136.667666070872428, 35.384047767141048 ] } },
{ "type": "Feature", "properties": { "内容": "シルバーサポートたんぽぽ苑【居宅介護支援】岐阜県飛騨市神岡町殿1081-53旭ヶ丘ショートステイたんぽぽ苑　2Ｆ", "url": "https://www.kaigokensaku.mhlw.go.jp/21/index.php?action_kouhyou_detail_004_kani=true&JigyosyoCd=2173000122-00&ServiceCd=430&Type=search", "url2": "http://www.tanpopoen.jp" }, "geometry": { "type": "Point", "coordinates": [ 137.307080865251123, 36.324328834769112 ] } },
{ "type": "Feature", "properties": { "内容": "垣内ケアプランセンター【居宅介護支援】岐阜県飛騨市古川町貴船町11-32", "url": "https://www.kaigokensaku.mhlw.go.jp/21/index.php?action_kouhyou_detail_004_kani=true&JigyosyoCd=2173000338-00&ServiceCd=430&Type=search", "url2": null }, "geometry": { "type": "Point", "coordinates": [ 137.1908889, 36.22972 ] } },
{ "type": "Feature", "properties": { "内容": "飛騨寿楽苑ケアプランセンター【居宅介護支援】岐阜県飛騨市古川町是重102", "url": "https://www.kaigokensaku.mhlw.go.jp/21/index.php?action_kouhyou_detail_004_kani=true&JigyosyoCd=2173000403-00&ServiceCd=430&Type=search", "url2": "http://www.gifu-fukushi.jp/" }, "geometry": { "type": "Point", "coordinates": [ 137.199501899999973, 36.225218 ] } },
{ "type": "Feature", "properties": { "内容": "吉城居宅介護支援事業所【居宅介護支援】岐阜県飛騨市古川町下気多990番地飛騨市多機能型障がい者支援センター　古川いこい", "url": "https://www.kaigokensaku.mhlw.go.jp/21/index.php?action_kouhyou_detail_004_kani=true&JigyosyoCd=2173000635-00&ServiceCd=430&Type=search", "url2": "http://www.yosikifukusikai.jp/" }, "geometry": { "type": "Point", "coordinates": [ 137.189480600000024, 36.2373274 ] } },
{ "type": "Feature", "properties": { "内容": "居宅介護支援事業所まごの手古川ステーションななほし【居宅介護支援】岐阜県飛騨市古川町笹ヶ洞717番地", "url": "https://www.kaigokensaku.mhlw.go.jp/21/index.php?action_kouhyou_detail_004_kani=true&JigyosyoCd=2173300217-00&ServiceCd=430&Type=search", "url2": null }, "geometry": { "type": "Point", "coordinates": [ 137.130184699999973, 36.2443251 ] } },
{ "type": "Feature", "properties": { "内容": "ケアプランセンターみつばち【居宅介護支援】岐阜県飛騨市古川町戸市３２８番地", "url": "https://www.kaigokensaku.mhlw.go.jp/21/index.php?action_kouhyou_detail_004_kani=true&JigyosyoCd=2173300241-00&ServiceCd=430&Type=search", "url2": "https://www.mitsubachicare.com" }, "geometry": { "type": "Point", "coordinates": [ 137.154684299999985, 36.2769073 ] } },
{ "type": "Feature", "properties": { "内容": "本巣市居宅介護支援センター【居宅介護支援】岐阜県本巣市上保１２６１番地４糸貫ぬくもりの里", "url": "https://www.kaigokensaku.mhlw.go.jp/21/index.php?action_kouhyou_detail_004_kani=true&JigyosyoCd=2173400199-00&ServiceCd=430&Type=search", "url2": "http://www.motosushi-shakyo.jp" }, "geometry": { "type": "Point", "coordinates": [ 136.674969799999985, 35.4631997 ] } },
{ "type": "Feature", "properties": { "内容": "もとす広域連合老人福祉施設大和園居宅介護支援事業所【居宅介護支援】岐阜県本巣市曽井中島１１５６番地４", "url": "https://www.kaigokensaku.mhlw.go.jp/21/index.php?action_kouhyou_detail_004_kani=true&JigyosyoCd=2173400249-00&ServiceCd=430&Type=search", "url2": "https://www.motosu-union.gifu.jp/care/about" }, "geometry": { "type": "Point", "coordinates": [ 136.666152900000043, 35.4826384 ] } },
{ "type": "Feature", "properties": { "内容": "ケアプランセンターれんげ【居宅介護支援】岐阜県本巣市下真桑670-1", "url": "https://www.kaigokensaku.mhlw.go.jp/21/index.php?action_kouhyou_detail_004_kani=true&JigyosyoCd=2173400330-00&ServiceCd=430&Type=search", "url2": "https://rengegroup.com" }, "geometry": { "type": "Point", "coordinates": [ 136.656594144612598, 35.440563774542433 ] } },
{ "type": "Feature", "properties": { "内容": "おおらかケア介護相談所【居宅介護支援】岐阜県本巣市仏生寺８６８番地２", "url": "https://www.kaigokensaku.mhlw.go.jp/21/index.php?action_kouhyou_detail_004_kani=true&JigyosyoCd=2173400413-00&ServiceCd=430&Type=search", "url2": "https://ooraka5511.jimdofree.com" }, "geometry": { "type": "Point", "coordinates": [ 136.6765924, 35.4445747 ] } },
{ "type": "Feature", "properties": { "内容": "仙寿苑居宅介護支援ステーション悠々【居宅介護支援】岐阜県本巣市仏生寺111-1", "url": "https://www.kaigokensaku.mhlw.go.jp/21/index.php?action_kouhyou_detail_004_kani=true&JigyosyoCd=2173400439-00&ServiceCd=430&Type=search", "url2": "http://senjuen.wixsite.com/senjuen" }, "geometry": { "type": "Point", "coordinates": [ 136.692115699999931, 35.4472136 ] } },
{ "type": "Feature", "properties": { "内容": "サンビレッジ本巣ケアマネジメントセンター【居宅介護支援】岐阜県本巣市温井189番地", "url": "https://www.kaigokensaku.mhlw.go.jp/21/index.php?action_kouhyou_detail_004_kani=true&JigyosyoCd=2173400579-00&ServiceCd=430&Type=search", "url2": "https://www.sun-village.jp/" }, "geometry": { "type": "Point", "coordinates": [ 136.638687254606225, 35.431748369575686 ] } },
{ "type": "Feature", "properties": { "内容": "居宅介護支援事業所アンカー【居宅介護支援】岐阜県本巣市浅木190-1", "url": "https://www.kaigokensaku.mhlw.go.jp/21/index.php?action_kouhyou_detail_004_kani=true&JigyosyoCd=2173400520-00&ServiceCd=430&Type=search", "url2": "https://anchor-company.co.jp/" }, "geometry": { "type": "Point", "coordinates": [ 136.638951500000019, 35.442789500000011 ] } },
{ "type": "Feature", "properties": { "内容": "八幡病院介護支援センター【居宅介護支援】岐阜県郡上市八幡町桜町２７８番地", "url": "https://www.kaigokensaku.mhlw.go.jp/21/index.php?action_kouhyou_detail_004_kani=true&JigyosyoCd=2111000291-00&ServiceCd=430&Type=search", "url2": "http://www.hachiman-hosp.jp/" }, "geometry": { "type": "Point", "coordinates": [ 136.960773900000049, 35.7505962 ] } },
{ "type": "Feature", "properties": { "内容": "在宅介護支援センターしろとり【居宅介護支援】岐阜県郡上市白鳥町白鳥2-6", "url": "https://www.kaigokensaku.mhlw.go.jp/21/index.php?action_kouhyou_detail_004_kani=true&JigyosyoCd=2171000066-00&ServiceCd=430&Type=search", "url2": "http://sumihosp.or.jp/" }, "geometry": { "type": "Point", "coordinates": [ 136.857664239286777, 35.87886910000001 ] } },
{ "type": "Feature", "properties": { "内容": "ノバネットワークス【居宅介護支援】岐阜県郡上市八幡町稲成204番地８２", "url": "https://www.kaigokensaku.mhlw.go.jp/21/index.php?action_kouhyou_detail_004_kani=true&JigyosyoCd=2171000082-00&ServiceCd=430&Type=search", "url2": "http://www.nobanoba.net" }, "geometry": { "type": "Point", "coordinates": [ 136.947205157672101, 35.740654483469179 ] } },
{ "type": "Feature", "properties": { "内容": "介護支援センター　せせらぎ緑風苑【居宅介護支援】岐阜県郡上市八幡町旭663番地6", "url": "https://www.kaigokensaku.mhlw.go.jp/21/index.php?action_kouhyou_detail_004_kani=true&JigyosyoCd=2171000124-00&ServiceCd=430&Type=search", "url2": "http://www.seseragi-r.com" }, "geometry": { "type": "Point", "coordinates": [ 136.993482006745893, 35.771572767097958 ] } },
{ "type": "Feature", "properties": { "内容": "堀谷医院介護支援センター百日紅【居宅介護支援】岐阜県郡上市八幡町中坪1-7", "url": "https://www.kaigokensaku.mhlw.go.jp/21/index.php?action_kouhyou_detail_004_kani=true&JigyosyoCd=2171000199-00&ServiceCd=430&Type=search", "url2": "https://website2.infomity.net/8250000099/index.html" }, "geometry": { "type": "Point", "coordinates": [ 136.954343699999981, 35.757089900000011 ] } },
{ "type": "Feature", "properties": { "内容": "社協郡上介護相談センター【居宅介護支援】岐阜県郡上市大和町徳永618番地", "url": "https://www.kaigokensaku.mhlw.go.jp/21/index.php?action_kouhyou_detail_004_kani=true&JigyosyoCd=2171000496-00&ServiceCd=430&Type=search", "url2": null }, "geometry": { "type": "Point", "coordinates": [ 136.900201899999956, 35.8066004 ] } },
{ "type": "Feature", "properties": { "内容": "奥美濃白鳥在宅介護支援センター【居宅介護支援】岐阜県郡上市白鳥町為真1205-1", "url": "https://www.kaigokensaku.mhlw.go.jp/21/index.php?action_kouhyou_detail_004_kani=true&JigyosyoCd=2171000629-00&ServiceCd=430&Type=search", "url2": null }, "geometry": { "type": "Point", "coordinates": [ 136.860635799999955, 35.8796524 ] } },
{ "type": "Feature", "properties": { "内容": "県北西部地域医療センター国保和良診療所居宅介護支援事業所【居宅介護支援】岐阜県郡上市和良町沢882番地", "url": "https://www.kaigokensaku.mhlw.go.jp/21/index.php?action_kouhyou_detail_004_kani=true&JigyosyoCd=2171000637-00&ServiceCd=430&Type=search", "url2": "http://www.gujo-tv.ne.jp/~clinic-wara/" }, "geometry": { "type": "Point", "coordinates": [ 137.083251363229323, 35.747180056665663 ] } },
{ "type": "Feature", "properties": { "内容": "コスモス苑介護サービスセンター【居宅介護支援】岐阜県郡上市白鳥町白鳥408番地１", "url": "https://www.kaigokensaku.mhlw.go.jp/21/index.php?action_kouhyou_detail_004_kani=true&JigyosyoCd=2171000686-00&ServiceCd=430&Type=search", "url2": "https://www.fukuju-kai.com" }, "geometry": { "type": "Point", "coordinates": [ 136.858888500000035, 35.8870849 ] } },
{ "type": "Feature", "properties": { "内容": "ＪＡめぐみの介護サービス郡上営業所【居宅介護支援】岐阜県郡上市八幡町小野４丁目６－１８", "url": "https://www.kaigokensaku.mhlw.go.jp/21/index.php?action_kouhyou_detail_004_kani=true&JigyosyoCd=2171000793-00&ServiceCd=430&Type=search", "url2": "http://www.ja-megumino.or.jp" }, "geometry": { "type": "Point", "coordinates": [ 136.970553600000017, 35.7547184 ] } },
{ "type": "Feature", "properties": { "内容": "ケアサポート八幡【居宅介護支援】岐阜県郡上市八幡町中坪一丁目10番地15", "url": "https://www.kaigokensaku.mhlw.go.jp/21/index.php?action_kouhyou_detail_004_kani=true&JigyosyoCd=2171000868-00&ServiceCd=430&Type=search", "url2": null }, "geometry": { "type": "Point", "coordinates": [ 136.9541422, 35.7576925 ] } },
{ "type": "Feature", "properties": { "内容": "下呂在宅介護支援センター【居宅介護支援】岐阜県下呂市乗政1267番地の5", "url": "https://www.kaigokensaku.mhlw.go.jp/21/index.php?action_kouhyou_detail_004_kani=true&JigyosyoCd=2172800019-00&ServiceCd=430&Type=search", "url2": "http://www.jikeikai-sawayaka.jp" }, "geometry": { "type": "Point", "coordinates": [ 137.2848338, 35.7862567 ] } },
{ "type": "Feature", "properties": { "内容": "ひなたぼっこ居宅介護支援事業所【居宅介護支援】岐阜県下呂市乗政1086－1", "url": "https://www.kaigokensaku.mhlw.go.jp/21/index.php?action_kouhyou_detail_004_kani=true&JigyosyoCd=2172800241-00&ServiceCd=430&Type=search", "url2": null }, "geometry": { "type": "Point", "coordinates": [ 137.285891099999958, 35.7863847 ] } },
{ "type": "Feature", "properties": { "内容": "萩原ケアサポートセンター【居宅介護支援】岐阜県下呂市萩原町萩原875番地2", "url": "https://www.kaigokensaku.mhlw.go.jp/21/index.php?action_kouhyou_detail_004_kani=true&JigyosyoCd=2172800357-00&ServiceCd=430&Type=search", "url2": "http://gero-city-syakyo.jp/" }, "geometry": { "type": "Point", "coordinates": [ 137.213101300000062, 35.8719888 ] } },
{ "type": "Feature", "properties": { "内容": "小坂ケアサポートセンター【居宅介護支援】岐阜県下呂市小坂町大島1807番地", "url": "https://www.kaigokensaku.mhlw.go.jp/21/index.php?action_kouhyou_detail_004_kani=true&JigyosyoCd=2172800407-00&ServiceCd=430&Type=search", "url2": "http://www.gero-city-syakyo.jp" }, "geometry": { "type": "Point", "coordinates": [ 137.259186199999903, 35.951021400000016 ] } },
{ "type": "Feature", "properties": { "内容": "下呂ケアサポートセンター【居宅介護支援】岐阜県下呂市森８８３－１", "url": "https://www.kaigokensaku.mhlw.go.jp/21/index.php?action_kouhyou_detail_004_kani=true&JigyosyoCd=2172800449-00&ServiceCd=430&Type=search", "url2": "http://gero-city-syakyo.jp/" }, "geometry": { "type": "Point", "coordinates": [ 137.2441725, 35.8029959 ] } },
{ "type": "Feature", "properties": { "内容": "NPO法人ケアパレット在宅プランニングセンター【居宅介護支援】岐阜県下呂市東上田492番地１", "url": "https://www.kaigokensaku.mhlw.go.jp/21/index.php?action_kouhyou_detail_004_kani=true&JigyosyoCd=2172800530-00&ServiceCd=430&Type=search", "url2": null }, "geometry": { "type": "Point", "coordinates": [ 137.233925399999947, 35.8298287 ] } },
{ "type": "Feature", "properties": { "内容": "金山ケアサポートセンター【居宅介護支援】岐阜県下呂市大船渡600番地8", "url": "https://www.kaigokensaku.mhlw.go.jp/21/index.php?action_kouhyou_detail_004_kani=true&JigyosyoCd=2172800605-00&ServiceCd=430&Type=search", "url2": "http://gero-city-syakyo.jp" }, "geometry": { "type": "Point", "coordinates": [ 137.161850273069035, 35.663355588608113 ] } },
{ "type": "Feature", "properties": { "内容": "ファミリア下呂居宅介護支援事業所【居宅介護支援】岐阜県下呂市森2273", "url": "https://www.kaigokensaku.mhlw.go.jp/21/index.php?action_kouhyou_detail_004_kani=true&JigyosyoCd=2172800670-00&ServiceCd=430&Type=search", "url2": "http://www.yuzankai.com" }, "geometry": { "type": "Point", "coordinates": [ 137.250946796418049, 35.80579258001314 ] } },
{ "type": "Feature", "properties": { "内容": "あさんず介護サービス【居宅介護支援】岐阜県下呂市萩原町尾崎字下６番地５", "url": "https://www.kaigokensaku.mhlw.go.jp/21/index.php?action_kouhyou_detail_004_kani=true&JigyosyoCd=2172800746-00&ServiceCd=430&Type=search", "url2": "http://hp.kaipoke.biz/77u" }, "geometry": { "type": "Point", "coordinates": [ 137.20204590000003, 35.9106394 ] } },
{ "type": "Feature", "properties": { "内容": "居宅介護支援事業所くまざきケアサポート【居宅介護支援】岐阜県下呂市萩原町上村1650", "url": "https://www.kaigokensaku.mhlw.go.jp/21/index.php?action_kouhyou_detail_004_kani=true&JigyosyoCd=2172800829-00&ServiceCd=430&Type=search", "url2": null }, "geometry": { "type": "Point", "coordinates": [ 137.217379310450696, 35.872479439641957 ] } },
{ "type": "Feature", "properties": { "内容": "毎日ケアサポート【居宅介護支援】岐阜県下呂市萩原町跡津799", "url": "https://www.kaigokensaku.mhlw.go.jp/21/index.php?action_kouhyou_detail_004_kani=true&JigyosyoCd=2172800860-00&ServiceCd=430&Type=search", "url2": "http://hp.kaipoke.biz/u38/" }, "geometry": { "type": "Point", "coordinates": [ 137.217885798120022, 35.858399960211862 ] } },
{ "type": "Feature", "properties": { "内容": "ケアサポート太陽【居宅介護支援】岐阜県下呂市萩原町萩原７６９", "url": "https://www.kaigokensaku.mhlw.go.jp/21/index.php?action_kouhyou_detail_004_kani=true&JigyosyoCd=2172800886-00&ServiceCd=430&Type=search", "url2": "https://careplan2021taiyo.wixsite.com/website" }, "geometry": { "type": "Point", "coordinates": [ 137.210831100000036, 35.8729626 ] } },
{ "type": "Feature", "properties": { "内容": "ケアプランセンター讃照庵【居宅介護支援】岐阜県下呂市金山町金山3479-2", "url": "https://www.kaigokensaku.mhlw.go.jp/21/index.php?action_kouhyou_detail_004_kani=true&JigyosyoCd=2172800894-00&ServiceCd=430&Type=search", "url2": "www.sanshoam.net" }, "geometry": { "type": "Point", "coordinates": [ 137.1663974, 35.6458953 ] } },
{ "type": "Feature", "properties": { "内容": "オレンジ・サポート【居宅介護支援】岐阜県海津市海津町札野545番地1", "url": "https://www.kaigokensaku.mhlw.go.jp/21/index.php?action_kouhyou_detail_004_kani=true&JigyosyoCd=2172200244-00&ServiceCd=430&Type=search", "url2": "https://www.orange-t.com/" }, "geometry": { "type": "Point", "coordinates": [ 136.651709995075947, 35.205943174283419 ] } },
{ "type": "Feature", "properties": { "内容": "海津市ケアマネジメントセンター【居宅介護支援】岐阜県海津市南濃町駒野８２７番地１南濃総合福祉会館ゆとりの森", "url": "https://www.kaigokensaku.mhlw.go.jp/21/index.php?action_kouhyou_detail_004_kani=true&JigyosyoCd=2172200301-00&ServiceCd=430&Type=search", "url2": "http://www.kaizu-wel.jp/" }, "geometry": { "type": "Point", "coordinates": [ 136.605860345963265, 35.221656091818446 ] } },
{ "type": "Feature", "properties": { "内容": "長寿の里・南濃　居宅介護支援事業所【居宅介護支援】岐阜県海津市南濃町志津719番地１", "url": "https://www.kaigokensaku.mhlw.go.jp/21/index.php?action_kouhyou_detail_004_kani=true&JigyosyoCd=2172200376-00&ServiceCd=430&Type=search", "url2": "http://www.aisankai.jp" }, "geometry": { "type": "Point", "coordinates": [ 136.5616652, 35.2447162 ] } },
{ "type": "Feature", "properties": { "内容": "ケアプランセンター和みの郷【居宅介護支援】岐阜県海津市海津町草場７１番地", "url": "https://www.kaigokensaku.mhlw.go.jp/21/index.php?action_kouhyou_detail_004_kani=true&JigyosyoCd=2172200400-00&ServiceCd=430&Type=search", "url2": null }, "geometry": { "type": "Point", "coordinates": [ 136.663656129869906, 35.223813334090643 ] } },
{ "type": "Feature", "properties": { "内容": "居宅介護支援事業所　結【居宅介護支援】岐阜県海津市南濃町駒野寺西469番地の1", "url": "https://www.kaigokensaku.mhlw.go.jp/21/index.php?action_kouhyou_detail_004_kani=true&JigyosyoCd=2172200582-00&ServiceCd=430&Type=search", "url2": null }, "geometry": { "type": "Point", "coordinates": [ 136.602234223111481, 35.2262323430569 ] } },
{ "type": "Feature", "properties": { "内容": "居宅介護支援　たかすの華【居宅介護支援】岐阜県海津市海津町平原318－2", "url": "https://www.kaigokensaku.mhlw.go.jp/21/index.php?action_kouhyou_detail_004_kani=true&JigyosyoCd=2172200665-00&ServiceCd=430&Type=search", "url2": "http://www.keibonokai.org" }, "geometry": { "type": "Point", "coordinates": [ 136.630606, 35.2287028 ] } },
{ "type": "Feature", "properties": { "内容": "介護サポートはつらつ海津【居宅介護支援】岐阜県海津市海津町福江656番地2", "url": "https://www.kaigokensaku.mhlw.go.jp/21/index.php?action_kouhyou_detail_004_kani=true&JigyosyoCd=2172200681-00&ServiceCd=430&Type=search", "url2": "https://www.houjyukai.jp/" }, "geometry": { "type": "Point", "coordinates": [ 136.660312299999987, 35.172909500000017 ] } },
{ "type": "Feature", "properties": { "内容": "ケアプランたかぎ【居宅介護支援】岐阜県海津市南濃町駒野735番地1", "url": "https://www.kaigokensaku.mhlw.go.jp/21/index.php?action_kouhyou_detail_004_kani=true&JigyosyoCd=2172200715-00&ServiceCd=430&Type=search", "url2": null }, "geometry": { "type": "Point", "coordinates": [ 136.604959, 35.2237308 ] } },
{ "type": "Feature", "properties": { "内容": "かぐわケアプランセンター【居宅介護支援】岐阜県海津市南濃町太田266-1", "url": "https://www.kaigokensaku.mhlw.go.jp/21/index.php?action_kouhyou_detail_004_kani=true&JigyosyoCd=2172200707-00&ServiceCd=430&Type=search", "url2": null }, "geometry": { "type": "Point", "coordinates": [ 136.626682100000011, 35.1819544 ] } },
{ "type": "Feature", "properties": { "内容": "SBライフ【居宅介護支援】岐阜県羽島郡岐南町三宅2丁目58番地", "url": "https://www.kaigokensaku.mhlw.go.jp/21/index.php?action_kouhyou_detail_004_kani=true&JigyosyoCd=2170601260-00&ServiceCd=430&Type=search", "url2": null }, "geometry": { "type": "Point", "coordinates": [ 136.794057400000014, 35.393939 ] } },
{ "type": "Feature", "properties": { "内容": "夢　ライフ岐南【居宅介護支援】岐阜県羽島郡岐南町八剣5丁目13ハイツ小塩202", "url": "https://www.kaigokensaku.mhlw.go.jp/21/index.php?action_kouhyou_detail_004_kani=true&JigyosyoCd=2170601419-00&ServiceCd=430&Type=search", "url2": null }, "geometry": { "type": "Point", "coordinates": [ 136.7816465, 35.3919219 ] } },
{ "type": "Feature", "properties": { "内容": "岐阜県柔道整復師協同組合松原居宅介護支援事業所【居宅介護支援】岐阜県羽島郡岐南町野中7-75-1（松原接骨院内）", "url": "https://www.kaigokensaku.mhlw.go.jp/21/index.php?action_kouhyou_detail_004_kani=true&JigyosyoCd=2170600163-00&ServiceCd=430&Type=search", "url2": null }, "geometry": { "type": "Point", "coordinates": [ 136.8016953, 35.3811711 ] } },
{ "type": "Feature", "properties": { "内容": "日建ヘルスメディカル　岐阜南【居宅介護支援】岐阜県羽島郡岐南町平成1-3岐南町商工会館7階", "url": "https://www.kaigokensaku.mhlw.go.jp/21/index.php?action_kouhyou_detail_004_kani=true&JigyosyoCd=2170600478-00&ServiceCd=430&Type=search", "url2": "https://www.gifu-healthmedical.jp/" }, "geometry": { "type": "Point", "coordinates": [ 136.7835456874665, 35.387815456547735 ] } },
{ "type": "Feature", "properties": { "内容": "サワダケアプランセンターぎなん【居宅介護支援】岐阜県羽島郡岐南町徳田6丁目8番地", "url": "https://www.kaigokensaku.mhlw.go.jp/21/index.php?action_kouhyou_detail_004_kani=true&JigyosyoCd=2170600627-00&ServiceCd=430&Type=search", "url2": "https://www.sawada-hp.or.jp/related-facility/careplan-ginan/" }, "geometry": { "type": "Point", "coordinates": [ 136.773787603704847, 35.380762994919245 ] } },
{ "type": "Feature", "properties": { "内容": "サンライズケアステーション【居宅介護支援】岐阜県羽島郡岐南町八剣2丁目27番地", "url": "https://www.kaigokensaku.mhlw.go.jp/21/index.php?action_kouhyou_detail_004_kani=true&JigyosyoCd=2170600700-00&ServiceCd=430&Type=search", "url2": "http://sunrise-station.jp" }, "geometry": { "type": "Point", "coordinates": [ 136.781598422692923, 35.392925539327599 ] } },
{ "type": "Feature", "properties": { "内容": "ケアプランセンター　うれし野【居宅介護支援】岐阜県羽島郡岐南町伏屋8丁目33番地", "url": "https://www.kaigokensaku.mhlw.go.jp/21/index.php?action_kouhyou_detail_004_kani=true&JigyosyoCd=2170600833-00&ServiceCd=430&Type=search", "url2": "http://www.ureshino.or.jp" }, "geometry": { "type": "Point", "coordinates": [ 136.7917493, 35.3788573 ] } },
{ "type": "Feature", "properties": { "内容": "ケアプランセンターゆかり岐南【居宅介護支援】岐阜県羽島郡岐南町伏屋３丁目298番地コーポカワダA-102", "url": "https://www.kaigokensaku.mhlw.go.jp/21/index.php?action_kouhyou_detail_004_kani=true&JigyosyoCd=2170601187-00&ServiceCd=430&Type=search", "url2": "http://www.yutaka-ms.jp" }, "geometry": { "type": "Point", "coordinates": [ 136.793871200000012, 35.3820708 ] } },
{ "type": "Feature", "properties": { "内容": "ライフケアさくらゆき【居宅介護支援】岐阜県羽島郡岐南町伏屋9丁目88番地", "url": "https://www.kaigokensaku.mhlw.go.jp/21/index.php?action_kouhyou_detail_004_kani=true&JigyosyoCd=2170601351-00&ServiceCd=430&Type=search", "url2": "https://sakurayuki.or.jp" }, "geometry": { "type": "Point", "coordinates": [ 136.772048, 35.3887694 ] } },
{ "type": "Feature", "properties": { "内容": "まつなみケアプランセンター【居宅介護支援】岐阜県羽島郡笠松町田代１８５番地１", "url": "https://www.kaigokensaku.mhlw.go.jp/21/index.php?action_kouhyou_detail_004_kani=true&JigyosyoCd=2170600072-00&ServiceCd=430&Type=search", "url2": "http://www.matsunami-hsp.or.jp" }, "geometry": { "type": "Point", "coordinates": [ 136.757847459524555, 35.362856110471945 ] } },
{ "type": "Feature", "properties": { "内容": "笠松町社会福祉協議会居宅介護支援センター【居宅介護支援】岐阜県羽島郡笠松町長池４０８－１", "url": "https://www.kaigokensaku.mhlw.go.jp/21/index.php?action_kouhyou_detail_004_kani=true&JigyosyoCd=2170600080-00&ServiceCd=430&Type=search", "url2": "http://userweb.alles.or.jp/kasafuku/" }, "geometry": { "type": "Point", "coordinates": [ 136.746366200000011, 35.3585589 ] } },
{ "type": "Feature", "properties": { "内容": "介護プランセンターあおぞら【居宅介護支援】岐阜県羽島郡笠松町円城寺971", "url": "https://www.kaigokensaku.mhlw.go.jp/21/index.php?action_kouhyou_detail_004_kani=true&JigyosyoCd=2170600098-00&ServiceCd=430&Type=search", "url2": "http://www.mutsumikai.or.jp/" }, "geometry": { "type": "Point", "coordinates": [ 136.790204758860796, 35.37554100723262 ] } },
{ "type": "Feature", "properties": { "内容": "リバーサイド笠松園居宅介護支援事業所【居宅介護支援】岐阜県羽島郡笠松町田代621番地の1", "url": "https://www.kaigokensaku.mhlw.go.jp/21/index.php?action_kouhyou_detail_004_kani=true&JigyosyoCd=2170600577-00&ServiceCd=430&Type=search", "url2": "http://www.h-fukujyu.or.jp" }, "geometry": { "type": "Point", "coordinates": [ 136.752468200000067, 35.3598837 ] } },
{ "type": "Feature", "properties": { "内容": "ケアプランセンターしのぶ【居宅介護支援】岐阜県羽島郡笠松町北及180番地第二カトービル　1階A号室", "url": "https://www.kaigokensaku.mhlw.go.jp/21/index.php?action_kouhyou_detail_004_kani=true&JigyosyoCd=2170601195-00&ServiceCd=430&Type=search", "url2": "https://www.kangoshinobu.com/" }, "geometry": { "type": "Point", "coordinates": [ 136.7441887, 35.3513431 ] } },
{ "type": "Feature", "properties": { "内容": "グッデイすぎない居宅介護支援事業所【居宅介護支援】岐阜県羽島郡笠松町二見町15-1", "url": "https://www.kaigokensaku.mhlw.go.jp/21/index.php?action_kouhyou_detail_004_kani=true&JigyosyoCd=2170601245-00&ServiceCd=430&Type=search", "url2": "http://www.g-suginai.com/goodday-top.html" }, "geometry": { "type": "Point", "coordinates": [ 136.76337846745912, 35.371187218494995 ] } },
{ "type": "Feature", "properties": { "内容": "白鶴荘ケアプランセンター【居宅介護支援】岐阜県養老郡養老町柏尾463番地1", "url": "https://www.kaigokensaku.mhlw.go.jp/21/index.php?action_kouhyou_detail_004_kani=true&JigyosyoCd=2172300218-00&ServiceCd=430&Type=search", "url2": "http://www.hakkakuso.com/" }, "geometry": { "type": "Point", "coordinates": [ 136.546368199999961, 35.2938287 ] } },
{ "type": "Feature", "properties": { "内容": "岐阜・西濃医療センター　西美濃厚生病院居宅介護支援事業所【居宅介護支援】岐阜県養老郡養老町押越986番地", "url": "https://www.kaigokensaku.mhlw.go.jp/21/index.php?action_kouhyou_detail_004_kani=true&JigyosyoCd=2112300112-00&ServiceCd=430&Type=search", "url2": "http://www.nishimino.gfkosei.or.jp" }, "geometry": { "type": "Point", "coordinates": [ 136.558416500000021, 35.305355 ] } },
{ "type": "Feature", "properties": { "内容": "介護相談センターかがやき【居宅介護支援】岐阜県養老郡養老町大跡77番地", "url": "https://www.kaigokensaku.mhlw.go.jp/21/index.php?action_kouhyou_detail_004_kani=true&JigyosyoCd=2112300575-00&ServiceCd=430&Type=search", "url2": "http://www.yoro-seikei.or.jp" }, "geometry": { "type": "Point", "coordinates": [ 136.575593, 35.2900028 ] } },
{ "type": "Feature", "properties": { "内容": "船戸クリニックケアプランセンター天の星【居宅介護支援】岐阜県養老郡養老町船附中代1354-1", "url": "https://www.kaigokensaku.mhlw.go.jp/21/index.php?action_kouhyou_detail_004_kani=true&JigyosyoCd=2172300028-00&ServiceCd=430&Type=search", "url2": "https://www.funacli.jp/" }, "geometry": { "type": "Point", "coordinates": [ 136.601035909537245, 35.284327647988654 ] } },
{ "type": "Feature", "properties": { "内容": "居宅介護支援事業所くるみ【居宅介護支援】岐阜県養老郡養老町飯田429-1", "url": "https://www.kaigokensaku.mhlw.go.jp/21/index.php?action_kouhyou_detail_004_kani=true&JigyosyoCd=2172300374-00&ServiceCd=430&Type=search", "url2": null }, "geometry": { "type": "Point", "coordinates": [ 136.568265099999962, 35.3249644 ] } },
{ "type": "Feature", "properties": { "内容": "介護相談所　空【居宅介護支援】岐阜県養老郡養老町鷲巣８２１-6", "url": "https://www.kaigokensaku.mhlw.go.jp/21/index.php?action_kouhyou_detail_004_kani=true&JigyosyoCd=2172300424-00&ServiceCd=430&Type=search", "url2": null }, "geometry": { "type": "Point", "coordinates": [ 136.559864299999958, 35.2811619 ] } },
{ "type": "Feature", "properties": { "内容": "ケアプランおぐら【居宅介護支援】岐阜県養老郡養老町小倉474", "url": "https://www.kaigokensaku.mhlw.go.jp/21/index.php?action_kouhyou_detail_004_kani=true&JigyosyoCd=2172300499-00&ServiceCd=430&Type=search", "url2": null }, "geometry": { "type": "Point", "coordinates": [ 136.5576314, 35.2746769 ] } },
{ "type": "Feature", "properties": { "内容": "こすもすケアセンター【居宅介護支援】岐阜県養老郡養老町有尾39", "url": "https://www.kaigokensaku.mhlw.go.jp/21/index.php?action_kouhyou_detail_004_kani=true&JigyosyoCd=2172300143-00&ServiceCd=430&Type=search", "url2": null }, "geometry": { "type": "Point", "coordinates": [ 136.5752516, 35.2725084 ] } },
{ "type": "Feature", "properties": { "内容": "たかのケアプランセンター【居宅介護支援】岐阜県養老郡養老町大坪239番地1", "url": "https://www.kaigokensaku.mhlw.go.jp/21/index.php?action_kouhyou_detail_004_kani=true&JigyosyoCd=2172300325-00&ServiceCd=430&Type=search", "url2": null }, "geometry": { "type": "Point", "coordinates": [ 136.567180339241247, 35.332710740918856 ] } },
{ "type": "Feature", "properties": { "内容": "けあぷらん南西【居宅介護支援】岐阜県不破郡垂井町2008番地の18", "url": "https://www.kaigokensaku.mhlw.go.jp/21/index.php?action_kouhyou_detail_004_kani=true&JigyosyoCd=2162490045-00&ServiceCd=430&Type=search", "url2": null }, "geometry": { "type": "Point", "coordinates": [ 136.535012841374595, 35.375694817904936 ] } },
{ "type": "Feature", "properties": { "内容": "垂井町在宅介護支援センター【居宅介護支援】岐阜県不破郡垂井町清水1-139博愛在宅ケアセンター", "url": "https://www.kaigokensaku.mhlw.go.jp/21/index.php?action_kouhyou_detail_004_kani=true&JigyosyoCd=2172400018-00&ServiceCd=430&Type=search", "url2": "http://www.hakuaikai.jp" }, "geometry": { "type": "Point", "coordinates": [ 136.525562900000068, 35.3748196 ] } },
{ "type": "Feature", "properties": { "内容": "垂井町社会福祉協議会【居宅介護支援】岐阜県不破郡垂井町1305番地の2", "url": "https://www.kaigokensaku.mhlw.go.jp/21/index.php?action_kouhyou_detail_004_kani=true&JigyosyoCd=2172400026-00&ServiceCd=430&Type=search", "url2": "http://www.tarui-shakyo.jp" }, "geometry": { "type": "Point", "coordinates": [ 136.527951600000051, 35.3716006 ] } },
{ "type": "Feature", "properties": { "内容": "いぶき苑居宅介護支援事業所【居宅介護支援】岐阜県不破郡垂井町岩手４５３８", "url": "https://www.kaigokensaku.mhlw.go.jp/21/index.php?action_kouhyou_detail_004_kani=true&JigyosyoCd=2172400125-00&ServiceCd=430&Type=search", "url2": "http://www.ibukien.jp" }, "geometry": { "type": "Point", "coordinates": [ 136.519763499999954, 35.3762889 ] } },
{ "type": "Feature", "properties": { "内容": "さくら並木の介護相談【居宅介護支援】岐阜県不破郡垂井町1101-4オフィス1", "url": "https://www.kaigokensaku.mhlw.go.jp/21/index.php?action_kouhyou_detail_004_kani=true&JigyosyoCd=2172400497-00&ServiceCd=430&Type=search", "url2": "https://sakura-namiki.com" }, "geometry": { "type": "Point", "coordinates": [ 136.526053882209027, 35.373368237845717 ] } },
{ "type": "Feature", "properties": { "内容": "関ケ原町在宅介護支援センター【居宅介護支援】岐阜県不破郡関ケ原町大字関ケ原2490番地の29", "url": "https://www.kaigokensaku.mhlw.go.jp/21/index.php?action_kouhyou_detail_004_kani=true&JigyosyoCd=2172400208-00&ServiceCd=430&Type=search", "url2": "http://www.town.sekigahara.gifu.jp/" }, "geometry": { "type": "Point", "coordinates": [ 136.466573899999958, 35.3590347 ] } },
{ "type": "Feature", "properties": { "内容": "居宅介護支援事業所　SKCーPlan【居宅介護支援】岐阜県不破郡関ケ原町大字関ケ原字東野3441番4有料老人ホーム　かわせみ", "url": "https://www.kaigokensaku.mhlw.go.jp/21/index.php?action_kouhyou_detail_004_kani=true&JigyosyoCd=2172400430-00&ServiceCd=430&Type=search", "url2": "http://www.sekigahara-cl.com/" }, "geometry": { "type": "Point", "coordinates": [ 136.473154720760931, 35.359721388877745 ] } },
{ "type": "Feature", "properties": { "内容": "みどりの郷介護支援センター【居宅介護支援】岐阜県安八郡神戸町北一色14番地", "url": "https://www.kaigokensaku.mhlw.go.jp/21/index.php?action_kouhyou_detail_004_kani=true&JigyosyoCd=2112500554-00&ServiceCd=430&Type=search", "url2": "https://www.eijinkai-md.jp" }, "geometry": { "type": "Point", "coordinates": [ 136.5858058, 35.428677 ] } },
{ "type": "Feature", "properties": { "内容": "神戸町社協居宅介護支援事業所【居宅介護支援】岐阜県安八郡神戸町大字八条258番地の2", "url": "https://www.kaigokensaku.mhlw.go.jp/21/index.php?action_kouhyou_detail_004_kani=true&JigyosyoCd=2172500023-00&ServiceCd=430&Type=search", "url2": "https://godo-shakyo.jp/" }, "geometry": { "type": "Point", "coordinates": [ 136.6030824, 35.407262799999977 ] } },
{ "type": "Feature", "properties": { "内容": "神戸在宅ケアサービス【居宅介護支援】岐阜県安八郡神戸町加納116-2", "url": "https://www.kaigokensaku.mhlw.go.jp/21/index.php?action_kouhyou_detail_004_kani=true&JigyosyoCd=2172500346-00&ServiceCd=430&Type=search", "url2": null }, "geometry": { "type": "Point", "coordinates": [ 136.606723099999954, 35.399937200000011 ] } },
{ "type": "Feature", "properties": { "内容": "ケアマネステーションわのうち【居宅介護支援】岐阜県安八郡輪之内町四郷２５３７番地の１", "url": "https://www.kaigokensaku.mhlw.go.jp/21/index.php?action_kouhyou_detail_004_kani=true&JigyosyoCd=2172500114-00&ServiceCd=430&Type=search", "url2": "http://www.washakyo.jp" }, "geometry": { "type": "Point", "coordinates": [ 136.638915699999984, 35.2846271 ] } },
{ "type": "Feature", "properties": { "内容": "居宅介護支援事業所　ゆとり【居宅介護支援】岐阜県安八郡輪之内町南波380－1", "url": "https://www.kaigokensaku.mhlw.go.jp/21/index.php?action_kouhyou_detail_004_kani=true&JigyosyoCd=2172500510-00&ServiceCd=430&Type=search", "url2": "http://www.seiyou.co.jp" }, "geometry": { "type": "Point", "coordinates": [ 136.634770311071918, 35.304726112141402 ] } },
{ "type": "Feature", "properties": { "内容": "あんぱちケアマネセンター【居宅介護支援】岐阜県安八郡安八町南今ケ渕400中央公民館２階", "url": "https://www.kaigokensaku.mhlw.go.jp/21/index.php?action_kouhyou_detail_004_kani=true&JigyosyoCd=2172500064-00&ServiceCd=430&Type=search", "url2": "http://www.an8syakyo.or.jp" }, "geometry": { "type": "Point", "coordinates": [ 136.665523102516204, 35.33614615325515 ] } },
{ "type": "Feature", "properties": { "内容": "在宅介護支援センター山びこの郷【居宅介護支援】岐阜県揖斐郡揖斐川町東津汲877-1", "url": "https://www.kaigokensaku.mhlw.go.jp/21/index.php?action_kouhyou_detail_004_kani=true&JigyosyoCd=2172600096-00&ServiceCd=430&Type=search", "url2": "http://ibigawa-jadecom.jp/" }, "geometry": { "type": "Point", "coordinates": [ 136.507341799999949, 35.5570822 ] } },
{ "type": "Feature", "properties": { "内容": "JAいび川訪問介護ステーション【居宅介護支援】岐阜県揖斐郡揖斐川町三輪字中新田2439-1", "url": "https://www.kaigokensaku.mhlw.go.jp/21/index.php?action_kouhyou_detail_004_kani=true&JigyosyoCd=2172600153-00&ServiceCd=430&Type=search", "url2": null }, "geometry": { "type": "Point", "coordinates": [ 136.574983477246036, 35.483513431244923 ] } },
{ "type": "Feature", "properties": { "内容": "揖斐川町社協春日居宅介護支援事業所【居宅介護支援】岐阜県揖斐郡揖斐川町春日六合３４２０番地", "url": "https://www.kaigokensaku.mhlw.go.jp/21/index.php?action_kouhyou_detail_004_kani=true&JigyosyoCd=2172600823-00&ServiceCd=430&Type=search", "url2": "http://www.ibi-syakyou.jp/" }, "geometry": { "type": "Point", "coordinates": [ 136.487623799999938, 35.4678574 ] } },
{ "type": "Feature", "properties": { "内容": "揖斐川町社協谷汲居宅介護支援事業所【居宅介護支援】岐阜県揖斐郡揖斐川町谷汲名礼265番地43", "url": "https://www.kaigokensaku.mhlw.go.jp/21/index.php?action_kouhyou_detail_004_kani=true&JigyosyoCd=2172600849-00&ServiceCd=430&Type=search", "url2": "http://www.ibi-syakyou.jp/" }, "geometry": { "type": "Point", "coordinates": [ 136.608953620901502, 35.526524524109035 ] } },
{ "type": "Feature", "properties": { "内容": "居宅介護支援事業所かりやど【居宅介護支援】岐阜県揖斐郡揖斐川町黒田４１９番地３", "url": "https://www.kaigokensaku.mhlw.go.jp/21/index.php?action_kouhyou_detail_004_kani=true&JigyosyoCd=2172601136-00&ServiceCd=430&Type=search", "url2": "http://www.syuwa-kai.jp/" }, "geometry": { "type": "Point", "coordinates": [ 136.547025774626007, 35.472877984885514 ] } },
{ "type": "Feature", "properties": { "内容": "尚和園居宅介護支援事業所【居宅介護支援】岐阜県揖斐郡揖斐川町清水77", "url": "https://www.kaigokensaku.mhlw.go.jp/21/index.php?action_kouhyou_detail_004_kani=true&JigyosyoCd=2172601367-00&ServiceCd=430&Type=search", "url2": "http://www.plaza21oono.jp/koujinkai" }, "geometry": { "type": "Point", "coordinates": [ 136.59694347730786, 35.47356503128028 ] } },
{ "type": "Feature", "properties": { "内容": "岐阜・西濃医療センター西濃厚生病院居宅介護支援事業所【居宅介護支援】岐阜県揖斐郡大野町下磯２９３番地1", "url": "https://www.kaigokensaku.mhlw.go.jp/21/index.php?action_kouhyou_detail_004_kani=true&JigyosyoCd=2112600024-00&ServiceCd=430&Type=search", "url2": "https://seino.gfkosei.or.jp" }, "geometry": { "type": "Point", "coordinates": [ 136.629355439683479, 35.429941770367527 ] } },
{ "type": "Feature", "properties": { "内容": "大野町在宅介護支援センターつつじの里【居宅介護支援】岐阜県揖斐郡大野町大字大野80番地", "url": "https://www.kaigokensaku.mhlw.go.jp/21/index.php?action_kouhyou_detail_004_kani=true&JigyosyoCd=2172600054-00&ServiceCd=430&Type=search", "url2": null }, "geometry": { "type": "Point", "coordinates": [ 136.628221280828797, 35.470725129388811 ] } },
{ "type": "Feature", "properties": { "内容": "プラザ２１おおの居宅介護支援事業所【居宅介護支援】岐阜県揖斐郡大野町南方１９１", "url": "https://www.kaigokensaku.mhlw.go.jp/21/index.php?action_kouhyou_detail_004_kani=true&JigyosyoCd=2172600401-00&ServiceCd=430&Type=search", "url2": "http://www.plaza21oono.jp" }, "geometry": { "type": "Point", "coordinates": [ 136.620772699999947, 35.4526163 ] } },
{ "type": "Feature", "properties": { "内容": "居宅介護支援事業所なごみ【居宅介護支援】岐阜県揖斐郡大野町公郷７９", "url": "https://www.kaigokensaku.mhlw.go.jp/21/index.php?action_kouhyou_detail_004_kani=true&JigyosyoCd=2172600658-00&ServiceCd=430&Type=search", "url2": "https://nagomi-wa.com" }, "geometry": { "type": "Point", "coordinates": [ 136.603740900000048, 35.4612649 ] } },
{ "type": "Feature", "properties": { "内容": "居宅介護支援事業所　まほろば【居宅介護支援】岐阜県揖斐郡大野町南方石ノ上356-1", "url": "https://www.kaigokensaku.mhlw.go.jp/21/index.php?action_kouhyou_detail_004_kani=true&JigyosyoCd=2172600930-00&ServiceCd=430&Type=search", "url2": "mahoroba-0058@vanilla.ocn.ne.jp" }, "geometry": { "type": "Point", "coordinates": [ 136.622875599999986, 35.4514305 ] } },
{ "type": "Feature", "properties": { "内容": "小森内科居宅介護支援事業所【居宅介護支援】岐阜県揖斐郡大野町黒野６４８－５", "url": "https://www.kaigokensaku.mhlw.go.jp/21/index.php?action_kouhyou_detail_004_kani=true&JigyosyoCd=2172600963-00&ServiceCd=430&Type=search", "url2": null }, "geometry": { "type": "Point", "coordinates": [ 136.635220500000059, 35.4673173 ] } },
{ "type": "Feature", "properties": { "内容": "ぎふ愛の里居宅介護支援事業所【居宅介護支援】岐阜県揖斐郡大野町大字大野　742-14", "url": "https://www.kaigokensaku.mhlw.go.jp/21/index.php?action_kouhyou_detail_004_kani=true&JigyosyoCd=2172601086-00&ServiceCd=430&Type=search", "url2": "https://www.gifu-ainosato.jp/" }, "geometry": { "type": "Point", "coordinates": [ 136.6398388, 35.4799964 ] } },
{ "type": "Feature", "properties": { "内容": "ケアプランセンターラポール【居宅介護支援】岐阜県揖斐郡大野町大字大野９２４番地１", "url": "https://www.kaigokensaku.mhlw.go.jp/21/index.php?action_kouhyou_detail_004_kani=true&JigyosyoCd=2172601102-00&ServiceCd=430&Type=search", "url2": "http://www.rapport1051.jp/" }, "geometry": { "type": "Point", "coordinates": [ 136.635433700000021, 35.4782465 ] } },
{ "type": "Feature", "properties": { "内容": "居宅介護支援事業所西美濃さくら苑【居宅介護支援】岐阜県揖斐郡池田町田中５－１", "url": "https://www.kaigokensaku.mhlw.go.jp/21/index.php?action_kouhyou_detail_004_kani=true&JigyosyoCd=2152680050-00&ServiceCd=430&Type=search", "url2": "https://n-sakuraen.jp" }, "geometry": { "type": "Point", "coordinates": [ 136.559901500000024, 35.4612426 ] } },
{ "type": "Feature", "properties": { "内容": "株式会社新生メディカル　池田営業所【居宅介護支援】岐阜県揖斐郡池田町本郷1531-1", "url": "https://www.kaigokensaku.mhlw.go.jp/21/index.php?action_kouhyou_detail_004_kani=true&JigyosyoCd=2172600021-00&ServiceCd=430&Type=search", "url2": "http://www.shinsei-md.jp/" }, "geometry": { "type": "Point", "coordinates": [ 136.574906300000066, 35.4428948 ] } },
{ "type": "Feature", "properties": { "内容": "池田町社協介護予防センター【居宅介護支援】岐阜県揖斐郡池田町本郷1628番地の2池田町福祉センター内", "url": "https://www.kaigokensaku.mhlw.go.jp/21/index.php?action_kouhyou_detail_004_kani=true&JigyosyoCd=2172600187-00&ServiceCd=430&Type=search", "url2": "http://www.gifu-ikeda-shakyo.jp/" }, "geometry": { "type": "Point", "coordinates": [ 136.5767588, 35.443205900000017 ] } },
{ "type": "Feature", "properties": { "内容": "サンビレッジ・ケアマネジメントセンター（II）【居宅介護支援】岐阜県揖斐郡池田町本郷１５０１", "url": "https://www.kaigokensaku.mhlw.go.jp/21/index.php?action_kouhyou_detail_004_kani=true&JigyosyoCd=2172600922-00&ServiceCd=430&Type=search", "url2": "https://www.sun-village.jp/" }, "geometry": { "type": "Point", "coordinates": [ 136.575547799999981, 35.4440335 ] } },
{ "type": "Feature", "properties": { "内容": "居宅介護支援ケアマネジメントくつい【居宅介護支援】岐阜県揖斐郡池田町沓井25番地１", "url": "https://www.kaigokensaku.mhlw.go.jp/21/index.php?action_kouhyou_detail_004_kani=true&JigyosyoCd=2172601433-00&ServiceCd=430&Type=search", "url2": "http://www.kutsui-day.com/kyotaku/" }, "geometry": { "type": "Point", "coordinates": [ 136.549268236817937, 35.468499558502273 ] } },
{ "type": "Feature", "properties": { "内容": "北方町居宅介護支援センター【居宅介護支援】岐阜県本巣郡北方町高屋白木2丁目40番地", "url": "https://www.kaigokensaku.mhlw.go.jp/21/index.php?action_kouhyou_detail_004_kani=true&JigyosyoCd=2170700112-00&ServiceCd=430&Type=search", "url2": "http://kitagatashakyo.or.jp" }, "geometry": { "type": "Point", "coordinates": [ 136.690344699999969, 35.4168315 ] } },
{ "type": "Feature", "properties": { "内容": "もとす医師会もとす居宅介護支援事業部【居宅介護支援】岐阜県本巣郡北方町北方3219番地の25", "url": "https://www.kaigokensaku.mhlw.go.jp/21/index.php?action_kouhyou_detail_004_kani=true&JigyosyoCd=2170700385-00&ServiceCd=430&Type=search", "url2": null }, "geometry": { "type": "Point", "coordinates": [ 136.678389599999946, 35.4394645 ] } },
{ "type": "Feature", "properties": { "内容": "ケアプランセンター北方【居宅介護支援】岐阜県本巣郡北方町柱本白坪２丁目３番地", "url": "https://www.kaigokensaku.mhlw.go.jp/21/index.php?action_kouhyou_detail_004_kani=true&JigyosyoCd=2170700641-00&ServiceCd=430&Type=search", "url2": "http://www.wakokai.or.jp" }, "geometry": { "type": "Point", "coordinates": [ 136.69479829524542, 35.427157947264185 ] } },
{ "type": "Feature", "properties": { "内容": "坂祝町居宅介護支援事業所【居宅介護支援】岐阜県加茂郡坂祝町黒岩153番地1", "url": "https://www.kaigokensaku.mhlw.go.jp/21/index.php?action_kouhyou_detail_004_kani=true&JigyosyoCd=2171300458-00&ServiceCd=430&Type=search", "url2": "http://www.sakasyakyou.jp" }, "geometry": { "type": "Point", "coordinates": [ 136.979431699999964, 35.4406823 ] } },
{ "type": "Feature", "properties": { "内容": "あずさ居宅介護支援事業所【居宅介護支援】岐阜県加茂郡坂祝町酒倉1295-2", "url": "https://www.kaigokensaku.mhlw.go.jp/21/index.php?action_kouhyou_detail_004_kani=true&JigyosyoCd=2171300847-00&ServiceCd=430&Type=search", "url2": "http://www.yym-azusa.com" }, "geometry": { "type": "Point", "coordinates": [ 136.992837409648132, 35.439662559363128 ] } },
{ "type": "Feature", "properties": { "内容": "明星居宅介護支援事業所【居宅介護支援】岐阜県加茂郡富加町夕田３８０番地", "url": "https://www.kaigokensaku.mhlw.go.jp/21/index.php?action_kouhyou_detail_004_kani=true&JigyosyoCd=2171300516-00&ServiceCd=430&Type=search", "url2": "https://meiseikai-century21.com" }, "geometry": { "type": "Point", "coordinates": [ 136.989525599999979, 35.4848503 ] } },
{ "type": "Feature", "properties": { "内容": "居宅介護支援センターとみか【居宅介護支援】岐阜県加茂郡富加町大平賀1495番地1", "url": "https://www.kaigokensaku.mhlw.go.jp/21/index.php?action_kouhyou_detail_004_kani=true&JigyosyoCd=2171300961-00&ServiceCd=430&Type=search", "url2": "http://miwakai.or.jp" }, "geometry": { "type": "Point", "coordinates": [ 136.973102823679483, 35.507543464072121 ] } },
{ "type": "Feature", "properties": { "内容": "ケアプランセンターはぶり【居宅介護支援】岐阜県加茂郡富加町大平賀島ノ前４１７番地１", "url": "https://www.kaigokensaku.mhlw.go.jp/21/index.php?action_kouhyou_detail_004_kani=true&JigyosyoCd=2171301118-00&ServiceCd=430&Type=search", "url2": null }, "geometry": { "type": "Point", "coordinates": [ 136.960738138369834, 35.495848360368015 ] } },
{ "type": "Feature", "properties": { "内容": "川辺町在宅介護支援センター【居宅介護支援】岐阜県加茂郡川辺町上川辺930番地の1", "url": "https://www.kaigokensaku.mhlw.go.jp/21/index.php?action_kouhyou_detail_004_kani=true&JigyosyoCd=2171300094-00&ServiceCd=430&Type=search", "url2": "https://www.jikeikai-sawayaka.jp" }, "geometry": { "type": "Point", "coordinates": [ 137.080407199999968, 35.5125789 ] } },
{ "type": "Feature", "properties": { "内容": "川辺町社会福祉協議会指定居宅介護支援事業所【居宅介護支援】岐阜県加茂郡川辺町石神１２８番地川辺町社会福祉協議会　通所介護事業所（いきいきデイサービスセンター川辺）", "url": "https://www.kaigokensaku.mhlw.go.jp/21/index.php?action_kouhyou_detail_004_kani=true&JigyosyoCd=2171300284-00&ServiceCd=430&Type=search", "url2": "http://www.kawabesyakyo.jp" }, "geometry": { "type": "Point", "coordinates": [ 137.070974699999965, 35.494714 ] } },
{ "type": "Feature", "properties": { "内容": "サンホーム七宗居宅介護支援事業所【居宅介護支援】岐阜県加茂郡七宗町神渕10327番地1", "url": "https://www.kaigokensaku.mhlw.go.jp/21/index.php?action_kouhyou_detail_004_kani=true&JigyosyoCd=2171300557-00&ServiceCd=430&Type=search", "url2": "https://www.hichiso-shakyo.jp/" }, "geometry": { "type": "Point", "coordinates": [ 137.085674, 35.5902321 ] } },
{ "type": "Feature", "properties": { "内容": "八百津町指定居宅介護支援事業所【居宅介護支援】岐阜県加茂郡八百津町八百津３８３６番地３", "url": "https://www.kaigokensaku.mhlw.go.jp/21/index.php?action_kouhyou_detail_004_kani=true&JigyosyoCd=2171300136-00&ServiceCd=430&Type=search", "url2": "https://www.yaotsu-shakyo.or.jp" }, "geometry": { "type": "Point", "coordinates": [ 137.143501799999967, 35.4768129 ] } },
{ "type": "Feature", "properties": { "内容": "伊佐治医院居宅介護支援事業所【居宅介護支援】岐阜県加茂郡八百津町錦織1530-39", "url": "https://www.kaigokensaku.mhlw.go.jp/21/index.php?action_kouhyou_detail_004_kani=true&JigyosyoCd=2171300862-00&ServiceCd=430&Type=search", "url2": "http://www.isaji-daichikai.com/original10.html.html" }, "geometry": { "type": "Point", "coordinates": [ 137.1519872, 35.4735552 ] } },
{ "type": "Feature", "properties": { "内容": "八百津町在宅介護支援センター【居宅介護支援】岐阜県加茂郡八百津町久田見1240番地", "url": "https://www.kaigokensaku.mhlw.go.jp/21/index.php?action_kouhyou_detail_004_kani=true&JigyosyoCd=2171301001-00&ServiceCd=430&Type=search", "url2": null }, "geometry": { "type": "Point", "coordinates": [ 137.1705452, 35.5287614 ] } },
{ "type": "Feature", "properties": { "内容": "のひケアセンター【居宅介護支援】岐阜県加茂郡白川町赤河399番地", "url": "https://www.kaigokensaku.mhlw.go.jp/21/index.php?action_kouhyou_detail_004_kani=true&JigyosyoCd=2171301068-00&ServiceCd=430&Type=search", "url2": null }, "geometry": { "type": "Point", "coordinates": [ 137.268432600000011, 35.5509969 ] } },
{ "type": "Feature", "properties": { "内容": "白川町在宅介護支援センター【居宅介護支援】岐阜県加茂郡白川町坂ノ東５７７０番地", "url": "https://www.kaigokensaku.mhlw.go.jp/21/index.php?action_kouhyou_detail_004_kani=true&JigyosyoCd=2171300128-00&ServiceCd=430&Type=search", "url2": "http://www.shirakawahp.com/" }, "geometry": { "type": "Point", "coordinates": [ 137.164928700000019, 35.6036807 ] } },
{ "type": "Feature", "properties": { "内容": "さわやか白楽園居宅介護支援事業所【居宅介護支援】岐阜県加茂郡白川町三川2065の２", "url": "https://www.kaigokensaku.mhlw.go.jp/21/index.php?action_kouhyou_detail_004_kani=true&JigyosyoCd=2171300219-00&ServiceCd=430&Type=search", "url2": "https://shirakawa-shakyo.or.jp/" }, "geometry": { "type": "Point", "coordinates": [ 137.2120493, 35.5719276 ] } },
{ "type": "Feature", "properties": { "内容": "東白川村在宅介護支援センター【居宅介護支援】岐阜県加茂郡東白川村神土６９７－１", "url": "https://www.kaigokensaku.mhlw.go.jp/21/index.php?action_kouhyou_detail_004_kani=true&JigyosyoCd=2171300110-00&ServiceCd=430&Type=search", "url2": "http://higashishirakawa-shakyo.hp.gogo.jp/pc/" }, "geometry": { "type": "Point", "coordinates": [ 137.333372837434382, 35.646668523022271 ] } },
{ "type": "Feature", "properties": { "内容": "御嵩町社会福祉協議会【居宅介護支援】岐阜県可児郡御嵩町御嵩１２３９番地１０", "url": "https://www.kaigokensaku.mhlw.go.jp/21/index.php?action_kouhyou_detail_004_kani=true&JigyosyoCd=2171400068-00&ServiceCd=430&Type=search", "url2": "http://mitake-syakyo.jp/" }, "geometry": { "type": "Point", "coordinates": [ 137.130776400000059, 35.4338037 ] } },
{ "type": "Feature", "properties": { "内容": "御嵩町在宅介護支援センター【居宅介護支援】岐阜県可児郡御嵩町井尻６５番地１", "url": "https://www.kaigokensaku.mhlw.go.jp/21/index.php?action_kouhyou_detail_004_kani=true&JigyosyoCd=2171400076-00&ServiceCd=430&Type=search", "url2": "http://www.jikeikai-sawayaka.jp" }, "geometry": { "type": "Point", "coordinates": [ 137.1484087, 35.4311205 ] } },
{ "type": "Feature", "properties": { "内容": "桃井病院居宅介護支援事業所【居宅介護支援】岐阜県可児郡御嵩町中2163", "url": "https://www.kaigokensaku.mhlw.go.jp/21/index.php?action_kouhyou_detail_004_kani=true&JigyosyoCd=2171400142-00&ServiceCd=430&Type=search", "url2": "https://www.momoi-hp.com/" }, "geometry": { "type": "Point", "coordinates": [ 137.124427, 35.4326897 ] } },
{ "type": "Feature", "properties": { "内容": "JAめぐみの　みたけ居宅介護支援事業所【居宅介護支援】岐阜県可児郡御嵩町御嵩３５８－１", "url": "https://www.kaigokensaku.mhlw.go.jp/21/index.php?action_kouhyou_detail_004_kani=true&JigyosyoCd=2171400258-00&ServiceCd=430&Type=search", "url2": null }, "geometry": { "type": "Point", "coordinates": [ 137.143091241091923, 35.430387633935354 ] } },
{ "type": "Feature", "properties": { "内容": "あさひ居宅介護支援事業所【居宅介護支援】岐阜県可児郡御嵩町上恵土117番地3", "url": "https://www.kaigokensaku.mhlw.go.jp/21/index.php?action_kouhyou_detail_004_kani=true&JigyosyoCd=2171400332-00&ServiceCd=430&Type=search", "url2": null }, "geometry": { "type": "Point", "coordinates": [ 137.083591599135531, 35.444060178077002 ] } },
{ "type": "Feature", "properties": { "内容": "しゃくなげ荘居宅介護支援事業所【居宅介護支援】岐阜県大野郡白川村大字長瀬字小保木755-14", "url": "https://www.kaigokensaku.mhlw.go.jp/21/index.php?action_kouhyou_detail_004_kani=true&JigyosyoCd=2172900504-00&ServiceCd=430&Type=search", "url2": "https://iful-jikeikai.com" }, "geometry": { "type": "Point", "coordinates": [ 136.906719220629498, 36.173694688773637 ] } }
]
}
