{
"type": "FeatureCollection",
"name": "geo_21_2",
"crs": { "type": "name", "properties": { "name": "urn:ogc:def:crs:OGC:1.3:CRS84" } },
"features": [
{ "type": "Feature", "properties": { "ID": 2121342000154, "正式名称": "天野眼科医院", "機関区分": 2, "都道府県コード": 21, "市区町村コード": 201, "所在地": "岐阜県岐阜市川端町６", "緯度": 35.422475, "経度": 136.762336, "url": "https://www.iryou.teikyouseido.mhlw.go.jp/znk-web/juminkanja/S2430/initialize?prefCd=21&kikanCd=1342000154&kikanKbn=2", "url2": null, "内容": "天野眼科医院【2:診療所】【診療科目:眼科】岐阜県岐阜市川端町６" }, "geometry": { "type": "Point", "coordinates": [ 136.762336, 35.422475 ] } },
{ "type": "Feature", "properties": { "ID": 2121342000156, "正式名称": "あんどう内科クリニック", "機関区分": 2, "都道府県コード": 21, "市区町村コード": 201, "所在地": "岐阜県岐阜市東駒爪町５", "緯度": 35.416345, "経度": 136.763525, "url": "https://www.iryou.teikyouseido.mhlw.go.jp/znk-web/juminkanja/S2430/initialize?prefCd=21&kikanCd=1342000156&kikanKbn=2", "url2": "https://andoc-clinic.com/", "内容": "あんどう内科クリニック【2:診療所】【診療科目:内科】岐阜県岐阜市東駒爪町５" }, "geometry": { "type": "Point", "coordinates": [ 136.763525, 35.416345 ] } },
{ "type": "Feature", "properties": { "ID": 2121342000175, "正式名称": "加藤内科クリニック", "機関区分": 2, "都道府県コード": 21, "市区町村コード": 201, "所在地": "岐阜県岐阜市金屋町１－１８", "緯度": 35.423077, "経度": 136.763718, "url": "https://www.iryou.teikyouseido.mhlw.go.jp/znk-web/juminkanja/S2430/initialize?prefCd=21&kikanCd=1342000175&kikanKbn=2", "url2": "http://www.kato-naika.jp", "内容": "加藤内科クリニック【2:診療所】【診療科目:内科_循環器内科】岐阜県岐阜市金屋町１－１８" }, "geometry": { "type": "Point", "coordinates": [ 136.763718, 35.423077 ] } },
{ "type": "Feature", "properties": { "ID": 2121342000185, "正式名称": "加野医院", "機関区分": 2, "都道府県コード": 21, "市区町村コード": 201, "所在地": "岐阜県岐阜市上新町１４", "緯度": 35.432825, "経度": 136.768438, "url": "https://www.iryou.teikyouseido.mhlw.go.jp/znk-web/juminkanja/S2430/initialize?prefCd=21&kikanCd=1342000185&kikanKbn=2", "url2": null, "内容": "加野医院【2:診療所】【診療科目:内科_小児科_放射線科】岐阜県岐阜市上新町１４" }, "geometry": { "type": "Point", "coordinates": [ 136.768438, 35.432825 ] } },
{ "type": "Feature", "properties": { "ID": 2121342000190, "正式名称": "岐阜泌尿器科", "機関区分": 2, "都道府県コード": 21, "市区町村コード": 201, "所在地": "岐阜県岐阜市葭町２ー８", "緯度": 35.412299, "経度": 136.744109, "url": "https://www.iryou.teikyouseido.mhlw.go.jp/znk-web/juminkanja/S2430/initialize?prefCd=21&kikanCd=1342000190&kikanKbn=2", "url2": "http://www.ccn.aitai.ne.jp/~m-38ito/index.html", "内容": "岐阜泌尿器科【2:診療所】【診療科目:肛門外科_皮膚科_泌尿器科】岐阜県岐阜市葭町２ー８" }, "geometry": { "type": "Point", "coordinates": [ 136.744109, 35.412299 ] } },
{ "type": "Feature", "properties": { "ID": 2121342000197, "正式名称": "小坂内科", "機関区分": 2, "都道府県コード": 21, "市区町村コード": 201, "所在地": "岐阜県岐阜市神田町６ー１０", "緯度": 35.416295, "経度": 136.76017, "url": "https://www.iryou.teikyouseido.mhlw.go.jp/znk-web/juminkanja/S2430/initialize?prefCd=21&kikanCd=1342000197&kikanKbn=2", "url2": null, "内容": "小坂内科【2:診療所】【診療科目:内科】岐阜県岐阜市神田町６ー１０" }, "geometry": { "type": "Point", "coordinates": [ 136.76017, 35.416295 ] } },
{ "type": "Feature", "properties": { "ID": 2121342000204, "正式名称": "佐久間眼科院", "機関区分": 2, "都道府県コード": 21, "市区町村コード": 201, "所在地": "岐阜県岐阜市北一色", "緯度": 35.417608, "経度": 136.790936, "url": "https://www.iryou.teikyouseido.mhlw.go.jp/znk-web/juminkanja/S2430/initialize?prefCd=21&kikanCd=1342000204&kikanKbn=2", "url2": null, "内容": "佐久間眼科院【2:診療所】【診療科目:眼科】岐阜県岐阜市北一色" }, "geometry": { "type": "Point", "coordinates": [ 136.790936, 35.417608 ] } },
{ "type": "Feature", "properties": { "ID": 2121342000217, "正式名称": "高橋眼科医院", "機関区分": 2, "都道府県コード": 21, "市区町村コード": 201, "所在地": "岐阜県岐阜市早田栄町１丁目２３", "緯度": 35.434541, "経度": 136.750102, "url": "https://www.iryou.teikyouseido.mhlw.go.jp/znk-web/juminkanja/S2430/initialize?prefCd=21&kikanCd=1342000217&kikanKbn=2", "url2": "http://www.takahashiganka-gifu.jp", "内容": "高橋眼科医院【2:診療所】【診療科目:眼科】岐阜県岐阜市早田栄町１丁目２３" }, "geometry": { "type": "Point", "coordinates": [ 136.750102, 35.434541 ] } },
{ "type": "Feature", "properties": { "ID": 2121342000218, "正式名称": "高牟礼耳鼻咽喉科", "機関区分": 2, "都道府県コード": 21, "市区町村コード": 201, "所在地": "岐阜県岐阜市西野町５ー５３", "緯度": 35.425565, "経度": 136.753069, "url": "https://www.iryou.teikyouseido.mhlw.go.jp/znk-web/juminkanja/S2430/initialize?prefCd=21&kikanCd=1342000218&kikanKbn=2", "url2": null, "内容": "高牟礼耳鼻咽喉科【2:診療所】【診療科目:耳鼻いんこう科_気管食道・耳鼻いんこう科】岐阜県岐阜市西野町５ー５３" }, "geometry": { "type": "Point", "coordinates": [ 136.753069, 35.425565 ] } },
{ "type": "Feature", "properties": { "ID": 2121342000223, "正式名称": "戸谷内科", "機関区分": 2, "都道府県コード": 21, "市区町村コード": 201, "所在地": "岐阜県岐阜市大福８－３５", "緯度": 35.437875, "経度": 136.735983, "url": "https://www.iryou.teikyouseido.mhlw.go.jp/znk-web/juminkanja/S2430/initialize?prefCd=21&kikanCd=1342000223&kikanKbn=2", "url2": "https://totaninaika-gifu.com/          https://totaninaika-gifu.doctorsfile.jp", "内容": "戸谷内科【2:診療所】【診療科目:内科_糖尿病・代謝内科_心療内科】岐阜県岐阜市大福８－３５" }, "geometry": { "type": "Point", "coordinates": [ 136.735983, 35.437875 ] } },
{ "type": "Feature", "properties": { "ID": 2121342000232, "正式名称": "西野町クリニック", "機関区分": 2, "都道府県コード": 21, "市区町村コード": 201, "所在地": "岐阜県岐阜市西野町４−４３", "緯度": 35.426238, "経度": 136.75435, "url": "https://www.iryou.teikyouseido.mhlw.go.jp/znk-web/juminkanja/S2430/initialize?prefCd=21&kikanCd=1342000232&kikanKbn=2", "url2": "https://sites.google.com/nishinomachi-clinic.com/home/%E3%83%9B%E3%83%BC%E3%83%A0", "内容": "西野町クリニック【2:診療所】【診療科目:内科_消化器内科_小児科_皮膚科_リハビリテーション科】岐阜県岐阜市西野町４−４３" }, "geometry": { "type": "Point", "coordinates": [ 136.75435, 35.426238 ] } },
{ "type": "Feature", "properties": { "ID": 2121342000245, "正式名称": "三好内科医院", "機関区分": 2, "都道府県コード": 21, "市区町村コード": 201, "所在地": "岐阜県岐阜市北一色９ー１ー２７", "緯度": 35.416431, "経度": 136.793057, "url": "https://www.iryou.teikyouseido.mhlw.go.jp/znk-web/juminkanja/S2430/initialize?prefCd=21&kikanCd=1342000245&kikanKbn=2", "url2": "https://miyoshi-naikaiin.doctorsfile.jp", "内容": "三好内科医院【2:診療所】【診療科目:内科_呼吸器内科_循環器内科_消化器内科_神経内科】岐阜県岐阜市北一色９ー１ー２７" }, "geometry": { "type": "Point", "coordinates": [ 136.793057, 35.416431 ] } },
{ "type": "Feature", "properties": { "ID": 2121342000251, "正式名称": "守屋医院", "機関区分": 2, "都道府県コード": 21, "市区町村コード": 201, "所在地": "岐阜県岐阜市柳川町１８", "緯度": 35.418059, "経度": 136.752154, "url": "https://www.iryou.teikyouseido.mhlw.go.jp/znk-web/juminkanja/S2430/initialize?prefCd=21&kikanCd=1342000251&kikanKbn=2", "url2": "https://moriyaclinic.jimdo.com/", "内容": "守屋医院【2:診療所】【診療科目:内科_循環器内科_外科_心臓血管外科】岐阜県岐阜市柳川町１８" }, "geometry": { "type": "Point", "coordinates": [ 136.752154, 35.418059 ] } },
{ "type": "Feature", "properties": { "ID": 2121342000256, "正式名称": "医療法人　孝樹会　山本医院", "機関区分": 2, "都道府県コード": 21, "市区町村コード": 201, "所在地": "岐阜県岐阜市桜通", "緯度": 35.420078, "経度": 136.75194, "url": "https://www.iryou.teikyouseido.mhlw.go.jp/znk-web/juminkanja/S2430/initialize?prefCd=21&kikanCd=1342000256&kikanKbn=2", "url2": null, "内容": "医療法人　孝樹会　山本医院【2:診療所】【診療科目:内科_呼吸器内科_循環器内科_小児科】岐阜県岐阜市桜通" }, "geometry": { "type": "Point", "coordinates": [ 136.75194, 35.420078 ] } },
{ "type": "Feature", "properties": { "ID": 2121342000260, "正式名称": "和田医院", "機関区分": 2, "都道府県コード": 21, "市区町村コード": 201, "所在地": "岐阜県岐阜市芥見東山１２－１", "緯度": 35.461292, "経度": 136.853201, "url": "https://www.iryou.teikyouseido.mhlw.go.jp/znk-web/juminkanja/S2430/initialize?prefCd=21&kikanCd=1342000260&kikanKbn=2", "url2": "https://www.wadaiin.net/", "内容": "和田医院【2:診療所】【診療科目:内科_糖尿病内科_呼吸器内科_循環器内科_消化器内科_アレルギー科】岐阜県岐阜市芥見東山１２－１" }, "geometry": { "type": "Point", "coordinates": [ 136.853201, 35.461292 ] } },
{ "type": "Feature", "properties": { "ID": 2121342000266, "正式名称": "田中医院", "機関区分": 2, "都道府県コード": 21, "市区町村コード": 201, "所在地": "岐阜県岐阜市金園町", "緯度": 35.416547, "経度": 136.775252, "url": "https://www.iryou.teikyouseido.mhlw.go.jp/znk-web/juminkanja/S2430/initialize?prefCd=21&kikanCd=1342000266&kikanKbn=2", "url2": "https://gifu-tanakaiin.com/", "内容": "田中医院【2:診療所】【診療科目:内科_糖尿病・代謝内科_循環器内科_腎臓内科】岐阜県岐阜市金園町" }, "geometry": { "type": "Point", "coordinates": [ 136.775252, 35.416547 ] } },
{ "type": "Feature", "properties": { "ID": 2121342000269, "正式名称": "森医院", "機関区分": 2, "都道府県コード": 21, "市区町村コード": 201, "所在地": "岐阜県岐阜市香取町３丁目４８番地", "緯度": 35.414001, "経度": 136.727791, "url": "https://www.iryou.teikyouseido.mhlw.go.jp/znk-web/juminkanja/S2430/initialize?prefCd=21&kikanCd=1342000269&kikanKbn=2", "url2": "http://www.moriiin.com/", "内容": "森医院【2:診療所】【診療科目:内科_循環器内科_リハビリテーション科】岐阜県岐阜市香取町３丁目４８番地" }, "geometry": { "type": "Point", "coordinates": [ 136.727791, 35.414001 ] } },
{ "type": "Feature", "properties": { "ID": 2121342000282, "正式名称": "棚橋内科", "機関区分": 2, "都道府県コード": 21, "市区町村コード": 201, "所在地": "岐阜県岐阜市長森本町１ー８ー６", "緯度": 35.419669, "経度": 136.797576, "url": "https://www.iryou.teikyouseido.mhlw.go.jp/znk-web/juminkanja/S2430/initialize?prefCd=21&kikanCd=1342000282&kikanKbn=2", "url2": "http://www.tanahashi-naika.com/", "内容": "棚橋内科【2:診療所】【診療科目:内科_代謝内科_内分泌内科_循環器内科_消化器内科_小児科】岐阜県岐阜市長森本町１ー８ー６" }, "geometry": { "type": "Point", "coordinates": [ 136.797576, 35.419669 ] } },
{ "type": "Feature", "properties": { "ID": 2121342000290, "正式名称": "森皮膚科", "機関区分": 2, "都道府県コード": 21, "市区町村コード": 201, "所在地": "岐阜県岐阜市金町", "緯度": 35.417055, "経度": 136.756419, "url": "https://www.iryou.teikyouseido.mhlw.go.jp/znk-web/juminkanja/S2430/initialize?prefCd=21&kikanCd=1342000290&kikanKbn=2", "url2": "https://mori-hifuka.net/", "内容": "森皮膚科【2:診療所】【診療科目:皮膚科】岐阜県岐阜市金町" }, "geometry": { "type": "Point", "coordinates": [ 136.756419, 35.417055 ] } },
{ "type": "Feature", "properties": { "ID": 2121342000294, "正式名称": "細川医院", "機関区分": 2, "都道府県コード": 21, "市区町村コード": 201, "所在地": "岐阜県岐阜市江川町", "緯度": 35.422935, "経度": 136.759714, "url": "https://www.iryou.teikyouseido.mhlw.go.jp/znk-web/juminkanja/S2430/initialize?prefCd=21&kikanCd=1342000294&kikanKbn=2", "url2": "http://hoso-clinic.com/", "内容": "細川医院【2:診療所】【診療科目:内科_循環器内科_心療内科】岐阜県岐阜市江川町" }, "geometry": { "type": "Point", "coordinates": [ 136.759714, 35.422935 ] } },
{ "type": "Feature", "properties": { "ID": 2121342000295, "正式名称": "はしもと内科", "機関区分": 2, "都道府県コード": 21, "市区町村コード": 201, "所在地": "岐阜県岐阜市岩地１ー２ー８", "緯度": 35.410588, "経度": 136.807159, "url": "https://www.iryou.teikyouseido.mhlw.go.jp/znk-web/juminkanja/S2430/initialize?prefCd=21&kikanCd=1342000295&kikanKbn=2", "url2": "http://gifu-hashimotonaika.com/", "内容": "はしもと内科【2:診療所】【診療科目:内科_糖尿病内科_呼吸器内科_循環器内科_消化器内科_神経内科_アレルギー科】岐阜県岐阜市岩地１ー２ー８" }, "geometry": { "type": "Point", "coordinates": [ 136.807159, 35.410588 ] } },
{ "type": "Feature", "properties": { "ID": 2121342000312, "正式名称": "江崎耳鼻咽喉科", "機関区分": 2, "都道府県コード": 21, "市区町村コード": 201, "所在地": "岐阜県岐阜市七軒町２２", "緯度": 35.426185, "経度": 136.762098, "url": "https://www.iryou.teikyouseido.mhlw.go.jp/znk-web/juminkanja/S2430/initialize?prefCd=21&kikanCd=1342000312&kikanKbn=2", "url2": "http://nttbj.itp.ne.jp/0582624396/index.html", "内容": "江崎耳鼻咽喉科【2:診療所】【診療科目:小児科_耳鼻いんこう科】岐阜県岐阜市七軒町２２" }, "geometry": { "type": "Point", "coordinates": [ 136.762098, 35.426185 ] } },
{ "type": "Feature", "properties": { "ID": 2121342000313, "正式名称": "しま医院", "機関区分": 2, "都道府県コード": 21, "市区町村コード": 201, "所在地": "岐阜県岐阜市池ノ上町４ー７４", "緯度": 35.429454, "経度": 136.740773, "url": "https://www.iryou.teikyouseido.mhlw.go.jp/znk-web/juminkanja/S2430/initialize?prefCd=21&kikanCd=1342000313&kikanKbn=2", "url2": "http://www.shima-iin.com", "内容": "しま医院【2:診療所】【診療科目:内科_腎臓内科_小児科_婦人科_リウマチ科】岐阜県岐阜市池ノ上町４ー７４" }, "geometry": { "type": "Point", "coordinates": [ 136.740773, 35.429454 ] } },
{ "type": "Feature", "properties": { "ID": 2121342000318, "正式名称": "医療法人内田眼科", "機関区分": 2, "都道府県コード": 21, "市区町村コード": 201, "所在地": "岐阜県岐阜市吹上町５丁目１番地２", "緯度": 35.417283, "経度": 136.753269, "url": "https://www.iryou.teikyouseido.mhlw.go.jp/znk-web/juminkanja/S2430/initialize?prefCd=21&kikanCd=1342000318&kikanKbn=2", "url2": null, "内容": "医療法人内田眼科【2:診療所】【診療科目:眼科】岐阜県岐阜市吹上町５丁目１番地２" }, "geometry": { "type": "Point", "coordinates": [ 136.753269, 35.417283 ] } },
{ "type": "Feature", "properties": { "ID": 2121342000324, "正式名称": "石山泌尿器科・皮膚科", "機関区分": 2, "都道府県コード": 21, "市区町村コード": 201, "所在地": "岐阜県岐阜市矢島町２ー５３", "緯度": 35.428973, "経度": 136.763351, "url": "https://www.iryou.teikyouseido.mhlw.go.jp/znk-web/juminkanja/S2430/initialize?prefCd=21&kikanCd=1342000324&kikanKbn=2", "url2": null, "内容": "石山泌尿器科・皮膚科【2:診療所】【診療科目:皮膚科_泌尿器科】岐阜県岐阜市矢島町２ー５３" }, "geometry": { "type": "Point", "coordinates": [ 136.763351, 35.428973 ] } },
{ "type": "Feature", "properties": { "ID": 2121342000332, "正式名称": "棚橋耳鼻咽喉科", "機関区分": 2, "都道府県コード": 21, "市区町村コード": 201, "所在地": "岐阜県岐阜市霞町２４番地", "緯度": 35.416366, "経度": 136.761906, "url": "https://www.iryou.teikyouseido.mhlw.go.jp/znk-web/juminkanja/S2430/initialize?prefCd=21&kikanCd=1342000332&kikanKbn=2", "url2": null, "内容": "棚橋耳鼻咽喉科【2:診療所】【診療科目:内科_外科_小児科_耳鼻いんこう科_皮膚科_アレルギー科_麻酔科】岐阜県岐阜市霞町２４番地" }, "geometry": { "type": "Point", "coordinates": [ 136.761906, 35.416366 ] } },
{ "type": "Feature", "properties": { "ID": 2121342000333, "正式名称": "かとう泌尿器科・内科クリニック", "機関区分": 2, "都道府県コード": 21, "市区町村コード": 201, "所在地": "岐阜県岐阜市長住町９ー１８", "緯度": 35.4124, "経度": 136.74891, "url": "https://www.iryou.teikyouseido.mhlw.go.jp/znk-web/juminkanja/S2430/initialize?prefCd=21&kikanCd=1342000333&kikanKbn=2", "url2": "https://www.kato-iin.info/", "内容": "かとう泌尿器科・内科クリニック【2:診療所】【診療科目:内科_泌尿器科】岐阜県岐阜市長住町９ー１８" }, "geometry": { "type": "Point", "coordinates": [ 136.74891, 35.4124 ] } },
{ "type": "Feature", "properties": { "ID": 2121342000338, "正式名称": "後藤医院", "機関区分": 2, "都道府県コード": 21, "市区町村コード": 201, "所在地": "岐阜県岐阜市芥見５ー８６", "緯度": 35.449772, "経度": 136.845122, "url": "https://www.iryou.teikyouseido.mhlw.go.jp/znk-web/juminkanja/S2430/initialize?prefCd=21&kikanCd=1342000338&kikanKbn=2", "url2": null, "内容": "後藤医院【2:診療所】【診療科目:内科_循環器内科_消化器内科】岐阜県岐阜市芥見５ー８６" }, "geometry": { "type": "Point", "coordinates": [ 136.845122, 35.449772 ] } },
{ "type": "Feature", "properties": { "ID": 2121342000341, "正式名称": "眼科林クリニック", "機関区分": 2, "都道府県コード": 21, "市区町村コード": 201, "所在地": "岐阜県岐阜市大洞柏台４－３－３", "緯度": 35.460965, "経度": 136.868533, "url": "https://www.iryou.teikyouseido.mhlw.go.jp/znk-web/juminkanja/S2430/initialize?prefCd=21&kikanCd=1342000341&kikanKbn=2", "url2": null, "内容": "眼科林クリニック【2:診療所】【診療科目:眼科】岐阜県岐阜市大洞柏台４－３－３" }, "geometry": { "type": "Point", "coordinates": [ 136.868533, 35.460965 ] } },
{ "type": "Feature", "properties": { "ID": 2121342000347, "正式名称": "はやの耳鼻いんこう科", "機関区分": 2, "都道府県コード": 21, "市区町村コード": 201, "所在地": "岐阜県岐阜市月丘町４丁目１１ー１", "緯度": 35.41613, "経度": 136.782728, "url": "https://www.iryou.teikyouseido.mhlw.go.jp/znk-web/juminkanja/S2430/initialize?prefCd=21&kikanCd=1342000347&kikanKbn=2", "url2": "https://www.hayano-jibika.com/", "内容": "はやの耳鼻いんこう科【2:診療所】【診療科目:耳鼻いんこう科_気管食道・耳鼻いんこう科_アレルギー科】岐阜県岐阜市月丘町４丁目１１ー１" }, "geometry": { "type": "Point", "coordinates": [ 136.782728, 35.41613 ] } },
{ "type": "Feature", "properties": { "ID": 2121342000359, "正式名称": "青木内科・眼科", "機関区分": 2, "都道府県コード": 21, "市区町村コード": 201, "所在地": "岐阜県岐阜市則武中３−５−１５", "緯度": 35.443975, "経度": 136.739758, "url": "https://www.iryou.teikyouseido.mhlw.go.jp/znk-web/juminkanja/S2430/initialize?prefCd=21&kikanCd=1342000359&kikanKbn=2", "url2": "http://www.aoki-naikaganka.com/", "内容": "青木内科・眼科【2:診療所】【診療科目:内科_循環器内科_消化器内科_内視鏡内科_眼科_リハビリテーション科】岐阜県岐阜市則武中３−５−１５" }, "geometry": { "type": "Point", "coordinates": [ 136.739758, 35.443975 ] } },
{ "type": "Feature", "properties": { "ID": 2121342000360, "正式名称": "夏目内科クリニック", "機関区分": 2, "都道府県コード": 21, "市区町村コード": 201, "所在地": "岐阜県岐阜市鏡島西３－４－１", "緯度": 35.408083, "経度": 136.711433, "url": "https://www.iryou.teikyouseido.mhlw.go.jp/znk-web/juminkanja/S2430/initialize?prefCd=21&kikanCd=1342000360&kikanKbn=2", "url2": "http://www.natsumeclinic.jp", "内容": "夏目内科クリニック【2:診療所】【診療科目:内科_糖尿病内科_内分泌内科】岐阜県岐阜市鏡島西３－４－１" }, "geometry": { "type": "Point", "coordinates": [ 136.711433, 35.408083 ] } },
{ "type": "Feature", "properties": { "ID": 2121342000366, "正式名称": "日野医院", "機関区分": 2, "都道府県コード": 21, "市区町村コード": 201, "所在地": "岐阜県岐阜市西島町１ー１６", "緯度": 35.425921, "経度": 136.733261, "url": "https://www.iryou.teikyouseido.mhlw.go.jp/znk-web/juminkanja/S2430/initialize?prefCd=21&kikanCd=1342000366&kikanKbn=2", "url2": null, "内容": "日野医院【2:診療所】【診療科目:内科_消化器内科_外科_整形外科_皮膚科】岐阜県岐阜市西島町１ー１６" }, "geometry": { "type": "Point", "coordinates": [ 136.733261, 35.425921 ] } },
{ "type": "Feature", "properties": { "ID": 2121342000369, "正式名称": "加藤眼科", "機関区分": 2, "都道府県コード": 21, "市区町村コード": 201, "所在地": "岐阜県岐阜市長住町９丁目１８番地", "緯度": 35.41235, "経度": 136.748872, "url": "https://www.iryou.teikyouseido.mhlw.go.jp/znk-web/juminkanja/S2430/initialize?prefCd=21&kikanCd=1342000369&kikanKbn=2", "url2": null, "内容": "加藤眼科【2:診療所】【診療科目:眼科】岐阜県岐阜市長住町９丁目１８番地" }, "geometry": { "type": "Point", "coordinates": [ 136.748872, 35.41235 ] } },
{ "type": "Feature", "properties": { "ID": 2121342000376, "正式名称": "安江内科クリニック", "機関区分": 2, "都道府県コード": 21, "市区町村コード": 201, "所在地": "岐阜県岐阜市雪見町２丁目１７", "緯度": 35.416951, "経度": 136.783874, "url": "https://www.iryou.teikyouseido.mhlw.go.jp/znk-web/juminkanja/S2430/initialize?prefCd=21&kikanCd=1342000376&kikanKbn=2", "url2": "https://yasue-cl.com/", "内容": "安江内科クリニック【2:診療所】【診療科目:内科_内分泌内科_呼吸器内科_循環器内科_消化器内科_腎臓内科_神経内科_放射線科】岐阜県岐阜市雪見町２丁目１７" }, "geometry": { "type": "Point", "coordinates": [ 136.783874, 35.416951 ] } },
{ "type": "Feature", "properties": { "ID": 2121342000380, "正式名称": "髙橋産婦人科", "機関区分": 2, "都道府県コード": 21, "市区町村コード": 201, "所在地": "岐阜県岐阜市梅ケ枝町３丁目４１ー３", "緯度": 35.424239, "経度": 136.752469, "url": "https://www.iryou.teikyouseido.mhlw.go.jp/znk-web/juminkanja/S2430/initialize?prefCd=21&kikanCd=1342000380&kikanKbn=2", "url2": "http://takahashi-ladies.jp/", "内容": "髙橋産婦人科【2:診療所】【診療科目:内科_小児科_産婦人科】岐阜県岐阜市梅ケ枝町３丁目４１ー３" }, "geometry": { "type": "Point", "coordinates": [ 136.752469, 35.424239 ] } },
{ "type": "Feature", "properties": { "ID": 2121342000382, "正式名称": "山内眼科", "機関区分": 2, "都道府県コード": 21, "市区町村コード": 201, "所在地": "岐阜県岐阜市長住町８ー７", "緯度": 35.412832, "経度": 136.750431, "url": "https://www.iryou.teikyouseido.mhlw.go.jp/znk-web/juminkanja/S2430/initialize?prefCd=21&kikanCd=1342000382&kikanKbn=2", "url2": null, "内容": "山内眼科【2:診療所】【診療科目:眼科】岐阜県岐阜市長住町８ー７" }, "geometry": { "type": "Point", "coordinates": [ 136.750431, 35.412832 ] } },
{ "type": "Feature", "properties": { "ID": 2121342000383, "正式名称": "三浦医院", "機関区分": 2, "都道府県コード": 21, "市区町村コード": 201, "所在地": "岐阜県岐阜市鏡島精華３ー１７ー５", "緯度": 35.411285, "経度": 136.718603, "url": "https://www.iryou.teikyouseido.mhlw.go.jp/znk-web/juminkanja/S2430/initialize?prefCd=21&kikanCd=1342000383&kikanKbn=2", "url2": "http://www.kyuseikai.com", "内容": "三浦医院【2:診療所】【診療科目:内科_呼吸器内科_循環器内科_消化器内科】岐阜県岐阜市鏡島精華３ー１７ー５" }, "geometry": { "type": "Point", "coordinates": [ 136.718603, 35.411285 ] } },
{ "type": "Feature", "properties": { "ID": 2121342000386, "正式名称": "医療法人社団　朋弘会　森清クリニック", "機関区分": 2, "都道府県コード": 21, "市区町村コード": 201, "所在地": "岐阜県岐阜市七軒町１５ー５", "緯度": 35.425787, "経度": 136.762486, "url": "https://www.iryou.teikyouseido.mhlw.go.jp/znk-web/juminkanja/S2430/initialize?prefCd=21&kikanCd=1342000386&kikanKbn=2", "url2": null, "内容": "医療法人社団　朋弘会　森清クリニック【2:診療所】【診療科目:精神科_神経科】岐阜県岐阜市七軒町１５ー５" }, "geometry": { "type": "Point", "coordinates": [ 136.762486, 35.425787 ] } },
{ "type": "Feature", "properties": { "ID": 2121342000388, "正式名称": "飯沼医院", "機関区分": 2, "都道府県コード": 21, "市区町村コード": 201, "所在地": "岐阜県岐阜市美江寺町１ー２０", "緯度": 35.425275, "経度": 136.760725, "url": "https://www.iryou.teikyouseido.mhlw.go.jp/znk-web/juminkanja/S2430/initialize?prefCd=21&kikanCd=1342000388&kikanKbn=2", "url2": null, "内容": "飯沼医院【2:診療所】【診療科目:内科_循環器内科_消化器内科】岐阜県岐阜市美江寺町１ー２０" }, "geometry": { "type": "Point", "coordinates": [ 136.760725, 35.425275 ] } },
{ "type": "Feature", "properties": { "ID": 2121342000389, "正式名称": "医療法人社団　やまが整形外科", "機関区分": 2, "都道府県コード": 21, "市区町村コード": 201, "所在地": "岐阜県岐阜市真砂町９丁目１５番地", "緯度": 35.418463, "経度": 136.752911, "url": "https://www.iryou.teikyouseido.mhlw.go.jp/znk-web/juminkanja/S2430/initialize?prefCd=21&kikanCd=1342000389&kikanKbn=2", "url2": "http://www.yamaga-seikei.com/", "内容": "医療法人社団　やまが整形外科【2:診療所】【診療科目:整形外科_リウマチ科_リハビリテーション科】岐阜県岐阜市真砂町９丁目１５番地" }, "geometry": { "type": "Point", "coordinates": [ 136.752911, 35.418463 ] } },
{ "type": "Feature", "properties": { "ID": 2121342000390, "正式名称": "本荘内科・呼吸器科", "機関区分": 2, "都道府県コード": 21, "市区町村コード": 201, "所在地": "岐阜県岐阜市早苗町１ー２４ベルハウス１階Ｃ室", "緯度": 35.415193, "経度": 136.743694, "url": "https://www.iryou.teikyouseido.mhlw.go.jp/znk-web/juminkanja/S2430/initialize?prefCd=21&kikanCd=1342000390&kikanKbn=2", "url2": null, "内容": "本荘内科・呼吸器科【2:診療所】【診療科目:内科_呼吸器内科_小児科_皮膚科】岐阜県岐阜市早苗町１ー２４ベルハウス１階Ｃ室" }, "geometry": { "type": "Point", "coordinates": [ 136.743694, 35.415193 ] } },
{ "type": "Feature", "properties": { "ID": 2121342000392, "正式名称": "梅田クリニック", "機関区分": 2, "都道府県コード": 21, "市区町村コード": 201, "所在地": "岐阜県岐阜市旦島", "緯度": 35.432145, "経度": 136.726169, "url": "https://www.iryou.teikyouseido.mhlw.go.jp/znk-web/juminkanja/S2430/initialize?prefCd=21&kikanCd=1342000392&kikanKbn=2", "url2": "http://www.myclinic.ne.jp/umeda/", "内容": "梅田クリニック【2:診療所】【診療科目:内科_呼吸器内科_循環器内科_消化器内科_外科_心臓血管外科_整形外科_リハビリテーション科】岐阜県岐阜市旦島" }, "geometry": { "type": "Point", "coordinates": [ 136.726169, 35.432145 ] } },
{ "type": "Feature", "properties": { "ID": 2121342000393, "正式名称": "桑山眼科", "機関区分": 2, "都道府県コード": 21, "市区町村コード": 201, "所在地": "岐阜県岐阜市北一色８ー８ー１４", "緯度": 35.416693, "経度": 136.794092, "url": "https://www.iryou.teikyouseido.mhlw.go.jp/znk-web/juminkanja/S2430/initialize?prefCd=21&kikanCd=1342000393&kikanKbn=2", "url2": "https://kuwayama-ganka.com/", "内容": "桑山眼科【2:診療所】【診療科目:眼科】岐阜県岐阜市北一色８ー８ー１４" }, "geometry": { "type": "Point", "coordinates": [ 136.794092, 35.416693 ] } },
{ "type": "Feature", "properties": { "ID": 2121342000406, "正式名称": "医療法人社団　古田産科婦人科クリニック", "機関区分": 2, "都道府県コード": 21, "市区町村コード": 201, "所在地": "岐阜県岐阜市金町７丁目３", "緯度": 35.413306, "経度": 136.757049, "url": "https://www.iryou.teikyouseido.mhlw.go.jp/znk-web/juminkanja/S2430/initialize?prefCd=21&kikanCd=1342000406&kikanKbn=2", "url2": "https://furuta-ladies-care-clinic.com", "内容": "医療法人社団　古田産科婦人科クリニック【2:診療所】【診療科目:産科_婦人科】岐阜県岐阜市金町７丁目３" }, "geometry": { "type": "Point", "coordinates": [ 136.757049, 35.413306 ] } },
{ "type": "Feature", "properties": { "ID": 2121342000407, "正式名称": "芥見診療所", "機関区分": 2, "都道府県コード": 21, "市区町村コード": 201, "所在地": "岐阜県岐阜市芥見長山３－１０４", "緯度": 35.453666, "経度": 136.8496, "url": "https://www.iryou.teikyouseido.mhlw.go.jp/znk-web/juminkanja/S2430/initialize?prefCd=21&kikanCd=1342000407&kikanKbn=2", "url2": "http://inabakai.com", "内容": "芥見診療所【2:診療所】【診療科目:内科_呼吸器内科_循環器内科_消化器内科_皮膚科】岐阜県岐阜市芥見長山３－１０４" }, "geometry": { "type": "Point", "coordinates": [ 136.8496, 35.453666 ] } },
{ "type": "Feature", "properties": { "ID": 2121342000410, "正式名称": "高井クリニック", "機関区分": 2, "都道府県コード": 21, "市区町村コード": 201, "所在地": "岐阜県岐阜市曙町２－１７－１", "緯度": 35.412795, "経度": 136.774395, "url": "https://www.iryou.teikyouseido.mhlw.go.jp/znk-web/juminkanja/S2430/initialize?prefCd=21&kikanCd=1342000410&kikanKbn=2", "url2": null, "内容": "高井クリニック【2:診療所】【診療科目:内科_循環器内科_小児科】岐阜県岐阜市曙町２－１７－１" }, "geometry": { "type": "Point", "coordinates": [ 136.774395, 35.412795 ] } },
{ "type": "Feature", "properties": { "ID": 2121342000413, "正式名称": "村瀬内科胃腸科クリニック", "機関区分": 2, "都道府県コード": 21, "市区町村コード": 201, "所在地": "岐阜県岐阜市美島町２ー１３", "緯度": 35.435228, "経度": 136.750195, "url": "https://www.iryou.teikyouseido.mhlw.go.jp/znk-web/juminkanja/S2430/initialize?prefCd=21&kikanCd=1342000413&kikanKbn=2", "url2": null, "内容": "村瀬内科胃腸科クリニック【2:診療所】【診療科目:内科_消化器内科】岐阜県岐阜市美島町２ー１３" }, "geometry": { "type": "Point", "coordinates": [ 136.750195, 35.435228 ] } },
{ "type": "Feature", "properties": { "ID": 2121342000417, "正式名称": "森田整形外科", "機関区分": 2, "都道府県コード": 21, "市区町村コード": 201, "所在地": "岐阜県岐阜市芥見３丁目３１４番地", "緯度": 35.451726, "経度": 136.845481, "url": "https://www.iryou.teikyouseido.mhlw.go.jp/znk-web/juminkanja/S2430/initialize?prefCd=21&kikanCd=1342000417&kikanKbn=2", "url2": null, "内容": "森田整形外科【2:診療所】【診療科目:整形外科_リハビリテーション科_放射線科】岐阜県岐阜市芥見３丁目３１４番地" }, "geometry": { "type": "Point", "coordinates": [ 136.845481, 35.451726 ] } },
{ "type": "Feature", "properties": { "ID": 2121342000421, "正式名称": "安田こどもクリニック", "機関区分": 2, "都道府県コード": 21, "市区町村コード": 201, "所在地": "岐阜県岐阜市菅生", "緯度": 35.4256, "経度": 136.731463, "url": "https://www.iryou.teikyouseido.mhlw.go.jp/znk-web/juminkanja/S2430/initialize?prefCd=21&kikanCd=1342000421&kikanKbn=2", "url2": "http://www.yasudakodomo-gifu.jp/", "内容": "安田こどもクリニック【2:診療所】【診療科目:小児科_アレルギー科】岐阜県岐阜市菅生" }, "geometry": { "type": "Point", "coordinates": [ 136.731463, 35.4256 ] } },
{ "type": "Feature", "properties": { "ID": 2121342000422, "正式名称": "野川眼科医院", "機関区分": 2, "都道府県コード": 21, "市区町村コード": 201, "所在地": "岐阜県岐阜市神室町４丁目３１番地", "緯度": 35.417709, "経度": 136.754247, "url": "https://www.iryou.teikyouseido.mhlw.go.jp/znk-web/juminkanja/S2430/initialize?prefCd=21&kikanCd=1342000422&kikanKbn=2", "url2": null, "内容": "野川眼科医院【2:診療所】【診療科目:眼科】岐阜県岐阜市神室町４丁目３１番地" }, "geometry": { "type": "Point", "coordinates": [ 136.754247, 35.417709 ] } },
{ "type": "Feature", "properties": { "ID": 2121342000423, "正式名称": "新美クリニック", "機関区分": 2, "都道府県コード": 21, "市区町村コード": 201, "所在地": "岐阜県岐阜市都通１ー６", "緯度": 35.421829, "経度": 136.745736, "url": "https://www.iryou.teikyouseido.mhlw.go.jp/znk-web/juminkanja/S2430/initialize?prefCd=21&kikanCd=1342000423&kikanKbn=2", "url2": "https://niimi-clinic.com/", "内容": "新美クリニック【2:診療所】【診療科目:内科_循環器内科_神経内科】岐阜県岐阜市都通１ー６" }, "geometry": { "type": "Point", "coordinates": [ 136.745736, 35.421829 ] } },
{ "type": "Feature", "properties": { "ID": 2121342000427, "正式名称": "山本整形外科", "機関区分": 2, "都道府県コード": 21, "市区町村コード": 201, "所在地": "岐阜県岐阜市梅林西町", "緯度": 35.418642, "経度": 136.768575, "url": "https://www.iryou.teikyouseido.mhlw.go.jp/znk-web/juminkanja/S2430/initialize?prefCd=21&kikanCd=1342000427&kikanKbn=2", "url2": null, "内容": "山本整形外科【2:診療所】【診療科目:整形外科_リウマチ科_リハビリテーション科】岐阜県岐阜市梅林西町" }, "geometry": { "type": "Point", "coordinates": [ 136.768575, 35.418642 ] } },
{ "type": "Feature", "properties": { "ID": 2121342000428, "正式名称": "石村内科", "機関区分": 2, "都道府県コード": 21, "市区町村コード": 201, "所在地": "岐阜県岐阜市日光町９－７－１", "緯度": 35.436785, "経度": 136.744092, "url": "https://www.iryou.teikyouseido.mhlw.go.jp/znk-web/juminkanja/S2430/initialize?prefCd=21&kikanCd=1342000428&kikanKbn=2", "url2": null, "内容": "石村内科【2:診療所】【診療科目:内科_呼吸器内科_循環器内科_リハビリテーション科】岐阜県岐阜市日光町９－７－１" }, "geometry": { "type": "Point", "coordinates": [ 136.744092, 35.436785 ] } },
{ "type": "Feature", "properties": { "ID": 2121342000433, "正式名称": "きさらぎ内科", "機関区分": 2, "都道府県コード": 21, "市区町村コード": 201, "所在地": "岐阜県岐阜市如月町６−３６−１", "緯度": 35.411576, "経度": 136.734735, "url": "https://www.iryou.teikyouseido.mhlw.go.jp/znk-web/juminkanja/S2430/initialize?prefCd=21&kikanCd=1342000433&kikanKbn=2", "url2": null, "内容": "きさらぎ内科【2:診療所】【診療科目:内科_循環器内科_消化器内科】岐阜県岐阜市如月町６−３６−１" }, "geometry": { "type": "Point", "coordinates": [ 136.734735, 35.411576 ] } },
{ "type": "Feature", "properties": { "ID": 2121342000438, "正式名称": "板津眼科医院", "機関区分": 2, "都道府県コード": 21, "市区町村コード": 201, "所在地": "岐阜県岐阜市加納大手町１０", "緯度": 35.404043, "経度": 136.761751, "url": "https://www.iryou.teikyouseido.mhlw.go.jp/znk-web/juminkanja/S2430/initialize?prefCd=21&kikanCd=1342000438&kikanKbn=2", "url2": null, "内容": "板津眼科医院【2:診療所】【診療科目:眼科】岐阜県岐阜市加納大手町１０" }, "geometry": { "type": "Point", "coordinates": [ 136.761751, 35.404043 ] } },
{ "type": "Feature", "properties": { "ID": 2121342000449, "正式名称": "杉浦内科", "機関区分": 2, "都道府県コード": 21, "市区町村コード": 201, "所在地": "岐阜県岐阜市加納東丸町２－１８", "緯度": 35.402148, "経度": 136.763449, "url": "https://www.iryou.teikyouseido.mhlw.go.jp/znk-web/juminkanja/S2430/initialize?prefCd=21&kikanCd=1342000449&kikanKbn=2", "url2": "https://www.sugiura-naika.info/", "内容": "杉浦内科【2:診療所】【診療科目:内科_糖尿病・代謝内科_呼吸器内科_循環器内科_消化器内科】岐阜県岐阜市加納東丸町２－１８" }, "geometry": { "type": "Point", "coordinates": [ 136.763449, 35.402148 ] } },
{ "type": "Feature", "properties": { "ID": 2121342000451, "正式名称": "スミ東洋クリニック", "機関区分": 2, "都道府県コード": 21, "市区町村コード": 201, "所在地": "岐阜県岐阜市安良田町２ー３ー２", "緯度": 35.410368, "経度": 136.764877, "url": "https://www.iryou.teikyouseido.mhlw.go.jp/znk-web/juminkanja/S2430/initialize?prefCd=21&kikanCd=1342000451&kikanKbn=2", "url2": null, "内容": "スミ東洋クリニック【2:診療所】【診療科目:外科_皮膚科】岐阜県岐阜市安良田町２ー３ー２" }, "geometry": { "type": "Point", "coordinates": [ 136.764877, 35.410368 ] } },
{ "type": "Feature", "properties": { "ID": 2121342000462, "正式名称": "尾関医院", "機関区分": 2, "都道府県コード": 21, "市区町村コード": 201, "所在地": "岐阜県岐阜市加納本町１ー８ー２", "緯度": 35.404851, "経度": 136.761178, "url": "https://www.iryou.teikyouseido.mhlw.go.jp/znk-web/juminkanja/S2430/initialize?prefCd=21&kikanCd=1342000462&kikanKbn=2", "url2": "http://www.ozekiiin.com", "内容": "尾関医院【2:診療所】【診療科目:内科_神経内科_皮膚科】岐阜県岐阜市加納本町１ー８ー２" }, "geometry": { "type": "Point", "coordinates": [ 136.761178, 35.404851 ] } },
{ "type": "Feature", "properties": { "ID": 2121342000467, "正式名称": "操健康クリニック", "機関区分": 2, "都道府県コード": 21, "市区町村コード": 201, "所在地": "岐阜県岐阜市薮田南１－４－２０", "緯度": 35.395124, "経度": 136.725166, "url": "https://www.iryou.teikyouseido.mhlw.go.jp/znk-web/juminkanja/S2430/initialize?prefCd=21&kikanCd=1342000467&kikanKbn=2", "url2": "http://www.docmisao.jp/", "内容": "操健康クリニック【2:診療所】【診療科目:内科_呼吸器内科_循環器内科_消化器内科_小児科_婦人科_皮膚科_アレルギー科_リハビリテーション科_放射線科】岐阜県岐阜市薮田南１－４－２０" }, "geometry": { "type": "Point", "coordinates": [ 136.725166, 35.395124 ] } },
{ "type": "Feature", "properties": { "ID": 2121342000473, "正式名称": "医療法人　幸誠会　三里診療所", "機関区分": 2, "都道府県コード": 21, "市区町村コード": 201, "所在地": "岐阜県岐阜市六条北１－３６", "緯度": 35.40496, "経度": 136.742144, "url": "https://www.iryou.teikyouseido.mhlw.go.jp/znk-web/juminkanja/S2430/initialize?prefCd=21&kikanCd=1342000473&kikanKbn=2", "url2": "misato-shinryo.com", "内容": "医療法人　幸誠会　三里診療所【2:診療所】【診療科目:内科_小児科_皮膚科_泌尿器科】岐阜県岐阜市六条北１－３６" }, "geometry": { "type": "Point", "coordinates": [ 136.742144, 35.40496 ] } },
{ "type": "Feature", "properties": { "ID": 2121342000475, "正式名称": "小島内科クリニック", "機関区分": 2, "都道府県コード": 21, "市区町村コード": 201, "所在地": "岐阜県岐阜市祈年町１０−３８", "緯度": 35.404411, "経度": 136.77292, "url": "https://www.iryou.teikyouseido.mhlw.go.jp/znk-web/juminkanja/S2430/initialize?prefCd=21&kikanCd=1342000475&kikanKbn=2", "url2": "http://www.gifu-kojikurikun.jp", "内容": "小島内科クリニック【2:診療所】【診療科目:内科_消化器内科_内視鏡内科】岐阜県岐阜市祈年町１０−３８" }, "geometry": { "type": "Point", "coordinates": [ 136.77292, 35.404411 ] } },
{ "type": "Feature", "properties": { "ID": 2121342000480, "正式名称": "一般社団法人ぎふ綜合健診センター", "機関区分": 2, "都道府県コード": 21, "市区町村コード": 201, "所在地": "岐阜県岐阜市日置江４丁目４７番地", "緯度": 35.368505, "経度": 136.703778, "url": "https://www.iryou.teikyouseido.mhlw.go.jp/znk-web/juminkanja/S2430/initialize?prefCd=21&kikanCd=1342000480&kikanKbn=2", "url2": "https://gghc.or.jp/", "内容": "一般社団法人ぎふ綜合健診センター【2:診療所】【診療科目:内科_放射線科】岐阜県岐阜市日置江４丁目４７番地" }, "geometry": { "type": "Point", "coordinates": [ 136.703778, 35.368505 ] } },
{ "type": "Feature", "properties": { "ID": 2121342000484, "正式名称": "広瀬内科医院", "機関区分": 2, "都道府県コード": 21, "市区町村コード": 201, "所在地": "岐阜県岐阜市加納上本町３ー３０", "緯度": 35.405005, "経度": 136.757375, "url": "https://www.iryou.teikyouseido.mhlw.go.jp/znk-web/juminkanja/S2430/initialize?prefCd=21&kikanCd=1342000484&kikanKbn=2", "url2": null, "内容": "広瀬内科医院【2:診療所】【診療科目:内科_循環器内科_消化器内科】岐阜県岐阜市加納上本町３ー３０" }, "geometry": { "type": "Point", "coordinates": [ 136.757375, 35.405005 ] } },
{ "type": "Feature", "properties": { "ID": 2121342000486, "正式名称": "窪田眼科医院", "機関区分": 2, "都道府県コード": 21, "市区町村コード": 201, "所在地": "岐阜県岐阜市加納鉄砲町１丁目１番地", "緯度": 35.404569, "経度": 136.757959, "url": "https://www.iryou.teikyouseido.mhlw.go.jp/znk-web/juminkanja/S2430/initialize?prefCd=21&kikanCd=1342000486&kikanKbn=2", "url2": "https://kubota-eye-clinic.com/", "内容": "窪田眼科医院【2:診療所】【診療科目:眼科】岐阜県岐阜市加納鉄砲町１丁目１番地" }, "geometry": { "type": "Point", "coordinates": [ 136.757959, 35.404569 ] } },
{ "type": "Feature", "properties": { "ID": 2121342000491, "正式名称": "梶川整形外科クリニック", "機関区分": 2, "都道府県コード": 21, "市区町村コード": 201, "所在地": "岐阜県岐阜市切通８丁目１ー２６", "緯度": 35.404288, "経度": 136.796137, "url": "https://www.iryou.teikyouseido.mhlw.go.jp/znk-web/juminkanja/S2430/initialize?prefCd=21&kikanCd=1342000491&kikanKbn=2", "url2": null, "内容": "梶川整形外科クリニック【2:診療所】【診療科目:整形外科_リハビリテーション科】岐阜県岐阜市切通８丁目１ー２６" }, "geometry": { "type": "Point", "coordinates": [ 136.796137, 35.404288 ] } },
{ "type": "Feature", "properties": { "ID": 2121342000493, "正式名称": "すみクリニック", "機関区分": 2, "都道府県コード": 21, "市区町村コード": 201, "所在地": "岐阜県岐阜市光樹町４８", "緯度": 35.393779, "経度": 136.760623, "url": "https://www.iryou.teikyouseido.mhlw.go.jp/znk-web/juminkanja/S2430/initialize?prefCd=21&kikanCd=1342000493&kikanKbn=2", "url2": "https://www.gifu-sumi-clinic.com/", "内容": "すみクリニック【2:診療所】【診療科目:内科_循環器内科_消化器内科_小児科】岐阜県岐阜市光樹町４８" }, "geometry": { "type": "Point", "coordinates": [ 136.760623, 35.393779 ] } },
{ "type": "Feature", "properties": { "ID": 2121342000494, "正式名称": "宮崎レディスクリニック", "機関区分": 2, "都道府県コード": 21, "市区町村コード": 201, "所在地": "岐阜県岐阜市加納本町３－５", "緯度": 35.405877, "経度": 136.758487, "url": "https://www.iryou.teikyouseido.mhlw.go.jp/znk-web/juminkanja/S2430/initialize?prefCd=21&kikanCd=1342000494&kikanKbn=2", "url2": "http://www.miyazaki-ob-gy.jp", "内容": "宮崎レディスクリニック【2:診療所】【診療科目:人工透析内科_産科_婦人科】岐阜県岐阜市加納本町３－５" }, "geometry": { "type": "Point", "coordinates": [ 136.758487, 35.405877 ] } },
{ "type": "Feature", "properties": { "ID": 2121342000501, "正式名称": "河合外科整形外科", "機関区分": 2, "都道府県コード": 21, "市区町村コード": 201, "所在地": "岐阜県岐阜市加納上本町２－１６", "緯度": 35.404291, "経度": 136.759493, "url": "https://www.iryou.teikyouseido.mhlw.go.jp/znk-web/juminkanja/S2430/initialize?prefCd=21&kikanCd=1342000501&kikanKbn=2", "url2": "http://www.kawai-seikei.or.jp/", "内容": "河合外科整形外科【2:診療所】【診療科目:外科_ペインクリニック外科_整形外科_リハビリテーション科_麻酔科】岐阜県岐阜市加納上本町２－１６" }, "geometry": { "type": "Point", "coordinates": [ 136.759493, 35.404291 ] } },
{ "type": "Feature", "properties": { "ID": 2121342000502, "正式名称": "伏見医院", "機関区分": 2, "都道府県コード": 21, "市区町村コード": 201, "所在地": "岐阜県岐阜市加納伏見町２０ー３", "緯度": 35.408409, "経度": 136.754417, "url": "https://www.iryou.teikyouseido.mhlw.go.jp/znk-web/juminkanja/S2430/initialize?prefCd=21&kikanCd=1342000502&kikanKbn=2", "url2": "http://www.fushimi-clinic.com/", "内容": "伏見医院【2:診療所】【診療科目:内科_産婦人科_婦人科】岐阜県岐阜市加納伏見町２０ー３" }, "geometry": { "type": "Point", "coordinates": [ 136.754417, 35.408409 ] } },
{ "type": "Feature", "properties": { "ID": 2121342000505, "正式名称": "竹内医院", "機関区分": 2, "都道府県コード": 21, "市区町村コード": 201, "所在地": "岐阜県岐阜市茜部野瀬３丁目１３６", "緯度": 35.374283, "経度": 136.745048, "url": "https://www.iryou.teikyouseido.mhlw.go.jp/znk-web/juminkanja/S2430/initialize?prefCd=21&kikanCd=1342000505&kikanKbn=2", "url2": "https://www.gifu-akanekai.com", "内容": "竹内医院【2:診療所】【診療科目:内科_消化器内科_外科_肛門外科_整形外科_小児科】岐阜県岐阜市茜部野瀬３丁目１３６" }, "geometry": { "type": "Point", "coordinates": [ 136.745048, 35.374283 ] } },
{ "type": "Feature", "properties": { "ID": 2121342000506, "正式名称": "くまざき内科", "機関区分": 2, "都道府県コード": 21, "市区町村コード": 201, "所在地": "岐阜県岐阜市日置江１丁目７２", "緯度": 35.373564, "経度": 136.708785, "url": "https://www.iryou.teikyouseido.mhlw.go.jp/znk-web/juminkanja/S2430/initialize?prefCd=21&kikanCd=1342000506&kikanKbn=2", "url2": "http://kumakumako.byoinnavi.jp", "内容": "くまざき内科【2:診療所】【診療科目:内科_呼吸器内科_小児科】岐阜県岐阜市日置江１丁目７２" }, "geometry": { "type": "Point", "coordinates": [ 136.708785, 35.373564 ] } },
{ "type": "Feature", "properties": { "ID": 2121342000507, "正式名称": "医療法人　くらまえ診療所", "機関区分": 2, "都道府県コード": 21, "市区町村コード": 201, "所在地": "岐阜県岐阜市蔵前７－１１－３", "緯度": 35.399347, "経度": 136.806461, "url": "https://www.iryou.teikyouseido.mhlw.go.jp/znk-web/juminkanja/S2430/initialize?prefCd=21&kikanCd=1342000507&kikanKbn=2", "url2": "http://www.kuramaeclinic.com/", "内容": "医療法人　くらまえ診療所【2:診療所】【診療科目:内科_消化器内科】岐阜県岐阜市蔵前７－１１－３" }, "geometry": { "type": "Point", "coordinates": [ 136.806461, 35.399347 ] } },
{ "type": "Feature", "properties": { "ID": 2121342000509, "正式名称": "岐阜外科", "機関区分": 2, "都道府県コード": 21, "市区町村コード": 201, "所在地": "岐阜県岐阜市東中島１丁目１７ー８", "緯度": 35.389968, "経度": 136.805403, "url": "https://www.iryou.teikyouseido.mhlw.go.jp/znk-web/juminkanja/S2430/initialize?prefCd=21&kikanCd=1342000509&kikanKbn=2", "url2": "http://www.gifugeka.org", "内容": "岐阜外科【2:診療所】【診療科目:内科_外科_整形外科_リハビリテーション科】岐阜県岐阜市東中島１丁目１７ー８" }, "geometry": { "type": "Point", "coordinates": [ 136.805403, 35.389968 ] } },
{ "type": "Feature", "properties": { "ID": 2121342000513, "正式名称": "大塚レディスクリニック", "機関区分": 2, "都道府県コード": 21, "市区町村コード": 201, "所在地": "岐阜県岐阜市切通７丁目１３番１７号", "緯度": 35.40061, "経度": 136.798687, "url": "https://www.iryou.teikyouseido.mhlw.go.jp/znk-web/juminkanja/S2430/initialize?prefCd=21&kikanCd=1342000513&kikanKbn=2", "url2": "http://www.ootuka-lc.com/ootuka/index.html", "内容": "大塚レディスクリニック【2:診療所】【診療科目:産婦人科】岐阜県岐阜市切通７丁目１３番１７号" }, "geometry": { "type": "Point", "coordinates": [ 136.798687, 35.40061 ] } },
{ "type": "Feature", "properties": { "ID": 2121342000514, "正式名称": "医療法人社団　いちだクリニック", "機関区分": 2, "都道府県コード": 21, "市区町村コード": 201, "所在地": "岐阜県岐阜市清本町１０丁目１８", "緯度": 35.409541, "経度": 136.737554, "url": "https://www.iryou.teikyouseido.mhlw.go.jp/znk-web/juminkanja/S2430/initialize?prefCd=21&kikanCd=1342000514&kikanKbn=2", "url2": "https://ichida-clinic.com", "内容": "医療法人社団　いちだクリニック【2:診療所】【診療科目:整形外科_形成外科_美容外科_婦人科_美容皮膚科】岐阜県岐阜市清本町１０丁目１８" }, "geometry": { "type": "Point", "coordinates": [ 136.737554, 35.409541 ] } },
{ "type": "Feature", "properties": { "ID": 2121342000518, "正式名称": "城東内科クリニック", "機関区分": 2, "都道府県コード": 21, "市区町村コード": 201, "所在地": "岐阜県岐阜市正法寺町２８", "緯度": 35.396204, "経度": 136.763739, "url": "https://www.iryou.teikyouseido.mhlw.go.jp/znk-web/juminkanja/S2430/initialize?prefCd=21&kikanCd=1342000518&kikanKbn=2", "url2": "http://jotonaika.webmedipr.jp/", "内容": "城東内科クリニック【2:診療所】【診療科目:内科_糖尿病内科_小児科_アレルギー科_リウマチ科】岐阜県岐阜市正法寺町２８" }, "geometry": { "type": "Point", "coordinates": [ 136.763739, 35.396204 ] } },
{ "type": "Feature", "properties": { "ID": 2121342000519, "正式名称": "加納内科クリニック", "機関区分": 2, "都道府県コード": 21, "市区町村コード": 201, "所在地": "岐阜県岐阜市加納寿町２丁目７番地", "緯度": 35.404071, "経度": 136.74956, "url": "https://www.iryou.teikyouseido.mhlw.go.jp/znk-web/juminkanja/S2430/initialize?prefCd=21&kikanCd=1342000519&kikanKbn=2", "url2": null, "内容": "加納内科クリニック【2:診療所】【診療科目:内科_循環器内科_消化器内科_麻酔科】岐阜県岐阜市加納寿町２丁目７番地" }, "geometry": { "type": "Point", "coordinates": [ 136.74956, 35.404071 ] } },
{ "type": "Feature", "properties": { "ID": 2121342000521, "正式名称": "やまやクリニック", "機関区分": 2, "都道府県コード": 21, "市区町村コード": 201, "所在地": "岐阜県岐阜市市橋５丁目５番１０号松波ビル１Ｆ１０３号", "緯度": 35.402526, "経度": 136.721569, "url": "https://www.iryou.teikyouseido.mhlw.go.jp/znk-web/juminkanja/S2430/initialize?prefCd=21&kikanCd=1342000521&kikanKbn=2", "url2": "https://www.yamaya-clinic.com/", "内容": "やまやクリニック【2:診療所】【診療科目:精神科_神経科_心療内科】岐阜県岐阜市市橋５丁目５番１０号松波ビル１Ｆ１０３号" }, "geometry": { "type": "Point", "coordinates": [ 136.721569, 35.402526 ] } },
{ "type": "Feature", "properties": { "ID": 2121342000525, "正式名称": "小倉医院", "機関区分": 2, "都道府県コード": 21, "市区町村コード": 201, "所在地": "岐阜県岐阜市長良葵町１ー２ー３", "緯度": 35.446405, "経度": 136.775871, "url": "https://www.iryou.teikyouseido.mhlw.go.jp/znk-web/juminkanja/S2430/initialize?prefCd=21&kikanCd=1342000525&kikanKbn=2", "url2": null, "内容": "小倉医院【2:診療所】【診療科目:内科_小児科_産婦人科】岐阜県岐阜市長良葵町１ー２ー３" }, "geometry": { "type": "Point", "coordinates": [ 136.775871, 35.446405 ] } },
{ "type": "Feature", "properties": { "ID": 2121342000528, "正式名称": "河田医院", "機関区分": 2, "都道府県コード": 21, "市区町村コード": 201, "所在地": "岐阜県岐阜市城田寺３１１", "緯度": 35.473058, "経度": 136.744357, "url": "https://www.iryou.teikyouseido.mhlw.go.jp/znk-web/juminkanja/S2430/initialize?prefCd=21&kikanCd=1342000528&kikanKbn=2", "url2": null, "内容": "河田医院【2:診療所】【診療科目:内科_循環器内科_小児科_皮膚科】岐阜県岐阜市城田寺３１１" }, "geometry": { "type": "Point", "coordinates": [ 136.744357, 35.473058 ] } },
{ "type": "Feature", "properties": { "ID": 2121342000537, "正式名称": "白木内科医院", "機関区分": 2, "都道府県コード": 21, "市区町村コード": 201, "所在地": "岐阜県岐阜市長良１９１８番地１", "緯度": 35.449713, "経度": 136.775223, "url": "https://www.iryou.teikyouseido.mhlw.go.jp/znk-web/juminkanja/S2430/initialize?prefCd=21&kikanCd=1342000537&kikanKbn=2", "url2": null, "内容": "白木内科医院【2:診療所】【診療科目:内科_循環器内科_アレルギー疾患内科_アレルギー科】岐阜県岐阜市長良１９１８番地１" }, "geometry": { "type": "Point", "coordinates": [ 136.775223, 35.449713 ] } },
{ "type": "Feature", "properties": { "ID": 2121342000545, "正式名称": "野々村医院", "機関区分": 2, "都道府県コード": 21, "市区町村コード": 201, "所在地": "岐阜県岐阜市黒野３０６番地１", "緯度": 35.460791, "経度": 136.72201, "url": "https://www.iryou.teikyouseido.mhlw.go.jp/znk-web/juminkanja/S2430/initialize?prefCd=21&kikanCd=1342000545&kikanKbn=2", "url2": null, "内容": "野々村医院【2:診療所】【診療科目:内科】岐阜県岐阜市黒野３０６番地１" }, "geometry": { "type": "Point", "coordinates": [ 136.72201, 35.460791 ] } },
{ "type": "Feature", "properties": { "ID": 2121342000548, "正式名称": "古田耳鼻咽喉科", "機関区分": 2, "都道府県コード": 21, "市区町村コード": 201, "所在地": "岐阜県岐阜市長良若葉町", "緯度": 35.444972, "経度": 136.777662, "url": "https://www.iryou.teikyouseido.mhlw.go.jp/znk-web/juminkanja/S2430/initialize?prefCd=21&kikanCd=1342000548&kikanKbn=2", "url2": "https://furuta.mdja.jp/", "内容": "古田耳鼻咽喉科【2:診療所】【診療科目:耳鼻いんこう科】岐阜県岐阜市長良若葉町" }, "geometry": { "type": "Point", "coordinates": [ 136.777662, 35.444972 ] } },
{ "type": "Feature", "properties": { "ID": 2121342000552, "正式名称": "各務医院", "機関区分": 2, "都道府県コード": 21, "市区町村コード": 201, "所在地": "岐阜県岐阜市粟野東１ー７３ー１", "緯度": 35.482111, "経度": 136.782533, "url": "https://www.iryou.teikyouseido.mhlw.go.jp/znk-web/juminkanja/S2430/initialize?prefCd=21&kikanCd=1342000552&kikanKbn=2", "url2": null, "内容": "各務医院【2:診療所】【診療科目:内科_呼吸器内科_小児科】岐阜県岐阜市粟野東１ー７３ー１" }, "geometry": { "type": "Point", "coordinates": [ 136.782533, 35.482111 ] } },
{ "type": "Feature", "properties": { "ID": 2121342000557, "正式名称": "網代診療所", "機関区分": 2, "都道府県コード": 21, "市区町村コード": 201, "所在地": "岐阜県岐阜市則松１丁目２４番地", "緯度": 35.482878, "経度": 136.699498, "url": "https://www.iryou.teikyouseido.mhlw.go.jp/znk-web/juminkanja/S2430/initialize?prefCd=21&kikanCd=1342000557&kikanKbn=2", "url2": "http://www.ajiro-clinic.com/pc/", "内容": "網代診療所【2:診療所】【診療科目:内科_小児科_児童精神科_リハビリテーション科】岐阜県岐阜市則松１丁目２４番地" }, "geometry": { "type": "Point", "coordinates": [ 136.699498, 35.482878 ] } },
{ "type": "Feature", "properties": { "ID": 2121342000561, "正式名称": "わたなべ内科クリニック", "機関区分": 2, "都道府県コード": 21, "市区町村コード": 201, "所在地": "岐阜県岐阜市福光東１ー２８ー１", "緯度": 35.451828, "経度": 136.77239, "url": "https://www.iryou.teikyouseido.mhlw.go.jp/znk-web/juminkanja/S2430/initialize?prefCd=21&kikanCd=1342000561&kikanKbn=2", "url2": "http://gifu-watanabe.com/", "内容": "わたなべ内科クリニック【2:診療所】【診療科目:内科_消化器内科】岐阜県岐阜市福光東１ー２８ー１" }, "geometry": { "type": "Point", "coordinates": [ 136.77239, 35.451828 ] } },
{ "type": "Feature", "properties": { "ID": 2121342000563, "正式名称": "医療法人　高井外科", "機関区分": 2, "都道府県コード": 21, "市区町村コード": 201, "所在地": "岐阜県岐阜市正木１９７８ー７２", "緯度": 35.446777, "経度": 136.748572, "url": "https://www.iryou.teikyouseido.mhlw.go.jp/znk-web/juminkanja/S2430/initialize?prefCd=21&kikanCd=1342000563&kikanKbn=2", "url2": "http://takaigeka.net/", "内容": "医療法人　高井外科【2:診療所】【診療科目:外科_消化器外科_肛門外科_歯科_歯科口腔外科_麻酔科】岐阜県岐阜市正木１９７８ー７２" }, "geometry": { "type": "Point", "coordinates": [ 136.748572, 35.446777 ] } },
{ "type": "Feature", "properties": { "ID": 2121342000566, "正式名称": "宮﨑千恵婦人クリニック", "機関区分": 2, "都道府県コード": 21, "市区町村コード": 201, "所在地": "岐阜県岐阜市長良１９７２ー５", "緯度": 35.451547, "経度": 136.776111, "url": "https://www.iryou.teikyouseido.mhlw.go.jp/znk-web/juminkanja/S2430/initialize?prefCd=21&kikanCd=1342000566&kikanKbn=2", "url2": null, "内容": "宮﨑千恵婦人クリニック【2:診療所】【診療科目:内科_産科_婦人科_麻酔科】岐阜県岐阜市長良１９７２ー５" }, "geometry": { "type": "Point", "coordinates": [ 136.776111, 35.451547 ] } },
{ "type": "Feature", "properties": { "ID": 2121342000568, "正式名称": "鷺山大橋内科医院", "機関区分": 2, "都道府県コード": 21, "市区町村コード": 201, "所在地": "岐阜県岐阜市鷺山１２５７", "緯度": 35.44676, "経度": 136.758253, "url": "https://www.iryou.teikyouseido.mhlw.go.jp/znk-web/juminkanja/S2430/initialize?prefCd=21&kikanCd=1342000568&kikanKbn=2", "url2": null, "内容": "鷺山大橋内科医院【2:診療所】【診療科目:内科_小児科】岐阜県岐阜市鷺山１２５７" }, "geometry": { "type": "Point", "coordinates": [ 136.758253, 35.44676 ] } },
{ "type": "Feature", "properties": { "ID": 2121342000569, "正式名称": "波多野泌尿器科皮ふ科医院", "機関区分": 2, "都道府県コード": 21, "市区町村コード": 201, "所在地": "岐阜県岐阜市八代Ⅰー２－１２", "緯度": 35.458311, "経度": 136.774802, "url": "https://www.iryou.teikyouseido.mhlw.go.jp/znk-web/juminkanja/S2430/initialize?prefCd=21&kikanCd=1342000569&kikanKbn=2", "url2": null, "内容": "波多野泌尿器科皮ふ科医院【2:診療所】【診療科目:皮膚科_泌尿器科】岐阜県岐阜市八代Ⅰー２－１２" }, "geometry": { "type": "Point", "coordinates": [ 136.774802, 35.458311 ] } },
{ "type": "Feature", "properties": { "ID": 2121342000574, "正式名称": "長良皮膚科", "機関区分": 2, "都道府県コード": 21, "市区町村コード": 201, "所在地": "岐阜県岐阜市長良福光２５５４ー２", "緯度": 35.441385, "経度": 136.773334, "url": "https://www.iryou.teikyouseido.mhlw.go.jp/znk-web/juminkanja/S2430/initialize?prefCd=21&kikanCd=1342000574&kikanKbn=2", "url2": "http://www.nagarahifuka.com/", "内容": "長良皮膚科【2:診療所】【診療科目:皮膚科】岐阜県岐阜市長良福光２５５４ー２" }, "geometry": { "type": "Point", "coordinates": [ 136.773334, 35.441385 ] } },
{ "type": "Feature", "properties": { "ID": 2121342000578, "正式名称": "みんなの整形外科クリニック", "機関区分": 2, "都道府県コード": 21, "市区町村コード": 201, "所在地": "岐阜県岐阜市三田洞９０４番地１", "緯度": 35.479627, "経度": 136.784404, "url": "https://www.iryou.teikyouseido.mhlw.go.jp/znk-web/juminkanja/S2430/initialize?prefCd=21&kikanCd=1342000578&kikanKbn=2", "url2": "http://imai-seikei.or.jp/", "内容": "みんなの整形外科クリニック【2:診療所】【診療科目:整形外科_リウマチ科_リハビリテーション科】岐阜県岐阜市三田洞９０４番地１" }, "geometry": { "type": "Point", "coordinates": [ 136.784404, 35.479627 ] } },
{ "type": "Feature", "properties": { "ID": 2121342000579, "正式名称": "まついファミリアクリニック", "機関区分": 2, "都道府県コード": 21, "市区町村コード": 201, "所在地": "岐阜県岐阜市福光東３丁目９番７号", "緯度": 35.455783, "経度": 136.771269, "url": "https://www.iryou.teikyouseido.mhlw.go.jp/znk-web/juminkanja/S2430/initialize?prefCd=21&kikanCd=1342000579&kikanKbn=2", "url2": "https://matsui-familiar-clinic.com/", "内容": "まついファミリアクリニック【2:診療所】【診療科目:内科_外科_小児科_小児外科】岐阜県岐阜市福光東３丁目９番７号" }, "geometry": { "type": "Point", "coordinates": [ 136.771269, 35.455783 ] } },
{ "type": "Feature", "properties": { "ID": 2121342000585, "正式名称": "石田内科", "機関区分": 2, "都道府県コード": 21, "市区町村コード": 201, "所在地": "岐阜県岐阜市福富出口１４３番地", "緯度": 35.479873, "経度": 136.829026, "url": "https://www.iryou.teikyouseido.mhlw.go.jp/znk-web/juminkanja/S2430/initialize?prefCd=21&kikanCd=1342000585&kikanKbn=2", "url2": null, "内容": "石田内科【2:診療所】【診療科目:内科_循環器内科_消化器内科_小児科_リハビリテーション科】岐阜県岐阜市福富出口１４３番地" }, "geometry": { "type": "Point", "coordinates": [ 136.829026, 35.479873 ] } },
{ "type": "Feature", "properties": { "ID": 2121342000588, "正式名称": "増田医院", "機関区分": 2, "都道府県コード": 21, "市区町村コード": 201, "所在地": "岐阜県岐阜市粟野東４丁目２６－２", "緯度": 35.48773, "経度": 136.784187, "url": "https://www.iryou.teikyouseido.mhlw.go.jp/znk-web/juminkanja/S2430/initialize?prefCd=21&kikanCd=1342000588&kikanKbn=2", "url2": "http://nttbj.itp.ne.jp/0582374000/access.html", "内容": "増田医院【2:診療所】【診療科目:内科_呼吸器内科_循環器内科_小児科_皮膚科_放射線科】岐阜県岐阜市粟野東４丁目２６－２" }, "geometry": { "type": "Point", "coordinates": [ 136.784187, 35.48773 ] } },
{ "type": "Feature", "properties": { "ID": 2121342000590, "正式名称": "坂井クリニック", "機関区分": 2, "都道府県コード": 21, "市区町村コード": 201, "所在地": "岐阜県岐阜市万代町２丁目３番地", "緯度": 35.445703, "経度": 136.769728, "url": "https://www.iryou.teikyouseido.mhlw.go.jp/znk-web/juminkanja/S2430/initialize?prefCd=21&kikanCd=1342000590&kikanKbn=2", "url2": null, "内容": "坂井クリニック【2:診療所】【診療科目:内科_胃腸内科_外科_リハビリテーション科】岐阜県岐阜市万代町２丁目３番地" }, "geometry": { "type": "Point", "coordinates": [ 136.769728, 35.445703 ] } },
{ "type": "Feature", "properties": { "ID": 2121342000592, "正式名称": "岸本医院", "機関区分": 2, "都道府県コード": 21, "市区町村コード": 201, "所在地": "岐阜県岐阜市福光南町１４番１５号", "緯度": 35.448988, "経度": 136.765918, "url": "https://www.iryou.teikyouseido.mhlw.go.jp/znk-web/juminkanja/S2430/initialize?prefCd=21&kikanCd=1342000592&kikanKbn=2", "url2": "http://kishimoto-iinn.com", "内容": "岸本医院【2:診療所】【診療科目:内科_腎臓内科】岐阜県岐阜市福光南町１４番１５号" }, "geometry": { "type": "Point", "coordinates": [ 136.765918, 35.448988 ] } },
{ "type": "Feature", "properties": { "ID": 2121342000598, "正式名称": "岐北クリニック", "機関区分": 2, "都道府県コード": 21, "市区町村コード": 201, "所在地": "岐阜県岐阜市洞", "緯度": 35.470348, "経度": 136.714379, "url": "https://www.iryou.teikyouseido.mhlw.go.jp/znk-web/juminkanja/S2430/initialize?prefCd=21&kikanCd=1342000598&kikanKbn=2", "url2": null, "内容": "岐北クリニック【2:診療所】【診療科目:内科_消化器内科_外科_肛門外科_整形外科_小児科_皮膚科】岐阜県岐阜市洞" }, "geometry": { "type": "Point", "coordinates": [ 136.714379, 35.470348 ] } },
{ "type": "Feature", "properties": { "ID": 2121342000599, "正式名称": "又丸診療所", "機関区分": 2, "都道府県コード": 21, "市区町村コード": 201, "所在地": "岐阜県岐阜市又丸６７番地７", "緯度": 35.441185, "経度": 136.704048, "url": "https://www.iryou.teikyouseido.mhlw.go.jp/znk-web/juminkanja/S2430/initialize?prefCd=21&kikanCd=1342000599&kikanKbn=2", "url2": "http://www.kyowakai.or.jp", "内容": "又丸診療所【2:診療所】【診療科目:内科_精神科】岐阜県岐阜市又丸６７番地７" }, "geometry": { "type": "Point", "coordinates": [ 136.704048, 35.441185 ] } },
{ "type": "Feature", "properties": { "ID": 2121342000600, "正式名称": "岐阜大学保健管理センター", "機関区分": 2, "都道府県コード": 21, "市区町村コード": 201, "所在地": "岐阜県岐阜市柳戸１番１", "緯度": 35.467469, "経度": 136.733075, "url": "https://www.iryou.teikyouseido.mhlw.go.jp/znk-web/juminkanja/S2430/initialize?prefCd=21&kikanCd=1342000600&kikanKbn=2", "url2": "https://hoken.gifu-u.ac.jp/", "内容": "岐阜大学保健管理センター【2:診療所】【診療科目:内科_精神科】岐阜県岐阜市柳戸１番１" }, "geometry": { "type": "Point", "coordinates": [ 136.733075, 35.467469 ] } },
{ "type": "Feature", "properties": { "ID": 2121342000603, "正式名称": "正芳会　細野医院", "機関区分": 2, "都道府県コード": 21, "市区町村コード": 201, "所在地": "岐阜県岐阜市福光西３－９－１３", "緯度": 35.456591, "経度": 136.767899, "url": "https://www.iryou.teikyouseido.mhlw.go.jp/znk-web/juminkanja/S2430/initialize?prefCd=21&kikanCd=1342000603&kikanKbn=2", "url2": "http://hosono-clinic.jp/", "内容": "正芳会　細野医院【2:診療所】【診療科目:内科_胃腸内科_内視鏡内科_肛門内科_外科_リハビリテーション科】岐阜県岐阜市福光西３－９－１３" }, "geometry": { "type": "Point", "coordinates": [ 136.767899, 35.456591 ] } },
{ "type": "Feature", "properties": { "ID": 2121342000611, "正式名称": "竹田内科ファミリークリニック", "機関区分": 2, "都道府県コード": 21, "市区町村コード": 201, "所在地": "岐阜県岐阜市西改田上の町", "緯度": 35.450693, "経度": 136.702232, "url": "https://www.iryou.teikyouseido.mhlw.go.jp/znk-web/juminkanja/S2430/initialize?prefCd=21&kikanCd=1342000611&kikanKbn=2", "url2": "https://takeda-family-clinic.jp/", "内容": "竹田内科ファミリークリニック【2:診療所】【診療科目:内科_糖尿病内科_小児科_皮膚科_アレルギー科_リウマチ科】岐阜県岐阜市西改田上の町" }, "geometry": { "type": "Point", "coordinates": [ 136.702232, 35.450693 ] } },
{ "type": "Feature", "properties": { "ID": 2121342000613, "正式名称": "かさい内科クリニック", "機関区分": 2, "都道府県コード": 21, "市区町村コード": 201, "所在地": "岐阜県岐阜市上尻毛日吉１２５", "緯度": 35.444532, "経度": 136.709619, "url": "https://www.iryou.teikyouseido.mhlw.go.jp/znk-web/juminkanja/S2430/initialize?prefCd=21&kikanCd=1342000613&kikanKbn=2", "url2": "http://fdoc.jp/sp/clinic/detail/index/id/30141/", "内容": "かさい内科クリニック【2:診療所】【診療科目:内科_感染症内科_性感染症内科_血液・腫瘍内科_血液内科_糖尿病内科_代謝内科_内分泌内科_脂質代謝内科_糖尿病・内分泌内科_糖尿病・代謝内科_代謝・内分泌内科_脳神経内科_呼吸器内科_老年・呼吸器内科_気管食道内科_循環器内科_心臓内科_心臓血管内科_消化器内科_胃腸内科_腎臓内科_肝臓内科_神経内科_漢方内科_老年内科_内視鏡内科_疼痛緩和内科_アレルギー疾患内科_緩和ケア内科_外科_小児科_皮膚科_アレルギー科_リハビリテーション科】岐阜県岐阜市上尻毛日吉１２５" }, "geometry": { "type": "Point", "coordinates": [ 136.709619, 35.444532 ] } },
{ "type": "Feature", "properties": { "ID": 2121342000615, "正式名称": "さぎ山クリニック（鷺山クリニック）", "機関区分": 2, "都道府県コード": 21, "市区町村コード": 201, "所在地": "岐阜県岐阜市鷺山北町８番２９号", "緯度": 35.451478, "経度": 136.753315, "url": "https://www.iryou.teikyouseido.mhlw.go.jp/znk-web/juminkanja/S2430/initialize?prefCd=21&kikanCd=1342000615&kikanKbn=2", "url2": null, "内容": "さぎ山クリニック（鷺山クリニック）【2:診療所】【診療科目:内科_呼吸器内科_循環器内科_消化器内科_外科_肛門外科_整形外科_小児科_耳鼻いんこう科_皮膚科_泌尿器科_リハビリテーション科_麻酔科】岐阜県岐阜市鷺山北町８番２９号" }, "geometry": { "type": "Point", "coordinates": [ 136.753315, 35.451478 ] } },
{ "type": "Feature", "properties": { "ID": 2121342000628, "正式名称": "本郷メンタルクリニック", "機関区分": 2, "都道府県コード": 21, "市区町村コード": 201, "所在地": "岐阜県岐阜市本郷町５丁目１７番地", "緯度": 35.42103, "経度": 136.746617, "url": "https://www.iryou.teikyouseido.mhlw.go.jp/znk-web/juminkanja/S2430/initialize?prefCd=21&kikanCd=1342000628&kikanKbn=2", "url2": null, "内容": "本郷メンタルクリニック【2:診療所】【診療科目:精神科_心療内科】岐阜県岐阜市本郷町５丁目１７番地" }, "geometry": { "type": "Point", "coordinates": [ 136.746617, 35.42103 ] } },
{ "type": "Feature", "properties": { "ID": 2121342000630, "正式名称": "わたなべ皮ふ科", "機関区分": 2, "都道府県コード": 21, "市区町村コード": 201, "所在地": "岐阜県岐阜市加納竜興町１丁目１０番地", "緯度": 35.400448, "経度": 136.750876, "url": "https://www.iryou.teikyouseido.mhlw.go.jp/znk-web/juminkanja/S2430/initialize?prefCd=21&kikanCd=1342000630&kikanKbn=2", "url2": "http://watanabe-skin.com/", "内容": "わたなべ皮ふ科【2:診療所】【診療科目:小児皮膚科_皮膚科_美容皮膚科_アレルギー科_麻酔科】岐阜県岐阜市加納竜興町１丁目１０番地" }, "geometry": { "type": "Point", "coordinates": [ 136.750876, 35.400448 ] } },
{ "type": "Feature", "properties": { "ID": 2121342000631, "正式名称": "みたほらクリニック", "機関区分": 2, "都道府県コード": 21, "市区町村コード": 201, "所在地": "岐阜県岐阜市三田洞４３７ー１１", "緯度": 35.478197, "経度": 136.78303, "url": "https://www.iryou.teikyouseido.mhlw.go.jp/znk-web/juminkanja/S2430/initialize?prefCd=21&kikanCd=1342000631&kikanKbn=2", "url2": null, "内容": "みたほらクリニック【2:診療所】【診療科目:眼科】岐阜県岐阜市三田洞４３７ー１１" }, "geometry": { "type": "Point", "coordinates": [ 136.78303, 35.478197 ] } },
{ "type": "Feature", "properties": { "ID": 2121342000632, "正式名称": "白木耳鼻科クリニック", "機関区分": 2, "都道府県コード": 21, "市区町村コード": 201, "所在地": "岐阜県岐阜市神田町８ー９－２白木ビル２階", "緯度": 35.412406, "経度": 136.759814, "url": "https://www.iryou.teikyouseido.mhlw.go.jp/znk-web/juminkanja/S2430/initialize?prefCd=21&kikanCd=1342000632&kikanKbn=2", "url2": "http://www.mimi-hana.com/", "内容": "白木耳鼻科クリニック【2:診療所】【診療科目:小児科_耳鼻いんこう科_気管食道・耳鼻いんこう科_アレルギー科】岐阜県岐阜市神田町８ー９－２白木ビル２階" }, "geometry": { "type": "Point", "coordinates": [ 136.759814, 35.412406 ] } },
{ "type": "Feature", "properties": { "ID": 2121342000635, "正式名称": "和田内科クリニック", "機関区分": 2, "都道府県コード": 21, "市区町村コード": 201, "所在地": "岐阜県岐阜市長良２ー１５６", "緯度": 35.45072, "経度": 136.78556, "url": "https://www.iryou.teikyouseido.mhlw.go.jp/znk-web/juminkanja/S2430/initialize?prefCd=21&kikanCd=1342000635&kikanKbn=2", "url2": null, "内容": "和田内科クリニック【2:診療所】【診療科目:内科_糖尿病・代謝内科_消化器内科_小児科_アレルギー科】岐阜県岐阜市長良２ー１５６" }, "geometry": { "type": "Point", "coordinates": [ 136.78556, 35.45072 ] } },
{ "type": "Feature", "properties": { "ID": 2121342000636, "正式名称": "小牧内科クリニック", "機関区分": 2, "都道府県コード": 21, "市区町村コード": 201, "所在地": "岐阜県岐阜市昭和町２丁目１１番地", "緯度": 35.415317, "経度": 136.750338, "url": "https://www.iryou.teikyouseido.mhlw.go.jp/znk-web/juminkanja/S2430/initialize?prefCd=21&kikanCd=1342000636&kikanKbn=2", "url2": "https://www.tomoikikai.net", "内容": "小牧内科クリニック【2:診療所】【診療科目:内科_糖尿病内科_代謝内科_糖尿病・内分泌内科_呼吸器内科_循環器内科_消化器内科_小児科_アレルギー科_リウマチ科_リハビリテーション科】岐阜県岐阜市昭和町２丁目１１番地" }, "geometry": { "type": "Point", "coordinates": [ 136.750338, 35.415317 ] } },
{ "type": "Feature", "properties": { "ID": 2121342000637, "正式名称": "中山耳鼻咽喉科", "機関区分": 2, "都道府県コード": 21, "市区町村コード": 201, "所在地": "岐阜県岐阜市市橋４－１３－６", "緯度": 35.403499, "経度": 136.724437, "url": "https://www.iryou.teikyouseido.mhlw.go.jp/znk-web/juminkanja/S2430/initialize?prefCd=21&kikanCd=1342000637&kikanKbn=2", "url2": "https://www.nakajibi.com/", "内容": "中山耳鼻咽喉科【2:診療所】【診療科目:耳鼻いんこう科_気管食道・耳鼻いんこう科_頭頸部・耳鼻いんこう科_耳鼻咽喉科_アレルギー科】岐阜県岐阜市市橋４－１３－６" }, "geometry": { "type": "Point", "coordinates": [ 136.724437, 35.403499 ] } },
{ "type": "Feature", "properties": { "ID": 2121342000638, "正式名称": "みさお内科外科胃腸科", "機関区分": 2, "都道府県コード": 21, "市区町村コード": 201, "所在地": "岐阜県岐阜市加納竜興町３ー２", "緯度": 35.401058, "経度": 136.74842, "url": "https://www.iryou.teikyouseido.mhlw.go.jp/znk-web/juminkanja/S2430/initialize?prefCd=21&kikanCd=1342000638&kikanKbn=2", "url2": null, "内容": "みさお内科外科胃腸科【2:診療所】【診療科目:内科_胃腸内科_外科_肛門外科_整形外科_小児科_麻酔科】岐阜県岐阜市加納竜興町３ー２" }, "geometry": { "type": "Point", "coordinates": [ 136.74842, 35.401058 ] } },
{ "type": "Feature", "properties": { "ID": 2121342000642, "正式名称": "石黒クリニック", "機関区分": 2, "都道府県コード": 21, "市区町村コード": 201, "所在地": "岐阜県岐阜市正木北町６－３７", "緯度": 35.453548, "経度": 136.749864, "url": "https://www.iryou.teikyouseido.mhlw.go.jp/znk-web/juminkanja/S2430/initialize?prefCd=21&kikanCd=1342000642&kikanKbn=2", "url2": "https://ishiguro-cl.jp/", "内容": "石黒クリニック【2:診療所】【診療科目:内科_呼吸器内科_循環器内科_小児科_リハビリテーション科】岐阜県岐阜市正木北町６－３７" }, "geometry": { "type": "Point", "coordinates": [ 136.749864, 35.453548 ] } },
{ "type": "Feature", "properties": { "ID": 2121342000645, "正式名称": "くわはら皮膚科", "機関区分": 2, "都道府県コード": 21, "市区町村コード": 201, "所在地": "岐阜県岐阜市長良東２ー６３", "緯度": 35.448187, "経度": 136.786989, "url": "https://www.iryou.teikyouseido.mhlw.go.jp/znk-web/juminkanja/S2430/initialize?prefCd=21&kikanCd=1342000645&kikanKbn=2", "url2": null, "内容": "くわはら皮膚科【2:診療所】【診療科目:皮膚科】岐阜県岐阜市長良東２ー６３" }, "geometry": { "type": "Point", "coordinates": [ 136.786989, 35.448187 ] } },
{ "type": "Feature", "properties": { "ID": 2121342000646, "正式名称": "松井医院", "機関区分": 2, "都道府県コード": 21, "市区町村コード": 201, "所在地": "岐阜県岐阜市石原３丁目１１６", "緯度": 35.48781, "経度": 136.833461, "url": "https://www.iryou.teikyouseido.mhlw.go.jp/znk-web/juminkanja/S2430/initialize?prefCd=21&kikanCd=1342000646&kikanKbn=2", "url2": "http://matui-clinic.jp/", "内容": "松井医院【2:診療所】【診療科目:内科_糖尿病内科_小児科_皮膚科】岐阜県岐阜市石原３丁目１１６" }, "geometry": { "type": "Point", "coordinates": [ 136.833461, 35.48781 ] } },
{ "type": "Feature", "properties": { "ID": 2121342000649, "正式名称": "なかたにクリニック", "機関区分": 2, "都道府県コード": 21, "市区町村コード": 201, "所在地": "岐阜県岐阜市琴塚２ー７ー１６", "緯度": 35.416287, "経度": 136.808856, "url": "https://www.iryou.teikyouseido.mhlw.go.jp/znk-web/juminkanja/S2430/initialize?prefCd=21&kikanCd=1342000649&kikanKbn=2", "url2": "http://www.nakatani-clinic.jp/", "内容": "なかたにクリニック【2:診療所】【診療科目:内科_神経内科_外科_脳神経外科_皮膚科】岐阜県岐阜市琴塚２ー７ー１６" }, "geometry": { "type": "Point", "coordinates": [ 136.808856, 35.416287 ] } },
{ "type": "Feature", "properties": { "ID": 2121342000652, "正式名称": "川崎整形外科クリニック", "機関区分": 2, "都道府県コード": 21, "市区町村コード": 201, "所在地": "岐阜県岐阜市三笠町１丁目７番地", "緯度": 35.413515, "経度": 136.773831, "url": "https://www.iryou.teikyouseido.mhlw.go.jp/znk-web/juminkanja/S2430/initialize?prefCd=21&kikanCd=1342000652&kikanKbn=2", "url2": "https://kawasakiseikei.com/", "内容": "川崎整形外科クリニック【2:診療所】【診療科目:整形外科_リウマチ科_リハビリテーション科】岐阜県岐阜市三笠町１丁目７番地" }, "geometry": { "type": "Point", "coordinates": [ 136.773831, 35.413515 ] } },
{ "type": "Feature", "properties": { "ID": 2121342000653, "正式名称": "竹田クリニック", "機関区分": 2, "都道府県コード": 21, "市区町村コード": 201, "所在地": "岐阜県岐阜市河渡", "緯度": 35.410998, "経度": 136.699713, "url": "https://www.iryou.teikyouseido.mhlw.go.jp/znk-web/juminkanja/S2430/initialize?prefCd=21&kikanCd=1342000653&kikanKbn=2", "url2": "http://takeda-clinic.info/", "内容": "竹田クリニック【2:診療所】【診療科目:内科_ペインクリニック内科_外科_整形外科_小児科_リハビリテーション科】岐阜県岐阜市河渡" }, "geometry": { "type": "Point", "coordinates": [ 136.699713, 35.410998 ] } },
{ "type": "Feature", "properties": { "ID": 2121342000655, "正式名称": "あかなべクリニック", "機関区分": 2, "都道府県コード": 21, "市区町村コード": 201, "所在地": "岐阜県岐阜市茜部中島１－２５－１", "緯度": 35.393448, "経度": 136.751719, "url": "https://www.iryou.teikyouseido.mhlw.go.jp/znk-web/juminkanja/S2430/initialize?prefCd=21&kikanCd=1342000655&kikanKbn=2", "url2": "http://website2.infomity.net/8252092/", "内容": "あかなべクリニック【2:診療所】【診療科目:内科_呼吸器内科_循環器内科】岐阜県岐阜市茜部中島１－２５－１" }, "geometry": { "type": "Point", "coordinates": [ 136.751719, 35.393448 ] } },
{ "type": "Feature", "properties": { "ID": 2121342000657, "正式名称": "島クリニック", "機関区分": 2, "都道府県コード": 21, "市区町村コード": 201, "所在地": "岐阜県岐阜市寺田５丁目７３ー３", "緯度": 35.418028, "経度": 136.703114, "url": "https://www.iryou.teikyouseido.mhlw.go.jp/znk-web/juminkanja/S2430/initialize?prefCd=21&kikanCd=1342000657&kikanKbn=2", "url2": null, "内容": "島クリニック【2:診療所】【診療科目:内科_小児科_アレルギー科】岐阜県岐阜市寺田５丁目７３ー３" }, "geometry": { "type": "Point", "coordinates": [ 136.703114, 35.418028 ] } },
{ "type": "Feature", "properties": { "ID": 2121342000659, "正式名称": "医療法人　水谷医院", "機関区分": 2, "都道府県コード": 21, "市区町村コード": 201, "所在地": "岐阜県岐阜市加納朝日町３－４６－１０", "緯度": 35.401881, "経度": 136.757795, "url": "https://www.iryou.teikyouseido.mhlw.go.jp/znk-web/juminkanja/S2430/initialize?prefCd=21&kikanCd=1342000659&kikanKbn=2", "url2": "http://www.myclinic.ne.jp/mizutani_cli/", "内容": "医療法人　水谷医院【2:診療所】【診療科目:内科_循環器内科_腎臓内科_人工透析内科】岐阜県岐阜市加納朝日町３－４６－１０" }, "geometry": { "type": "Point", "coordinates": [ 136.757795, 35.401881 ] } },
{ "type": "Feature", "properties": { "ID": 2121342000661, "正式名称": "医療法人岐阜勤労者医療協会すこやか診療所", "機関区分": 2, "都道府県コード": 21, "市区町村コード": 201, "所在地": "岐阜県岐阜市北山１丁目１３番１１号", "緯度": 35.458015, "経度": 136.853676, "url": "https://www.iryou.teikyouseido.mhlw.go.jp/znk-web/juminkanja/S2430/initialize?prefCd=21&kikanCd=1342000661&kikanKbn=2", "url2": "http://gifu-min.jp/midori/", "内容": "医療法人岐阜勤労者医療協会すこやか診療所【2:診療所】【診療科目:内科_精神科_心療内科_歯科_小児歯科】岐阜県岐阜市北山１丁目１３番１１号" }, "geometry": { "type": "Point", "coordinates": [ 136.853676, 35.458015 ] } },
{ "type": "Feature", "properties": { "ID": 2121342000663, "正式名称": "吉村整形外科", "機関区分": 2, "都道府県コード": 21, "市区町村コード": 201, "所在地": "岐阜県岐阜市近島５丁目１０ー１３", "緯度": 35.432623, "経度": 136.736125, "url": "https://www.iryou.teikyouseido.mhlw.go.jp/znk-web/juminkanja/S2430/initialize?prefCd=21&kikanCd=1342000663&kikanKbn=2", "url2": null, "内容": "吉村整形外科【2:診療所】【診療科目:外科_整形外科_リウマチ科_リハビリテーション科】岐阜県岐阜市近島５丁目１０ー１３" }, "geometry": { "type": "Point", "coordinates": [ 136.736125, 35.432623 ] } },
{ "type": "Feature", "properties": { "ID": 2121342000665, "正式名称": "みわキッズベビークリニック", "機関区分": 2, "都道府県コード": 21, "市区町村コード": 201, "所在地": "岐阜県岐阜市長良東２丁目６３", "緯度": 35.448197, "経度": 136.786863, "url": "https://www.iryou.teikyouseido.mhlw.go.jp/znk-web/juminkanja/S2430/initialize?prefCd=21&kikanCd=1342000665&kikanKbn=2", "url2": "www.miwa-kodomo-clinic.com/", "内容": "みわキッズベビークリニック【2:診療所】【診療科目:小児科_アレルギー科】岐阜県岐阜市長良東２丁目６３" }, "geometry": { "type": "Point", "coordinates": [ 136.786863, 35.448197 ] } },
{ "type": "Feature", "properties": { "ID": 2121342000668, "正式名称": "森医院", "機関区分": 2, "都道府県コード": 21, "市区町村コード": 201, "所在地": "岐阜県岐阜市蔵前", "緯度": 35.395742, "経度": 136.804214, "url": "https://www.iryou.teikyouseido.mhlw.go.jp/znk-web/juminkanja/S2430/initialize?prefCd=21&kikanCd=1342000668&kikanKbn=2", "url2": null, "内容": "森医院【2:診療所】【診療科目:内科_循環器内科_皮膚科】岐阜県岐阜市蔵前" }, "geometry": { "type": "Point", "coordinates": [ 136.804214, 35.395742 ] } },
{ "type": "Feature", "properties": { "ID": 2121342000671, "正式名称": "大川医院耳鼻咽喉科", "機関区分": 2, "都道府県コード": 21, "市区町村コード": 201, "所在地": "岐阜県岐阜市中鶉７丁目１８番地１", "緯度": 35.378171, "経度": 136.731336, "url": "https://www.iryou.teikyouseido.mhlw.go.jp/znk-web/juminkanja/S2430/initialize?prefCd=21&kikanCd=1342000671&kikanKbn=2", "url2": "http://www.okawa-jibika.com/index.html", "内容": "大川医院耳鼻咽喉科【2:診療所】【診療科目:耳鼻いんこう科_気管食道・耳鼻いんこう科_アレルギー科】岐阜県岐阜市中鶉７丁目１８番地１" }, "geometry": { "type": "Point", "coordinates": [ 136.731336, 35.378171 ] } },
{ "type": "Feature", "properties": { "ID": 2121342000675, "正式名称": "基生会おおのレディースクリニック", "機関区分": 2, "都道府県コード": 21, "市区町村コード": 201, "所在地": "岐阜県岐阜市光町１丁目４４", "緯度": 35.433687, "経度": 136.745461, "url": "https://www.iryou.teikyouseido.mhlw.go.jp/znk-web/juminkanja/S2430/initialize?prefCd=21&kikanCd=1342000675&kikanKbn=2", "url2": "http://www.ohno-lc.com/", "内容": "基生会おおのレディースクリニック【2:診療所】【診療科目:産科_婦人科_産婦人科（生殖医療）】岐阜県岐阜市光町１丁目４４" }, "geometry": { "type": "Point", "coordinates": [ 136.745461, 35.433687 ] } },
{ "type": "Feature", "properties": { "ID": 2121342000679, "正式名称": "たなかクリニック", "機関区分": 2, "都道府県コード": 21, "市区町村コード": 201, "所在地": "岐阜県岐阜市芥見野畑１ー２２ー１", "緯度": 35.44082, "経度": 136.843835, "url": "https://www.iryou.teikyouseido.mhlw.go.jp/znk-web/juminkanja/S2430/initialize?prefCd=21&kikanCd=1342000679&kikanKbn=2", "url2": "http://www.tanaka-c.jp/", "内容": "たなかクリニック【2:診療所】【診療科目:内科_外科_整形外科_小児科_リハビリテーション科_麻酔科】岐阜県岐阜市芥見野畑１ー２２ー１" }, "geometry": { "type": "Point", "coordinates": [ 136.843835, 35.44082 ] } },
{ "type": "Feature", "properties": { "ID": 2121342000683, "正式名称": "恩田眼科クリニック", "機関区分": 2, "都道府県コード": 21, "市区町村コード": 201, "所在地": "岐阜県岐阜市北島４丁目６番８号", "緯度": 35.433292, "経度": 136.727451, "url": "https://www.iryou.teikyouseido.mhlw.go.jp/znk-web/juminkanja/S2430/initialize?prefCd=21&kikanCd=1342000683&kikanKbn=2", "url2": "GW、夏期、年末年始", "内容": "恩田眼科クリニック【2:診療所】【診療科目:眼科】岐阜県岐阜市北島４丁目６番８号" }, "geometry": { "type": "Point", "coordinates": [ 136.727451, 35.433292 ] } },
{ "type": "Feature", "properties": { "ID": 2121342000685, "正式名称": "井上眼科", "機関区分": 2, "都道府県コード": 21, "市区町村コード": 201, "所在地": "岐阜県岐阜市長住町２ー４大橋ビル２Ｆ", "緯度": 35.412453, "経度": 136.760434, "url": "https://www.iryou.teikyouseido.mhlw.go.jp/znk-web/juminkanja/S2430/initialize?prefCd=21&kikanCd=1342000685&kikanKbn=2", "url2": "https://www.inoueganka-gifu.com", "内容": "井上眼科【2:診療所】【診療科目:眼科】岐阜県岐阜市長住町２ー４大橋ビル２Ｆ" }, "geometry": { "type": "Point", "coordinates": [ 136.760434, 35.412453 ] } },
{ "type": "Feature", "properties": { "ID": 2121342000686, "正式名称": "眼科クリニックやすえ", "機関区分": 2, "都道府県コード": 21, "市区町村コード": 201, "所在地": "岐阜県岐阜市鏡島西２丁目３番１２号", "緯度": 35.409292, "経度": 136.717093, "url": "https://www.iryou.teikyouseido.mhlw.go.jp/znk-web/juminkanja/S2430/initialize?prefCd=21&kikanCd=1342000686&kikanKbn=2", "url2": "http://www.koukikai.gr.jp/", "内容": "眼科クリニックやすえ【2:診療所】【診療科目:眼科】岐阜県岐阜市鏡島西２丁目３番１２号" }, "geometry": { "type": "Point", "coordinates": [ 136.717093, 35.409292 ] } },
{ "type": "Feature", "properties": { "ID": 2121342000688, "正式名称": "医療法人社団志信会松田内科クリニック", "機関区分": 2, "都道府県コード": 21, "市区町村コード": 201, "所在地": "岐阜県岐阜市水海道５－２－２", "緯度": 35.40738, "経度": 136.812574, "url": "https://www.iryou.teikyouseido.mhlw.go.jp/znk-web/juminkanja/S2430/initialize?prefCd=21&kikanCd=1342000688&kikanKbn=2", "url2": null, "内容": "医療法人社団志信会松田内科クリニック【2:診療所】【診療科目:内科_糖尿病内科_内分泌内科_循環器内科】岐阜県岐阜市水海道５－２－２" }, "geometry": { "type": "Point", "coordinates": [ 136.812574, 35.40738 ] } },
{ "type": "Feature", "properties": { "ID": 2121342000692, "正式名称": "クリニック足立", "機関区分": 2, "都道府県コード": 21, "市区町村コード": 201, "所在地": "岐阜県岐阜市大池町６２", "緯度": 35.414933, "経度": 136.738307, "url": "https://www.iryou.teikyouseido.mhlw.go.jp/znk-web/juminkanja/S2430/initialize?prefCd=21&kikanCd=1342000692&kikanKbn=2", "url2": null, "内容": "クリニック足立【2:診療所】【診療科目:精神科_心療内科】岐阜県岐阜市大池町６２" }, "geometry": { "type": "Point", "coordinates": [ 136.738307, 35.414933 ] } },
{ "type": "Feature", "properties": { "ID": 2121342000696, "正式名称": "秋田耳鼻咽喉科医院", "機関区分": 2, "都道府県コード": 21, "市区町村コード": 201, "所在地": "岐阜県岐阜市切通５丁目６ー３", "緯度": 35.395697, "経度": 136.795129, "url": "https://www.iryou.teikyouseido.mhlw.go.jp/znk-web/juminkanja/S2430/initialize?prefCd=21&kikanCd=1342000696&kikanKbn=2", "url2": null, "内容": "秋田耳鼻咽喉科医院【2:診療所】【診療科目:耳鼻いんこう科_アレルギー科】岐阜県岐阜市切通５丁目６ー３" }, "geometry": { "type": "Point", "coordinates": [ 136.795129, 35.395697 ] } },
{ "type": "Feature", "properties": { "ID": 2121342000702, "正式名称": "谷村クリニック", "機関区分": 2, "都道府県コード": 21, "市区町村コード": 201, "所在地": "岐阜県岐阜市中西郷４丁目６７ー１", "緯度": 35.468331, "経度": 136.698841, "url": "https://www.iryou.teikyouseido.mhlw.go.jp/znk-web/juminkanja/S2430/initialize?prefCd=21&kikanCd=1342000702&kikanKbn=2", "url2": "http://www.tanimura-clinic.jp/", "内容": "谷村クリニック【2:診療所】【診療科目:内科_外科_脳神経外科】岐阜県岐阜市中西郷４丁目６７ー１" }, "geometry": { "type": "Point", "coordinates": [ 136.698841, 35.468331 ] } },
{ "type": "Feature", "properties": { "ID": 2121342000703, "正式名称": "近藤ゆか耳鼻咽喉科", "機関区分": 2, "都道府県コード": 21, "市区町村コード": 201, "所在地": "岐阜県岐阜市野一色６－８－６", "緯度": 35.414022, "経度": 136.804668, "url": "https://www.iryou.teikyouseido.mhlw.go.jp/znk-web/juminkanja/S2430/initialize?prefCd=21&kikanCd=1342000703&kikanKbn=2", "url2": "http://www.yukajibi.com/e/index.htm", "内容": "近藤ゆか耳鼻咽喉科【2:診療所】【診療科目:頭頸部・耳鼻いんこう科_アレルギー科】岐阜県岐阜市野一色６－８－６" }, "geometry": { "type": "Point", "coordinates": [ 136.804668, 35.414022 ] } },
{ "type": "Feature", "properties": { "ID": 2121342000705, "正式名称": "矢嶋小児科小児循環器クリニック", "機関区分": 2, "都道府県コード": 21, "市区町村コード": 201, "所在地": "岐阜県岐阜市日野南７－１０－７", "緯度": 35.429381, "経度": 136.810948, "url": "https://www.iryou.teikyouseido.mhlw.go.jp/znk-web/juminkanja/S2430/initialize?prefCd=21&kikanCd=1342000705&kikanKbn=2", "url2": "https://www.yajima-syounika.com/", "内容": "矢嶋小児科小児循環器クリニック【2:診療所】【診療科目:小児科】岐阜県岐阜市日野南７－１０－７" }, "geometry": { "type": "Point", "coordinates": [ 136.810948, 35.429381 ] } },
{ "type": "Feature", "properties": { "ID": 2121342000706, "正式名称": "たけだ内科クリニック", "機関区分": 2, "都道府県コード": 21, "市区町村コード": 201, "所在地": "岐阜県岐阜市岩滝西３－７５", "緯度": 35.42633, "経度": 136.849546, "url": "https://www.iryou.teikyouseido.mhlw.go.jp/znk-web/juminkanja/S2430/initialize?prefCd=21&kikanCd=1342000706&kikanKbn=2", "url2": "http://kenseikai-iryou.com/naika/", "内容": "たけだ内科クリニック【2:診療所】【診療科目:内科_呼吸器内科_循環器内科_消化器内科_小児科_リハビリテーション科】岐阜県岐阜市岩滝西３－７５" }, "geometry": { "type": "Point", "coordinates": [ 136.849546, 35.42633 ] } },
{ "type": "Feature", "properties": { "ID": 2121342000715, "正式名称": "川瀬医院", "機関区分": 2, "都道府県コード": 21, "市区町村コード": 201, "所在地": "岐阜県岐阜市金竜町２－１３", "緯度": 35.415317, "経度": 136.764453, "url": "https://www.iryou.teikyouseido.mhlw.go.jp/znk-web/juminkanja/S2430/initialize?prefCd=21&kikanCd=1342000715&kikanKbn=2", "url2": null, "内容": "川瀬医院【2:診療所】【診療科目:内科_消化器内科】岐阜県岐阜市金竜町２－１３" }, "geometry": { "type": "Point", "coordinates": [ 136.764453, 35.415317 ] } },
{ "type": "Feature", "properties": { "ID": 2121342000718, "正式名称": "高木医院", "機関区分": 2, "都道府県コード": 21, "市区町村コード": 201, "所在地": "岐阜県岐阜市長良東郷町", "緯度": 35.444622, "経度": 136.777799, "url": "https://www.iryou.teikyouseido.mhlw.go.jp/znk-web/juminkanja/S2430/initialize?prefCd=21&kikanCd=1342000718&kikanKbn=2", "url2": "http://www.takagi-cl.com/", "内容": "高木医院【2:診療所】【診療科目:内科_呼吸器内科_循環器内科_消化器内科_小児科】岐阜県岐阜市長良東郷町" }, "geometry": { "type": "Point", "coordinates": [ 136.777799, 35.444622 ] } },
{ "type": "Feature", "properties": { "ID": 2121342000721, "正式名称": "つばさ皮フ科クリニック", "機関区分": 2, "都道府県コード": 21, "市区町村コード": 201, "所在地": "岐阜県岐阜市六条北２－１０－９六条メディカルモール内", "緯度": 35.401063, "経度": 136.742613, "url": "https://www.iryou.teikyouseido.mhlw.go.jp/znk-web/juminkanja/S2430/initialize?prefCd=21&kikanCd=1342000721&kikanKbn=2", "url2": "http://www.rokujo.net/", "内容": "つばさ皮フ科クリニック【2:診療所】【診療科目:皮膚科_美容皮膚科_泌尿器科_アレルギー科】岐阜県岐阜市六条北２－１０－９六条メディカルモール内" }, "geometry": { "type": "Point", "coordinates": [ 136.742613, 35.401063 ] } },
{ "type": "Feature", "properties": { "ID": 2121342000722, "正式名称": "つちや整形外科婦人科クリニック", "機関区分": 2, "都道府県コード": 21, "市区町村コード": 201, "所在地": "岐阜県岐阜市六条北２ー１０ー９六条メディカルモール内", "緯度": 35.401087, "経度": 136.742383, "url": "https://www.iryou.teikyouseido.mhlw.go.jp/znk-web/juminkanja/S2430/initialize?prefCd=21&kikanCd=1342000722&kikanKbn=2", "url2": "https://tuchiya-cl.net/", "内容": "つちや整形外科婦人科クリニック【2:診療所】【診療科目:整形外科_婦人科_リウマチ科_リハビリテーション科】岐阜県岐阜市六条北２ー１０ー９六条メディカルモール内" }, "geometry": { "type": "Point", "coordinates": [ 136.742383, 35.401087 ] } },
{ "type": "Feature", "properties": { "ID": 2121342000724, "正式名称": "あいレディースクリニック", "機関区分": 2, "都道府県コード": 21, "市区町村コード": 201, "所在地": "岐阜県岐阜市菅生６－２－５", "緯度": 35.424739, "経度": 136.728197, "url": "https://www.iryou.teikyouseido.mhlw.go.jp/znk-web/juminkanja/S2430/initialize?prefCd=21&kikanCd=1342000724&kikanKbn=2", "url2": "https://ai-lc.com", "内容": "あいレディースクリニック【2:診療所】【診療科目:小児科_産婦人科】岐阜県岐阜市菅生６－２－５" }, "geometry": { "type": "Point", "coordinates": [ 136.728197, 35.424739 ] } },
{ "type": "Feature", "properties": { "ID": 2121342000727, "正式名称": "森耳鼻咽喉科", "機関区分": 2, "都道府県コード": 21, "市区町村コード": 201, "所在地": "岐阜県岐阜市須賀", "緯度": 35.387827, "経度": 136.714382, "url": "https://www.iryou.teikyouseido.mhlw.go.jp/znk-web/juminkanja/S2430/initialize?prefCd=21&kikanCd=1342000727&kikanKbn=2", "url2": null, "内容": "森耳鼻咽喉科【2:診療所】【診療科目:耳鼻いんこう科_アレルギー科】岐阜県岐阜市須賀" }, "geometry": { "type": "Point", "coordinates": [ 136.714382, 35.387827 ] } },
{ "type": "Feature", "properties": { "ID": 2121342000729, "正式名称": "しみずクリニック", "機関区分": 2, "都道府県コード": 21, "市区町村コード": 201, "所在地": "岐阜県岐阜市加納清水町３ー８ー１日本泉ビル２Ｃ", "緯度": 35.408579, "経度": 136.758203, "url": "https://www.iryou.teikyouseido.mhlw.go.jp/znk-web/juminkanja/S2430/initialize?prefCd=21&kikanCd=1342000729&kikanKbn=2", "url2": null, "内容": "しみずクリニック【2:診療所】【診療科目:精神科_神経科_心療内科】岐阜県岐阜市加納清水町３ー８ー１日本泉ビル２Ｃ" }, "geometry": { "type": "Point", "coordinates": [ 136.758203, 35.408579 ] } },
{ "type": "Feature", "properties": { "ID": 2121342000731, "正式名称": "眼科　好明館", "機関区分": 2, "都道府県コード": 21, "市区町村コード": 201, "所在地": "岐阜県岐阜市長良１５７ー１", "緯度": 35.443918, "経度": 136.774866, "url": "https://www.iryou.teikyouseido.mhlw.go.jp/znk-web/juminkanja/S2430/initialize?prefCd=21&kikanCd=1342000731&kikanKbn=2", "url2": "http://www.ganka-koumeikan.com/", "内容": "眼科　好明館【2:診療所】【診療科目:眼科】岐阜県岐阜市長良１５７ー１" }, "geometry": { "type": "Point", "coordinates": [ 136.774866, 35.443918 ] } },
{ "type": "Feature", "properties": { "ID": 2121342000735, "正式名称": "領下眼科クリニック", "機関区分": 2, "都道府県コード": 21, "市区町村コード": 201, "所在地": "岐阜県岐阜市領下６ー２５ー１", "緯度": 35.403848, "経度": 136.78039, "url": "https://www.iryou.teikyouseido.mhlw.go.jp/znk-web/juminkanja/S2430/initialize?prefCd=21&kikanCd=1342000735&kikanKbn=2", "url2": null, "内容": "領下眼科クリニック【2:診療所】【診療科目:眼科】岐阜県岐阜市領下６ー２５ー１" }, "geometry": { "type": "Point", "coordinates": [ 136.78039, 35.403848 ] } },
{ "type": "Feature", "properties": { "ID": 2121342000738, "正式名称": "はやし内科クリニック", "機関区分": 2, "都道府県コード": 21, "市区町村コード": 201, "所在地": "岐阜県岐阜市領下６－２５－１", "緯度": 35.404003, "経度": 136.780409, "url": "https://www.iryou.teikyouseido.mhlw.go.jp/znk-web/juminkanja/S2430/initialize?prefCd=21&kikanCd=1342000738&kikanKbn=2", "url2": "http://hayashi.ci-hp.jp/", "内容": "はやし内科クリニック【2:診療所】【診療科目:内科_糖尿病内科】岐阜県岐阜市領下６－２５－１" }, "geometry": { "type": "Point", "coordinates": [ 136.780409, 35.404003 ] } },
{ "type": "Feature", "properties": { "ID": 2121342000739, "正式名称": "おぜきクリニック", "機関区分": 2, "都道府県コード": 21, "市区町村コード": 201, "所在地": "岐阜県岐阜市長住町１丁目２３番地", "緯度": 35.411826, "経度": 136.76318, "url": "https://www.iryou.teikyouseido.mhlw.go.jp/znk-web/juminkanja/S2430/initialize?prefCd=21&kikanCd=1342000739&kikanKbn=2", "url2": "http://www.ozeki-clinic.com", "内容": "おぜきクリニック【2:診療所】【診療科目:内科_皮膚科_泌尿器科】岐阜県岐阜市長住町１丁目２３番地" }, "geometry": { "type": "Point", "coordinates": [ 136.76318, 35.411826 ] } },
{ "type": "Feature", "properties": { "ID": 2121342000740, "正式名称": "いなば内科", "機関区分": 2, "都道府県コード": 21, "市区町村コード": 201, "所在地": "岐阜県岐阜市伊奈波通１－５１", "緯度": 35.42869, "経度": 136.766059, "url": "https://www.iryou.teikyouseido.mhlw.go.jp/znk-web/juminkanja/S2430/initialize?prefCd=21&kikanCd=1342000740&kikanKbn=2", "url2": "http://inabanaika.com", "内容": "いなば内科【2:診療所】【診療科目:内科_小児科】岐阜県岐阜市伊奈波通１－５１" }, "geometry": { "type": "Point", "coordinates": [ 136.766059, 35.42869 ] } },
{ "type": "Feature", "properties": { "ID": 2121342000742, "正式名称": "たなか耳鼻咽喉科", "機関区分": 2, "都道府県コード": 21, "市区町村コード": 201, "所在地": "岐阜県岐阜市茜部中島１ー１", "緯度": 35.394447, "経度": 136.751919, "url": "https://www.iryou.teikyouseido.mhlw.go.jp/znk-web/juminkanja/S2430/initialize?prefCd=21&kikanCd=1342000742&kikanKbn=2", "url2": "http://www.tanaka-ent.jp/", "内容": "たなか耳鼻咽喉科【2:診療所】【診療科目:小児科_耳鼻いんこう科_アレルギー科】岐阜県岐阜市茜部中島１ー１" }, "geometry": { "type": "Point", "coordinates": [ 136.751919, 35.394447 ] } },
{ "type": "Feature", "properties": { "ID": 2121342000744, "正式名称": "アイ・エスクリニック", "機関区分": 2, "都道府県コード": 21, "市区町村コード": 201, "所在地": "岐阜県岐阜市玉宮町１丁目２　Ｙ２ビル１階", "緯度": 35.414286, "経度": 136.758228, "url": "https://www.iryou.teikyouseido.mhlw.go.jp/znk-web/juminkanja/S2430/initialize?prefCd=21&kikanCd=1342000744&kikanKbn=2", "url2": "http://www.i-s-clinic.jp/", "内容": "アイ・エスクリニック【2:診療所】【診療科目:美容外科_皮膚科】岐阜県岐阜市玉宮町１丁目２　Ｙ２ビル１階" }, "geometry": { "type": "Point", "coordinates": [ 136.758228, 35.414286 ] } },
{ "type": "Feature", "properties": { "ID": 2121342000749, "正式名称": "長良整形外科クリニック", "機関区分": 2, "都道府県コード": 21, "市区町村コード": 201, "所在地": "岐阜県岐阜市八代３ー１０ー１２", "緯度": 35.460942, "経度": 136.775271, "url": "https://www.iryou.teikyouseido.mhlw.go.jp/znk-web/juminkanja/S2430/initialize?prefCd=21&kikanCd=1342000749&kikanKbn=2", "url2": "http://website.infomity.net/c0002189/", "内容": "長良整形外科クリニック【2:診療所】【診療科目:整形外科_リウマチ科_リハビリテーション科】岐阜県岐阜市八代３ー１０ー１２" }, "geometry": { "type": "Point", "coordinates": [ 136.775271, 35.460942 ] } },
{ "type": "Feature", "properties": { "ID": 2121342000756, "正式名称": "ささきクリニック", "機関区分": 2, "都道府県コード": 21, "市区町村コード": 201, "所在地": "岐阜県岐阜市清７６０－５", "緯度": 35.406361, "経度": 136.743301, "url": "https://www.iryou.teikyouseido.mhlw.go.jp/znk-web/juminkanja/S2430/initialize?prefCd=21&kikanCd=1342000756&kikanKbn=2", "url2": "http://sasacli.com./", "内容": "ささきクリニック【2:診療所】【診療科目:内科_消化器内科】岐阜県岐阜市清７６０－５" }, "geometry": { "type": "Point", "coordinates": [ 136.743301, 35.406361 ] } },
{ "type": "Feature", "properties": { "ID": 2121342000757, "正式名称": "加藤脳神経外科クリニック", "機関区分": 2, "都道府県コード": 21, "市区町村コード": 201, "所在地": "岐阜県岐阜市長住町９－１８", "緯度": 35.412414, "経度": 136.748869, "url": "https://www.iryou.teikyouseido.mhlw.go.jp/znk-web/juminkanja/S2430/initialize?prefCd=21&kikanCd=1342000757&kikanKbn=2", "url2": null, "内容": "加藤脳神経外科クリニック【2:診療所】【診療科目:神経内科_脳神経外科_リハビリテーション科】岐阜県岐阜市長住町９－１８" }, "geometry": { "type": "Point", "coordinates": [ 136.748869, 35.412414 ] } },
{ "type": "Feature", "properties": { "ID": 2121342000764, "正式名称": "みながわ内科・循環器科クリニック", "機関区分": 2, "都道府県コード": 21, "市区町村コード": 201, "所在地": "岐阜県岐阜市折立８９５－１", "緯度": 35.457342, "経度": 136.728626, "url": "https://www.iryou.teikyouseido.mhlw.go.jp/znk-web/juminkanja/S2430/initialize?prefCd=21&kikanCd=1342000764&kikanKbn=2", "url2": null, "内容": "みながわ内科・循環器科クリニック【2:診療所】【診療科目:内科_呼吸器内科_循環器内科_消化器内科_リハビリテーション科_放射線科】岐阜県岐阜市折立８９５－１" }, "geometry": { "type": "Point", "coordinates": [ 136.728626, 35.457342 ] } },
{ "type": "Feature", "properties": { "ID": 2121342000765, "正式名称": "松岡整形外科・内科リハビリテーション", "機関区分": 2, "都道府県コード": 21, "市区町村コード": 201, "所在地": "岐阜県岐阜市東金宝町２丁目１２ー６", "緯度": 35.414718, "経度": 136.762198, "url": "https://www.iryou.teikyouseido.mhlw.go.jp/znk-web/juminkanja/S2430/initialize?prefCd=21&kikanCd=1342000765&kikanKbn=2", "url2": "https://matsuoka-seikei.jp/", "内容": "松岡整形外科・内科リハビリテーション【2:診療所】【診療科目:内科_整形外科_リウマチ科_リハビリテーション科_麻酔科】岐阜県岐阜市東金宝町２丁目１２ー６" }, "geometry": { "type": "Point", "coordinates": [ 136.762198, 35.414718 ] } },
{ "type": "Feature", "properties": { "ID": 2121342000773, "正式名称": "ＭＩＷＡ内科胃腸内科・内視鏡ＣＬＩＮＩＣ", "機関区分": 2, "都道府県コード": 21, "市区町村コード": 201, "所在地": "岐阜県岐阜市長良東３ー３", "緯度": 35.44856, "経度": 136.787829, "url": "https://www.iryou.teikyouseido.mhlw.go.jp/znk-web/juminkanja/S2430/initialize?prefCd=21&kikanCd=1342000773&kikanKbn=2", "url2": "http://www.miwaclinic.com/", "内容": "ＭＩＷＡ内科胃腸内科・内視鏡ＣＬＩＮＩＣ【2:診療所】【診療科目:内科_胃腸内科_肛門内科】岐阜県岐阜市長良東３ー３" }, "geometry": { "type": "Point", "coordinates": [ 136.787829, 35.44856 ] } },
{ "type": "Feature", "properties": { "ID": 2121342000776, "正式名称": "ごとう整形外科", "機関区分": 2, "都道府県コード": 21, "市区町村コード": 201, "所在地": "岐阜県岐阜市福光南町２２ー１", "緯度": 35.449306, "経度": 136.769252, "url": "https://www.iryou.teikyouseido.mhlw.go.jp/znk-web/juminkanja/S2430/initialize?prefCd=21&kikanCd=1342000776&kikanKbn=2", "url2": "http://goto-seikeigeka.jp", "内容": "ごとう整形外科【2:診療所】【診療科目:外科_整形外科_リウマチ科_リハビリテーション科】岐阜県岐阜市福光南町２２ー１" }, "geometry": { "type": "Point", "coordinates": [ 136.769252, 35.449306 ] } },
{ "type": "Feature", "properties": { "ID": 2121342000779, "正式名称": "後藤クリニック", "機関区分": 2, "都道府県コード": 21, "市区町村コード": 201, "所在地": "岐阜県岐阜市切通２ー１３ー１２", "緯度": 35.401503, "経度": 136.795842, "url": "https://www.iryou.teikyouseido.mhlw.go.jp/znk-web/juminkanja/S2430/initialize?prefCd=21&kikanCd=1342000779&kikanKbn=2", "url2": "http://www.gotoh-clinic.com", "内容": "後藤クリニック【2:診療所】【診療科目:内科_呼吸器内科_循環器内科】岐阜県岐阜市切通２ー１３ー１２" }, "geometry": { "type": "Point", "coordinates": [ 136.795842, 35.401503 ] } },
{ "type": "Feature", "properties": { "ID": 2121342000781, "正式名称": "たかはし整形外科", "機関区分": 2, "都道府県コード": 21, "市区町村コード": 201, "所在地": "岐阜県岐阜市菊地町２－１５", "緯度": 35.407466, "経度": 136.746383, "url": "https://www.iryou.teikyouseido.mhlw.go.jp/znk-web/juminkanja/S2430/initialize?prefCd=21&kikanCd=1342000781&kikanKbn=2", "url2": null, "内容": "たかはし整形外科【2:診療所】【診療科目:整形外科_リウマチ科_リハビリテーション科】岐阜県岐阜市菊地町２－１５" }, "geometry": { "type": "Point", "coordinates": [ 136.746383, 35.407466 ] } },
{ "type": "Feature", "properties": { "ID": 2121342000783, "正式名称": "かさい内科小児科皮ふ科", "機関区分": 2, "都道府県コード": 21, "市区町村コード": 201, "所在地": "岐阜県岐阜市西荘４ー１５ー３２", "緯度": 35.405604, "経度": 136.719248, "url": "https://www.iryou.teikyouseido.mhlw.go.jp/znk-web/juminkanja/S2430/initialize?prefCd=21&kikanCd=1342000783&kikanKbn=2", "url2": "http://kasai.e-dr.jp", "内容": "かさい内科小児科皮ふ科【2:診療所】【診療科目:内科_循環器内科_消化器内科_小児科_皮膚科】岐阜県岐阜市西荘４ー１５ー３２" }, "geometry": { "type": "Point", "coordinates": [ 136.719248, 35.405604 ] } },
{ "type": "Feature", "properties": { "ID": 2121342000805, "正式名称": "谷本クリニック内科・耳鼻咽喉科", "機関区分": 2, "都道府県コード": 21, "市区町村コード": 201, "所在地": "岐阜県岐阜市長旗町２－１６－２", "緯度": 35.414159, "経度": 136.761628, "url": "https://www.iryou.teikyouseido.mhlw.go.jp/znk-web/juminkanja/S2430/initialize?prefCd=21&kikanCd=1342000805&kikanKbn=2", "url2": "http://www.tanicli.jp", "内容": "谷本クリニック内科・耳鼻咽喉科【2:診療所】【診療科目:内科_糖尿病内科_耳鼻いんこう科_アレルギー科】岐阜県岐阜市長旗町２－１６－２" }, "geometry": { "type": "Point", "coordinates": [ 136.761628, 35.414159 ] } },
{ "type": "Feature", "properties": { "ID": 2121342000806, "正式名称": "立山クリニック", "機関区分": 2, "都道府県コード": 21, "市区町村コード": 201, "所在地": "岐阜県岐阜市古市場神田８１ー１", "緯度": 35.462503, "経度": 136.730242, "url": "https://www.iryou.teikyouseido.mhlw.go.jp/znk-web/juminkanja/S2430/initialize?prefCd=21&kikanCd=1342000806&kikanKbn=2", "url2": null, "内容": "立山クリニック【2:診療所】【診療科目:内科_循環器内科_消化器内科_外科_肛門外科_整形外科_小児科_皮膚科_リハビリテーション科】岐阜県岐阜市古市場神田８１ー１" }, "geometry": { "type": "Point", "coordinates": [ 136.730242, 35.462503 ] } },
{ "type": "Feature", "properties": { "ID": 2121342000810, "正式名称": "やぶたこどもクリニック", "機関区分": 2, "都道府県コード": 21, "市区町村コード": 201, "所在地": "岐阜県岐阜市薮田南３丁目６－３", "緯度": 35.389095, "経度": 136.723936, "url": "https://www.iryou.teikyouseido.mhlw.go.jp/znk-web/juminkanja/S2430/initialize?prefCd=21&kikanCd=1342000810&kikanKbn=2", "url2": "http://ykclinic.jp/", "内容": "やぶたこどもクリニック【2:診療所】【診療科目:小児科】岐阜県岐阜市薮田南３丁目６－３" }, "geometry": { "type": "Point", "coordinates": [ 136.723936, 35.389095 ] } },
{ "type": "Feature", "properties": { "ID": 2121342000811, "正式名称": "いちえん眼科クリニック", "機関区分": 2, "都道府県コード": 21, "市区町村コード": 201, "所在地": "岐阜県岐阜市中鶉７－１９", "緯度": 35.378222, "経度": 136.731118, "url": "https://www.iryou.teikyouseido.mhlw.go.jp/znk-web/juminkanja/S2430/initialize?prefCd=21&kikanCd=1342000811&kikanKbn=2", "url2": "http://www.ichien-ganka.com/", "内容": "いちえん眼科クリニック【2:診療所】【診療科目:眼科】岐阜県岐阜市中鶉７－１９" }, "geometry": { "type": "Point", "coordinates": [ 136.731118, 35.378222 ] } },
{ "type": "Feature", "properties": { "ID": 2121342000814, "正式名称": "おおにし内科クリニック", "機関区分": 2, "都道府県コード": 21, "市区町村コード": 201, "所在地": "岐阜県岐阜市長良校前町４－７", "緯度": 35.445459, "経度": 136.781236, "url": "https://www.iryou.teikyouseido.mhlw.go.jp/znk-web/juminkanja/S2430/initialize?prefCd=21&kikanCd=1342000814&kikanKbn=2", "url2": null, "内容": "おおにし内科クリニック【2:診療所】【診療科目:内科_消化器内科_肝臓内科】岐阜県岐阜市長良校前町４－７" }, "geometry": { "type": "Point", "coordinates": [ 136.781236, 35.445459 ] } },
{ "type": "Feature", "properties": { "ID": 2121342000817, "正式名称": "さかい医院", "機関区分": 2, "都道府県コード": 21, "市区町村コード": 201, "所在地": "岐阜県岐阜市岩地１丁目１１番地１８", "緯度": 35.407855, "経度": 136.806842, "url": "https://www.iryou.teikyouseido.mhlw.go.jp/znk-web/juminkanja/S2430/initialize?prefCd=21&kikanCd=1342000817&kikanKbn=2", "url2": null, "内容": "さかい医院【2:診療所】【診療科目:皮膚科_泌尿器科】岐阜県岐阜市岩地１丁目１１番地１８" }, "geometry": { "type": "Point", "coordinates": [ 136.806842, 35.407855 ] } },
{ "type": "Feature", "properties": { "ID": 2121342000818, "正式名称": "はっとりクリニック", "機関区分": 2, "都道府県コード": 21, "市区町村コード": 201, "所在地": "岐阜県岐阜市鏡島精華２丁目４ー２５", "緯度": 35.410519, "経度": 136.723223, "url": "https://www.iryou.teikyouseido.mhlw.go.jp/znk-web/juminkanja/S2430/initialize?prefCd=21&kikanCd=1342000818&kikanKbn=2", "url2": "http://www.clinic-hattori.jp/", "内容": "はっとりクリニック【2:診療所】【診療科目:耳鼻いんこう科_アレルギー科】岐阜県岐阜市鏡島精華２丁目４ー２５" }, "geometry": { "type": "Point", "coordinates": [ 136.723223, 35.410519 ] } },
{ "type": "Feature", "properties": { "ID": 2121342000820, "正式名称": "のだ皮フ科クリニック", "機関区分": 2, "都道府県コード": 21, "市区町村コード": 201, "所在地": "岐阜県岐阜市粟野西１ー３９７ー６", "緯度": 35.480015, "経度": 136.780235, "url": "https://www.iryou.teikyouseido.mhlw.go.jp/znk-web/juminkanja/S2430/initialize?prefCd=21&kikanCd=1342000820&kikanKbn=2", "url2": null, "内容": "のだ皮フ科クリニック【2:診療所】【診療科目:皮膚科】岐阜県岐阜市粟野西１ー３９７ー６" }, "geometry": { "type": "Point", "coordinates": [ 136.780235, 35.480015 ] } },
{ "type": "Feature", "properties": { "ID": 2121342000824, "正式名称": "華陽診療所", "機関区分": 2, "都道府県コード": 21, "市区町村コード": 201, "所在地": "岐阜県岐阜市祈年町１丁目２４番地３", "緯度": 35.405485, "経度": 136.769401, "url": "https://www.iryou.teikyouseido.mhlw.go.jp/znk-web/juminkanja/S2430/initialize?prefCd=21&kikanCd=1342000824&kikanKbn=2", "url2": "https://gifu-min.jp/kayou/", "内容": "華陽診療所【2:診療所】【診療科目:内科_消化器内科_小児科】岐阜県岐阜市祈年町１丁目２４番地３" }, "geometry": { "type": "Point", "coordinates": [ 136.769401, 35.405485 ] } },
{ "type": "Feature", "properties": { "ID": 2121342000825, "正式名称": "北一色ファミリークリニック", "機関区分": 2, "都道府県コード": 21, "市区町村コード": 201, "所在地": "岐阜県岐阜市北一色４－３－４", "緯度": 35.409986, "経度": 136.789124, "url": "https://www.iryou.teikyouseido.mhlw.go.jp/znk-web/juminkanja/S2430/initialize?prefCd=21&kikanCd=1342000825&kikanKbn=2", "url2": "https://kitaisshiki-family-clinic.com", "内容": "北一色ファミリークリニック【2:診療所】【診療科目:内科_呼吸器内科_小児科_アレルギー科】岐阜県岐阜市北一色４－３－４" }, "geometry": { "type": "Point", "coordinates": [ 136.789124, 35.409986 ] } },
{ "type": "Feature", "properties": { "ID": 2121342000827, "正式名称": "安達整形外科", "機関区分": 2, "都道府県コード": 21, "市区町村コード": 201, "所在地": "岐阜県岐阜市芥見南山２－８－４", "緯度": 35.457101, "経度": 136.855248, "url": "https://www.iryou.teikyouseido.mhlw.go.jp/znk-web/juminkanja/S2430/initialize?prefCd=21&kikanCd=1342000827&kikanKbn=2", "url2": "www.adachi-seikei.com", "内容": "安達整形外科【2:診療所】【診療科目:整形外科_リウマチ科_リハビリテーション科】岐阜県岐阜市芥見南山２－８－４" }, "geometry": { "type": "Point", "coordinates": [ 136.855248, 35.457101 ] } },
{ "type": "Feature", "properties": { "ID": 2121342000828, "正式名称": "せきぐちクリニック", "機関区分": 2, "都道府県コード": 21, "市区町村コード": 201, "所在地": "岐阜県岐阜市則武中４丁目２ー１", "緯度": 35.441075, "経度": 136.745733, "url": "https://www.iryou.teikyouseido.mhlw.go.jp/znk-web/juminkanja/S2430/initialize?prefCd=21&kikanCd=1342000828&kikanKbn=2", "url2": null, "内容": "せきぐちクリニック【2:診療所】【診療科目:内科_消化器内科_外科_リハビリテーション科】岐阜県岐阜市則武中４丁目２ー１" }, "geometry": { "type": "Point", "coordinates": [ 136.745733, 35.441075 ] } },
{ "type": "Feature", "properties": { "ID": 2121342000830, "正式名称": "折居クリニック", "機関区分": 2, "都道府県コード": 21, "市区町村コード": 201, "所在地": "岐阜県岐阜市鷺山北町８ー３８", "緯度": 35.451305, "経度": 136.754532, "url": "https://www.iryou.teikyouseido.mhlw.go.jp/znk-web/juminkanja/S2430/initialize?prefCd=21&kikanCd=1342000830&kikanKbn=2", "url2": "http://www.orii-clinic.com/", "内容": "折居クリニック【2:診療所】【診療科目:内科_小児科_アレルギー科】岐阜県岐阜市鷺山北町８ー３８" }, "geometry": { "type": "Point", "coordinates": [ 136.754532, 35.451305 ] } },
{ "type": "Feature", "properties": { "ID": 2121342000831, "正式名称": "新岐阜駅前アイクリニック", "機関区分": 2, "都道府県コード": 21, "市区町村コード": 201, "所在地": "岐阜県岐阜市長住町２ー１こんぱるビル　１階", "緯度": 35.412482, "経度": 136.760027, "url": "https://www.iryou.teikyouseido.mhlw.go.jp/znk-web/juminkanja/S2430/initialize?prefCd=21&kikanCd=1342000831&kikanKbn=2", "url2": null, "内容": "新岐阜駅前アイクリニック【2:診療所】【診療科目:眼科】岐阜県岐阜市長住町２ー１こんぱるビル　１階" }, "geometry": { "type": "Point", "coordinates": [ 136.760027, 35.412482 ] } },
{ "type": "Feature", "properties": { "ID": 2121342000833, "正式名称": "医療法人　和光会　山田メディカルクリニック", "機関区分": 2, "都道府県コード": 21, "市区町村コード": 201, "所在地": "岐阜県岐阜市東金宝町１ー１２", "緯度": 35.414802, "経度": 136.760214, "url": "https://www.iryou.teikyouseido.mhlw.go.jp/znk-web/juminkanja/S2430/initialize?prefCd=21&kikanCd=1342000833&kikanKbn=2", "url2": "https://www.yamada-medical.or.jp", "内容": "医療法人　和光会　山田メディカルクリニック【2:診療所】【診療科目:内科_糖尿病・内分泌内科_呼吸器内科_循環器内科_消化器内科_漢方内科_緩和ケア内科_整形外科_皮膚科_アレルギー科】岐阜県岐阜市東金宝町１ー１２" }, "geometry": { "type": "Point", "coordinates": [ 136.760214, 35.414802 ] } },
{ "type": "Feature", "properties": { "ID": 2121342000834, "正式名称": "おのぎクリニック", "機関区分": 2, "都道府県コード": 21, "市区町村コード": 201, "所在地": "岐阜県岐阜市萱場南２－１２－１７", "緯度": 35.434527, "経度": 136.731042, "url": "https://www.iryou.teikyouseido.mhlw.go.jp/znk-web/juminkanja/S2430/initialize?prefCd=21&kikanCd=1342000834&kikanKbn=2", "url2": "http://www.onogiclinic.com/", "内容": "おのぎクリニック【2:診療所】【診療科目:内科_呼吸器内科_消化器内科_胃腸内科_大腸・肛門内科_アレルギー科】岐阜県岐阜市萱場南２－１２－１７" }, "geometry": { "type": "Point", "coordinates": [ 136.731042, 35.434527 ] } },
{ "type": "Feature", "properties": { "ID": 2121342000837, "正式名称": "まつおクリニック", "機関区分": 2, "都道府県コード": 21, "市区町村コード": 201, "所在地": "岐阜県岐阜市茜部新所", "緯度": 35.379509, "経度": 136.756495, "url": "https://www.iryou.teikyouseido.mhlw.go.jp/znk-web/juminkanja/S2430/initialize?prefCd=21&kikanCd=1342000837&kikanKbn=2", "url2": "http://www.geocities.jp/clinicmatsuo/", "内容": "まつおクリニック【2:診療所】【診療科目:内科_胃腸内科_外科_肛門外科_整形外科_小児科_小児外科_皮膚科_リハビリテーション科】岐阜県岐阜市茜部新所" }, "geometry": { "type": "Point", "coordinates": [ 136.756495, 35.379509 ] } },
{ "type": "Feature", "properties": { "ID": 2121342000838, "正式名称": "かもと整形外科", "機関区分": 2, "都道府県コード": 21, "市区町村コード": 201, "所在地": "岐阜県岐阜市笹土居町２７トオヤマビル２Ｆ", "緯度": 35.425705, "経度": 136.764451, "url": "https://www.iryou.teikyouseido.mhlw.go.jp/znk-web/juminkanja/S2430/initialize?prefCd=21&kikanCd=1342000838&kikanKbn=2", "url2": "http://kamoto-seiki.com/", "内容": "かもと整形外科【2:診療所】【診療科目:整形外科_リウマチ科_リハビリテーション科】岐阜県岐阜市笹土居町２７トオヤマビル２Ｆ" }, "geometry": { "type": "Point", "coordinates": [ 136.764451, 35.425705 ] } },
{ "type": "Feature", "properties": { "ID": 2121342000839, "正式名称": "河渡こどもクリニック", "機関区分": 2, "都道府県コード": 21, "市区町村コード": 201, "所在地": "岐阜県岐阜市河渡４丁目４０", "緯度": 35.414439, "経度": 136.700287, "url": "https://www.iryou.teikyouseido.mhlw.go.jp/znk-web/juminkanja/S2430/initialize?prefCd=21&kikanCd=1342000839&kikanKbn=2", "url2": "http://www.godo-kodomo-clinic-gifu.com", "内容": "河渡こどもクリニック【2:診療所】【診療科目:小児科】岐阜県岐阜市河渡４丁目４０" }, "geometry": { "type": "Point", "coordinates": [ 136.700287, 35.414439 ] } },
{ "type": "Feature", "properties": { "ID": 2121342000841, "正式名称": "シティ・タワー診療所", "機関区分": 2, "都道府県コード": 21, "市区町村コード": 201, "所在地": "岐阜県岐阜市橋本町２－５２　岐阜シティ・タワー４３　３階", "緯度": 35.410772, "経度": 136.75404, "url": "https://www.iryou.teikyouseido.mhlw.go.jp/znk-web/juminkanja/S2430/initialize?prefCd=21&kikanCd=1342000841&kikanKbn=2", "url2": "https://www.citytower-cl.com/", "内容": "シティ・タワー診療所【2:診療所】【診療科目:内科_小児科】岐阜県岐阜市橋本町２－５２　岐阜シティ・タワー４３　３階" }, "geometry": { "type": "Point", "coordinates": [ 136.75404, 35.410772 ] } },
{ "type": "Feature", "properties": { "ID": 2121342000843, "正式名称": "医療法人伊東内科クリニック", "機関区分": 2, "都道府県コード": 21, "市区町村コード": 201, "所在地": "岐阜県岐阜市白山町２ー８ー２", "緯度": 35.412071, "経度": 136.766858, "url": "https://www.iryou.teikyouseido.mhlw.go.jp/znk-web/juminkanja/S2430/initialize?prefCd=21&kikanCd=1342000843&kikanKbn=2", "url2": null, "内容": "医療法人伊東内科クリニック【2:診療所】【診療科目:内科_呼吸器内科_循環器内科_胃腸内科_心療内科_アレルギー科】岐阜県岐阜市白山町２ー８ー２" }, "geometry": { "type": "Point", "coordinates": [ 136.766858, 35.412071 ] } },
{ "type": "Feature", "properties": { "ID": 2121342000844, "正式名称": "厚生労働省第２共済組合　長良医療センター　診療部", "機関区分": 2, "都道府県コード": 21, "市区町村コード": 201, "所在地": "岐阜県岐阜市長良１３００番地７", "緯度": 35.451767, "経度": 136.787964, "url": "https://www.iryou.teikyouseido.mhlw.go.jp/znk-web/juminkanja/S2430/initialize?prefCd=21&kikanCd=1342000844&kikanKbn=2", "url2": null, "内容": "厚生労働省第２共済組合　長良医療センター　診療部【2:診療所】【診療科目:内科_呼吸器内科_循環器内科_呼吸器外科_心臓血管外科_形成外科_小児科_小児外科_産科_歯科_アレルギー科_リハビリテーション科_放射線科】岐阜県岐阜市長良１３００番地７" }, "geometry": { "type": "Point", "coordinates": [ 136.787964, 35.451767 ] } },
{ "type": "Feature", "properties": { "ID": 2121342000848, "正式名称": "まさきアイクリニック", "機関区分": 2, "都道府県コード": 21, "市区町村コード": 201, "所在地": "岐阜県岐阜市正木中１丁目２ー１マーサ２１ショッピングセンター内", "緯度": 35.447832, "経度": 136.743715, "url": "https://www.iryou.teikyouseido.mhlw.go.jp/znk-web/juminkanja/S2430/initialize?prefCd=21&kikanCd=1342000848&kikanKbn=2", "url2": null, "内容": "まさきアイクリニック【2:診療所】【診療科目:眼科】岐阜県岐阜市正木中１丁目２ー１マーサ２１ショッピングセンター内" }, "geometry": { "type": "Point", "coordinates": [ 136.743715, 35.447832 ] } },
{ "type": "Feature", "properties": { "ID": 2121342000851, "正式名称": "こいし整形外科・リウマチ科クリニック", "機関区分": 2, "都道府県コード": 21, "市区町村コード": 201, "所在地": "岐阜県岐阜市茜部大川１ー９ー２", "緯度": 35.38567, "経度": 136.747513, "url": "https://www.iryou.teikyouseido.mhlw.go.jp/znk-web/juminkanja/S2430/initialize?prefCd=21&kikanCd=1342000851&kikanKbn=2", "url2": "http://www.koishi-seikei.com/", "内容": "こいし整形外科・リウマチ科クリニック【2:診療所】【診療科目:整形外科_リウマチ科_リハビリテーション科】岐阜県岐阜市茜部大川１ー９ー２" }, "geometry": { "type": "Point", "coordinates": [ 136.747513, 35.38567 ] } },
{ "type": "Feature", "properties": { "ID": 2121342000854, "正式名称": "岐阜メイツ睡眠クリニック", "機関区分": 2, "都道府県コード": 21, "市区町村コード": 201, "所在地": "岐阜県岐阜市薮田南４－１５－２０", "緯度": 35.390609, "経度": 136.717841, "url": "https://www.iryou.teikyouseido.mhlw.go.jp/znk-web/juminkanja/S2430/initialize?prefCd=21&kikanCd=1342000854&kikanKbn=2", "url2": "https://gifu-sleep.com/", "内容": "岐阜メイツ睡眠クリニック【2:診療所】【診療科目:内科_呼吸器内科】岐阜県岐阜市薮田南４－１５－２０" }, "geometry": { "type": "Point", "coordinates": [ 136.717841, 35.390609 ] } },
{ "type": "Feature", "properties": { "ID": 2121342000856, "正式名称": "医療法人　健真会　城本クリニック　岐阜院", "機関区分": 2, "都道府県コード": 21, "市区町村コード": 201, "所在地": "岐阜県岐阜市神田町９ー２０Ｇーｆｒｏｎｔ７Ｆ", "緯度": 35.41133, "経度": 136.758536, "url": "https://www.iryou.teikyouseido.mhlw.go.jp/znk-web/juminkanja/S2430/initialize?prefCd=21&kikanCd=1342000856&kikanKbn=2", "url2": "http://www.sc-gifu.com/", "内容": "医療法人　健真会　城本クリニック　岐阜院【2:診療所】【診療科目:美容外科_美容皮膚科】岐阜県岐阜市神田町９ー２０Ｇーｆｒｏｎｔ７Ｆ" }, "geometry": { "type": "Point", "coordinates": [ 136.758536, 35.41133 ] } },
{ "type": "Feature", "properties": { "ID": 2121342000857, "正式名称": "中原クリニック", "機関区分": 2, "都道府県コード": 21, "市区町村コード": 201, "所在地": "岐阜県岐阜市浪花町二丁目十五番地", "緯度": 35.422876, "経度": 136.749991, "url": "https://www.iryou.teikyouseido.mhlw.go.jp/znk-web/juminkanja/S2430/initialize?prefCd=21&kikanCd=1342000857&kikanKbn=2", "url2": "http://www.nakahara-clinic.com/", "内容": "中原クリニック【2:診療所】【診療科目:内科_消化器内科_外科_乳腺外科_肛門外科_リハビリテーション科】岐阜県岐阜市浪花町二丁目十五番地" }, "geometry": { "type": "Point", "coordinates": [ 136.749991, 35.422876 ] } },
{ "type": "Feature", "properties": { "ID": 2121342000858, "正式名称": "あかなべひろせクリニック", "機関区分": 2, "都道府県コード": 21, "市区町村コード": 201, "所在地": "岐阜県岐阜市茜部菱野２丁目１５理研メディカルビル２Ｆ", "緯度": 35.386534, "経度": 136.752134, "url": "https://www.iryou.teikyouseido.mhlw.go.jp/znk-web/juminkanja/S2430/initialize?prefCd=21&kikanCd=1342000858&kikanKbn=2", "url2": "http://www.a-naika.com/", "内容": "あかなべひろせクリニック【2:診療所】【診療科目:内科_消化器内科】岐阜県岐阜市茜部菱野２丁目１５理研メディカルビル２Ｆ" }, "geometry": { "type": "Point", "coordinates": [ 136.752134, 35.386534 ] } },
{ "type": "Feature", "properties": { "ID": 2121342000859, "正式名称": "あい健康クリニックやすえ", "機関区分": 2, "都道府県コード": 21, "市区町村コード": 201, "所在地": "岐阜県岐阜市鏡島南１−６−５", "緯度": 35.408381, "経度": 136.716603, "url": "https://www.iryou.teikyouseido.mhlw.go.jp/znk-web/juminkanja/S2430/initialize?prefCd=21&kikanCd=1342000859&kikanKbn=2", "url2": "http://www.koukikai.gr.jp", "内容": "あい健康クリニックやすえ【2:診療所】【診療科目:内科_消化器内科_外科_呼吸器外科_肛門外科_ペインクリニック外科_緩和ケア外科】岐阜県岐阜市鏡島南１−６−５" }, "geometry": { "type": "Point", "coordinates": [ 136.716603, 35.408381 ] } },
{ "type": "Feature", "properties": { "ID": 2121342000860, "正式名称": "くまだ眼科クリニック", "機関区分": 2, "都道府県コード": 21, "市区町村コード": 201, "所在地": "岐阜県岐阜市芥見南山１丁目１６ー１", "緯度": 35.455531, "経度": 136.854854, "url": "https://www.iryou.teikyouseido.mhlw.go.jp/znk-web/juminkanja/S2430/initialize?prefCd=21&kikanCd=1342000860&kikanKbn=2", "url2": "http://kumada-ganka.com/", "内容": "くまだ眼科クリニック【2:診療所】【診療科目:眼科】岐阜県岐阜市芥見南山１丁目１６ー１" }, "geometry": { "type": "Point", "coordinates": [ 136.854854, 35.455531 ] } },
{ "type": "Feature", "properties": { "ID": 2121342000865, "正式名称": "西本整形外科リハビリクリニック", "機関区分": 2, "都道府県コード": 21, "市区町村コード": 201, "所在地": "岐阜県岐阜市古市場　３２１－７", "緯度": 35.467058, "経度": 136.723883, "url": "https://www.iryou.teikyouseido.mhlw.go.jp/znk-web/juminkanja/S2430/initialize?prefCd=21&kikanCd=1342000865&kikanKbn=2", "url2": null, "内容": "西本整形外科リハビリクリニック【2:診療所】【診療科目:整形外科_リウマチ科_リハビリテーション科】岐阜県岐阜市古市場　３２１－７" }, "geometry": { "type": "Point", "coordinates": [ 136.723883, 35.467058 ] } },
{ "type": "Feature", "properties": { "ID": 2121342000866, "正式名称": "さわむら医院", "機関区分": 2, "都道府県コード": 21, "市区町村コード": 201, "所在地": "岐阜県岐阜市西川手１丁目９５ー１", "緯度": 35.390197, "経度": 136.761187, "url": "https://www.iryou.teikyouseido.mhlw.go.jp/znk-web/juminkanja/S2430/initialize?prefCd=21&kikanCd=1342000866&kikanKbn=2", "url2": null, "内容": "さわむら医院【2:診療所】【診療科目:内科_呼吸器内科_循環器内科_外科_呼吸器外科_心臓血管外科】岐阜県岐阜市西川手１丁目９５ー１" }, "geometry": { "type": "Point", "coordinates": [ 136.761187, 35.390197 ] } },
{ "type": "Feature", "properties": { "ID": 2121342000867, "正式名称": "こじま内科クリニック", "機関区分": 2, "都道府県コード": 21, "市区町村コード": 201, "所在地": "岐阜県岐阜市西中島７丁目５－１５", "緯度": 35.430289, "経度": 136.721375, "url": "https://www.iryou.teikyouseido.mhlw.go.jp/znk-web/juminkanja/S2430/initialize?prefCd=21&kikanCd=1342000867&kikanKbn=2", "url2": "http://kojimanaika.web.fc2.com/", "内容": "こじま内科クリニック【2:診療所】【診療科目:内科_糖尿病内科】岐阜県岐阜市西中島７丁目５－１５" }, "geometry": { "type": "Point", "coordinates": [ 136.721375, 35.430289 ] } },
{ "type": "Feature", "properties": { "ID": 2121342000869, "正式名称": "青木耳鼻科", "機関区分": 2, "都道府県コード": 21, "市区町村コード": 201, "所在地": "岐阜県岐阜市八代三丁目二四－七", "緯度": 35.462397, "経度": 136.772998, "url": "https://www.iryou.teikyouseido.mhlw.go.jp/znk-web/juminkanja/S2430/initialize?prefCd=21&kikanCd=1342000869&kikanKbn=2", "url2": "http://aokient.web.fc2.com", "内容": "青木耳鼻科【2:診療所】【診療科目:頭頸部外科_耳鼻いんこう科】岐阜県岐阜市八代三丁目二四－七" }, "geometry": { "type": "Point", "coordinates": [ 136.772998, 35.462397 ] } },
{ "type": "Feature", "properties": { "ID": 2121342000870, "正式名称": "みうら眼科クリニック", "機関区分": 2, "都道府県コード": 21, "市区町村コード": 201, "所在地": "岐阜県岐阜市六条福寿町６ー７", "緯度": 35.40053, "経度": 136.745018, "url": "https://www.iryou.teikyouseido.mhlw.go.jp/znk-web/juminkanja/S2430/initialize?prefCd=21&kikanCd=1342000870&kikanKbn=2", "url2": "http://miura-eye-clinic.jp", "内容": "みうら眼科クリニック【2:診療所】【診療科目:眼科】岐阜県岐阜市六条福寿町６ー７" }, "geometry": { "type": "Point", "coordinates": [ 136.745018, 35.40053 ] } },
{ "type": "Feature", "properties": { "ID": 2121342000871, "正式名称": "高津整形外科医院", "機関区分": 2, "都道府県コード": 21, "市区町村コード": 201, "所在地": "岐阜県岐阜市北一色２丁目１０－８", "緯度": 35.414129, "経度": 136.788451, "url": "https://www.iryou.teikyouseido.mhlw.go.jp/znk-web/juminkanja/S2430/initialize?prefCd=21&kikanCd=1342000871&kikanKbn=2", "url2": "https://www.takatsu-seikei.net", "内容": "高津整形外科医院【2:診療所】【診療科目:整形外科_リウマチ科_リハビリテーション科】岐阜県岐阜市北一色２丁目１０－８" }, "geometry": { "type": "Point", "coordinates": [ 136.788451, 35.414129 ] } },
{ "type": "Feature", "properties": { "ID": 2121342000872, "正式名称": "長良内科クリニック", "機関区分": 2, "都道府県コード": 21, "市区町村コード": 201, "所在地": "岐阜県岐阜市八代２－１１－１", "緯度": 35.459996, "経度": 136.771524, "url": "https://www.iryou.teikyouseido.mhlw.go.jp/znk-web/juminkanja/S2430/initialize?prefCd=21&kikanCd=1342000872&kikanKbn=2", "url2": "http://www.nagaraclinic.com/", "内容": "長良内科クリニック【2:診療所】【診療科目:内科】岐阜県岐阜市八代２－１１－１" }, "geometry": { "type": "Point", "coordinates": [ 136.771524, 35.459996 ] } },
{ "type": "Feature", "properties": { "ID": 2121342000873, "正式名称": "すみ痛みのクリニック", "機関区分": 2, "都道府県コード": 21, "市区町村コード": 201, "所在地": "岐阜県岐阜市長住町２丁目３番地岐阜ビル５Ｆ", "緯度": 35.412338, "経度": 136.76028, "url": "https://www.iryou.teikyouseido.mhlw.go.jp/znk-web/juminkanja/S2430/initialize?prefCd=21&kikanCd=1342000873&kikanKbn=2", "url2": "http://www.sumi-itami.com", "内容": "すみ痛みのクリニック【2:診療所】【診療科目:ペインクリニック内科】岐阜県岐阜市長住町２丁目３番地岐阜ビル５Ｆ" }, "geometry": { "type": "Point", "coordinates": [ 136.76028, 35.412338 ] } },
{ "type": "Feature", "properties": { "ID": 2121342000875, "正式名称": "泌尿器科皮膚科竹内クリニック", "機関区分": 2, "都道府県コード": 21, "市区町村コード": 201, "所在地": "岐阜県岐阜市西荘２ー５ー５０", "緯度": 35.409915, "経度": 136.723355, "url": "https://www.iryou.teikyouseido.mhlw.go.jp/znk-web/juminkanja/S2430/initialize?prefCd=21&kikanCd=1342000875&kikanKbn=2", "url2": "http://www.takeuchi-cl.com/", "内容": "泌尿器科皮膚科竹内クリニック【2:診療所】【診療科目:皮膚科_泌尿器科】岐阜県岐阜市西荘２ー５ー５０" }, "geometry": { "type": "Point", "coordinates": [ 136.723355, 35.409915 ] } },
{ "type": "Feature", "properties": { "ID": 2121342000876, "正式名称": "土野メンタルクリニック", "機関区分": 2, "都道府県コード": 21, "市区町村コード": 201, "所在地": "岐阜県岐阜市山吹町６－１９－２", "緯度": 35.432244, "経度": 136.746647, "url": "https://www.iryou.teikyouseido.mhlw.go.jp/znk-web/juminkanja/S2430/initialize?prefCd=21&kikanCd=1342000876&kikanKbn=2", "url2": null, "内容": "土野メンタルクリニック【2:診療所】【診療科目:精神科_心療内科】岐阜県岐阜市山吹町６－１９－２" }, "geometry": { "type": "Point", "coordinates": [ 136.746647, 35.432244 ] } },
{ "type": "Feature", "properties": { "ID": 2121342000879, "正式名称": "加納内科　リウマチ科・糖尿病内科クリニック", "機関区分": 2, "都道府県コード": 21, "市区町村コード": 201, "所在地": "岐阜県岐阜市住ノ江町２ー１", "緯度": 35.410357, "経度": 136.761459, "url": "https://www.iryou.teikyouseido.mhlw.go.jp/znk-web/juminkanja/S2430/initialize?prefCd=21&kikanCd=1342000879&kikanKbn=2", "url2": "http://www.kanoh-naika.jp/", "内容": "加納内科　リウマチ科・糖尿病内科クリニック【2:診療所】【診療科目:内科_糖尿病内科_リウマチ科】岐阜県岐阜市住ノ江町２ー１" }, "geometry": { "type": "Point", "coordinates": [ 136.761459, 35.410357 ] } },
{ "type": "Feature", "properties": { "ID": 2121342000883, "正式名称": "医療法人社団　鶴声会　岐阜中央クリニック", "機関区分": 2, "都道府県コード": 21, "市区町村コード": 201, "所在地": "岐阜県岐阜市沖ノ橋町２丁目９番地１", "緯度": 35.418751, "経度": 136.750125, "url": "https://www.iryou.teikyouseido.mhlw.go.jp/znk-web/juminkanja/S2430/initialize?prefCd=21&kikanCd=1342000883&kikanKbn=2", "url2": null, "内容": "医療法人社団　鶴声会　岐阜中央クリニック【2:診療所】【診療科目:内科_消化器内科_外科_肛門外科_整形外科_皮膚科_泌尿器科_リハビリテーション科_放射線科_麻酔科】岐阜県岐阜市沖ノ橋町２丁目９番地１" }, "geometry": { "type": "Point", "coordinates": [ 136.750125, 35.418751 ] } },
{ "type": "Feature", "properties": { "ID": 2121342000884, "正式名称": "阪野クリニック", "機関区分": 2, "都道府県コード": 21, "市区町村コード": 201, "所在地": "岐阜県岐阜市清住町１丁目２２番地", "緯度": 35.412697, "経度": 136.762151, "url": "https://www.iryou.teikyouseido.mhlw.go.jp/znk-web/juminkanja/S2430/initialize?prefCd=21&kikanCd=1342000884&kikanKbn=2", "url2": "http://banno-clinic.biz", "内容": "阪野クリニック【2:診療所】【診療科目:内科_循環器内科_精神科】岐阜県岐阜市清住町１丁目２２番地" }, "geometry": { "type": "Point", "coordinates": [ 136.762151, 35.412697 ] } },
{ "type": "Feature", "properties": { "ID": 2121342000886, "正式名称": "あそファミリー眼科", "機関区分": 2, "都道府県コード": 21, "市区町村コード": 201, "所在地": "岐阜県岐阜市福光東１丁目１番１８号", "緯度": 35.450141, "経度": 136.774511, "url": "https://www.iryou.teikyouseido.mhlw.go.jp/znk-web/juminkanja/S2430/initialize?prefCd=21&kikanCd=1342000886&kikanKbn=2", "url2": "http://www5.ocn.ne.jp/~aso-eye/index.html", "内容": "あそファミリー眼科【2:診療所】【診療科目:眼科】岐阜県岐阜市福光東１丁目１番１８号" }, "geometry": { "type": "Point", "coordinates": [ 136.774511, 35.450141 ] } },
{ "type": "Feature", "properties": { "ID": 2121342000888, "正式名称": "大橋・谷　整形外科", "機関区分": 2, "都道府県コード": 21, "市区町村コード": 201, "所在地": "岐阜県岐阜市薮田南３ー１２ー１７", "緯度": 35.390123, "経度": 136.721447, "url": "https://www.iryou.teikyouseido.mhlw.go.jp/znk-web/juminkanja/S2430/initialize?prefCd=21&kikanCd=1342000888&kikanKbn=2", "url2": "http://tha-ra.jp/clinic/", "内容": "大橋・谷　整形外科【2:診療所】【診療科目:内科_整形外科_リウマチ科_リハビリテーション科_麻酔科】岐阜県岐阜市薮田南３ー１２ー１７" }, "geometry": { "type": "Point", "coordinates": [ 136.721447, 35.390123 ] } },
{ "type": "Feature", "properties": { "ID": 2121342000889, "正式名称": "おやま皮膚科クリニック", "機関区分": 2, "都道府県コード": 21, "市区町村コード": 201, "所在地": "岐阜県岐阜市芥見南山２丁目６番１", "緯度": 35.456345, "経度": 136.854901, "url": "https://www.iryou.teikyouseido.mhlw.go.jp/znk-web/juminkanja/S2430/initialize?prefCd=21&kikanCd=1342000889&kikanKbn=2", "url2": "http://oyamahifuka.com/", "内容": "おやま皮膚科クリニック【2:診療所】【診療科目:皮膚科_アレルギー科】岐阜県岐阜市芥見南山２丁目６番１" }, "geometry": { "type": "Point", "coordinates": [ 136.854901, 35.456345 ] } },
{ "type": "Feature", "properties": { "ID": 2121342000895, "正式名称": "よしだファミリークリニック", "機関区分": 2, "都道府県コード": 21, "市区町村コード": 201, "所在地": "岐阜県岐阜市竜田町７丁目８番地の１", "緯度": 35.408262, "経度": 136.76782, "url": "https://www.iryou.teikyouseido.mhlw.go.jp/znk-web/juminkanja/S2430/initialize?prefCd=21&kikanCd=1342000895&kikanKbn=2", "url2": null, "内容": "よしだファミリークリニック【2:診療所】【診療科目:内科_外科_整形外科_小児科_リハビリテーション科】岐阜県岐阜市竜田町７丁目８番地の１" }, "geometry": { "type": "Point", "coordinates": [ 136.76782, 35.408262 ] } },
{ "type": "Feature", "properties": { "ID": 2121342000897, "正式名称": "さごうクリニック", "機関区分": 2, "都道府県コード": 21, "市区町村コード": 201, "所在地": "岐阜県岐阜市下川手７４７", "緯度": 35.390896, "経度": 136.766875, "url": "https://www.iryou.teikyouseido.mhlw.go.jp/znk-web/juminkanja/S2430/initialize?prefCd=21&kikanCd=1342000897&kikanKbn=2", "url2": "http//sagou-cl.navi-news.com", "内容": "さごうクリニック【2:診療所】【診療科目:内科_外科_脳神経外科】岐阜県岐阜市下川手７４７" }, "geometry": { "type": "Point", "coordinates": [ 136.766875, 35.390896 ] } },
{ "type": "Feature", "properties": { "ID": 2121342000899, "正式名称": "よしおか耳鼻科クリニック", "機関区分": 2, "都道府県コード": 21, "市区町村コード": 201, "所在地": "岐阜県岐阜市西改田川向１３０－１", "緯度": 35.450138, "経度": 136.705482, "url": "https://www.iryou.teikyouseido.mhlw.go.jp/znk-web/juminkanja/S2430/initialize?prefCd=21&kikanCd=1342000899&kikanKbn=2", "url2": "http:/yoshioka-jibika.com/", "内容": "よしおか耳鼻科クリニック【2:診療所】【診療科目:耳鼻いんこう科】岐阜県岐阜市西改田川向１３０－１" }, "geometry": { "type": "Point", "coordinates": [ 136.705482, 35.450138 ] } },
{ "type": "Feature", "properties": { "ID": 2121342000900, "正式名称": "すこやかこどもクリニック", "機関区分": 2, "都道府県コード": 21, "市区町村コード": 201, "所在地": "岐阜県岐阜市鹿島町", "緯度": 35.41473, "経度": 136.738511, "url": "https://www.iryou.teikyouseido.mhlw.go.jp/znk-web/juminkanja/S2430/initialize?prefCd=21&kikanCd=1342000900&kikanKbn=2", "url2": "https://www.sukoyakakodomo.jp/", "内容": "すこやかこどもクリニック【2:診療所】【診療科目:小児科_小児神経内科_アレルギー科】岐阜県岐阜市鹿島町" }, "geometry": { "type": "Point", "coordinates": [ 136.738511, 35.41473 ] } },
{ "type": "Feature", "properties": { "ID": 2121342000902, "正式名称": "のぞみクリニック", "機関区分": 2, "都道府県コード": 21, "市区町村コード": 201, "所在地": "岐阜県岐阜市柳ケ瀬通１−３１　オアシス柳ケ瀬ビル２Ｆ", "緯度": 35.419706, "経度": 136.759435, "url": "https://www.iryou.teikyouseido.mhlw.go.jp/znk-web/juminkanja/S2430/initialize?prefCd=21&kikanCd=1342000902&kikanKbn=2", "url2": null, "内容": "のぞみクリニック【2:診療所】【診療科目:内科_皮膚科】岐阜県岐阜市柳ケ瀬通１−３１　オアシス柳ケ瀬ビル２Ｆ" }, "geometry": { "type": "Point", "coordinates": [ 136.759435, 35.419706 ] } },
{ "type": "Feature", "properties": { "ID": 2121342000906, "正式名称": "久野耳鼻咽喉科クリニック", "機関区分": 2, "都道府県コード": 21, "市区町村コード": 201, "所在地": "岐阜県岐阜市柳津町丸野３－３－６　カラフルタウン岐阜１Ｆ", "緯度": 35.362067, "経度": 136.72992, "url": "https://www.iryou.teikyouseido.mhlw.go.jp/znk-web/juminkanja/S2430/initialize?prefCd=21&kikanCd=1342000906&kikanKbn=2", "url2": "http://kuno-jibika.com/", "内容": "久野耳鼻咽喉科クリニック【2:診療所】【診療科目:小児耳鼻いんこう科_耳鼻いんこう科_アレルギー科】岐阜県岐阜市柳津町丸野３－３－６　カラフルタウン岐阜１Ｆ" }, "geometry": { "type": "Point", "coordinates": [ 136.72992, 35.362067 ] } },
{ "type": "Feature", "properties": { "ID": 2121342000907, "正式名称": "加納クリニック", "機関区分": 2, "都道府県コード": 21, "市区町村コード": 201, "所在地": "岐阜県岐阜市加納鉄砲町１丁目４５番地１", "緯度": 35.390016, "経度": 136.726904, "url": "https://www.iryou.teikyouseido.mhlw.go.jp/znk-web/juminkanja/S2430/initialize?prefCd=21&kikanCd=1342000907&kikanKbn=2", "url2": null, "内容": "加納クリニック【2:診療所】【診療科目:神経内科_脳神経外科_心療内科】岐阜県岐阜市加納鉄砲町１丁目４５番地１" }, "geometry": { "type": "Point", "coordinates": [ 136.726904, 35.390016 ] } },
{ "type": "Feature", "properties": { "ID": 2121342000908, "正式名称": "ふくだ　こどものこころのクリニック", "機関区分": 2, "都道府県コード": 21, "市区町村コード": 201, "所在地": "岐阜県岐阜市日野南７－１－１７", "緯度": 35.428672, "経度": 136.807038, "url": "https://www.iryou.teikyouseido.mhlw.go.jp/znk-web/juminkanja/S2430/initialize?prefCd=21&kikanCd=1342000908&kikanKbn=2", "url2": "https://www.fukuda-kodomo-kokoro.com/", "内容": "ふくだ　こどものこころのクリニック【2:診療所】【診療科目:小児科_児童精神科】岐阜県岐阜市日野南７－１－１７" }, "geometry": { "type": "Point", "coordinates": [ 136.807038, 35.428672 ] } },
{ "type": "Feature", "properties": { "ID": 2121342000909, "正式名称": "医療法人社団　豊修会　なかのまちクリニック", "機関区分": 2, "都道府県コード": 21, "市区町村コード": 201, "所在地": "岐阜県岐阜市本荘中ノ町１０丁目２９番地１", "緯度": 35.403089, "経度": 136.732614, "url": "https://www.iryou.teikyouseido.mhlw.go.jp/znk-web/juminkanja/S2430/initialize?prefCd=21&kikanCd=1342000909&kikanKbn=2", "url2": "http://nakanomachi-cl.com", "内容": "医療法人社団　豊修会　なかのまちクリニック【2:診療所】【診療科目:内科_循環器内科_小児科】岐阜県岐阜市本荘中ノ町１０丁目２９番地１" }, "geometry": { "type": "Point", "coordinates": [ 136.732614, 35.403089 ] } },
{ "type": "Feature", "properties": { "ID": 2121342000912, "正式名称": "なだこどもとアレルギーのクリニック", "機関区分": 2, "都道府県コード": 21, "市区町村コード": 201, "所在地": "岐阜県岐阜市市橋３ー９ー７", "緯度": 35.399734, "経度": 136.724344, "url": "https://www.iryou.teikyouseido.mhlw.go.jp/znk-web/juminkanja/S2430/initialize?prefCd=21&kikanCd=1342000912&kikanKbn=2", "url2": "http://www.nada-kuri.com", "内容": "なだこどもとアレルギーのクリニック【2:診療所】【診療科目:小児科_アレルギー科】岐阜県岐阜市市橋３ー９ー７" }, "geometry": { "type": "Point", "coordinates": [ 136.724344, 35.399734 ] } },
{ "type": "Feature", "properties": { "ID": 2121342000913, "正式名称": "医療法人　尚美会　なおみ皮フ科クリニック", "機関区分": 2, "都道府県コード": 21, "市区町村コード": 201, "所在地": "岐阜県岐阜市神田町九丁目２番地", "緯度": 35.410996, "経度": 136.759147, "url": "https://www.iryou.teikyouseido.mhlw.go.jp/znk-web/juminkanja/S2430/initialize?prefCd=21&kikanCd=1342000913&kikanKbn=2", "url2": "http://www.naomi-hifuka.com", "内容": "医療法人　尚美会　なおみ皮フ科クリニック【2:診療所】【診療科目:皮膚科_美容皮膚科】岐阜県岐阜市神田町九丁目２番地" }, "geometry": { "type": "Point", "coordinates": [ 136.759147, 35.410996 ] } },
{ "type": "Feature", "properties": { "ID": 2121342000915, "正式名称": "岐阜市子ども・若者総合支援センター　エールぎふ診察室", "機関区分": 2, "都道府県コード": 21, "市区町村コード": 201, "所在地": "岐阜県岐阜市明徳町１１番地", "緯度": 35.423785, "経度": 136.757519, "url": "https://www.iryou.teikyouseido.mhlw.go.jp/znk-web/juminkanja/S2430/initialize?prefCd=21&kikanCd=1342000915&kikanKbn=2", "url2": "https://yell-gifu.jp/", "内容": "岐阜市子ども・若者総合支援センター　エールぎふ診察室【2:診療所】【診療科目:小児科】岐阜県岐阜市明徳町１１番地" }, "geometry": { "type": "Point", "coordinates": [ 136.757519, 35.423785 ] } },
{ "type": "Feature", "properties": { "ID": 2121342000917, "正式名称": "まつもとペインクリニック整形外科", "機関区分": 2, "都道府県コード": 21, "市区町村コード": 201, "所在地": "岐阜県岐阜市江川町１４", "緯度": 35.422697, "経度": 136.760677, "url": "https://www.iryou.teikyouseido.mhlw.go.jp/znk-web/juminkanja/S2430/initialize?prefCd=21&kikanCd=1342000917&kikanKbn=2", "url2": "matsumoto-pain-clinic.com", "内容": "まつもとペインクリニック整形外科【2:診療所】【診療科目:ペインクリニック内科_整形外科_リハビリテーション科_麻酔科】岐阜県岐阜市江川町１４" }, "geometry": { "type": "Point", "coordinates": [ 136.760677, 35.422697 ] } },
{ "type": "Feature", "properties": { "ID": 2121342000918, "正式名称": "おくむらこどもクリニック", "機関区分": 2, "都道府県コード": 21, "市区町村コード": 201, "所在地": "岐阜県岐阜市宇佐南２丁目９番１９号", "緯度": 35.395011, "経度": 136.734967, "url": "https://www.iryou.teikyouseido.mhlw.go.jp/znk-web/juminkanja/S2430/initialize?prefCd=21&kikanCd=1342000918&kikanKbn=2", "url2": "https://www.okukodo.jp/", "内容": "おくむらこどもクリニック【2:診療所】【診療科目:小児科_児童精神科_小児心療内科】岐阜県岐阜市宇佐南２丁目９番１９号" }, "geometry": { "type": "Point", "coordinates": [ 136.734967, 35.395011 ] } },
{ "type": "Feature", "properties": { "ID": 2121342000925, "正式名称": "一般社団法人　岐阜市医師会診療所", "機関区分": 2, "都道府県コード": 21, "市区町村コード": 201, "所在地": "岐阜県岐阜市青柳町５丁目４番地", "緯度": 35.427523, "経度": 136.748245, "url": "https://www.iryou.teikyouseido.mhlw.go.jp/znk-web/juminkanja/S2430/initialize?prefCd=21&kikanCd=1342000925&kikanKbn=2", "url2": null, "内容": "一般社団法人　岐阜市医師会診療所【2:診療所】【診療科目:内科_眼科】岐阜県岐阜市青柳町５丁目４番地" }, "geometry": { "type": "Point", "coordinates": [ 136.748245, 35.427523 ] } },
{ "type": "Feature", "properties": { "ID": 2121342000927, "正式名称": "松原医院", "機関区分": 2, "都道府県コード": 21, "市区町村コード": 201, "所在地": "岐阜県岐阜市柳津町丸野１ー７２", "緯度": 35.366842, "経度": 136.728743, "url": "https://www.iryou.teikyouseido.mhlw.go.jp/znk-web/juminkanja/S2430/initialize?prefCd=21&kikanCd=1342000927&kikanKbn=2", "url2": null, "内容": "松原医院【2:診療所】【診療科目:内科】岐阜県岐阜市柳津町丸野１ー７２" }, "geometry": { "type": "Point", "coordinates": [ 136.728743, 35.366842 ] } },
{ "type": "Feature", "properties": { "ID": 2121342000928, "正式名称": "かねまつ整形外科", "機関区分": 2, "都道府県コード": 21, "市区町村コード": 201, "所在地": "岐阜県岐阜市柳津町上佐波１ー２４", "緯度": 35.377187, "経度": 136.721843, "url": "https://www.iryou.teikyouseido.mhlw.go.jp/znk-web/juminkanja/S2430/initialize?prefCd=21&kikanCd=1342000928&kikanKbn=2", "url2": "http://www.roaji.or.jp/seikei.html", "内容": "かねまつ整形外科【2:診療所】【診療科目:外科_整形外科_リウマチ科_リハビリテーション科_放射線科】岐阜県岐阜市柳津町上佐波１ー２４" }, "geometry": { "type": "Point", "coordinates": [ 136.721843, 35.377187 ] } },
{ "type": "Feature", "properties": { "ID": 2121342000929, "正式名称": "たじりか医院", "機関区分": 2, "都道府県コード": 21, "市区町村コード": 201, "所在地": "岐阜県岐阜市柳津町蓮池２－２４", "緯度": 35.367587, "経度": 136.747082, "url": "https://www.iryou.teikyouseido.mhlw.go.jp/znk-web/juminkanja/S2430/initialize?prefCd=21&kikanCd=1342000929&kikanKbn=2", "url2": null, "内容": "たじりか医院【2:診療所】【診療科目:内科_小児科_皮膚科】岐阜県岐阜市柳津町蓮池２－２４" }, "geometry": { "type": "Point", "coordinates": [ 136.747082, 35.367587 ] } },
{ "type": "Feature", "properties": { "ID": 2121342000930, "正式名称": "伊藤皮膚科", "機関区分": 2, "都道府県コード": 21, "市区町村コード": 201, "所在地": "岐阜県岐阜市柳津町北塚５－２０－２", "緯度": 35.367914, "経度": 136.733289, "url": "https://www.iryou.teikyouseido.mhlw.go.jp/znk-web/juminkanja/S2430/initialize?prefCd=21&kikanCd=1342000930&kikanKbn=2", "url2": null, "内容": "伊藤皮膚科【2:診療所】【診療科目:皮膚科】岐阜県岐阜市柳津町北塚５－２０－２" }, "geometry": { "type": "Point", "coordinates": [ 136.733289, 35.367914 ] } },
{ "type": "Feature", "properties": { "ID": 2121342000931, "正式名称": "たけのうちクリニック", "機関区分": 2, "都道府県コード": 21, "市区町村コード": 201, "所在地": "岐阜県岐阜市柳津町高桑東３ー１６", "緯度": 35.360961, "経度": 136.712673, "url": "https://www.iryou.teikyouseido.mhlw.go.jp/znk-web/juminkanja/S2430/initialize?prefCd=21&kikanCd=1342000931&kikanKbn=2", "url2": "http://www.takenouchiclinic.com/", "内容": "たけのうちクリニック【2:診療所】【診療科目:内科_外科_整形外科_小児科】岐阜県岐阜市柳津町高桑東３ー１６" }, "geometry": { "type": "Point", "coordinates": [ 136.712673, 35.360961 ] } },
{ "type": "Feature", "properties": { "ID": 2121342000932, "正式名称": "まるの内科クリニック", "機関区分": 2, "都道府県コード": 21, "市区町村コード": 201, "所在地": "岐阜県岐阜市柳津町丸野１丁目７０ー１", "緯度": 35.366645, "経度": 136.727806, "url": "https://www.iryou.teikyouseido.mhlw.go.jp/znk-web/juminkanja/S2430/initialize?prefCd=21&kikanCd=1342000932&kikanKbn=2", "url2": null, "内容": "まるの内科クリニック【2:診療所】【診療科目:内科_消化器内科_神経内科】岐阜県岐阜市柳津町丸野１丁目７０ー１" }, "geometry": { "type": "Point", "coordinates": [ 136.727806, 35.366645 ] } },
{ "type": "Feature", "properties": { "ID": 2121342000933, "正式名称": "レディースクリニックまぶち", "機関区分": 2, "都道府県コード": 21, "市区町村コード": 201, "所在地": "岐阜県岐阜市正木北町１２番１０号", "緯度": 35.453327, "経度": 136.746659, "url": "https://www.iryou.teikyouseido.mhlw.go.jp/znk-web/juminkanja/S2430/initialize?prefCd=21&kikanCd=1342000933&kikanKbn=2", "url2": "https://lc-mabuchi.or.jp", "内容": "レディースクリニックまぶち【2:診療所】【診療科目:産科_婦人科】岐阜県岐阜市正木北町１２番１０号" }, "geometry": { "type": "Point", "coordinates": [ 136.746659, 35.453327 ] } },
{ "type": "Feature", "properties": { "ID": 2121342000936, "正式名称": "黒田内科クリニック", "機関区分": 2, "都道府県コード": 21, "市区町村コード": 201, "所在地": "岐阜県岐阜市柳津町上佐波西３丁目１５１番地", "緯度": 35.374511, "経度": 136.714112, "url": "https://www.iryou.teikyouseido.mhlw.go.jp/znk-web/juminkanja/S2430/initialize?prefCd=21&kikanCd=1342000936&kikanKbn=2", "url2": "https://www.kuroda-naika.net", "内容": "黒田内科クリニック【2:診療所】【診療科目:内科_糖尿病内科_循環器内科_消化器内科_小児科】岐阜県岐阜市柳津町上佐波西３丁目１５１番地" }, "geometry": { "type": "Point", "coordinates": [ 136.714112, 35.374511 ] } },
{ "type": "Feature", "properties": { "ID": 2121342001341, "正式名称": "しもむら医院", "機関区分": 2, "都道府県コード": 21, "市区町村コード": 201, "所在地": "岐阜県岐阜市神室町５－３", "緯度": 35.418357, "経度": 136.753746, "url": "https://www.iryou.teikyouseido.mhlw.go.jp/znk-web/juminkanja/S2430/initialize?prefCd=21&kikanCd=1342001341&kikanKbn=2", "url2": null, "内容": "しもむら医院【2:診療所】【診療科目:内科_消化器内科】岐阜県岐阜市神室町５－３" }, "geometry": { "type": "Point", "coordinates": [ 136.753746, 35.418357 ] } },
{ "type": "Feature", "properties": { "ID": 2121342001348, "正式名称": "たろう整形外科", "機関区分": 2, "都道府県コード": 21, "市区町村コード": 201, "所在地": "岐阜県岐阜市鷺山", "緯度": 35.446114, "経度": 136.750596, "url": "https://www.iryou.teikyouseido.mhlw.go.jp/znk-web/juminkanja/S2430/initialize?prefCd=21&kikanCd=1342001348&kikanKbn=2", "url2": "http://www.taro-seikei.jp", "内容": "たろう整形外科【2:診療所】【診療科目:整形外科_リウマチ科_リハビリテーション科】岐阜県岐阜市鷺山" }, "geometry": { "type": "Point", "coordinates": [ 136.750596, 35.446114 ] } },
{ "type": "Feature", "properties": { "ID": 2121342001349, "正式名称": "六条わたなべ内科", "機関区分": 2, "都道府県コード": 21, "市区町村コード": 201, "所在地": "岐阜県岐阜市六条南１丁目１７番地１", "緯度": 35.400506, "経度": 136.742497, "url": "https://www.iryou.teikyouseido.mhlw.go.jp/znk-web/juminkanja/S2430/initialize?prefCd=21&kikanCd=1342001349&kikanKbn=2", "url2": "http://www.rokujowatanabe.com/", "内容": "六条わたなべ内科【2:診療所】【診療科目:内科_消化器内科】岐阜県岐阜市六条南１丁目１７番地１" }, "geometry": { "type": "Point", "coordinates": [ 136.742497, 35.400506 ] } },
{ "type": "Feature", "properties": { "ID": 2121342001352, "正式名称": "よしの内科クリニック", "機関区分": 2, "都道府県コード": 21, "市区町村コード": 201, "所在地": "岐阜県岐阜市北一色２丁目７番１５", "緯度": 35.414437, "経度": 136.788302, "url": "https://www.iryou.teikyouseido.mhlw.go.jp/znk-web/juminkanja/S2430/initialize?prefCd=21&kikanCd=1342001352&kikanKbn=2", "url2": "http://www.yoshino-naika.com/", "内容": "よしの内科クリニック【2:診療所】【診療科目:内科_糖尿病内科_内分泌内科】岐阜県岐阜市北一色２丁目７番１５" }, "geometry": { "type": "Point", "coordinates": [ 136.788302, 35.414437 ] } },
{ "type": "Feature", "properties": { "ID": 2121342001366, "正式名称": "のりたけキッズベビークリニック", "機関区分": 2, "都道府県コード": 21, "市区町村コード": 201, "所在地": "岐阜県岐阜市則武東２丁目１９－１８", "緯度": 35.440975, "経度": 136.747344, "url": "https://www.iryou.teikyouseido.mhlw.go.jp/znk-web/juminkanja/S2430/initialize?prefCd=21&kikanCd=1342001366&kikanKbn=2", "url2": "http://noritakekids.com/", "内容": "のりたけキッズベビークリニック【2:診療所】【診療科目:小児科_新生児内科_アレルギー科】岐阜県岐阜市則武東２丁目１９－１８" }, "geometry": { "type": "Point", "coordinates": [ 136.747344, 35.440975 ] } },
{ "type": "Feature", "properties": { "ID": 2121342001373, "正式名称": "いまいずみクリニック", "機関区分": 2, "都道府県コード": 21, "市区町村コード": 201, "所在地": "岐阜県岐阜市早田栄町４丁目２３番地", "緯度": 35.43627, "経度": 136.75823, "url": "https://www.iryou.teikyouseido.mhlw.go.jp/znk-web/juminkanja/S2430/initialize?prefCd=21&kikanCd=1342001373&kikanKbn=2", "url2": "http://imaizumi-cl.jp", "内容": "いまいずみクリニック【2:診療所】【診療科目:内科_循環器内科_外科_心臓血管外科_小児科_リハビリテーション科】岐阜県岐阜市早田栄町４丁目２３番地" }, "geometry": { "type": "Point", "coordinates": [ 136.75823, 35.43627 ] } },
{ "type": "Feature", "properties": { "ID": 2121342001379, "正式名称": "たてべファミリークリニック", "機関区分": 2, "都道府県コード": 21, "市区町村コード": 201, "所在地": "岐阜県岐阜市福光東", "緯度": 35.454177, "経度": 136.773244, "url": "https://www.iryou.teikyouseido.mhlw.go.jp/znk-web/juminkanja/S2430/initialize?prefCd=21&kikanCd=1342001379&kikanKbn=2", "url2": "http://tatebe-fc.com", "内容": "たてべファミリークリニック【2:診療所】【診療科目:内科_小児科】岐阜県岐阜市福光東" }, "geometry": { "type": "Point", "coordinates": [ 136.773244, 35.454177 ] } },
{ "type": "Feature", "properties": { "ID": 2121342001381, "正式名称": "柳津　あおやま眼科クリニック", "機関区分": 2, "都道府県コード": 21, "市区町村コード": 201, "所在地": "岐阜県岐阜市柳津町蓮池５丁目３１番地", "緯度": 35.366977, "経度": 136.748533, "url": "https://www.iryou.teikyouseido.mhlw.go.jp/znk-web/juminkanja/S2430/initialize?prefCd=21&kikanCd=1342001381&kikanKbn=2", "url2": "https://aoyama-eye.com/", "内容": "柳津　あおやま眼科クリニック【2:診療所】【診療科目:眼科】岐阜県岐阜市柳津町蓮池５丁目３１番地" }, "geometry": { "type": "Point", "coordinates": [ 136.748533, 35.366977 ] } },
{ "type": "Feature", "properties": { "ID": 2121342001382, "正式名称": "上久保内科クリニック", "機関区分": 2, "都道府県コード": 21, "市区町村コード": 201, "所在地": "岐阜県岐阜市長良小松町２丁目１０番地", "緯度": 35.450607, "経度": 136.779857, "url": "https://www.iryou.teikyouseido.mhlw.go.jp/znk-web/juminkanja/S2430/initialize?prefCd=21&kikanCd=1342001382&kikanKbn=2", "url2": "http://www.kamikubo.org", "内容": "上久保内科クリニック【2:診療所】【診療科目:内科_糖尿病内科_脂質代謝内科_循環器内科】岐阜県岐阜市長良小松町２丁目１０番地" }, "geometry": { "type": "Point", "coordinates": [ 136.779857, 35.450607 ] } },
{ "type": "Feature", "properties": { "ID": 2121342001383, "正式名称": "医療法人社団清仁会川出医院", "機関区分": 2, "都道府県コード": 21, "市区町村コード": 201, "所在地": "岐阜県岐阜市今町二丁目３６番地", "緯度": 35.434161, "経度": 136.769729, "url": "https://www.iryou.teikyouseido.mhlw.go.jp/znk-web/juminkanja/S2430/initialize?prefCd=21&kikanCd=1342001383&kikanKbn=2", "url2": null, "内容": "医療法人社団清仁会川出医院【2:診療所】【診療科目:内科_消化器内科_小児科_放射線科】岐阜県岐阜市今町二丁目３６番地" }, "geometry": { "type": "Point", "coordinates": [ 136.769729, 35.434161 ] } },
{ "type": "Feature", "properties": { "ID": 2121342001388, "正式名称": "世界ちゃんとモゲル丸先生の元気なクリニック", "機関区分": 2, "都道府県コード": 21, "市区町村コード": 201, "所在地": "岐阜県岐阜市六条南２－７－５", "緯度": 35.396796, "経度": 136.741307, "url": "https://www.iryou.teikyouseido.mhlw.go.jp/znk-web/juminkanja/S2430/initialize?prefCd=21&kikanCd=1342001388&kikanKbn=2", "url2": "www.kinkadoclinic.jp", "内容": "世界ちゃんとモゲル丸先生の元気なクリニック【2:診療所】【診療科目:内科_整形外科】岐阜県岐阜市六条南２－７－５" }, "geometry": { "type": "Point", "coordinates": [ 136.741307, 35.396796 ] } },
{ "type": "Feature", "properties": { "ID": 2121342001392, "正式名称": "河合内科医院", "機関区分": 2, "都道府県コード": 21, "市区町村コード": 201, "所在地": "岐阜県岐阜市金園町４丁目３２番地", "緯度": 35.417297, "経度": 136.766283, "url": "https://www.iryou.teikyouseido.mhlw.go.jp/znk-web/juminkanja/S2430/initialize?prefCd=21&kikanCd=1342001392&kikanKbn=2", "url2": "http://www.kawai-naika-gifu.com", "内容": "河合内科医院【2:診療所】【診療科目:内科_糖尿病内科_循環器内科】岐阜県岐阜市金園町４丁目３２番地" }, "geometry": { "type": "Point", "coordinates": [ 136.766283, 35.417297 ] } },
{ "type": "Feature", "properties": { "ID": 2121342001397, "正式名称": "かわごえクリニック", "機関区分": 2, "都道府県コード": 21, "市区町村コード": 201, "所在地": "岐阜県岐阜市木田", "緯度": 35.450829, "経度": 136.718785, "url": "https://www.iryou.teikyouseido.mhlw.go.jp/znk-web/juminkanja/S2430/initialize?prefCd=21&kikanCd=1342001397&kikanKbn=2", "url2": "www.kawagoe-cl.com", "内容": "かわごえクリニック【2:診療所】【診療科目:内科_胃腸内科_外科_肛門外科_皮膚科】岐阜県岐阜市木田" }, "geometry": { "type": "Point", "coordinates": [ 136.718785, 35.450829 ] } },
{ "type": "Feature", "properties": { "ID": 2121342001398, "正式名称": "林外科内科", "機関区分": 2, "都道府県コード": 21, "市区町村コード": 201, "所在地": "岐阜県岐阜市芥見南山２丁目８ー１１", "緯度": 35.457095, "経度": 136.856421, "url": "https://www.iryou.teikyouseido.mhlw.go.jp/znk-web/juminkanja/S2430/initialize?prefCd=21&kikanCd=1342001398&kikanKbn=2", "url2": null, "内容": "林外科内科【2:診療所】【診療科目:内科_糖尿病内科_胃腸内科_外科_整形外科_皮膚科_泌尿器科_リハビリテーション科】岐阜県岐阜市芥見南山２丁目８ー１１" }, "geometry": { "type": "Point", "coordinates": [ 136.856421, 35.457095 ] } },
{ "type": "Feature", "properties": { "ID": 2121342001399, "正式名称": "なかしま脳神経外科クリニック", "機関区分": 2, "都道府県コード": 21, "市区町村コード": 201, "所在地": "岐阜県岐阜市則武東２丁目１５番１８号", "緯度": 35.44108, "経度": 136.74855, "url": "https://www.iryou.teikyouseido.mhlw.go.jp/znk-web/juminkanja/S2430/initialize?prefCd=21&kikanCd=1342001399&kikanKbn=2", "url2": "http://nakashima-mri.jp/", "内容": "なかしま脳神経外科クリニック【2:診療所】【診療科目:神経内科_脳神経外科_リハビリテーション科】岐阜県岐阜市則武東２丁目１５番１８号" }, "geometry": { "type": "Point", "coordinates": [ 136.74855, 35.44108 ] } },
{ "type": "Feature", "properties": { "ID": 2121342001400, "正式名称": "矢田眼科・皮膚科クリニックギフ", "機関区分": 2, "都道府県コード": 21, "市区町村コード": 201, "所在地": "岐阜県岐阜市柳津町丸野３－３－６カラフルタウン１Ｆ", "緯度": 35.36268, "経度": 136.730258, "url": "https://www.iryou.teikyouseido.mhlw.go.jp/znk-web/juminkanja/S2430/initialize?prefCd=21&kikanCd=1342001400&kikanKbn=2", "url2": "http://www.yata-ganka.com", "内容": "矢田眼科・皮膚科クリニックギフ【2:診療所】【診療科目:眼科_皮膚科】岐阜県岐阜市柳津町丸野３－３－６カラフルタウン１Ｆ" }, "geometry": { "type": "Point", "coordinates": [ 136.730258, 35.36268 ] } },
{ "type": "Feature", "properties": { "ID": 2121342001401, "正式名称": "みわ眼科", "機関区分": 2, "都道府県コード": 21, "市区町村コード": 201, "所在地": "岐阜県岐阜市春近古市場南８６番地１", "緯度": 35.491611, "経度": 136.834858, "url": "https://www.iryou.teikyouseido.mhlw.go.jp/znk-web/juminkanja/S2430/initialize?prefCd=21&kikanCd=1342001401&kikanKbn=2", "url2": "http://www.miwa-ganka.com", "内容": "みわ眼科【2:診療所】【診療科目:眼科】岐阜県岐阜市春近古市場南８６番地１" }, "geometry": { "type": "Point", "coordinates": [ 136.834858, 35.491611 ] } },
{ "type": "Feature", "properties": { "ID": 2121342001405, "正式名称": "加藤医院", "機関区分": 2, "都道府県コード": 21, "市区町村コード": 201, "所在地": "岐阜県岐阜市向加野三丁目６番２０号", "緯度": 35.465872, "経度": 136.82727, "url": "https://www.iryou.teikyouseido.mhlw.go.jp/znk-web/juminkanja/S2430/initialize?prefCd=21&kikanCd=1342001405&kikanKbn=2", "url2": "kato-medical.jp", "内容": "加藤医院【2:診療所】【診療科目:内科_呼吸器内科_小児科】岐阜県岐阜市向加野三丁目６番２０号" }, "geometry": { "type": "Point", "coordinates": [ 136.82727, 35.465872 ] } },
{ "type": "Feature", "properties": { "ID": 2121342001406, "正式名称": "あかなべキッズクリニック", "機関区分": 2, "都道府県コード": 21, "市区町村コード": 201, "所在地": "岐阜県岐阜市茜部新所四丁目１１３番地１", "緯度": 35.381173, "経度": 136.754461, "url": "https://www.iryou.teikyouseido.mhlw.go.jp/znk-web/juminkanja/S2430/initialize?prefCd=21&kikanCd=1342001406&kikanKbn=2", "url2": "http://www.ip.mirai.ne.jp/~happykids511/", "内容": "あかなべキッズクリニック【2:診療所】【診療科目:小児科】岐阜県岐阜市茜部新所四丁目１１３番地１" }, "geometry": { "type": "Point", "coordinates": [ 136.754461, 35.381173 ] } },
{ "type": "Feature", "properties": { "ID": 2121342001407, "正式名称": "医療法人　ともえだ皮フ科", "機関区分": 2, "都道府県コード": 21, "市区町村コード": 201, "所在地": "岐阜県岐阜市福光東１丁目２４番地９", "緯度": 35.451224, "経度": 136.774291, "url": "https://www.iryou.teikyouseido.mhlw.go.jp/znk-web/juminkanja/S2430/initialize?prefCd=21&kikanCd=1342001407&kikanKbn=2", "url2": "https://tomoeda-hifuka.com/", "内容": "医療法人　ともえだ皮フ科【2:診療所】【診療科目:形成外科_小児皮膚科_皮膚科_美容皮膚科_アレルギー科】岐阜県岐阜市福光東１丁目２４番地９" }, "geometry": { "type": "Point", "coordinates": [ 136.774291, 35.451224 ] } },
{ "type": "Feature", "properties": { "ID": 2121342001408, "正式名称": "三好クリニック", "機関区分": 2, "都道府県コード": 21, "市区町村コード": 201, "所在地": "岐阜県岐阜市北一色５―２―１１", "緯度": 35.413086, "経度": 136.792345, "url": "https://www.iryou.teikyouseido.mhlw.go.jp/znk-web/juminkanja/S2430/initialize?prefCd=21&kikanCd=1342001408&kikanKbn=2", "url2": "https://www.keichoukai.com/", "内容": "三好クリニック【2:診療所】【診療科目:内科】岐阜県岐阜市北一色５―２―１１" }, "geometry": { "type": "Point", "coordinates": [ 136.792345, 35.413086 ] } },
{ "type": "Feature", "properties": { "ID": 2121342001409, "正式名称": "ふじさわクリニック", "機関区分": 2, "都道府県コード": 21, "市区町村コード": 201, "所在地": "岐阜県岐阜市三田洞８９４－１", "緯度": 35.478624, "経度": 136.783432, "url": "https://www.iryou.teikyouseido.mhlw.go.jp/znk-web/juminkanja/S2430/initialize?prefCd=21&kikanCd=1342001409&kikanKbn=2", "url2": null, "内容": "ふじさわクリニック【2:診療所】【診療科目:内科_呼吸器内科_循環器内科】岐阜県岐阜市三田洞８９４－１" }, "geometry": { "type": "Point", "coordinates": [ 136.783432, 35.478624 ] } },
{ "type": "Feature", "properties": { "ID": 2121342001411, "正式名称": "眼科市橋医院", "機関区分": 2, "都道府県コード": 21, "市区町村コード": 201, "所在地": "岐阜県岐阜市金竜町１丁目９番地", "緯度": 35.41554, "経度": 136.764305, "url": "https://www.iryou.teikyouseido.mhlw.go.jp/znk-web/juminkanja/S2430/initialize?prefCd=21&kikanCd=1342001411&kikanKbn=2", "url2": null, "内容": "眼科市橋医院【2:診療所】【診療科目:眼科】岐阜県岐阜市金竜町１丁目９番地" }, "geometry": { "type": "Point", "coordinates": [ 136.764305, 35.41554 ] } },
{ "type": "Feature", "properties": { "ID": 2121342001412, "正式名称": "加藤内科", "機関区分": 2, "都道府県コード": 21, "市区町村コード": 201, "所在地": "岐阜県岐阜市本荘２６１３", "緯度": 35.412141, "経度": 136.729061, "url": "https://www.iryou.teikyouseido.mhlw.go.jp/znk-web/juminkanja/S2430/initialize?prefCd=21&kikanCd=1342001412&kikanKbn=2", "url2": "http://med-kato.p1.bindsite.jp", "内容": "加藤内科【2:診療所】【診療科目:内科_呼吸器内科_循環器内科_消化器内科_アレルギー科_リウマチ科】岐阜県岐阜市本荘２６１３" }, "geometry": { "type": "Point", "coordinates": [ 136.729061, 35.412141 ] } },
{ "type": "Feature", "properties": { "ID": 2121342001413, "正式名称": "あおと整形外科クリニック", "機関区分": 2, "都道府県コード": 21, "市区町村コード": 201, "所在地": "岐阜県岐阜市島田東町", "緯度": 35.41641, "経度": 136.741611, "url": "https://www.iryou.teikyouseido.mhlw.go.jp/znk-web/juminkanja/S2430/initialize?prefCd=21&kikanCd=1342001413&kikanKbn=2", "url2": "http://a-seikei.com/", "内容": "あおと整形外科クリニック【2:診療所】【診療科目:整形外科_リウマチ科_リハビリテーション科】岐阜県岐阜市島田東町" }, "geometry": { "type": "Point", "coordinates": [ 136.741611, 35.41641 ] } },
{ "type": "Feature", "properties": { "ID": 2121342001417, "正式名称": "長良メンタルクリニック", "機関区分": 2, "都道府県コード": 21, "市区町村コード": 201, "所在地": "岐阜県岐阜市福光東３丁目７ー２３", "緯度": 35.455205, "経度": 136.773868, "url": "https://www.iryou.teikyouseido.mhlw.go.jp/znk-web/juminkanja/S2430/initialize?prefCd=21&kikanCd=1342001417&kikanKbn=2", "url2": null, "内容": "長良メンタルクリニック【2:診療所】【診療科目:精神科_心療内科】岐阜県岐阜市福光東３丁目７ー２３" }, "geometry": { "type": "Point", "coordinates": [ 136.773868, 35.455205 ] } },
{ "type": "Feature", "properties": { "ID": 2121342001420, "正式名称": "ほそばたクリニック", "機関区分": 2, "都道府県コード": 21, "市区町村コード": 201, "所在地": "岐阜県岐阜市細畑３－１５－１０", "緯度": 35.403266, "経度": 136.790355, "url": "https://www.iryou.teikyouseido.mhlw.go.jp/znk-web/juminkanja/S2430/initialize?prefCd=21&kikanCd=1342001420&kikanKbn=2", "url2": "http://www.hosobataclinic.com/", "内容": "ほそばたクリニック【2:診療所】【診療科目:内科_ペインクリニック内科_整形外科_リハビリテーション科_麻酔科】岐阜県岐阜市細畑３－１５－１０" }, "geometry": { "type": "Point", "coordinates": [ 136.790355, 35.403266 ] } },
{ "type": "Feature", "properties": { "ID": 2121342001425, "正式名称": "長森さのクリニック", "機関区分": 2, "都道府県コード": 21, "市区町村コード": 201, "所在地": "岐阜県岐阜市長森本町２－１２－２２", "緯度": 35.414213, "経度": 136.797619, "url": "https://www.iryou.teikyouseido.mhlw.go.jp/znk-web/juminkanja/S2430/initialize?prefCd=21&kikanCd=1342001425&kikanKbn=2", "url2": "http://www.nagamori-sano.com", "内容": "長森さのクリニック【2:診療所】【診療科目:内科_呼吸器内科_小児科_アレルギー科】岐阜県岐阜市長森本町２－１２－２２" }, "geometry": { "type": "Point", "coordinates": [ 136.797619, 35.414213 ] } },
{ "type": "Feature", "properties": { "ID": 2121342001426, "正式名称": "長森こどもクリニック", "機関区分": 2, "都道府県コード": 21, "市区町村コード": 201, "所在地": "岐阜県岐阜市前一色２丁目２０ー１４", "緯度": 35.407648, "経度": 136.800577, "url": "https://www.iryou.teikyouseido.mhlw.go.jp/znk-web/juminkanja/S2430/initialize?prefCd=21&kikanCd=1342001426&kikanKbn=2", "url2": "http://nagamori-kodomo.jp/", "内容": "長森こどもクリニック【2:診療所】【診療科目:内科_小児科】岐阜県岐阜市前一色２丁目２０ー１４" }, "geometry": { "type": "Point", "coordinates": [ 136.800577, 35.407648 ] } },
{ "type": "Feature", "properties": { "ID": 2121342001437, "正式名称": "六条眼科クリニック", "機関区分": 2, "都道府県コード": 21, "市区町村コード": 201, "所在地": "岐阜県岐阜市加納神明町六丁目１番地", "緯度": 35.401832, "経度": 136.748501, "url": "https://www.iryou.teikyouseido.mhlw.go.jp/znk-web/juminkanja/S2430/initialize?prefCd=21&kikanCd=1342001437&kikanKbn=2", "url2": null, "内容": "六条眼科クリニック【2:診療所】【診療科目:眼科】岐阜県岐阜市加納神明町六丁目１番地" }, "geometry": { "type": "Point", "coordinates": [ 136.748501, 35.401832 ] } },
{ "type": "Feature", "properties": { "ID": 2121342001442, "正式名称": "医療法人社団明徳会　今嶺はしもと内科", "機関区分": 2, "都道府県コード": 21, "市区町村コード": 201, "所在地": "岐阜県岐阜市今嶺１－２８－９", "緯度": 35.399685, "経度": 136.715503, "url": "https://www.iryou.teikyouseido.mhlw.go.jp/znk-web/juminkanja/S2430/initialize?prefCd=21&kikanCd=1342001442&kikanKbn=2", "url2": "http://gifu-hashimotonaika.com/index.php", "内容": "医療法人社団明徳会　今嶺はしもと内科【2:診療所】【診療科目:内科_循環器内科_腎臓内科_小児科】岐阜県岐阜市今嶺１－２８－９" }, "geometry": { "type": "Point", "coordinates": [ 136.715503, 35.399685 ] } },
{ "type": "Feature", "properties": { "ID": 2121342001444, "正式名称": "高橋医院", "機関区分": 2, "都道府県コード": 21, "市区町村コード": 201, "所在地": "岐阜県岐阜市徹明通４ー５", "緯度": 35.417601, "経度": 136.754273, "url": "https://www.iryou.teikyouseido.mhlw.go.jp/znk-web/juminkanja/S2430/initialize?prefCd=21&kikanCd=1342001444&kikanKbn=2", "url2": null, "内容": "高橋医院【2:診療所】【診療科目:内科】岐阜県岐阜市徹明通４ー５" }, "geometry": { "type": "Point", "coordinates": [ 136.754273, 35.417601 ] } },
{ "type": "Feature", "properties": { "ID": 2121342001445, "正式名称": "大野整形外科クリニック", "機関区分": 2, "都道府県コード": 21, "市区町村コード": 201, "所在地": "岐阜県岐阜市則武西１丁目２０番５", "緯度": 35.441059, "経度": 136.73832, "url": "https://www.iryou.teikyouseido.mhlw.go.jp/znk-web/juminkanja/S2430/initialize?prefCd=21&kikanCd=1342001445&kikanKbn=2", "url2": "ohno-seikeigeka.com", "内容": "大野整形外科クリニック【2:診療所】【診療科目:整形外科_リウマチ科_リハビリテーション科】岐阜県岐阜市則武西１丁目２０番５" }, "geometry": { "type": "Point", "coordinates": [ 136.73832, 35.441059 ] } },
{ "type": "Feature", "properties": { "ID": 2121342001447, "正式名称": "森内科クリニック", "機関区分": 2, "都道府県コード": 21, "市区町村コード": 201, "所在地": "岐阜県岐阜市鹿島町５－１８", "緯度": 35.41483, "経度": 136.738998, "url": "https://www.iryou.teikyouseido.mhlw.go.jp/znk-web/juminkanja/S2430/initialize?prefCd=21&kikanCd=1342001447&kikanKbn=2", "url2": "https://morinaika-cl.com", "内容": "森内科クリニック【2:診療所】【診療科目:内科_循環器内科】岐阜県岐阜市鹿島町５－１８" }, "geometry": { "type": "Point", "coordinates": [ 136.738998, 35.41483 ] } },
{ "type": "Feature", "properties": { "ID": 2121342001449, "正式名称": "服部耳鼻咽喉科", "機関区分": 2, "都道府県コード": 21, "市区町村コード": 201, "所在地": "岐阜県岐阜市日野南３－５－１５", "緯度": 35.429914, "経度": 136.804147, "url": "https://www.iryou.teikyouseido.mhlw.go.jp/znk-web/juminkanja/S2430/initialize?prefCd=21&kikanCd=1342001449&kikanKbn=2", "url2": "http://www.hattori-one.com/", "内容": "服部耳鼻咽喉科【2:診療所】【診療科目:耳鼻いんこう科_アレルギー科_放射線科】岐阜県岐阜市日野南３－５－１５" }, "geometry": { "type": "Point", "coordinates": [ 136.804147, 35.429914 ] } },
{ "type": "Feature", "properties": { "ID": 2121342001450, "正式名称": "あかなべ眼科", "機関区分": 2, "都道府県コード": 21, "市区町村コード": 201, "所在地": "岐阜県岐阜市茜部本郷１丁目８番", "緯度": 35.394122, "経度": 136.7555, "url": "https://www.iryou.teikyouseido.mhlw.go.jp/znk-web/juminkanja/S2430/initialize?prefCd=21&kikanCd=1342001450&kikanKbn=2", "url2": "http://akanabeganka.com/", "内容": "あかなべ眼科【2:診療所】【診療科目:眼科】岐阜県岐阜市茜部本郷１丁目８番" }, "geometry": { "type": "Point", "coordinates": [ 136.7555, 35.394122 ] } },
{ "type": "Feature", "properties": { "ID": 2121342001453, "正式名称": "中島小児科", "機関区分": 2, "都道府県コード": 21, "市区町村コード": 201, "所在地": "岐阜県岐阜市鍵屋東町", "緯度": 35.418506, "経度": 136.748738, "url": "https://www.iryou.teikyouseido.mhlw.go.jp/znk-web/juminkanja/S2430/initialize?prefCd=21&kikanCd=1342001453&kikanKbn=2", "url2": null, "内容": "中島小児科【2:診療所】【診療科目:小児科】岐阜県岐阜市鍵屋東町" }, "geometry": { "type": "Point", "coordinates": [ 136.748738, 35.418506 ] } },
{ "type": "Feature", "properties": { "ID": 2121342001454, "正式名称": "小笠原内科・岐阜在宅ケアクリニック", "機関区分": 2, "都道府県コード": 21, "市区町村コード": 201, "所在地": "岐阜県岐阜市加納栄町通５丁目１２番地１", "緯度": 35.403539, "経度": 136.754633, "url": "https://www.iryou.teikyouseido.mhlw.go.jp/znk-web/juminkanja/S2430/initialize?prefCd=21&kikanCd=1342001454&kikanKbn=2", "url2": "https://ogasawaraclinic.or.jp/", "内容": "小笠原内科・岐阜在宅ケアクリニック【2:診療所】【診療科目:内科_循環器内科_老年内科_緩和ケア内科】岐阜県岐阜市加納栄町通５丁目１２番地１" }, "geometry": { "type": "Point", "coordinates": [ 136.754633, 35.403539 ] } },
{ "type": "Feature", "properties": { "ID": 2121342001457, "正式名称": "オリーブ内科・外科クリニック", "機関区分": 2, "都道府県コード": 21, "市区町村コード": 201, "所在地": "岐阜県岐阜市大福町６－１８－１", "緯度": 35.436749, "経度": 136.7381, "url": "https://www.iryou.teikyouseido.mhlw.go.jp/znk-web/juminkanja/S2430/initialize?prefCd=21&kikanCd=1342001457&kikanKbn=2", "url2": "https://olive-clinic.jp", "内容": "オリーブ内科・外科クリニック【2:診療所】【診療科目:内科_消化器内科_外科_乳腺外科】岐阜県岐阜市大福町６－１８－１" }, "geometry": { "type": "Point", "coordinates": [ 136.7381, 35.436749 ] } },
{ "type": "Feature", "properties": { "ID": 2121342001461, "正式名称": "医療法人幸鷺会　森整形外科リハビリクリニック", "機関区分": 2, "都道府県コード": 21, "市区町村コード": 201, "所在地": "岐阜県岐阜市西改田川向１３７－１", "緯度": 35.450103, "経度": 136.703851, "url": "https://www.iryou.teikyouseido.mhlw.go.jp/znk-web/juminkanja/S2430/initialize?prefCd=21&kikanCd=1342001461&kikanKbn=2", "url2": "http://www.moriseikeigeka.com/", "内容": "医療法人幸鷺会　森整形外科リハビリクリニック【2:診療所】【診療科目:整形外科_リハビリテーション科】岐阜県岐阜市西改田川向１３７－１" }, "geometry": { "type": "Point", "coordinates": [ 136.703851, 35.450103 ] } },
{ "type": "Feature", "properties": { "ID": 2121342001462, "正式名称": "湘南美容クリニック岐阜院", "機関区分": 2, "都道府県コード": 21, "市区町村コード": 201, "所在地": "岐阜県岐阜市神田町９丁目２７番地　大岐阜ビル３階", "緯度": 35.410909, "経度": 136.758164, "url": "https://www.iryou.teikyouseido.mhlw.go.jp/znk-web/juminkanja/S2430/initialize?prefCd=21&kikanCd=1342001462&kikanKbn=2", "url2": "https://www.s-b-c.net/clinic/branch/gifu/", "内容": "湘南美容クリニック岐阜院【2:診療所】【診療科目:美容外科_美容皮膚科】岐阜県岐阜市神田町９丁目２７番地　大岐阜ビル３階" }, "geometry": { "type": "Point", "coordinates": [ 136.758164, 35.410909 ] } },
{ "type": "Feature", "properties": { "ID": 2121342001465, "正式名称": "医療法人　美肌会　神谷ひふ科", "機関区分": 2, "都道府県コード": 21, "市区町村コード": 201, "所在地": "岐阜県岐阜市河渡３－１５８－２", "緯度": 35.409874, "経度": 136.698127, "url": "https://www.iryou.teikyouseido.mhlw.go.jp/znk-web/juminkanja/S2430/initialize?prefCd=21&kikanCd=1342001465&kikanKbn=2", "url2": "http:www.kamiya-hifuka.jp", "内容": "医療法人　美肌会　神谷ひふ科【2:診療所】【診療科目:小児皮膚科_皮膚科_美容皮膚科】岐阜県岐阜市河渡３－１５８－２" }, "geometry": { "type": "Point", "coordinates": [ 136.698127, 35.409874 ] } },
{ "type": "Feature", "properties": { "ID": 2121342001467, "正式名称": "中島洋診療所", "機関区分": 2, "都道府県コード": 21, "市区町村コード": 201, "所在地": "岐阜県岐阜市白菊町２丁目２７番地", "緯度": 35.43273, "経度": 136.73795, "url": "https://www.iryou.teikyouseido.mhlw.go.jp/znk-web/juminkanja/S2430/initialize?prefCd=21&kikanCd=1342001467&kikanKbn=2", "url2": "http//www.nakashima -hiroshi-cl.com/", "内容": "中島洋診療所【2:診療所】【診療科目:内科_リウマチ科】岐阜県岐阜市白菊町２丁目２７番地" }, "geometry": { "type": "Point", "coordinates": [ 136.73795, 35.43273 ] } },
{ "type": "Feature", "properties": { "ID": 2121342001475, "正式名称": "形成外科・美容外科ぎふスキンケアクリニック", "機関区分": 2, "都道府県コード": 21, "市区町村コード": 201, "所在地": "岐阜県岐阜市薮田南３－７－１３", "緯度": 35.388569, "経度": 136.725936, "url": "https://www.iryou.teikyouseido.mhlw.go.jp/znk-web/juminkanja/S2430/initialize?prefCd=21&kikanCd=1342001475&kikanKbn=2", "url2": "http://gifuskincare.com/", "内容": "形成外科・美容外科ぎふスキンケアクリニック【2:診療所】【診療科目:形成外科_美容外科_美容皮膚科】岐阜県岐阜市薮田南３－７－１３" }, "geometry": { "type": "Point", "coordinates": [ 136.725936, 35.388569 ] } },
{ "type": "Feature", "properties": { "ID": 2121342001476, "正式名称": "ひろせ内科", "機関区分": 2, "都道府県コード": 21, "市区町村コード": 201, "所在地": "岐阜県岐阜市下鵜飼１６６４番地２", "緯度": 35.466226, "経度": 136.714405, "url": "https://www.iryou.teikyouseido.mhlw.go.jp/znk-web/juminkanja/S2430/initialize?prefCd=21&kikanCd=1342001476&kikanKbn=2", "url2": null, "内容": "ひろせ内科【2:診療所】【診療科目:内科_小児科_放射線科】岐阜県岐阜市下鵜飼１６６４番地２" }, "geometry": { "type": "Point", "coordinates": [ 136.714405, 35.466226 ] } },
{ "type": "Feature", "properties": { "ID": 2121342001478, "正式名称": "医療法人　徳伸会　浅井耳鼻咽喉科院", "機関区分": 2, "都道府県コード": 21, "市区町村コード": 201, "所在地": "岐阜県岐阜市加納栄町通４丁目８の１", "緯度": 35.405125, "経度": 136.755408, "url": "https://www.iryou.teikyouseido.mhlw.go.jp/znk-web/juminkanja/S2430/initialize?prefCd=21&kikanCd=1342001478&kikanKbn=2", "url2": "www.mimi-hana-nodo.jp", "内容": "医療法人　徳伸会　浅井耳鼻咽喉科院【2:診療所】【診療科目:耳鼻いんこう科】岐阜県岐阜市加納栄町通４丁目８の１" }, "geometry": { "type": "Point", "coordinates": [ 136.755408, 35.405125 ] } },
{ "type": "Feature", "properties": { "ID": 2121342001479, "正式名称": "Ｋｏｈａｒｕ　ｔｅｒｒａｃｅ　Ｃｌｉｎｉｃ", "機関区分": 2, "都道府県コード": 21, "市区町村コード": 201, "所在地": "岐阜県岐阜市長良東２－６３　２階", "緯度": 35.448167, "経度": 136.786925, "url": "https://www.iryou.teikyouseido.mhlw.go.jp/znk-web/juminkanja/S2430/initialize?prefCd=21&kikanCd=1342001479&kikanKbn=2", "url2": "https://koharu-terrace.com/", "内容": "Ｋｏｈａｒｕ　ｔｅｒｒａｃｅ　Ｃｌｉｎｉｃ【2:診療所】【診療科目:児童精神科_精神科_心療内科】岐阜県岐阜市長良東２－６３　２階" }, "geometry": { "type": "Point", "coordinates": [ 136.786925, 35.448167 ] } },
{ "type": "Feature", "properties": { "ID": 2121342001480, "正式名称": "いちき皮膚科", "機関区分": 2, "都道府県コード": 21, "市区町村コード": 201, "所在地": "岐阜県岐阜市東島３－９－１３", "緯度": 35.427701, "経度": 136.734684, "url": "https://www.iryou.teikyouseido.mhlw.go.jp/znk-web/juminkanja/S2430/initialize?prefCd=21&kikanCd=1342001480&kikanKbn=2", "url2": "http://ichikihifuka.com", "内容": "いちき皮膚科【2:診療所】【診療科目:小児皮膚科_皮膚科_アレルギー科】岐阜県岐阜市東島３－９－１３" }, "geometry": { "type": "Point", "coordinates": [ 136.734684, 35.427701 ] } },
{ "type": "Feature", "properties": { "ID": 2121342001487, "正式名称": "ぎふストレスケアクリニック", "機関区分": 2, "都道府県コード": 21, "市区町村コード": 201, "所在地": "岐阜県岐阜市菊地町２丁目４１", "緯度": 35.407101, "経度": 136.746602, "url": "https://www.iryou.teikyouseido.mhlw.go.jp/znk-web/juminkanja/S2430/initialize?prefCd=21&kikanCd=1342001487&kikanKbn=2", "url2": "https://www.gifu-stresscare.com", "内容": "ぎふストレスケアクリニック【2:診療所】【診療科目:精神科_心療内科】岐阜県岐阜市菊地町２丁目４１" }, "geometry": { "type": "Point", "coordinates": [ 136.746602, 35.407101 ] } },
{ "type": "Feature", "properties": { "ID": 2121342001493, "正式名称": "むらのわクリニック", "機関区分": 2, "都道府県コード": 21, "市区町村コード": 201, "所在地": "岐阜県岐阜市川部一丁目６７の１", "緯度": 35.440605, "経度": 136.70882, "url": "https://www.iryou.teikyouseido.mhlw.go.jp/znk-web/juminkanja/S2430/initialize?prefCd=21&kikanCd=1342001493&kikanKbn=2", "url2": "https://muranowa-clinic.jp/", "内容": "むらのわクリニック【2:診療所】【診療科目:内科_神経内科】岐阜県岐阜市川部一丁目６７の１" }, "geometry": { "type": "Point", "coordinates": [ 136.70882, 35.440605 ] } },
{ "type": "Feature", "properties": { "ID": 2121342001504, "正式名称": "よしだスマイルクリニック", "機関区分": 2, "都道府県コード": 21, "市区町村コード": 201, "所在地": "岐阜県岐阜市本荘西３丁目１１８番地", "緯度": 35.410662, "経度": 136.730772, "url": "https://www.iryou.teikyouseido.mhlw.go.jp/znk-web/juminkanja/S2430/initialize?prefCd=21&kikanCd=1342001504&kikanKbn=2", "url2": "https://yoshida-smile.jp/", "内容": "よしだスマイルクリニック【2:診療所】【診療科目:内科_糖尿病内科_循環器内科_消化器内科】岐阜県岐阜市本荘西３丁目１１８番地" }, "geometry": { "type": "Point", "coordinates": [ 136.730772, 35.410662 ] } },
{ "type": "Feature", "properties": { "ID": 2121342001505, "正式名称": "平和通ハート内科", "機関区分": 2, "都道府県コード": 21, "市区町村コード": 201, "所在地": "岐阜県岐阜市平和通１丁目１７番地１", "緯度": 35.44665, "経度": 136.772771, "url": "https://www.iryou.teikyouseido.mhlw.go.jp/znk-web/juminkanja/S2430/initialize?prefCd=21&kikanCd=1342001505&kikanKbn=2", "url2": "https://heiwaheartnaika.com", "内容": "平和通ハート内科【2:診療所】【診療科目:内科_糖尿病内科_呼吸器内科_循環器内科_消化器内科_小児科_リハビリテーション科_臨床検査科】岐阜県岐阜市平和通１丁目１７番地１" }, "geometry": { "type": "Point", "coordinates": [ 136.772771, 35.44665 ] } },
{ "type": "Feature", "properties": { "ID": 2121342001508, "正式名称": "あおぞらこころクリニック", "機関区分": 2, "都道府県コード": 21, "市区町村コード": 201, "所在地": "岐阜県岐阜市長住町２－３岐阜ビルディング５階", "緯度": 35.412338, "経度": 136.76028, "url": "https://www.iryou.teikyouseido.mhlw.go.jp/znk-web/juminkanja/S2430/initialize?prefCd=21&kikanCd=1342001508&kikanKbn=2", "url2": "https://aozorakokoroclinic.com", "内容": "あおぞらこころクリニック【2:診療所】【診療科目:精神科_心療内科】岐阜県岐阜市長住町２－３岐阜ビルディング５階" }, "geometry": { "type": "Point", "coordinates": [ 136.76028, 35.412338 ] } },
{ "type": "Feature", "properties": { "ID": 2121342001509, "正式名称": "岐阜なかの内科・内視鏡クリニック", "機関区分": 2, "都道府県コード": 21, "市区町村コード": 201, "所在地": "岐阜県岐阜市柳津町丸野３－３－６　カラフルタウン岐阜１階", "緯度": 35.362325, "経度": 136.730435, "url": "https://www.iryou.teikyouseido.mhlw.go.jp/znk-web/juminkanja/S2430/initialize?prefCd=21&kikanCd=1342001509&kikanKbn=2", "url2": "https://www.gifu-nakano-cl.com/", "内容": "岐阜なかの内科・内視鏡クリニック【2:診療所】【診療科目:内科_糖尿病内科_消化器内科_内視鏡内科_肛門内科】岐阜県岐阜市柳津町丸野３－３－６　カラフルタウン岐阜１階" }, "geometry": { "type": "Point", "coordinates": [ 136.730435, 35.362325 ] } },
{ "type": "Feature", "properties": { "ID": 2121342001511, "正式名称": "えんや内科・糖尿病クリニック", "機関区分": 2, "都道府県コード": 21, "市区町村コード": 201, "所在地": "岐阜県岐阜市茜部新所３丁目１６１－１", "緯度": 35.3825, "経度": 136.75887, "url": "https://www.iryou.teikyouseido.mhlw.go.jp/znk-web/juminkanja/S2430/initialize?prefCd=21&kikanCd=1342001511&kikanKbn=2", "url2": "https://enya-clinic.com/", "内容": "えんや内科・糖尿病クリニック【2:診療所】【診療科目:内科_内分泌内科_糖尿病・代謝内科_放射線科】岐阜県岐阜市茜部新所３丁目１６１－１" }, "geometry": { "type": "Point", "coordinates": [ 136.75887, 35.3825 ] } },
{ "type": "Feature", "properties": { "ID": 2121342001515, "正式名称": "なかうずらクリニック", "機関区分": 2, "都道府県コード": 21, "市区町村コード": 201, "所在地": "岐阜県岐阜市中鶉７ー７２ー１", "緯度": 35.377235, "経度": 136.730964, "url": "https://www.iryou.teikyouseido.mhlw.go.jp/znk-web/juminkanja/S2430/initialize?prefCd=21&kikanCd=1342001515&kikanKbn=2", "url2": "https://nakauzura-clinic.jp/", "内容": "なかうずらクリニック【2:診療所】【診療科目:内科_呼吸器内科_循環器内科_小児科_歯科_歯科口腔外科_小児歯科】岐阜県岐阜市中鶉７ー７２ー１" }, "geometry": { "type": "Point", "coordinates": [ 136.730964, 35.377235 ] } },
{ "type": "Feature", "properties": { "ID": 2121342001527, "正式名称": "本多医院", "機関区分": 2, "都道府県コード": 21, "市区町村コード": 201, "所在地": "岐阜県岐阜市琴塚２－１２", "緯度": 35.41563, "経度": 136.811351, "url": "https://www.iryou.teikyouseido.mhlw.go.jp/znk-web/juminkanja/S2430/initialize?prefCd=21&kikanCd=1342001527&kikanKbn=2", "url2": "https://www.hondaiin-kotozuka.com/", "内容": "本多医院【2:診療所】【診療科目:内科_外科】岐阜県岐阜市琴塚２－１２" }, "geometry": { "type": "Point", "coordinates": [ 136.811351, 35.41563 ] } },
{ "type": "Feature", "properties": { "ID": 2121342001528, "正式名称": "すごうクリニック", "機関区分": 2, "都道府県コード": 21, "市区町村コード": 201, "所在地": "岐阜県岐阜市菅生１－１０－１６", "緯度": 35.422782, "経度": 136.735022, "url": "https://www.iryou.teikyouseido.mhlw.go.jp/znk-web/juminkanja/S2430/initialize?prefCd=21&kikanCd=1342001528&kikanKbn=2", "url2": "https://sugo-clinic.jp", "内容": "すごうクリニック【2:診療所】【診療科目:内科_循環器内科_泌尿器科_女性泌尿器科】岐阜県岐阜市菅生１－１０－１６" }, "geometry": { "type": "Point", "coordinates": [ 136.735022, 35.422782 ] } },
{ "type": "Feature", "properties": { "ID": 2121342001529, "正式名称": "岐阜高橋眼科皮膚科クリニック", "機関区分": 2, "都道府県コード": 21, "市区町村コード": 201, "所在地": "岐阜県岐阜市市橋", "緯度": 35.400837, "経度": 136.726751, "url": "https://www.iryou.teikyouseido.mhlw.go.jp/znk-web/juminkanja/S2430/initialize?prefCd=21&kikanCd=1342001529&kikanKbn=2", "url2": "https://takahashi-ghc.com/", "内容": "岐阜高橋眼科皮膚科クリニック【2:診療所】【診療科目:小児皮膚科_眼科_皮膚科_美容皮膚科】岐阜県岐阜市市橋" }, "geometry": { "type": "Point", "coordinates": [ 136.726751, 35.400837 ] } },
{ "type": "Feature", "properties": { "ID": 2121342001531, "正式名称": "またまるこどもアレルギークリニック", "機関区分": 2, "都道府県コード": 21, "市区町村コード": 201, "所在地": "岐阜県岐阜市又丸町畑１１番地１", "緯度": 35.438125, "経度": 136.705368, "url": "https://www.iryou.teikyouseido.mhlw.go.jp/znk-web/juminkanja/S2430/initialize?prefCd=21&kikanCd=1342001531&kikanKbn=2", "url2": "https://matamaru-kodomo.com/", "内容": "またまるこどもアレルギークリニック【2:診療所】【診療科目:小児科_小児内分泌内科_アレルギー科】岐阜県岐阜市又丸町畑１１番地１" }, "geometry": { "type": "Point", "coordinates": [ 136.705368, 35.438125 ] } },
{ "type": "Feature", "properties": { "ID": 2121342001532, "正式名称": "高野宮クリニック", "機関区分": 2, "都道府県コード": 21, "市区町村コード": 201, "所在地": "岐阜県岐阜市高野町イトウメディカルビ３階", "緯度": 35.414037, "経度": 136.756161, "url": "https://www.iryou.teikyouseido.mhlw.go.jp/znk-web/juminkanja/S2430/initialize?prefCd=21&kikanCd=1342001532&kikanKbn=2", "url2": null, "内容": "高野宮クリニック【2:診療所】【診療科目:脳神経外科】岐阜県岐阜市高野町イトウメディカルビ３階" }, "geometry": { "type": "Point", "coordinates": [ 136.756161, 35.414037 ] } },
{ "type": "Feature", "properties": { "ID": 2121342001533, "正式名称": "みずの内科・外科クリニック", "機関区分": 2, "都道府県コード": 21, "市区町村コード": 201, "所在地": "岐阜県岐阜市領下５丁目６３ー２", "緯度": 35.408088, "経度": 136.781514, "url": "https://www.iryou.teikyouseido.mhlw.go.jp/znk-web/juminkanja/S2430/initialize?prefCd=21&kikanCd=1342001533&kikanKbn=2", "url2": "https://mizuno-imsclinic.com/", "内容": "みずの内科・外科クリニック【2:診療所】【診療科目:内科_循環器内科_外科_心臓血管外科】岐阜県岐阜市領下５丁目６３ー２" }, "geometry": { "type": "Point", "coordinates": [ 136.781514, 35.408088 ] } },
{ "type": "Feature", "properties": { "ID": 2121342001535, "正式名称": "かとう整形外科クリニック", "機関区分": 2, "都道府県コード": 21, "市区町村コード": 201, "所在地": "岐阜県岐阜市粟野西１－３９７－１", "緯度": 35.480262, "経度": 136.780074, "url": "https://www.iryou.teikyouseido.mhlw.go.jp/znk-web/juminkanja/S2430/initialize?prefCd=21&kikanCd=1342001535&kikanKbn=2", "url2": "https://kato-orthopaedic-cl.com", "内容": "かとう整形外科クリニック【2:診療所】【診療科目:整形外科_リウマチ科_リハビリテーション科】岐阜県岐阜市粟野西１－３９７－１" }, "geometry": { "type": "Point", "coordinates": [ 136.780074, 35.480262 ] } },
{ "type": "Feature", "properties": { "ID": 2121342001537, "正式名称": "ＡＧＡスキンクリニック　岐阜院", "機関区分": 2, "都道府県コード": 21, "市区町村コード": 201, "所在地": "岐阜県岐阜市長住町２ー６ー２　新岐阜ビル４階南", "緯度": 35.41233, "経度": 136.760734, "url": "https://www.iryou.teikyouseido.mhlw.go.jp/znk-web/juminkanja/S2430/initialize?prefCd=21&kikanCd=1342001537&kikanKbn=2", "url2": "https://www.agaskin.net/gf/", "内容": "ＡＧＡスキンクリニック　岐阜院【2:診療所】【診療科目:美容皮膚科_頭部皮膚科】岐阜県岐阜市長住町２ー６ー２　新岐阜ビル４階南" }, "geometry": { "type": "Point", "coordinates": [ 136.760734, 35.41233 ] } },
{ "type": "Feature", "properties": { "ID": 2121342001538, "正式名称": "かんだまちクリニック", "機関区分": 2, "都道府県コード": 21, "市区町村コード": 201, "所在地": "岐阜県岐阜市神田町８丁目１９　笠原ビル３Ｆ", "緯度": 35.413044, "経度": 136.759392, "url": "https://www.iryou.teikyouseido.mhlw.go.jp/znk-web/juminkanja/S2430/initialize?prefCd=21&kikanCd=1342001538&kikanKbn=2", "url2": "https://kandamachi-clinic.jp/", "内容": "かんだまちクリニック【2:診療所】【診療科目:精神科_心療内科】岐阜県岐阜市神田町８丁目１９　笠原ビル３Ｆ" }, "geometry": { "type": "Point", "coordinates": [ 136.759392, 35.413044 ] } },
{ "type": "Feature", "properties": { "ID": 2121342001541, "正式名称": "おひさま診療所", "機関区分": 2, "都道府県コード": 21, "市区町村コード": 201, "所在地": "岐阜県岐阜市茜部寺屋敷", "緯度": 35.376643, "経度": 136.750463, "url": "https://www.iryou.teikyouseido.mhlw.go.jp/znk-web/juminkanja/S2430/initialize?prefCd=21&kikanCd=1342001541&kikanKbn=2", "url2": "http://ohisama-dr.com/", "内容": "おひさま診療所【2:診療所】【診療科目:内科_血液内科】岐阜県岐阜市茜部寺屋敷" }, "geometry": { "type": "Point", "coordinates": [ 136.750463, 35.376643 ] } },
{ "type": "Feature", "properties": { "ID": 2121342001542, "正式名称": "くわたクリニック", "機関区分": 2, "都道府県コード": 21, "市区町村コード": 201, "所在地": "岐阜県岐阜市鷺山東１丁目２１番１１", "緯度": 35.449439, "経度": 136.762302, "url": "https://www.iryou.teikyouseido.mhlw.go.jp/znk-web/juminkanja/S2430/initialize?prefCd=21&kikanCd=1342001542&kikanKbn=2", "url2": "https://www.quantum-cl.com/", "内容": "くわたクリニック【2:診療所】【診療科目:内科_脳神経内科_呼吸器内科_心臓内科_外科_血管外科_消化器外科_精神科】岐阜県岐阜市鷺山東１丁目２１番１１" }, "geometry": { "type": "Point", "coordinates": [ 136.762302, 35.449439 ] } },
{ "type": "Feature", "properties": { "ID": 2121342001547, "正式名称": "あいかわ橋クリニック", "機関区分": 2, "都道府県コード": 21, "市区町村コード": 201, "所在地": "岐阜県岐阜市向加野二丁目１６番地２９号", "緯度": 35.461617, "経度": 136.830676, "url": "https://www.iryou.teikyouseido.mhlw.go.jp/znk-web/juminkanja/S2430/initialize?prefCd=21&kikanCd=1342001547&kikanKbn=2", "url2": null, "内容": "あいかわ橋クリニック【2:診療所】【診療科目:内科_消化器内科_肛門内科】岐阜県岐阜市向加野二丁目１６番地２９号" }, "geometry": { "type": "Point", "coordinates": [ 136.830676, 35.461617 ] } },
{ "type": "Feature", "properties": { "ID": 2121342001548, "正式名称": "川村内科ハートクリニック", "機関区分": 2, "都道府県コード": 21, "市区町村コード": 201, "所在地": "岐阜県岐阜市下奈良２−１０−１", "緯度": 35.390611, "経度": 136.712963, "url": "https://www.iryou.teikyouseido.mhlw.go.jp/znk-web/juminkanja/S2430/initialize?prefCd=21&kikanCd=1342001548&kikanKbn=2", "url2": "https://kawamura-heart.com", "内容": "川村内科ハートクリニック【2:診療所】【診療科目:内科_循環器内科】岐阜県岐阜市下奈良２−１０−１" }, "geometry": { "type": "Point", "coordinates": [ 136.712963, 35.390611 ] } },
{ "type": "Feature", "properties": { "ID": 2121342001552, "正式名称": "白木眼科医院", "機関区分": 2, "都道府県コード": 21, "市区町村コード": 201, "所在地": "岐阜県岐阜市長良東２丁目１１０", "緯度": 35.450022, "経度": 136.787502, "url": "https://www.iryou.teikyouseido.mhlw.go.jp/znk-web/juminkanja/S2430/initialize?prefCd=21&kikanCd=1342001552&kikanKbn=2", "url2": "https://shiraki-eye-clinic.com/", "内容": "白木眼科医院【2:診療所】【診療科目:小児眼科_眼科】岐阜県岐阜市長良東２丁目１１０" }, "geometry": { "type": "Point", "coordinates": [ 136.787502, 35.450022 ] } },
{ "type": "Feature", "properties": { "ID": 2121342001557, "正式名称": "ときわクリニック", "機関区分": 2, "都道府県コード": 21, "市区町村コード": 201, "所在地": "岐阜県岐阜市上土居１ー１６ー５", "緯度": 35.455865, "経度": 136.763757, "url": "https://www.iryou.teikyouseido.mhlw.go.jp/znk-web/juminkanja/S2430/initialize?prefCd=21&kikanCd=1342001557&kikanKbn=2", "url2": "https://clinic-tokiwa.com/", "内容": "ときわクリニック【2:診療所】【診療科目:内科_循環器内科】岐阜県岐阜市上土居１ー１６ー５" }, "geometry": { "type": "Point", "coordinates": [ 136.763757, 35.455865 ] } },
{ "type": "Feature", "properties": { "ID": 2121342001558, "正式名称": "真鍋眼科", "機関区分": 2, "都道府県コード": 21, "市区町村コード": 201, "所在地": "岐阜県岐阜市金宝町１ー１１", "緯度": 35.414836, "経度": 136.759298, "url": "https://www.iryou.teikyouseido.mhlw.go.jp/znk-web/juminkanja/S2430/initialize?prefCd=21&kikanCd=1342001558&kikanKbn=2", "url2": "https://manabe-eye-ladies.com", "内容": "真鍋眼科【2:診療所】【診療科目:小児眼科_眼科】岐阜県岐阜市金宝町１ー１１" }, "geometry": { "type": "Point", "coordinates": [ 136.759298, 35.414836 ] } },
{ "type": "Feature", "properties": { "ID": 2121342001559, "正式名称": "医療法人令明会ゆりレディスクリニック", "機関区分": 2, "都道府県コード": 21, "市区町村コード": 201, "所在地": "岐阜県岐阜市前一色西町４－１", "緯度": 35.408428, "経度": 136.794333, "url": "https://www.iryou.teikyouseido.mhlw.go.jp/znk-web/juminkanja/S2430/initialize?prefCd=21&kikanCd=1342001559&kikanKbn=2", "url2": "https://yuri-lc.com", "内容": "医療法人令明会ゆりレディスクリニック【2:診療所】【診療科目:産科_婦人科】岐阜県岐阜市前一色西町４－１" }, "geometry": { "type": "Point", "coordinates": [ 136.794333, 35.408428 ] } },
{ "type": "Feature", "properties": { "ID": 2121342001560, "正式名称": "真鍋婦人科", "機関区分": 2, "都道府県コード": 21, "市区町村コード": 201, "所在地": "岐阜県岐阜市金宝町１ー１１　２Ｆ", "緯度": 35.414836, "経度": 136.759298, "url": "https://www.iryou.teikyouseido.mhlw.go.jp/znk-web/juminkanja/S2430/initialize?prefCd=21&kikanCd=1342001560&kikanKbn=2", "url2": "https://manabe-eye-ladies.com/", "内容": "真鍋婦人科【2:診療所】【診療科目:婦人科】岐阜県岐阜市金宝町１ー１１　２Ｆ" }, "geometry": { "type": "Point", "coordinates": [ 136.759298, 35.414836 ] } },
{ "type": "Feature", "properties": { "ID": 2121342001561, "正式名称": "石川内科眼科", "機関区分": 2, "都道府県コード": 21, "市区町村コード": 201, "所在地": "岐阜県岐阜市加納長刀堀４丁目４１", "緯度": 35.400019, "経度": 136.757585, "url": "https://www.iryou.teikyouseido.mhlw.go.jp/znk-web/juminkanja/S2430/initialize?prefCd=21&kikanCd=1342001561&kikanKbn=2", "url2": null, "内容": "石川内科眼科【2:診療所】【診療科目:内科_眼科】岐阜県岐阜市加納長刀堀４丁目４１" }, "geometry": { "type": "Point", "coordinates": [ 136.757585, 35.400019 ] } },
{ "type": "Feature", "properties": { "ID": 2121342001562, "正式名称": "福富医院", "機関区分": 2, "都道府県コード": 21, "市区町村コード": 201, "所在地": "岐阜県岐阜市安食一丁目８７番地１", "緯度": 35.489917, "経度": 136.721955, "url": "https://www.iryou.teikyouseido.mhlw.go.jp/znk-web/juminkanja/S2430/initialize?prefCd=21&kikanCd=1342001562&kikanKbn=2", "url2": "http://www.fukutomi-clinic.com/", "内容": "福富医院【2:診療所】【診療科目:内科_外科_小児科_アレルギー科】岐阜県岐阜市安食一丁目８７番地１" }, "geometry": { "type": "Point", "coordinates": [ 136.721955, 35.489917 ] } },
{ "type": "Feature", "properties": { "ID": 2121342001563, "正式名称": "こころとそだちのクリニック　あすなろ", "機関区分": 2, "都道府県コード": 21, "市区町村コード": 201, "所在地": "岐阜県岐阜市今町", "緯度": 35.43342, "経度": 136.769918, "url": "https://www.iryou.teikyouseido.mhlw.go.jp/znk-web/juminkanja/S2430/initialize?prefCd=21&kikanCd=1342001563&kikanKbn=2", "url2": null, "内容": "こころとそだちのクリニック　あすなろ【2:診療所】【診療科目:小児科_児童精神科】岐阜県岐阜市今町" }, "geometry": { "type": "Point", "coordinates": [ 136.769918, 35.43342 ] } },
{ "type": "Feature", "properties": { "ID": 2121342001564, "正式名称": "ポッポの家診療所", "機関区分": 2, "都道府県コード": 21, "市区町村コード": 201, "所在地": "岐阜県岐阜市長良東２丁目１４０番地", "緯度": 35.451007, "経度": 136.787227, "url": "https://www.iryou.teikyouseido.mhlw.go.jp/znk-web/juminkanja/S2430/initialize?prefCd=21&kikanCd=1342001564&kikanKbn=2", "url2": "https://gifu-popponoie.jimdofree.com", "内容": "ポッポの家診療所【2:診療所】【診療科目:整形外科_小児科_リハビリテーション科】岐阜県岐阜市長良東２丁目１４０番地" }, "geometry": { "type": "Point", "coordinates": [ 136.787227, 35.451007 ] } },
{ "type": "Feature", "properties": { "ID": 2121342001567, "正式名称": "しまメンタルクリニック", "機関区分": 2, "都道府県コード": 21, "市区町村コード": 201, "所在地": "岐阜県岐阜市東島２丁目１４番地２　ハイム山王１Ｆ", "緯度": 35.426408, "経度": 136.737234, "url": "https://www.iryou.teikyouseido.mhlw.go.jp/znk-web/juminkanja/S2430/initialize?prefCd=21&kikanCd=1342001567&kikanKbn=2", "url2": "http://shimamental.jp", "内容": "しまメンタルクリニック【2:診療所】【診療科目:精神科_心療内科】岐阜県岐阜市東島２丁目１４番地２　ハイム山王１Ｆ" }, "geometry": { "type": "Point", "coordinates": [ 136.737234, 35.426408 ] } },
{ "type": "Feature", "properties": { "ID": 2121342001569, "正式名称": "加納眼科", "機関区分": 2, "都道府県コード": 21, "市区町村コード": 201, "所在地": "岐阜県岐阜市加納城南通１－３０", "緯度": 35.398124, "経度": 136.758159, "url": "https://www.iryou.teikyouseido.mhlw.go.jp/znk-web/juminkanja/S2430/initialize?prefCd=21&kikanCd=1342001569&kikanKbn=2", "url2": "https://kano-eye.com/", "内容": "加納眼科【2:診療所】【診療科目:眼科】岐阜県岐阜市加納城南通１－３０" }, "geometry": { "type": "Point", "coordinates": [ 136.758159, 35.398124 ] } },
{ "type": "Feature", "properties": { "ID": 2121342001573, "正式名称": "かのうクリニック", "機関区分": 2, "都道府県コード": 21, "市区町村コード": 201, "所在地": "岐阜県岐阜市金園町１０丁目３", "緯度": 35.416549, "経度": 136.77726, "url": "https://www.iryou.teikyouseido.mhlw.go.jp/znk-web/juminkanja/S2430/initialize?prefCd=21&kikanCd=1342001573&kikanKbn=2", "url2": "http://kanoclinic-gifu.com", "内容": "かのうクリニック【2:診療所】【診療科目:内科_胃腸内科_外科_肛門外科_小児科】岐阜県岐阜市金園町１０丁目３" }, "geometry": { "type": "Point", "coordinates": [ 136.77726, 35.416549 ] } },
{ "type": "Feature", "properties": { "ID": 2121342001576, "正式名称": "医療法人誠優会　石原産婦人科", "機関区分": 2, "都道府県コード": 21, "市区町村コード": 201, "所在地": "岐阜県岐阜市芥見嵯峨", "緯度": 35.439786, "経度": 136.841836, "url": "https://www.iryou.teikyouseido.mhlw.go.jp/znk-web/juminkanja/S2430/initialize?prefCd=21&kikanCd=1342001576&kikanKbn=2", "url2": "https://ishihara-sanfujinka.com", "内容": "医療法人誠優会　石原産婦人科【2:診療所】【診療科目:産婦人科_産科_婦人科_産婦人科（生殖医療）_分娩　人工妊娠中絶　ミレーナ　インフルエンザワクチン】岐阜県岐阜市芥見嵯峨" }, "geometry": { "type": "Point", "coordinates": [ 136.841836, 35.439786 ] } },
{ "type": "Feature", "properties": { "ID": 2121342001577, "正式名称": "エミナルクリニック岐阜院", "機関区分": 2, "都道府県コード": 21, "市区町村コード": 201, "所在地": "岐阜県岐阜市神田町６ー１２　シグザ神田ビル６階", "緯度": 35.417029, "経度": 136.75967, "url": "https://www.iryou.teikyouseido.mhlw.go.jp/znk-web/juminkanja/S2430/initialize?prefCd=21&kikanCd=1342001577&kikanKbn=2", "url2": null, "内容": "エミナルクリニック岐阜院【2:診療所】【診療科目:美容皮膚科】岐阜県岐阜市神田町６ー１２　シグザ神田ビル６階" }, "geometry": { "type": "Point", "coordinates": [ 136.75967, 35.417029 ] } },
{ "type": "Feature", "properties": { "ID": 2121342001579, "正式名称": "ＴＣＢ　東京中央美容外科・ＴＣＢ　スキンクリニック　岐阜院", "機関区分": 2, "都道府県コード": 21, "市区町村コード": 201, "所在地": "岐阜県岐阜市神田町８丁目９番地２　白木ビル　４階", "緯度": 35.412332, "経度": 136.759951, "url": "https://www.iryou.teikyouseido.mhlw.go.jp/znk-web/juminkanja/S2430/initialize?prefCd=21&kikanCd=1342001579&kikanKbn=2", "url2": "https://aoki-tsuyoshi.com/", "内容": "ＴＣＢ　東京中央美容外科・ＴＣＢ　スキンクリニック　岐阜院【2:診療所】【診療科目:形成外科_美容外科_皮膚科_美容皮膚科】岐阜県岐阜市神田町８丁目９番地２　白木ビル　４階" }, "geometry": { "type": "Point", "coordinates": [ 136.759951, 35.412332 ] } },
{ "type": "Feature", "properties": { "ID": 2121342001580, "正式名称": "つむぎクリニック", "機関区分": 2, "都道府県コード": 21, "市区町村コード": 201, "所在地": "岐阜県岐阜市北一色２丁目１０番２３号", "緯度": 35.413711, "経度": 136.787247, "url": "https://www.iryou.teikyouseido.mhlw.go.jp/znk-web/juminkanja/S2430/initialize?prefCd=21&kikanCd=1342001580&kikanKbn=2", "url2": "https://www.tsumugi-clinic.jp/", "内容": "つむぎクリニック【2:診療所】【診療科目:内科_皮膚科】岐阜県岐阜市北一色２丁目１０番２３号" }, "geometry": { "type": "Point", "coordinates": [ 136.787247, 35.413711 ] } },
{ "type": "Feature", "properties": { "ID": 2121342001585, "正式名称": "青山眼科クリニック", "機関区分": 2, "都道府県コード": 21, "市区町村コード": 201, "所在地": "岐阜県岐阜市蔵前６丁目１６－４", "緯度": 35.39739, "経度": 136.807966, "url": "https://www.iryou.teikyouseido.mhlw.go.jp/znk-web/juminkanja/S2430/initialize?prefCd=21&kikanCd=1342001585&kikanKbn=2", "url2": null, "内容": "青山眼科クリニック【2:診療所】【診療科目:眼科】岐阜県岐阜市蔵前６丁目１６－４" }, "geometry": { "type": "Point", "coordinates": [ 136.807966, 35.39739 ] } },
{ "type": "Feature", "properties": { "ID": 2121342001589, "正式名称": "よしむらペインクリニック", "機関区分": 2, "都道府県コード": 21, "市区町村コード": 201, "所在地": "岐阜県岐阜市本荘西４ー６４", "緯度": 35.410114, "経度": 136.729791, "url": "https://www.iryou.teikyouseido.mhlw.go.jp/znk-web/juminkanja/S2430/initialize?prefCd=21&kikanCd=1342001589&kikanKbn=2", "url2": "http://www.yoshimura-pain.jp/", "内容": "よしむらペインクリニック【2:診療所】【診療科目:ペインクリニック内科】岐阜県岐阜市本荘西４ー６４" }, "geometry": { "type": "Point", "coordinates": [ 136.729791, 35.410114 ] } },
{ "type": "Feature", "properties": { "ID": 2121342001590, "正式名称": "医療法人　洪仁会　川出内科クリニック", "機関区分": 2, "都道府県コード": 21, "市区町村コード": 201, "所在地": "岐阜県岐阜市太郎丸新屋敷２０５番地２", "緯度": 35.492458, "経度": 136.826939, "url": "https://www.iryou.teikyouseido.mhlw.go.jp/znk-web/juminkanja/S2430/initialize?prefCd=21&kikanCd=1342001590&kikanKbn=2", "url2": null, "内容": "医療法人　洪仁会　川出内科クリニック【2:診療所】【診療科目:内科_呼吸器内科_循環器内科_小児科】岐阜県岐阜市太郎丸新屋敷２０５番地２" }, "geometry": { "type": "Point", "coordinates": [ 136.826939, 35.492458 ] } },
{ "type": "Feature", "properties": { "ID": 2121342001592, "正式名称": "関谷内科外科クリニック", "機関区分": 2, "都道府県コード": 21, "市区町村コード": 201, "所在地": "岐阜県岐阜市北島１丁目７番２４号", "緯度": 35.427642, "経度": 136.730828, "url": "https://www.iryou.teikyouseido.mhlw.go.jp/znk-web/juminkanja/S2430/initialize?prefCd=21&kikanCd=1342001592&kikanKbn=2", "url2": "https://sekiya-clinic.org", "内容": "関谷内科外科クリニック【2:診療所】【診療科目:内科_消化器内科_外科_肛門外科_整形外科_皮膚科_泌尿器科_リハビリテーション科_放射線科】岐阜県岐阜市北島１丁目７番２４号" }, "geometry": { "type": "Point", "coordinates": [ 136.730828, 35.427642 ] } },
{ "type": "Feature", "properties": { "ID": 2121342001595, "正式名称": "江崎医院", "機関区分": 2, "都道府県コード": 21, "市区町村コード": 201, "所在地": "岐阜県岐阜市鹿島町３丁目４－１", "緯度": 35.41487, "経度": 136.741356, "url": "https://www.iryou.teikyouseido.mhlw.go.jp/znk-web/juminkanja/S2430/initialize?prefCd=21&kikanCd=1342001595&kikanKbn=2", "url2": null, "内容": "江崎医院【2:診療所】【診療科目:内科_糖尿病・内分泌内科_糖尿病・代謝内科_代謝・内分泌内科_呼吸器内科_循環器内科_消化器内科_精神科_放射線科】岐阜県岐阜市鹿島町３丁目４－１" }, "geometry": { "type": "Point", "coordinates": [ 136.741356, 35.41487 ] } },
{ "type": "Feature", "properties": { "ID": 2121342001600, "正式名称": "小木曽医院", "機関区分": 2, "都道府県コード": 21, "市区町村コード": 201, "所在地": "岐阜県岐阜市神田町２−４", "緯度": 35.420408, "経度": 136.760825, "url": "https://www.iryou.teikyouseido.mhlw.go.jp/znk-web/juminkanja/S2430/initialize?prefCd=21&kikanCd=1342001600&kikanKbn=2", "url2": "https://www.oogiso-iin.com", "内容": "小木曽医院【2:診療所】【診療科目:内科_循環器内科_消化器内科】岐阜県岐阜市神田町２−４" }, "geometry": { "type": "Point", "coordinates": [ 136.760825, 35.420408 ] } },
{ "type": "Feature", "properties": { "ID": 2121342001601, "正式名称": "エミナルクリニック岐阜院", "機関区分": 2, "都道府県コード": 21, "市区町村コード": 201, "所在地": "岐阜県岐阜市神田町６丁目１２シグザ神田ビル６階・７階", "緯度": 35.411114, "経度": 136.75887, "url": "https://www.iryou.teikyouseido.mhlw.go.jp/znk-web/juminkanja/S2430/initialize?prefCd=21&kikanCd=1342001601&kikanKbn=2", "url2": null, "内容": "エミナルクリニック岐阜院【2:診療所】【診療科目:美容皮膚科】岐阜県岐阜市神田町６丁目１２シグザ神田ビル６階・７階" }, "geometry": { "type": "Point", "coordinates": [ 136.75887, 35.411114 ] } },
{ "type": "Feature", "properties": { "ID": 2121342001603, "正式名称": "佐久間耳鼻咽喉科", "機関区分": 2, "都道府県コード": 21, "市区町村コード": 201, "所在地": "岐阜県岐阜市美島町３ー２１ー１", "緯度": 35.435917, "経度": 136.749115, "url": "https://www.iryou.teikyouseido.mhlw.go.jp/znk-web/juminkanja/S2430/initialize?prefCd=21&kikanCd=1342001603&kikanKbn=2", "url2": "https://www.sakumajibika.com", "内容": "佐久間耳鼻咽喉科【2:診療所】【診療科目:耳鼻いんこう科_アレルギー科】岐阜県岐阜市美島町３ー２１ー１" }, "geometry": { "type": "Point", "coordinates": [ 136.749115, 35.435917 ] } },
{ "type": "Feature", "properties": { "ID": 2121342001604, "正式名称": "おぐら産科婦人科クリニック", "機関区分": 2, "都道府県コード": 21, "市区町村コード": 201, "所在地": "岐阜県岐阜市長良葵町１丁目２番５号", "緯度": 35.446419, "経度": 136.775947, "url": "https://www.iryou.teikyouseido.mhlw.go.jp/znk-web/juminkanja/S2430/initialize?prefCd=21&kikanCd=1342001604&kikanKbn=2", "url2": "http://ogura-obgyclinic.jp", "内容": "おぐら産科婦人科クリニック【2:診療所】【診療科目:産婦人科】岐阜県岐阜市長良葵町１丁目２番５号" }, "geometry": { "type": "Point", "coordinates": [ 136.775947, 35.446419 ] } },
{ "type": "Feature", "properties": { "ID": 2121342001606, "正式名称": "やまだ整形外科・内科クリニック", "機関区分": 2, "都道府県コード": 21, "市区町村コード": 201, "所在地": "岐阜県岐阜市柳津町下佐波１ー３", "緯度": 35.364759, "経度": 136.719676, "url": "https://www.iryou.teikyouseido.mhlw.go.jp/znk-web/juminkanja/S2430/initialize?prefCd=21&kikanCd=1342001606&kikanKbn=2", "url2": "http://www.yamada-seikeigeka.jp/", "内容": "やまだ整形外科・内科クリニック【2:診療所】【診療科目:内科_糖尿病・内分泌内科_消化器内科_整形外科_リハビリテーション科】岐阜県岐阜市柳津町下佐波１ー３" }, "geometry": { "type": "Point", "coordinates": [ 136.719676, 35.364759 ] } },
{ "type": "Feature", "properties": { "ID": 2121342001610, "正式名称": "カメリア美容皮ふ科", "機関区分": 2, "都道府県コード": 21, "市区町村コード": 201, "所在地": "岐阜県岐阜市東中島１－１７－８", "緯度": 35.389862, "経度": 136.80542, "url": "https://www.iryou.teikyouseido.mhlw.go.jp/znk-web/juminkanja/S2430/initialize?prefCd=21&kikanCd=1342001610&kikanKbn=2", "url2": "https://camellia-clinic.com/", "内容": "カメリア美容皮ふ科【2:診療所】【診療科目:美容皮膚科】岐阜県岐阜市東中島１－１７－８" }, "geometry": { "type": "Point", "coordinates": [ 136.80542, 35.389862 ] } },
{ "type": "Feature", "properties": { "ID": 2121342001611, "正式名称": "かとうマタニティークリニック", "機関区分": 2, "都道府県コード": 21, "市区町村コード": 201, "所在地": "岐阜県岐阜市芥見長山三丁目９４番地２", "緯度": 35.453575, "経度": 136.850069, "url": "https://www.iryou.teikyouseido.mhlw.go.jp/znk-web/juminkanja/S2430/initialize?prefCd=21&kikanCd=1342001611&kikanKbn=2", "url2": null, "内容": "かとうマタニティークリニック【2:診療所】【診療科目:婦人科】岐阜県岐阜市芥見長山三丁目９４番地２" }, "geometry": { "type": "Point", "coordinates": [ 136.850069, 35.453575 ] } },
{ "type": "Feature", "properties": { "ID": 2121342001613, "正式名称": "にしぎふ整形外科リハビリクリニック", "機関区分": 2, "都道府県コード": 21, "市区町村コード": 201, "所在地": "岐阜県岐阜市西荘４丁目６番７号", "緯度": 35.408259, "経度": 136.719899, "url": "https://www.iryou.teikyouseido.mhlw.go.jp/znk-web/juminkanja/S2430/initialize?prefCd=21&kikanCd=1342001613&kikanKbn=2", "url2": "https://nishigifu-seikei.com", "内容": "にしぎふ整形外科リハビリクリニック【2:診療所】【診療科目:整形外科_リハビリテーション科】岐阜県岐阜市西荘４丁目６番７号" }, "geometry": { "type": "Point", "coordinates": [ 136.719899, 35.408259 ] } },
{ "type": "Feature", "properties": { "ID": 2121342001614, "正式名称": "西岐阜ほんだクリニック", "機関区分": 2, "都道府県コード": 21, "市区町村コード": 201, "所在地": "岐阜県岐阜市市橋３丁目４－１", "緯度": 35.400453, "経度": 136.725367, "url": "https://www.iryou.teikyouseido.mhlw.go.jp/znk-web/juminkanja/S2430/initialize?prefCd=21&kikanCd=1342001614&kikanKbn=2", "url2": null, "内容": "西岐阜ほんだクリニック【2:診療所】【診療科目:精神科_心療内科】岐阜県岐阜市市橋３丁目４－１" }, "geometry": { "type": "Point", "coordinates": [ 136.725367, 35.400453 ] } },
{ "type": "Feature", "properties": { "ID": 2121342001615, "正式名称": "やないづメンタルクリニック", "機関区分": 2, "都道府県コード": 21, "市区町村コード": 201, "所在地": "岐阜県岐阜市柳津町蓮池３丁目４番", "緯度": 35.368689, "経度": 136.746413, "url": "https://www.iryou.teikyouseido.mhlw.go.jp/znk-web/juminkanja/S2430/initialize?prefCd=21&kikanCd=1342001615&kikanKbn=2", "url2": "https://sub.yanaizu-mental.com", "内容": "やないづメンタルクリニック【2:診療所】【診療科目:児童精神科_精神科_心療内科】岐阜県岐阜市柳津町蓮池３丁目４番" }, "geometry": { "type": "Point", "coordinates": [ 136.746413, 35.368689 ] } },
{ "type": "Feature", "properties": { "ID": 2121342001616, "正式名称": "あおい在宅クリニック", "機関区分": 2, "都道府県コード": 21, "市区町村コード": 201, "所在地": "岐阜県岐阜市須賀４丁目１７番３５", "緯度": 35.386514, "経度": 136.714274, "url": "https://www.iryou.teikyouseido.mhlw.go.jp/znk-web/juminkanja/S2430/initialize?prefCd=21&kikanCd=1342001616&kikanKbn=2", "url2": "https://www.aoi-zaitaku-clinic.com/", "内容": "あおい在宅クリニック【2:診療所】【診療科目:内科_糖尿病内科_精神科】岐阜県岐阜市須賀４丁目１７番３５" }, "geometry": { "type": "Point", "coordinates": [ 136.714274, 35.386514 ] } },
{ "type": "Feature", "properties": { "ID": 2121342001617, "正式名称": "あおぞらこどもクリニック", "機関区分": 2, "都道府県コード": 21, "市区町村コード": 201, "所在地": "岐阜県岐阜市茜部中島", "緯度": 35.391483, "経度": 136.751704, "url": "https://www.iryou.teikyouseido.mhlw.go.jp/znk-web/juminkanja/S2430/initialize?prefCd=21&kikanCd=1342001617&kikanKbn=2", "url2": null, "内容": "あおぞらこどもクリニック【2:診療所】【診療科目:アレルギー疾患内科_小児科_新生児内科】岐阜県岐阜市茜部中島" }, "geometry": { "type": "Point", "coordinates": [ 136.751704, 35.391483 ] } },
{ "type": "Feature", "properties": { "ID": 2121342001620, "正式名称": "かわしま整形外科リハビリクリニック", "機関区分": 2, "都道府県コード": 21, "市区町村コード": 201, "所在地": "岐阜県岐阜市下土居２丁目８－８", "緯度": 35.451669, "経度": 136.755179, "url": "https://www.iryou.teikyouseido.mhlw.go.jp/znk-web/juminkanja/S2430/initialize?prefCd=21&kikanCd=1342001620&kikanKbn=2", "url2": "https://kawashima-seikei.jp/", "内容": "かわしま整形外科リハビリクリニック【2:診療所】【診療科目:整形外科_リハビリテーション科】岐阜県岐阜市下土居２丁目８－８" }, "geometry": { "type": "Point", "coordinates": [ 136.755179, 35.451669 ] } },
{ "type": "Feature", "properties": { "ID": 2121342001621, "正式名称": "青木眼科クリニック", "機関区分": 2, "都道府県コード": 21, "市区町村コード": 201, "所在地": "岐阜県岐阜市神田町８ー８　２階", "緯度": 35.412697, "経度": 136.759804, "url": "https://www.iryou.teikyouseido.mhlw.go.jp/znk-web/juminkanja/S2430/initialize?prefCd=21&kikanCd=1342001621&kikanKbn=2", "url2": "https://aoki-ganka.com/", "内容": "青木眼科クリニック【2:診療所】【診療科目:眼科】岐阜県岐阜市神田町８ー８　２階" }, "geometry": { "type": "Point", "coordinates": [ 136.759804, 35.412697 ] } },
{ "type": "Feature", "properties": { "ID": 2121342001630, "正式名称": "透析フロンティア岐阜駅前クリニック", "機関区分": 2, "都道府県コード": 21, "市区町村コード": 201, "所在地": "岐阜県岐阜市神田町９－２７大岐阜ビル４階", "緯度": 35.410909, "経度": 136.758164, "url": "https://www.iryou.teikyouseido.mhlw.go.jp/znk-web/juminkanja/S2430/initialize?prefCd=21&kikanCd=1342001630&kikanKbn=2", "url2": "https://frontier-gifu.jp", "内容": "透析フロンティア岐阜駅前クリニック【2:診療所】【診療科目:内科_循環器内科_腎臓内科_人工透析内科】岐阜県岐阜市神田町９－２７大岐阜ビル４階" }, "geometry": { "type": "Point", "coordinates": [ 136.758164, 35.410909 ] } },
{ "type": "Feature", "properties": { "ID": 2121342001631, "正式名称": "医療法人　ＭＩＲＡＩ　あわのこどもクリニック", "機関区分": 2, "都道府県コード": 21, "市区町村コード": 201, "所在地": "岐阜県岐阜市粟野東四丁目２９７", "緯度": 35.489416, "経度": 136.785682, "url": "https://www.iryou.teikyouseido.mhlw.go.jp/znk-web/juminkanja/S2430/initialize?prefCd=21&kikanCd=1342001631&kikanKbn=2", "url2": "https://awano-kodomo.com", "内容": "医療法人　ＭＩＲＡＩ　あわのこどもクリニック【2:診療所】【診療科目:小児科_小児循環器内科_アレルギー科】岐阜県岐阜市粟野東四丁目２９７" }, "geometry": { "type": "Point", "coordinates": [ 136.785682, 35.489416 ] } },
{ "type": "Feature", "properties": { "ID": 2121342001634, "正式名称": "岐阜北ファミリークリニック", "機関区分": 2, "都道府県コード": 21, "市区町村コード": 201, "所在地": "岐阜県岐阜市早田東町１０－７１", "緯度": 35.439603, "経度": 136.760695, "url": "https://www.iryou.teikyouseido.mhlw.go.jp/znk-web/juminkanja/S2430/initialize?prefCd=21&kikanCd=1342001634&kikanKbn=2", "url2": "https://gifukita-family.com/access/", "内容": "岐阜北ファミリークリニック【2:診療所】【診療科目:内科_血液内科_腎臓内科_小児科】岐阜県岐阜市早田東町１０－７１" }, "geometry": { "type": "Point", "coordinates": [ 136.760695, 35.439603 ] } },
{ "type": "Feature", "properties": { "ID": 2121342001637, "正式名称": "いずみ皮膚科", "機関区分": 2, "都道府県コード": 21, "市区町村コード": 201, "所在地": "岐阜県岐阜市鹿島町８ー１７", "緯度": 35.413007, "経度": 136.730061, "url": "https://www.iryou.teikyouseido.mhlw.go.jp/znk-web/juminkanja/S2430/initialize?prefCd=21&kikanCd=1342001637&kikanKbn=2", "url2": null, "内容": "いずみ皮膚科【2:診療所】【診療科目:皮膚科】岐阜県岐阜市鹿島町８ー１７" }, "geometry": { "type": "Point", "coordinates": [ 136.730061, 35.413007 ] } },
{ "type": "Feature", "properties": { "ID": 2121342001638, "正式名称": "ぎふ頭痛脳神経クリニック", "機関区分": 2, "都道府県コード": 21, "市区町村コード": 201, "所在地": "岐阜県岐阜市北島３丁目２−１", "緯度": 35.427492, "経度": 136.725569, "url": "https://www.iryou.teikyouseido.mhlw.go.jp/znk-web/juminkanja/S2430/initialize?prefCd=21&kikanCd=1342001638&kikanKbn=2", "url2": "https://gifu-neuro.com", "内容": "ぎふ頭痛脳神経クリニック【2:診療所】【診療科目:内科_脳神経内科】岐阜県岐阜市北島３丁目２−１" }, "geometry": { "type": "Point", "coordinates": [ 136.725569, 35.427492 ] } },
{ "type": "Feature", "properties": { "ID": 2121342001641, "正式名称": "岐阜ほりお眼科", "機関区分": 2, "都道府県コード": 21, "市区町村コード": 201, "所在地": "岐阜県岐阜市神田町９丁目２７　大岐阜ビル　４Ｆ", "緯度": 35.410909, "経度": 136.758164, "url": "https://www.iryou.teikyouseido.mhlw.go.jp/znk-web/juminkanja/S2430/initialize?prefCd=21&kikanCd=1342001641&kikanKbn=2", "url2": "https://www.gifu-horio-ganka.com/", "内容": "岐阜ほりお眼科【2:診療所】【診療科目:眼科】岐阜県岐阜市神田町９丁目２７　大岐阜ビル　４Ｆ" }, "geometry": { "type": "Point", "coordinates": [ 136.758164, 35.410909 ] } },
{ "type": "Feature", "properties": { "ID": 2121342001643, "正式名称": "もりおか内科", "機関区分": 2, "都道府県コード": 21, "市区町村コード": 201, "所在地": "岐阜県岐阜市日野南３丁目１２番６号", "緯度": 35.430929, "経度": 136.80494, "url": "https://www.iryou.teikyouseido.mhlw.go.jp/znk-web/juminkanja/S2430/initialize?prefCd=21&kikanCd=1342001643&kikanKbn=2", "url2": null, "内容": "もりおか内科【2:診療所】【診療科目:内科】岐阜県岐阜市日野南３丁目１２番６号" }, "geometry": { "type": "Point", "coordinates": [ 136.80494, 35.430929 ] } },
{ "type": "Feature", "properties": { "ID": 2121342001644, "正式名称": "医療法人好誠会　ながら泌尿器科", "機関区分": 2, "都道府県コード": 21, "市区町村コード": 201, "所在地": "岐阜県岐阜市長良東２丁目６３番地", "緯度": 35.448167, "経度": 136.786925, "url": "https://www.iryou.teikyouseido.mhlw.go.jp/znk-web/juminkanja/S2430/initialize?prefCd=21&kikanCd=1342001644&kikanKbn=2", "url2": "https://nagara-uro.com", "内容": "医療法人好誠会　ながら泌尿器科【2:診療所】【診療科目:泌尿器科】岐阜県岐阜市長良東２丁目６３番地" }, "geometry": { "type": "Point", "coordinates": [ 136.786925, 35.448167 ] } },
{ "type": "Feature", "properties": { "ID": 2121342001645, "正式名称": "岐阜メンタルクリニック", "機関区分": 2, "都道府県コード": 21, "市区町村コード": 201, "所在地": "岐阜県岐阜市若宮町５丁目１２番地　若宮ビル３Ｆ", "緯度": 35.420598, "経度": 136.757853, "url": "https://www.iryou.teikyouseido.mhlw.go.jp/znk-web/juminkanja/S2430/initialize?prefCd=21&kikanCd=1342001645&kikanKbn=2", "url2": "https://gifumentalclinic.com", "内容": "岐阜メンタルクリニック【2:診療所】【診療科目:精神科_心療内科】岐阜県岐阜市若宮町５丁目１２番地　若宮ビル３Ｆ" }, "geometry": { "type": "Point", "coordinates": [ 136.757853, 35.420598 ] } },
{ "type": "Feature", "properties": { "ID": 2121342001646, "正式名称": "やまだ泌尿器科•腎臓内科クリニック", "機関区分": 2, "都道府県コード": 21, "市区町村コード": 201, "所在地": "岐阜県岐阜市西中島５丁目６番１７号", "緯度": 35.42821, "経度": 136.72065, "url": "https://www.iryou.teikyouseido.mhlw.go.jp/znk-web/juminkanja/S2430/initialize?prefCd=21&kikanCd=1342001646&kikanKbn=2", "url2": null, "内容": "やまだ泌尿器科•腎臓内科クリニック【2:診療所】【診療科目:腎臓内科_泌尿器科】岐阜県岐阜市西中島５丁目６番１７号" }, "geometry": { "type": "Point", "coordinates": [ 136.72065, 35.42821 ] } },
{ "type": "Feature", "properties": { "ID": 2121342001647, "正式名称": "フレンズクリニック岐阜", "機関区分": 2, "都道府県コード": 21, "市区町村コード": 201, "所在地": "岐阜県岐阜市芥見長山三丁目９４番地２", "緯度": 35.45363, "経度": 136.850074, "url": "https://www.iryou.teikyouseido.mhlw.go.jp/znk-web/juminkanja/S2430/initialize?prefCd=21&kikanCd=1342001647&kikanKbn=2", "url2": null, "内容": "フレンズクリニック岐阜【2:診療所】【診療科目:内科_精神科】岐阜県岐阜市芥見長山三丁目９４番地２" }, "geometry": { "type": "Point", "coordinates": [ 136.850074, 35.45363 ] } },
{ "type": "Feature", "properties": { "ID": 2121342001649, "正式名称": "かわぐちクリニック", "機関区分": 2, "都道府県コード": 21, "市区町村コード": 201, "所在地": "岐阜県岐阜市高砂町３丁目８番地", "緯度": 35.409415, "経度": 136.76329, "url": "https://www.iryou.teikyouseido.mhlw.go.jp/znk-web/juminkanja/S2430/initialize?prefCd=21&kikanCd=1342001649&kikanKbn=2", "url2": "https://kawaguchi-clinic-gifu.com/", "内容": "かわぐちクリニック【2:診療所】【診療科目:内科_脳神経内科_脳神経外科_精神科_心療内科_リハビリテーション科】岐阜県岐阜市高砂町３丁目８番地" }, "geometry": { "type": "Point", "coordinates": [ 136.76329, 35.409415 ] } },
{ "type": "Feature", "properties": { "ID": 2121342001650, "正式名称": "育誠会木野村医院", "機関区分": 2, "都道府県コード": 21, "市区町村コード": 201, "所在地": "岐阜県岐阜市鏡島西２丁目１５番２７号", "緯度": 35.408341, "経度": 136.713163, "url": "https://www.iryou.teikyouseido.mhlw.go.jp/znk-web/juminkanja/S2430/initialize?prefCd=21&kikanCd=1342001650&kikanKbn=2", "url2": "https://fdoc.jp/clinic/detail/index/id/30172/", "内容": "育誠会木野村医院【2:診療所】【診療科目:内科_小児科_皮膚科】岐阜県岐阜市鏡島西２丁目１５番２７号" }, "geometry": { "type": "Point", "coordinates": [ 136.713163, 35.408341 ] } },
{ "type": "Feature", "properties": { "ID": 2121342001651, "正式名称": "げんきの家在宅クリニック", "機関区分": 2, "都道府県コード": 21, "市区町村コード": 201, "所在地": "岐阜県岐阜市福富天神前７８−１", "緯度": 35.485615, "経度": 136.823768, "url": "https://www.iryou.teikyouseido.mhlw.go.jp/znk-web/juminkanja/S2430/initialize?prefCd=21&kikanCd=1342001651&kikanKbn=2", "url2": "http://genki-zaitaku.jp", "内容": "げんきの家在宅クリニック【2:診療所】【診療科目:内科_緩和ケア内科】岐阜県岐阜市福富天神前７８−１" }, "geometry": { "type": "Point", "coordinates": [ 136.823768, 35.485615 ] } },
{ "type": "Feature", "properties": { "ID": 2121342001653, "正式名称": "福富胃腸クリニック", "機関区分": 2, "都道府県コード": 21, "市区町村コード": 201, "所在地": "岐阜県岐阜市長住町２ー３　岐阜ビル３Ｆ", "緯度": 35.412392, "経度": 136.760143, "url": "https://www.iryou.teikyouseido.mhlw.go.jp/znk-web/juminkanja/S2430/initialize?prefCd=21&kikanCd=1342001653&kikanKbn=2", "url2": "https://www.fukutomi-icyo.com/", "内容": "福富胃腸クリニック【2:診療所】【診療科目:消化器内科_胃腸内科】岐阜県岐阜市長住町２ー３　岐阜ビル３Ｆ" }, "geometry": { "type": "Point", "coordinates": [ 136.760143, 35.412392 ] } },
{ "type": "Feature", "properties": { "ID": 2121342001654, "正式名称": "しま整形外科", "機関区分": 2, "都道府県コード": 21, "市区町村コード": 201, "所在地": "岐阜県岐阜市東島２丁目９番８号", "緯度": 35.425878, "経度": 136.737113, "url": "https://www.iryou.teikyouseido.mhlw.go.jp/znk-web/juminkanja/S2430/initialize?prefCd=21&kikanCd=1342001654&kikanKbn=2", "url2": "shimaseikei.com", "内容": "しま整形外科【2:診療所】【診療科目:整形外科_リウマチ科_リハビリテーション科】岐阜県岐阜市東島２丁目９番８号" }, "geometry": { "type": "Point", "coordinates": [ 136.737113, 35.425878 ] } },
{ "type": "Feature", "properties": { "ID": 2121342001655, "正式名称": "いわい整形外科　脊椎とリハビリのクリニック", "機関区分": 2, "都道府県コード": 21, "市区町村コード": 201, "所在地": "岐阜県岐阜市六条南３丁目１２ー１", "緯度": 35.395933, "経度": 136.741126, "url": "https://www.iryou.teikyouseido.mhlw.go.jp/znk-web/juminkanja/S2430/initialize?prefCd=21&kikanCd=1342001655&kikanKbn=2", "url2": null, "内容": "いわい整形外科　脊椎とリハビリのクリニック【2:診療所】【診療科目:ペインクリニック外科_整形外科_リハビリテーション科】岐阜県岐阜市六条南３丁目１２ー１" }, "geometry": { "type": "Point", "coordinates": [ 136.741126, 35.395933 ] } },
{ "type": "Feature", "properties": { "ID": 2121342001660, "正式名称": "すみれ医院", "機関区分": 2, "都道府県コード": 21, "市区町村コード": 201, "所在地": "岐阜県岐阜市清本町８丁目６１番地　オフィス三里Ｂ号室", "緯度": 35.404712, "経度": 136.736459, "url": "https://www.iryou.teikyouseido.mhlw.go.jp/znk-web/juminkanja/S2430/initialize?prefCd=21&kikanCd=1342001660&kikanKbn=2", "url2": null, "内容": "すみれ医院【2:診療所】【診療科目:内科_精神科】岐阜県岐阜市清本町８丁目６１番地　オフィス三里Ｂ号室" }, "geometry": { "type": "Point", "coordinates": [ 136.736459, 35.404712 ] } },
{ "type": "Feature", "properties": { "ID": 2121342001661, "正式名称": "いろはなクリニック", "機関区分": 2, "都道府県コード": 21, "市区町村コード": 201, "所在地": "岐阜県岐阜市則武東３丁目１７ー３０", "緯度": 35.443644, "経度": 136.747609, "url": "https://www.iryou.teikyouseido.mhlw.go.jp/znk-web/juminkanja/S2430/initialize?prefCd=21&kikanCd=1342001661&kikanKbn=2", "url2": "https://irohanaclinic.com/", "内容": "いろはなクリニック【2:診療所】【診療科目:内科_血液内科_小児科】岐阜県岐阜市則武東３丁目１７ー３０" }, "geometry": { "type": "Point", "coordinates": [ 136.747609, 35.443644 ] } },
{ "type": "Feature", "properties": { "ID": 2121342001663, "正式名称": "医療法人社団輝葉会　ルラ美容クリニック岐阜院", "機関区分": 2, "都道府県コード": 21, "市区町村コード": 201, "所在地": "岐阜県岐阜市神田町８丁目９－２白木ビル５階", "緯度": 35.411033, "経度": 136.759111, "url": "https://www.iryou.teikyouseido.mhlw.go.jp/znk-web/juminkanja/S2430/initialize?prefCd=21&kikanCd=1342001663&kikanKbn=2", "url2": "https://lula-gifu.com", "内容": "医療法人社団輝葉会　ルラ美容クリニック岐阜院【2:診療所】【診療科目:美容外科】岐阜県岐阜市神田町８丁目９－２白木ビル５階" }, "geometry": { "type": "Point", "coordinates": [ 136.759111, 35.411033 ] } },
{ "type": "Feature", "properties": { "ID": 2121342001669, "正式名称": "いずみクリニック", "機関区分": 2, "都道府県コード": 21, "市区町村コード": 201, "所在地": "岐阜県岐阜市鏡島西２丁目１９ー５", "緯度": 35.407955, "経度": 136.712208, "url": "https://www.iryou.teikyouseido.mhlw.go.jp/znk-web/juminkanja/S2430/initialize?prefCd=21&kikanCd=1342001669&kikanKbn=2", "url2": "https://izumilc.com/", "内容": "いずみクリニック【2:診療所】【診療科目:小児科_産婦人科】岐阜県岐阜市鏡島西２丁目１９ー５" }, "geometry": { "type": "Point", "coordinates": [ 136.712208, 35.407955 ] } },
{ "type": "Feature", "properties": { "ID": 2121342001674, "正式名称": "メンズライフクリニック岐阜院", "機関区分": 2, "都道府県コード": 21, "市区町村コード": 201, "所在地": "岐阜県岐阜市神田町９丁目２２番地パリスビル７階", "緯度": 35.41126, "経度": 136.759033, "url": "https://www.iryou.teikyouseido.mhlw.go.jp/znk-web/juminkanja/S2430/initialize?prefCd=21&kikanCd=1342001674&kikanKbn=2", "url2": null, "内容": "メンズライフクリニック岐阜院【2:診療所】【診療科目:形成外科_泌尿器科】岐阜県岐阜市神田町９丁目２２番地パリスビル７階" }, "geometry": { "type": "Point", "coordinates": [ 136.759033, 35.41126 ] } },
{ "type": "Feature", "properties": { "ID": 2121342001676, "正式名称": "岐阜しろとりクリニック", "機関区分": 2, "都道府県コード": 21, "市区町村コード": 201, "所在地": "岐阜県岐阜市城東通三丁目１８番地ラ・メゾンＮＡＣＨＩ２Ａ号室", "緯度": 35.396856, "経度": 136.765117, "url": "https://www.iryou.teikyouseido.mhlw.go.jp/znk-web/juminkanja/S2430/initialize?prefCd=21&kikanCd=1342001676&kikanKbn=2", "url2": null, "内容": "岐阜しろとりクリニック【2:診療所】【診療科目:精神科_心療内科】岐阜県岐阜市城東通三丁目１８番地ラ・メゾンＮＡＣＨＩ２Ａ号室" }, "geometry": { "type": "Point", "coordinates": [ 136.765117, 35.396856 ] } },
{ "type": "Feature", "properties": { "ID": 2121342001677, "正式名称": "ｈｕｇくむこどもクリニック", "機関区分": 2, "都道府県コード": 21, "市区町村コード": 201, "所在地": "岐阜県岐阜市鏡島西２－１６－１１", "緯度": 35.409603, "経度": 136.717014, "url": "https://www.iryou.teikyouseido.mhlw.go.jp/znk-web/juminkanja/S2430/initialize?prefCd=21&kikanCd=1342001677&kikanKbn=2", "url2": null, "内容": "ｈｕｇくむこどもクリニック【2:診療所】【診療科目:小児科】岐阜県岐阜市鏡島西２－１６－１１" }, "geometry": { "type": "Point", "coordinates": [ 136.717014, 35.409603 ] } },
{ "type": "Feature", "properties": { "ID": 2121342001687, "正式名称": "Ｋクリニック岐阜加納", "機関区分": 2, "都道府県コード": 21, "市区町村コード": 201, "所在地": "岐阜県岐阜市加納本石町１丁目２０番地１", "緯度": 35.405919, "経度": 136.749209, "url": "https://www.iryou.teikyouseido.mhlw.go.jp/znk-web/juminkanja/S2430/initialize?prefCd=21&kikanCd=1342001687&kikanKbn=2", "url2": "https://www.kclinic-gifukano.jp/", "内容": "Ｋクリニック岐阜加納【2:診療所】【診療科目:内科_糖尿病内科_内分泌内科】岐阜県岐阜市加納本石町１丁目２０番地１" }, "geometry": { "type": "Point", "coordinates": [ 136.749209, 35.405919 ] } },
{ "type": "Feature", "properties": { "ID": 2121562000621, "正式名称": "ウェルネス高井クリニック", "機関区分": 2, "都道府県コード": 21, "市区町村コード": 205, "所在地": "岐阜県関市稲口７７４－４", "緯度": 35.470478, "経度": 136.925423, "url": "https://www.iryou.teikyouseido.mhlw.go.jp/znk-web/juminkanja/S2430/initialize?prefCd=21&kikanCd=1562000621&kikanKbn=2", "url2": "http://www.meihoukai.jp/", "内容": "ウェルネス高井クリニック【2:診療所】【診療科目:内科_循環器内科_小児科_精神科_神経科_心療内科】岐阜県関市稲口７７４－４" }, "geometry": { "type": "Point", "coordinates": [ 136.925423, 35.470478 ] } },
{ "type": "Feature", "properties": { "ID": 2121562000623, "正式名称": "今峰クリニック", "機関区分": 2, "都道府県コード": 21, "市区町村コード": 205, "所在地": "岐阜県関市稲口字丸山２９５ー３", "緯度": 35.46998, "経度": 136.917196, "url": "https://www.iryou.teikyouseido.mhlw.go.jp/znk-web/juminkanja/S2430/initialize?prefCd=21&kikanCd=1562000623&kikanKbn=2", "url2": null, "内容": "今峰クリニック【2:診療所】【診療科目:内科_胃腸内科_小児科】岐阜県関市稲口字丸山２９５ー３" }, "geometry": { "type": "Point", "coordinates": [ 136.917196, 35.46998 ] } },
{ "type": "Feature", "properties": { "ID": 2121562000629, "正式名称": "医療法人社団　喜久生会　きくいけ整形外科", "機関区分": 2, "都道府県コード": 21, "市区町村コード": 205, "所在地": "岐阜県関市下有知５２３０ー１", "緯度": 35.506559, "経度": 136.911208, "url": "https://www.iryou.teikyouseido.mhlw.go.jp/znk-web/juminkanja/S2430/initialize?prefCd=21&kikanCd=1562000629&kikanKbn=2", "url2": "www.kikuikes.com", "内容": "医療法人社団　喜久生会　きくいけ整形外科【2:診療所】【診療科目:整形外科_リウマチ科_リハビリテーション科】岐阜県関市下有知５２３０ー１" }, "geometry": { "type": "Point", "coordinates": [ 136.911208, 35.506559 ] } },
{ "type": "Feature", "properties": { "ID": 2121562000635, "正式名称": "早川医院", "機関区分": 2, "都道府県コード": 21, "市区町村コード": 205, "所在地": "岐阜県関市元重町２９番地", "緯度": 35.488824, "経度": 136.913281, "url": "https://www.iryou.teikyouseido.mhlw.go.jp/znk-web/juminkanja/S2430/initialize?prefCd=21&kikanCd=1562000635&kikanKbn=2", "url2": null, "内容": "早川医院【2:診療所】【診療科目:内科_循環器内科_小児科_リハビリテーション科】岐阜県関市元重町２９番地" }, "geometry": { "type": "Point", "coordinates": [ 136.913281, 35.488824 ] } },
{ "type": "Feature", "properties": { "ID": 2121562000636, "正式名称": "桜台医院", "機関区分": 2, "都道府県コード": 21, "市区町村コード": 205, "所在地": "岐阜県関市桜台１ー６ー６", "緯度": 35.46787, "経度": 136.926966, "url": "https://www.iryou.teikyouseido.mhlw.go.jp/znk-web/juminkanja/S2430/initialize?prefCd=21&kikanCd=1562000636&kikanKbn=2", "url2": null, "内容": "桜台医院【2:診療所】【診療科目:内科_小児科_産婦人科_皮膚科】岐阜県関市桜台１ー６ー６" }, "geometry": { "type": "Point", "coordinates": [ 136.926966, 35.46787 ] } },
{ "type": "Feature", "properties": { "ID": 2121562000637, "正式名称": "きっずクリニック小児科・アレルギー科・皮膚科", "機関区分": 2, "都道府県コード": 21, "市区町村コード": 205, "所在地": "岐阜県関市山田１３１９ー１", "緯度": 35.468596, "経度": 136.869824, "url": "https://www.iryou.teikyouseido.mhlw.go.jp/znk-web/juminkanja/S2430/initialize?prefCd=21&kikanCd=1562000637&kikanKbn=2", "url2": "http://www.kids-clinic-yamada.jp", "内容": "きっずクリニック小児科・アレルギー科・皮膚科【2:診療所】【診療科目:小児科_皮膚科_アレルギー科】岐阜県関市山田１３１９ー１" }, "geometry": { "type": "Point", "coordinates": [ 136.869824, 35.468596 ] } },
{ "type": "Feature", "properties": { "ID": 2121562000638, "正式名称": "藤井クリニック", "機関区分": 2, "都道府県コード": 21, "市区町村コード": 205, "所在地": "岐阜県関市市平賀", "緯度": 35.48239, "経度": 136.936029, "url": "https://www.iryou.teikyouseido.mhlw.go.jp/znk-web/juminkanja/S2430/initialize?prefCd=21&kikanCd=1562000638&kikanKbn=2", "url2": null, "内容": "藤井クリニック【2:診療所】【診療科目:内科_消化器内科_リハビリテーション科】岐阜県関市市平賀" }, "geometry": { "type": "Point", "coordinates": [ 136.936029, 35.48239 ] } },
{ "type": "Feature", "properties": { "ID": 2121562000641, "正式名称": "真鍋内科", "機関区分": 2, "都道府県コード": 21, "市区町村コード": 205, "所在地": "岐阜県関市寿町１丁目１番２３号", "緯度": 35.477599, "経度": 136.922005, "url": "https://www.iryou.teikyouseido.mhlw.go.jp/znk-web/juminkanja/S2430/initialize?prefCd=21&kikanCd=1562000641&kikanKbn=2", "url2": "https://manabenaika.jp", "内容": "真鍋内科【2:診療所】【診療科目:内科_消化器内科_小児科】岐阜県関市寿町１丁目１番２３号" }, "geometry": { "type": "Point", "coordinates": [ 136.922005, 35.477599 ] } },
{ "type": "Feature", "properties": { "ID": 2121562000643, "正式名称": "阿知波医院", "機関区分": 2, "都道府県コード": 21, "市区町村コード": 205, "所在地": "岐阜県関市出来町１２", "緯度": 35.485899, "経度": 136.922909, "url": "https://www.iryou.teikyouseido.mhlw.go.jp/znk-web/juminkanja/S2430/initialize?prefCd=21&kikanCd=1562000643&kikanKbn=2", "url2": "http://www.achiwa-clinic.com/", "内容": "阿知波医院【2:診療所】【診療科目:内科_呼吸器内科_循環器内科_消化器内科_腎臓内科】岐阜県関市出来町１２" }, "geometry": { "type": "Point", "coordinates": [ 136.922909, 35.485899 ] } },
{ "type": "Feature", "properties": { "ID": 2121562000645, "正式名称": "大前医院おぜ診療所", "機関区分": 2, "都道府県コード": 21, "市区町村コード": 205, "所在地": "岐阜県関市小瀬５５７番地の１", "緯度": 35.499495, "経度": 136.887362, "url": "https://www.iryou.teikyouseido.mhlw.go.jp/znk-web/juminkanja/S2430/initialize?prefCd=21&kikanCd=1562000645&kikanKbn=2", "url2": null, "内容": "大前医院おぜ診療所【2:診療所】【診療科目:内科_糖尿病内科_内分泌内科_糖尿病・代謝内科_呼吸器内科_循環器内科_消化器内科_小児科_リハビリテーション科_放射線科】岐阜県関市小瀬５５７番地の１" }, "geometry": { "type": "Point", "coordinates": [ 136.887362, 35.499495 ] } },
{ "type": "Feature", "properties": { "ID": 2121562000648, "正式名称": "あずま整形外科", "機関区分": 2, "都道府県コード": 21, "市区町村コード": 205, "所在地": "岐阜県関市上白金１０６２", "緯度": 35.477589, "経度": 136.855343, "url": "https://www.iryou.teikyouseido.mhlw.go.jp/znk-web/juminkanja/S2430/initialize?prefCd=21&kikanCd=1562000648&kikanKbn=2", "url2": null, "内容": "あずま整形外科【2:診療所】【診療科目:整形外科_リウマチ科_リハビリテーション科】岐阜県関市上白金１０６２" }, "geometry": { "type": "Point", "coordinates": [ 136.855343, 35.477589 ] } },
{ "type": "Feature", "properties": { "ID": 2121562000650, "正式名称": "こがねだ診療所", "機関区分": 2, "都道府県コード": 21, "市区町村コード": 205, "所在地": "岐阜県関市上白金５１１番", "緯度": 35.482576, "経度": 136.862464, "url": "https://www.iryou.teikyouseido.mhlw.go.jp/znk-web/juminkanja/S2430/initialize?prefCd=21&kikanCd=1562000650&kikanKbn=2", "url2": "https://www.gifu-min.gr.jp/koganeda/", "内容": "こがねだ診療所【2:診療所】【診療科目:内科_小児科】岐阜県関市上白金５１１番" }, "geometry": { "type": "Point", "coordinates": [ 136.862464, 35.482576 ] } },
{ "type": "Feature", "properties": { "ID": 2121562000652, "正式名称": "医療法人社団　秀徳会　川村医院", "機関区分": 2, "都道府県コード": 21, "市区町村コード": 205, "所在地": "岐阜県関市西田原１３２１", "緯度": 35.45827, "経度": 136.946862, "url": "https://www.iryou.teikyouseido.mhlw.go.jp/znk-web/juminkanja/S2430/initialize?prefCd=21&kikanCd=1562000652&kikanKbn=2", "url2": "https://www.kawamura-iin.jp", "内容": "医療法人社団　秀徳会　川村医院【2:診療所】【診療科目:内科_循環器内科_小児科_放射線科】岐阜県関市西田原１３２１" }, "geometry": { "type": "Point", "coordinates": [ 136.946862, 35.45827 ] } },
{ "type": "Feature", "properties": { "ID": 2121562000653, "正式名称": "石原耳鼻咽喉科医院", "機関区分": 2, "都道府県コード": 21, "市区町村コード": 205, "所在地": "岐阜県関市西福野町２ー１５ー７", "緯度": 35.486522, "経度": 136.900051, "url": "https://www.iryou.teikyouseido.mhlw.go.jp/znk-web/juminkanja/S2430/initialize?prefCd=21&kikanCd=1562000653&kikanKbn=2", "url2": null, "内容": "石原耳鼻咽喉科医院【2:診療所】【診療科目:耳鼻いんこう科】岐阜県関市西福野町２ー１５ー７" }, "geometry": { "type": "Point", "coordinates": [ 136.900051, 35.486522 ] } },
{ "type": "Feature", "properties": { "ID": 2121562000655, "正式名称": "石木クリニック", "機関区分": 2, "都道府県コード": 21, "市区町村コード": 205, "所在地": "岐阜県関市西本郷通６丁目７－４１", "緯度": 35.491182, "経度": 136.922232, "url": "https://www.iryou.teikyouseido.mhlw.go.jp/znk-web/juminkanja/S2430/initialize?prefCd=21&kikanCd=1562000655&kikanKbn=2", "url2": null, "内容": "石木クリニック【2:診療所】【診療科目:内科_消化器内科_リハビリテーション科】岐阜県関市西本郷通６丁目７－４１" }, "geometry": { "type": "Point", "coordinates": [ 136.922232, 35.491182 ] } },
{ "type": "Feature", "properties": { "ID": 2121562000658, "正式名称": "せきレディースクリニック", "機関区分": 2, "都道府県コード": 21, "市区町村コード": 205, "所在地": "岐阜県関市段下２８ー２", "緯度": 35.483639, "経度": 136.898963, "url": "https://www.iryou.teikyouseido.mhlw.go.jp/znk-web/juminkanja/S2430/initialize?prefCd=21&kikanCd=1562000658&kikanKbn=2", "url2": "https://seki-ladies.jp", "内容": "せきレディースクリニック【2:診療所】【診療科目:産科_婦人科】岐阜県関市段下２８ー２" }, "geometry": { "type": "Point", "coordinates": [ 136.898963, 35.483639 ] } },
{ "type": "Feature", "properties": { "ID": 2121562000660, "正式名称": "松原耳鼻いんこう科医院", "機関区分": 2, "都道府県コード": 21, "市区町村コード": 205, "所在地": "岐阜県関市池田町１００", "緯度": 35.495155, "経度": 136.898027, "url": "https://www.iryou.teikyouseido.mhlw.go.jp/znk-web/juminkanja/S2430/initialize?prefCd=21&kikanCd=1562000660&kikanKbn=2", "url2": "･http://www.matsubara-jibiinkouka.com", "内容": "松原耳鼻いんこう科医院【2:診療所】【診療科目:耳鼻いんこう科_アレルギー科】岐阜県関市池田町１００" }, "geometry": { "type": "Point", "coordinates": [ 136.898027, 35.495155 ] } },
{ "type": "Feature", "properties": { "ID": 2121562000667, "正式名称": "林医院", "機関区分": 2, "都道府県コード": 21, "市区町村コード": 205, "所在地": "岐阜県関市平和通６－１０", "緯度": 35.483301, "経度": 136.911923, "url": "https://www.iryou.teikyouseido.mhlw.go.jp/znk-web/juminkanja/S2430/initialize?prefCd=21&kikanCd=1562000667&kikanKbn=2", "url2": null, "内容": "林医院【2:診療所】【診療科目:内科_消化器内科_胃腸内科_外科_肛門外科】岐阜県関市平和通６－１０" }, "geometry": { "type": "Point", "coordinates": [ 136.911923, 35.483301 ] } },
{ "type": "Feature", "properties": { "ID": 2121562000673, "正式名称": "田口内科クリニック", "機関区分": 2, "都道府県コード": 21, "市区町村コード": 205, "所在地": "岐阜県関市北福野町１ー１ー１３", "緯度": 35.4893, "経度": 136.902595, "url": "https://www.iryou.teikyouseido.mhlw.go.jp/znk-web/juminkanja/S2430/initialize?prefCd=21&kikanCd=1562000673&kikanKbn=2", "url2": "https://taguchi-medical-clinic.com/", "内容": "田口内科クリニック【2:診療所】【診療科目:内科_糖尿病内科_小児科_リウマチ科_リハビリテーション科】岐阜県関市北福野町１ー１ー１３" }, "geometry": { "type": "Point", "coordinates": [ 136.902595, 35.4893 ] } },
{ "type": "Feature", "properties": { "ID": 2121562000679, "正式名称": "谷口眼科", "機関区分": 2, "都道府県コード": 21, "市区町村コード": 205, "所在地": "岐阜県関市緑町２ー１ー１２", "緯度": 35.489438, "経度": 136.906706, "url": "https://www.iryou.teikyouseido.mhlw.go.jp/znk-web/juminkanja/S2430/initialize?prefCd=21&kikanCd=1562000679&kikanKbn=2", "url2": "http://www.tanigushi-ganka.biz", "内容": "谷口眼科【2:診療所】【診療科目:眼科】岐阜県関市緑町２ー１ー１２" }, "geometry": { "type": "Point", "coordinates": [ 136.906706, 35.489438 ] } },
{ "type": "Feature", "properties": { "ID": 2121562001936, "正式名称": "医療法人社団光洋会　堅田外科", "機関区分": 2, "都道府県コード": 21, "市区町村コード": 207, "所在地": "岐阜県美濃市中央１０丁目１３８番地", "緯度": 35.530509, "経度": 136.901128, "url": "https://www.iryou.teikyouseido.mhlw.go.jp/znk-web/juminkanja/S2430/initialize?prefCd=21&kikanCd=1562001936&kikanKbn=2", "url2": null, "内容": "医療法人社団光洋会　堅田外科【2:診療所】【診療科目:消化器内科_外科_肛門外科_整形外科_皮膚科_泌尿器科】岐阜県美濃市中央１０丁目１３８番地" }, "geometry": { "type": "Point", "coordinates": [ 136.901128, 35.530509 ] } },
{ "type": "Feature", "properties": { "ID": 2121562001937, "正式名称": "しのだファミリークリニック", "機関区分": 2, "都道府県コード": 21, "市区町村コード": 207, "所在地": "岐阜県美濃市生櫛", "緯度": 35.526003, "経度": 136.899734, "url": "https://www.iryou.teikyouseido.mhlw.go.jp/znk-web/juminkanja/S2430/initialize?prefCd=21&kikanCd=1562001937&kikanKbn=2", "url2": "https://shinoda-family-clinic.com", "内容": "しのだファミリークリニック【2:診療所】【診療科目:内科_循環器内科_胃腸内科_小児科_リハビリテーション科】岐阜県美濃市生櫛" }, "geometry": { "type": "Point", "coordinates": [ 136.899734, 35.526003 ] } },
{ "type": "Feature", "properties": { "ID": 2121562001972, "正式名称": "関市国民健康保険板取診療所", "機関区分": 2, "都道府県コード": 21, "市区町村コード": 205, "所在地": "岐阜県関市板取６５０３", "緯度": 35.688642, "経度": 136.811576, "url": "https://www.iryou.teikyouseido.mhlw.go.jp/znk-web/juminkanja/S2430/initialize?prefCd=21&kikanCd=1562001972&kikanKbn=2", "url2": null, "内容": "関市国民健康保険板取診療所【2:診療所】【診療科目:内科_外科_小児科_歯科_歯科口腔外科】岐阜県関市板取６５０３" }, "geometry": { "type": "Point", "coordinates": [ 136.811576, 35.688642 ] } },
{ "type": "Feature", "properties": { "ID": 2121562001975, "正式名称": "乾医院", "機関区分": 2, "都道府県コード": 21, "市区町村コード": 205, "所在地": "岐阜県関市武芸川町高野５９０ー１", "緯度": 35.523011, "経度": 136.857006, "url": "https://www.iryou.teikyouseido.mhlw.go.jp/znk-web/juminkanja/S2430/initialize?prefCd=21&kikanCd=1562001975&kikanKbn=2", "url2": null, "内容": "乾医院【2:診療所】【診療科目:内科_循環器内科_消化器内科_外科_肛門外科_小児科_リハビリテーション科_放射線科】岐阜県関市武芸川町高野５９０ー１" }, "geometry": { "type": "Point", "coordinates": [ 136.857006, 35.523011 ] } },
{ "type": "Feature", "properties": { "ID": 2121562001980, "正式名称": "平岡医院", "機関区分": 2, "都道府県コード": 21, "市区町村コード": 205, "所在地": "岐阜県関市武芸川町谷口８３４", "緯度": 35.544118, "経度": 136.82632, "url": "https://www.iryou.teikyouseido.mhlw.go.jp/znk-web/juminkanja/S2430/initialize?prefCd=21&kikanCd=1562001980&kikanKbn=2", "url2": "http://www.hiraokaiin.com", "内容": "平岡医院【2:診療所】【診療科目:内科_循環器内科_消化器内科_小児科_放射線科】岐阜県関市武芸川町谷口８３４" }, "geometry": { "type": "Point", "coordinates": [ 136.82632, 35.544118 ] } },
{ "type": "Feature", "properties": { "ID": 2121562005938, "正式名称": "やまとう内科クリニック", "機関区分": 2, "都道府県コード": 21, "市区町村コード": 205, "所在地": "岐阜県関市北仙房３７ー１", "緯度": 35.492875, "経度": 136.906153, "url": "https://www.iryou.teikyouseido.mhlw.go.jp/znk-web/juminkanja/S2430/initialize?prefCd=21&kikanCd=1562005938&kikanKbn=2", "url2": null, "内容": "やまとう内科クリニック【2:診療所】【診療科目:内科_消化器内科】岐阜県関市北仙房３７ー１" }, "geometry": { "type": "Point", "coordinates": [ 136.906153, 35.492875 ] } },
{ "type": "Feature", "properties": { "ID": 2121562005985, "正式名称": "みの長村医院", "機関区分": 2, "都道府県コード": 21, "市区町村コード": 207, "所在地": "岐阜県美濃市上条１３９０ー１", "緯度": 35.546566, "経度": 136.908039, "url": "https://www.iryou.teikyouseido.mhlw.go.jp/znk-web/juminkanja/S2430/initialize?prefCd=21&kikanCd=1562005985&kikanKbn=2", "url2": null, "内容": "みの長村医院【2:診療所】【診療科目:内科_精神科_心療内科】岐阜県美濃市上条１３９０ー１" }, "geometry": { "type": "Point", "coordinates": [ 136.908039, 35.546566 ] } },
{ "type": "Feature", "properties": { "ID": 2121562005987, "正式名称": "大高クリニック", "機関区分": 2, "都道府県コード": 21, "市区町村コード": 205, "所在地": "岐阜県関市倉知８３１", "緯度": 35.479579, "経度": 136.898526, "url": "https://www.iryou.teikyouseido.mhlw.go.jp/znk-web/juminkanja/S2430/initialize?prefCd=21&kikanCd=1562005987&kikanKbn=2", "url2": null, "内容": "大高クリニック【2:診療所】【診療科目:内科_外科】岐阜県関市倉知８３１" }, "geometry": { "type": "Point", "coordinates": [ 136.898526, 35.479579 ] } },
{ "type": "Feature", "properties": { "ID": 2121562005988, "正式名称": "下條内科クリニック", "機関区分": 2, "都道府県コード": 21, "市区町村コード": 205, "所在地": "岐阜県関市仲町６ー１３", "緯度": 35.486281, "経度": 136.928266, "url": "https://www.iryou.teikyouseido.mhlw.go.jp/znk-web/juminkanja/S2430/initialize?prefCd=21&kikanCd=1562005988&kikanKbn=2", "url2": "https://shimojo-clinic.com/", "内容": "下條内科クリニック【2:診療所】【診療科目:内科_消化器内科_リハビリテーション科】岐阜県関市仲町６ー１３" }, "geometry": { "type": "Point", "coordinates": [ 136.928266, 35.486281 ] } },
{ "type": "Feature", "properties": { "ID": 2121562006052, "正式名称": "佐曽利ひふ科医院", "機関区分": 2, "都道府県コード": 21, "市区町村コード": 205, "所在地": "岐阜県関市辻井戸町１ー１５", "緯度": 35.487759, "経度": 136.910043, "url": "https://www.iryou.teikyouseido.mhlw.go.jp/znk-web/juminkanja/S2430/initialize?prefCd=21&kikanCd=1562006052&kikanKbn=2", "url2": "https://www.sasori-hifuka.com", "内容": "佐曽利ひふ科医院【2:診療所】【診療科目:皮膚科】岐阜県関市辻井戸町１ー１５" }, "geometry": { "type": "Point", "coordinates": [ 136.910043, 35.487759 ] } },
{ "type": "Feature", "properties": { "ID": 2121562006482, "正式名称": "耳鼻咽喉科・アレルギー科　さいとうクリニック", "機関区分": 2, "都道府県コード": 21, "市区町村コード": 205, "所在地": "岐阜県関市明生町五丁目１番３９号", "緯度": 35.473131, "経度": 136.923596, "url": "https://www.iryou.teikyouseido.mhlw.go.jp/znk-web/juminkanja/S2430/initialize?prefCd=21&kikanCd=1562006482&kikanKbn=2", "url2": "https://www.saitoclinic.jp/", "内容": "耳鼻咽喉科・アレルギー科　さいとうクリニック【2:診療所】【診療科目:耳鼻いんこう科_アレルギー科】岐阜県関市明生町五丁目１番３９号" }, "geometry": { "type": "Point", "coordinates": [ 136.923596, 35.473131 ] } },
{ "type": "Feature", "properties": { "ID": 2121562006725, "正式名称": "竹内医院", "機関区分": 2, "都道府県コード": 21, "市区町村コード": 205, "所在地": "岐阜県関市下之保", "緯度": 35.544642, "経度": 136.990342, "url": "https://www.iryou.teikyouseido.mhlw.go.jp/znk-web/juminkanja/S2430/initialize?prefCd=21&kikanCd=1562006725&kikanKbn=2", "url2": null, "内容": "竹内医院【2:診療所】【診療科目:内科】岐阜県関市下之保" }, "geometry": { "type": "Point", "coordinates": [ 136.990342, 35.544642 ] } },
{ "type": "Feature", "properties": { "ID": 2121562007021, "正式名称": "岡田医院", "機関区分": 2, "都道府県コード": 21, "市区町村コード": 205, "所在地": "岐阜県関市本町５－１５", "緯度": 35.485892, "経度": 136.915256, "url": "https://www.iryou.teikyouseido.mhlw.go.jp/znk-web/juminkanja/S2430/initialize?prefCd=21&kikanCd=1562007021&kikanKbn=2", "url2": "https://okada-iin.com", "内容": "岡田医院【2:診療所】【診療科目:内科_循環器内科_外科_消化器外科_乳腺外科_肛門外科_整形外科_リハビリテーション科】岐阜県関市本町５－１５" }, "geometry": { "type": "Point", "coordinates": [ 136.915256, 35.485892 ] } },
{ "type": "Feature", "properties": { "ID": 2121562007083, "正式名称": "県北西部地域医療センター国保小那比診療所", "機関区分": 2, "都道府県コード": 21, "市区町村コード": 219, "所在地": "岐阜県郡上市八幡町小那比３１１５番地１", "緯度": 35.658938, "経度": 137.028945, "url": "https://www.iryou.teikyouseido.mhlw.go.jp/znk-web/juminkanja/S2430/initialize?prefCd=21&kikanCd=1562007083&kikanKbn=2", "url2": "http://www.gujo-tv.ne.jp/~clinic-wara/", "内容": "県北西部地域医療センター国保小那比診療所【2:診療所】【診療科目:内科】岐阜県郡上市八幡町小那比３１１５番地１" }, "geometry": { "type": "Point", "coordinates": [ 137.028945, 35.658938 ] } },
{ "type": "Feature", "properties": { "ID": 2121562007435, "正式名称": "うえむら整形外科", "機関区分": 2, "都道府県コード": 21, "市区町村コード": 219, "所在地": "岐阜県郡上市八幡町五町三丁目１５番地の１４", "緯度": 35.756661, "経度": 136.943745, "url": "https://www.iryou.teikyouseido.mhlw.go.jp/znk-web/juminkanja/S2430/initialize?prefCd=21&kikanCd=1562007435&kikanKbn=2", "url2": null, "内容": "うえむら整形外科【2:診療所】【診療科目:整形外科_リウマチ科_リハビリテーション科】岐阜県郡上市八幡町五町三丁目１５番地の１４" }, "geometry": { "type": "Point", "coordinates": [ 136.943745, 35.756661 ] } },
{ "type": "Feature", "properties": { "ID": 2121562007440, "正式名称": "医療法人すずらん会　安田医院", "機関区分": 2, "都道府県コード": 21, "市区町村コード": 205, "所在地": "岐阜県関市倉知１４８番地１", "緯度": 35.476358, "経度": 136.908583, "url": "https://www.iryou.teikyouseido.mhlw.go.jp/znk-web/juminkanja/S2430/initialize?prefCd=21&kikanCd=1562007440&kikanKbn=2", "url2": null, "内容": "医療法人すずらん会　安田医院【2:診療所】【診療科目:内科_皮膚科】岐阜県関市倉知１４８番地１" }, "geometry": { "type": "Point", "coordinates": [ 136.908583, 35.476358 ] } },
{ "type": "Feature", "properties": { "ID": 2121562007516, "正式名称": "臼井ハツラツクリニック", "機関区分": 2, "都道府県コード": 21, "市区町村コード": 205, "所在地": "岐阜県関市鋳物師屋６丁目１１番７", "緯度": 35.47113, "経度": 136.932327, "url": "https://www.iryou.teikyouseido.mhlw.go.jp/znk-web/juminkanja/S2430/initialize?prefCd=21&kikanCd=1562007516&kikanKbn=2", "url2": "http://xn--pcka3dca7bya3sla8507exf7f.jp", "内容": "臼井ハツラツクリニック【2:診療所】【診療科目:内科_呼吸器内科_循環器内科_消化器内科_アレルギー科】岐阜県関市鋳物師屋６丁目１１番７" }, "geometry": { "type": "Point", "coordinates": [ 136.932327, 35.47113 ] } },
{ "type": "Feature", "properties": { "ID": 2121562007565, "正式名称": "柳田整形外科", "機関区分": 2, "都道府県コード": 21, "市区町村コード": 205, "所在地": "岐阜県関市緑町２－１－１０", "緯度": 35.489555, "経度": 136.907158, "url": "https://www.iryou.teikyouseido.mhlw.go.jp/znk-web/juminkanja/S2430/initialize?prefCd=21&kikanCd=1562007565&kikanKbn=2", "url2": "http://www.yana-ortho.jp/", "内容": "柳田整形外科【2:診療所】【診療科目:整形外科_リウマチ科_リハビリテーション科】岐阜県関市緑町２－１－１０" }, "geometry": { "type": "Point", "coordinates": [ 136.907158, 35.489555 ] } },
{ "type": "Feature", "properties": { "ID": 2121562007578, "正式名称": "医療法人　善好会　にしだ泌尿器科クリニック", "機関区分": 2, "都道府県コード": 21, "市区町村コード": 205, "所在地": "岐阜県関市緑町２丁目１ー１０", "緯度": 35.489555, "経度": 136.907158, "url": "https://www.iryou.teikyouseido.mhlw.go.jp/znk-web/juminkanja/S2430/initialize?prefCd=21&kikanCd=1562007578&kikanKbn=2", "url2": "http://www.nishida-clinic.jp", "内容": "医療法人　善好会　にしだ泌尿器科クリニック【2:診療所】【診療科目:内科_腎臓内科_皮膚科_泌尿器科】岐阜県関市緑町２丁目１ー１０" }, "geometry": { "type": "Point", "coordinates": [ 136.907158, 35.489555 ] } },
{ "type": "Feature", "properties": { "ID": 2121562007652, "正式名称": "岡部内科", "機関区分": 2, "都道府県コード": 21, "市区町村コード": 219, "所在地": "岐阜県郡上市大和町剣８８－５", "緯度": 35.813464, "経度": 136.899742, "url": "https://www.iryou.teikyouseido.mhlw.go.jp/znk-web/juminkanja/S2430/initialize?prefCd=21&kikanCd=1562007652&kikanKbn=2", "url2": "http://www.okabe-internalmedine.com", "内容": "岡部内科【2:診療所】【診療科目:内科_消化器内科】岐阜県郡上市大和町剣８８－５" }, "geometry": { "type": "Point", "coordinates": [ 136.899742, 35.813464 ] } },
{ "type": "Feature", "properties": { "ID": 2121562007665, "正式名称": "沢崎医院", "機関区分": 2, "都道府県コード": 21, "市区町村コード": 219, "所在地": "岐阜県郡上市白鳥町為真１３０８番地１", "緯度": 35.883772, "経度": 136.862796, "url": "https://www.iryou.teikyouseido.mhlw.go.jp/znk-web/juminkanja/S2430/initialize?prefCd=21&kikanCd=1562007665&kikanKbn=2", "url2": null, "内容": "沢崎医院【2:診療所】【診療科目:内科_糖尿病内科_脂質代謝内科_呼吸器内科_老年・呼吸器内科_アレルギー疾患内科_リウマチ科】岐阜県郡上市白鳥町為真１３０８番地１" }, "geometry": { "type": "Point", "coordinates": [ 136.862796, 35.883772 ] } },
{ "type": "Feature", "properties": { "ID": 2121562007744, "正式名称": "関市国民健康保険津保川診療所", "機関区分": 2, "都道府県コード": 21, "市区町村コード": 205, "所在地": "岐阜県関市富之保１９５６番地１", "緯度": 35.584013, "経度": 137.014363, "url": "https://www.iryou.teikyouseido.mhlw.go.jp/znk-web/juminkanja/S2430/initialize?prefCd=21&kikanCd=1562007744&kikanKbn=2", "url2": "https://tsubogawa.jadecom.or.jp/", "内容": "関市国民健康保険津保川診療所【2:診療所】【診療科目:内科_外科_小児科】岐阜県関市富之保１９５６番地１" }, "geometry": { "type": "Point", "coordinates": [ 137.014363, 35.584013 ] } },
{ "type": "Feature", "properties": { "ID": 2121562007838, "正式名称": "さわやか内科クリニック", "機関区分": 2, "都道府県コード": 21, "市区町村コード": 205, "所在地": "岐阜県関市山田８２３ー１", "緯度": 35.469514, "経度": 136.860883, "url": "https://www.iryou.teikyouseido.mhlw.go.jp/znk-web/juminkanja/S2430/initialize?prefCd=21&kikanCd=1562007838&kikanKbn=2", "url2": "http://www.soyokaze-sawayaka.com", "内容": "さわやか内科クリニック【2:診療所】【診療科目:内科_循環器内科_消化器内科_皮膚科】岐阜県関市山田８２３ー１" }, "geometry": { "type": "Point", "coordinates": [ 136.860883, 35.469514 ] } },
{ "type": "Feature", "properties": { "ID": 2121562007906, "正式名称": "青山内科", "機関区分": 2, "都道府県コード": 21, "市区町村コード": 205, "所在地": "岐阜県関市関口町２丁目１番４３号", "緯度": 35.480559, "経度": 136.930111, "url": "https://www.iryou.teikyouseido.mhlw.go.jp/znk-web/juminkanja/S2430/initialize?prefCd=21&kikanCd=1562007906&kikanKbn=2", "url2": null, "内容": "青山内科【2:診療所】【診療科目:内科_小児科】岐阜県関市関口町２丁目１番４３号" }, "geometry": { "type": "Point", "coordinates": [ 136.930111, 35.480559 ] } },
{ "type": "Feature", "properties": { "ID": 2121562007927, "正式名称": "かただ眼科クリニック", "機関区分": 2, "都道府県コード": 21, "市区町村コード": 207, "所在地": "岐阜県美濃市中央１０丁目１４１", "緯度": 35.530696, "経度": 136.901073, "url": "https://www.iryou.teikyouseido.mhlw.go.jp/znk-web/juminkanja/S2430/initialize?prefCd=21&kikanCd=1562007927&kikanKbn=2", "url2": "http://katada-eyeclinic.jp", "内容": "かただ眼科クリニック【2:診療所】【診療科目:眼科】岐阜県美濃市中央１０丁目１４１" }, "geometry": { "type": "Point", "coordinates": [ 136.901073, 35.530696 ] } },
{ "type": "Feature", "properties": { "ID": 2121562008071, "正式名称": "こんどう眼科クリニック", "機関区分": 2, "都道府県コード": 21, "市区町村コード": 205, "所在地": "岐阜県関市平成通２－７－３３", "緯度": 35.470153, "経度": 136.935174, "url": "https://www.iryou.teikyouseido.mhlw.go.jp/znk-web/juminkanja/S2430/initialize?prefCd=21&kikanCd=1562008071&kikanKbn=2", "url2": "http://www.kondo-eye.com", "内容": "こんどう眼科クリニック【2:診療所】【診療科目:眼科】岐阜県関市平成通２－７－３３" }, "geometry": { "type": "Point", "coordinates": [ 136.935174, 35.470153 ] } },
{ "type": "Feature", "properties": { "ID": 2121562008459, "正式名称": "まなべ整形外科・皮フ科", "機関区分": 2, "都道府県コード": 21, "市区町村コード": 205, "所在地": "岐阜県関市旭ヶ丘二丁目２番１８号", "緯度": 35.482823, "経度": 136.928049, "url": "https://www.iryou.teikyouseido.mhlw.go.jp/znk-web/juminkanja/S2430/initialize?prefCd=21&kikanCd=1562008459&kikanKbn=2", "url2": "manabe-cl.jjp", "内容": "まなべ整形外科・皮フ科【2:診療所】【診療科目:整形外科_皮膚科_リハビリテーション科】岐阜県関市旭ヶ丘二丁目２番１８号" }, "geometry": { "type": "Point", "coordinates": [ 136.928049, 35.482823 ] } },
{ "type": "Feature", "properties": { "ID": 2121562008538, "正式名称": "関市国民健康保険洞戸診療所", "機関区分": 2, "都道府県コード": 21, "市区町村コード": 205, "所在地": "岐阜県関市洞戸市場２９２番地３", "緯度": 35.603737, "経度": 136.817365, "url": "https://www.iryou.teikyouseido.mhlw.go.jp/znk-web/juminkanja/S2430/initialize?prefCd=21&kikanCd=1562008538&kikanKbn=2", "url2": null, "内容": "関市国民健康保険洞戸診療所【2:診療所】【診療科目:内科_外科_整形外科_歯科】岐阜県関市洞戸市場２９２番地３" }, "geometry": { "type": "Point", "coordinates": [ 136.817365, 35.603737 ] } },
{ "type": "Feature", "properties": { "ID": 2121562008604, "正式名称": "あい　Ｄｅｎｔａｌ．Ｍｅｄｉｃａｌ　Ｃｌｉｎｉｃ", "機関区分": 2, "都道府県コード": 21, "市区町村コード": 205, "所在地": "岐阜県関市山田９７９ー１", "緯度": 35.469767, "経度": 136.868073, "url": "https://www.iryou.teikyouseido.mhlw.go.jp/znk-web/juminkanja/S2430/initialize?prefCd=21&kikanCd=1562008604&kikanKbn=2", "url2": "https://www.jion-med-seki.com", "内容": "あい　Ｄｅｎｔａｌ．Ｍｅｄｉｃａｌ　Ｃｌｉｎｉｃ【2:診療所】【診療科目:内科_漢方内科_小児科_精神科_心療内科_歯科_小児歯科_アレルギー科】岐阜県関市山田９７９ー１" }, "geometry": { "type": "Point", "coordinates": [ 136.868073, 35.469767 ] } },
{ "type": "Feature", "properties": { "ID": 2121562008658, "正式名称": "佐野内科クリニック", "機関区分": 2, "都道府県コード": 21, "市区町村コード": 205, "所在地": "岐阜県関市中福野町５ー２９", "緯度": 35.48705, "経度": 136.903784, "url": "https://www.iryou.teikyouseido.mhlw.go.jp/znk-web/juminkanja/S2430/initialize?prefCd=21&kikanCd=1562008658&kikanKbn=2", "url2": "http://sanonaikacl.com/", "内容": "佐野内科クリニック【2:診療所】【診療科目:内科_糖尿病内科_呼吸器内科_循環器内科_消化器内科_小児科】岐阜県関市中福野町５ー２９" }, "geometry": { "type": "Point", "coordinates": [ 136.903784, 35.48705 ] } },
{ "type": "Feature", "properties": { "ID": 2121562008735, "正式名称": "みうら内科・糖尿病クリニック", "機関区分": 2, "都道府県コード": 21, "市区町村コード": 207, "所在地": "岐阜県美濃市松栄町", "緯度": 35.530299, "経度": 136.911374, "url": "https://www.iryou.teikyouseido.mhlw.go.jp/znk-web/juminkanja/S2430/initialize?prefCd=21&kikanCd=1562008735&kikanKbn=2", "url2": "website2.infomity.net/8250000197/", "内容": "みうら内科・糖尿病クリニック【2:診療所】【診療科目:内科_糖尿病内科_小児科】岐阜県美濃市松栄町" }, "geometry": { "type": "Point", "coordinates": [ 136.911374, 35.530299 ] } },
{ "type": "Feature", "properties": { "ID": 2121562008758, "正式名称": "恵みクリニック", "機関区分": 2, "都道府県コード": 21, "市区町村コード": 205, "所在地": "岐阜県関市小屋名五反田１４６０番地", "緯度": 35.486109, "経度": 136.873603, "url": "https://www.iryou.teikyouseido.mhlw.go.jp/znk-web/juminkanja/S2430/initialize?prefCd=21&kikanCd=1562008758&kikanKbn=2", "url2": "http://magumiclinic-gifu.com", "内容": "恵みクリニック【2:診療所】【診療科目:内科_循環器内科_緩和ケア内科_小児科】岐阜県関市小屋名五反田１４６０番地" }, "geometry": { "type": "Point", "coordinates": [ 136.873603, 35.486109 ] } },
{ "type": "Feature", "properties": { "ID": 2121562008765, "正式名称": "おおすが内科クリニック", "機関区分": 2, "都道府県コード": 21, "市区町村コード": 205, "所在地": "岐阜県関市笠屋１丁目８０番地", "緯度": 35.476754, "経度": 136.938099, "url": "https://www.iryou.teikyouseido.mhlw.go.jp/znk-web/juminkanja/S2430/initialize?prefCd=21&kikanCd=1562008765&kikanKbn=2", "url2": "http://osuga-clinic.com", "内容": "おおすが内科クリニック【2:診療所】【診療科目:内科_呼吸器内科_小児科_アレルギー科】岐阜県関市笠屋１丁目８０番地" }, "geometry": { "type": "Point", "coordinates": [ 136.938099, 35.476754 ] } },
{ "type": "Feature", "properties": { "ID": 2121562008851, "正式名称": "多田こどもクリニック", "機関区分": 2, "都道府県コード": 21, "市区町村コード": 205, "所在地": "岐阜県関市東貸上８番地", "緯度": 35.493706, "経度": 136.911692, "url": "https://www.iryou.teikyouseido.mhlw.go.jp/znk-web/juminkanja/S2430/initialize?prefCd=21&kikanCd=1562008851&kikanKbn=2", "url2": "http://tada-kodomo.ckinic/", "内容": "多田こどもクリニック【2:診療所】【診療科目:小児科_小児内分泌内科_アレルギー科】岐阜県関市東貸上８番地" }, "geometry": { "type": "Point", "coordinates": [ 136.911692, 35.493706 ] } },
{ "type": "Feature", "properties": { "ID": 2121562009110, "正式名称": "えんどう歯科・矯正歯科クリニック", "機関区分": 2, "都道府県コード": 21, "市区町村コード": 205, "所在地": "岐阜県関市西本郷通２－２－１７", "緯度": 35.493122, "経度": 136.913563, "url": "https://www.iryou.teikyouseido.mhlw.go.jp/znk-web/juminkanja/S2430/initialize?prefCd=21&kikanCd=1562009110&kikanKbn=2", "url2": "https://www.endo-dc.net", "内容": "えんどう歯科・矯正歯科クリニック【2:診療所】【診療科目:美容外科_歯科_矯正歯科_歯科口腔外科_小児歯科_小児矯正歯科】岐阜県関市西本郷通２－２－１７" }, "geometry": { "type": "Point", "coordinates": [ 136.913563, 35.493122 ] } },
{ "type": "Feature", "properties": { "ID": 2121562009187, "正式名称": "ふるた内科クリニック", "機関区分": 2, "都道府県コード": 21, "市区町村コード": 207, "所在地": "岐阜県美濃市蕨生字浅野１４３番地５", "緯度": 35.583788, "経度": 136.896802, "url": "https://www.iryou.teikyouseido.mhlw.go.jp/znk-web/juminkanja/S2430/initialize?prefCd=21&kikanCd=1562009187&kikanKbn=2", "url2": "https://furuta-medical.jp", "内容": "ふるた内科クリニック【2:診療所】【診療科目:内科_小児科】岐阜県美濃市蕨生字浅野１４３番地５" }, "geometry": { "type": "Point", "coordinates": [ 136.896802, 35.583788 ] } },
{ "type": "Feature", "properties": { "ID": 2121562009255, "正式名称": "おつじ内科クリニック", "機関区分": 2, "都道府県コード": 21, "市区町村コード": 205, "所在地": "岐阜県関市下有知５２２６番地１", "緯度": 35.50642, "経度": 136.91091, "url": "https://www.iryou.teikyouseido.mhlw.go.jp/znk-web/juminkanja/S2430/initialize?prefCd=21&kikanCd=1562009255&kikanKbn=2", "url2": "https://otsugi-naika.com", "内容": "おつじ内科クリニック【2:診療所】【診療科目:内科_消化器内科_肛門内科】岐阜県関市下有知５２２６番地１" }, "geometry": { "type": "Point", "coordinates": [ 136.91091, 35.50642 ] } },
{ "type": "Feature", "properties": { "ID": 2121562009257, "正式名称": "はやし耳鼻いんこう科", "機関区分": 2, "都道府県コード": 21, "市区町村コード": 219, "所在地": "岐阜県郡上市八幡町中坪", "緯度": 35.758126, "経度": 136.952546, "url": "https://www.iryou.teikyouseido.mhlw.go.jp/znk-web/juminkanja/S2430/initialize?prefCd=21&kikanCd=1562009257&kikanKbn=2", "url2": "www.hayashi-oto.com", "内容": "はやし耳鼻いんこう科【2:診療所】【診療科目:耳鼻いんこう科】岐阜県郡上市八幡町中坪" }, "geometry": { "type": "Point", "coordinates": [ 136.952546, 35.758126 ] } },
{ "type": "Feature", "properties": { "ID": 2121562009527, "正式名称": "しまでらメディカルクリニック", "機関区分": 2, "都道府県コード": 21, "市区町村コード": 205, "所在地": "岐阜県関市小屋名８４９ー１", "緯度": 35.488707, "経度": 136.87179, "url": "https://www.iryou.teikyouseido.mhlw.go.jp/znk-web/juminkanja/S2430/initialize?prefCd=21&kikanCd=1562009527&kikanKbn=2", "url2": "https://sshimadera.wixsite.com/website", "内容": "しまでらメディカルクリニック【2:診療所】【診療科目:内科_外科_小児科_小児外科】岐阜県関市小屋名８４９ー１" }, "geometry": { "type": "Point", "coordinates": [ 136.87179, 35.488707 ] } },
{ "type": "Feature", "properties": { "ID": 2121562009570, "正式名称": "医療法人社団　福寿会　石井医院", "機関区分": 2, "都道府県コード": 21, "市区町村コード": 219, "所在地": "岐阜県郡上市白鳥町白鳥４１５番地１", "緯度": 35.887851, "経度": 136.859766, "url": "https://www.iryou.teikyouseido.mhlw.go.jp/znk-web/juminkanja/S2430/initialize?prefCd=21&kikanCd=1562009570&kikanKbn=2", "url2": "https://www.fukuju-kai.com", "内容": "医療法人社団　福寿会　石井医院【2:診療所】【診療科目:内科_脳神経内科_神経内科_小児科】岐阜県郡上市白鳥町白鳥４１５番地１" }, "geometry": { "type": "Point", "coordinates": [ 136.859766, 35.887851 ] } },
{ "type": "Feature", "properties": { "ID": 2121562009803, "正式名称": "ふじわらみなみ診療所", "機関区分": 2, "都道府県コード": 21, "市区町村コード": 219, "所在地": "岐阜県郡上市美並町白山９４０", "緯度": 35.657726, "経度": 136.957157, "url": "https://www.iryou.teikyouseido.mhlw.go.jp/znk-web/juminkanja/S2430/initialize?prefCd=21&kikanCd=1562009803&kikanKbn=2", "url2": "https://f-minami.com/", "内容": "ふじわらみなみ診療所【2:診療所】【診療科目:内科_外科_小児科_皮膚科】岐阜県郡上市美並町白山９４０" }, "geometry": { "type": "Point", "coordinates": [ 136.957157, 35.657726 ] } },
{ "type": "Feature", "properties": { "ID": 2121562009825, "正式名称": "総合在宅医療クリニックみの", "機関区分": 2, "都道府県コード": 21, "市区町村コード": 207, "所在地": "岐阜県美濃市相生町２２４０－２　ＷＡＳＩＴＡ　ＭＩＮＯ　Ｒｏｏｍ００", "緯度": 35.544868, "経度": 136.913681, "url": "https://www.iryou.teikyouseido.mhlw.go.jp/znk-web/juminkanja/S2430/initialize?prefCd=21&kikanCd=1562009825&kikanKbn=2", "url2": "https://mino.sogo-zaitaku.jp", "内容": "総合在宅医療クリニックみの【2:診療所】【診療科目:内科】岐阜県美濃市相生町２２４０－２　ＷＡＳＩＴＡ　ＭＩＮＯ　Ｒｏｏｍ００" }, "geometry": { "type": "Point", "coordinates": [ 136.913681, 35.544868 ] } },
{ "type": "Feature", "properties": { "ID": 2121562009839, "正式名称": "おだがき内科・内視鏡クリニック", "機関区分": 2, "都道府県コード": 21, "市区町村コード": 219, "所在地": "岐阜県郡上市八幡町島谷１５２４－１５", "緯度": 35.747236, "経度": 136.948731, "url": "https://www.iryou.teikyouseido.mhlw.go.jp/znk-web/juminkanja/S2430/initialize?prefCd=21&kikanCd=1562009839&kikanKbn=2", "url2": "https://odagaki-cl.com/", "内容": "おだがき内科・内視鏡クリニック【2:診療所】【診療科目:内科_消化器内科】岐阜県郡上市八幡町島谷１５２４－１５" }, "geometry": { "type": "Point", "coordinates": [ 136.948731, 35.747236 ] } },
{ "type": "Feature", "properties": { "ID": 2121562009849, "正式名称": "関セントラル眼科", "機関区分": 2, "都道府県コード": 21, "市区町村コード": 205, "所在地": "岐阜県関市倉知５１６マーゴ本館３Ｆ", "緯度": 35.478273, "経度": 136.900313, "url": "https://www.iryou.teikyouseido.mhlw.go.jp/znk-web/juminkanja/S2430/initialize?prefCd=21&kikanCd=1562009849&kikanKbn=2", "url2": "https://www.seki-central-eye.com/", "内容": "関セントラル眼科【2:診療所】【診療科目:眼科】岐阜県関市倉知５１６マーゴ本館３Ｆ" }, "geometry": { "type": "Point", "coordinates": [ 136.900313, 35.478273 ] } },
{ "type": "Feature", "properties": { "ID": 2121562009872, "正式名称": "郡上こどもと地域のクリニック", "機関区分": 2, "都道府県コード": 21, "市区町村コード": 219, "所在地": "岐阜県郡上市八幡町小野字ヒツツリ６２番地３", "緯度": 35.757347, "経度": 136.97102, "url": "https://www.iryou.teikyouseido.mhlw.go.jp/znk-web/juminkanja/S2430/initialize?prefCd=21&kikanCd=1562009872&kikanKbn=2", "url2": "https://gujo-kodomo.com/", "内容": "郡上こどもと地域のクリニック【2:診療所】【診療科目:内科_小児科_アレルギー科】岐阜県郡上市八幡町小野字ヒツツリ６２番地３" }, "geometry": { "type": "Point", "coordinates": [ 136.97102, 35.757347 ] } },
{ "type": "Feature", "properties": { "ID": 2121562009943, "正式名称": "関すぎやま内科・内視鏡クリニック", "機関区分": 2, "都道府県コード": 21, "市区町村コード": 205, "所在地": "岐阜県関市緑ケ丘２丁目４番３－４号", "緯度": 35.493418, "経度": 136.900475, "url": "https://www.iryou.teikyouseido.mhlw.go.jp/znk-web/juminkanja/S2430/initialize?prefCd=21&kikanCd=1562009943&kikanKbn=2", "url2": "https://www.sugiyama-naishikyo.com/", "内容": "関すぎやま内科・内視鏡クリニック【2:診療所】【診療科目:内科_消化器内科_内視鏡内科_小児科】岐阜県関市緑ケ丘２丁目４番３－４号" }, "geometry": { "type": "Point", "coordinates": [ 136.900475, 35.493418 ] } },
{ "type": "Feature", "properties": { "ID": 2121562009959, "正式名称": "美濃整形外科", "機関区分": 2, "都道府県コード": 21, "市区町村コード": 207, "所在地": "岐阜県美濃市松森２１５－５", "緯度": 35.529142, "経度": 136.905267, "url": "https://www.iryou.teikyouseido.mhlw.go.jp/znk-web/juminkanja/S2430/initialize?prefCd=21&kikanCd=1562009959&kikanKbn=2", "url2": null, "内容": "美濃整形外科【2:診療所】【診療科目:内科_整形外科_リハビリテーション科】岐阜県美濃市松森２１５－５" }, "geometry": { "type": "Point", "coordinates": [ 136.905267, 35.529142 ] } },
{ "type": "Feature", "properties": { "ID": 2121562010093, "正式名称": "てらしまクリニック", "機関区分": 2, "都道府県コード": 21, "市区町村コード": 207, "所在地": "岐阜県美濃市２９３２－１", "緯度": 35.541232, "経度": 136.913897, "url": "https://www.iryou.teikyouseido.mhlw.go.jp/znk-web/juminkanja/S2430/initialize?prefCd=21&kikanCd=1562010093&kikanKbn=2", "url2": null, "内容": "てらしまクリニック【2:診療所】【診療科目:内科_循環器内科】岐阜県美濃市２９３２－１" }, "geometry": { "type": "Point", "coordinates": [ 136.913897, 35.541232 ] } },
{ "type": "Feature", "properties": { "ID": 2121592001467, "正式名称": "道しるべ", "機関区分": 2, "都道府県コード": 21, "市区町村コード": 208, "所在地": "岐阜県瑞浪市一色町１ー１９ー１", "緯度": 35.361717, "経度": 137.249573, "url": "https://www.iryou.teikyouseido.mhlw.go.jp/znk-web/juminkanja/S2430/initialize?prefCd=21&kikanCd=1592001467&kikanKbn=2", "url2": null, "内容": "道しるべ【2:診療所】【診療科目:内科】岐阜県瑞浪市一色町１ー１９ー１" }, "geometry": { "type": "Point", "coordinates": [ 137.249573, 35.361717 ] } },
{ "type": "Feature", "properties": { "ID": 2121592001468, "正式名称": "嶋﨑内科医院", "機関区分": 2, "都道府県コード": 21, "市区町村コード": 208, "所在地": "岐阜県瑞浪市一色町２丁目６０", "緯度": 35.3597, "経度": 137.249375, "url": "https://www.iryou.teikyouseido.mhlw.go.jp/znk-web/juminkanja/S2430/initialize?prefCd=21&kikanCd=1592001468&kikanKbn=2", "url2": null, "内容": "嶋﨑内科医院【2:診療所】【診療科目:内科_糖尿病内科】岐阜県瑞浪市一色町２丁目６０" }, "geometry": { "type": "Point", "coordinates": [ 137.249375, 35.3597 ] } },
{ "type": "Feature", "properties": { "ID": 2121592001469, "正式名称": "勝股医院", "機関区分": 2, "都道府県コード": 21, "市区町村コード": 208, "所在地": "岐阜県瑞浪市稲津町小里", "緯度": 35.349025, "経度": 137.273512, "url": "https://www.iryou.teikyouseido.mhlw.go.jp/znk-web/juminkanja/S2430/initialize?prefCd=21&kikanCd=1592001469&kikanKbn=2", "url2": null, "内容": "勝股医院【2:診療所】【診療科目:内科_糖尿病内科_循環器内科_消化器内科_小児科_リハビリテーション科】岐阜県瑞浪市稲津町小里" }, "geometry": { "type": "Point", "coordinates": [ 137.273512, 35.349025 ] } },
{ "type": "Feature", "properties": { "ID": 2121592001476, "正式名称": "医療法人　晴眞会　宮川クリニック", "機関区分": 2, "都道府県コード": 21, "市区町村コード": 208, "所在地": "岐阜県瑞浪市宮前町２ー３８", "緯度": 35.364876, "経度": 137.24704, "url": "https://www.iryou.teikyouseido.mhlw.go.jp/znk-web/juminkanja/S2430/initialize?prefCd=21&kikanCd=1592001476&kikanKbn=2", "url2": "https://miyagawa-derma.jp", "内容": "医療法人　晴眞会　宮川クリニック【2:診療所】【診療科目:皮膚科_歯科】岐阜県瑞浪市宮前町２ー３８" }, "geometry": { "type": "Point", "coordinates": [ 137.24704, 35.364876 ] } },
{ "type": "Feature", "properties": { "ID": 2121592001479, "正式名称": "医療法人小鉄会わだ内科外科クリニック", "機関区分": 2, "都道府県コード": 21, "市区町村コード": 208, "所在地": "岐阜県瑞浪市山田町字大坪６７１ー１１", "緯度": 35.34869, "経度": 137.249376, "url": "https://www.iryou.teikyouseido.mhlw.go.jp/znk-web/juminkanja/S2430/initialize?prefCd=21&kikanCd=1592001479&kikanKbn=2", "url2": "http://doctorsfile.jp/h/138788/", "内容": "医療法人小鉄会わだ内科外科クリニック【2:診療所】【診療科目:内科_心臓内科_消化器内科_外科_乳腺外科_皮膚科_リハビリテーション科】岐阜県瑞浪市山田町字大坪６７１ー１１" }, "geometry": { "type": "Point", "coordinates": [ 137.249376, 35.34869 ] } },
{ "type": "Feature", "properties": { "ID": 2121592001480, "正式名称": "セオ医院", "機関区分": 2, "都道府県コード": 21, "市区町村コード": 208, "所在地": "岐阜県瑞浪市寺河戸町１２１２ー６", "緯度": 35.36896, "経度": 137.250858, "url": "https://www.iryou.teikyouseido.mhlw.go.jp/znk-web/juminkanja/S2430/initialize?prefCd=21&kikanCd=1592001480&kikanKbn=2", "url2": null, "内容": "セオ医院【2:診療所】【診療科目:内科_小児科_アレルギー科】岐阜県瑞浪市寺河戸町１２１２ー６" }, "geometry": { "type": "Point", "coordinates": [ 137.250858, 35.36896 ] } },
{ "type": "Feature", "properties": { "ID": 2121592001484, "正式名称": "とよだ小児科クリニック", "機関区分": 2, "都道府県コード": 21, "市区町村コード": 208, "所在地": "岐阜県瑞浪市北小田町２ー１５９", "緯度": 35.358386, "経度": 137.244357, "url": "https://www.iryou.teikyouseido.mhlw.go.jp/znk-web/juminkanja/S2430/initialize?prefCd=21&kikanCd=1592001484&kikanKbn=2", "url2": null, "内容": "とよだ小児科クリニック【2:診療所】【診療科目:小児科_アレルギー科】岐阜県瑞浪市北小田町２ー１５９" }, "geometry": { "type": "Point", "coordinates": [ 137.244357, 35.358386 ] } },
{ "type": "Feature", "properties": { "ID": 2121592001499, "正式名称": "岩島医院", "機関区分": 2, "都道府県コード": 21, "市区町村コード": 208, "所在地": "岐阜県瑞浪市南小田町１ー１２０", "緯度": 35.356749, "経度": 137.244027, "url": "https://www.iryou.teikyouseido.mhlw.go.jp/znk-web/juminkanja/S2430/initialize?prefCd=21&kikanCd=1592001499&kikanKbn=2", "url2": "https://www.clinic-iwashima.com/", "内容": "岩島医院【2:診療所】【診療科目:内科_呼吸器内科】岐阜県瑞浪市南小田町１ー１２０" }, "geometry": { "type": "Point", "coordinates": [ 137.244027, 35.356749 ] } },
{ "type": "Feature", "properties": { "ID": 2121592001501, "正式名称": "かとう眼科クリニック", "機関区分": 2, "都道府県コード": 21, "市区町村コード": 208, "所在地": "岐阜県瑞浪市南小田町２丁目８番地", "緯度": 35.354548, "経度": 137.245121, "url": "https://www.iryou.teikyouseido.mhlw.go.jp/znk-web/juminkanja/S2430/initialize?prefCd=21&kikanCd=1592001501&kikanKbn=2", "url2": "https://kato-eye-clinic.jp", "内容": "かとう眼科クリニック【2:診療所】【診療科目:眼科】岐阜県瑞浪市南小田町２丁目８番地" }, "geometry": { "type": "Point", "coordinates": [ 137.245121, 35.354548 ] } },
{ "type": "Feature", "properties": { "ID": 2121592001503, "正式名称": "広瀬クリニック", "機関区分": 2, "都道府県コード": 21, "市区町村コード": 208, "所在地": "岐阜県瑞浪市穂並２丁目１１９番地", "緯度": 35.354942, "経度": 137.245832, "url": "https://www.iryou.teikyouseido.mhlw.go.jp/znk-web/juminkanja/S2430/initialize?prefCd=21&kikanCd=1592001503&kikanKbn=2", "url2": null, "内容": "広瀬クリニック【2:診療所】【診療科目:内科_呼吸器内科_小児科_アレルギー科】岐阜県瑞浪市穂並２丁目１１９番地" }, "geometry": { "type": "Point", "coordinates": [ 137.245832, 35.354942 ] } },
{ "type": "Feature", "properties": { "ID": 2121592001505, "正式名称": "明生クリニック", "機関区分": 2, "都道府県コード": 21, "市区町村コード": 208, "所在地": "岐阜県瑞浪市北小田町２ー１９８", "緯度": 35.359367, "経度": 137.244316, "url": "https://www.iryou.teikyouseido.mhlw.go.jp/znk-web/juminkanja/S2430/initialize?prefCd=21&kikanCd=1592001505&kikanKbn=2", "url2": "https://meiseiclinic.jp", "内容": "明生クリニック【2:診療所】【診療科目:内科_消化器内科_内視鏡内科】岐阜県瑞浪市北小田町２ー１９８" }, "geometry": { "type": "Point", "coordinates": [ 137.244316, 35.359367 ] } },
{ "type": "Feature", "properties": { "ID": 2121592001513, "正式名称": "小林医院", "機関区分": 2, "都道府県コード": 21, "市区町村コード": 204, "所在地": "岐阜県多治見市旭ケ丘８ー２９ー５", "緯度": 35.365845, "経度": 137.103989, "url": "https://www.iryou.teikyouseido.mhlw.go.jp/znk-web/juminkanja/S2430/initialize?prefCd=21&kikanCd=1592001513&kikanKbn=2", "url2": null, "内容": "小林医院【2:診療所】【診療科目:内科_小児科】岐阜県多治見市旭ケ丘８ー２９ー５" }, "geometry": { "type": "Point", "coordinates": [ 137.103989, 35.365845 ] } },
{ "type": "Feature", "properties": { "ID": 2121592001514, "正式名称": "林内科クリニック", "機関区分": 2, "都道府県コード": 21, "市区町村コード": 204, "所在地": "岐阜県多治見市栄町１丁目３６番地", "緯度": 35.332428, "経度": 137.121747, "url": "https://www.iryou.teikyouseido.mhlw.go.jp/znk-web/juminkanja/S2430/initialize?prefCd=21&kikanCd=1592001514&kikanKbn=2", "url2": null, "内容": "林内科クリニック【2:診療所】【診療科目:内科_神経内科】岐阜県多治見市栄町１丁目３６番地" }, "geometry": { "type": "Point", "coordinates": [ 137.121747, 35.332428 ] } },
{ "type": "Feature", "properties": { "ID": 2121592001515, "正式名称": "栄皮膚科医院", "機関区分": 2, "都道府県コード": 21, "市区町村コード": 204, "所在地": "岐阜県多治見市栄町３丁目３３番地", "緯度": 35.333175, "経度": 137.123374, "url": "https://www.iryou.teikyouseido.mhlw.go.jp/znk-web/juminkanja/S2430/initialize?prefCd=21&kikanCd=1592001515&kikanKbn=2", "url2": null, "内容": "栄皮膚科医院【2:診療所】【診療科目:皮膚科】岐阜県多治見市栄町３丁目３３番地" }, "geometry": { "type": "Point", "coordinates": [ 137.123374, 35.333175 ] } },
{ "type": "Feature", "properties": { "ID": 2121592001516, "正式名称": "水田クリニック", "機関区分": 2, "都道府県コード": 21, "市区町村コード": 204, "所在地": "岐阜県多治見市音羽町１－２８", "緯度": 35.337228, "経度": 137.118315, "url": "https://www.iryou.teikyouseido.mhlw.go.jp/znk-web/juminkanja/S2430/initialize?prefCd=21&kikanCd=1592001516&kikanKbn=2", "url2": null, "内容": "水田クリニック【2:診療所】【診療科目:内科_呼吸器内科_外科】岐阜県多治見市音羽町１－２８" }, "geometry": { "type": "Point", "coordinates": [ 137.118315, 35.337228 ] } },
{ "type": "Feature", "properties": { "ID": 2121592001517, "正式名称": "多治見クリニック", "機関区分": 2, "都道府県コード": 21, "市区町村コード": 204, "所在地": "岐阜県多治見市音羽町", "緯度": 35.33428, "経度": 137.117388, "url": "https://www.iryou.teikyouseido.mhlw.go.jp/znk-web/juminkanja/S2430/initialize?prefCd=21&kikanCd=1592001517&kikanKbn=2", "url2": "http://www.hakuyoukai.or.jp/tc/index.html", "内容": "多治見クリニック【2:診療所】【診療科目:循環器内科_消化器内科_腎臓内科_人工透析内科】岐阜県多治見市音羽町" }, "geometry": { "type": "Point", "coordinates": [ 137.117388, 35.33428 ] } },
{ "type": "Feature", "properties": { "ID": 2121592001519, "正式名称": "医療法人社団照隅会　希望ヶ丘クリニック", "機関区分": 2, "都道府県コード": 21, "市区町村コード": 204, "所在地": "岐阜県多治見市希望ヶ丘４丁目５８番地", "緯度": 35.367715, "経度": 137.117953, "url": "https://www.iryou.teikyouseido.mhlw.go.jp/znk-web/juminkanja/S2430/initialize?prefCd=21&kikanCd=1592001519&kikanKbn=2", "url2": "http://www.kibogaoka.or.jp", "内容": "医療法人社団照隅会　希望ヶ丘クリニック【2:診療所】【診療科目:内科_小児科】岐阜県多治見市希望ヶ丘４丁目５８番地" }, "geometry": { "type": "Point", "coordinates": [ 137.117953, 35.367715 ] } },
{ "type": "Feature", "properties": { "ID": 2121592001522, "正式名称": "池庭医院", "機関区分": 2, "都道府県コード": 21, "市区町村コード": 204, "所在地": "岐阜県多治見市宮前町２－１６", "緯度": 35.337337, "経度": 137.1269, "url": "https://www.iryou.teikyouseido.mhlw.go.jp/znk-web/juminkanja/S2430/initialize?prefCd=21&kikanCd=1592001522&kikanKbn=2", "url2": "http://ikeniwaiin.jp/", "内容": "池庭医院【2:診療所】【診療科目:内科_糖尿病・内分泌内科_漢方内科】岐阜県多治見市宮前町２－１６" }, "geometry": { "type": "Point", "coordinates": [ 137.1269, 35.337337 ] } },
{ "type": "Feature", "properties": { "ID": 2121592001523, "正式名称": "夏目整形外科", "機関区分": 2, "都道府県コード": 21, "市区町村コード": 204, "所在地": "岐阜県多治見市錦町３－４－１", "緯度": 35.329528, "経度": 137.127769, "url": "https://www.iryou.teikyouseido.mhlw.go.jp/znk-web/juminkanja/S2430/initialize?prefCd=21&kikanCd=1592001523&kikanKbn=2", "url2": "natsume-seikei.jp", "内容": "夏目整形外科【2:診療所】【診療科目:整形外科】岐阜県多治見市錦町３－４－１" }, "geometry": { "type": "Point", "coordinates": [ 137.127769, 35.329528 ] } },
{ "type": "Feature", "properties": { "ID": 2121592001524, "正式名称": "医療法人社団　西尾クリニック", "機関区分": 2, "都道府県コード": 21, "市区町村コード": 204, "所在地": "岐阜県多治見市金岡町１－７０", "緯度": 35.344198, "経度": 137.117987, "url": "https://www.iryou.teikyouseido.mhlw.go.jp/znk-web/juminkanja/S2430/initialize?prefCd=21&kikanCd=1592001524&kikanKbn=2", "url2": "http://nishio-clinic.jimdoweb.com", "内容": "医療法人社団　西尾クリニック【2:診療所】【診療科目:内科_消化器内科_外科_小児科】岐阜県多治見市金岡町１－７０" }, "geometry": { "type": "Point", "coordinates": [ 137.117987, 35.344198 ] } },
{ "type": "Feature", "properties": { "ID": 2121592001528, "正式名称": "おかざきまりこクリニック", "機関区分": 2, "都道府県コード": 21, "市区町村コード": 204, "所在地": "岐阜県多治見市幸町", "緯度": 35.355185, "経度": 137.091544, "url": "https://www.iryou.teikyouseido.mhlw.go.jp/znk-web/juminkanja/S2430/initialize?prefCd=21&kikanCd=1592001528&kikanKbn=2", "url2": "http://www.h6.dion.ne.jp/~o-isaac/", "内容": "おかざきまりこクリニック【2:診療所】【診療科目:小児科_皮膚科_泌尿器科】岐阜県多治見市幸町" }, "geometry": { "type": "Point", "coordinates": [ 137.091544, 35.355185 ] } },
{ "type": "Feature", "properties": { "ID": 2121592001529, "正式名称": "曙クリニック", "機関区分": 2, "都道府県コード": 21, "市区町村コード": 204, "所在地": "岐阜県多治見市幸町７ー２８ー１４", "緯度": 35.352916, "経度": 137.088339, "url": "https://www.iryou.teikyouseido.mhlw.go.jp/znk-web/juminkanja/S2430/initialize?prefCd=21&kikanCd=1592001529&kikanKbn=2", "url2": "http://www/reizinkai.com", "内容": "曙クリニック【2:診療所】【診療科目:内科_内分泌内科_人工透析内科_リハビリテーション科】岐阜県多治見市幸町７ー２８ー１４" }, "geometry": { "type": "Point", "coordinates": [ 137.088339, 35.352916 ] } },
{ "type": "Feature", "properties": { "ID": 2121592001530, "正式名称": "医療法人社団　順里会　根本外科医院", "機関区分": 2, "都道府県コード": 21, "市区町村コード": 204, "所在地": "岐阜県多治見市高根町２ー９９ー２", "緯度": 35.362449, "経度": 137.09023, "url": "https://www.iryou.teikyouseido.mhlw.go.jp/znk-web/juminkanja/S2430/initialize?prefCd=21&kikanCd=1592001530&kikanKbn=2", "url2": null, "内容": "医療法人社団　順里会　根本外科医院【2:診療所】【診療科目:内科_消化器内科_外科】岐阜県多治見市高根町２ー９９ー２" }, "geometry": { "type": "Point", "coordinates": [ 137.09023, 35.362449 ] } },
{ "type": "Feature", "properties": { "ID": 2121592001531, "正式名称": "むらせクリニック", "機関区分": 2, "都道府県コード": 21, "市区町村コード": 204, "所在地": "岐阜県多治見市三笠町", "緯度": 35.328488, "経度": 137.123888, "url": "https://www.iryou.teikyouseido.mhlw.go.jp/znk-web/juminkanja/S2430/initialize?prefCd=21&kikanCd=1592001531&kikanKbn=2", "url2": "www.murase-clinic.jp/", "内容": "むらせクリニック【2:診療所】【診療科目:内科_胃腸内科_外科_眼科】岐阜県多治見市三笠町" }, "geometry": { "type": "Point", "coordinates": [ 137.123888, 35.328488 ] } },
{ "type": "Feature", "properties": { "ID": 2121592001536, "正式名称": "多治見眼科院", "機関区分": 2, "都道府県コード": 21, "市区町村コード": 204, "所在地": "岐阜県多治見市十九田町２丁目６８番地の２", "緯度": 35.341376, "経度": 137.120134, "url": "https://www.iryou.teikyouseido.mhlw.go.jp/znk-web/juminkanja/S2430/initialize?prefCd=21&kikanCd=1592001536&kikanKbn=2", "url2": null, "内容": "多治見眼科院【2:診療所】【診療科目:眼科】岐阜県多治見市十九田町２丁目６８番地の２" }, "geometry": { "type": "Point", "coordinates": [ 137.120134, 35.341376 ] } },
{ "type": "Feature", "properties": { "ID": 2121592001537, "正式名称": "医療法人社団　こいずみ岸川クリニック", "機関区分": 2, "都道府県コード": 21, "市区町村コード": 204, "所在地": "岐阜県多治見市小泉町８ー１２８ー１", "緯度": 35.347161, "経度": 137.10047, "url": "https://www.iryou.teikyouseido.mhlw.go.jp/znk-web/juminkanja/S2430/initialize?prefCd=21&kikanCd=1592001537&kikanKbn=2", "url2": null, "内容": "医療法人社団　こいずみ岸川クリニック【2:診療所】【診療科目:内科_小児科】岐阜県多治見市小泉町８ー１２８ー１" }, "geometry": { "type": "Point", "coordinates": [ 137.10047, 35.347161 ] } },
{ "type": "Feature", "properties": { "ID": 2121592001538, "正式名称": "いちはらこどもクリニック", "機関区分": 2, "都道府県コード": 21, "市区町村コード": 204, "所在地": "岐阜県多治見市小田町５ー１０", "緯度": 35.341117, "経度": 137.132347, "url": "https://www.iryou.teikyouseido.mhlw.go.jp/znk-web/juminkanja/S2430/initialize?prefCd=21&kikanCd=1592001538&kikanKbn=2", "url2": "https://ichiharakodomo.com/", "内容": "いちはらこどもクリニック【2:診療所】【診療科目:小児科_アレルギー科】岐阜県多治見市小田町５ー１０" }, "geometry": { "type": "Point", "coordinates": [ 137.132347, 35.341117 ] } },
{ "type": "Feature", "properties": { "ID": 2121592001542, "正式名称": "水野皮膚科医院", "機関区分": 2, "都道府県コード": 21, "市区町村コード": 204, "所在地": "岐阜県多治見市昭和町１０番地", "緯度": 35.331013, "経度": 137.124578, "url": "https://www.iryou.teikyouseido.mhlw.go.jp/znk-web/juminkanja/S2430/initialize?prefCd=21&kikanCd=1592001542&kikanKbn=2", "url2": null, "内容": "水野皮膚科医院【2:診療所】【診療科目:皮膚科】岐阜県多治見市昭和町１０番地" }, "geometry": { "type": "Point", "coordinates": [ 137.124578, 35.331013 ] } },
{ "type": "Feature", "properties": { "ID": 2121592001548, "正式名称": "中村こどもクリニック", "機関区分": 2, "都道府県コード": 21, "市区町村コード": 204, "所在地": "岐阜県多治見市前畑町３ー７６ー４", "緯度": 35.330203, "経度": 137.115669, "url": "https://www.iryou.teikyouseido.mhlw.go.jp/znk-web/juminkanja/S2430/initialize?prefCd=21&kikanCd=1592001548&kikanKbn=2", "url2": "http://www.nakamura-kids.com/", "内容": "中村こどもクリニック【2:診療所】【診療科目:小児科_アレルギー科】岐阜県多治見市前畑町３ー７６ー４" }, "geometry": { "type": "Point", "coordinates": [ 137.115669, 35.330203 ] } },
{ "type": "Feature", "properties": { "ID": 2121592001552, "正式名称": "多治見よこた耳鼻咽喉科", "機関区分": 2, "都道府県コード": 21, "市区町村コード": 204, "所在地": "岐阜県多治見市太平町４丁目５３番地の１", "緯度": 35.335042, "経度": 137.113582, "url": "https://www.iryou.teikyouseido.mhlw.go.jp/znk-web/juminkanja/S2430/initialize?prefCd=21&kikanCd=1592001552&kikanKbn=2", "url2": "https://tajimi-yokota-ent.com/", "内容": "多治見よこた耳鼻咽喉科【2:診療所】【診療科目:耳鼻いんこう科_アレルギー科】岐阜県多治見市太平町４丁目５３番地の１" }, "geometry": { "type": "Point", "coordinates": [ 137.113582, 35.335042 ] } },
{ "type": "Feature", "properties": { "ID": 2121592001553, "正式名称": "おざき整形外科", "機関区分": 2, "都道府県コード": 21, "市区町村コード": 204, "所在地": "岐阜県多治見市太平町６丁目１４番地", "緯度": 35.338269, "経度": 137.108362, "url": "https://www.iryou.teikyouseido.mhlw.go.jp/znk-web/juminkanja/S2430/initialize?prefCd=21&kikanCd=1592001553&kikanKbn=2", "url2": "http://ito-seikeigeka.jp", "内容": "おざき整形外科【2:診療所】【診療科目:整形外科_リウマチ科_リハビリテーション科】岐阜県多治見市太平町６丁目１４番地" }, "geometry": { "type": "Point", "coordinates": [ 137.108362, 35.338269 ] } },
{ "type": "Feature", "properties": { "ID": 2121592001556, "正式名称": "中西ウィメンズクリニック", "機関区分": 2, "都道府県コード": 21, "市区町村コード": 204, "所在地": "岐阜県多治見市大正町１－４５", "緯度": 35.338176, "経度": 137.128218, "url": "https://www.iryou.teikyouseido.mhlw.go.jp/znk-web/juminkanja/S2430/initialize?prefCd=21&kikanCd=1592001556&kikanKbn=2", "url2": "http://www.n-w-c.jp/", "内容": "中西ウィメンズクリニック【2:診療所】【診療科目:産婦人科_産科_婦人科_産婦人科（生殖医療）】岐阜県多治見市大正町１－４５" }, "geometry": { "type": "Point", "coordinates": [ 137.128218, 35.338176 ] } },
{ "type": "Feature", "properties": { "ID": 2121592001559, "正式名称": "うすい整形外科", "機関区分": 2, "都道府県コード": 21, "市区町村コード": 204, "所在地": "岐阜県多治見市滝呂町１２－２１４－１", "緯度": 35.31461, "経度": 137.158714, "url": "https://www.iryou.teikyouseido.mhlw.go.jp/znk-web/juminkanja/S2430/initialize?prefCd=21&kikanCd=1592001559&kikanKbn=2", "url2": "http://usuiseikei.com", "内容": "うすい整形外科【2:診療所】【診療科目:整形外科_リウマチ科_リハビリテーション科】岐阜県多治見市滝呂町１２－２１４－１" }, "geometry": { "type": "Point", "coordinates": [ 137.158714, 35.31461 ] } },
{ "type": "Feature", "properties": { "ID": 2121592001560, "正式名称": "いながけ医院", "機関区分": 2, "都道府県コード": 21, "市区町村コード": 204, "所在地": "岐阜県多治見市滝呂町１７ー７７ー７", "緯度": 35.315905, "経度": 137.156421, "url": "https://www.iryou.teikyouseido.mhlw.go.jp/znk-web/juminkanja/S2430/initialize?prefCd=21&kikanCd=1592001560&kikanKbn=2", "url2": "http://www.inagake.com/", "内容": "いながけ医院【2:診療所】【診療科目:内科_外科_小児科】岐阜県多治見市滝呂町１７ー７７ー７" }, "geometry": { "type": "Point", "coordinates": [ 137.156421, 35.315905 ] } },
{ "type": "Feature", "properties": { "ID": 2121592001563, "正式名称": "田代町整形外科", "機関区分": 2, "都道府県コード": 21, "市区町村コード": 204, "所在地": "岐阜県多治見市田代町２ー３２", "緯度": 35.332419, "経度": 137.117052, "url": "https://www.iryou.teikyouseido.mhlw.go.jp/znk-web/juminkanja/S2430/initialize?prefCd=21&kikanCd=1592001563&kikanKbn=2", "url2": null, "内容": "田代町整形外科【2:診療所】【診療科目:整形外科_小児科_リウマチ科_リハビリテーション科】岐阜県多治見市田代町２ー３２" }, "geometry": { "type": "Point", "coordinates": [ 137.117052, 35.332419 ] } },
{ "type": "Feature", "properties": { "ID": 2121592001572, "正式名称": "おがわ皮ふ科", "機関区分": 2, "都道府県コード": 21, "市区町村コード": 204, "所在地": "岐阜県多治見市宝町８ー５２ー２", "緯度": 35.343538, "経度": 137.109416, "url": "https://www.iryou.teikyouseido.mhlw.go.jp/znk-web/juminkanja/S2430/initialize?prefCd=21&kikanCd=1592001572&kikanKbn=2", "url2": null, "内容": "おがわ皮ふ科【2:診療所】【診療科目:皮膚科】岐阜県多治見市宝町８ー５２ー２" }, "geometry": { "type": "Point", "coordinates": [ 137.109416, 35.343538 ] } },
{ "type": "Feature", "properties": { "ID": 2121592001573, "正式名称": "豊岡医院", "機関区分": 2, "都道府県コード": 21, "市区町村コード": 204, "所在地": "岐阜県多治見市豊岡町１ー６１", "緯度": 35.333764, "経度": 137.124706, "url": "https://www.iryou.teikyouseido.mhlw.go.jp/znk-web/juminkanja/S2430/initialize?prefCd=21&kikanCd=1592001573&kikanKbn=2", "url2": null, "内容": "豊岡医院【2:診療所】【診療科目:内科_脳神経外科】岐阜県多治見市豊岡町１ー６１" }, "geometry": { "type": "Point", "coordinates": [ 137.124706, 35.333764 ] } },
{ "type": "Feature", "properties": { "ID": 2121592001575, "正式名称": "医療法人社団　啓仁会　安藤クリニック", "機関区分": 2, "都道府県コード": 21, "市区町村コード": 204, "所在地": "岐阜県多治見市豊岡町", "緯度": 35.33491, "経度": 137.127737, "url": "https://www.iryou.teikyouseido.mhlw.go.jp/znk-web/juminkanja/S2430/initialize?prefCd=21&kikanCd=1592001575&kikanKbn=2", "url2": "http://www.andou-clinic.com/", "内容": "医療法人社団　啓仁会　安藤クリニック【2:診療所】【診療科目:内科_消化器内科_外科_肛門外科_泌尿器科】岐阜県多治見市豊岡町" }, "geometry": { "type": "Point", "coordinates": [ 137.127737, 35.33491 ] } },
{ "type": "Feature", "properties": { "ID": 2121592001580, "正式名称": "医療法人社団訓生会　太田医院", "機関区分": 2, "都道府県コード": 21, "市区町村コード": 204, "所在地": "岐阜県多治見市明治町１－４７", "緯度": 35.335586, "経度": 137.131926, "url": "https://www.iryou.teikyouseido.mhlw.go.jp/znk-web/juminkanja/S2430/initialize?prefCd=21&kikanCd=1592001580&kikanKbn=2", "url2": null, "内容": "医療法人社団訓生会　太田医院【2:診療所】【診療科目:内科_消化器内科_外科_整形外科_小児科_泌尿器科】岐阜県多治見市明治町１－４７" }, "geometry": { "type": "Point", "coordinates": [ 137.131926, 35.335586 ] } },
{ "type": "Feature", "properties": { "ID": 2121592001581, "正式名称": "林かつひこ内科・循環器科", "機関区分": 2, "都道府県コード": 21, "市区町村コード": 204, "所在地": "岐阜県多治見市明和町４ー４－９", "緯度": 35.361811, "経度": 137.108309, "url": "https://www.iryou.teikyouseido.mhlw.go.jp/znk-web/juminkanja/S2430/initialize?prefCd=21&kikanCd=1592001581&kikanKbn=2", "url2": null, "内容": "林かつひこ内科・循環器科【2:診療所】【診療科目:内科_循環器内科_リハビリテーション科】岐阜県多治見市明和町４ー４－９" }, "geometry": { "type": "Point", "coordinates": [ 137.108309, 35.361811 ] } },
{ "type": "Feature", "properties": { "ID": 2121592001582, "正式名称": "森本耳鼻咽喉科医院", "機関区分": 2, "都道府県コード": 21, "市区町村コード": 204, "所在地": "岐阜県多治見市明和町５ー１２ー４", "緯度": 35.35742, "経度": 137.106709, "url": "https://www.iryou.teikyouseido.mhlw.go.jp/znk-web/juminkanja/S2430/initialize?prefCd=21&kikanCd=1592001582&kikanKbn=2", "url2": null, "内容": "森本耳鼻咽喉科医院【2:診療所】【診療科目:耳鼻いんこう科】岐阜県多治見市明和町５ー１２ー４" }, "geometry": { "type": "Point", "coordinates": [ 137.106709, 35.35742 ] } },
{ "type": "Feature", "properties": { "ID": 2121592001583, "正式名称": "仲西クリニック", "機関区分": 2, "都道府県コード": 21, "市区町村コード": 204, "所在地": "岐阜県多治見市明和町６丁目３２番１５", "緯度": 35.358775, "経度": 137.108926, "url": "https://www.iryou.teikyouseido.mhlw.go.jp/znk-web/juminkanja/S2430/initialize?prefCd=21&kikanCd=1592001583&kikanKbn=2", "url2": null, "内容": "仲西クリニック【2:診療所】【診療科目:内科_小児科_皮膚科】岐阜県多治見市明和町６丁目３２番１５" }, "geometry": { "type": "Point", "coordinates": [ 137.108926, 35.358775 ] } },
{ "type": "Feature", "properties": { "ID": 2121592001824, "正式名称": "藤井記念　小西クリニック", "機関区分": 2, "都道府県コード": 21, "市区町村コード": 204, "所在地": "岐阜県多治見市笠原町１９６６ー１", "緯度": 35.299201, "経度": 137.160685, "url": "https://www.iryou.teikyouseido.mhlw.go.jp/znk-web/juminkanja/S2430/initialize?prefCd=21&kikanCd=1592001824&kikanKbn=2", "url2": "https://konishi.clinic", "内容": "藤井記念　小西クリニック【2:診療所】【診療科目:内科_消化器内科_ペインクリニック内科_外科_大腸・肛門外科_整形外科_小児科_美容皮膚科_リハビリテーション科_麻酔科】岐阜県多治見市笠原町１９６６ー１" }, "geometry": { "type": "Point", "coordinates": [ 137.160685, 35.299201 ] } },
{ "type": "Feature", "properties": { "ID": 2121592001828, "正式名称": "医療法人社団　後藤医院", "機関区分": 2, "都道府県コード": 21, "市区町村コード": 204, "所在地": "岐阜県多治見市笠原町３１１０ー１", "緯度": 35.299936, "経度": 137.15632, "url": "https://www.iryou.teikyouseido.mhlw.go.jp/znk-web/juminkanja/S2430/initialize?prefCd=21&kikanCd=1592001828&kikanKbn=2", "url2": null, "内容": "医療法人社団　後藤医院【2:診療所】【診療科目:内科_外科】岐阜県多治見市笠原町３１１０ー１" }, "geometry": { "type": "Point", "coordinates": [ 137.15632, 35.299936 ] } },
{ "type": "Feature", "properties": { "ID": 2121592001832, "正式名称": "社会医療法人聖泉会　聖十字クリニック", "機関区分": 2, "都道府県コード": 21, "市区町村コード": 212, "所在地": "岐阜県土岐市泉岩畑町３丁目２番地", "緯度": 35.361552, "経度": 137.182564, "url": "https://www.iryou.teikyouseido.mhlw.go.jp/znk-web/juminkanja/S2430/initialize?prefCd=21&kikanCd=1592001832&kikanKbn=2", "url2": "http://www.holy-cross-h-cl.com", "内容": "社会医療法人聖泉会　聖十字クリニック【2:診療所】【診療科目:精神科_心療内科】岐阜県土岐市泉岩畑町３丁目２番地" }, "geometry": { "type": "Point", "coordinates": [ 137.182564, 35.361552 ] } },
{ "type": "Feature", "properties": { "ID": 2121592001835, "正式名称": "熊谷医院", "機関区分": 2, "都道府県コード": 21, "市区町村コード": 212, "所在地": "岐阜県土岐市泉郷町４ー１", "緯度": 35.360763, "経度": 137.181147, "url": "https://www.iryou.teikyouseido.mhlw.go.jp/znk-web/juminkanja/S2430/initialize?prefCd=21&kikanCd=1592001835&kikanKbn=2", "url2": null, "内容": "熊谷医院【2:診療所】【診療科目:内科_外科_小児科_皮膚科】岐阜県土岐市泉郷町４ー１" }, "geometry": { "type": "Point", "coordinates": [ 137.181147, 35.360763 ] } },
{ "type": "Feature", "properties": { "ID": 2121592001837, "正式名称": "医療法人　和敬会　タカギクリニック", "機関区分": 2, "都道府県コード": 21, "市区町村コード": 212, "所在地": "岐阜県土岐市泉神栄町４丁目５番地", "緯度": 35.362211, "経度": 137.185774, "url": "https://www.iryou.teikyouseido.mhlw.go.jp/znk-web/juminkanja/S2430/initialize?prefCd=21&kikanCd=1592001837&kikanKbn=2", "url2": "http://www.takagi-clinic.com/guide/index.html", "内容": "医療法人　和敬会　タカギクリニック【2:診療所】【診療科目:内科_外科_小児科_アレルギー科_リハビリテーション科】岐阜県土岐市泉神栄町４丁目５番地" }, "geometry": { "type": "Point", "coordinates": [ 137.185774, 35.362211 ] } },
{ "type": "Feature", "properties": { "ID": 2121592001838, "正式名称": "西尾産婦人科", "機関区分": 2, "都道府県コード": 21, "市区町村コード": 212, "所在地": "岐阜県土岐市泉大島町２ー２６ー２", "緯度": 35.365643, "経度": 137.191923, "url": "https://www.iryou.teikyouseido.mhlw.go.jp/znk-web/juminkanja/S2430/initialize?prefCd=21&kikanCd=1592001838&kikanKbn=2", "url2": "http://www.nishiogyne.com/", "内容": "西尾産婦人科【2:診療所】【診療科目:産婦人科】岐阜県土岐市泉大島町２ー２６ー２" }, "geometry": { "type": "Point", "coordinates": [ 137.191923, 35.365643 ] } },
{ "type": "Feature", "properties": { "ID": 2121592001840, "正式名称": "河合クリニック", "機関区分": 2, "都道府県コード": 21, "市区町村コード": 212, "所在地": "岐阜県土岐市泉町久尻１１ー６", "緯度": 35.3575, "経度": 137.182483, "url": "https://www.iryou.teikyouseido.mhlw.go.jp/znk-web/juminkanja/S2430/initialize?prefCd=21&kikanCd=1592001840&kikanKbn=2", "url2": "http://www.h-kawai0.sakura.ne.jp/", "内容": "河合クリニック【2:診療所】【診療科目:内科_消化器内科_小児科_皮膚科_放射線科】岐阜県土岐市泉町久尻１１ー６" }, "geometry": { "type": "Point", "coordinates": [ 137.182483, 35.3575 ] } },
{ "type": "Feature", "properties": { "ID": 2121592001841, "正式名称": "中島医院", "機関区分": 2, "都道府県コード": 21, "市区町村コード": 212, "所在地": "岐阜県土岐市泉町久尻３０の１０", "緯度": 35.35824, "経度": 137.184877, "url": "https://www.iryou.teikyouseido.mhlw.go.jp/znk-web/juminkanja/S2430/initialize?prefCd=21&kikanCd=1592001841&kikanKbn=2", "url2": null, "内容": "中島医院【2:診療所】【診療科目:内科_小児科_泌尿器科】岐阜県土岐市泉町久尻３０の１０" }, "geometry": { "type": "Point", "coordinates": [ 137.184877, 35.35824 ] } },
{ "type": "Feature", "properties": { "ID": 2121592001842, "正式名称": "加藤外科皮膚科", "機関区分": 2, "都道府県コード": 21, "市区町村コード": 212, "所在地": "岐阜県土岐市泉町久尻４４ー１１", "緯度": 35.356738, "経度": 137.183148, "url": "https://www.iryou.teikyouseido.mhlw.go.jp/znk-web/juminkanja/S2430/initialize?prefCd=21&kikanCd=1592001842&kikanKbn=2", "url2": "https://www.kato-gekahifuka.net", "内容": "加藤外科皮膚科【2:診療所】【診療科目:内科_外科_皮膚科】岐阜県土岐市泉町久尻４４ー１１" }, "geometry": { "type": "Point", "coordinates": [ 137.183148, 35.356738 ] } },
{ "type": "Feature", "properties": { "ID": 2121592001856, "正式名称": "医療法人　愛泉会　松本クリニック", "機関区分": 2, "都道府県コード": 21, "市区町村コード": 212, "所在地": "岐阜県土岐市泉梅ノ木町１ー２４", "緯度": 35.364921, "経度": 137.183705, "url": "https://www.iryou.teikyouseido.mhlw.go.jp/znk-web/juminkanja/S2430/initialize?prefCd=21&kikanCd=1592001856&kikanKbn=2", "url2": null, "内容": "医療法人　愛泉会　松本クリニック【2:診療所】【診療科目:内科_呼吸器内科_循環器内科_消化器内科_小児科】岐阜県土岐市泉梅ノ木町１ー２４" }, "geometry": { "type": "Point", "coordinates": [ 137.183705, 35.364921 ] } },
{ "type": "Feature", "properties": { "ID": 2121592001861, "正式名称": "岐阜県厚生農業協同組合連合会　東濃中部医療センター　土岐市国民健康保険駄知診療所", "機関区分": 2, "都道府県コード": 21, "市区町村コード": 212, "所在地": "岐阜県土岐市駄知町１２７２ー５", "緯度": 35.332284, "経度": 137.226687, "url": "https://www.iryou.teikyouseido.mhlw.go.jp/znk-web/juminkanja/S2430/initialize?prefCd=21&kikanCd=1592001861&kikanKbn=2", "url2": null, "内容": "岐阜県厚生農業協同組合連合会　東濃中部医療センター　土岐市国民健康保険駄知診療所【2:診療所】【診療科目:内科】岐阜県土岐市駄知町１２７２ー５" }, "geometry": { "type": "Point", "coordinates": [ 137.226687, 35.332284 ] } },
{ "type": "Feature", "properties": { "ID": 2121592001862, "正式名称": "土岐市及び瑞浪市休日急病診療所", "機関区分": 2, "都道府県コード": 21, "市区町村コード": 212, "所在地": "岐阜県土岐市駄知町１２７２ー５", "緯度": 35.332334, "経度": 137.226794, "url": "https://www.iryou.teikyouseido.mhlw.go.jp/znk-web/juminkanja/S2430/initialize?prefCd=21&kikanCd=1592001862&kikanKbn=2", "url2": "https://www.city.toki.lg.jp/kenko/kyukyu/1004805/1003615.html", "内容": "土岐市及び瑞浪市休日急病診療所【2:診療所】【診療科目:内科_小児科】岐阜県土岐市駄知町１２７２ー５" }, "geometry": { "type": "Point", "coordinates": [ 137.226794, 35.332334 ] } },
{ "type": "Feature", "properties": { "ID": 2121592001865, "正式名称": "陶生堂医院", "機関区分": 2, "都道府県コード": 21, "市区町村コード": 212, "所在地": "岐阜県土岐市駄知町２２５８", "緯度": 35.325925, "経度": 137.226199, "url": "https://www.iryou.teikyouseido.mhlw.go.jp/znk-web/juminkanja/S2430/initialize?prefCd=21&kikanCd=1592001865&kikanKbn=2", "url2": "http://www.touseidou.com", "内容": "陶生堂医院【2:診療所】【診療科目:内科_循環器内科_消化器内科_リハビリテーション科】岐阜県土岐市駄知町２２５８" }, "geometry": { "type": "Point", "coordinates": [ 137.226199, 35.325925 ] } },
{ "type": "Feature", "properties": { "ID": 2121592001866, "正式名称": "はやし内科", "機関区分": 2, "都道府県コード": 21, "市区町村コード": 212, "所在地": "岐阜県土岐市土岐口中町２ー４０", "緯度": 35.346848, "経度": 137.176104, "url": "https://www.iryou.teikyouseido.mhlw.go.jp/znk-web/juminkanja/S2430/initialize?prefCd=21&kikanCd=1592001866&kikanKbn=2", "url2": null, "内容": "はやし内科【2:診療所】【診療科目:内科_消化器内科】岐阜県土岐市土岐口中町２ー４０" }, "geometry": { "type": "Point", "coordinates": [ 137.176104, 35.346848 ] } },
{ "type": "Feature", "properties": { "ID": 2121592001868, "正式名称": "土岐眼科クリニック", "機関区分": 2, "都道府県コード": 21, "市区町村コード": 212, "所在地": "岐阜県土岐市肥田浅野笠神町", "緯度": 35.36219, "経度": 137.199016, "url": "https://www.iryou.teikyouseido.mhlw.go.jp/znk-web/juminkanja/S2430/initialize?prefCd=21&kikanCd=1592001868&kikanKbn=2", "url2": null, "内容": "土岐眼科クリニック【2:診療所】【診療科目:眼科】岐阜県土岐市肥田浅野笠神町" }, "geometry": { "type": "Point", "coordinates": [ 137.199016, 35.36219 ] } },
{ "type": "Feature", "properties": { "ID": 2121592001870, "正式名称": "あんどう整形外科", "機関区分": 2, "都道府県コード": 21, "市区町村コード": 212, "所在地": "岐阜県土岐市肥田浅野朝日町２ー３４", "緯度": 35.360556, "経度": 137.195808, "url": "https://www.iryou.teikyouseido.mhlw.go.jp/znk-web/juminkanja/S2430/initialize?prefCd=21&kikanCd=1592001870&kikanKbn=2", "url2": null, "内容": "あんどう整形外科【2:診療所】【診療科目:整形外科_リハビリテーション科】岐阜県土岐市肥田浅野朝日町２ー３４" }, "geometry": { "type": "Point", "coordinates": [ 137.195808, 35.360556 ] } },
{ "type": "Feature", "properties": { "ID": 2121592001871, "正式名称": "医療法人　白楊会　土岐白楊クリニック", "機関区分": 2, "都道府県コード": 21, "市区町村コード": 212, "所在地": "岐阜県土岐市肥田浅野朝日町", "緯度": 35.360985, "経度": 137.196723, "url": "https://www.iryou.teikyouseido.mhlw.go.jp/znk-web/juminkanja/S2430/initialize?prefCd=21&kikanCd=1592001871&kikanKbn=2", "url2": "http://www.hakuyoukai.or.jp/thc/index.html", "内容": "医療法人　白楊会　土岐白楊クリニック【2:診療所】【診療科目:循環器内科_消化器内科_腎臓内科_人工透析内科】岐阜県土岐市肥田浅野朝日町" }, "geometry": { "type": "Point", "coordinates": [ 137.196723, 35.360985 ] } },
{ "type": "Feature", "properties": { "ID": 2121592005956, "正式名称": "すずき整形外科", "機関区分": 2, "都道府県コード": 21, "市区町村コード": 212, "所在地": "岐阜県土岐市土岐口中町５ー１", "緯度": 35.344027, "経度": 137.176786, "url": "https://www.iryou.teikyouseido.mhlw.go.jp/znk-web/juminkanja/S2430/initialize?prefCd=21&kikanCd=1592005956&kikanKbn=2", "url2": null, "内容": "すずき整形外科【2:診療所】【診療科目:外科_整形外科_リウマチ科_リハビリテーション科】岐阜県土岐市土岐口中町５ー１" }, "geometry": { "type": "Point", "coordinates": [ 137.176786, 35.344027 ] } },
{ "type": "Feature", "properties": { "ID": 2121592005989, "正式名称": "タチ医院", "機関区分": 2, "都道府県コード": 21, "市区町村コード": 208, "所在地": "岐阜県瑞浪市土岐町２０番地の１", "緯度": 35.368042, "経度": 137.256296, "url": "https://www.iryou.teikyouseido.mhlw.go.jp/znk-web/juminkanja/S2430/initialize?prefCd=21&kikanCd=1592005989&kikanKbn=2", "url2": null, "内容": "タチ医院【2:診療所】【診療科目:内科】岐阜県瑞浪市土岐町２０番地の１" }, "geometry": { "type": "Point", "coordinates": [ 137.256296, 35.368042 ] } },
{ "type": "Feature", "properties": { "ID": 2121592005990, "正式名称": "岡山内科・消化器科クリニック", "機関区分": 2, "都道府県コード": 21, "市区町村コード": 204, "所在地": "岐阜県多治見市宝町三丁目３１ー１", "緯度": 35.340517, "経度": 137.1077, "url": "https://www.iryou.teikyouseido.mhlw.go.jp/znk-web/juminkanja/S2430/initialize?prefCd=21&kikanCd=1592005990&kikanKbn=2", "url2": "http://www.okayamaclinic.jp/", "内容": "岡山内科・消化器科クリニック【2:診療所】【診療科目:内科_消化器内科】岐阜県多治見市宝町三丁目３１ー１" }, "geometry": { "type": "Point", "coordinates": [ 137.1077, 35.340517 ] } },
{ "type": "Feature", "properties": { "ID": 2121592006025, "正式名称": "医療法人　慈生会　浜田・浅井医院", "機関区分": 2, "都道府県コード": 21, "市区町村コード": 204, "所在地": "岐阜県多治見市太平町１－５", "緯度": 35.333313, "経度": 137.112532, "url": "https://www.iryou.teikyouseido.mhlw.go.jp/znk-web/juminkanja/S2430/initialize?prefCd=21&kikanCd=1592006025&kikanKbn=2", "url2": null, "内容": "医療法人　慈生会　浜田・浅井医院【2:診療所】【診療科目:内科_呼吸器内科_循環器内科_消化器内科】岐阜県多治見市太平町１－５" }, "geometry": { "type": "Point", "coordinates": [ 137.112532, 35.333313 ] } },
{ "type": "Feature", "properties": { "ID": 2121592006148, "正式名称": "高羽クリニック", "機関区分": 2, "都道府県コード": 21, "市区町村コード": 204, "所在地": "岐阜県多治見市太平町３丁目１７番地", "緯度": 35.33602, "経度": 137.109593, "url": "https://www.iryou.teikyouseido.mhlw.go.jp/znk-web/juminkanja/S2430/initialize?prefCd=21&kikanCd=1592006148&kikanKbn=2", "url2": "http://www.myclinic.ne.jp/takaba_clin/", "内容": "高羽クリニック【2:診療所】【診療科目:外科_皮膚科_泌尿器科】岐阜県多治見市太平町３丁目１７番地" }, "geometry": { "type": "Point", "coordinates": [ 137.109593, 35.33602 ] } },
{ "type": "Feature", "properties": { "ID": 2121592006152, "正式名称": "光ヶ丘アイクリニック", "機関区分": 2, "都道府県コード": 21, "市区町村コード": 204, "所在地": "岐阜県多治見市光ケ丘１丁目１５番地の１", "緯度": 35.345593, "経度": 137.111623, "url": "https://www.iryou.teikyouseido.mhlw.go.jp/znk-web/juminkanja/S2430/initialize?prefCd=21&kikanCd=1592006152&kikanKbn=2", "url2": null, "内容": "光ヶ丘アイクリニック【2:診療所】【診療科目:眼科】岐阜県多治見市光ケ丘１丁目１５番地の１" }, "geometry": { "type": "Point", "coordinates": [ 137.111623, 35.345593 ] } },
{ "type": "Feature", "properties": { "ID": 2121592006168, "正式名称": "川越クリニック", "機関区分": 2, "都道府県コード": 21, "市区町村コード": 212, "所在地": "岐阜県土岐市妻木町１４１９ー１", "緯度": 35.313502, "経度": 137.19114, "url": "https://www.iryou.teikyouseido.mhlw.go.jp/znk-web/juminkanja/S2430/initialize?prefCd=21&kikanCd=1592006168&kikanKbn=2", "url2": null, "内容": "川越クリニック【2:診療所】【診療科目:内科_外科_リハビリテーション科】岐阜県土岐市妻木町１４１９ー１" }, "geometry": { "type": "Point", "coordinates": [ 137.19114, 35.313502 ] } },
{ "type": "Feature", "properties": { "ID": 2121592006259, "正式名称": "塚田レディースクリニック", "機関区分": 2, "都道府県コード": 21, "市区町村コード": 208, "所在地": "岐阜県瑞浪市北小田町２ー２９３", "緯度": 35.359961, "経度": 137.24328, "url": "https://www.iryou.teikyouseido.mhlw.go.jp/znk-web/juminkanja/S2430/initialize?prefCd=21&kikanCd=1592006259&kikanKbn=2", "url2": "http://tsukada-lc.com/", "内容": "塚田レディースクリニック【2:診療所】【診療科目:産科_婦人科】岐阜県瑞浪市北小田町２ー２９３" }, "geometry": { "type": "Point", "coordinates": [ 137.24328, 35.359961 ] } },
{ "type": "Feature", "properties": { "ID": 2121592006272, "正式名称": "野田整形外科", "機関区分": 2, "都道府県コード": 21, "市区町村コード": 208, "所在地": "岐阜県瑞浪市北小田町二丁目２９６ー３", "緯度": 35.360098, "経度": 137.243309, "url": "https://www.iryou.teikyouseido.mhlw.go.jp/znk-web/juminkanja/S2430/initialize?prefCd=21&kikanCd=1592006272&kikanKbn=2", "url2": "http://www.noda-seikei.com", "内容": "野田整形外科【2:診療所】【診療科目:整形外科_リウマチ科_リハビリテーション科】岐阜県瑞浪市北小田町二丁目２９６ー３" }, "geometry": { "type": "Point", "coordinates": [ 137.243309, 35.360098 ] } },
{ "type": "Feature", "properties": { "ID": 2121592006280, "正式名称": "精華医院", "機関区分": 2, "都道府県コード": 21, "市区町村コード": 204, "所在地": "岐阜県多治見市白山町１丁目２３３", "緯度": 35.336352, "経度": 137.121491, "url": "https://www.iryou.teikyouseido.mhlw.go.jp/znk-web/juminkanja/S2430/initialize?prefCd=21&kikanCd=1592006280&kikanKbn=2", "url2": "http://www.seikaiin.com/", "内容": "精華医院【2:診療所】【診療科目:内科_消化器内科_小児科】岐阜県多治見市白山町１丁目２３３" }, "geometry": { "type": "Point", "coordinates": [ 137.121491, 35.336352 ] } },
{ "type": "Feature", "properties": { "ID": 2121592006283, "正式名称": "医療法人　健やか会　おおむらクリニック", "機関区分": 2, "都道府県コード": 21, "市区町村コード": 204, "所在地": "岐阜県多治見市宝町１０丁目１４番地", "緯度": 35.344095, "経度": 137.107382, "url": "https://www.iryou.teikyouseido.mhlw.go.jp/znk-web/juminkanja/S2430/initialize?prefCd=21&kikanCd=1592006283&kikanKbn=2", "url2": "https://doctorsfile.jp", "内容": "医療法人　健やか会　おおむらクリニック【2:診療所】【診療科目:内科_外科_泌尿器科】岐阜県多治見市宝町１０丁目１４番地" }, "geometry": { "type": "Point", "coordinates": [ 137.107382, 35.344095 ] } },
{ "type": "Feature", "properties": { "ID": 2121592006469, "正式名称": "水谷心療内科", "機関区分": 2, "都道府県コード": 21, "市区町村コード": 204, "所在地": "岐阜県多治見市若松町３丁目３３　ミノルビル１Ｆ", "緯度": 35.342474, "経度": 137.115072, "url": "https://www.iryou.teikyouseido.mhlw.go.jp/znk-web/juminkanja/S2430/initialize?prefCd=21&kikanCd=1592006469&kikanKbn=2", "url2": "https://www.dr-mizutani.jp/", "内容": "水谷心療内科【2:診療所】【診療科目:漢方内科_精神科_心療内科】岐阜県多治見市若松町３丁目３３　ミノルビル１Ｆ" }, "geometry": { "type": "Point", "coordinates": [ 137.115072, 35.342474 ] } },
{ "type": "Feature", "properties": { "ID": 2121592006499, "正式名称": "亀井アイクリニック", "機関区分": 2, "都道府県コード": 21, "市区町村コード": 204, "所在地": "岐阜県多治見市小泉町８ー５４－１", "緯度": 35.347123, "経度": 137.100737, "url": "https://www.iryou.teikyouseido.mhlw.go.jp/znk-web/juminkanja/S2430/initialize?prefCd=21&kikanCd=1592006499&kikanKbn=2", "url2": null, "内容": "亀井アイクリニック【2:診療所】【診療科目:眼科】岐阜県多治見市小泉町８ー５４－１" }, "geometry": { "type": "Point", "coordinates": [ 137.100737, 35.347123 ] } },
{ "type": "Feature", "properties": { "ID": 2121592006569, "正式名称": "ひまわり小児科", "機関区分": 2, "都道府県コード": 21, "市区町村コード": 212, "所在地": "岐阜県土岐市土岐口南町４ー５９", "緯度": 35.337784, "経度": 137.18237, "url": "https://www.iryou.teikyouseido.mhlw.go.jp/znk-web/juminkanja/S2430/initialize?prefCd=21&kikanCd=1592006569&kikanKbn=2", "url2": "http://himawari-kodomo.jp/", "内容": "ひまわり小児科【2:診療所】【診療科目:小児科_アレルギー科】岐阜県土岐市土岐口南町４ー５９" }, "geometry": { "type": "Point", "coordinates": [ 137.18237, 35.337784 ] } },
{ "type": "Feature", "properties": { "ID": 2121592006642, "正式名称": "光ヶ丘クリニック", "機関区分": 2, "都道府県コード": 21, "市区町村コード": 204, "所在地": "岐阜県多治見市光ケ丘２丁目５０番の１", "緯度": 35.345826, "経度": 137.108761, "url": "https://www.iryou.teikyouseido.mhlw.go.jp/znk-web/juminkanja/S2430/initialize?prefCd=21&kikanCd=1592006642&kikanKbn=2", "url2": null, "内容": "光ヶ丘クリニック【2:診療所】【診療科目:内科_消化器内科_外科_肛門外科】岐阜県多治見市光ケ丘２丁目５０番の１" }, "geometry": { "type": "Point", "coordinates": [ 137.108761, 35.345826 ] } },
{ "type": "Feature", "properties": { "ID": 2121592006901, "正式名称": "うえだ整形外科", "機関区分": 2, "都道府県コード": 21, "市区町村コード": 204, "所在地": "岐阜県多治見市松坂町１ー１ー５", "緯度": 35.365925, "経度": 137.093632, "url": "https://www.iryou.teikyouseido.mhlw.go.jp/znk-web/juminkanja/S2430/initialize?prefCd=21&kikanCd=1592006901&kikanKbn=2", "url2": "http://www.ueda-seikei.com", "内容": "うえだ整形外科【2:診療所】【診療科目:整形外科_リウマチ科_リハビリテーション科】岐阜県多治見市松坂町１ー１ー５" }, "geometry": { "type": "Point", "coordinates": [ 137.093632, 35.365925 ] } },
{ "type": "Feature", "properties": { "ID": 2121592006902, "正式名称": "ふくい内科クリニック", "機関区分": 2, "都道府県コード": 21, "市区町村コード": 204, "所在地": "岐阜県多治見市松坂町１－１－５", "緯度": 35.365976, "経度": 137.093775, "url": "https://www.iryou.teikyouseido.mhlw.go.jp/znk-web/juminkanja/S2430/initialize?prefCd=21&kikanCd=1592006902&kikanKbn=2", "url2": "http://fukui-naika.com/", "内容": "ふくい内科クリニック【2:診療所】【診療科目:内科_循環器内科】岐阜県多治見市松坂町１－１－５" }, "geometry": { "type": "Point", "coordinates": [ 137.093775, 35.365976 ] } },
{ "type": "Feature", "properties": { "ID": 2121592007004, "正式名称": "水野生々堂医院", "機関区分": 2, "都道府県コード": 21, "市区町村コード": 212, "所在地": "岐阜県土岐市妻木平成町１丁目２１番地", "緯度": 35.317867, "経度": 137.190393, "url": "https://www.iryou.teikyouseido.mhlw.go.jp/znk-web/juminkanja/S2430/initialize?prefCd=21&kikanCd=1592007004&kikanKbn=2", "url2": "https://mizunoseiseido-iin.doctorsfile.jp", "内容": "水野生々堂医院【2:診療所】【診療科目:内科_消化器内科_小児科_アレルギー科】岐阜県土岐市妻木平成町１丁目２１番地" }, "geometry": { "type": "Point", "coordinates": [ 137.190393, 35.317867 ] } },
{ "type": "Feature", "properties": { "ID": 2121592007068, "正式名称": "たじみ岩瀬眼科", "機関区分": 2, "都道府県コード": 21, "市区町村コード": 204, "所在地": "岐阜県多治見市本町三丁目１０１ー１クリスタルプラザ多治見４階", "緯度": 35.335386, "経度": 137.123617, "url": "https://www.iryou.teikyouseido.mhlw.go.jp/znk-web/juminkanja/S2430/initialize?prefCd=21&kikanCd=1592007068&kikanKbn=2", "url2": "http://www.iwase-eye.jp/", "内容": "たじみ岩瀬眼科【2:診療所】【診療科目:眼科】岐阜県多治見市本町三丁目１０１ー１クリスタルプラザ多治見４階" }, "geometry": { "type": "Point", "coordinates": [ 137.123617, 35.335386 ] } },
{ "type": "Feature", "properties": { "ID": 2121592007073, "正式名称": "土岐内科クリニック", "機関区分": 2, "都道府県コード": 21, "市区町村コード": 212, "所在地": "岐阜県土岐市肥田浅野笠神町２ー１２", "緯度": 35.361404, "経度": 137.197982, "url": "https://www.iryou.teikyouseido.mhlw.go.jp/znk-web/juminkanja/S2430/initialize?prefCd=21&kikanCd=1592007073&kikanKbn=2", "url2": "http://brain-gr.com/tokinaika_clinic/", "内容": "土岐内科クリニック【2:診療所】【診療科目:内科_消化器内科_神経内科】岐阜県土岐市肥田浅野笠神町２ー１２" }, "geometry": { "type": "Point", "coordinates": [ 137.197982, 35.361404 ] } },
{ "type": "Feature", "properties": { "ID": 2121592007237, "正式名称": "こせき醫院", "機関区分": 2, "都道府県コード": 21, "市区町村コード": 208, "所在地": "岐阜県瑞浪市一色町２ー１３２", "緯度": 35.360855, "経度": 137.247782, "url": "https://www.iryou.teikyouseido.mhlw.go.jp/znk-web/juminkanja/S2430/initialize?prefCd=21&kikanCd=1592007237&kikanKbn=2", "url2": "http://www.koseki-clinic.com", "内容": "こせき醫院【2:診療所】【診療科目:内科_皮膚科】岐阜県瑞浪市一色町２ー１３２" }, "geometry": { "type": "Point", "coordinates": [ 137.247782, 35.360855 ] } },
{ "type": "Feature", "properties": { "ID": 2121592007334, "正式名称": "佐々木皮フ科", "機関区分": 2, "都道府県コード": 21, "市区町村コード": 208, "所在地": "岐阜県瑞浪市益見町３－７", "緯度": 35.361047, "経度": 137.25793, "url": "https://www.iryou.teikyouseido.mhlw.go.jp/znk-web/juminkanja/S2430/initialize?prefCd=21&kikanCd=1592007334&kikanKbn=2", "url2": "http://www.tsc-6666.com", "内容": "佐々木皮フ科【2:診療所】【診療科目:皮膚科_美容皮膚科_アレルギー科】岐阜県瑞浪市益見町３－７" }, "geometry": { "type": "Point", "coordinates": [ 137.25793, 35.361047 ] } },
{ "type": "Feature", "properties": { "ID": 2121592007380, "正式名称": "倉知眼科", "機関区分": 2, "都道府県コード": 21, "市区町村コード": 204, "所在地": "岐阜県多治見市平和町７ー７７", "緯度": 35.327255, "経度": 137.116733, "url": "https://www.iryou.teikyouseido.mhlw.go.jp/znk-web/juminkanja/S2430/initialize?prefCd=21&kikanCd=1592007380&kikanKbn=2", "url2": "http://www.kurachi-ganka.com/", "内容": "倉知眼科【2:診療所】【診療科目:眼科】岐阜県多治見市平和町７ー７７" }, "geometry": { "type": "Point", "coordinates": [ 137.116733, 35.327255 ] } },
{ "type": "Feature", "properties": { "ID": 2121592007514, "正式名称": "医療法人　公誠会　佐分利クリニック", "機関区分": 2, "都道府県コード": 21, "市区町村コード": 212, "所在地": "岐阜県土岐市土岐口南町４丁目４５番", "緯度": 35.3372, "経度": 137.182413, "url": "https://www.iryou.teikyouseido.mhlw.go.jp/znk-web/juminkanja/S2430/initialize?prefCd=21&kikanCd=1592007514&kikanKbn=2", "url2": "https://saburi-clinic.com", "内容": "医療法人　公誠会　佐分利クリニック【2:診療所】【診療科目:内科_糖尿病内科_循環器内科】岐阜県土岐市土岐口南町４丁目４５番" }, "geometry": { "type": "Point", "coordinates": [ 137.182413, 35.3372 ] } },
{ "type": "Feature", "properties": { "ID": 2121592007569, "正式名称": "たじみ内科", "機関区分": 2, "都道府県コード": 21, "市区町村コード": 204, "所在地": "岐阜県多治見市広小路", "緯度": 35.331749, "経度": 137.127837, "url": "https://www.iryou.teikyouseido.mhlw.go.jp/znk-web/juminkanja/S2430/initialize?prefCd=21&kikanCd=1592007569&kikanKbn=2", "url2": "http://www.tajimi-naika.com", "内容": "たじみ内科【2:診療所】【診療科目:内科_糖尿病内科_循環器内科_小児科】岐阜県多治見市広小路" }, "geometry": { "type": "Point", "coordinates": [ 137.127837, 35.331749 ] } },
{ "type": "Feature", "properties": { "ID": 2121592007609, "正式名称": "わたなべクリニック", "機関区分": 2, "都道府県コード": 21, "市区町村コード": 204, "所在地": "岐阜県多治見市明和町５ー５７ー５", "緯度": 35.354731, "経度": 137.105349, "url": "https://www.iryou.teikyouseido.mhlw.go.jp/znk-web/juminkanja/S2430/initialize?prefCd=21&kikanCd=1592007609&kikanKbn=2", "url2": "http://www.watanabecl.jp", "内容": "わたなべクリニック【2:診療所】【診療科目:内科_消化器内科】岐阜県多治見市明和町５ー５７ー５" }, "geometry": { "type": "Point", "coordinates": [ 137.105349, 35.354731 ] } },
{ "type": "Feature", "properties": { "ID": 2121592007620, "正式名称": "あいざわ整形外科", "機関区分": 2, "都道府県コード": 21, "市区町村コード": 204, "所在地": "岐阜県多治見市平和町７丁目８５番地", "緯度": 35.326791, "経度": 137.116523, "url": "https://www.iryou.teikyouseido.mhlw.go.jp/znk-web/juminkanja/S2430/initialize?prefCd=21&kikanCd=1592007620&kikanKbn=2", "url2": "http://www.aizawa-orthopaedics.com/", "内容": "あいざわ整形外科【2:診療所】【診療科目:整形外科_リウマチ科_リハビリテーション科】岐阜県多治見市平和町７丁目８５番地" }, "geometry": { "type": "Point", "coordinates": [ 137.116523, 35.326791 ] } },
{ "type": "Feature", "properties": { "ID": 2121592007678, "正式名称": "医療法人　秀嶺会　東濃中央クリニック", "機関区分": 2, "都道府県コード": 21, "市区町村コード": 208, "所在地": "岐阜県瑞浪市松ケ瀬町１丁目１４ー１", "緯度": 35.369301, "経度": 137.247176, "url": "https://www.iryou.teikyouseido.mhlw.go.jp/znk-web/juminkanja/S2430/initialize?prefCd=21&kikanCd=1592007678&kikanKbn=2", "url2": "https://www.tohno-chuo-clinic.com", "内容": "医療法人　秀嶺会　東濃中央クリニック【2:診療所】【診療科目:呼吸器内科_消化器内科_老年内科_整形外科_アレルギー科_リハビリテーション科】岐阜県瑞浪市松ケ瀬町１丁目１４ー１" }, "geometry": { "type": "Point", "coordinates": [ 137.247176, 35.369301 ] } },
{ "type": "Feature", "properties": { "ID": 2121592007751, "正式名称": "玉田医院", "機関区分": 2, "都道府県コード": 21, "市区町村コード": 208, "所在地": "岐阜県瑞浪市日吉町４０２７ー２", "緯度": 35.409574, "経度": 137.24708, "url": "https://www.iryou.teikyouseido.mhlw.go.jp/znk-web/juminkanja/S2430/initialize?prefCd=21&kikanCd=1592007751&kikanKbn=2", "url2": null, "内容": "玉田医院【2:診療所】【診療科目:内科】岐阜県瑞浪市日吉町４０２７ー２" }, "geometry": { "type": "Point", "coordinates": [ 137.24708, 35.409574 ] } },
{ "type": "Feature", "properties": { "ID": 2121592007764, "正式名称": "医療法人知真会　伊藤内科", "機関区分": 2, "都道府県コード": 21, "市区町村コード": 204, "所在地": "岐阜県多治見市太平町３－１５", "緯度": 35.336257, "経度": 137.109531, "url": "https://www.iryou.teikyouseido.mhlw.go.jp/znk-web/juminkanja/S2430/initialize?prefCd=21&kikanCd=1592007764&kikanKbn=2", "url2": "https://chishinkai.or.jp/archives/post_clinic/149", "内容": "医療法人知真会　伊藤内科【2:診療所】【診療科目:内科_呼吸器内科_循環器内科】岐阜県多治見市太平町３－１５" }, "geometry": { "type": "Point", "coordinates": [ 137.109531, 35.336257 ] } },
{ "type": "Feature", "properties": { "ID": 2121592007842, "正式名称": "医療法人ナチュラルはら内科クリニック", "機関区分": 2, "都道府県コード": 21, "市区町村コード": 204, "所在地": "岐阜県多治見市大畑町西仲根３ー７", "緯度": 35.314868, "経度": 137.128484, "url": "https://www.iryou.teikyouseido.mhlw.go.jp/znk-web/juminkanja/S2430/initialize?prefCd=21&kikanCd=1592007842&kikanKbn=2", "url2": "http://www.haranaika-clinic.com/", "内容": "医療法人ナチュラルはら内科クリニック【2:診療所】【診療科目:内科_呼吸器内科_消化器内科_神経内科_小児科_精神科】岐阜県多治見市大畑町西仲根３ー７" }, "geometry": { "type": "Point", "coordinates": [ 137.128484, 35.314868 ] } },
{ "type": "Feature", "properties": { "ID": 2121592007851, "正式名称": "前川ファミリークリニック", "機関区分": 2, "都道府県コード": 21, "市区町村コード": 204, "所在地": "岐阜県多治見市錦町一丁目２１ー２", "緯度": 35.329278, "経度": 137.124802, "url": "https://www.iryou.teikyouseido.mhlw.go.jp/znk-web/juminkanja/S2430/initialize?prefCd=21&kikanCd=1592007851&kikanKbn=2", "url2": "www.mae-fami.jp", "内容": "前川ファミリークリニック【2:診療所】【診療科目:内科_糖尿病内科_循環器内科_消化器内科_小児科】岐阜県多治見市錦町一丁目２１ー２" }, "geometry": { "type": "Point", "coordinates": [ 137.124802, 35.329278 ] } },
{ "type": "Feature", "properties": { "ID": 2121592007876, "正式名称": "金田眼科クリニック", "機関区分": 2, "都道府県コード": 21, "市区町村コード": 208, "所在地": "岐阜県瑞浪市益見町１丁目１２０番地", "緯度": 35.362151, "経度": 137.258807, "url": "https://www.iryou.teikyouseido.mhlw.go.jp/znk-web/juminkanja/S2430/initialize?prefCd=21&kikanCd=1592007876&kikanKbn=2", "url2": "http://kanada-eye.com", "内容": "金田眼科クリニック【2:診療所】【診療科目:眼科】岐阜県瑞浪市益見町１丁目１２０番地" }, "geometry": { "type": "Point", "coordinates": [ 137.258807, 35.362151 ] } },
{ "type": "Feature", "properties": { "ID": 2121592007914, "正式名称": "ささき耳鼻咽喉科", "機関区分": 2, "都道府県コード": 21, "市区町村コード": 212, "所在地": "岐阜県土岐市泉仲森町", "緯度": 35.3663, "経度": 137.18788, "url": "https://www.iryou.teikyouseido.mhlw.go.jp/znk-web/juminkanja/S2430/initialize?prefCd=21&kikanCd=1592007914&kikanKbn=2", "url2": "http://www.sasaki-ent-cl.com", "内容": "ささき耳鼻咽喉科【2:診療所】【診療科目:小児科_小児耳鼻いんこう科_耳鼻いんこう科_アレルギー科】岐阜県土岐市泉仲森町" }, "geometry": { "type": "Point", "coordinates": [ 137.18788, 35.3663 ] } },
{ "type": "Feature", "properties": { "ID": 2121592008101, "正式名称": "やまむら整形外科", "機関区分": 2, "都道府県コード": 21, "市区町村コード": 212, "所在地": "岐阜県土岐市泉町久尻４７－１", "緯度": 35.356625, "経度": 137.183987, "url": "https://www.iryou.teikyouseido.mhlw.go.jp/znk-web/juminkanja/S2430/initialize?prefCd=21&kikanCd=1592008101&kikanKbn=2", "url2": "https:/yamamura-seikei.com", "内容": "やまむら整形外科【2:診療所】【診療科目:整形外科_リハビリテーション科】岐阜県土岐市泉町久尻４７－１" }, "geometry": { "type": "Point", "coordinates": [ 137.183987, 35.356625 ] } },
{ "type": "Feature", "properties": { "ID": 2121592008126, "正式名称": "はぎはら眼科", "機関区分": 2, "都道府県コード": 21, "市区町村コード": 212, "所在地": "岐阜県土岐市土岐口南町２ー９", "緯度": 35.338844, "経度": 137.180108, "url": "https://www.iryou.teikyouseido.mhlw.go.jp/znk-web/juminkanja/S2430/initialize?prefCd=21&kikanCd=1592008126&kikanKbn=2", "url2": "http://www.hagiharaganka.com", "内容": "はぎはら眼科【2:診療所】【診療科目:眼科】岐阜県土岐市土岐口南町２ー９" }, "geometry": { "type": "Point", "coordinates": [ 137.180108, 35.338844 ] } },
{ "type": "Feature", "properties": { "ID": 2121592008174, "正式名称": "たじみ陶都眼科", "機関区分": 2, "都道府県コード": 21, "市区町村コード": 204, "所在地": "岐阜県多治見市前畑町４丁目１２１ー３", "緯度": 35.329688, "経度": 137.11293, "url": "https://www.iryou.teikyouseido.mhlw.go.jp/znk-web/juminkanja/S2430/initialize?prefCd=21&kikanCd=1592008174&kikanKbn=2", "url2": "www.tajimi-tohto-ganka,jp", "内容": "たじみ陶都眼科【2:診療所】【診療科目:眼科】岐阜県多治見市前畑町４丁目１２１ー３" }, "geometry": { "type": "Point", "coordinates": [ 137.11293, 35.329688 ] } },
{ "type": "Feature", "properties": { "ID": 2121592008305, "正式名称": "ときつクリニック", "機関区分": 2, "都道府県コード": 21, "市区町村コード": 212, "所在地": "岐阜県土岐市土岐口中町６－３６", "緯度": 35.343796, "経度": 137.176501, "url": "https://www.iryou.teikyouseido.mhlw.go.jp/znk-web/juminkanja/S2430/initialize?prefCd=21&kikanCd=1592008305&kikanKbn=2", "url2": "http://tokitu.net", "内容": "ときつクリニック【2:診療所】【診療科目:皮膚科_泌尿器科】岐阜県土岐市土岐口中町６－３６" }, "geometry": { "type": "Point", "coordinates": [ 137.176501, 35.343796 ] } },
{ "type": "Feature", "properties": { "ID": 2121592008362, "正式名称": "まえかわペインクリニック", "機関区分": 2, "都道府県コード": 21, "市区町村コード": 204, "所在地": "岐阜県多治見市広小路２丁目６３", "緯度": 35.331521, "経度": 137.126714, "url": "https://www.iryou.teikyouseido.mhlw.go.jp/znk-web/juminkanja/S2430/initialize?prefCd=21&kikanCd=1592008362&kikanKbn=2", "url2": null, "内容": "まえかわペインクリニック【2:診療所】【診療科目:内科_ペインクリニック内科_整形外科_リハビリテーション科_麻酔科】岐阜県多治見市広小路２丁目６３" }, "geometry": { "type": "Point", "coordinates": [ 137.126714, 35.331521 ] } },
{ "type": "Feature", "properties": { "ID": 2121592008522, "正式名称": "すみれ在宅クリニック", "機関区分": 2, "都道府県コード": 21, "市区町村コード": 204, "所在地": "岐阜県多治見市脇之島町７丁目２５番地の７", "緯度": 35.312153, "経度": 137.117275, "url": "https://www.iryou.teikyouseido.mhlw.go.jp/znk-web/juminkanja/S2430/initialize?prefCd=21&kikanCd=1592008522&kikanKbn=2", "url2": "https://sumirezaitaku.com/sp/info.html", "内容": "すみれ在宅クリニック【2:診療所】【診療科目:内科_小児科】岐阜県多治見市脇之島町７丁目２５番地の７" }, "geometry": { "type": "Point", "coordinates": [ 137.117275, 35.312153 ] } },
{ "type": "Feature", "properties": { "ID": 2121592008565, "正式名称": "ももいクリニック", "機関区分": 2, "都道府県コード": 21, "市区町村コード": 204, "所在地": "岐阜県多治見市前畑町　５－８５－３", "緯度": 35.329098, "経度": 137.112214, "url": "https://www.iryou.teikyouseido.mhlw.go.jp/znk-web/juminkanja/S2430/initialize?prefCd=21&kikanCd=1592008565&kikanKbn=2", "url2": "momoi-cl.com", "内容": "ももいクリニック【2:診療所】【診療科目:内科_泌尿器科】岐阜県多治見市前畑町　５－８５－３" }, "geometry": { "type": "Point", "coordinates": [ 137.112214, 35.329098 ] } },
{ "type": "Feature", "properties": { "ID": 2121592008586, "正式名称": "まもる耳鼻咽喉科", "機関区分": 2, "都道府県コード": 21, "市区町村コード": 204, "所在地": "岐阜県多治見市白山町１丁目２３８番地ヤマカ駅北ビル１階", "緯度": 35.336973, "経度": 137.121035, "url": "https://www.iryou.teikyouseido.mhlw.go.jp/znk-web/juminkanja/S2430/initialize?prefCd=21&kikanCd=1592008586&kikanKbn=2", "url2": "http://mamoru-clinic.com", "内容": "まもる耳鼻咽喉科【2:診療所】【診療科目:小児耳鼻いんこう科_耳鼻いんこう科_気管食道・耳鼻いんこう科_頭頸部・耳鼻いんこう科】岐阜県多治見市白山町１丁目２３８番地ヤマカ駅北ビル１階" }, "geometry": { "type": "Point", "coordinates": [ 137.121035, 35.336973 ] } },
{ "type": "Feature", "properties": { "ID": 2121592008589, "正式名称": "たじみこころのクリニック", "機関区分": 2, "都道府県コード": 21, "市区町村コード": 204, "所在地": "岐阜県多治見市音羽町１ー２２４今泉第一ビル１階", "緯度": 35.336614, "経度": 137.120328, "url": "https://www.iryou.teikyouseido.mhlw.go.jp/znk-web/juminkanja/S2430/initialize?prefCd=21&kikanCd=1592008589&kikanKbn=2", "url2": "http://www.tajimi-kokoro.jp", "内容": "たじみこころのクリニック【2:診療所】【診療科目:精神科_心療内科_老年心療内科】岐阜県多治見市音羽町１ー２２４今泉第一ビル１階" }, "geometry": { "type": "Point", "coordinates": [ 137.120328, 35.336614 ] } },
{ "type": "Feature", "properties": { "ID": 2121592008778, "正式名称": "一般財団法人ききょうの丘健診プラザ", "機関区分": 2, "都道府県コード": 21, "市区町村コード": 212, "所在地": "岐阜県土岐市土岐ヶ丘２丁目１２番地の１", "緯度": 35.341312, "経度": 137.169357, "url": "https://www.iryou.teikyouseido.mhlw.go.jp/znk-web/juminkanja/S2430/initialize?prefCd=21&kikanCd=1592008778&kikanKbn=2", "url2": "https://www.kikyonooka.or.jp", "内容": "一般財団法人ききょうの丘健診プラザ【2:診療所】【診療科目:健康診断】岐阜県土岐市土岐ヶ丘２丁目１２番地の１" }, "geometry": { "type": "Point", "coordinates": [ 137.169357, 35.341312 ] } },
{ "type": "Feature", "properties": { "ID": 2121592008812, "正式名称": "たかだアレルギーとこどものクリニック", "機関区分": 2, "都道府県コード": 21, "市区町村コード": 204, "所在地": "岐阜県多治見市白山町５丁目５番１", "緯度": 35.342287, "経度": 137.118246, "url": "https://www.iryou.teikyouseido.mhlw.go.jp/znk-web/juminkanja/S2430/initialize?prefCd=21&kikanCd=1592008812&kikanKbn=2", "url2": "takada-kodomo.jp", "内容": "たかだアレルギーとこどものクリニック【2:診療所】【診療科目:小児科_アレルギー科】岐阜県多治見市白山町５丁目５番１" }, "geometry": { "type": "Point", "coordinates": [ 137.118246, 35.342287 ] } },
{ "type": "Feature", "properties": { "ID": 2121592008929, "正式名称": "ばんの耳鼻咽喉科", "機関区分": 2, "都道府県コード": 21, "市区町村コード": 212, "所在地": "岐阜県土岐市土岐口南町４－５０－１", "緯度": 35.337389, "経度": 137.182242, "url": "https://www.iryou.teikyouseido.mhlw.go.jp/znk-web/juminkanja/S2430/initialize?prefCd=21&kikanCd=1592008929&kikanKbn=2", "url2": "http://www.bannojibika.com/", "内容": "ばんの耳鼻咽喉科【2:診療所】【診療科目:小児科_小児耳鼻いんこう科_耳鼻いんこう科_アレルギー科】岐阜県土岐市土岐口南町４－５０－１" }, "geometry": { "type": "Point", "coordinates": [ 137.182242, 35.337389 ] } },
{ "type": "Feature", "properties": { "ID": 2121592009031, "正式名称": "中央クリニック", "機関区分": 2, "都道府県コード": 21, "市区町村コード": 204, "所在地": "岐阜県多治見市日ノ出町１－１７－１", "緯度": 35.333716, "経度": 137.131967, "url": "https://www.iryou.teikyouseido.mhlw.go.jp/znk-web/juminkanja/S2430/initialize?prefCd=21&kikanCd=1592009031&kikanKbn=2", "url2": "https://chuou-clinic.jp/", "内容": "中央クリニック【2:診療所】【診療科目:内科_腎臓内科_小児科】岐阜県多治見市日ノ出町１－１７－１" }, "geometry": { "type": "Point", "coordinates": [ 137.131967, 35.333716 ] } },
{ "type": "Feature", "properties": { "ID": 2121592009069, "正式名称": "のむら・笠原クリニック", "機関区分": 2, "都道府県コード": 21, "市区町村コード": 204, "所在地": "岐阜県多治見市笠原町字権現２２００番地１６２", "緯度": 35.293114, "経度": 137.15953, "url": "https://www.iryou.teikyouseido.mhlw.go.jp/znk-web/juminkanja/S2430/initialize?prefCd=21&kikanCd=1592009069&kikanKbn=2", "url2": "https://nomura-k-cl.com", "内容": "のむら・笠原クリニック【2:診療所】【診療科目:内科_外科_整形外科_小児科_リハビリテーション科】岐阜県多治見市笠原町字権現２２００番地１６２" }, "geometry": { "type": "Point", "coordinates": [ 137.15953, 35.293114 ] } },
{ "type": "Feature", "properties": { "ID": 2121592009146, "正式名称": "内科・心臓血管内科松下クリニック", "機関区分": 2, "都道府県コード": 21, "市区町村コード": 204, "所在地": "岐阜県多治見市根本町３丁目９３番地１", "緯度": 35.360498, "経度": 137.08868, "url": "https://www.iryou.teikyouseido.mhlw.go.jp/znk-web/juminkanja/S2430/initialize?prefCd=21&kikanCd=1592009146&kikanKbn=2", "url2": "https://tajimi-matsushita-clinic.com", "内容": "内科・心臓血管内科松下クリニック【2:診療所】【診療科目:内科_循環器内科】岐阜県多治見市根本町３丁目９３番地１" }, "geometry": { "type": "Point", "coordinates": [ 137.08868, 35.360498 ] } },
{ "type": "Feature", "properties": { "ID": 2121592009174, "正式名称": "医療法人　ＡＴＧ　いしぐろクリニック", "機関区分": 2, "都道府県コード": 21, "市区町村コード": 212, "所在地": "岐阜県土岐市泉町久尻５１６ー１７", "緯度": 35.357724, "経度": 137.179671, "url": "https://www.iryou.teikyouseido.mhlw.go.jp/znk-web/juminkanja/S2430/initialize?prefCd=21&kikanCd=1592009174&kikanKbn=2", "url2": "http://www.ishiguroclinic.jp", "内容": "医療法人　ＡＴＧ　いしぐろクリニック【2:診療所】【診療科目:内科_呼吸器内科_消化器内科_外科_肛門外科_小児科_リハビリテーション科】岐阜県土岐市泉町久尻５１６ー１７" }, "geometry": { "type": "Point", "coordinates": [ 137.179671, 35.357724 ] } },
{ "type": "Feature", "properties": { "ID": 2121592009306, "正式名称": "澤﨑内科クリニック", "機関区分": 2, "都道府県コード": 21, "市区町村コード": 208, "所在地": "岐阜県瑞浪市益見町１－１２５", "緯度": 35.361763, "経度": 137.258309, "url": "https://www.iryou.teikyouseido.mhlw.go.jp/znk-web/juminkanja/S2430/initialize?prefCd=21&kikanCd=1592009306&kikanKbn=2", "url2": "http://sawasakinaika.com", "内容": "澤﨑内科クリニック【2:診療所】【診療科目:内科_腎臓内科】岐阜県瑞浪市益見町１－１２５" }, "geometry": { "type": "Point", "coordinates": [ 137.258309, 35.361763 ] } },
{ "type": "Feature", "properties": { "ID": 2121592009320, "正式名称": "多治見スマートクリニック", "機関区分": 2, "都道府県コード": 21, "市区町村コード": 204, "所在地": "岐阜県多治見市住吉町７−２７−２７", "緯度": 35.346834, "経度": 137.121176, "url": "https://www.iryou.teikyouseido.mhlw.go.jp/znk-web/juminkanja/S2430/initialize?prefCd=21&kikanCd=1592009320&kikanKbn=2", "url2": "https://smart-clinic.cloud", "内容": "多治見スマートクリニック【2:診療所】【診療科目:内科_整形外科_皮膚科】岐阜県多治見市住吉町７−２７−２７" }, "geometry": { "type": "Point", "coordinates": [ 137.121176, 35.346834 ] } },
{ "type": "Feature", "properties": { "ID": 2121592009368, "正式名称": "かとうだいきクリニック", "機関区分": 2, "都道府県コード": 21, "市区町村コード": 204, "所在地": "岐阜県多治見市平和町４丁目６６ー１", "緯度": 35.328051, "経度": 137.119021, "url": "https://www.iryou.teikyouseido.mhlw.go.jp/znk-web/juminkanja/S2430/initialize?prefCd=21&kikanCd=1592009368&kikanKbn=2", "url2": "https://kato-daiki-clinic.com", "内容": "かとうだいきクリニック【2:診療所】【診療科目:内科_循環器内科_小児科_リハビリテーション科】岐阜県多治見市平和町４丁目６６ー１" }, "geometry": { "type": "Point", "coordinates": [ 137.119021, 35.328051 ] } },
{ "type": "Feature", "properties": { "ID": 2121592009399, "正式名称": "笠原診療所はっとり医院", "機関区分": 2, "都道府県コード": 21, "市区町村コード": 204, "所在地": "岐阜県多治見市大畑町７丁目１３８番地１", "緯度": 35.317803, "経度": 137.13717, "url": "https://www.iryou.teikyouseido.mhlw.go.jp/znk-web/juminkanja/S2430/initialize?prefCd=21&kikanCd=1592009399&kikanKbn=2", "url2": null, "内容": "笠原診療所はっとり医院【2:診療所】【診療科目:内科_小児科】岐阜県多治見市大畑町７丁目１３８番地１" }, "geometry": { "type": "Point", "coordinates": [ 137.13717, 35.317803 ] } },
{ "type": "Feature", "properties": { "ID": 2121592009435, "正式名称": "東濃眼科", "機関区分": 2, "都道府県コード": 21, "市区町村コード": 208, "所在地": "岐阜県瑞浪市西小田町５－４６", "緯度": 35.361487, "経度": 137.228611, "url": "https://www.iryou.teikyouseido.mhlw.go.jp/znk-web/juminkanja/S2430/initialize?prefCd=21&kikanCd=1592009435&kikanKbn=2", "url2": "https://www.tono-gank.com", "内容": "東濃眼科【2:診療所】【診療科目:眼科_アレルギー科】岐阜県瑞浪市西小田町５－４６" }, "geometry": { "type": "Point", "coordinates": [ 137.228611, 35.361487 ] } },
{ "type": "Feature", "properties": { "ID": 2121592009480, "正式名称": "たじみすいみんクリニック", "機関区分": 2, "都道府県コード": 21, "市区町村コード": 204, "所在地": "岐阜県多治見市前畑町１丁目８", "緯度": 35.332004, "経度": 137.120206, "url": "https://www.iryou.teikyouseido.mhlw.go.jp/znk-web/juminkanja/S2430/initialize?prefCd=21&kikanCd=1592009480&kikanKbn=2", "url2": "https://tajimisleep.com/", "内容": "たじみすいみんクリニック【2:診療所】【診療科目:精神科_心療内科】岐阜県多治見市前畑町１丁目８" }, "geometry": { "type": "Point", "coordinates": [ 137.120206, 35.332004 ] } },
{ "type": "Feature", "properties": { "ID": 2121592009505, "正式名称": "ひだまりファミリークリニック", "機関区分": 2, "都道府県コード": 21, "市区町村コード": 212, "所在地": "岐阜県土岐市肥田町肥田", "緯度": 35.346817, "経度": 137.21994, "url": "https://www.iryou.teikyouseido.mhlw.go.jp/znk-web/juminkanja/S2430/initialize?prefCd=21&kikanCd=1592009505&kikanKbn=2", "url2": "https://hidamari-fc.com", "内容": "ひだまりファミリークリニック【2:診療所】【診療科目:内科_老年内科_小児科_リハビリテーション科】岐阜県土岐市肥田町肥田" }, "geometry": { "type": "Point", "coordinates": [ 137.21994, 35.346817 ] } },
{ "type": "Feature", "properties": { "ID": 2121592009643, "正式名称": "アイクリニック土岐", "機関区分": 2, "都道府県コード": 21, "市区町村コード": 212, "所在地": "岐阜県土岐市土岐津町土岐口１３７２番地の１イオンモール土岐", "緯度": 35.345067, "経度": 137.150467, "url": "https://www.iryou.teikyouseido.mhlw.go.jp/znk-web/juminkanja/S2430/initialize?prefCd=21&kikanCd=1592009643&kikanKbn=2", "url2": null, "内容": "アイクリニック土岐【2:診療所】【診療科目:眼科】岐阜県土岐市土岐津町土岐口１３７２番地の１イオンモール土岐" }, "geometry": { "type": "Point", "coordinates": [ 137.150467, 35.345067 ] } },
{ "type": "Feature", "properties": { "ID": 2121592009862, "正式名称": "まつのみ在宅クリニック", "機関区分": 2, "都道府県コード": 21, "市区町村コード": 208, "所在地": "岐阜県瑞浪市土岐町６９６７−３", "緯度": 35.365429, "経度": 137.264157, "url": "https://www.iryou.teikyouseido.mhlw.go.jp/znk-web/juminkanja/S2430/initialize?prefCd=21&kikanCd=1592009862&kikanKbn=2", "url2": null, "内容": "まつのみ在宅クリニック【2:診療所】【診療科目:内科】岐阜県瑞浪市土岐町６９６７−３" }, "geometry": { "type": "Point", "coordinates": [ 137.264157, 35.365429 ] } },
{ "type": "Feature", "properties": { "ID": 2121592009883, "正式名称": "やまむら乳腺・外科クリニック", "機関区分": 2, "都道府県コード": 21, "市区町村コード": 204, "所在地": "岐阜県多治見市太平町３丁目７−１", "緯度": 35.335182, "経度": 137.109721, "url": "https://www.iryou.teikyouseido.mhlw.go.jp/znk-web/juminkanja/S2430/initialize?prefCd=21&kikanCd=1592009883&kikanKbn=2", "url2": "https://yamamura-cl.jp", "内容": "やまむら乳腺・外科クリニック【2:診療所】【診療科目:女性乳腺外科_肛門外科】岐阜県多治見市太平町３丁目７−１" }, "geometry": { "type": "Point", "coordinates": [ 137.109721, 35.335182 ] } },
{ "type": "Feature", "properties": { "ID": 2121592009887, "正式名称": "正翔会クリニック多治見", "機関区分": 2, "都道府県コード": 21, "市区町村コード": 204, "所在地": "岐阜県多治見市笠原町森裏２８５１－１", "緯度": 35.303499, "経度": 137.154426, "url": "https://www.iryou.teikyouseido.mhlw.go.jp/znk-web/juminkanja/S2430/initialize?prefCd=21&kikanCd=1592009887&kikanKbn=2", "url2": "https://www.nagao-zaitaku.jp/", "内容": "正翔会クリニック多治見【2:診療所】【診療科目:内科_循環器内科_消化器内科_眼科_耳鼻いんこう科_皮膚科_精神科】岐阜県多治見市笠原町森裏２８５１－１" }, "geometry": { "type": "Point", "coordinates": [ 137.154426, 35.303499 ] } },
{ "type": "Feature", "properties": { "ID": 2121592010042, "正式名称": "みずなみ在宅クリニック", "機関区分": 2, "都道府県コード": 21, "市区町村コード": 208, "所在地": "岐阜県瑞浪市薬師町２丁目８９第２ファーストビルＤ", "緯度": 35.364458, "経度": 137.232269, "url": "https://www.iryou.teikyouseido.mhlw.go.jp/znk-web/juminkanja/S2430/initialize?prefCd=21&kikanCd=1592010042&kikanKbn=2", "url2": "http://www.koukikai.gr.jp", "内容": "みずなみ在宅クリニック【2:診療所】【診療科目:内科_小児科】岐阜県瑞浪市薬師町２丁目８９第２ファーストビルＤ" }, "geometry": { "type": "Point", "coordinates": [ 137.232269, 35.364458 ] } },
{ "type": "Feature", "properties": { "ID": 2121592010064, "正式名称": "おおたけ内科クリニック", "機関区分": 2, "都道府県コード": 21, "市区町村コード": 208, "所在地": "岐阜県瑞浪市上平町４丁目４", "緯度": 35.358931, "経度": 137.253197, "url": "https://www.iryou.teikyouseido.mhlw.go.jp/znk-web/juminkanja/S2430/initialize?prefCd=21&kikanCd=1592010064&kikanKbn=2", "url2": null, "内容": "おおたけ内科クリニック【2:診療所】【診療科目:内科_糖尿病内科_内分泌内科_糖尿病・内分泌内科】岐阜県瑞浪市上平町４丁目４" }, "geometry": { "type": "Point", "coordinates": [ 137.253197, 35.358931 ] } },
{ "type": "Feature", "properties": { "ID": 2121602001286, "正式名称": "田中クリニック", "機関区分": 2, "都道府県コード": 21, "市区町村コード": 210, "所在地": "岐阜県恵那市岩村町飯羽間２３４７ー１", "緯度": 35.380128, "経度": 137.431365, "url": "https://www.iryou.teikyouseido.mhlw.go.jp/znk-web/juminkanja/S2430/initialize?prefCd=21&kikanCd=1602001286&kikanKbn=2", "url2": null, "内容": "田中クリニック【2:診療所】【診療科目:内科_糖尿病内科_代謝内科_内分泌内科_脂質代謝内科_呼吸器内科_循環器内科_アレルギー疾患内科_外科_小児科_アレルギー科】岐阜県恵那市岩村町飯羽間２３４７ー１" }, "geometry": { "type": "Point", "coordinates": [ 137.431365, 35.380128 ] } },
{ "type": "Feature", "properties": { "ID": 2121602001287, "正式名称": "恵那市国民健康保険串原診療所", "機関区分": 2, "都道府県コード": 21, "市区町村コード": 210, "所在地": "岐阜県恵那市串原３１７１ー１", "緯度": 35.260183, "経度": 137.40562, "url": "https://www.iryou.teikyouseido.mhlw.go.jp/znk-web/juminkanja/S2430/initialize?prefCd=21&kikanCd=1602001287&kikanKbn=2", "url2": null, "内容": "恵那市国民健康保険串原診療所【2:診療所】【診療科目:内科_外科_小児科】岐阜県恵那市串原３１７１ー１" }, "geometry": { "type": "Point", "coordinates": [ 137.40562, 35.260183 ] } },
{ "type": "Feature", "properties": { "ID": 2121602001295, "正式名称": "中津川市国民健康保険川上診療所", "機関区分": 2, "都道府県コード": 21, "市区町村コード": 206, "所在地": "岐阜県中津川市川上１４３７－１", "緯度": 35.609978, "経度": 137.498222, "url": "https://www.iryou.teikyouseido.mhlw.go.jp/znk-web/juminkanja/S2430/initialize?prefCd=21&kikanCd=1602001295&kikanKbn=2", "url2": null, "内容": "中津川市国民健康保険川上診療所【2:診療所】【診療科目:内科_小児科】岐阜県中津川市川上１４３７－１" }, "geometry": { "type": "Point", "coordinates": [ 137.498222, 35.609978 ] } },
{ "type": "Feature", "properties": { "ID": 2121602001297, "正式名称": "中津川市国民健康保険蛭川診療所", "機関区分": 2, "都道府県コード": 21, "市区町村コード": 206, "所在地": "岐阜県中津川市蛭川２３５８ー３", "緯度": 35.529487, "経度": 137.380548, "url": "https://www.iryou.teikyouseido.mhlw.go.jp/znk-web/juminkanja/S2430/initialize?prefCd=21&kikanCd=1602001297&kikanKbn=2", "url2": null, "内容": "中津川市国民健康保険蛭川診療所【2:診療所】【診療科目:内科_小児科_歯科_歯科口腔外科】岐阜県中津川市蛭川２３５８ー３" }, "geometry": { "type": "Point", "coordinates": [ 137.380548, 35.529487 ] } },
{ "type": "Feature", "properties": { "ID": 2121602001299, "正式名称": "みお医院", "機関区分": 2, "都道府県コード": 21, "市区町村コード": 206, "所在地": "岐阜県中津川市付知町２７１１－１", "緯度": 35.669789, "経度": 137.419761, "url": "https://www.iryou.teikyouseido.mhlw.go.jp/znk-web/juminkanja/S2430/initialize?prefCd=21&kikanCd=1602001299&kikanKbn=2", "url2": null, "内容": "みお医院【2:診療所】【診療科目:内科_呼吸器内科_消化器内科_外科_肛門外科_リハビリテーション科】岐阜県中津川市付知町２７１１－１" }, "geometry": { "type": "Point", "coordinates": [ 137.419761, 35.669789 ] } },
{ "type": "Feature", "properties": { "ID": 2121602001303, "正式名称": "竹内医院", "機関区分": 2, "都道府県コード": 21, "市区町村コード": 206, "所在地": "岐阜県中津川市付知町字立ノ神５８０６ー３", "緯度": 35.657476, "経度": 137.428141, "url": "https://www.iryou.teikyouseido.mhlw.go.jp/znk-web/juminkanja/S2430/initialize?prefCd=21&kikanCd=1602001303&kikanKbn=2", "url2": null, "内容": "竹内医院【2:診療所】【診療科目:内科_外科_小児科_眼科】岐阜県中津川市付知町字立ノ神５８０６ー３" }, "geometry": { "type": "Point", "coordinates": [ 137.428141, 35.657476 ] } },
{ "type": "Feature", "properties": { "ID": 2121602001306, "正式名称": "医療法人社団福寿会　今井医院", "機関区分": 2, "都道府県コード": 21, "市区町村コード": 206, "所在地": "岐阜県中津川市田瀬９７２－１", "緯度": 35.616935, "経度": 137.460338, "url": "https://www.iryou.teikyouseido.mhlw.go.jp/znk-web/juminkanja/S2430/initialize?prefCd=21&kikanCd=1602001306&kikanKbn=2", "url2": null, "内容": "医療法人社団福寿会　今井医院【2:診療所】【診療科目:内科_小児科_リハビリテーション科】岐阜県中津川市田瀬９７２－１" }, "geometry": { "type": "Point", "coordinates": [ 137.460338, 35.616935 ] } },
{ "type": "Feature", "properties": { "ID": 2121602001307, "正式名称": "深谷医院", "機関区分": 2, "都道府県コード": 21, "市区町村コード": 206, "所在地": "岐阜県中津川市福岡１０６８", "緯度": 35.559354, "経度": 137.448835, "url": "https://www.iryou.teikyouseido.mhlw.go.jp/znk-web/juminkanja/S2430/initialize?prefCd=21&kikanCd=1602001307&kikanKbn=2", "url2": null, "内容": "深谷医院【2:診療所】【診療科目:内科_胃腸内科_外科_小児科_リハビリテーション科_放射線科】岐阜県中津川市福岡１０６８" }, "geometry": { "type": "Point", "coordinates": [ 137.448835, 35.559354 ] } },
{ "type": "Feature", "properties": { "ID": 2121602001310, "正式名称": "丹羽内科・ペインクリニック", "機関区分": 2, "都道府県コード": 21, "市区町村コード": 206, "所在地": "岐阜県中津川市福岡９３９ー１６", "緯度": 35.56301, "経度": 137.451518, "url": "https://www.iryou.teikyouseido.mhlw.go.jp/znk-web/juminkanja/S2430/initialize?prefCd=21&kikanCd=1602001310&kikanKbn=2", "url2": "http://www.takenet.or.jp/~kazukoh/index.html", "内容": "丹羽内科・ペインクリニック【2:診療所】【診療科目:内科_ペインクリニック内科_小児科_アレルギー科】岐阜県中津川市福岡９３９ー１６" }, "geometry": { "type": "Point", "coordinates": [ 137.451518, 35.56301 ] } },
{ "type": "Feature", "properties": { "ID": 2121602001311, "正式名称": "おおさわ医院", "機関区分": 2, "都道府県コード": 21, "市区町村コード": 210, "所在地": "岐阜県恵那市明智町１０９－１７", "緯度": 35.308799, "経度": 137.38996, "url": "https://www.iryou.teikyouseido.mhlw.go.jp/znk-web/juminkanja/S2430/initialize?prefCd=21&kikanCd=1602001311&kikanKbn=2", "url2": null, "内容": "おおさわ医院【2:診療所】【診療科目:内科_呼吸器内科_小児科】岐阜県恵那市明智町１０９－１７" }, "geometry": { "type": "Point", "coordinates": [ 137.38996, 35.308799 ] } },
{ "type": "Feature", "properties": { "ID": 2121602001317, "正式名称": "恵那市国民健康保険岩村診療所", "機関区分": 2, "都道府県コード": 21, "市区町村コード": 210, "所在地": "岐阜県恵那市岩村町１６５０番地１", "緯度": 35.365655, "経度": 137.435598, "url": "https://www.iryou.teikyouseido.mhlw.go.jp/znk-web/juminkanja/S2430/initialize?prefCd=21&kikanCd=1602001317&kikanKbn=2", "url2": "http://www.city.ena.lg.jp/machi/hospital/iwamura", "内容": "恵那市国民健康保険岩村診療所【2:診療所】【診療科目:内科_人工透析内科_整形外科_小児科_耳鼻いんこう科_リハビリテーション科】岐阜県恵那市岩村町１６５０番地１" }, "geometry": { "type": "Point", "coordinates": [ 137.435598, 35.365655 ] } },
{ "type": "Feature", "properties": { "ID": 2121602001319, "正式名称": "恵那市国民健康保険三郷診療所", "機関区分": 2, "都道府県コード": 21, "市区町村コード": 210, "所在地": "岐阜県恵那市三郷町佐々良木", "緯度": 35.410478, "経度": 137.36606, "url": "https://www.iryou.teikyouseido.mhlw.go.jp/znk-web/juminkanja/S2430/initialize?prefCd=21&kikanCd=1602001319&kikanKbn=2", "url2": null, "内容": "恵那市国民健康保険三郷診療所【2:診療所】【診療科目:内科_小児科】岐阜県恵那市三郷町佐々良木" }, "geometry": { "type": "Point", "coordinates": [ 137.36606, 35.410478 ] } },
{ "type": "Feature", "properties": { "ID": 2121602001320, "正式名称": "恵那市国民健康保険山岡診療所", "機関区分": 2, "都道府県コード": 21, "市区町村コード": 210, "所在地": "岐阜県恵那市山岡町上手向５９５番地", "緯度": 35.353231, "経度": 137.380425, "url": "https://www.iryou.teikyouseido.mhlw.go.jp/znk-web/juminkanja/S2430/initialize?prefCd=21&kikanCd=1602001320&kikanKbn=2", "url2": "http://yamaoka.jadecom.or.jp/", "内容": "恵那市国民健康保険山岡診療所【2:診療所】【診療科目:内科_胃腸内科_整形外科_小児科_放射線科】岐阜県恵那市山岡町上手向５９５番地" }, "geometry": { "type": "Point", "coordinates": [ 137.380425, 35.353231 ] } },
{ "type": "Feature", "properties": { "ID": 2121602001321, "正式名称": "井口ハートクリニック", "機関区分": 2, "都道府県コード": 21, "市区町村コード": 210, "所在地": "岐阜県恵那市大井町１０６４ー１", "緯度": 35.452465, "経度": 137.422195, "url": "https://www.iryou.teikyouseido.mhlw.go.jp/znk-web/juminkanja/S2430/initialize?prefCd=21&kikanCd=1602001321&kikanKbn=2", "url2": "http://www.keiyu-kai.com/", "内容": "井口ハートクリニック【2:診療所】【診療科目:内科_呼吸器内科_循環器内科】岐阜県恵那市大井町１０６４ー１" }, "geometry": { "type": "Point", "coordinates": [ 137.422195, 35.452465 ] } },
{ "type": "Feature", "properties": { "ID": 2121602001322, "正式名称": "蜂谷医院", "機関区分": 2, "都道府県コード": 21, "市区町村コード": 210, "所在地": "岐阜県恵那市大井町１７４ー２０", "緯度": 35.453401, "経度": 137.410193, "url": "https://www.iryou.teikyouseido.mhlw.go.jp/znk-web/juminkanja/S2430/initialize?prefCd=21&kikanCd=1602001322&kikanKbn=2", "url2": null, "内容": "蜂谷医院【2:診療所】【診療科目:内科_小児科_児童精神科_耳鼻いんこう科】岐阜県恵那市大井町１７４ー２０" }, "geometry": { "type": "Point", "coordinates": [ 137.410193, 35.453401 ] } },
{ "type": "Feature", "properties": { "ID": 2121602001323, "正式名称": "医療法人仁誠会大湫病院附属恵那診療所", "機関区分": 2, "都道府県コード": 21, "市区町村コード": 210, "所在地": "岐阜県恵那市大井町１８０ー２６", "緯度": 35.452698, "経度": 137.411113, "url": "https://www.iryou.teikyouseido.mhlw.go.jp/znk-web/juminkanja/S2430/initialize?prefCd=21&kikanCd=1602001323&kikanKbn=2", "url2": null, "内容": "医療法人仁誠会大湫病院附属恵那診療所【2:診療所】【診療科目:内科_神経内科_精神科】岐阜県恵那市大井町１８０ー２６" }, "geometry": { "type": "Point", "coordinates": [ 137.411113, 35.452698 ] } },
{ "type": "Feature", "properties": { "ID": 2121602001324, "正式名称": "加藤クリ", "機関区分": 2, "都道府県コード": 21, "市区町村コード": 210, "所在地": "岐阜県恵那市大井町２０８７ー４５０", "緯度": 35.456036, "経度": 137.429714, "url": "https://www.iryou.teikyouseido.mhlw.go.jp/znk-web/juminkanja/S2430/initialize?prefCd=21&kikanCd=1602001324&kikanKbn=2", "url2": null, "内容": "加藤クリ【2:診療所】【診療科目:内科_外科_皮膚科_泌尿器科】岐阜県恵那市大井町２０８７ー４５０" }, "geometry": { "type": "Point", "coordinates": [ 137.429714, 35.456036 ] } },
{ "type": "Feature", "properties": { "ID": 2121602001328, "正式名称": "十全堂医院", "機関区分": 2, "都道府県コード": 21, "市区町村コード": 210, "所在地": "岐阜県恵那市中野方町２７６４ー１", "緯度": 35.524352, "経度": 137.311271, "url": "https://www.iryou.teikyouseido.mhlw.go.jp/znk-web/juminkanja/S2430/initialize?prefCd=21&kikanCd=1602001328&kikanKbn=2", "url2": null, "内容": "十全堂医院【2:診療所】【診療科目:内科_小児科】岐阜県恵那市中野方町２７６４ー１" }, "geometry": { "type": "Point", "coordinates": [ 137.311271, 35.524352 ] } },
{ "type": "Feature", "properties": { "ID": 2121602001329, "正式名称": "おがわ医院", "機関区分": 2, "都道府県コード": 21, "市区町村コード": 210, "所在地": "岐阜県恵那市長島町永田３３２ー１１３", "緯度": 35.440413, "経度": 137.40675, "url": "https://www.iryou.teikyouseido.mhlw.go.jp/znk-web/juminkanja/S2430/initialize?prefCd=21&kikanCd=1602001329&kikanKbn=2", "url2": null, "内容": "おがわ医院【2:診療所】【診療科目:内科_消化器内科】岐阜県恵那市長島町永田３３２ー１１３" }, "geometry": { "type": "Point", "coordinates": [ 137.40675, 35.440413 ] } },
{ "type": "Feature", "properties": { "ID": 2121602001335, "正式名称": "恵那ファミリークリニック", "機関区分": 2, "都道府県コード": 21, "市区町村コード": 210, "所在地": "岐阜県恵那市長島町正家三丁目９番地１２", "緯度": 35.447176, "経度": 137.416595, "url": "https://www.iryou.teikyouseido.mhlw.go.jp/znk-web/juminkanja/S2430/initialize?prefCd=21&kikanCd=1602001335&kikanKbn=2", "url2": "http://efc1800.jp", "内容": "恵那ファミリークリニック【2:診療所】【診療科目:内科_外科_整形外科_小児科_皮膚科_リハビリテーション科】岐阜県恵那市長島町正家三丁目９番地１２" }, "geometry": { "type": "Point", "coordinates": [ 137.416595, 35.447176 ] } },
{ "type": "Feature", "properties": { "ID": 2121602001337, "正式名称": "中部クリニック", "機関区分": 2, "都道府県コード": 21, "市区町村コード": 210, "所在地": "岐阜県恵那市長島町中野１２１４ー４１", "緯度": 35.455934, "経度": 137.395279, "url": "https://www.iryou.teikyouseido.mhlw.go.jp/znk-web/juminkanja/S2430/initialize?prefCd=21&kikanCd=1602001337&kikanKbn=2", "url2": "https://chubu-gpf.or.jp/", "内容": "中部クリニック【2:診療所】【診療科目:内科_泌尿器科_リハビリテーション科】岐阜県恵那市長島町中野１２１４ー４１" }, "geometry": { "type": "Point", "coordinates": [ 137.395279, 35.455934 ] } },
{ "type": "Feature", "properties": { "ID": 2121602001340, "正式名称": "松下眼科医院", "機関区分": 2, "都道府県コード": 21, "市区町村コード": 210, "所在地": "岐阜県恵那市長島町中野１ー７", "緯度": 35.445204, "経度": 137.413137, "url": "https://www.iryou.teikyouseido.mhlw.go.jp/znk-web/juminkanja/S2430/initialize?prefCd=21&kikanCd=1602001340&kikanKbn=2", "url2": null, "内容": "松下眼科医院【2:診療所】【診療科目:眼科】岐阜県恵那市長島町中野１ー７" }, "geometry": { "type": "Point", "coordinates": [ 137.413137, 35.445204 ] } },
{ "type": "Feature", "properties": { "ID": 2121602001341, "正式名称": "度会医院", "機関区分": 2, "都道府県コード": 21, "市区町村コード": 210, "所在地": "岐阜県恵那市長島町中野３０１ー６", "緯度": 35.451997, "経度": 137.40751, "url": "https://www.iryou.teikyouseido.mhlw.go.jp/znk-web/juminkanja/S2430/initialize?prefCd=21&kikanCd=1602001341&kikanKbn=2", "url2": null, "内容": "度会医院【2:診療所】【診療科目:内科_小児科】岐阜県恵那市長島町中野３０１ー６" }, "geometry": { "type": "Point", "coordinates": [ 137.40751, 35.451997 ] } },
{ "type": "Feature", "properties": { "ID": 2121602001348, "正式名称": "長谷川皮膚科", "機関区分": 2, "都道府県コード": 21, "市区町村コード": 210, "所在地": "岐阜県恵那市東野２０１７ー７", "緯度": 35.439999, "経度": 137.439971, "url": "https://www.iryou.teikyouseido.mhlw.go.jp/znk-web/juminkanja/S2430/initialize?prefCd=21&kikanCd=1602001348&kikanKbn=2", "url2": null, "内容": "長谷川皮膚科【2:診療所】【診療科目:内科_皮膚科_アレルギー科】岐阜県恵那市東野２０１７ー７" }, "geometry": { "type": "Point", "coordinates": [ 137.439971, 35.439999 ] } },
{ "type": "Feature", "properties": { "ID": 2121602001349, "正式名称": "恵那市国民健康保険飯地診療所", "機関区分": 2, "都道府県コード": 21, "市区町村コード": 210, "所在地": "岐阜県恵那市飯地町", "緯度": 35.48224, "経度": 137.289974, "url": "https://www.iryou.teikyouseido.mhlw.go.jp/znk-web/juminkanja/S2430/initialize?prefCd=21&kikanCd=1602001349&kikanKbn=2", "url2": null, "内容": "恵那市国民健康保険飯地診療所【2:診療所】【診療科目:内科_外科_小児科】岐阜県恵那市飯地町" }, "geometry": { "type": "Point", "coordinates": [ 137.289974, 35.48224 ] } },
{ "type": "Feature", "properties": { "ID": 2121602001767, "正式名称": "恵北医院", "機関区分": 2, "都道府県コード": 21, "市区町村コード": 206, "所在地": "岐阜県中津川市えびす町３番２５号", "緯度": 35.496032, "経度": 137.505554, "url": "https://www.iryou.teikyouseido.mhlw.go.jp/znk-web/juminkanja/S2430/initialize?prefCd=21&kikanCd=1602001767&kikanKbn=2", "url2": null, "内容": "恵北医院【2:診療所】【診療科目:内科_循環器内科_小児科】岐阜県中津川市えびす町３番２５号" }, "geometry": { "type": "Point", "coordinates": [ 137.505554, 35.496032 ] } },
{ "type": "Feature", "properties": { "ID": 2121602001775, "正式名称": "さか整形外科", "機関区分": 2, "都道府県コード": 21, "市区町村コード": 206, "所在地": "岐阜県中津川市茄子川１５１ー１６７", "緯度": 35.480407, "経度": 137.422658, "url": "https://www.iryou.teikyouseido.mhlw.go.jp/znk-web/juminkanja/S2430/initialize?prefCd=21&kikanCd=1602001775&kikanKbn=2", "url2": "http://www.myclinic.ne.jp/saka98/pc/", "内容": "さか整形外科【2:診療所】【診療科目:整形外科_リウマチ科_リハビリテーション科】岐阜県中津川市茄子川１５１ー１６７" }, "geometry": { "type": "Point", "coordinates": [ 137.422658, 35.480407 ] } },
{ "type": "Feature", "properties": { "ID": 2121602001782, "正式名称": "服部内科クリニック", "機関区分": 2, "都道府県コード": 21, "市区町村コード": 206, "所在地": "岐阜県中津川市駒場字大峡１５４７ー２０", "緯度": 35.494813, "経度": 137.481664, "url": "https://www.iryou.teikyouseido.mhlw.go.jp/znk-web/juminkanja/S2430/initialize?prefCd=21&kikanCd=1602001782&kikanKbn=2", "url2": null, "内容": "服部内科クリニック【2:診療所】【診療科目:内科_糖尿病内科_呼吸器内科_循環器内科_神経内科_小児科】岐阜県中津川市駒場字大峡１５４７ー２０" }, "geometry": { "type": "Point", "coordinates": [ 137.481664, 35.494813 ] } },
{ "type": "Feature", "properties": { "ID": 2121602001785, "正式名称": "木村内科", "機関区分": 2, "都道府県コード": 21, "市区町村コード": 206, "所在地": "岐阜県中津川市手賀野４００−１", "緯度": 35.480251, "経度": 137.498214, "url": "https://www.iryou.teikyouseido.mhlw.go.jp/znk-web/juminkanja/S2430/initialize?prefCd=21&kikanCd=1602001785&kikanKbn=2", "url2": "http://kimura-cl.jp/", "内容": "木村内科【2:診療所】【診療科目:内科_循環器内科_消化器内科_小児科_リハビリテーション科】岐阜県中津川市手賀野４００−１" }, "geometry": { "type": "Point", "coordinates": [ 137.498214, 35.480251 ] } },
{ "type": "Feature", "properties": { "ID": 2121602001786, "正式名称": "木村眼科", "機関区分": 2, "都道府県コード": 21, "市区町村コード": 206, "所在地": "岐阜県中津川市手賀野４００－１", "緯度": 35.480281, "経度": 137.498494, "url": "https://www.iryou.teikyouseido.mhlw.go.jp/znk-web/juminkanja/S2430/initialize?prefCd=21&kikanCd=1602001786&kikanKbn=2", "url2": "http://kimura-cl.jp", "内容": "木村眼科【2:診療所】【診療科目:眼科】岐阜県中津川市手賀野４００－１" }, "geometry": { "type": "Point", "coordinates": [ 137.498494, 35.480281 ] } },
{ "type": "Feature", "properties": { "ID": 2121602001790, "正式名称": "林メディカルクリニック", "機関区分": 2, "都道府県コード": 21, "市区町村コード": 206, "所在地": "岐阜県中津川市新町五番六号", "緯度": 35.497628, "経度": 137.504193, "url": "https://www.iryou.teikyouseido.mhlw.go.jp/znk-web/juminkanja/S2430/initialize?prefCd=21&kikanCd=1602001790&kikanKbn=2", "url2": "http://www.hayashi-mc.jp/", "内容": "林メディカルクリニック【2:診療所】【診療科目:内科_小児科_産婦人科_女性泌尿器科】岐阜県中津川市新町五番六号" }, "geometry": { "type": "Point", "coordinates": [ 137.504193, 35.497628 ] } },
{ "type": "Feature", "properties": { "ID": 2121602001801, "正式名称": "ささきクリニック", "機関区分": 2, "都道府県コード": 21, "市区町村コード": 206, "所在地": "岐阜県中津川市中津川１２００ー２", "緯度": 35.500076, "経度": 137.511154, "url": "https://www.iryou.teikyouseido.mhlw.go.jp/znk-web/juminkanja/S2430/initialize?prefCd=21&kikanCd=1602001801&kikanKbn=2", "url2": null, "内容": "ささきクリニック【2:診療所】【診療科目:消化器内科_外科】岐阜県中津川市中津川１２００ー２" }, "geometry": { "type": "Point", "coordinates": [ 137.511154, 35.500076 ] } },
{ "type": "Feature", "properties": { "ID": 2121602001808, "正式名称": "田口クリニック耳鼻咽喉科・気管食道科", "機関区分": 2, "都道府県コード": 21, "市区町村コード": 206, "所在地": "岐阜県中津川市中一色町", "緯度": 35.491753, "経度": 137.509662, "url": "https://www.iryou.teikyouseido.mhlw.go.jp/znk-web/juminkanja/S2430/initialize?prefCd=21&kikanCd=1602001808&kikanKbn=2", "url2": null, "内容": "田口クリニック耳鼻咽喉科・気管食道科【2:診療所】【診療科目:耳鼻いんこう科_気管食道・耳鼻いんこう科_アレルギー科】岐阜県中津川市中一色町" }, "geometry": { "type": "Point", "coordinates": [ 137.509662, 35.491753 ] } },
{ "type": "Feature", "properties": { "ID": 2121602001809, "正式名称": "医療法人由輝会　小島クリニック", "機関区分": 2, "都道府県コード": 21, "市区町村コード": 206, "所在地": "岐阜県中津川市中津川７７７ー１", "緯度": 35.503884, "経度": 137.508805, "url": "https://www.iryou.teikyouseido.mhlw.go.jp/znk-web/juminkanja/S2430/initialize?prefCd=21&kikanCd=1602001809&kikanKbn=2", "url2": null, "内容": "医療法人由輝会　小島クリニック【2:診療所】【診療科目:内科_小児科_皮膚科_泌尿器科】岐阜県中津川市中津川７７７ー１" }, "geometry": { "type": "Point", "coordinates": [ 137.508805, 35.503884 ] } },
{ "type": "Feature", "properties": { "ID": 2121602001811, "正式名称": "上田医院", "機関区分": 2, "都道府県コード": 21, "市区町村コード": 206, "所在地": "岐阜県中津川市苗木７４２４", "緯度": 35.525905, "経度": 137.466789, "url": "https://www.iryou.teikyouseido.mhlw.go.jp/znk-web/juminkanja/S2430/initialize?prefCd=21&kikanCd=1602001811&kikanKbn=2", "url2": null, "内容": "上田医院【2:診療所】【診療科目:内科_緩和ケア内科_外科_小児科_精神科_心療内科_リハビリテーション科】岐阜県中津川市苗木７４２４" }, "geometry": { "type": "Point", "coordinates": [ 137.466789, 35.525905 ] } },
{ "type": "Feature", "properties": { "ID": 2121602001814, "正式名称": "田口医院", "機関区分": 2, "都道府県コード": 21, "市区町村コード": 206, "所在地": "岐阜県中津川市本町２丁目６番３６号", "緯度": 35.494958, "経度": 137.501302, "url": "https://www.iryou.teikyouseido.mhlw.go.jp/znk-web/juminkanja/S2430/initialize?prefCd=21&kikanCd=1602001814&kikanKbn=2", "url2": null, "内容": "田口医院【2:診療所】【診療科目:内科_消化器内科_小児科】岐阜県中津川市本町２丁目６番３６号" }, "geometry": { "type": "Point", "coordinates": [ 137.501302, 35.494958 ] } },
{ "type": "Feature", "properties": { "ID": 2121602001815, "正式名称": "本町整形外科", "機関区分": 2, "都道府県コード": 21, "市区町村コード": 206, "所在地": "岐阜県中津川市本町４ー２ー１５", "緯度": 35.492658, "経度": 137.500643, "url": "https://www.iryou.teikyouseido.mhlw.go.jp/znk-web/juminkanja/S2430/initialize?prefCd=21&kikanCd=1602001815&kikanKbn=2", "url2": "http://www.ots.ne.jp/tsuneda/index.htmi", "内容": "本町整形外科【2:診療所】【診療科目:整形外科_リウマチ科_リハビリテーション科】岐阜県中津川市本町４ー２ー１５" }, "geometry": { "type": "Point", "coordinates": [ 137.500643, 35.492658 ] } },
{ "type": "Feature", "properties": { "ID": 2121602001816, "正式名称": "中津クリニック", "機関区分": 2, "都道府県コード": 21, "市区町村コード": 206, "所在地": "岐阜県中津川市本町４丁目２番２８号", "緯度": 35.491845, "経度": 137.500969, "url": "https://www.iryou.teikyouseido.mhlw.go.jp/znk-web/juminkanja/S2430/initialize?prefCd=21&kikanCd=1602001816&kikanKbn=2", "url2": "https://nakatsu-cl.doctorsfile.jp/", "内容": "中津クリニック【2:診療所】【診療科目:内科_小児科】岐阜県中津川市本町４丁目２番２８号" }, "geometry": { "type": "Point", "coordinates": [ 137.500969, 35.491845 ] } },
{ "type": "Feature", "properties": { "ID": 2121602001817, "正式名称": "恵那医院", "機関区分": 2, "都道府県コード": 21, "市区町村コード": 206, "所在地": "岐阜県中津川市本町４ー４ー１０", "緯度": 35.493008, "経度": 137.499683, "url": "https://www.iryou.teikyouseido.mhlw.go.jp/znk-web/juminkanja/S2430/initialize?prefCd=21&kikanCd=1602001817&kikanKbn=2", "url2": "http://www.enaiin.org", "内容": "恵那医院【2:診療所】【診療科目:内科_糖尿病内科_リハビリテーション科】岐阜県中津川市本町４ー４ー１０" }, "geometry": { "type": "Point", "coordinates": [ 137.499683, 35.493008 ] } },
{ "type": "Feature", "properties": { "ID": 2121602001820, "正式名称": "中川医院", "機関区分": 2, "都道府県コード": 21, "市区町村コード": 206, "所在地": "岐阜県中津川市落合２０７ー５", "緯度": 35.513501, "経度": 137.526559, "url": "https://www.iryou.teikyouseido.mhlw.go.jp/znk-web/juminkanja/S2430/initialize?prefCd=21&kikanCd=1602001820&kikanKbn=2", "url2": null, "内容": "中川医院【2:診療所】【診療科目:内科_小児科_皮膚科_アレルギー科】岐阜県中津川市落合２０７ー５" }, "geometry": { "type": "Point", "coordinates": [ 137.526559, 35.513501 ] } },
{ "type": "Feature", "properties": { "ID": 2121602005945, "正式名称": "さつき内科・小児科クリニック", "機関区分": 2, "都道府県コード": 21, "市区町村コード": 210, "所在地": "岐阜県恵那市大井町１００２－１", "緯度": 35.452311, "経度": 137.418058, "url": "https://www.iryou.teikyouseido.mhlw.go.jp/znk-web/juminkanja/S2430/initialize?prefCd=21&kikanCd=1602005945&kikanKbn=2", "url2": "http://www.satuki-c.jp", "内容": "さつき内科・小児科クリニック【2:診療所】【診療科目:内科_消化器内科_小児科_リウマチ科】岐阜県恵那市大井町１００２－１" }, "geometry": { "type": "Point", "coordinates": [ 137.418058, 35.452311 ] } },
{ "type": "Feature", "properties": { "ID": 2121602005994, "正式名称": "ハナノキ内科クリニック", "機関区分": 2, "都道府県コード": 21, "市区町村コード": 206, "所在地": "岐阜県中津川市高山１９１６‐２", "緯度": 35.532544, "経度": 137.443446, "url": "https://www.iryou.teikyouseido.mhlw.go.jp/znk-web/juminkanja/S2430/initialize?prefCd=21&kikanCd=1602005994&kikanKbn=2", "url2": null, "内容": "ハナノキ内科クリニック【2:診療所】【診療科目:内科_糖尿病内科_消化器内科_小児科】岐阜県中津川市高山１９１６‐２" }, "geometry": { "type": "Point", "coordinates": [ 137.443446, 35.532544 ] } },
{ "type": "Feature", "properties": { "ID": 2121602006039, "正式名称": "回生堂医院", "機関区分": 2, "都道府県コード": 21, "市区町村コード": 206, "所在地": "岐阜県中津川市付知町６８５９番地３", "緯度": 35.647872, "経度": 137.432064, "url": "https://www.iryou.teikyouseido.mhlw.go.jp/znk-web/juminkanja/S2430/initialize?prefCd=21&kikanCd=1602006039&kikanKbn=2", "url2": null, "内容": "回生堂医院【2:診療所】【診療科目:内科_小児科】岐阜県中津川市付知町６８５９番地３" }, "geometry": { "type": "Point", "coordinates": [ 137.432064, 35.647872 ] } },
{ "type": "Feature", "properties": { "ID": 2121602006163, "正式名称": "河村医院", "機関区分": 2, "都道府県コード": 21, "市区町村コード": 206, "所在地": "岐阜県中津川市加子母５０６１ー９", "緯度": 35.696346, "経度": 137.383779, "url": "https://www.iryou.teikyouseido.mhlw.go.jp/znk-web/juminkanja/S2430/initialize?prefCd=21&kikanCd=1602006163&kikanKbn=2", "url2": null, "内容": "河村医院【2:診療所】【診療科目:内科_小児科】岐阜県中津川市加子母５０６１ー９" }, "geometry": { "type": "Point", "coordinates": [ 137.383779, 35.696346 ] } },
{ "type": "Feature", "properties": { "ID": 2121602006284, "正式名称": "河上クリニック", "機関区分": 2, "都道府県コード": 21, "市区町村コード": 210, "所在地": "岐阜県恵那市長島町中野１９－４", "緯度": 35.44491, "経度": 137.412223, "url": "https://www.iryou.teikyouseido.mhlw.go.jp/znk-web/juminkanja/S2430/initialize?prefCd=21&kikanCd=1602006284&kikanKbn=2", "url2": "https://kawakamiclinic.jimdoweb.com/", "内容": "河上クリニック【2:診療所】【診療科目:内科_循環器内科_小児科】岐阜県恵那市長島町中野１９－４" }, "geometry": { "type": "Point", "coordinates": [ 137.412223, 35.44491 ] } },
{ "type": "Feature", "properties": { "ID": 2121602006568, "正式名称": "医療法人　医済会　山田診療所", "機関区分": 2, "都道府県コード": 21, "市区町村コード": 210, "所在地": "岐阜県恵那市明智町８４９番地２", "緯度": 35.302843, "経度": 137.386679, "url": "https://www.iryou.teikyouseido.mhlw.go.jp/znk-web/juminkanja/S2430/initialize?prefCd=21&kikanCd=1602006568&kikanKbn=2", "url2": "http://www.isaikai.com/index.html", "内容": "医療法人　医済会　山田診療所【2:診療所】【診療科目:内科_小児科】岐阜県恵那市明智町８４９番地２" }, "geometry": { "type": "Point", "coordinates": [ 137.386679, 35.302843 ] } },
{ "type": "Feature", "properties": { "ID": 2121602006612, "正式名称": "尾崎医院", "機関区分": 2, "都道府県コード": 21, "市区町村コード": 210, "所在地": "岐阜県恵那市明智町８７４ー３", "緯度": 35.301864, "経度": 137.388502, "url": "https://www.iryou.teikyouseido.mhlw.go.jp/znk-web/juminkanja/S2430/initialize?prefCd=21&kikanCd=1602006612&kikanKbn=2", "url2": null, "内容": "尾崎医院【2:診療所】【診療科目:内科_外科_整形外科_小児科_皮膚科】岐阜県恵那市明智町８７４ー３" }, "geometry": { "type": "Point", "coordinates": [ 137.388502, 35.301864 ] } },
{ "type": "Feature", "properties": { "ID": 2121602007043, "正式名称": "医療法人　古橋内科クリニック", "機関区分": 2, "都道府県コード": 21, "市区町村コード": 206, "所在地": "岐阜県中津川市津島町５４４－５", "緯度": 35.491951, "経度": 137.494086, "url": "https://www.iryou.teikyouseido.mhlw.go.jp/znk-web/juminkanja/S2430/initialize?prefCd=21&kikanCd=1602007043&kikanKbn=2", "url2": "https://furuhashi-naika-clinic.com", "内容": "医療法人　古橋内科クリニック【2:診療所】【診療科目:内科_呼吸器内科_循環器内科】岐阜県中津川市津島町５４４－５" }, "geometry": { "type": "Point", "coordinates": [ 137.494086, 35.491951 ] } },
{ "type": "Feature", "properties": { "ID": 2121602007098, "正式名称": "上近藤診療所", "機関区分": 2, "都道府県コード": 21, "市区町村コード": 210, "所在地": "岐阜県恵那市中野方町２３０１", "緯度": 35.520195, "経度": 137.310034, "url": "https://www.iryou.teikyouseido.mhlw.go.jp/znk-web/juminkanja/S2430/initialize?prefCd=21&kikanCd=1602007098&kikanKbn=2", "url2": null, "内容": "上近藤診療所【2:診療所】【診療科目:内科_形成外科_皮膚科】岐阜県恵那市中野方町２３０１" }, "geometry": { "type": "Point", "coordinates": [ 137.310034, 35.520195 ] } },
{ "type": "Feature", "properties": { "ID": 2121602007322, "正式名称": "たぐち耳鼻咽喉科", "機関区分": 2, "都道府県コード": 21, "市区町村コード": 210, "所在地": "岐阜県恵那市長島町中野二丁目７ー２", "緯度": 35.448002, "経度": 137.408963, "url": "https://www.iryou.teikyouseido.mhlw.go.jp/znk-web/juminkanja/S2430/initialize?prefCd=21&kikanCd=1602007322&kikanKbn=2", "url2": null, "内容": "たぐち耳鼻咽喉科【2:診療所】【診療科目:耳鼻いんこう科_アレルギー科】岐阜県恵那市長島町中野二丁目７ー２" }, "geometry": { "type": "Point", "coordinates": [ 137.408963, 35.448002 ] } },
{ "type": "Feature", "properties": { "ID": 2121602007444, "正式名称": "かぜと耳鼻咽喉科", "機関区分": 2, "都道府県コード": 21, "市区町村コード": 206, "所在地": "岐阜県中津川市宮前町１１０８番１", "緯度": 35.503543, "経度": 137.506905, "url": "https://www.iryou.teikyouseido.mhlw.go.jp/znk-web/juminkanja/S2430/initialize?prefCd=21&kikanCd=1602007444&kikanKbn=2", "url2": null, "内容": "かぜと耳鼻咽喉科【2:診療所】【診療科目:耳鼻いんこう科】岐阜県中津川市宮前町１１０８番１" }, "geometry": { "type": "Point", "coordinates": [ 137.506905, 35.503543 ] } },
{ "type": "Feature", "properties": { "ID": 2121602007486, "正式名称": "ＭＩＳＴクリニック", "機関区分": 2, "都道府県コード": 21, "市区町村コード": 206, "所在地": "岐阜県中津川市えびす町", "緯度": 35.495833, "経度": 137.507537, "url": "https://www.iryou.teikyouseido.mhlw.go.jp/znk-web/juminkanja/S2430/initialize?prefCd=21&kikanCd=1602007486&kikanKbn=2", "url2": "http://www.mistclinic.com", "内容": "ＭＩＳＴクリニック【2:診療所】【診療科目:脳神経外科_精神科_心療内科】岐阜県中津川市えびす町" }, "geometry": { "type": "Point", "coordinates": [ 137.507537, 35.495833 ] } },
{ "type": "Feature", "properties": { "ID": 2121602007860, "正式名称": "安部医院", "機関区分": 2, "都道府県コード": 21, "市区町村コード": 210, "所在地": "岐阜県恵那市長島町中野一丁目２番４", "緯度": 35.449557, "経度": 137.412648, "url": "https://www.iryou.teikyouseido.mhlw.go.jp/znk-web/juminkanja/S2430/initialize?prefCd=21&kikanCd=1602007860&kikanKbn=2", "url2": null, "内容": "安部医院【2:診療所】【診療科目:内科_消化器内科_外科_肛門外科】岐阜県恵那市長島町中野一丁目２番４" }, "geometry": { "type": "Point", "coordinates": [ 137.412648, 35.449557 ] } },
{ "type": "Feature", "properties": { "ID": 2121602008043, "正式名称": "にしおクリニック", "機関区分": 2, "都道府県コード": 21, "市区町村コード": 206, "所在地": "岐阜県中津川市中津川９６４ー２７４", "緯度": 35.507019, "経度": 137.514167, "url": "https://www.iryou.teikyouseido.mhlw.go.jp/znk-web/juminkanja/S2430/initialize?prefCd=21&kikanCd=1602008043&kikanKbn=2", "url2": "http://www.nishio-cl.com", "内容": "にしおクリニック【2:診療所】【診療科目:内科_脳神経内科_脳神経外科_放射線科】岐阜県中津川市中津川９６４ー２７４" }, "geometry": { "type": "Point", "coordinates": [ 137.514167, 35.507019 ] } },
{ "type": "Feature", "properties": { "ID": 2121602008422, "正式名称": "落合診療所", "機関区分": 2, "都道府県コード": 21, "市区町村コード": 206, "所在地": "岐阜県中津川市落合９８９ー９", "緯度": 35.511836, "経度": 137.527676, "url": "https://www.iryou.teikyouseido.mhlw.go.jp/znk-web/juminkanja/S2430/initialize?prefCd=21&kikanCd=1602008422&kikanKbn=2", "url2": null, "内容": "落合診療所【2:診療所】【診療科目:内科_消化器内科_小児科】岐阜県中津川市落合９８９ー９" }, "geometry": { "type": "Point", "coordinates": [ 137.527676, 35.511836 ] } },
{ "type": "Feature", "properties": { "ID": 2121602008556, "正式名称": "近藤クリニック", "機関区分": 2, "都道府県コード": 21, "市区町村コード": 206, "所在地": "岐阜県中津川市坂下４０７番１", "緯度": 35.572251, "経度": 137.534738, "url": "https://www.iryou.teikyouseido.mhlw.go.jp/znk-web/juminkanja/S2430/initialize?prefCd=21&kikanCd=1602008556&kikanKbn=2", "url2": "http://kondo-clinic.gifu.jp", "内容": "近藤クリニック【2:診療所】【診療科目:内科_消化器内科_外科】岐阜県中津川市坂下４０７番１" }, "geometry": { "type": "Point", "coordinates": [ 137.534738, 35.572251 ] } },
{ "type": "Feature", "properties": { "ID": 2121602008934, "正式名称": "中津川眼科", "機関区分": 2, "都道府県コード": 21, "市区町村コード": 206, "所在地": "岐阜県中津川市中津川１２３５－７", "緯度": 35.500783, "経度": 137.5136, "url": "https://www.iryou.teikyouseido.mhlw.go.jp/znk-web/juminkanja/S2430/initialize?prefCd=21&kikanCd=1602008934&kikanKbn=2", "url2": null, "内容": "中津川眼科【2:診療所】【診療科目:眼科】岐阜県中津川市中津川１２３５－７" }, "geometry": { "type": "Point", "coordinates": [ 137.5136, 35.500783 ] } },
{ "type": "Feature", "properties": { "ID": 2121602008947, "正式名称": "やまだ内科クリニック", "機関区分": 2, "都道府県コード": 21, "市区町村コード": 206, "所在地": "岐阜県中津川市中津川字上金１１５０番地１", "緯度": 35.503344, "経度": 137.511089, "url": "https://www.iryou.teikyouseido.mhlw.go.jp/znk-web/juminkanja/S2430/initialize?prefCd=21&kikanCd=1602008947&kikanKbn=2", "url2": "http://www.yamadanaika.net", "内容": "やまだ内科クリニック【2:診療所】【診療科目:内科_消化器内科_小児科】岐阜県中津川市中津川字上金１１５０番地１" }, "geometry": { "type": "Point", "coordinates": [ 137.511089, 35.503344 ] } },
{ "type": "Feature", "properties": { "ID": 2121602009021, "正式名称": "中津川市国民健康保険　坂下診療所", "機関区分": 2, "都道府県コード": 21, "市区町村コード": 206, "所在地": "岐阜県中津川市坂下７２２番地１", "緯度": 35.574896, "経度": 137.532295, "url": "https://www.iryou.teikyouseido.mhlw.go.jp/znk-web/juminkanja/S2430/initialize?prefCd=21&kikanCd=1602009021&kikanKbn=2", "url2": "https://sakashita-shinryo.jp/", "内容": "中津川市国民健康保険　坂下診療所【2:診療所】【診療科目:内科_整形外科_小児科_眼科】岐阜県中津川市坂下７２２番地１" }, "geometry": { "type": "Point", "coordinates": [ 137.532295, 35.574896 ] } },
{ "type": "Feature", "properties": { "ID": 2121602009057, "正式名称": "ＮｅｘＷｅｌ恵那地域笑顔共創クリニック", "機関区分": 2, "都道府県コード": 21, "市区町村コード": 210, "所在地": "岐阜県恵那市武並町竹折１０８７ー１", "緯度": 35.4332, "経度": 137.3614, "url": "https://www.iryou.teikyouseido.mhlw.go.jp/znk-web/juminkanja/S2430/initialize?prefCd=21&kikanCd=1602009057&kikanKbn=2", "url2": null, "内容": "ＮｅｘＷｅｌ恵那地域笑顔共創クリニック【2:診療所】【診療科目:内科】岐阜県恵那市武並町竹折１０８７ー１" }, "geometry": { "type": "Point", "coordinates": [ 137.3614, 35.4332 ] } },
{ "type": "Feature", "properties": { "ID": 2121602009113, "正式名称": "ふなはしファミリークリニック", "機関区分": 2, "都道府県コード": 21, "市区町村コード": 206, "所在地": "岐阜県中津川市茄子川２１９０ー５", "緯度": 35.462383, "経度": 137.4529, "url": "https://www.iryou.teikyouseido.mhlw.go.jp/znk-web/juminkanja/S2430/initialize?prefCd=21&kikanCd=1602009113&kikanKbn=2", "url2": "https://funafami.jp/", "内容": "ふなはしファミリークリニック【2:診療所】【診療科目:内科_小児科】岐阜県中津川市茄子川２１９０ー５" }, "geometry": { "type": "Point", "coordinates": [ 137.4529, 35.462383 ] } },
{ "type": "Feature", "properties": { "ID": 2121602009197, "正式名称": "恵那山のぎつね診療所", "機関区分": 2, "都道府県コード": 21, "市区町村コード": 206, "所在地": "岐阜県中津川市駒場１４９３番地の１４", "緯度": 35.483091, "経度": 137.484219, "url": "https://www.iryou.teikyouseido.mhlw.go.jp/znk-web/juminkanja/S2430/initialize?prefCd=21&kikanCd=1602009197&kikanKbn=2", "url2": null, "内容": "恵那山のぎつね診療所【2:診療所】【診療科目:内科_小児科_リハビリテーション科】岐阜県中津川市駒場１４９３番地の１４" }, "geometry": { "type": "Point", "coordinates": [ 137.484219, 35.483091 ] } },
{ "type": "Feature", "properties": { "ID": 2121602009214, "正式名称": "中津川市国民健康保険阿木診療所", "機関区分": 2, "都道府県コード": 21, "市区町村コード": 206, "所在地": "岐阜県中津川市阿木２７−１", "緯度": 35.396053, "経度": 137.466343, "url": "https://www.iryou.teikyouseido.mhlw.go.jp/znk-web/juminkanja/S2430/initialize?prefCd=21&kikanCd=1602009214&kikanKbn=2", "url2": null, "内容": "中津川市国民健康保険阿木診療所【2:診療所】【診療科目:内科_小児科】岐阜県中津川市阿木２７−１" }, "geometry": { "type": "Point", "coordinates": [ 137.466343, 35.396053 ] } },
{ "type": "Feature", "properties": { "ID": 2121602009792, "正式名称": "小野医院", "機関区分": 2, "都道府県コード": 21, "市区町村コード": 206, "所在地": "岐阜県中津川市茄子川字下畑８９４−１", "緯度": 35.469219, "経度": 137.446239, "url": "https://www.iryou.teikyouseido.mhlw.go.jp/znk-web/juminkanja/S2430/initialize?prefCd=21&kikanCd=1602009792&kikanKbn=2", "url2": "https://ono-medical.jp", "内容": "小野医院【2:診療所】【診療科目:内科_小児科】岐阜県中津川市茄子川字下畑８９４−１" }, "geometry": { "type": "Point", "coordinates": [ 137.446239, 35.469219 ] } },
{ "type": "Feature", "properties": { "ID": 212160200987, "正式名称": "虹いろ在宅ケアクリニック", "機関区分": 2, "都道府県コード": 21, "市区町村コード": 210, "所在地": "岐阜県恵那市長島町正家３ー１６ー１０", "緯度": 35.446373, "経度": 137.417931, "url": "https://www.iryou.teikyouseido.mhlw.go.jp/znk-web/juminkanja/S2430/initialize?prefCd=21&kikanCd=160200987&kikanKbn=2", "url2": "http:/niji-iro.jupiter.bindcloud.jp/index/html", "内容": "虹いろ在宅ケアクリニック【2:診療所】【診療科目:内科_緩和ケア内科】岐阜県恵那市長島町正家３ー１６ー１０" }, "geometry": { "type": "Point", "coordinates": [ 137.417931, 35.446373 ] } },
{ "type": "Feature", "properties": { "ID": 2121602010146, "正式名称": "中津川片山皮フ科", "機関区分": 2, "都道府県コード": 21, "市区町村コード": 206, "所在地": "岐阜県中津川市落合７４１−２", "緯度": 35.510767, "経度": 137.532568, "url": "https://www.iryou.teikyouseido.mhlw.go.jp/znk-web/juminkanja/S2430/initialize?prefCd=21&kikanCd=1602010146&kikanKbn=2", "url2": null, "内容": "中津川片山皮フ科【2:診療所】【診療科目:小児皮膚科_皮膚科_美容皮膚科_皮膚外科_アレルギー科】岐阜県中津川市落合７４１−２" }, "geometry": { "type": "Point", "coordinates": [ 137.532568, 35.510767 ] } },
{ "type": "Feature", "properties": { "ID": 2121602010147, "正式名称": "うえだ内科クリニック", "機関区分": 2, "都道府県コード": 21, "市区町村コード": 206, "所在地": "岐阜県中津川市落合７４１－１", "緯度": 35.510767, "経度": 137.532568, "url": "https://www.iryou.teikyouseido.mhlw.go.jp/znk-web/juminkanja/S2430/initialize?prefCd=21&kikanCd=1602010147&kikanKbn=2", "url2": "uedacl.com", "内容": "うえだ内科クリニック【2:診療所】【診療科目:内科_糖尿病・代謝内科_小児科】岐阜県中津川市落合７４１－１" }, "geometry": { "type": "Point", "coordinates": [ 137.532568, 35.510767 ] } },
{ "type": "Feature", "properties": { "ID": 2121603003070, "正式名称": "林歯科医院", "機関区分": 2, "都道府県コード": 21, "市区町村コード": 210, "所在地": "岐阜県恵那市大井町６９６－４１", "緯度": 35.452992, "経度": 137.411753, "url": "https://www.iryou.teikyouseido.mhlw.go.jp/znk-web/juminkanja/S2430/initialize?prefCd=21&kikanCd=1603003070&kikanKbn=2", "url2": null, "内容": "林歯科医院【2:診療所】【診療科目:歯科_小児歯科】岐阜県恵那市大井町６９６－４１" }, "geometry": { "type": "Point", "coordinates": [ 137.411753, 35.452992 ] } },
{ "type": "Feature", "properties": { "ID": 2121632000210, "正式名称": "伊藤内科", "機関区分": 2, "都道府県コード": 21, "市区町村コード": 303, "所在地": "岐阜県羽島郡笠松町上本町", "緯度": 35.367405, "経度": 136.762587, "url": "https://www.iryou.teikyouseido.mhlw.go.jp/znk-web/juminkanja/S2430/initialize?prefCd=21&kikanCd=1632000210&kikanKbn=2", "url2": "https://kurekure-naika-clinic-itsan.jimdofree.com/", "内容": "伊藤内科【2:診療所】【診療科目:内科_呼吸器内科_循環器内科_アレルギー疾患内科_小児科_アレルギー科】岐阜県羽島郡笠松町上本町" }, "geometry": { "type": "Point", "coordinates": [ 136.762587, 35.367405 ] } },
{ "type": "Feature", "properties": { "ID": 2121632000211, "正式名称": "まつなみ健康増進クリニック", "機関区分": 2, "都道府県コード": 21, "市区町村コード": 303, "所在地": "岐阜県羽島郡笠松町泉町１０", "緯度": 35.364324, "経度": 136.757689, "url": "https://www.iryou.teikyouseido.mhlw.go.jp/znk-web/juminkanja/S2430/initialize?prefCd=21&kikanCd=1632000211&kikanKbn=2", "url2": "http://www.matsunami-hsp.or.jp", "内容": "まつなみ健康増進クリニック【2:診療所】【診療科目:内科_血液・腫瘍内科_呼吸器内科_循環器内科_消化器内科_腎臓内科_外科_呼吸器外科_心臓血管外科_消化器外科_乳腺外科_肛門外科_移植外科_形成外科_小児科_皮膚科_精神科_リウマチ科_放射線診断科_臨床検査科】岐阜県羽島郡笠松町泉町１０" }, "geometry": { "type": "Point", "coordinates": [ 136.757689, 35.364324 ] } },
{ "type": "Feature", "properties": { "ID": 2121632000219, "正式名称": "片山クリニック", "機関区分": 2, "都道府県コード": 21, "市区町村コード": 303, "所在地": "岐阜県羽島郡笠松町田代字若宮１０９８ー１", "緯度": 35.360305, "経度": 136.745594, "url": "https://www.iryou.teikyouseido.mhlw.go.jp/znk-web/juminkanja/S2430/initialize?prefCd=21&kikanCd=1632000219&kikanKbn=2", "url2": "https://gm-katayama-clinic.com/", "内容": "片山クリニック【2:診療所】【診療科目:内科_呼吸器内科_消化器内科_小児科_皮膚科】岐阜県羽島郡笠松町田代字若宮１０９８ー１" }, "geometry": { "type": "Point", "coordinates": [ 136.745594, 35.360305 ] } },
{ "type": "Feature", "properties": { "ID": 2121632000222, "正式名称": "森本内科・皮ふ科", "機関区分": 2, "都道府県コード": 21, "市区町村コード": 303, "所在地": "岐阜県羽島郡笠松町奈良町", "緯度": 35.372401, "経度": 136.762869, "url": "https://www.iryou.teikyouseido.mhlw.go.jp/znk-web/juminkanja/S2430/initialize?prefCd=21&kikanCd=1632000222&kikanKbn=2", "url2": "https://www.morimoto-nh.com", "内容": "森本内科・皮ふ科【2:診療所】【診療科目:内科_循環器内科_小児科_皮膚科_リハビリテーション科】岐阜県羽島郡笠松町奈良町" }, "geometry": { "type": "Point", "coordinates": [ 136.762869, 35.372401 ] } },
{ "type": "Feature", "properties": { "ID": 2121632000223, "正式名称": "内科小児科小寺医院", "機関区分": 2, "都道府県コード": 21, "市区町村コード": 303, "所在地": "岐阜県羽島郡笠松町美笠通", "緯度": 35.368924, "経度": 136.755649, "url": "https://www.iryou.teikyouseido.mhlw.go.jp/znk-web/juminkanja/S2430/initialize?prefCd=21&kikanCd=1632000223&kikanKbn=2", "url2": null, "内容": "内科小児科小寺医院【2:診療所】【診療科目:内科_小児科】岐阜県羽島郡笠松町美笠通" }, "geometry": { "type": "Point", "coordinates": [ 136.755649, 35.368924 ] } },
{ "type": "Feature", "properties": { "ID": 2121632000226, "正式名称": "こめの医院", "機関区分": 2, "都道府県コード": 21, "市区町村コード": 303, "所在地": "岐阜県羽島郡笠松町米野", "緯度": 35.381498, "経度": 136.807719, "url": "https://www.iryou.teikyouseido.mhlw.go.jp/znk-web/juminkanja/S2430/initialize?prefCd=21&kikanCd=1632000226&kikanKbn=2", "url2": "http://d.inet489.jp/kmn60101", "内容": "こめの医院【2:診療所】【診療科目:内科_整形外科_小児科_産婦人科_アレルギー科_リハビリテーション科】岐阜県羽島郡笠松町米野" }, "geometry": { "type": "Point", "coordinates": [ 136.807719, 35.381498 ] } },
{ "type": "Feature", "properties": { "ID": 2121632000227, "正式名称": "医療法人　山田耳鼻咽喉科", "機関区分": 2, "都道府県コード": 21, "市区町村コード": 303, "所在地": "岐阜県羽島郡笠松町北及１６７３－１", "緯度": 35.353693, "経度": 136.744431, "url": "https://www.iryou.teikyouseido.mhlw.go.jp/znk-web/juminkanja/S2430/initialize?prefCd=21&kikanCd=1632000227&kikanKbn=2", "url2": "https://www.yamada-jibi.jp/", "内容": "医療法人　山田耳鼻咽喉科【2:診療所】【診療科目:耳鼻いんこう科_アレルギー科】岐阜県羽島郡笠松町北及１６７３－１" }, "geometry": { "type": "Point", "coordinates": [ 136.744431, 35.353693 ] } },
{ "type": "Feature", "properties": { "ID": 2121632000228, "正式名称": "岩村医院", "機関区分": 2, "都道府県コード": 21, "市区町村コード": 303, "所在地": "岐阜県羽島郡笠松町門間１２７０番地", "緯度": 35.351567, "経度": 136.738817, "url": "https://www.iryou.teikyouseido.mhlw.go.jp/znk-web/juminkanja/S2430/initialize?prefCd=21&kikanCd=1632000228&kikanKbn=2", "url2": null, "内容": "岩村医院【2:診療所】【診療科目:内科_呼吸器内科_循環器内科_心臓血管内科_消化器内科_小児科】岐阜県羽島郡笠松町門間１２７０番地" }, "geometry": { "type": "Point", "coordinates": [ 136.738817, 35.351567 ] } },
{ "type": "Feature", "properties": { "ID": 2121632000229, "正式名称": "羽島クリニック", "機関区分": 2, "都道府県コード": 21, "市区町村コード": 303, "所在地": "岐阜県羽島郡笠松町門間５７８ー１", "緯度": 35.35802, "経度": 136.732889, "url": "https://www.iryou.teikyouseido.mhlw.go.jp/znk-web/juminkanja/S2430/initialize?prefCd=21&kikanCd=1632000229&kikanKbn=2", "url2": "toujinkai.sakuraweb.com", "内容": "羽島クリニック【2:診療所】【診療科目:内科_循環器内科_消化器内科_外科_整形外科_小児科_泌尿器科_リハビリテーション科】岐阜県羽島郡笠松町門間５７８ー１" }, "geometry": { "type": "Point", "coordinates": [ 136.732889, 35.35802 ] } },
{ "type": "Feature", "properties": { "ID": 2121632000230, "正式名称": "おおかわ整形外科", "機関区分": 2, "都道府県コード": 21, "市区町村コード": 303, "所在地": "岐阜県羽島郡笠松町門間８５３", "緯度": 35.355181, "経度": 136.734471, "url": "https://www.iryou.teikyouseido.mhlw.go.jp/znk-web/juminkanja/S2430/initialize?prefCd=21&kikanCd=1632000230&kikanKbn=2", "url2": null, "内容": "おおかわ整形外科【2:診療所】【診療科目:整形外科_リウマチ科_リハビリテーション科】岐阜県羽島郡笠松町門間８５３" }, "geometry": { "type": "Point", "coordinates": [ 136.734471, 35.355181 ] } },
{ "type": "Feature", "properties": { "ID": 2121632000231, "正式名称": "医療法人慈恵会吉田胃腸科", "機関区分": 2, "都道府県コード": 21, "市区町村コード": 303, "所在地": "岐阜県羽島郡笠松町門前町６７ー２", "緯度": 35.366974, "経度": 136.758065, "url": "https://www.iryou.teikyouseido.mhlw.go.jp/znk-web/juminkanja/S2430/initialize?prefCd=21&kikanCd=1632000231&kikanKbn=2", "url2": "yoshida-ichouka.com", "内容": "医療法人慈恵会吉田胃腸科【2:診療所】【診療科目:内科_胃腸内科_小児科】岐阜県羽島郡笠松町門前町６７ー２" }, "geometry": { "type": "Point", "coordinates": [ 136.758065, 35.366974 ] } },
{ "type": "Feature", "properties": { "ID": 2121632000232, "正式名称": "北田内科クリニック", "機関区分": 2, "都道府県コード": 21, "市区町村コード": 302, "所在地": "岐阜県羽島郡岐南町下印食２丁目４５", "緯度": 35.391276, "経度": 136.771124, "url": "https://www.iryou.teikyouseido.mhlw.go.jp/znk-web/juminkanja/S2430/initialize?prefCd=21&kikanCd=1632000232&kikanKbn=2", "url2": "http://www.kitadaclinic.com/", "内容": "北田内科クリニック【2:診療所】【診療科目:内科_感染症内科_糖尿病内科_代謝内科_内分泌内科_脂質代謝内科_糖尿病・内分泌内科_糖尿病・代謝内科_代謝・内分泌内科_小児科_アレルギー科_リウマチ科】岐阜県羽島郡岐南町下印食２丁目４５" }, "geometry": { "type": "Point", "coordinates": [ 136.771124, 35.391276 ] } },
{ "type": "Feature", "properties": { "ID": 2121632000235, "正式名称": "赤座医院上印食診療所", "機関区分": 2, "都道府県コード": 21, "市区町村コード": 302, "所在地": "岐阜県羽島郡岐南町上印食７ー１２", "緯度": 35.392602, "経度": 136.787379, "url": "https://www.iryou.teikyouseido.mhlw.go.jp/znk-web/juminkanja/S2430/initialize?prefCd=21&kikanCd=1632000235&kikanKbn=2", "url2": null, "内容": "赤座医院上印食診療所【2:診療所】【診療科目:内科_呼吸器内科_小児科】岐阜県羽島郡岐南町上印食７ー１２" }, "geometry": { "type": "Point", "coordinates": [ 136.787379, 35.392602 ] } },
{ "type": "Feature", "properties": { "ID": 2121632000237, "正式名称": "森島整形外科", "機関区分": 2, "都道府県コード": 21, "市区町村コード": 302, "所在地": "岐阜県羽島郡岐南町徳田１ー２９５", "緯度": 35.387932, "経度": 136.771999, "url": "https://www.iryou.teikyouseido.mhlw.go.jp/znk-web/juminkanja/S2430/initialize?prefCd=21&kikanCd=1632000237&kikanKbn=2", "url2": "https://seikeigeka-morishima.jp", "内容": "森島整形外科【2:診療所】【診療科目:整形外科_リウマチ科_リハビリテーション科】岐阜県羽島郡岐南町徳田１ー２９５" }, "geometry": { "type": "Point", "coordinates": [ 136.771999, 35.387932 ] } },
{ "type": "Feature", "properties": { "ID": 2121632000238, "正式名称": "渡辺小児科", "機関区分": 2, "都道府県コード": 21, "市区町村コード": 302, "所在地": "岐阜県羽島郡岐南町八剣１丁目２４番地", "緯度": 35.393629, "経度": 136.782049, "url": "https://www.iryou.teikyouseido.mhlw.go.jp/znk-web/juminkanja/S2430/initialize?prefCd=21&kikanCd=1632000238&kikanKbn=2", "url2": "http://www.watanabe syonika.com", "内容": "渡辺小児科【2:診療所】【診療科目:内科_循環器内科_小児科_皮膚科】岐阜県羽島郡岐南町八剣１丁目２４番地" }, "geometry": { "type": "Point", "coordinates": [ 136.782049, 35.393629 ] } },
{ "type": "Feature", "properties": { "ID": 2121632000240, "正式名称": "河合内科クリニック", "機関区分": 2, "都道府県コード": 21, "市区町村コード": 302, "所在地": "岐阜県羽島郡岐南町八剣８丁目４３", "緯度": 35.389785, "経度": 136.781767, "url": "https://www.iryou.teikyouseido.mhlw.go.jp/znk-web/juminkanja/S2430/initialize?prefCd=21&kikanCd=1632000240&kikanKbn=2", "url2": null, "内容": "河合内科クリニック【2:診療所】【診療科目:内科_循環器内科_消化器内科_小児科】岐阜県羽島郡岐南町八剣８丁目４３" }, "geometry": { "type": "Point", "coordinates": [ 136.781767, 35.389785 ] } },
{ "type": "Feature", "properties": { "ID": 2121632000242, "正式名称": "おおしろ内科", "機関区分": 2, "都道府県コード": 21, "市区町村コード": 302, "所在地": "岐阜県羽島郡岐南町野中２ー９４ー１", "緯度": 35.386047, "経度": 136.796759, "url": "https://www.iryou.teikyouseido.mhlw.go.jp/znk-web/juminkanja/S2430/initialize?prefCd=21&kikanCd=1632000242&kikanKbn=2", "url2": null, "内容": "おおしろ内科【2:診療所】【診療科目:内科_糖尿病内科_呼吸器内科_胃腸内科_小児科_アレルギー科】岐阜県羽島郡岐南町野中２ー９４ー１" }, "geometry": { "type": "Point", "coordinates": [ 136.796759, 35.386047 ] } },
{ "type": "Feature", "properties": { "ID": 2121632000243, "正式名称": "サンライズクリニック", "機関区分": 2, "都道府県コード": 21, "市区町村コード": 302, "所在地": "岐阜県羽島郡岐南町野中３丁目２２０", "緯度": 35.384479, "経度": 136.799351, "url": "https://www.iryou.teikyouseido.mhlw.go.jp/znk-web/juminkanja/S2430/initialize?prefCd=21&kikanCd=1632000243&kikanKbn=2", "url2": "https://www.sunrise-clinic.gr.jp", "内容": "サンライズクリニック【2:診療所】【診療科目:内科_循環器内科_消化器内科_放射線科】岐阜県羽島郡岐南町野中３丁目２２０" }, "geometry": { "type": "Point", "coordinates": [ 136.799351, 35.384479 ] } },
{ "type": "Feature", "properties": { "ID": 2121632000246, "正式名称": "サンライズ健康管理クリニック", "機関区分": 2, "都道府県コード": 21, "市区町村コード": 302, "所在地": "岐阜県羽島郡岐南町野中４ー１６", "緯度": 35.38424, "経度": 136.798588, "url": "https://www.iryou.teikyouseido.mhlw.go.jp/znk-web/juminkanja/S2430/initialize?prefCd=21&kikanCd=1632000246&kikanKbn=2", "url2": "https://www.sunrise-clinic.gr.jp", "内容": "サンライズ健康管理クリニック【2:診療所】【診療科目:内科_婦人科】岐阜県羽島郡岐南町野中４ー１６" }, "geometry": { "type": "Point", "coordinates": [ 136.798588, 35.38424 ] } },
{ "type": "Feature", "properties": { "ID": 2121632000250, "正式名称": "内田医院", "機関区分": 2, "都道府県コード": 21, "市区町村コード": 213, "所在地": "岐阜県各務原市川島松原町４０１ー７", "緯度": 35.361682, "経度": 136.828325, "url": "https://www.iryou.teikyouseido.mhlw.go.jp/znk-web/juminkanja/S2430/initialize?prefCd=21&kikanCd=1632000250&kikanKbn=2", "url2": null, "内容": "内田医院【2:診療所】【診療科目:内科_小児科_放射線科】岐阜県各務原市川島松原町４０１ー７" }, "geometry": { "type": "Point", "coordinates": [ 136.828325, 35.361682 ] } },
{ "type": "Feature", "properties": { "ID": 2121632000265, "正式名称": "小川医院", "機関区分": 2, "都道府県コード": 21, "市区町村コード": 209, "所在地": "岐阜県羽島市下中町城屋敷５６９", "緯度": 35.289611, "経度": 136.707205, "url": "https://www.iryou.teikyouseido.mhlw.go.jp/znk-web/juminkanja/S2430/initialize?prefCd=21&kikanCd=1632000265&kikanKbn=2", "url2": "https://ogawaiin-gifuhashima.com", "内容": "小川医院【2:診療所】【診療科目:内科_呼吸器内科_循環器内科_消化器内科_小児科_リハビリテーション科】岐阜県羽島市下中町城屋敷５６９" }, "geometry": { "type": "Point", "coordinates": [ 136.707205, 35.289611 ] } },
{ "type": "Feature", "properties": { "ID": 2121632000269, "正式名称": "黒田医院", "機関区分": 2, "都道府県コード": 21, "市区町村コード": 209, "所在地": "岐阜県羽島市桑原町八神４３５２番地", "緯度": 35.273203, "経度": 136.688862, "url": "https://www.iryou.teikyouseido.mhlw.go.jp/znk-web/juminkanja/S2430/initialize?prefCd=21&kikanCd=1632000269&kikanKbn=2", "url2": null, "内容": "黒田医院【2:診療所】【診療科目:内科_外科_小児科_泌尿器科】岐阜県羽島市桑原町八神４３５２番地" }, "geometry": { "type": "Point", "coordinates": [ 136.688862, 35.273203 ] } },
{ "type": "Feature", "properties": { "ID": 2121632000274, "正式名称": "かわむら内科胃腸科", "機関区分": 2, "都道府県コード": 21, "市区町村コード": 209, "所在地": "岐阜県羽島市舟橋町２番地１", "緯度": 35.318978, "経度": 136.697892, "url": "https://www.iryou.teikyouseido.mhlw.go.jp/znk-web/juminkanja/S2430/initialize?prefCd=21&kikanCd=1632000274&kikanKbn=2", "url2": null, "内容": "かわむら内科胃腸科【2:診療所】【診療科目:内科_消化器内科_小児科_皮膚科】岐阜県羽島市舟橋町２番地１" }, "geometry": { "type": "Point", "coordinates": [ 136.697892, 35.318978 ] } },
{ "type": "Feature", "properties": { "ID": 2121632000275, "正式名称": "羽島眼科クリニック", "機関区分": 2, "都道府県コード": 21, "市区町村コード": 209, "所在地": "岐阜県羽島市舟橋町２３４番地", "緯度": 35.319126, "経度": 136.694402, "url": "https://www.iryou.teikyouseido.mhlw.go.jp/znk-web/juminkanja/S2430/initialize?prefCd=21&kikanCd=1632000275&kikanKbn=2", "url2": null, "内容": "羽島眼科クリニック【2:診療所】【診療科目:眼科】岐阜県羽島市舟橋町２３４番地" }, "geometry": { "type": "Point", "coordinates": [ 136.694402, 35.319126 ] } },
{ "type": "Feature", "properties": { "ID": 2121632000279, "正式名称": "丹菊整形外科", "機関区分": 2, "都道府県コード": 21, "市区町村コード": 209, "所在地": "岐阜県羽島市小熊町島２丁目７８ー１", "緯度": 35.33519, "経度": 136.706052, "url": "https://www.iryou.teikyouseido.mhlw.go.jp/znk-web/juminkanja/S2430/initialize?prefCd=21&kikanCd=1632000279&kikanKbn=2", "url2": "http://www.tangiku.com/", "内容": "丹菊整形外科【2:診療所】【診療科目:整形外科_リウマチ科_リハビリテーション科】岐阜県羽島市小熊町島２丁目７８ー１" }, "geometry": { "type": "Point", "coordinates": [ 136.706052, 35.33519 ] } },
{ "type": "Feature", "properties": { "ID": 2121632000280, "正式名称": "医療法人社団友輪会　山田医院", "機関区分": 2, "都道府県コード": 21, "市区町村コード": 209, "所在地": "岐阜県羽島市上中町長間１２７０－１", "緯度": 35.308824, "経度": 136.703441, "url": "https://www.iryou.teikyouseido.mhlw.go.jp/znk-web/juminkanja/S2430/initialize?prefCd=21&kikanCd=1632000280&kikanKbn=2", "url2": "ymd-cl-2313.jp", "内容": "医療法人社団友輪会　山田医院【2:診療所】【診療科目:内科_消化器内科_外科_乳腺外科_肛門外科_小児科_皮膚科_リハビリテーション科】岐阜県羽島市上中町長間１２７０－１" }, "geometry": { "type": "Point", "coordinates": [ 136.703441, 35.308824 ] } },
{ "type": "Feature", "properties": { "ID": 2121632000281, "正式名称": "たかはし眼科クリニック", "機関区分": 2, "都道府県コード": 21, "市区町村コード": 209, "所在地": "岐阜県羽島市正木町曲利１０５７ー１", "緯度": 35.324507, "経度": 136.715322, "url": "https://www.iryou.teikyouseido.mhlw.go.jp/znk-web/juminkanja/S2430/initialize?prefCd=21&kikanCd=1632000281&kikanKbn=2", "url2": "https://www.takahashi-gankaclinic.com/", "内容": "たかはし眼科クリニック【2:診療所】【診療科目:眼科】岐阜県羽島市正木町曲利１０５７ー１" }, "geometry": { "type": "Point", "coordinates": [ 136.715322, 35.324507 ] } },
{ "type": "Feature", "properties": { "ID": 2121632000283, "正式名称": "医療法人充仁会　岩佐医院", "機関区分": 2, "都道府県コード": 21, "市区町村コード": 209, "所在地": "岐阜県羽島市正木町坂丸", "緯度": 35.332022, "経度": 136.732649, "url": "https://www.iryou.teikyouseido.mhlw.go.jp/znk-web/juminkanja/S2430/initialize?prefCd=21&kikanCd=1632000283&kikanKbn=2", "url2": "http://iwasa-iin.com", "内容": "医療法人充仁会　岩佐医院【2:診療所】【診療科目:内科_糖尿病内科_循環器内科_小児科】岐阜県羽島市正木町坂丸" }, "geometry": { "type": "Point", "coordinates": [ 136.732649, 35.332022 ] } },
{ "type": "Feature", "properties": { "ID": 2121632000284, "正式名称": "いわたクリニック", "機関区分": 2, "都道府県コード": 21, "市区町村コード": 209, "所在地": "岐阜県羽島市正木町上大浦２－３８", "緯度": 35.340898, "経度": 136.741553, "url": "https://www.iryou.teikyouseido.mhlw.go.jp/znk-web/juminkanja/S2430/initialize?prefCd=21&kikanCd=1632000284&kikanKbn=2", "url2": null, "内容": "いわたクリニック【2:診療所】【診療科目:内科_外科_皮膚科_泌尿器科_リハビリテーション科】岐阜県羽島市正木町上大浦２－３８" }, "geometry": { "type": "Point", "coordinates": [ 136.741553, 35.340898 ] } },
{ "type": "Feature", "properties": { "ID": 2121632000286, "正式名称": "田中整形外科", "機関区分": 2, "都道府県コード": 21, "市区町村コード": 209, "所在地": "岐阜県羽島市正木町大浦６６０ー１", "緯度": 35.324935, "経度": 136.729531, "url": "https://www.iryou.teikyouseido.mhlw.go.jp/znk-web/juminkanja/S2430/initialize?prefCd=21&kikanCd=1632000286&kikanKbn=2", "url2": "http://tanaka-seikei-hashima.com/", "内容": "田中整形外科【2:診療所】【診療科目:整形外科_形成外科_リウマチ科_リハビリテーション科】岐阜県羽島市正木町大浦６６０ー１" }, "geometry": { "type": "Point", "coordinates": [ 136.729531, 35.324935 ] } },
{ "type": "Feature", "properties": { "ID": 2121632000287, "正式名称": "不破医院", "機関区分": 2, "都道府県コード": 21, "市区町村コード": 209, "所在地": "岐阜県羽島市正木町不破一色２５８", "緯度": 35.330548, "経度": 136.723417, "url": "https://www.iryou.teikyouseido.mhlw.go.jp/znk-web/juminkanja/S2430/initialize?prefCd=21&kikanCd=1632000287&kikanKbn=2", "url2": "http://fuwaiin.com/", "内容": "不破医院【2:診療所】【診療科目:内科_糖尿病・代謝内科_胃腸内科_小児科_アレルギー科】岐阜県羽島市正木町不破一色２５８" }, "geometry": { "type": "Point", "coordinates": [ 136.723417, 35.330548 ] } },
{ "type": "Feature", "properties": { "ID": 2121632000290, "正式名称": "加地内科", "機関区分": 2, "都道府県コード": 21, "市区町村コード": 209, "所在地": "岐阜県羽島市足近町", "緯度": 35.338521, "経度": 136.722013, "url": "https://www.iryou.teikyouseido.mhlw.go.jp/znk-web/juminkanja/S2430/initialize?prefCd=21&kikanCd=1632000290&kikanKbn=2", "url2": "kachinaika.com", "内容": "加地内科【2:診療所】【診療科目:内科_糖尿病内科_代謝内科_糖尿病・代謝内科_呼吸器内科_循環器内科_消化器内科_胃腸内科_肝臓内科_内視鏡内科_アレルギー疾患内科_小児科_放射線科】岐阜県羽島市足近町" }, "geometry": { "type": "Point", "coordinates": [ 136.722013, 35.338521 ] } },
{ "type": "Feature", "properties": { "ID": 2121632000292, "正式名称": "渡邉医院", "機関区分": 2, "都道府県コード": 21, "市区町村コード": 209, "所在地": "岐阜県羽島市竹鼻町２２ー１", "緯度": 35.320878, "経度": 136.703709, "url": "https://www.iryou.teikyouseido.mhlw.go.jp/znk-web/juminkanja/S2430/initialize?prefCd=21&kikanCd=1632000292&kikanKbn=2", "url2": "https://sites.google.com/view/wata-iin/", "内容": "渡邉医院【2:診療所】【診療科目:内科_呼吸器内科_循環器内科】岐阜県羽島市竹鼻町２２ー１" }, "geometry": { "type": "Point", "coordinates": [ 136.703709, 35.320878 ] } },
{ "type": "Feature", "properties": { "ID": 2121632000297, "正式名称": "丸の内クリニック", "機関区分": 2, "都道府県コード": 21, "市区町村コード": 209, "所在地": "岐阜県羽島市竹鼻町丸の内１１ー８７", "緯度": 35.329975, "経度": 136.69657, "url": "https://www.iryou.teikyouseido.mhlw.go.jp/znk-web/juminkanja/S2430/initialize?prefCd=21&kikanCd=1632000297&kikanKbn=2", "url2": "http://marunouchi-clinic.world.coocan.jp/", "内容": "丸の内クリニック【2:診療所】【診療科目:内科_呼吸器内科_循環器内科_胃腸内科_小児科_皮膚科】岐阜県羽島市竹鼻町丸の内１１ー８７" }, "geometry": { "type": "Point", "coordinates": [ 136.69657, 35.329975 ] } },
{ "type": "Feature", "properties": { "ID": 2121632000298, "正式名称": "アイリスベルクリニック", "機関区分": 2, "都道府県コード": 21, "市区町村コード": 209, "所在地": "岐阜県羽島市竹鼻町丸の内４－６", "緯度": 35.327091, "経度": 136.698412, "url": "https://www.iryou.teikyouseido.mhlw.go.jp/znk-web/juminkanja/S2430/initialize?prefCd=21&kikanCd=1632000298&kikanKbn=2", "url2": "https://www.irisbell.jp/", "内容": "アイリスベルクリニック【2:診療所】【診療科目:小児科_産科_婦人科】岐阜県羽島市竹鼻町丸の内４－６" }, "geometry": { "type": "Point", "coordinates": [ 136.698412, 35.327091 ] } },
{ "type": "Feature", "properties": { "ID": 2121632000300, "正式名称": "羽島皮膚科・内科", "機関区分": 2, "都道府県コード": 21, "市区町村コード": 209, "所在地": "岐阜県羽島市竹鼻町丸の内５－１５", "緯度": 35.329319, "経度": 136.700326, "url": "https://www.iryou.teikyouseido.mhlw.go.jp/znk-web/juminkanja/S2430/initialize?prefCd=21&kikanCd=1632000300&kikanKbn=2", "url2": "hashima-mcl.com", "内容": "羽島皮膚科・内科【2:診療所】【診療科目:内科_消化器内科_外科_肛門外科_皮膚科】岐阜県羽島市竹鼻町丸の内５－１５" }, "geometry": { "type": "Point", "coordinates": [ 136.700326, 35.329319 ] } },
{ "type": "Feature", "properties": { "ID": 2121632000301, "正式名称": "医療法人　天雄会　あまきクリニック", "機関区分": 2, "都道府県コード": 21, "市区町村コード": 209, "所在地": "岐阜県羽島市竹鼻町丸の内８ー６０ー２", "緯度": 35.32598, "経度": 136.695491, "url": "https://www.iryou.teikyouseido.mhlw.go.jp/znk-web/juminkanja/S2430/initialize?prefCd=21&kikanCd=1632000301&kikanKbn=2", "url2": null, "内容": "医療法人　天雄会　あまきクリニック【2:診療所】【診療科目:内科_神経内科_精神科_心療内科】岐阜県羽島市竹鼻町丸の内８ー６０ー２" }, "geometry": { "type": "Point", "coordinates": [ 136.695491, 35.32598 ] } },
{ "type": "Feature", "properties": { "ID": 2121632000302, "正式名称": "大島内科・内視鏡クリニック", "機関区分": 2, "都道府県コード": 21, "市区町村コード": 209, "所在地": "岐阜県羽島市竹鼻町狐穴２９９０ー１", "緯度": 35.322702, "経度": 136.70638, "url": "https://www.iryou.teikyouseido.mhlw.go.jp/znk-web/juminkanja/S2430/initialize?prefCd=21&kikanCd=1632000302&kikanKbn=2", "url2": "http://www.ne.jp/asahi/oshima/naika/", "内容": "大島内科・内視鏡クリニック【2:診療所】【診療科目:内科_呼吸器内科_循環器内科_消化器内科_神経内科_小児科_アレルギー科_リウマチ科_リハビリテーション科】岐阜県羽島市竹鼻町狐穴２９９０ー１" }, "geometry": { "type": "Point", "coordinates": [ 136.70638, 35.322702 ] } },
{ "type": "Feature", "properties": { "ID": 2121632000303, "正式名称": "いのうえ小児科クリニック", "機関区分": 2, "都道府県コード": 21, "市区町村コード": 209, "所在地": "岐阜県羽島市竹鼻町狐穴１０９３－１", "緯度": 35.322515, "経度": 136.715752, "url": "https://www.iryou.teikyouseido.mhlw.go.jp/znk-web/juminkanja/S2430/initialize?prefCd=21&kikanCd=1632000303&kikanKbn=2", "url2": "www.inoue-shounika.com", "内容": "いのうえ小児科クリニック【2:診療所】【診療科目:小児科_アレルギー科】岐阜県羽島市竹鼻町狐穴１０９３－１" }, "geometry": { "type": "Point", "coordinates": [ 136.715752, 35.322515 ] } },
{ "type": "Feature", "properties": { "ID": 2121632000304, "正式名称": "河合胃腸科クリニック", "機関区分": 2, "都道府県コード": 21, "市区町村コード": 209, "所在地": "岐阜県羽島市竹鼻町狐穴１１２０ー１", "緯度": 35.320022, "経度": 136.714681, "url": "https://www.iryou.teikyouseido.mhlw.go.jp/znk-web/juminkanja/S2430/initialize?prefCd=21&kikanCd=1632000304&kikanKbn=2", "url2": "https://kawai-clinic.gif.jp", "内容": "河合胃腸科クリニック【2:診療所】【診療科目:内科_呼吸器内科_循環器内科_消化器内科_胃腸内科_小児科_放射線科】岐阜県羽島市竹鼻町狐穴１１２０ー１" }, "geometry": { "type": "Point", "coordinates": [ 136.714681, 35.320022 ] } },
{ "type": "Feature", "properties": { "ID": 2121632000306, "正式名称": "青山内科", "機関区分": 2, "都道府県コード": 21, "市区町村コード": 209, "所在地": "岐阜県羽島市竹鼻町２７７ー１", "緯度": 35.321246, "経度": 136.700216, "url": "https://www.iryou.teikyouseido.mhlw.go.jp/znk-web/juminkanja/S2430/initialize?prefCd=21&kikanCd=1632000306&kikanKbn=2", "url2": "http://www.myclinic.ne.jp/aoyama/pc/", "内容": "青山内科【2:診療所】【診療科目:内科_消化器内科】岐阜県羽島市竹鼻町２７７ー１" }, "geometry": { "type": "Point", "coordinates": [ 136.700216, 35.321246 ] } },
{ "type": "Feature", "properties": { "ID": 2121632000307, "正式名称": "あさこうクリニック", "機関区分": 2, "都道府県コード": 21, "市区町村コード": 209, "所在地": "岐阜県羽島市福寿町浅平３－３３", "緯度": 35.319997, "経度": 136.691768, "url": "https://www.iryou.teikyouseido.mhlw.go.jp/znk-web/juminkanja/S2430/initialize?prefCd=21&kikanCd=1632000307&kikanKbn=2", "url2": "https://www.asakou-clinic.com", "内容": "あさこうクリニック【2:診療所】【診療科目:内科_耳鼻いんこう科_皮膚科_アレルギー科】岐阜県羽島市福寿町浅平３－３３" }, "geometry": { "type": "Point", "coordinates": [ 136.691768, 35.319997 ] } },
{ "type": "Feature", "properties": { "ID": 2121632000308, "正式名称": "浅野内科こどもクリニック", "機関区分": 2, "都道府県コード": 21, "市区町村コード": 209, "所在地": "岐阜県羽島市福寿町浅平５ー１１", "緯度": 35.321888, "経度": 136.692558, "url": "https://www.iryou.teikyouseido.mhlw.go.jp/znk-web/juminkanja/S2430/initialize?prefCd=21&kikanCd=1632000308&kikanKbn=2", "url2": null, "内容": "浅野内科こどもクリニック【2:診療所】【診療科目:内科_小児科】岐阜県羽島市福寿町浅平５ー１１" }, "geometry": { "type": "Point", "coordinates": [ 136.692558, 35.321888 ] } },
{ "type": "Feature", "properties": { "ID": 2121632000508, "正式名称": "のぎもりクリニック", "機関区分": 2, "都道府県コード": 21, "市区町村コード": 213, "所在地": "岐阜県各務原市鵜沼羽場町１丁目１０３番地", "緯度": 35.405394, "経度": 136.921358, "url": "https://www.iryou.teikyouseido.mhlw.go.jp/znk-web/juminkanja/S2430/initialize?prefCd=21&kikanCd=1632000508&kikanKbn=2", "url2": null, "内容": "のぎもりクリニック【2:診療所】【診療科目:内科_感染症内科_糖尿病内科_脂質代謝内科_糖尿病・内分泌内科_糖尿病・代謝内科_呼吸器内科_老年・呼吸器内科_循環器内科_心臓内科_心臓血管内科_消化器内科_胃腸内科_腎臓内科_肝臓内科_老年内科_内視鏡内科_アレルギー疾患内科_小児科_アレルギー科】岐阜県各務原市鵜沼羽場町１丁目１０３番地" }, "geometry": { "type": "Point", "coordinates": [ 136.921358, 35.405394 ] } },
{ "type": "Feature", "properties": { "ID": 2121632000509, "正式名称": "小林内科", "機関区分": 2, "都道府県コード": 21, "市区町村コード": 213, "所在地": "岐阜県各務原市鵜沼羽場町３ー１７３", "緯度": 35.402704, "経度": 136.921372, "url": "https://www.iryou.teikyouseido.mhlw.go.jp/znk-web/juminkanja/S2430/initialize?prefCd=21&kikanCd=1632000509&kikanKbn=2", "url2": "www.kobayashi-mc.net", "内容": "小林内科【2:診療所】【診療科目:内科_呼吸器内科_循環器内科_消化器内科_神経内科_小児科_皮膚科_放射線科】岐阜県各務原市鵜沼羽場町３ー１７３" }, "geometry": { "type": "Point", "coordinates": [ 136.921372, 35.402704 ] } },
{ "type": "Feature", "properties": { "ID": 2121632000511, "正式名称": "医療法人おると会　榊原整形外科", "機関区分": 2, "都道府県コード": 21, "市区町村コード": 213, "所在地": "岐阜県各務原市鵜沼各務原町三丁目５５０ー８", "緯度": 35.399482, "経度": 136.904537, "url": "https://www.iryou.teikyouseido.mhlw.go.jp/znk-web/juminkanja/S2430/initialize?prefCd=21&kikanCd=1632000511&kikanKbn=2", "url2": "sakakibaraseikeigeka.com", "内容": "医療法人おると会　榊原整形外科【2:診療所】【診療科目:外科_整形外科_リハビリテーション科】岐阜県各務原市鵜沼各務原町三丁目５５０ー８" }, "geometry": { "type": "Point", "coordinates": [ 136.904537, 35.399482 ] } },
{ "type": "Feature", "properties": { "ID": 2121632000512, "正式名称": "古田医院", "機関区分": 2, "都道府県コード": 21, "市区町村コード": 213, "所在地": "岐阜県各務原市鵜沼各務原町４ー３１６", "緯度": 35.399958, "経度": 136.906091, "url": "https://www.iryou.teikyouseido.mhlw.go.jp/znk-web/juminkanja/S2430/initialize?prefCd=21&kikanCd=1632000512&kikanKbn=2", "url2": "http://fdoc.jp/sp/clinic/detail/index/id/30577/tab/81", "内容": "古田医院【2:診療所】【診療科目:内科_消化器内科_外科_整形外科_小児科_皮膚科_リハビリテーション科】岐阜県各務原市鵜沼各務原町４ー３１６" }, "geometry": { "type": "Point", "coordinates": [ 136.906091, 35.399958 ] } },
{ "type": "Feature", "properties": { "ID": 2121632000516, "正式名称": "医療法人喜多会　やまもと内科", "機関区分": 2, "都道府県コード": 21, "市区町村コード": 213, "所在地": "岐阜県各務原市鵜沼三ツ池町５ー２４０", "緯度": 35.398506, "経度": 136.896702, "url": "https://www.iryou.teikyouseido.mhlw.go.jp/znk-web/juminkanja/S2430/initialize?prefCd=21&kikanCd=1632000516&kikanKbn=2", "url2": "https://yamamoto-clinic-gifu.com/", "内容": "医療法人喜多会　やまもと内科【2:診療所】【診療科目:内科_循環器内科_消化器内科_リウマチ科】岐阜県各務原市鵜沼三ツ池町５ー２４０" }, "geometry": { "type": "Point", "coordinates": [ 136.896702, 35.398506 ] } },
{ "type": "Feature", "properties": { "ID": 2121632000517, "正式名称": "石田眼科", "機関区分": 2, "都道府県コード": 21, "市区町村コード": 213, "所在地": "岐阜県各務原市鵜沼三ツ池町５丁目２１２番地", "緯度": 35.39842, "経度": 136.895715, "url": "https://www.iryou.teikyouseido.mhlw.go.jp/znk-web/juminkanja/S2430/initialize?prefCd=21&kikanCd=1632000517&kikanKbn=2", "url2": "www.ishidaganka.or.jp", "内容": "石田眼科【2:診療所】【診療科目:眼科】岐阜県各務原市鵜沼三ツ池町５丁目２１２番地" }, "geometry": { "type": "Point", "coordinates": [ 136.895715, 35.39842 ] } },
{ "type": "Feature", "properties": { "ID": 2121632000524, "正式名称": "米倉胃腸科クリニック", "機関区分": 2, "都道府県コード": 21, "市区町村コード": 213, "所在地": "岐阜県各務原市鵜沼西町３ー１３１", "緯度": 35.40039, "経度": 136.933076, "url": "https://www.iryou.teikyouseido.mhlw.go.jp/znk-web/juminkanja/S2430/initialize?prefCd=21&kikanCd=1632000524&kikanKbn=2", "url2": null, "内容": "米倉胃腸科クリニック【2:診療所】【診療科目:内科_消化器内科_胃腸内科_内視鏡内科】岐阜県各務原市鵜沼西町３ー１３１" }, "geometry": { "type": "Point", "coordinates": [ 136.933076, 35.40039 ] } },
{ "type": "Feature", "properties": { "ID": 2121632000525, "正式名称": "永田眼科クリニック", "機関区分": 2, "都道府県コード": 21, "市区町村コード": 213, "所在地": "岐阜県各務原市鵜沼西町３丁目１５７番地", "緯度": 35.400864, "経度": 136.934294, "url": "https://www.iryou.teikyouseido.mhlw.go.jp/znk-web/juminkanja/S2430/initialize?prefCd=21&kikanCd=1632000525&kikanKbn=2", "url2": "http://www.nagataganka-clinic.com", "内容": "永田眼科クリニック【2:診療所】【診療科目:眼科】岐阜県各務原市鵜沼西町３丁目１５７番地" }, "geometry": { "type": "Point", "coordinates": [ 136.934294, 35.400864 ] } },
{ "type": "Feature", "properties": { "ID": 2121632000526, "正式名称": "かわさきクリニック", "機関区分": 2, "都道府県コード": 21, "市区町村コード": 213, "所在地": "岐阜県各務原市鵜沼川崎町", "緯度": 35.403563, "経度": 136.87936, "url": "https://www.iryou.teikyouseido.mhlw.go.jp/znk-web/juminkanja/S2430/initialize?prefCd=21&kikanCd=1632000526&kikanKbn=2", "url2": null, "内容": "かわさきクリニック【2:診療所】【診療科目:内科_胃腸内科_外科_整形外科_皮膚科_リハビリテーション科】岐阜県各務原市鵜沼川崎町" }, "geometry": { "type": "Point", "coordinates": [ 136.87936, 35.403563 ] } },
{ "type": "Feature", "properties": { "ID": 2121632000536, "正式名称": "いでぐち医院", "機関区分": 2, "都道府県コード": 21, "市区町村コード": 213, "所在地": "岐阜県各務原市鵜沼東町２丁目１番１号", "緯度": 35.406086, "経度": 136.941184, "url": "https://www.iryou.teikyouseido.mhlw.go.jp/znk-web/juminkanja/S2430/initialize?prefCd=21&kikanCd=1632000536&kikanKbn=2", "url2": null, "内容": "いでぐち医院【2:診療所】【診療科目:内科_呼吸器内科_小児科_アレルギー科】岐阜県各務原市鵜沼東町２丁目１番１号" }, "geometry": { "type": "Point", "coordinates": [ 136.941184, 35.406086 ] } },
{ "type": "Feature", "properties": { "ID": 2121632000538, "正式名称": "木村ファミリークリニック", "機関区分": 2, "都道府県コード": 21, "市区町村コード": 213, "所在地": "岐阜県各務原市鵜沼東町４ー１７８", "緯度": 35.400346, "経度": 136.937591, "url": "https://www.iryou.teikyouseido.mhlw.go.jp/znk-web/juminkanja/S2430/initialize?prefCd=21&kikanCd=1632000538&kikanKbn=2", "url2": "http://kimura-familyclinic.com", "内容": "木村ファミリークリニック【2:診療所】【診療科目:内科_糖尿病内科_腎臓内科_漢方内科_小児科_産婦人科_皮膚科_美容皮膚科】岐阜県各務原市鵜沼東町４ー１７８" }, "geometry": { "type": "Point", "coordinates": [ 136.937591, 35.400346 ] } },
{ "type": "Feature", "properties": { "ID": 2121632000541, "正式名称": "うぬま東クリニック", "機関区分": 2, "都道府県コード": 21, "市区町村コード": 213, "所在地": "岐阜県各務原市鵜沼東町５－７", "緯度": 35.401435, "経度": 136.940209, "url": "https://www.iryou.teikyouseido.mhlw.go.jp/znk-web/juminkanja/S2430/initialize?prefCd=21&kikanCd=1632000541&kikanKbn=2", "url2": "http://www.shichiyou-kai.or.jp", "内容": "うぬま東クリニック【2:診療所】【診療科目:人工透析内科】岐阜県各務原市鵜沼東町５－７" }, "geometry": { "type": "Point", "coordinates": [ 136.940209, 35.401435 ] } },
{ "type": "Feature", "properties": { "ID": 2121632000543, "正式名称": "医療法人祐慈会恒川医院", "機関区分": 2, "都道府県コード": 21, "市区町村コード": 213, "所在地": "岐阜県各務原市鵜沼南町５丁目３６番地", "緯度": 35.396875, "経度": 136.94107958125301, "url": "https://www.iryou.teikyouseido.mhlw.go.jp/znk-web/juminkanja/S2430/initialize?prefCd=21&kikanCd=1632000543&kikanKbn=2", "url2": "tsunekawaclinic.com", "内容": "医療法人祐慈会恒川医院【2:診療所】【診療科目:内科_小児科_眼科_放射線科】岐阜県各務原市鵜沼南町５丁目３６番地" }, "geometry": { "type": "Point", "coordinates": [ 136.941079581253007, 35.396875 ] } },
{ "type": "Feature", "properties": { "ID": 2121632000553, "正式名称": "いまいクリニック", "機関区分": 2, "都道府県コード": 21, "市区町村コード": 213, "所在地": "岐阜県各務原市小佐野町６ー８６ー１", "緯度": 35.385213, "経度": 136.834306, "url": "https://www.iryou.teikyouseido.mhlw.go.jp/znk-web/juminkanja/S2430/initialize?prefCd=21&kikanCd=1632000553&kikanKbn=2", "url2": "https://imai-clinic-gifu.com", "内容": "いまいクリニック【2:診療所】【診療科目:内科_外科_脳神経外科_肛門外科_整形外科】岐阜県各務原市小佐野町６ー８６ー１" }, "geometry": { "type": "Point", "coordinates": [ 136.834306, 35.385213 ] } },
{ "type": "Feature", "properties": { "ID": 2121632000557, "正式名称": "丹羽医院", "機関区分": 2, "都道府県コード": 21, "市区町村コード": 213, "所在地": "岐阜県各務原市前渡西町３丁目１８番地", "緯度": 35.384763, "経度": 136.87306, "url": "https://www.iryou.teikyouseido.mhlw.go.jp/znk-web/juminkanja/S2430/initialize?prefCd=21&kikanCd=1632000557&kikanKbn=2", "url2": null, "内容": "丹羽医院【2:診療所】【診療科目:内科_胃腸内科_腎臓内科_外科_整形外科_小児科_皮膚科_リハビリテーション科】岐阜県各務原市前渡西町３丁目１８番地" }, "geometry": { "type": "Point", "coordinates": [ 136.87306, 35.384763 ] } },
{ "type": "Feature", "properties": { "ID": 2121632000559, "正式名称": "そはら赤座医院", "機関区分": 2, "都道府県コード": 21, "市区町村コード": 213, "所在地": "岐阜県各務原市蘇原旭町１ー９６ー３", "緯度": 35.403728, "経度": 136.865327, "url": "https://www.iryou.teikyouseido.mhlw.go.jp/znk-web/juminkanja/S2430/initialize?prefCd=21&kikanCd=1632000559&kikanKbn=2", "url2": null, "内容": "そはら赤座医院【2:診療所】【診療科目:内科_整形外科_皮膚科_心療内科】岐阜県各務原市蘇原旭町１ー９６ー３" }, "geometry": { "type": "Point", "coordinates": [ 136.865327, 35.403728 ] } },
{ "type": "Feature", "properties": { "ID": 2121632000561, "正式名称": "浅川クリニック", "機関区分": 2, "都道府県コード": 21, "市区町村コード": 213, "所在地": "岐阜県各務原市蘇原栄町２－２３", "緯度": 35.40492, "経度": 136.8678, "url": "https://www.iryou.teikyouseido.mhlw.go.jp/znk-web/juminkanja/S2430/initialize?prefCd=21&kikanCd=1632000561&kikanKbn=2", "url2": null, "内容": "浅川クリニック【2:診療所】【診療科目:内科_呼吸器内科_小児科_耳鼻いんこう科_皮膚科_アレルギー科】岐阜県各務原市蘇原栄町２－２３" }, "geometry": { "type": "Point", "coordinates": [ 136.8678, 35.40492 ] } },
{ "type": "Feature", "properties": { "ID": 2121632000562, "正式名称": "かとう耳鼻咽喉科サージクリニック", "機関区分": 2, "都道府県コード": 21, "市区町村コード": 213, "所在地": "岐阜県各務原市蘇原花園町", "緯度": 35.41142, "経度": 136.845952, "url": "https://www.iryou.teikyouseido.mhlw.go.jp/znk-web/juminkanja/S2430/initialize?prefCd=21&kikanCd=1632000562&kikanKbn=2", "url2": "https://kato-surg.com", "内容": "かとう耳鼻咽喉科サージクリニック【2:診療所】【診療科目:頭頸部・耳鼻いんこう科_アレルギー科】岐阜県各務原市蘇原花園町" }, "geometry": { "type": "Point", "coordinates": [ 136.845952, 35.41142 ] } },
{ "type": "Feature", "properties": { "ID": 2121632000566, "正式名称": "医療法人聡仁会　酒井クリニック", "機関区分": 2, "都道府県コード": 21, "市区町村コード": 213, "所在地": "岐阜県各務原市蘇原柿沢町１丁目４７番地", "緯度": 35.404961, "経度": 136.861933, "url": "https://www.iryou.teikyouseido.mhlw.go.jp/znk-web/juminkanja/S2430/initialize?prefCd=21&kikanCd=1632000566&kikanKbn=2", "url2": "http://sakaicl.com", "内容": "医療法人聡仁会　酒井クリニック【2:診療所】【診療科目:内科_呼吸器内科_循環器内科_消化器内科_外科_小児科_アレルギー科_リハビリテーション科】岐阜県各務原市蘇原柿沢町１丁目４７番地" }, "geometry": { "type": "Point", "coordinates": [ 136.861933, 35.404961 ] } },
{ "type": "Feature", "properties": { "ID": 2121632000568, "正式名称": "ＹＵＫＩこどもクリニック", "機関区分": 2, "都道府県コード": 21, "市区町村コード": 213, "所在地": "岐阜県各務原市蘇原興亜町４ー６ー２３", "緯度": 35.407501, "経度": 136.876849, "url": "https://www.iryou.teikyouseido.mhlw.go.jp/znk-web/juminkanja/S2430/initialize?prefCd=21&kikanCd=1632000568&kikanKbn=2", "url2": "https://www.yuki-cl.com/", "内容": "ＹＵＫＩこどもクリニック【2:診療所】【診療科目:小児科_アレルギー科】岐阜県各務原市蘇原興亜町４ー６ー２３" }, "geometry": { "type": "Point", "coordinates": [ 136.876849, 35.407501 ] } },
{ "type": "Feature", "properties": { "ID": 2121632000569, "正式名称": "林内科耳鼻咽喉科", "機関区分": 2, "都道府県コード": 21, "市区町村コード": 213, "所在地": "岐阜県各務原市蘇原新栄町１ー７３ー１", "緯度": 35.412126, "経度": 136.865628, "url": "https://www.iryou.teikyouseido.mhlw.go.jp/znk-web/juminkanja/S2430/initialize?prefCd=21&kikanCd=1632000569&kikanKbn=2", "url2": null, "内容": "林内科耳鼻咽喉科【2:診療所】【診療科目:内科_循環器内科_消化器内科_小児科_耳鼻いんこう科_リハビリテーション科】岐阜県各務原市蘇原新栄町１ー７３ー１" }, "geometry": { "type": "Point", "coordinates": [ 136.865628, 35.412126 ] } },
{ "type": "Feature", "properties": { "ID": 2121632000570, "正式名称": "そはらこどもクリニック", "機関区分": 2, "都道府県コード": 21, "市区町村コード": 213, "所在地": "岐阜県各務原市蘇原新生町", "緯度": 35.419834, "経度": 136.881516, "url": "https://www.iryou.teikyouseido.mhlw.go.jp/znk-web/juminkanja/S2430/initialize?prefCd=21&kikanCd=1632000570&kikanKbn=2", "url2": "sohara-kodomo.jp", "内容": "そはらこどもクリニック【2:診療所】【診療科目:小児科】岐阜県各務原市蘇原新生町" }, "geometry": { "type": "Point", "coordinates": [ 136.881516, 35.419834 ] } },
{ "type": "Feature", "properties": { "ID": 2121632000572, "正式名称": "各務原第一外科", "機関区分": 2, "都道府県コード": 21, "市区町村コード": 213, "所在地": "岐阜県各務原市蘇原青雲町４丁目１ー７０", "緯度": 35.410332, "経度": 136.859506, "url": "https://www.iryou.teikyouseido.mhlw.go.jp/znk-web/juminkanja/S2430/initialize?prefCd=21&kikanCd=1632000572&kikanKbn=2", "url2": null, "内容": "各務原第一外科【2:診療所】【診療科目:内科_胃腸内科_外科_整形外科_リハビリテーション科】岐阜県各務原市蘇原青雲町４丁目１ー７０" }, "geometry": { "type": "Point", "coordinates": [ 136.859506, 35.410332 ] } },
{ "type": "Feature", "properties": { "ID": 2121632000573, "正式名称": "村田眼科", "機関区分": 2, "都道府県コード": 21, "市区町村コード": 213, "所在地": "岐阜県各務原市蘇原村雨町３ー１７", "緯度": 35.405832, "経度": 136.857681, "url": "https://www.iryou.teikyouseido.mhlw.go.jp/znk-web/juminkanja/S2430/initialize?prefCd=21&kikanCd=1632000573&kikanKbn=2", "url2": null, "内容": "村田眼科【2:診療所】【診療科目:眼科】岐阜県各務原市蘇原村雨町３ー１７" }, "geometry": { "type": "Point", "coordinates": [ 136.857681, 35.405832 ] } },
{ "type": "Feature", "properties": { "ID": 2121632000574, "正式名称": "小野木医院", "機関区分": 2, "都道府県コード": 21, "市区町村コード": 213, "所在地": "岐阜県各務原市蘇原大島町５－１６７", "緯度": 35.41808, "経度": 136.848784, "url": "https://www.iryou.teikyouseido.mhlw.go.jp/znk-web/juminkanja/S2430/initialize?prefCd=21&kikanCd=1632000574&kikanKbn=2", "url2": "http://www.onogi-iin.com", "内容": "小野木医院【2:診療所】【診療科目:内科_消化器内科_胃腸内科_婦人科】岐阜県各務原市蘇原大島町５－１６７" }, "geometry": { "type": "Point", "coordinates": [ 136.848784, 35.41808 ] } },
{ "type": "Feature", "properties": { "ID": 2121632000578, "正式名称": "しももとクリニック", "機関区分": 2, "都道府県コード": 21, "市区町村コード": 213, "所在地": "岐阜県各務原市蘇原東島町３ー１６３ー３", "緯度": 35.41289, "経度": 136.877769, "url": "https://www.iryou.teikyouseido.mhlw.go.jp/znk-web/juminkanja/S2430/initialize?prefCd=21&kikanCd=1632000578&kikanKbn=2", "url2": null, "内容": "しももとクリニック【2:診療所】【診療科目:内科_呼吸器内科_小児科_アレルギー科_リハビリテーション科】岐阜県各務原市蘇原東島町３ー１６３ー３" }, "geometry": { "type": "Point", "coordinates": [ 136.877769, 35.41289 ] } },
{ "type": "Feature", "properties": { "ID": 2121632000580, "正式名称": "村上医院耳鼻咽喉科", "機関区分": 2, "都道府県コード": 21, "市区町村コード": 213, "所在地": "岐阜県各務原市蘇原東門町２丁目７８番地", "緯度": 35.420596, "経度": 136.879897, "url": "https://www.iryou.teikyouseido.mhlw.go.jp/znk-web/juminkanja/S2430/initialize?prefCd=21&kikanCd=1632000580&kikanKbn=2", "url2": "http://www.murakami-jibika.com/", "内容": "村上医院耳鼻咽喉科【2:診療所】【診療科目:小児科_耳鼻いんこう科_頭頸部・耳鼻いんこう科】岐阜県各務原市蘇原東門町２丁目７８番地" }, "geometry": { "type": "Point", "coordinates": [ 136.879897, 35.420596 ] } },
{ "type": "Feature", "properties": { "ID": 2121632000590, "正式名称": "横山耳鼻咽喉科", "機関区分": 2, "都道府県コード": 21, "市区町村コード": 213, "所在地": "岐阜県各務原市那加吾妻町７８", "緯度": 35.400072, "経度": 136.839934, "url": "https://www.iryou.teikyouseido.mhlw.go.jp/znk-web/juminkanja/S2430/initialize?prefCd=21&kikanCd=1632000590&kikanKbn=2", "url2": "www.yokoyamamimihana.com", "内容": "横山耳鼻咽喉科【2:診療所】【診療科目:耳鼻いんこう科_アレルギー科】岐阜県各務原市那加吾妻町７８" }, "geometry": { "type": "Point", "coordinates": [ 136.839934, 35.400072 ] } },
{ "type": "Feature", "properties": { "ID": 2121632000596, "正式名称": "各務原市休日急病診療所", "機関区分": 2, "都道府県コード": 21, "市区町村コード": 213, "所在地": "岐阜県各務原市那加桜町２丁目１６３番地各務原市総合福祉会館内", "緯度": 35.399859, "経度": 136.846178, "url": "https://www.iryou.teikyouseido.mhlw.go.jp/znk-web/juminkanja/S2430/initialize?prefCd=21&kikanCd=1632000596&kikanKbn=2", "url2": "https://www.city.kakamigahara.lg.jp/shisei/shisetsu/1005594/1005596.html", "内容": "各務原市休日急病診療所【2:診療所】【診療科目:内科_小児科】岐阜県各務原市那加桜町２丁目１６３番地各務原市総合福祉会館内" }, "geometry": { "type": "Point", "coordinates": [ 136.846178, 35.399859 ] } },
{ "type": "Feature", "properties": { "ID": 2121632000600, "正式名称": "永井内科消化器科", "機関区分": 2, "都道府県コード": 21, "市区町村コード": 213, "所在地": "岐阜県各務原市那加桜町３丁目２８２", "緯度": 35.402538, "経度": 136.848035, "url": "https://www.iryou.teikyouseido.mhlw.go.jp/znk-web/juminkanja/S2430/initialize?prefCd=21&kikanCd=1632000600&kikanKbn=2", "url2": "https://nagai-hp.doctorsfile.jp/", "内容": "永井内科消化器科【2:診療所】【診療科目:内科_消化器内科】岐阜県各務原市那加桜町３丁目２８２" }, "geometry": { "type": "Point", "coordinates": [ 136.848035, 35.402538 ] } },
{ "type": "Feature", "properties": { "ID": 2121632000601, "正式名称": "新加納内科", "機関区分": 2, "都道府県コード": 21, "市区町村コード": 213, "所在地": "岐阜県各務原市那加新加納町１９８９－１", "緯度": 35.395881, "経度": 136.826152, "url": "https://www.iryou.teikyouseido.mhlw.go.jp/znk-web/juminkanja/S2430/initialize?prefCd=21&kikanCd=1632000601&kikanKbn=2", "url2": null, "内容": "新加納内科【2:診療所】【診療科目:内科_消化器内科】岐阜県各務原市那加新加納町１９８９－１" }, "geometry": { "type": "Point", "coordinates": [ 136.826152, 35.395881 ] } },
{ "type": "Feature", "properties": { "ID": 2121632000603, "正式名称": "花井整形外科", "機関区分": 2, "都道府県コード": 21, "市区町村コード": 213, "所在地": "岐阜県各務原市那加西市場町４丁目１番地２", "緯度": 35.416343, "経度": 136.823486, "url": "https://www.iryou.teikyouseido.mhlw.go.jp/znk-web/juminkanja/S2430/initialize?prefCd=21&kikanCd=1632000603&kikanKbn=2", "url2": null, "内容": "花井整形外科【2:診療所】【診療科目:整形外科_リウマチ科_リハビリテーション科】岐阜県各務原市那加西市場町４丁目１番地２" }, "geometry": { "type": "Point", "coordinates": [ 136.823486, 35.416343 ] } },
{ "type": "Feature", "properties": { "ID": 2121632000605, "正式名称": "永田内科", "機関区分": 2, "都道府県コード": 21, "市区町村コード": 213, "所在地": "岐阜県各務原市那加西野町１２９", "緯度": 35.398427, "経度": 136.834654, "url": "https://www.iryou.teikyouseido.mhlw.go.jp/znk-web/juminkanja/S2430/initialize?prefCd=21&kikanCd=1632000605&kikanKbn=2", "url2": "https://nagatanaika.doctorsfile.jp/", "内容": "永田内科【2:診療所】【診療科目:内科_消化器内科_小児科_リハビリテーション科_放射線科】岐阜県各務原市那加西野町１２９" }, "geometry": { "type": "Point", "coordinates": [ 136.834654, 35.398427 ] } },
{ "type": "Feature", "properties": { "ID": 2121632000606, "正式名称": "医療法人四葉会　永田産婦人科", "機関区分": 2, "都道府県コード": 21, "市区町村コード": 213, "所在地": "岐阜県各務原市那加西野町１９０番地", "緯度": 35.398033, "経度": 136.834188, "url": "https://www.iryou.teikyouseido.mhlw.go.jp/znk-web/juminkanja/S2430/initialize?prefCd=21&kikanCd=1632000606&kikanKbn=2", "url2": "http://www.nagataclinic.jp", "内容": "医療法人四葉会　永田産婦人科【2:診療所】【診療科目:産婦人科】岐阜県各務原市那加西野町１９０番地" }, "geometry": { "type": "Point", "coordinates": [ 136.834188, 35.398033 ] } },
{ "type": "Feature", "properties": { "ID": 2121632000607, "正式名称": "あらき内科クリニック", "機関区分": 2, "都道府県コード": 21, "市区町村コード": 213, "所在地": "岐阜県各務原市那加石山町１ー１３３", "緯度": 35.40747, "経度": 136.827276, "url": "https://www.iryou.teikyouseido.mhlw.go.jp/znk-web/juminkanja/S2430/initialize?prefCd=21&kikanCd=1632000607&kikanKbn=2", "url2": "araki-naika.jp/", "内容": "あらき内科クリニック【2:診療所】【診療科目:内科_呼吸器内科_循環器内科_消化器内科_小児科】岐阜県各務原市那加石山町１ー１３３" }, "geometry": { "type": "Point", "coordinates": [ 136.827276, 35.40747 ] } },
{ "type": "Feature", "properties": { "ID": 2121632000609, "正式名称": "医療法人社団恒仁会田中クリニック", "機関区分": 2, "都道府県コード": 21, "市区町村コード": 213, "所在地": "岐阜県各務原市那加前洞新町４－１８１－１", "緯度": 35.407371, "経度": 136.841326, "url": "https://www.iryou.teikyouseido.mhlw.go.jp/znk-web/juminkanja/S2430/initialize?prefCd=21&kikanCd=1632000609&kikanKbn=2", "url2": "http://www.tanaka-c.com", "内容": "医療法人社団恒仁会田中クリニック【2:診療所】【診療科目:内科_呼吸器内科_循環器内科_消化器内科】岐阜県各務原市那加前洞新町４－１８１－１" }, "geometry": { "type": "Point", "coordinates": [ 136.841326, 35.407371 ] } },
{ "type": "Feature", "properties": { "ID": 2121632000611, "正式名称": "つかはら医院", "機関区分": 2, "都道府県コード": 21, "市区町村コード": 213, "所在地": "岐阜県各務原市那加楠町４５ー６８", "緯度": 35.397297, "経度": 136.842237, "url": "https://www.iryou.teikyouseido.mhlw.go.jp/znk-web/juminkanja/S2430/initialize?prefCd=21&kikanCd=1632000611&kikanKbn=2", "url2": "tsukaharaiin.jp", "内容": "つかはら医院【2:診療所】【診療科目:内科_循環器内科_女性内科_ペインクリニック内科_リハビリテーション科】岐阜県各務原市那加楠町４５ー６８" }, "geometry": { "type": "Point", "coordinates": [ 136.842237, 35.397297 ] } },
{ "type": "Feature", "properties": { "ID": 2121632000612, "正式名称": "各務原宗宮整形外科", "機関区分": 2, "都道府県コード": 21, "市区町村コード": 213, "所在地": "岐阜県各務原市那加不動丘町１丁目２８ー１", "緯度": 35.407831, "経度": 136.84669, "url": "https://www.iryou.teikyouseido.mhlw.go.jp/znk-web/juminkanja/S2430/initialize?prefCd=21&kikanCd=1632000612&kikanKbn=2", "url2": null, "内容": "各務原宗宮整形外科【2:診療所】【診療科目:整形外科_リウマチ科_リハビリテーション科】岐阜県各務原市那加不動丘町１丁目２８ー１" }, "geometry": { "type": "Point", "coordinates": [ 136.84669, 35.407831 ] } },
{ "type": "Feature", "properties": { "ID": 2121632000619, "正式名称": "村井医院", "機関区分": 2, "都道府県コード": 21, "市区町村コード": 213, "所在地": "岐阜県各務原市緑苑中２ー９３", "緯度": 35.412767, "経度": 136.94757, "url": "https://www.iryou.teikyouseido.mhlw.go.jp/znk-web/juminkanja/S2430/initialize?prefCd=21&kikanCd=1632000619&kikanKbn=2", "url2": "murai-iin.com/", "内容": "村井医院【2:診療所】【診療科目:内科_循環器内科_消化器内科_小児科_皮膚科】岐阜県各務原市緑苑中２ー９３" }, "geometry": { "type": "Point", "coordinates": [ 136.94757, 35.412767 ] } },
{ "type": "Feature", "properties": { "ID": 2121632001429, "正式名称": "伊自良北診療所", "機関区分": 2, "都道府県コード": 21, "市区町村コード": 215, "所在地": "岐阜県山県市掛２１０－４", "緯度": 35.552944, "経度": 136.721163, "url": "https://www.iryou.teikyouseido.mhlw.go.jp/znk-web/juminkanja/S2430/initialize?prefCd=21&kikanCd=1632001429&kikanKbn=2", "url2": null, "内容": "伊自良北診療所【2:診療所】【診療科目:内科_小児科】岐阜県山県市掛２１０－４" }, "geometry": { "type": "Point", "coordinates": [ 136.721163, 35.552944 ] } },
{ "type": "Feature", "properties": { "ID": 2121632001430, "正式名称": "鳥澤医院", "機関区分": 2, "都道府県コード": 21, "市区町村コード": 215, "所在地": "岐阜県山県市大森３８１", "緯度": 35.524323, "経度": 136.733013, "url": "https://www.iryou.teikyouseido.mhlw.go.jp/znk-web/juminkanja/S2430/initialize?prefCd=21&kikanCd=1632001430&kikanKbn=2", "url2": null, "内容": "鳥澤医院【2:診療所】【診療科目:内科_循環器内科_消化器内科_小児科_リハビリテーション科_放射線科】岐阜県山県市大森３８１" }, "geometry": { "type": "Point", "coordinates": [ 136.733013, 35.524323 ] } },
{ "type": "Feature", "properties": { "ID": 2121632001432, "正式名称": "宇野クリニック", "機関区分": 2, "都道府県コード": 21, "市区町村コード": 215, "所在地": "岐阜県山県市伊佐美２４３", "緯度": 35.522323, "経度": 136.78941, "url": "https://www.iryou.teikyouseido.mhlw.go.jp/znk-web/juminkanja/S2430/initialize?prefCd=21&kikanCd=1632001432&kikanKbn=2", "url2": null, "内容": "宇野クリニック【2:診療所】【診療科目:内科_外科_脳神経外科_小児科_放射線科】岐阜県山県市伊佐美２４３" }, "geometry": { "type": "Point", "coordinates": [ 136.78941, 35.522323 ] } },
{ "type": "Feature", "properties": { "ID": 2121632001435, "正式名称": "あらいクリニック", "機関区分": 2, "都道府県コード": 21, "市区町村コード": 215, "所在地": "岐阜県山県市高富２１１９－１", "緯度": 35.499892, "経度": 136.786927, "url": "https://www.iryou.teikyouseido.mhlw.go.jp/znk-web/juminkanja/S2430/initialize?prefCd=21&kikanCd=1632001435&kikanKbn=2", "url2": "https://arai-cl-gifu-yamagata.com", "内容": "あらいクリニック【2:診療所】【診療科目:内科_呼吸器内科_循環器内科_アレルギー科】岐阜県山県市高富２１１９－１" }, "geometry": { "type": "Point", "coordinates": [ 136.786927, 35.499892 ] } },
{ "type": "Feature", "properties": { "ID": 2121632001436, "正式名称": "たかとみ眼科", "機関区分": 2, "都道府県コード": 21, "市区町村コード": 215, "所在地": "岐阜県山県市高富２１１３ー１", "緯度": 35.49927, "経度": 136.786711, "url": "https://www.iryou.teikyouseido.mhlw.go.jp/znk-web/juminkanja/S2430/initialize?prefCd=21&kikanCd=1632001436&kikanKbn=2", "url2": "http://www.kitoganka.jp", "内容": "たかとみ眼科【2:診療所】【診療科目:眼科】岐阜県山県市高富２１１３ー１" }, "geometry": { "type": "Point", "coordinates": [ 136.786711, 35.49927 ] } },
{ "type": "Feature", "properties": { "ID": 2121632001444, "正式名称": "遠渡内科", "機関区分": 2, "都道府県コード": 21, "市区町村コード": 215, "所在地": "岐阜県山県市東深瀬６８３－３", "緯度": 35.510841, "経度": 136.790554, "url": "https://www.iryou.teikyouseido.mhlw.go.jp/znk-web/juminkanja/S2430/initialize?prefCd=21&kikanCd=1632001444&kikanKbn=2", "url2": null, "内容": "遠渡内科【2:診療所】【診療科目:内科_呼吸器内科_循環器内科_消化器内科_小児科_心療内科_リウマチ科】岐阜県山県市東深瀬６８３－３" }, "geometry": { "type": "Point", "coordinates": [ 136.790554, 35.510841 ] } },
{ "type": "Feature", "properties": { "ID": 2121632001454, "正式名称": "臼井内科医院", "機関区分": 2, "都道府県コード": 21, "市区町村コード": 215, "所在地": "岐阜県山県市富永４１４", "緯度": 35.564683, "経度": 136.786426, "url": "https://www.iryou.teikyouseido.mhlw.go.jp/znk-web/juminkanja/S2430/initialize?prefCd=21&kikanCd=1632001454&kikanKbn=2", "url2": null, "内容": "臼井内科医院【2:診療所】【診療科目:内科_胃腸内科_小児科_放射線科】岐阜県山県市富永４１４" }, "geometry": { "type": "Point", "coordinates": [ 136.786426, 35.564683 ] } },
{ "type": "Feature", "properties": { "ID": 2121632001455, "正式名称": "なりみやクリニック", "機関区分": 2, "都道府県コード": 21, "市区町村コード": 215, "所在地": "岐阜県山県市高富１６１４", "緯度": 35.498073, "経度": 136.788617, "url": "https://www.iryou.teikyouseido.mhlw.go.jp/znk-web/juminkanja/S2430/initialize?prefCd=21&kikanCd=1632001455&kikanKbn=2", "url2": null, "内容": "なりみやクリニック【2:診療所】【診療科目:内科】岐阜県山県市高富１６１４" }, "geometry": { "type": "Point", "coordinates": [ 136.788617, 35.498073 ] } },
{ "type": "Feature", "properties": { "ID": 2121632001456, "正式名称": "ひらまつ耳鼻咽喉科", "機関区分": 2, "都道府県コード": 21, "市区町村コード": 215, "所在地": "岐阜県山県市高富２４５２", "緯度": 35.503433, "経度": 136.790109, "url": "https://www.iryou.teikyouseido.mhlw.go.jp/znk-web/juminkanja/S2430/initialize?prefCd=21&kikanCd=1632001456&kikanKbn=2", "url2": "http://hiramatsu-jibi.jp/", "内容": "ひらまつ耳鼻咽喉科【2:診療所】【診療科目:耳鼻いんこう科_アレルギー科】岐阜県山県市高富２４５２" }, "geometry": { "type": "Point", "coordinates": [ 136.790109, 35.503433 ] } },
{ "type": "Feature", "properties": { "ID": 2121632001464, "正式名称": "社会医療法人清光会名和内科", "機関区分": 2, "都道府県コード": 21, "市区町村コード": 216, "所在地": "岐阜県瑞穂市重里２００５", "緯度": 35.416084, "経度": 136.659492, "url": "https://www.iryou.teikyouseido.mhlw.go.jp/znk-web/juminkanja/S2430/initialize?prefCd=21&kikanCd=1632001464&kikanKbn=2", "url2": "https://seikohkai.net/", "内容": "社会医療法人清光会名和内科【2:診療所】【診療科目:内科_循環器内科_小児科】岐阜県瑞穂市重里２００５" }, "geometry": { "type": "Point", "coordinates": [ 136.659492, 35.416084 ] } },
{ "type": "Feature", "properties": { "ID": 2121632001494, "正式名称": "医療法人若園医院", "機関区分": 2, "都道府県コード": 21, "市区町村コード": 216, "所在地": "岐阜県瑞穂市唐栗", "緯度": 35.412484, "経度": 136.640835, "url": "https://www.iryou.teikyouseido.mhlw.go.jp/znk-web/juminkanja/S2430/initialize?prefCd=21&kikanCd=1632001494&kikanKbn=2", "url2": "wakazono-clinic.com", "内容": "医療法人若園医院【2:診療所】【診療科目:内科_小児科_皮膚科】岐阜県瑞穂市唐栗" }, "geometry": { "type": "Point", "coordinates": [ 136.640835, 35.412484 ] } },
{ "type": "Feature", "properties": { "ID": 2121632001987, "正式名称": "つじクリニック", "機関区分": 2, "都道府県コード": 21, "市区町村コード": 218, "所在地": "岐阜県本巣市七五三３１９ー１", "緯度": 35.453214, "経度": 136.656894, "url": "https://www.iryou.teikyouseido.mhlw.go.jp/znk-web/juminkanja/S2430/initialize?prefCd=21&kikanCd=1632001987&kikanKbn=2", "url2": null, "内容": "つじクリニック【2:診療所】【診療科目:内科_消化器内科_外科_肛門外科_整形外科_小児科_皮膚科_リハビリテーション科】岐阜県本巣市七五三３１９ー１" }, "geometry": { "type": "Point", "coordinates": [ 136.656894, 35.453214 ] } },
{ "type": "Feature", "properties": { "ID": 2121632001989, "正式名称": "堀部クリニック", "機関区分": 2, "都道府県コード": 21, "市区町村コード": 218, "所在地": "岐阜県本巣市仏生寺２４ー５", "緯度": 35.44412, "経度": 136.689244, "url": "https://www.iryou.teikyouseido.mhlw.go.jp/znk-web/juminkanja/S2430/initialize?prefCd=21&kikanCd=1632001989&kikanKbn=2", "url2": "http://www.u-life.org/", "内容": "堀部クリニック【2:診療所】【診療科目:内科_消化器内科_胃腸内科_外科_小児科_小児外科_リハビリテーション科】岐阜県本巣市仏生寺２４ー５" }, "geometry": { "type": "Point", "coordinates": [ 136.689244, 35.44412 ] } },
{ "type": "Feature", "properties": { "ID": 2121632001994, "正式名称": "医療法人幸仁会白木医院", "機関区分": 2, "都道府県コード": 21, "市区町村コード": 218, "所在地": "岐阜県本巣市下真桑７１６", "緯度": 35.438766, "経度": 136.658119, "url": "https://www.iryou.teikyouseido.mhlw.go.jp/znk-web/juminkanja/S2430/initialize?prefCd=21&kikanCd=1632001994&kikanKbn=2", "url2": "http://shiraki-iin.com", "内容": "医療法人幸仁会白木医院【2:診療所】【診療科目:内科_循環器内科_消化器内科_老年内科】岐阜県本巣市下真桑７１６" }, "geometry": { "type": "Point", "coordinates": [ 136.658119, 35.438766 ] } },
{ "type": "Feature", "properties": { "ID": 2121632001995, "正式名称": "まくわクリニック", "機関区分": 2, "都道府県コード": 21, "市区町村コード": 218, "所在地": "岐阜県本巣市軽海４９５番地の７", "緯度": 35.429087, "経度": 136.656353, "url": "https://www.iryou.teikyouseido.mhlw.go.jp/znk-web/juminkanja/S2430/initialize?prefCd=21&kikanCd=1632001995&kikanKbn=2", "url2": "http://www.makuwa-clinic.jp", "内容": "まくわクリニック【2:診療所】【診療科目:内科_胃腸内科_外科_整形外科_小児科_皮膚科_リハビリテーション科_放射線科】岐阜県本巣市軽海４９５番地の７" }, "geometry": { "type": "Point", "coordinates": [ 136.656353, 35.429087 ] } },
{ "type": "Feature", "properties": { "ID": 2121632001998, "正式名称": "高木クリニック", "機関区分": 2, "都道府県コード": 21, "市区町村コード": 216, "所在地": "岐阜県瑞穂市古橋１０７５－１", "緯度": 35.392397, "経度": 136.650405, "url": "https://www.iryou.teikyouseido.mhlw.go.jp/znk-web/juminkanja/S2430/initialize?prefCd=21&kikanCd=1632001998&kikanKbn=2", "url2": "http://takagi-clinic.net/", "内容": "高木クリニック【2:診療所】【診療科目:内科_循環器内科_消化器内科_小児科】岐阜県瑞穂市古橋１０７５－１" }, "geometry": { "type": "Point", "coordinates": [ 136.650405, 35.392397 ] } },
{ "type": "Feature", "properties": { "ID": 2121632002002, "正式名称": "国枝医院", "機関区分": 2, "都道府県コード": 21, "市区町村コード": 216, "所在地": "岐阜県瑞穂市牛牧８０１－１", "緯度": 35.386782, "経度": 136.66697, "url": "https://www.iryou.teikyouseido.mhlw.go.jp/znk-web/juminkanja/S2430/initialize?prefCd=21&kikanCd=1632002002&kikanKbn=2", "url2": "kuniedaiin.jp/", "内容": "国枝医院【2:診療所】【診療科目:内科_糖尿病内科_循環器内科_小児科】岐阜県瑞穂市牛牧８０１－１" }, "geometry": { "type": "Point", "coordinates": [ 136.66697, 35.386782 ] } },
{ "type": "Feature", "properties": { "ID": 2121632002003, "正式名称": "穂積すこやか診療所", "機関区分": 2, "都道府県コード": 21, "市区町村コード": 216, "所在地": "岐阜県瑞穂市只越９０７－５", "緯度": 35.398485, "経度": 136.687988, "url": "https://www.iryou.teikyouseido.mhlw.go.jp/znk-web/juminkanja/S2430/initialize?prefCd=21&kikanCd=1632002003&kikanKbn=2", "url2": null, "内容": "穂積すこやか診療所【2:診療所】【診療科目:精神科_心療内科】岐阜県瑞穂市只越９０７－５" }, "geometry": { "type": "Point", "coordinates": [ 136.687988, 35.398485 ] } },
{ "type": "Feature", "properties": { "ID": 2121632002005, "正式名称": "ほづみ耳鼻咽喉科クリニック", "機関区分": 2, "都道府県コード": 21, "市区町村コード": 216, "所在地": "岐阜県瑞穂市別府７２６の５", "緯度": 35.395326, "経度": 136.689491, "url": "https://www.iryou.teikyouseido.mhlw.go.jp/znk-web/juminkanja/S2430/initialize?prefCd=21&kikanCd=1632002005&kikanKbn=2", "url2": null, "内容": "ほづみ耳鼻咽喉科クリニック【2:診療所】【診療科目:内科_気管食道内科_小児科_小児耳鼻いんこう科_耳鼻いんこう科_気管食道・耳鼻いんこう科_頭頸部・耳鼻いんこう科_アレルギー科_麻酔科】岐阜県瑞穂市別府７２６の５" }, "geometry": { "type": "Point", "coordinates": [ 136.689491, 35.395326 ] } },
{ "type": "Feature", "properties": { "ID": 2121632002006, "正式名称": "佐竹整形外科", "機関区分": 2, "都道府県コード": 21, "市区町村コード": 216, "所在地": "岐阜県瑞穂市穂積１８４５ー１", "緯度": 35.383771, "経度": 136.691772, "url": "https://www.iryou.teikyouseido.mhlw.go.jp/znk-web/juminkanja/S2430/initialize?prefCd=21&kikanCd=1632002006&kikanKbn=2", "url2": null, "内容": "佐竹整形外科【2:診療所】【診療科目:整形外科_形成外科_皮膚科_リウマチ科_リハビリテーション科】岐阜県瑞穂市穂積１８４５ー１" }, "geometry": { "type": "Point", "coordinates": [ 136.691772, 35.383771 ] } },
{ "type": "Feature", "properties": { "ID": 2121632002007, "正式名称": "京極こどもクリニック", "機関区分": 2, "都道府県コード": 21, "市区町村コード": 216, "所在地": "岐阜県瑞穂市只越４６０ー５", "緯度": 35.398076, "経度": 136.68091, "url": "https://www.iryou.teikyouseido.mhlw.go.jp/znk-web/juminkanja/S2430/initialize?prefCd=21&kikanCd=1632002007&kikanKbn=2", "url2": "https://www.k-kids.or.jp", "内容": "京極こどもクリニック【2:診療所】【診療科目:小児科】岐阜県瑞穂市只越４６０ー５" }, "geometry": { "type": "Point", "coordinates": [ 136.68091, 35.398076 ] } },
{ "type": "Feature", "properties": { "ID": 2121632002008, "正式名称": "宇土医院", "機関区分": 2, "都道府県コード": 21, "市区町村コード": 216, "所在地": "岐阜県瑞穂市馬場小城町１丁目８２番地", "緯度": 35.408889, "経度": 136.690594, "url": "https://www.iryou.teikyouseido.mhlw.go.jp/znk-web/juminkanja/S2430/initialize?prefCd=21&kikanCd=1632002008&kikanKbn=2", "url2": null, "内容": "宇土医院【2:診療所】【診療科目:眼科】岐阜県瑞穂市馬場小城町１丁目８２番地" }, "geometry": { "type": "Point", "coordinates": [ 136.690594, 35.408889 ] } },
{ "type": "Feature", "properties": { "ID": 2121632002009, "正式名称": "下野眼科クリニック", "機関区分": 2, "都道府県コード": 21, "市区町村コード": 216, "所在地": "岐阜県瑞穂市馬場上光町１丁目１０６番地", "緯度": 35.412691, "経度": 136.685695, "url": "https://www.iryou.teikyouseido.mhlw.go.jp/znk-web/juminkanja/S2430/initialize?prefCd=21&kikanCd=1632002009&kikanKbn=2", "url2": "https://www.shimono-eye-clinic.com", "内容": "下野眼科クリニック【2:診療所】【診療科目:眼科】岐阜県瑞穂市馬場上光町１丁目１０６番地" }, "geometry": { "type": "Point", "coordinates": [ 136.685695, 35.412691 ] } },
{ "type": "Feature", "properties": { "ID": 2121632002010, "正式名称": "おさだクリニック", "機関区分": 2, "都道府県コード": 21, "市区町村コード": 216, "所在地": "岐阜県瑞穂市馬場前畑町３ー３３", "緯度": 35.414327, "経度": 136.682211, "url": "https://www.iryou.teikyouseido.mhlw.go.jp/znk-web/juminkanja/S2430/initialize?prefCd=21&kikanCd=1632002010&kikanKbn=2", "url2": null, "内容": "おさだクリニック【2:診療所】【診療科目:皮膚科_アレルギー科】岐阜県瑞穂市馬場前畑町３ー３３" }, "geometry": { "type": "Point", "coordinates": [ 136.682211, 35.414327 ] } },
{ "type": "Feature", "properties": { "ID": 2121632002011, "正式名称": "関谷皮膚科", "機関区分": 2, "都道府県コード": 21, "市区町村コード": 216, "所在地": "岐阜県瑞穂市別府１０５３", "緯度": 35.393086, "経度": 136.694106, "url": "https://www.iryou.teikyouseido.mhlw.go.jp/znk-web/juminkanja/S2430/initialize?prefCd=21&kikanCd=1632002011&kikanKbn=2", "url2": null, "内容": "関谷皮膚科【2:診療所】【診療科目:内科_小児科_皮膚科】岐阜県瑞穂市別府１０５３" }, "geometry": { "type": "Point", "coordinates": [ 136.694106, 35.393086 ] } },
{ "type": "Feature", "properties": { "ID": 2121632002012, "正式名称": "広瀬内科クリニック", "機関区分": 2, "都道府県コード": 21, "市区町村コード": 216, "所在地": "岐阜県瑞穂市別府１０７４番地の１", "緯度": 35.393365, "経度": 136.692191, "url": "https://www.iryou.teikyouseido.mhlw.go.jp/znk-web/juminkanja/S2430/initialize?prefCd=21&kikanCd=1632002012&kikanKbn=2", "url2": "risshikai.or.jp", "内容": "広瀬内科クリニック【2:診療所】【診療科目:内科_呼吸器内科_循環器内科_消化器内科_漢方内科_女性内科_思春期内科_小児科】岐阜県瑞穂市別府１０７４番地の１" }, "geometry": { "type": "Point", "coordinates": [ 136.692191, 35.393365 ] } },
{ "type": "Feature", "properties": { "ID": 2121632002013, "正式名称": "所内科医院", "機関区分": 2, "都道府県コード": 21, "市区町村コード": 216, "所在地": "岐阜県瑞穂市別府２３１", "緯度": 35.396949, "経度": 136.690175, "url": "https://www.iryou.teikyouseido.mhlw.go.jp/znk-web/juminkanja/S2430/initialize?prefCd=21&kikanCd=1632002013&kikanKbn=2", "url2": null, "内容": "所内科医院【2:診療所】【診療科目:内科_循環器内科_消化器内科_小児科】岐阜県瑞穂市別府２３１" }, "geometry": { "type": "Point", "coordinates": [ 136.690175, 35.396949 ] } },
{ "type": "Feature", "properties": { "ID": 2121632002014, "正式名称": "ほづみ整形外科医院", "機関区分": 2, "都道府県コード": 21, "市区町村コード": 216, "所在地": "岐阜県瑞穂市別府７９１ー１", "緯度": 35.394801, "経度": 136.688202, "url": "https://www.iryou.teikyouseido.mhlw.go.jp/znk-web/juminkanja/S2430/initialize?prefCd=21&kikanCd=1632002014&kikanKbn=2", "url2": null, "内容": "ほづみ整形外科医院【2:診療所】【診療科目:外科_整形外科_リウマチ科_リハビリテーション科】岐阜県瑞穂市別府７９１ー１" }, "geometry": { "type": "Point", "coordinates": [ 136.688202, 35.394801 ] } },
{ "type": "Feature", "properties": { "ID": 2121632002015, "正式名称": "吉村内科", "機関区分": 2, "都道府県コード": 21, "市区町村コード": 216, "所在地": "岐阜県瑞穂市別府１２９７", "緯度": 35.392263, "経度": 136.689968, "url": "https://www.iryou.teikyouseido.mhlw.go.jp/znk-web/juminkanja/S2430/initialize?prefCd=21&kikanCd=1632002015&kikanKbn=2", "url2": null, "内容": "吉村内科【2:診療所】【診療科目:内科_循環器内科_胃腸内科_小児科_リハビリテーション科】岐阜県瑞穂市別府１２９７" }, "geometry": { "type": "Point", "coordinates": [ 136.689968, 35.392263 ] } },
{ "type": "Feature", "properties": { "ID": 2121632002017, "正式名称": "ひぐちクリニック", "機関区分": 2, "都道府県コード": 21, "市区町村コード": 216, "所在地": "岐阜県瑞穂市別府７２５番地１", "緯度": 35.395411, "経度": 136.689793, "url": "https://www.iryou.teikyouseido.mhlw.go.jp/znk-web/juminkanja/S2430/initialize?prefCd=21&kikanCd=1632002017&kikanKbn=2", "url2": "http://higuchiclinic.com/", "内容": "ひぐちクリニック【2:診療所】【診療科目:皮膚科_美容皮膚科_アレルギー科】岐阜県瑞穂市別府７２５番地１" }, "geometry": { "type": "Point", "coordinates": [ 136.689793, 35.395411 ] } },
{ "type": "Feature", "properties": { "ID": 2121632002019, "正式名称": "福田内科医院", "機関区分": 2, "都道府県コード": 21, "市区町村コード": 216, "所在地": "岐阜県瑞穂市本田", "緯度": 35.405948, "経度": 136.675707, "url": "https://www.iryou.teikyouseido.mhlw.go.jp/znk-web/juminkanja/S2430/initialize?prefCd=21&kikanCd=1632002019&kikanKbn=2", "url2": "http://www.myclinic.ne.jp/seisinkai/pc/free.html", "内容": "福田内科医院【2:診療所】【診療科目:内科_循環器内科_消化器内科_胃腸内科_小児科_放射線科】岐阜県瑞穂市本田" }, "geometry": { "type": "Point", "coordinates": [ 136.675707, 35.405948 ] } },
{ "type": "Feature", "properties": { "ID": 2121632002020, "正式名称": "サンシャインＭ＆Ｄクリニック", "機関区分": 2, "都道府県コード": 21, "市区町村コード": 216, "所在地": "岐阜県瑞穂市本田１７４－１", "緯度": 35.415105, "経度": 136.673745, "url": "https://www.iryou.teikyouseido.mhlw.go.jp/znk-web/juminkanja/S2430/initialize?prefCd=21&kikanCd=1632002020&kikanKbn=2", "url2": "http://www.taiseikai.jp/", "内容": "サンシャインＭ＆Ｄクリニック【2:診療所】【診療科目:内科_人工透析内科_泌尿器科_歯科_歯科口腔外科】岐阜県瑞穂市本田１７４－１" }, "geometry": { "type": "Point", "coordinates": [ 136.673745, 35.415105 ] } },
{ "type": "Feature", "properties": { "ID": 2121632002021, "正式名称": "熊田医院耳鼻咽喉科", "機関区分": 2, "都道府県コード": 21, "市区町村コード": 216, "所在地": "岐阜県瑞穂市本田三ノ改田１０４６ー１", "緯度": 35.407018, "経度": 136.6737, "url": "https://www.iryou.teikyouseido.mhlw.go.jp/znk-web/juminkanja/S2430/initialize?prefCd=21&kikanCd=1632002021&kikanKbn=2", "url2": "https://www.kumadaiin-jibika.com/", "内容": "熊田医院耳鼻咽喉科【2:診療所】【診療科目:耳鼻いんこう科_アレルギー科】岐阜県瑞穂市本田三ノ改田１０４６ー１" }, "geometry": { "type": "Point", "coordinates": [ 136.6737, 35.407018 ] } },
{ "type": "Feature", "properties": { "ID": 2121632002023, "正式名称": "齋藤リウマチ科内科整形外科", "機関区分": 2, "都道府県コード": 21, "市区町村コード": 421, "所在地": "岐阜県本巣郡北方町栄町１丁目２７番地", "緯度": 35.43971, "経度": 136.686363, "url": "https://www.iryou.teikyouseido.mhlw.go.jp/znk-web/juminkanja/S2430/initialize?prefCd=21&kikanCd=1632002023&kikanKbn=2", "url2": "http://senjukaihomepage.web.fc2.com/", "内容": "齋藤リウマチ科内科整形外科【2:診療所】【診療科目:内科_老年・呼吸器内科_神経内科_漢方内科_老年内科_ペインクリニック内科_外科_ペインクリニック外科_整形外科_皮膚科_皮膚泌尿器科_泌尿器科_神経科_老年精神科_老年心療内科_アレルギー科_リウマチ科_リハビリテーション科_麻酔科】岐阜県本巣郡北方町栄町１丁目２７番地" }, "geometry": { "type": "Point", "coordinates": [ 136.686363, 35.43971 ] } },
{ "type": "Feature", "properties": { "ID": 2121632002027, "正式名称": "北方ひまわりクリニック", "機関区分": 2, "都道府県コード": 21, "市区町村コード": 421, "所在地": "岐阜県本巣郡北方町曲路２丁目１３６番地", "緯度": 35.431495, "経度": 136.69487, "url": "https://www.iryou.teikyouseido.mhlw.go.jp/znk-web/juminkanja/S2430/initialize?prefCd=21&kikanCd=1632002027&kikanKbn=2", "url2": null, "内容": "北方ひまわりクリニック【2:診療所】【診療科目:内科_呼吸器内科_循環器内科_胃腸内科_小児科_アレルギー科】岐阜県本巣郡北方町曲路２丁目１３６番地" }, "geometry": { "type": "Point", "coordinates": [ 136.69487, 35.431495 ] } },
{ "type": "Feature", "properties": { "ID": 2121632002030, "正式名称": "鹿野クリニック", "機関区分": 2, "都道府県コード": 21, "市区町村コード": 421, "所在地": "岐阜県本巣郡北方町高屋白木２－７７", "緯度": 35.417426, "経度": 136.69238, "url": "https://www.iryou.teikyouseido.mhlw.go.jp/znk-web/juminkanja/S2430/initialize?prefCd=21&kikanCd=1632002030&kikanKbn=2", "url2": "https://shikanoclinic.jp/", "内容": "鹿野クリニック【2:診療所】【診療科目:内科_呼吸器内科_循環器内科_外科_小児科_小児外科_リハビリテーション科】岐阜県本巣郡北方町高屋白木２－７７" }, "geometry": { "type": "Point", "coordinates": [ 136.69238, 35.417426 ] } },
{ "type": "Feature", "properties": { "ID": 2121632002032, "正式名称": "いのうえクリニック", "機関区分": 2, "都道府県コード": 21, "市区町村コード": 421, "所在地": "岐阜県本巣郡北方町芝原東町", "緯度": 35.445211, "経度": 136.696627, "url": "https://www.iryou.teikyouseido.mhlw.go.jp/znk-web/juminkanja/S2430/initialize?prefCd=21&kikanCd=1632002032&kikanKbn=2", "url2": null, "内容": "いのうえクリニック【2:診療所】【診療科目:内科_循環器内科_小児科】岐阜県本巣郡北方町芝原東町" }, "geometry": { "type": "Point", "coordinates": [ 136.696627, 35.445211 ] } },
{ "type": "Feature", "properties": { "ID": 2121632002033, "正式名称": "医療法人若葉会さとうファミリークリニック", "機関区分": 2, "都道府県コード": 21, "市区町村コード": 421, "所在地": "岐阜県本巣郡北方町小柳１丁目９５番地", "緯度": 35.433952, "経度": 136.692174, "url": "https://www.iryou.teikyouseido.mhlw.go.jp/znk-web/juminkanja/S2430/initialize?prefCd=21&kikanCd=1632002033&kikanKbn=2", "url2": "http://www.sato-family-clinic.com/", "内容": "医療法人若葉会さとうファミリークリニック【2:診療所】【診療科目:内科_糖尿病内科_呼吸器内科_循環器内科_消化器内科_外科_脳神経外科_整形外科_小児科_皮膚科_泌尿器科_リハビリテーション科_放射線科_麻酔科】岐阜県本巣郡北方町小柳１丁目９５番地" }, "geometry": { "type": "Point", "coordinates": [ 136.692174, 35.433952 ] } },
{ "type": "Feature", "properties": { "ID": 2121632002035, "正式名称": "野口整形外科内科医院", "機関区分": 2, "都道府県コード": 21, "市区町村コード": 421, "所在地": "岐阜県本巣郡北方町柱本５９２－３", "緯度": 35.427963, "経度": 136.686472, "url": "https://www.iryou.teikyouseido.mhlw.go.jp/znk-web/juminkanja/S2430/initialize?prefCd=21&kikanCd=1632002035&kikanKbn=2", "url2": "https://noguchi-seikei.jp", "内容": "野口整形外科内科医院【2:診療所】【診療科目:内科_神経内科_整形外科_リウマチ科_リハビリテーション科】岐阜県本巣郡北方町柱本５９２－３" }, "geometry": { "type": "Point", "coordinates": [ 136.686472, 35.427963 ] } },
{ "type": "Feature", "properties": { "ID": 2121632002036, "正式名称": "杉山こどもクリニック", "機関区分": 2, "都道府県コード": 21, "市区町村コード": 421, "所在地": "岐阜県本巣郡北方町柱本南１－３０６", "緯度": 35.425473, "経度": 136.689144, "url": "https://www.iryou.teikyouseido.mhlw.go.jp/znk-web/juminkanja/S2430/initialize?prefCd=21&kikanCd=1632002036&kikanKbn=2", "url2": "http://clinicsugiyama.main.jp", "内容": "杉山こどもクリニック【2:診療所】【診療科目:小児科_アレルギー科】岐阜県本巣郡北方町柱本南１－３０６" }, "geometry": { "type": "Point", "coordinates": [ 136.689144, 35.425473 ] } },
{ "type": "Feature", "properties": { "ID": 2121632002041, "正式名称": "大野医院", "機関区分": 2, "都道府県コード": 21, "市区町村コード": 421, "所在地": "岐阜県本巣郡北方町北方１７６８", "緯度": 35.438265, "経度": 136.681444, "url": "https://www.iryou.teikyouseido.mhlw.go.jp/znk-web/juminkanja/S2430/initialize?prefCd=21&kikanCd=1632002041&kikanKbn=2", "url2": null, "内容": "大野医院【2:診療所】【診療科目:内科_小児科】岐阜県本巣郡北方町北方１７６８" }, "geometry": { "type": "Point", "coordinates": [ 136.681444, 35.438265 ] } },
{ "type": "Feature", "properties": { "ID": 2121632002043, "正式名称": "もとす広域連合療育医療施設休日急患診療所", "機関区分": 2, "都道府県コード": 21, "市区町村コード": 421, "所在地": "岐阜県本巣郡北方町北方３２１９ー２５", "緯度": 35.439428, "経度": 136.678269, "url": "https://www.iryou.teikyouseido.mhlw.go.jp/znk-web/juminkanja/S2430/initialize?prefCd=21&kikanCd=1632002043&kikanKbn=2", "url2": "http://www.pref.gifu.jp/treatment/emergency", "内容": "もとす広域連合療育医療施設休日急患診療所【2:診療所】【診療科目:内科_小児科】岐阜県本巣郡北方町北方３２１９ー２５" }, "geometry": { "type": "Point", "coordinates": [ 136.678269, 35.439428 ] } },
{ "type": "Feature", "properties": { "ID": 2121632002044, "正式名称": "北方医院", "機関区分": 2, "都道府県コード": 21, "市区町村コード": 421, "所在地": "岐阜県本巣郡北方町北方１８１６－２３", "緯度": 35.436454, "経度": 136.68215, "url": "https://www.iryou.teikyouseido.mhlw.go.jp/znk-web/juminkanja/S2430/initialize?prefCd=21&kikanCd=1632002044&kikanKbn=2", "url2": null, "内容": "北方医院【2:診療所】【診療科目:内科_糖尿病内科_外科_小児科】岐阜県本巣郡北方町北方１８１６－２３" }, "geometry": { "type": "Point", "coordinates": [ 136.68215, 35.436454 ] } },
{ "type": "Feature", "properties": { "ID": 2121632002045, "正式名称": "いとうレディースケアクリニック", "機関区分": 2, "都道府県コード": 21, "市区町村コード": 421, "所在地": "岐阜県本巣郡北方町北方３１９５", "緯度": 35.423074, "経度": 136.683222, "url": "https://www.iryou.teikyouseido.mhlw.go.jp/znk-web/juminkanja/S2430/initialize?prefCd=21&kikanCd=1632002045&kikanKbn=2", "url2": "https://www.ito-ladies-care-clinic.com/", "内容": "いとうレディースケアクリニック【2:診療所】【診療科目:小児科_産婦人科】岐阜県本巣郡北方町北方３１９５" }, "geometry": { "type": "Point", "coordinates": [ 136.683222, 35.423074 ] } },
{ "type": "Feature", "properties": { "ID": 2121632002052, "正式名称": "本巣内科クリニック", "機関区分": 2, "都道府県コード": 21, "市区町村コード": 218, "所在地": "岐阜県本巣市曽井中島１０１１", "緯度": 35.48629, "経度": 136.670384, "url": "https://www.iryou.teikyouseido.mhlw.go.jp/znk-web/juminkanja/S2430/initialize?prefCd=21&kikanCd=1632002052&kikanKbn=2", "url2": "http://www.motosunaika.or.jp/", "内容": "本巣内科クリニック【2:診療所】【診療科目:内科_循環器内科_胃腸内科_小児科_リハビリテーション科】岐阜県本巣市曽井中島１０１１" }, "geometry": { "type": "Point", "coordinates": [ 136.670384, 35.48629 ] } },
{ "type": "Feature", "properties": { "ID": 2121632002059, "正式名称": "本巣市国民健康保険根尾診療所", "機関区分": 2, "都道府県コード": 21, "市区町村コード": 218, "所在地": "岐阜県本巣市根尾樽見８０番地", "緯度": 35.636569, "経度": 136.61516, "url": "https://www.iryou.teikyouseido.mhlw.go.jp/znk-web/juminkanja/S2430/initialize?prefCd=21&kikanCd=1632002059&kikanKbn=2", "url2": "https://www.city.motosu.lg.jp", "内容": "本巣市国民健康保険根尾診療所【2:診療所】【診療科目:内科_外科_脳神経外科_整形外科_小児科_歯科_リハビリテーション科】岐阜県本巣市根尾樽見８０番地" }, "geometry": { "type": "Point", "coordinates": [ 136.61516, 35.636569 ] } },
{ "type": "Feature", "properties": { "ID": 2121632002063, "正式名称": "本巣市国民健康保険本巣診療所", "機関区分": 2, "都道府県コード": 21, "市区町村コード": 218, "所在地": "岐阜県本巣市神海６２４番地１", "緯度": 35.541277, "経度": 136.643764, "url": "https://www.iryou.teikyouseido.mhlw.go.jp/znk-web/juminkanja/S2430/initialize?prefCd=21&kikanCd=1632002063&kikanKbn=2", "url2": null, "内容": "本巣市国民健康保険本巣診療所【2:診療所】【診療科目:内科_外科_整形外科_小児科_皮膚科】岐阜県本巣市神海６２４番地１" }, "geometry": { "type": "Point", "coordinates": [ 136.643764, 35.541277 ] } },
{ "type": "Feature", "properties": { "ID": 2121632005906, "正式名称": "なかしまこどもクリニック", "機関区分": 2, "都道府県コード": 21, "市区町村コード": 216, "所在地": "岐阜県瑞穂市十九条２４７－１", "緯度": 35.395015, "経度": 136.664076, "url": "https://www.iryou.teikyouseido.mhlw.go.jp/znk-web/juminkanja/S2430/initialize?prefCd=21&kikanCd=1632005906&kikanKbn=2", "url2": "https://n-kodomo.com/", "内容": "なかしまこどもクリニック【2:診療所】【診療科目:小児科】岐阜県瑞穂市十九条２４７－１" }, "geometry": { "type": "Point", "coordinates": [ 136.664076, 35.395015 ] } },
{ "type": "Feature", "properties": { "ID": 2121632005915, "正式名称": "佐々木クリニック", "機関区分": 2, "都道府県コード": 21, "市区町村コード": 213, "所在地": "岐阜県各務原市那加西市場町７ー２８５ー５", "緯度": 35.416275, "経度": 136.836977, "url": "https://www.iryou.teikyouseido.mhlw.go.jp/znk-web/juminkanja/S2430/initialize?prefCd=21&kikanCd=1632005915&kikanKbn=2", "url2": "https://cl-sasaki.com", "内容": "佐々木クリニック【2:診療所】【診療科目:内科_循環器内科_消化器内科_外科_肛門外科_小児科_リハビリテーション科】岐阜県各務原市那加西市場町７ー２８５ー５" }, "geometry": { "type": "Point", "coordinates": [ 136.836977, 35.416275 ] } },
{ "type": "Feature", "properties": { "ID": 2121632005916, "正式名称": "医療法人社団　楽翁会　みずほクリニック", "機関区分": 2, "都道府県コード": 21, "市区町村コード": 216, "所在地": "岐阜県瑞穂市本田５５６－１", "緯度": 35.410468, "経度": 136.673749, "url": "https://www.iryou.teikyouseido.mhlw.go.jp/znk-web/juminkanja/S2430/initialize?prefCd=21&kikanCd=1632005916&kikanKbn=2", "url2": "https://doctorsfile.jp/h/138787/", "内容": "医療法人社団　楽翁会　みずほクリニック【2:診療所】【診療科目:内科_外科_小児科】岐阜県瑞穂市本田５５６－１" }, "geometry": { "type": "Point", "coordinates": [ 136.673749, 35.410468 ] } },
{ "type": "Feature", "properties": { "ID": 2121632005919, "正式名称": "大岡脳神経外科・リハビリクリニック", "機関区分": 2, "都道府県コード": 21, "市区町村コード": 213, "所在地": "岐阜県各務原市鵜沼各務原町", "緯度": 35.400528, "経度": 136.896053, "url": "https://www.iryou.teikyouseido.mhlw.go.jp/znk-web/juminkanja/S2430/initialize?prefCd=21&kikanCd=1632005919&kikanKbn=2", "url2": "https://nougeka.org", "内容": "大岡脳神経外科・リハビリクリニック【2:診療所】【診療科目:脳神経外科_リハビリテーション科】岐阜県各務原市鵜沼各務原町" }, "geometry": { "type": "Point", "coordinates": [ 136.896053, 35.400528 ] } },
{ "type": "Feature", "properties": { "ID": 2121632005951, "正式名称": "国枝医院", "機関区分": 2, "都道府県コード": 21, "市区町村コード": 218, "所在地": "岐阜県本巣市文殊８８１－１", "緯度": 35.485012, "経度": 136.678948, "url": "https://www.iryou.teikyouseido.mhlw.go.jp/znk-web/juminkanja/S2430/initialize?prefCd=21&kikanCd=1632005951&kikanKbn=2", "url2": null, "内容": "国枝医院【2:診療所】【診療科目:内科_消化器内科_小児科_アレルギー科】岐阜県本巣市文殊８８１－１" }, "geometry": { "type": "Point", "coordinates": [ 136.678948, 35.485012 ] } },
{ "type": "Feature", "properties": { "ID": 2121632005993, "正式名称": "いなづみ眼科", "機関区分": 2, "都道府県コード": 21, "市区町村コード": 213, "所在地": "岐阜県各務原市蘇原柿沢町１ー３９", "緯度": 35.404823, "経度": 136.862449, "url": "https://www.iryou.teikyouseido.mhlw.go.jp/znk-web/juminkanja/S2430/initialize?prefCd=21&kikanCd=1632005993&kikanKbn=2", "url2": "http://www.inazumiganka.com", "内容": "いなづみ眼科【2:診療所】【診療科目:眼科】岐阜県各務原市蘇原柿沢町１ー３９" }, "geometry": { "type": "Point", "coordinates": [ 136.862449, 35.404823 ] } },
{ "type": "Feature", "properties": { "ID": 2121632006178, "正式名称": "なかしま医院", "機関区分": 2, "都道府県コード": 21, "市区町村コード": 218, "所在地": "岐阜県本巣市早野６５３－１", "緯度": 35.45427, "経度": 136.658433, "url": "https://www.iryou.teikyouseido.mhlw.go.jp/znk-web/juminkanja/S2430/initialize?prefCd=21&kikanCd=1632006178&kikanKbn=2", "url2": null, "内容": "なかしま医院【2:診療所】【診療科目:内科_糖尿病内科_小児科】岐阜県本巣市早野６５３－１" }, "geometry": { "type": "Point", "coordinates": [ 136.658433, 35.45427 ] } },
{ "type": "Feature", "properties": { "ID": 2121632006181, "正式名称": "にんじん通りハートクリニック", "機関区分": 2, "都道府県コード": 21, "市区町村コード": 213, "所在地": "岐阜県各務原市鵜沼南町２－１３０－５", "緯度": 35.396381, "経度": 136.941097, "url": "https://www.iryou.teikyouseido.mhlw.go.jp/znk-web/juminkanja/S2430/initialize?prefCd=21&kikanCd=1632006181&kikanKbn=2", "url2": "http://ninjin-heart.com/", "内容": "にんじん通りハートクリニック【2:診療所】【診療科目:内科_循環器内科】岐阜県各務原市鵜沼南町２－１３０－５" }, "geometry": { "type": "Point", "coordinates": [ 136.941097, 35.396381 ] } },
{ "type": "Feature", "properties": { "ID": 2121632006194, "正式名称": "かわだ整形外科", "機関区分": 2, "都道府県コード": 21, "市区町村コード": 213, "所在地": "岐阜県各務原市三井町１ー７４", "緯度": 35.39386, "経度": 136.834005, "url": "https://www.iryou.teikyouseido.mhlw.go.jp/znk-web/juminkanja/S2430/initialize?prefCd=21&kikanCd=1632006194&kikanKbn=2", "url2": "https://www.kawadaseikei.net", "内容": "かわだ整形外科【2:診療所】【診療科目:内科_整形外科_リウマチ科_リハビリテーション科】岐阜県各務原市三井町１ー７４" }, "geometry": { "type": "Point", "coordinates": [ 136.834005, 35.39386 ] } },
{ "type": "Feature", "properties": { "ID": 2121632006234, "正式名称": "ふくた眼科クリニック", "機関区分": 2, "都道府県コード": 21, "市区町村コード": 216, "所在地": "岐阜県瑞穂市本田１０１８ー１", "緯度": 35.405943, "経度": 136.675963, "url": "https://www.iryou.teikyouseido.mhlw.go.jp/znk-web/juminkanja/S2430/initialize?prefCd=21&kikanCd=1632006234&kikanKbn=2", "url2": "https://www.fukuta-ganka-clinic.com", "内容": "ふくた眼科クリニック【2:診療所】【診療科目:眼科_アレルギー科】岐阜県瑞穂市本田１０１８ー１" }, "geometry": { "type": "Point", "coordinates": [ 136.675963, 35.405943 ] } },
{ "type": "Feature", "properties": { "ID": 2121632006263, "正式名称": "いなばファミリークリニック", "機関区分": 2, "都道府県コード": 21, "市区町村コード": 213, "所在地": "岐阜県各務原市上中屋町４ー４３", "緯度": 35.380284, "経度": 136.857188, "url": "https://www.iryou.teikyouseido.mhlw.go.jp/znk-web/juminkanja/S2430/initialize?prefCd=21&kikanCd=1632006263&kikanKbn=2", "url2": "www.inaba-fc.com", "内容": "いなばファミリークリニック【2:診療所】【診療科目:内科_循環器内科_小児科_リハビリテーション科】岐阜県各務原市上中屋町４ー４３" }, "geometry": { "type": "Point", "coordinates": [ 136.857188, 35.380284 ] } },
{ "type": "Feature", "properties": { "ID": 2121632006265, "正式名称": "ひらの内科クリニック", "機関区分": 2, "都道府県コード": 21, "市区町村コード": 213, "所在地": "岐阜県各務原市蘇原瑞穂町３ー７６ー１", "緯度": 35.412719, "経度": 136.848949, "url": "https://www.iryou.teikyouseido.mhlw.go.jp/znk-web/juminkanja/S2430/initialize?prefCd=21&kikanCd=1632006265&kikanKbn=2", "url2": "http://hirano-clinic.moon.bindcloud.jp", "内容": "ひらの内科クリニック【2:診療所】【診療科目:内科_呼吸器内科_循環器内科_小児科_リハビリテーション科】岐阜県各務原市蘇原瑞穂町３ー７６ー１" }, "geometry": { "type": "Point", "coordinates": [ 136.848949, 35.412719 ] } },
{ "type": "Feature", "properties": { "ID": 2121632006268, "正式名称": "いわたキッズクリニック", "機関区分": 2, "都道府県コード": 21, "市区町村コード": 213, "所在地": "岐阜県各務原市蘇原吉野町１ー５２ー１", "緯度": 35.413816, "経度": 136.853374, "url": "https://www.iryou.teikyouseido.mhlw.go.jp/znk-web/juminkanja/S2430/initialize?prefCd=21&kikanCd=1632006268&kikanKbn=2", "url2": "https://kids-clinic.info", "内容": "いわたキッズクリニック【2:診療所】【診療科目:内科_小児科_アレルギー科】岐阜県各務原市蘇原吉野町１ー５２ー１" }, "geometry": { "type": "Point", "coordinates": [ 136.853374, 35.413816 ] } },
{ "type": "Feature", "properties": { "ID": 2121632006289, "正式名称": "にのみやクリニック", "機関区分": 2, "都道府県コード": 21, "市区町村コード": 215, "所在地": "岐阜県山県市高富９２７ー１", "緯度": 35.493926, "経度": 136.79024, "url": "https://www.iryou.teikyouseido.mhlw.go.jp/znk-web/juminkanja/S2430/initialize?prefCd=21&kikanCd=1632006289&kikanKbn=2", "url2": "http://www.ninomiya-clinic.net/", "内容": "にのみやクリニック【2:診療所】【診療科目:内科_消化器内科_胃腸内科】岐阜県山県市高富９２７ー１" }, "geometry": { "type": "Point", "coordinates": [ 136.79024, 35.493926 ] } },
{ "type": "Feature", "properties": { "ID": 2121632006486, "正式名称": "西野クリニック", "機関区分": 2, "都道府県コード": 21, "市区町村コード": 213, "所在地": "岐阜県各務原市三井町１ー５５ー２", "緯度": 35.394552, "経度": 136.834023, "url": "https://www.iryou.teikyouseido.mhlw.go.jp/znk-web/juminkanja/S2430/initialize?prefCd=21&kikanCd=1632006486&kikanKbn=2", "url2": "http://www.nishino-cl.com", "内容": "西野クリニック【2:診療所】【診療科目:小児泌尿器科_皮膚科_美容皮膚科_泌尿器科_男性泌尿器科】岐阜県各務原市三井町１ー５５ー２" }, "geometry": { "type": "Point", "coordinates": [ 136.834023, 35.394552 ] } },
{ "type": "Feature", "properties": { "ID": 2121632006487, "正式名称": "八木澤整形外科", "機関区分": 2, "都道府県コード": 21, "市区町村コード": 213, "所在地": "岐阜県各務原市各務西町３丁目３１番地１", "緯度": 35.418962, "経度": 136.899124, "url": "https://www.iryou.teikyouseido.mhlw.go.jp/znk-web/juminkanja/S2430/initialize?prefCd=21&kikanCd=1632006487&kikanKbn=2", "url2": null, "内容": "八木澤整形外科【2:診療所】【診療科目:整形外科_リウマチ科_リハビリテーション科】岐阜県各務原市各務西町３丁目３１番地１" }, "geometry": { "type": "Point", "coordinates": [ 136.899124, 35.418962 ] } },
{ "type": "Feature", "properties": { "ID": 2121632006492, "正式名称": "ひらたクリニック", "機関区分": 2, "都道府県コード": 21, "市区町村コード": 303, "所在地": "岐阜県羽島郡笠松町田代３２５‐１", "緯度": 35.363989, "経度": 136.756078, "url": "https://www.iryou.teikyouseido.mhlw.go.jp/znk-web/juminkanja/S2430/initialize?prefCd=21&kikanCd=1632006492&kikanKbn=2", "url2": "https://hiracl.com/", "内容": "ひらたクリニック【2:診療所】【診療科目:内科_神経内科_外科_脳神経外科_乳腺外科_大腸・肛門外科_整形外科】岐阜県羽島郡笠松町田代３２５‐１" }, "geometry": { "type": "Point", "coordinates": [ 136.756078, 35.363989 ] } },
{ "type": "Feature", "properties": { "ID": 2121632006504, "正式名称": "岡山クリニック", "機関区分": 2, "都道府県コード": 21, "市区町村コード": 302, "所在地": "岐阜県羽島郡岐南町徳田５丁目１０１番地１", "緯度": 35.381379, "経度": 136.774124, "url": "https://www.iryou.teikyouseido.mhlw.go.jp/znk-web/juminkanja/S2430/initialize?prefCd=21&kikanCd=1632006504&kikanKbn=2", "url2": "http://www.okayama-clinic.com", "内容": "岡山クリニック【2:診療所】【診療科目:内科_呼吸器内科_循環器内科_小児科_アレルギー科_リハビリテーション科】岐阜県羽島郡岐南町徳田５丁目１０１番地１" }, "geometry": { "type": "Point", "coordinates": [ 136.774124, 35.381379 ] } },
{ "type": "Feature", "properties": { "ID": 2121632006529, "正式名称": "そはら永田クリニック", "機関区分": 2, "都道府県コード": 21, "市区町村コード": 213, "所在地": "岐阜県各務原市蘇原外山町２丁目７１番地１", "緯度": 35.420379, "経度": 136.872608, "url": "https://www.iryou.teikyouseido.mhlw.go.jp/znk-web/juminkanja/S2430/initialize?prefCd=21&kikanCd=1632006529&kikanKbn=2", "url2": "http://www.sohara-nagata.com", "内容": "そはら永田クリニック【2:診療所】【診療科目:内科_消化器内科_胃腸内科_内視鏡内科_小児科_皮膚科】岐阜県各務原市蘇原外山町２丁目７１番地１" }, "geometry": { "type": "Point", "coordinates": [ 136.872608, 35.420379 ] } },
{ "type": "Feature", "properties": { "ID": 2121632006562, "正式名称": "鳥沢クリニック", "機関区分": 2, "都道府県コード": 21, "市区町村コード": 215, "所在地": "岐阜県山県市高木１０１６－１", "緯度": 35.505183, "経度": 136.779722, "url": "https://www.iryou.teikyouseido.mhlw.go.jp/znk-web/juminkanja/S2430/initialize?prefCd=21&kikanCd=1632006562&kikanKbn=2", "url2": "http://torizawaclinic.e-dr.jp/", "内容": "鳥沢クリニック【2:診療所】【診療科目:内科_循環器内科_小児科_アレルギー科_リハビリテーション科】岐阜県山県市高木１０１６－１" }, "geometry": { "type": "Point", "coordinates": [ 136.779722, 35.505183 ] } },
{ "type": "Feature", "properties": { "ID": 2121632006659, "正式名称": "やまもと整形外科", "機関区分": 2, "都道府県コード": 21, "市区町村コード": 215, "所在地": "岐阜県山県市高富２０９２ー１", "緯度": 35.499332, "経度": 136.788802, "url": "https://www.iryou.teikyouseido.mhlw.go.jp/znk-web/juminkanja/S2430/initialize?prefCd=21&kikanCd=1632006659&kikanKbn=2", "url2": "http://www.yamamoto-oc.jp", "内容": "やまもと整形外科【2:診療所】【診療科目:整形外科_リウマチ科_リハビリテーション科】岐阜県山県市高富２０９２ー１" }, "geometry": { "type": "Point", "coordinates": [ 136.788802, 35.499332 ] } },
{ "type": "Feature", "properties": { "ID": 2121632006661, "正式名称": "たけうち内科", "機関区分": 2, "都道府県コード": 21, "市区町村コード": 213, "所在地": "岐阜県各務原市鵜沼各務原町６ー１０６ー１", "緯度": 35.399294, "経度": 136.910828, "url": "https://www.iryou.teikyouseido.mhlw.go.jp/znk-web/juminkanja/S2430/initialize?prefCd=21&kikanCd=1632006661&kikanKbn=2", "url2": "http://www.takeuchinaika.info", "内容": "たけうち内科【2:診療所】【診療科目:内科_糖尿病内科_老年内科】岐阜県各務原市鵜沼各務原町６ー１０６ー１" }, "geometry": { "type": "Point", "coordinates": [ 136.910828, 35.399294 ] } },
{ "type": "Feature", "properties": { "ID": 2121632006704, "正式名称": "山路皮膚科クリニック", "機関区分": 2, "都道府県コード": 21, "市区町村コード": 213, "所在地": "岐阜県各務原市鵜沼東町５ー４ー２", "緯度": 35.402109, "経度": 136.94028, "url": "https://www.iryou.teikyouseido.mhlw.go.jp/znk-web/juminkanja/S2430/initialize?prefCd=21&kikanCd=1632006704&kikanKbn=2", "url2": null, "内容": "山路皮膚科クリニック【2:診療所】【診療科目:皮膚科】岐阜県各務原市鵜沼東町５ー４ー２" }, "geometry": { "type": "Point", "coordinates": [ 136.94028, 35.402109 ] } },
{ "type": "Feature", "properties": { "ID": 2121632006726, "正式名称": "さくらクリニック", "機関区分": 2, "都道府県コード": 21, "市区町村コード": 216, "所在地": "岐阜県瑞穂市稲里６８９－３", "緯度": 35.383072, "経度": 136.687267, "url": "https://www.iryou.teikyouseido.mhlw.go.jp/znk-web/juminkanja/S2430/initialize?prefCd=21&kikanCd=1632006726&kikanKbn=2", "url2": "http://gifu-sakura-clinic.com/", "内容": "さくらクリニック【2:診療所】【診療科目:内科_肝臓内科_小児科】岐阜県瑞穂市稲里６８９－３" }, "geometry": { "type": "Point", "coordinates": [ 136.687267, 35.383072 ] } },
{ "type": "Feature", "properties": { "ID": 2121632006903, "正式名称": "ｋａｇａｙａｋｉ　ｃｌｉｎｉｃ　中村整形外科", "機関区分": 2, "都道府県コード": 21, "市区町村コード": 213, "所在地": "岐阜県各務原市蘇原花園町３丁目４ー１", "緯度": 35.411534, "経度": 136.849701, "url": "https://www.iryou.teikyouseido.mhlw.go.jp/znk-web/juminkanja/S2430/initialize?prefCd=21&kikanCd=1632006903&kikanKbn=2", "url2": "nakamuraortopedics.co.jp", "内容": "ｋａｇａｙａｋｉ　ｃｌｉｎｉｃ　中村整形外科【2:診療所】【診療科目:外科_整形外科_リウマチ科_リハビリテーション科】岐阜県各務原市蘇原花園町３丁目４ー１" }, "geometry": { "type": "Point", "coordinates": [ 136.849701, 35.411534 ] } },
{ "type": "Feature", "properties": { "ID": 2121632007024, "正式名称": "あさこう眼科クリニック", "機関区分": 2, "都道府県コード": 21, "市区町村コード": 209, "所在地": "岐阜県羽島市竹鼻町丸の内", "緯度": 35.3247, "経度": 136.696042, "url": "https://www.iryou.teikyouseido.mhlw.go.jp/znk-web/juminkanja/S2430/initialize?prefCd=21&kikanCd=1632007024&kikanKbn=2", "url2": "https://www.asakouganka.com/", "内容": "あさこう眼科クリニック【2:診療所】【診療科目:眼科】岐阜県羽島市竹鼻町丸の内" }, "geometry": { "type": "Point", "coordinates": [ 136.696042, 35.3247 ] } },
{ "type": "Feature", "properties": { "ID": 2121632007067, "正式名称": "やま皮膚科", "機関区分": 2, "都道府県コード": 21, "市区町村コード": 218, "所在地": "岐阜県本巣市三橋３丁目８５番地", "緯度": 35.449596, "経度": 136.676883, "url": "https://www.iryou.teikyouseido.mhlw.go.jp/znk-web/juminkanja/S2430/initialize?prefCd=21&kikanCd=1632007067&kikanKbn=2", "url2": null, "内容": "やま皮膚科【2:診療所】【診療科目:皮膚科_アレルギー科】岐阜県本巣市三橋３丁目８５番地" }, "geometry": { "type": "Point", "coordinates": [ 136.676883, 35.449596 ] } },
{ "type": "Feature", "properties": { "ID": 2121632007096, "正式名称": "今尾医院", "機関区分": 2, "都道府県コード": 21, "市区町村コード": 213, "所在地": "岐阜県各務原市那加新加納町２１２８", "緯度": 35.397539, "経度": 136.82313, "url": "https://www.iryou.teikyouseido.mhlw.go.jp/znk-web/juminkanja/S2430/initialize?prefCd=21&kikanCd=1632007096&kikanKbn=2", "url2": null, "内容": "今尾医院【2:診療所】【診療科目:内科_呼吸器内科_消化器内科_外科_小児科_皮膚科_アレルギー科】岐阜県各務原市那加新加納町２１２８" }, "geometry": { "type": "Point", "coordinates": [ 136.82313, 35.397539 ] } },
{ "type": "Feature", "properties": { "ID": 2121632007206, "正式名称": "高屋伊勢田耳鼻咽喉科", "機関区分": 2, "都道府県コード": 21, "市区町村コード": 421, "所在地": "岐阜県本巣郡北方町高屋伊勢田２ー１０７ー１", "緯度": 35.41167, "経度": 136.691701, "url": "https://www.iryou.teikyouseido.mhlw.go.jp/znk-web/juminkanja/S2430/initialize?prefCd=21&kikanCd=1632007206&kikanKbn=2", "url2": "http://www.iseden-jibika.com/", "内容": "高屋伊勢田耳鼻咽喉科【2:診療所】【診療科目:耳鼻いんこう科_アレルギー科】岐阜県本巣郡北方町高屋伊勢田２ー１０７ー１" }, "geometry": { "type": "Point", "coordinates": [ 136.691701, 35.41167 ] } },
{ "type": "Feature", "properties": { "ID": 2121632007252, "正式名称": "ばん皮膚科", "機関区分": 2, "都道府県コード": 21, "市区町村コード": 209, "所在地": "岐阜県羽島市正木町曲利１０５０－１", "緯度": 35.323772, "経度": 136.716031, "url": "https://www.iryou.teikyouseido.mhlw.go.jp/znk-web/juminkanja/S2430/initialize?prefCd=21&kikanCd=1632007252&kikanKbn=2", "url2": "http;//banhifuka.sakura.ne.jp", "内容": "ばん皮膚科【2:診療所】【診療科目:皮膚科_美容皮膚科】岐阜県羽島市正木町曲利１０５０－１" }, "geometry": { "type": "Point", "coordinates": [ 136.716031, 35.323772 ] } },
{ "type": "Feature", "properties": { "ID": 2121632007317, "正式名称": "みやざき眼科クリニック", "機関区分": 2, "都道府県コード": 21, "市区町村コード": 218, "所在地": "岐阜県本巣市三橋１０４４－４", "緯度": 35.456175, "経度": 136.676433, "url": "https://www.iryou.teikyouseido.mhlw.go.jp/znk-web/juminkanja/S2430/initialize?prefCd=21&kikanCd=1632007317&kikanKbn=2", "url2": "http://nttbj.itp.ne.jp/0583201088/index.html", "内容": "みやざき眼科クリニック【2:診療所】【診療科目:眼科】岐阜県本巣市三橋１０４４－４" }, "geometry": { "type": "Point", "coordinates": [ 136.676433, 35.456175 ] } },
{ "type": "Feature", "properties": { "ID": 2121632007327, "正式名称": "てらしま整形外科", "機関区分": 2, "都道府県コード": 21, "市区町村コード": 215, "所在地": "岐阜県山県市東深瀬１７５番１", "緯度": 35.519103, "経度": 136.788858, "url": "https://www.iryou.teikyouseido.mhlw.go.jp/znk-web/juminkanja/S2430/initialize?prefCd=21&kikanCd=1632007327&kikanKbn=2", "url2": "http://www1.ocn.ne.jp/~teraorth/", "内容": "てらしま整形外科【2:診療所】【診療科目:整形外科_リウマチ科_リハビリテーション科】岐阜県山県市東深瀬１７５番１" }, "geometry": { "type": "Point", "coordinates": [ 136.788858, 35.519103 ] } },
{ "type": "Feature", "properties": { "ID": 2121632007339, "正式名称": "いとう耳鼻咽喉科", "機関区分": 2, "都道府県コード": 21, "市区町村コード": 421, "所在地": "岐阜県本巣郡北方町加茂４７３", "緯度": 35.439833, "経度": 136.684888, "url": "https://www.iryou.teikyouseido.mhlw.go.jp/znk-web/juminkanja/S2430/initialize?prefCd=21&kikanCd=1632007339&kikanKbn=2", "url2": "https://ito-jibiinkouka.com", "内容": "いとう耳鼻咽喉科【2:診療所】【診療科目:小児科_耳鼻いんこう科_皮膚科_アレルギー科】岐阜県本巣郡北方町加茂４７３" }, "geometry": { "type": "Point", "coordinates": [ 136.684888, 35.439833 ] } },
{ "type": "Feature", "properties": { "ID": 2121632007344, "正式名称": "しみずこどもクリニック", "機関区分": 2, "都道府県コード": 21, "市区町村コード": 302, "所在地": "岐阜県羽島郡岐南町野中３ー３４ー１", "緯度": 35.385152, "経度": 136.802339, "url": "https://www.iryou.teikyouseido.mhlw.go.jp/znk-web/juminkanja/S2430/initialize?prefCd=21&kikanCd=1632007344&kikanKbn=2", "url2": "https://shimizukodomoclinic.com", "内容": "しみずこどもクリニック【2:診療所】【診療科目:小児科_小児皮膚科_アレルギー科】岐阜県羽島郡岐南町野中３ー３４ー１" }, "geometry": { "type": "Point", "coordinates": [ 136.802339, 35.385152 ] } },
{ "type": "Feature", "properties": { "ID": 2121632007351, "正式名称": "やまうちクリニック", "機関区分": 2, "都道府県コード": 21, "市区町村コード": 302, "所在地": "岐阜県羽島郡岐南町八剣北５丁目７９番１", "緯度": 35.39494, "経度": 136.782959, "url": "https://www.iryou.teikyouseido.mhlw.go.jp/znk-web/juminkanja/S2430/initialize?prefCd=21&kikanCd=1632007351&kikanKbn=2", "url2": "http://www.yamauchi-cl.info", "内容": "やまうちクリニック【2:診療所】【診療科目:内科_外科_脳神経外科_整形外科_リハビリテーション科】岐阜県羽島郡岐南町八剣北５丁目７９番１" }, "geometry": { "type": "Point", "coordinates": [ 136.782959, 35.39494 ] } },
{ "type": "Feature", "properties": { "ID": 2121632007419, "正式名称": "那加こども医院", "機関区分": 2, "都道府県コード": 21, "市区町村コード": 213, "所在地": "岐阜県各務原市那加野畑町", "緯度": 35.40604, "経度": 136.829375, "url": "https://www.iryou.teikyouseido.mhlw.go.jp/znk-web/juminkanja/S2430/initialize?prefCd=21&kikanCd=1632007419&kikanKbn=2", "url2": "http://nakakodomo.com", "内容": "那加こども医院【2:診療所】【診療科目:内科_小児科_アレルギー科】岐阜県各務原市那加野畑町" }, "geometry": { "type": "Point", "coordinates": [ 136.829375, 35.40604 ] } },
{ "type": "Feature", "properties": { "ID": 2121632007455, "正式名称": "医療法人　さとう整形外科", "機関区分": 2, "都道府県コード": 21, "市区町村コード": 303, "所在地": "岐阜県羽島郡笠松町田代５０１番地", "緯度": 35.361913, "経度": 136.752798, "url": "https://www.iryou.teikyouseido.mhlw.go.jp/znk-web/juminkanja/S2430/initialize?prefCd=21&kikanCd=1632007455&kikanKbn=2", "url2": "https://www.sato-seikeigeka.com/", "内容": "医療法人　さとう整形外科【2:診療所】【診療科目:整形外科_リウマチ科_リハビリテーション科】岐阜県羽島郡笠松町田代５０１番地" }, "geometry": { "type": "Point", "coordinates": [ 136.752798, 35.361913 ] } },
{ "type": "Feature", "properties": { "ID": 2121632007570, "正式名称": "笠松クリニック", "機関区分": 2, "都道府県コード": 21, "市区町村コード": 303, "所在地": "岐阜県羽島郡笠松町東陽町３４番地", "緯度": 35.374013, "経度": 136.763333, "url": "https://www.iryou.teikyouseido.mhlw.go.jp/znk-web/juminkanja/S2430/initialize?prefCd=21&kikanCd=1632007570&kikanKbn=2", "url2": "http://kasamatsu-clinic.com", "内容": "笠松クリニック【2:診療所】【診療科目:内科_精神科_心療内科】岐阜県羽島郡笠松町東陽町３４番地" }, "geometry": { "type": "Point", "coordinates": [ 136.763333, 35.374013 ] } },
{ "type": "Feature", "properties": { "ID": 2121632007604, "正式名称": "きらり皮フ科クリニック", "機関区分": 2, "都道府県コード": 21, "市区町村コード": 421, "所在地": "岐阜県本巣郡北方町柱本１ー１９７ー１", "緯度": 35.42762, "経度": 136.689314, "url": "https://www.iryou.teikyouseido.mhlw.go.jp/znk-web/juminkanja/S2430/initialize?prefCd=21&kikanCd=1632007604&kikanKbn=2", "url2": "http://www.kirarai-clinic.com", "内容": "きらり皮フ科クリニック【2:診療所】【診療科目:小児皮膚科_皮膚科_アレルギー科】岐阜県本巣郡北方町柱本１ー１９７ー１" }, "geometry": { "type": "Point", "coordinates": [ 136.689314, 35.42762 ] } },
{ "type": "Feature", "properties": { "ID": 2121632007613, "正式名称": "横山産院", "機関区分": 2, "都道府県コード": 21, "市区町村コード": 213, "所在地": "岐阜県各務原市蘇原瑞穂町２丁目６０番地の１", "緯度": 35.412999, "経度": 136.846743, "url": "https://www.iryou.teikyouseido.mhlw.go.jp/znk-web/juminkanja/S2430/initialize?prefCd=21&kikanCd=1632007613&kikanKbn=2", "url2": "https://www.yokoyama-sanin.com", "内容": "横山産院【2:診療所】【診療科目:産婦人科】岐阜県各務原市蘇原瑞穂町２丁目６０番地の１" }, "geometry": { "type": "Point", "coordinates": [ 136.846743, 35.412999 ] } },
{ "type": "Feature", "properties": { "ID": 2121632007614, "正式名称": "横山クリニック", "機関区分": 2, "都道府県コード": 21, "市区町村コード": 213, "所在地": "岐阜県各務原市那加北洞町１丁目４１４番地１", "緯度": 35.425301, "経度": 136.84341, "url": "https://www.iryou.teikyouseido.mhlw.go.jp/znk-web/juminkanja/S2430/initialize?prefCd=21&kikanCd=1632007614&kikanKbn=2", "url2": "https://itp.ne.jp/info/210102550300000899/", "内容": "横山クリニック【2:診療所】【診療科目:内科_小児科_小児眼科_小児耳鼻いんこう科_小児皮膚科_婦人科_眼科_耳鼻咽喉科_皮膚科_アレルギー科】岐阜県各務原市那加北洞町１丁目４１４番地１" }, "geometry": { "type": "Point", "coordinates": [ 136.84341, 35.425301 ] } },
{ "type": "Feature", "properties": { "ID": 2121632007639, "正式名称": "さの内科クリニック", "機関区分": 2, "都道府県コード": 21, "市区町村コード": 209, "所在地": "岐阜県羽島市小熊町島２ー１２", "緯度": 35.333809, "経度": 136.706804, "url": "https://www.iryou.teikyouseido.mhlw.go.jp/znk-web/juminkanja/S2430/initialize?prefCd=21&kikanCd=1632007639&kikanKbn=2", "url2": "http://sanonaika.jp", "内容": "さの内科クリニック【2:診療所】【診療科目:糖尿病内科_呼吸器内科_循環器内科_小児科】岐阜県羽島市小熊町島２ー１２" }, "geometry": { "type": "Point", "coordinates": [ 136.706804, 35.333809 ] } },
{ "type": "Feature", "properties": { "ID": 2121632007644, "正式名称": "ちあき眼科", "機関区分": 2, "都道府県コード": 21, "市区町村コード": 213, "所在地": "岐阜県各務原市那加萱場町３ー８イオンモール各務原インター１Ｆ", "緯度": 35.392455, "経度": 136.823203, "url": "https://www.iryou.teikyouseido.mhlw.go.jp/znk-web/juminkanja/S2430/initialize?prefCd=21&kikanCd=1632007644&kikanKbn=2", "url2": "http://chiakiganka.com/", "内容": "ちあき眼科【2:診療所】【診療科目:眼科】岐阜県各務原市那加萱場町３ー８イオンモール各務原インター１Ｆ" }, "geometry": { "type": "Point", "coordinates": [ 136.823203, 35.392455 ] } },
{ "type": "Feature", "properties": { "ID": 2121632007655, "正式名称": "さくら胃腸科内科クリニック", "機関区分": 2, "都道府県コード": 21, "市区町村コード": 213, "所在地": "岐阜県各務原市那加住吉町１ー４８ー１", "緯度": 35.397762, "経度": 136.849418, "url": "https://www.iryou.teikyouseido.mhlw.go.jp/znk-web/juminkanja/S2430/initialize?prefCd=21&kikanCd=1632007655&kikanKbn=2", "url2": "http://www.sakura-giclinic.com/", "内容": "さくら胃腸科内科クリニック【2:診療所】【診療科目:内科_消化器内科】岐阜県各務原市那加住吉町１ー４８ー１" }, "geometry": { "type": "Point", "coordinates": [ 136.849418, 35.397762 ] } },
{ "type": "Feature", "properties": { "ID": 2121632007668, "正式名称": "ながき内科クリニック", "機関区分": 2, "都道府県コード": 21, "市区町村コード": 209, "所在地": "岐阜県羽島市舟橋町宮北１丁目２７番地３", "緯度": 35.316473, "経度": 136.688206, "url": "https://www.iryou.teikyouseido.mhlw.go.jp/znk-web/juminkanja/S2430/initialize?prefCd=21&kikanCd=1632007668&kikanKbn=2", "url2": "http://www.nagaki-clinic.jp", "内容": "ながき内科クリニック【2:診療所】【診療科目:内科_糖尿病・代謝内科_消化器内科_肝臓内科_内視鏡内科】岐阜県羽島市舟橋町宮北１丁目２７番地３" }, "geometry": { "type": "Point", "coordinates": [ 136.688206, 35.316473 ] } },
{ "type": "Feature", "properties": { "ID": 2121632007670, "正式名称": "かわしまファミリークリニック", "機関区分": 2, "都道府県コード": 21, "市区町村コード": 213, "所在地": "岐阜県各務原市川島松倉町２３７０ー５０", "緯度": 35.365636, "経度": 136.834706, "url": "https://www.iryou.teikyouseido.mhlw.go.jp/znk-web/juminkanja/S2430/initialize?prefCd=21&kikanCd=1632007670&kikanKbn=2", "url2": "kawashima-family.jp", "内容": "かわしまファミリークリニック【2:診療所】【診療科目:内科_外科_肛門外科_小児科_リハビリテーション科】岐阜県各務原市川島松倉町２３７０ー５０" }, "geometry": { "type": "Point", "coordinates": [ 136.834706, 35.365636 ] } },
{ "type": "Feature", "properties": { "ID": 2121632007812, "正式名称": "天外メンタルクリニック", "機関区分": 2, "都道府県コード": 21, "市区町村コード": 209, "所在地": "岐阜県羽島市福寿町間島７－３９", "緯度": 35.331713, "経度": 136.697998, "url": "https://www.iryou.teikyouseido.mhlw.go.jp/znk-web/juminkanja/S2430/initialize?prefCd=21&kikanCd=1632007812&kikanKbn=2", "url2": "http://www.tengai-mental.com/", "内容": "天外メンタルクリニック【2:診療所】【診療科目:精神科】岐阜県羽島市福寿町間島７－３９" }, "geometry": { "type": "Point", "coordinates": [ 136.697998, 35.331713 ] } },
{ "type": "Feature", "properties": { "ID": 2121632007834, "正式名称": "医療法人東山会　長良川クリニック", "機関区分": 2, "都道府県コード": 21, "市区町村コード": 209, "所在地": "岐阜県羽島市竹鼻町梅ヶ枝町３７０番地の１", "緯度": 35.321973, "経度": 136.696686, "url": "https://www.iryou.teikyouseido.mhlw.go.jp/znk-web/juminkanja/S2430/initialize?prefCd=21&kikanCd=1632007834&kikanKbn=2", "url2": "http://www.nagaragawa.or.jp/", "内容": "医療法人東山会　長良川クリニック【2:診療所】【診療科目:内科_神経内科】岐阜県羽島市竹鼻町梅ヶ枝町３７０番地の１" }, "geometry": { "type": "Point", "coordinates": [ 136.696686, 35.321973 ] } },
{ "type": "Feature", "properties": { "ID": 2121632007934, "正式名称": "さらの木皮膚科", "機関区分": 2, "都道府県コード": 21, "市区町村コード": 213, "所在地": "岐阜県各務原市蘇原新栄町１－１１", "緯度": 35.411566, "経度": 136.864594, "url": "https://www.iryou.teikyouseido.mhlw.go.jp/znk-web/juminkanja/S2430/initialize?prefCd=21&kikanCd=1632007934&kikanKbn=2", "url2": "http://www.saranoki-hifuka.com", "内容": "さらの木皮膚科【2:診療所】【診療科目:皮膚科_美容皮膚科】岐阜県各務原市蘇原新栄町１－１１" }, "geometry": { "type": "Point", "coordinates": [ 136.864594, 35.411566 ] } },
{ "type": "Feature", "properties": { "ID": 2121632007970, "正式名称": "寺本こどもクリニック", "機関区分": 2, "都道府県コード": 21, "市区町村コード": 213, "所在地": "岐阜県各務原市鵜沼三ツ池町３丁目４２６−１", "緯度": 35.401577, "経度": 136.895279, "url": "https://www.iryou.teikyouseido.mhlw.go.jp/znk-web/juminkanja/S2430/initialize?prefCd=21&kikanCd=1632007970&kikanKbn=2", "url2": "http://www.teramoto-kodomo-clinic.com/", "内容": "寺本こどもクリニック【2:診療所】【診療科目:小児科_アレルギー科】岐阜県各務原市鵜沼三ツ池町３丁目４２６−１" }, "geometry": { "type": "Point", "coordinates": [ 136.895279, 35.401577 ] } },
{ "type": "Feature", "properties": { "ID": 2121632007994, "正式名称": "医療法人誠友会さかいだ耳鼻咽喉科", "機関区分": 2, "都道府県コード": 21, "市区町村コード": 302, "所在地": "岐阜県羽島郡岐南町八剣", "緯度": 35.391151, "経度": 136.78357, "url": "https://www.iryou.teikyouseido.mhlw.go.jp/znk-web/juminkanja/S2430/initialize?prefCd=21&kikanCd=1632007994&kikanKbn=2", "url2": "http://www.sakaida-ent.com", "内容": "医療法人誠友会さかいだ耳鼻咽喉科【2:診療所】【診療科目:耳鼻いんこう科_アレルギー科】岐阜県羽島郡岐南町八剣" }, "geometry": { "type": "Point", "coordinates": [ 136.78357, 35.391151 ] } },
{ "type": "Feature", "properties": { "ID": 2121632007997, "正式名称": "岐南眼科", "機関区分": 2, "都道府県コード": 21, "市区町村コード": 302, "所在地": "岐阜県羽島郡岐南町下印食", "緯度": 35.391782, "経度": 136.770642, "url": "https://www.iryou.teikyouseido.mhlw.go.jp/znk-web/juminkanja/S2430/initialize?prefCd=21&kikanCd=1632007997&kikanKbn=2", "url2": "https://ginan-eye.com", "内容": "岐南眼科【2:診療所】【診療科目:眼科】岐阜県羽島郡岐南町下印食" }, "geometry": { "type": "Point", "coordinates": [ 136.770642, 35.391782 ] } },
{ "type": "Feature", "properties": { "ID": 2121632008163, "正式名称": "おおぐち泌尿器クリニック", "機関区分": 2, "都道府県コード": 21, "市区町村コード": 216, "所在地": "岐阜県瑞穂市別府７３８番地１", "緯度": 35.395212, "経度": 136.687451, "url": "https://www.iryou.teikyouseido.mhlw.go.jp/znk-web/juminkanja/S2430/initialize?prefCd=21&kikanCd=1632008163&kikanKbn=2", "url2": "http://www.oguchi-uro.com/", "内容": "おおぐち泌尿器クリニック【2:診療所】【診療科目:泌尿器科_女性泌尿器科】岐阜県瑞穂市別府７３８番地１" }, "geometry": { "type": "Point", "coordinates": [ 136.687451, 35.395212 ] } },
{ "type": "Feature", "properties": { "ID": 2121632008164, "正式名称": "なぎクリニック", "機関区分": 2, "都道府県コード": 21, "市区町村コード": 213, "所在地": "岐阜県各務原市蘇原申子町２丁目１１番地１", "緯度": 35.412793, "経度": 136.855541, "url": "https://www.iryou.teikyouseido.mhlw.go.jp/znk-web/juminkanja/S2430/initialize?prefCd=21&kikanCd=1632008164&kikanKbn=2", "url2": "http://www.nagiclinic.jp", "内容": "なぎクリニック【2:診療所】【診療科目:精神科_心療内科_老年精神科_老年心療内科】岐阜県各務原市蘇原申子町２丁目１１番地１" }, "geometry": { "type": "Point", "coordinates": [ 136.855541, 35.412793 ] } },
{ "type": "Feature", "properties": { "ID": 2121632008208, "正式名称": "フェニックス総合クリニック", "機関区分": 2, "都道府県コード": 21, "市区町村コード": 213, "所在地": "岐阜県各務原市鵜沼各務原町６－５０", "緯度": 35.399485, "経度": 136.909432, "url": "https://www.iryou.teikyouseido.mhlw.go.jp/znk-web/juminkanja/S2430/initialize?prefCd=21&kikanCd=1632008208&kikanKbn=2", "url2": "http://www.phoenix-g.jp", "内容": "フェニックス総合クリニック【2:診療所】【診療科目:内科_循環器内科_外科_整形外科_小児科_リハビリテーション科】岐阜県各務原市鵜沼各務原町６－５０" }, "geometry": { "type": "Point", "coordinates": [ 136.909432, 35.399485 ] } },
{ "type": "Feature", "properties": { "ID": 2121632008209, "正式名称": "フェニックス在宅支援クリニック", "機関区分": 2, "都道府県コード": 21, "市区町村コード": 213, "所在地": "岐阜県各務原市鵜沼各務原町６－５０", "緯度": 35.399485, "経度": 136.909432, "url": "https://www.iryou.teikyouseido.mhlw.go.jp/znk-web/juminkanja/S2430/initialize?prefCd=21&kikanCd=1632008209&kikanKbn=2", "url2": "http://www.phoenix-g.jp", "内容": "フェニックス在宅支援クリニック【2:診療所】【診療科目:内科_外科_リハビリテーション科】岐阜県各務原市鵜沼各務原町６－５０" }, "geometry": { "type": "Point", "coordinates": [ 136.909432, 35.399485 ] } },
{ "type": "Feature", "properties": { "ID": 2121632008326, "正式名称": "おくむらメモリークリニック", "機関区分": 2, "都道府県コード": 21, "市区町村コード": 302, "所在地": "岐阜県羽島郡岐南町下印食", "緯度": 35.39079, "経度": 136.77022, "url": "https://www.iryou.teikyouseido.mhlw.go.jp/znk-web/juminkanja/S2430/initialize?prefCd=21&kikanCd=1632008326&kikanKbn=2", "url2": "http://www.xn--t8jk1mlb8ma3lpcxp.com/", "内容": "おくむらメモリークリニック【2:診療所】【診療科目:脳神経外科_精神科_心療内科】岐阜県羽島郡岐南町下印食" }, "geometry": { "type": "Point", "coordinates": [ 136.77022, 35.39079 ] } },
{ "type": "Feature", "properties": { "ID": 2121632008329, "正式名称": "社会福祉法人和光会　北方在宅クリニック", "機関区分": 2, "都道府県コード": 21, "市区町村コード": 421, "所在地": "岐阜県本巣郡北方町柱本白坪二丁目３番地", "緯度": 35.427035, "経度": 136.694849, "url": "https://www.iryou.teikyouseido.mhlw.go.jp/znk-web/juminkanja/S2430/initialize?prefCd=21&kikanCd=1632008329&kikanKbn=2", "url2": "https://www.kitagatazaitaku-clinic.com/", "内容": "社会福祉法人和光会　北方在宅クリニック【2:診療所】【診療科目:内科_緩和ケア内科_整形外科_婦人科_皮膚科_泌尿器科_精神科】岐阜県本巣郡北方町柱本白坪二丁目３番地" }, "geometry": { "type": "Point", "coordinates": [ 136.694849, 35.427035 ] } },
{ "type": "Feature", "properties": { "ID": 2121632008383, "正式名称": "さくら通り岩本眼科", "機関区分": 2, "都道府県コード": 21, "市区町村コード": 213, "所在地": "岐阜県各務原市蘇原瑞穂町１ー４３ー１", "緯度": 35.41223, "経度": 136.84648, "url": "https://www.iryou.teikyouseido.mhlw.go.jp/znk-web/juminkanja/S2430/initialize?prefCd=21&kikanCd=1632008383&kikanKbn=2", "url2": "http://www.sakura-iwamoto.com", "内容": "さくら通り岩本眼科【2:診療所】【診療科目:眼科】岐阜県各務原市蘇原瑞穂町１ー４３ー１" }, "geometry": { "type": "Point", "coordinates": [ 136.84648, 35.41223 ] } },
{ "type": "Feature", "properties": { "ID": 2121632008387, "正式名称": "あさの内科", "機関区分": 2, "都道府県コード": 21, "市区町村コード": 213, "所在地": "岐阜県各務原市蘇原希望町４丁目３１ー１", "緯度": 35.407368, "経度": 136.855622, "url": "https://www.iryou.teikyouseido.mhlw.go.jp/znk-web/juminkanja/S2430/initialize?prefCd=21&kikanCd=1632008387&kikanKbn=2", "url2": "http://www.asano-naika-cl.com/", "内容": "あさの内科【2:診療所】【診療科目:内科_糖尿病内科_内分泌内科_小児科】岐阜県各務原市蘇原希望町４丁目３１ー１" }, "geometry": { "type": "Point", "coordinates": [ 136.855622, 35.407368 ] } },
{ "type": "Feature", "properties": { "ID": 2121632008388, "正式名称": "いぬづか眼科", "機関区分": 2, "都道府県コード": 21, "市区町村コード": 421, "所在地": "岐阜県本巣郡北方町曲路３丁目２１ー１", "緯度": 35.429953, "経度": 136.693685, "url": "https://www.iryou.teikyouseido.mhlw.go.jp/znk-web/juminkanja/S2430/initialize?prefCd=21&kikanCd=1632008388&kikanKbn=2", "url2": null, "内容": "いぬづか眼科【2:診療所】【診療科目:眼科】岐阜県本巣郡北方町曲路３丁目２１ー１" }, "geometry": { "type": "Point", "coordinates": [ 136.693685, 35.429953 ] } },
{ "type": "Feature", "properties": { "ID": 2121632008431, "正式名称": "いずはら耳鼻咽喉科", "機関区分": 2, "都道府県コード": 21, "市区町村コード": 213, "所在地": "岐阜県各務原市鵜沼西町３丁目１２２ー１", "緯度": 35.401622, "経度": 136.933771, "url": "https://www.iryou.teikyouseido.mhlw.go.jp/znk-web/juminkanja/S2430/initialize?prefCd=21&kikanCd=1632008431&kikanKbn=2", "url2": "http://www.izuhara-jibika.com/", "内容": "いずはら耳鼻咽喉科【2:診療所】【診療科目:小児耳鼻いんこう科_耳鼻いんこう科_アレルギー科】岐阜県各務原市鵜沼西町３丁目１２２ー１" }, "geometry": { "type": "Point", "coordinates": [ 136.933771, 35.401622 ] } },
{ "type": "Feature", "properties": { "ID": 2121632008491, "正式名称": "医療法人三和皮フ科", "機関区分": 2, "都道府県コード": 21, "市区町村コード": 213, "所在地": "岐阜県各務原市那加桜町２丁目３６８番地", "緯度": 35.399885, "経度": 136.847879, "url": "https://www.iryou.teikyouseido.mhlw.go.jp/znk-web/juminkanja/S2430/initialize?prefCd=21&kikanCd=1632008491&kikanKbn=2", "url2": "https://miwahifuka.org", "内容": "医療法人三和皮フ科【2:診療所】【診療科目:小児皮膚科_皮膚科_皮膚泌尿器科_アレルギー科】岐阜県各務原市那加桜町２丁目３６８番地" }, "geometry": { "type": "Point", "coordinates": [ 136.847879, 35.399885 ] } },
{ "type": "Feature", "properties": { "ID": 2121632008496, "正式名称": "木田医院ファミリークリニック", "機関区分": 2, "都道府県コード": 21, "市区町村コード": 213, "所在地": "岐阜県各務原市蘇原希望町１丁目７番地１", "緯度": 35.402642, "経度": 136.8546, "url": "https://www.iryou.teikyouseido.mhlw.go.jp/znk-web/juminkanja/S2430/initialize?prefCd=21&kikanCd=1632008496&kikanKbn=2", "url2": "kidaiin.jp", "内容": "木田医院ファミリークリニック【2:診療所】【診療科目:内科_緩和ケア内科_小児科】岐阜県各務原市蘇原希望町１丁目７番地１" }, "geometry": { "type": "Point", "coordinates": [ 136.8546, 35.402642 ] } },
{ "type": "Feature", "properties": { "ID": 2121632008498, "正式名称": "いちょう通り藤村クリニック", "機関区分": 2, "都道府県コード": 21, "市区町村コード": 213, "所在地": "岐阜県各務原市蘇原東栄町　２－１００－１", "緯度": 35.408197, "経度": 136.875251, "url": "https://www.iryou.teikyouseido.mhlw.go.jp/znk-web/juminkanja/S2430/initialize?prefCd=21&kikanCd=1632008498&kikanKbn=2", "url2": null, "内容": "いちょう通り藤村クリニック【2:診療所】【診療科目:内科_循環器内科_小児科_リハビリテーション科】岐阜県各務原市蘇原東栄町　２－１００－１" }, "geometry": { "type": "Point", "coordinates": [ 136.875251, 35.408197 ] } },
{ "type": "Feature", "properties": { "ID": 2121632008557, "正式名称": "えさきクリニック", "機関区分": 2, "都道府県コード": 21, "市区町村コード": 218, "所在地": "岐阜県本巣市三橋三丁目６０番", "緯度": 35.449683, "経度": 136.676475, "url": "https://www.iryou.teikyouseido.mhlw.go.jp/znk-web/juminkanja/S2430/initialize?prefCd=21&kikanCd=1632008557&kikanKbn=2", "url2": "www.esakiclinic.com/", "内容": "えさきクリニック【2:診療所】【診療科目:内科_外科_脳神経外科_リハビリテーション科】岐阜県本巣市三橋三丁目６０番" }, "geometry": { "type": "Point", "coordinates": [ 136.676475, 35.449683 ] } },
{ "type": "Feature", "properties": { "ID": 2121632008600, "正式名称": "こやまかわせみクリニック", "機関区分": 2, "都道府県コード": 21, "市区町村コード": 421, "所在地": "岐阜県本巣郡北方町高屋清流２丁目６３番地", "緯度": 35.419702, "経度": 136.684417, "url": "https://www.iryou.teikyouseido.mhlw.go.jp/znk-web/juminkanja/S2430/initialize?prefCd=21&kikanCd=1632008600&kikanKbn=2", "url2": "https://koyamakawasemi.com/", "内容": "こやまかわせみクリニック【2:診療所】【診療科目:内科_漢方内科_小児科】岐阜県本巣郡北方町高屋清流２丁目６３番地" }, "geometry": { "type": "Point", "coordinates": [ 136.684417, 35.419702 ] } },
{ "type": "Feature", "properties": { "ID": 2121632008637, "正式名称": "しみず整形外科リハビリクリニック", "機関区分": 2, "都道府県コード": 21, "市区町村コード": 302, "所在地": "岐阜県羽島郡岐南町上印食", "緯度": 35.393807, "経度": 136.787302, "url": "https://www.iryou.teikyouseido.mhlw.go.jp/znk-web/juminkanja/S2430/initialize?prefCd=21&kikanCd=1632008637&kikanKbn=2", "url2": "https://www.shimizuseikei-clinic.com/", "内容": "しみず整形外科リハビリクリニック【2:診療所】【診療科目:整形外科_リハビリテーション科】岐阜県羽島郡岐南町上印食" }, "geometry": { "type": "Point", "coordinates": [ 136.787302, 35.393807 ] } },
{ "type": "Feature", "properties": { "ID": 2121632008642, "正式名称": "いのうえ整形外科", "機関区分": 2, "都道府県コード": 21, "市区町村コード": 209, "所在地": "岐阜県羽島市江吉良町９３８番地１", "緯度": 35.313322, "経度": 136.70372, "url": "https://www.iryou.teikyouseido.mhlw.go.jp/znk-web/juminkanja/S2430/initialize?prefCd=21&kikanCd=1632008642&kikanKbn=2", "url2": "http://www.inoue-orthopaedic.com", "内容": "いのうえ整形外科【2:診療所】【診療科目:ペインクリニック内科_整形外科_リウマチ科_リハビリテーション科_麻酔科】岐阜県羽島市江吉良町９３８番地１" }, "geometry": { "type": "Point", "coordinates": [ 136.70372, 35.313322 ] } },
{ "type": "Feature", "properties": { "ID": 2121632008655, "正式名称": "北方アイクリニック", "機関区分": 2, "都道府県コード": 21, "市区町村コード": 421, "所在地": "岐阜県本巣郡北方町平成３丁目７５番地２", "緯度": 35.430379, "経度": 136.681634, "url": "https://www.iryou.teikyouseido.mhlw.go.jp/znk-web/juminkanja/S2430/initialize?prefCd=21&kikanCd=1632008655&kikanKbn=2", "url2": null, "内容": "北方アイクリニック【2:診療所】【診療科目:眼科】岐阜県本巣郡北方町平成３丁目７５番地２" }, "geometry": { "type": "Point", "coordinates": [ 136.681634, 35.430379 ] } },
{ "type": "Feature", "properties": { "ID": 2121632008656, "正式名称": "糸貫内科クリニック", "機関区分": 2, "都道府県コード": 21, "市区町村コード": 218, "所在地": "岐阜県本巣市三橋２０５番１", "緯度": 35.458679, "経度": 136.679399, "url": "https://www.iryou.teikyouseido.mhlw.go.jp/znk-web/juminkanja/S2430/initialize?prefCd=21&kikanCd=1632008656&kikanKbn=2", "url2": "https://motosu.gifu.med.or.jp/medical/medical0000656/", "内容": "糸貫内科クリニック【2:診療所】【診療科目:内科_小児科_皮膚科_美容皮膚科】岐阜県本巣市三橋２０５番１" }, "geometry": { "type": "Point", "coordinates": [ 136.679399, 35.458679 ] } },
{ "type": "Feature", "properties": { "ID": 2121632008662, "正式名称": "岐南ほんだクリニック", "機関区分": 2, "都道府県コード": 21, "市区町村コード": 302, "所在地": "岐阜県羽島郡岐南町三宅８－１３７", "緯度": 35.389055, "経度": 136.800519, "url": "https://www.iryou.teikyouseido.mhlw.go.jp/znk-web/juminkanja/S2430/initialize?prefCd=21&kikanCd=1632008662&kikanKbn=2", "url2": "http://g-hondaclinic.jp", "内容": "岐南ほんだクリニック【2:診療所】【診療科目:精神科_心療内科】岐阜県羽島郡岐南町三宅８－１３７" }, "geometry": { "type": "Point", "coordinates": [ 136.800519, 35.389055 ] } },
{ "type": "Feature", "properties": { "ID": 2121632008686, "正式名称": "ひろせ腎・泌尿器科クリニック", "機関区分": 2, "都道府県コード": 21, "市区町村コード": 213, "所在地": "岐阜県各務原市那加西浦町３丁目５１番地", "緯度": 35.39701, "経度": 136.818927, "url": "https://www.iryou.teikyouseido.mhlw.go.jp/znk-web/juminkanja/S2430/initialize?prefCd=21&kikanCd=1632008686&kikanKbn=2", "url2": "http://clinic-hirose.jp/clinic.html", "内容": "ひろせ腎・泌尿器科クリニック【2:診療所】【診療科目:内科_泌尿器科】岐阜県各務原市那加西浦町３丁目５１番地" }, "geometry": { "type": "Point", "coordinates": [ 136.818927, 35.39701 ] } },
{ "type": "Feature", "properties": { "ID": 2121632008696, "正式名称": "伊藤医院", "機関区分": 2, "都道府県コード": 21, "市区町村コード": 421, "所在地": "岐阜県本巣郡北方町北方字戸羽町１６３６番", "緯度": 35.438226, "経度": 136.683933, "url": "https://www.iryou.teikyouseido.mhlw.go.jp/znk-web/juminkanja/S2430/initialize?prefCd=21&kikanCd=1632008696&kikanKbn=2", "url2": null, "内容": "伊藤医院【2:診療所】【診療科目:内科_呼吸器内科_小児科_皮膚科】岐阜県本巣郡北方町北方字戸羽町１６３６番" }, "geometry": { "type": "Point", "coordinates": [ 136.683933, 35.438226 ] } },
{ "type": "Feature", "properties": { "ID": 2121632008750, "正式名称": "総合在宅医療クリニック", "機関区分": 2, "都道府県コード": 21, "市区町村コード": 302, "所在地": "岐阜県羽島郡岐南町薬師寺４－１２", "緯度": 35.375873, "経度": 136.773508, "url": "https://www.iryou.teikyouseido.mhlw.go.jp/znk-web/juminkanja/S2430/initialize?prefCd=21&kikanCd=1632008750&kikanKbn=2", "url2": "https://www.sogo-zaitaku.jp/", "内容": "総合在宅医療クリニック【2:診療所】【診療科目:内科_歯科】岐阜県羽島郡岐南町薬師寺４－１２" }, "geometry": { "type": "Point", "coordinates": [ 136.773508, 35.375873 ] } },
{ "type": "Feature", "properties": { "ID": 2121632008773, "正式名称": "医療法人心和会　なかハートクリニック", "機関区分": 2, "都道府県コード": 21, "市区町村コード": 213, "所在地": "岐阜県各務原市那加前野町３丁目１６７－１", "緯度": 35.406647, "経度": 136.833335, "url": "https://www.iryou.teikyouseido.mhlw.go.jp/znk-web/juminkanja/S2430/initialize?prefCd=21&kikanCd=1632008773&kikanKbn=2", "url2": "www.naka-heartclinic.com", "内容": "医療法人心和会　なかハートクリニック【2:診療所】【診療科目:内科_循環器内科_小児科_リハビリテーション科】岐阜県各務原市那加前野町３丁目１６７－１" }, "geometry": { "type": "Point", "coordinates": [ 136.833335, 35.406647 ] } },
{ "type": "Feature", "properties": { "ID": 2121632008820, "正式名称": "おおの内科・内視鏡クリニック", "機関区分": 2, "都道府県コード": 21, "市区町村コード": 213, "所在地": "岐阜県各務原市鵜沼大伊木町２ー８５－１", "緯度": 35.388142, "経度": 136.910459, "url": "https://www.iryou.teikyouseido.mhlw.go.jp/znk-web/juminkanja/S2430/initialize?prefCd=21&kikanCd=1632008820&kikanKbn=2", "url2": "http://ohno-naika.com", "内容": "おおの内科・内視鏡クリニック【2:診療所】【診療科目:内科_消化器内科_小児科】岐阜県各務原市鵜沼大伊木町２ー８５－１" }, "geometry": { "type": "Point", "coordinates": [ 136.910459, 35.388142 ] } },
{ "type": "Feature", "properties": { "ID": 2121632008842, "正式名称": "なごやかクリニック", "機関区分": 2, "都道府県コード": 21, "市区町村コード": 302, "所在地": "岐阜県羽島郡岐南町三宅２丁目１６９番地", "緯度": 35.395282, "経度": 136.789804, "url": "https://www.iryou.teikyouseido.mhlw.go.jp/znk-web/juminkanja/S2430/initialize?prefCd=21&kikanCd=1632008842&kikanKbn=2", "url2": "http://www.nagoyaka-clinic.com/", "内容": "なごやかクリニック【2:診療所】【診療科目:内科_外科_泌尿器科】岐阜県羽島郡岐南町三宅２丁目１６９番地" }, "geometry": { "type": "Point", "coordinates": [ 136.789804, 35.395282 ] } },
{ "type": "Feature", "properties": { "ID": 2121632008843, "正式名称": "朝日大学医科歯科医療センター", "機関区分": 2, "都道府県コード": 21, "市区町村コード": 216, "所在地": "岐阜県瑞穂市穂積１８５１番地１", "緯度": 35.382444, "経度": 136.690899, "url": "https://www.iryou.teikyouseido.mhlw.go.jp/znk-web/juminkanja/S2430/initialize?prefCd=21&kikanCd=1632008843&kikanKbn=2", "url2": "https://www.asahi-u.ac.jp/asahi-hosp/", "内容": "朝日大学医科歯科医療センター【2:診療所】【診療科目:内科_整形外科_歯科_矯正歯科_歯科口腔外科_小児歯科_病理診断科】岐阜県瑞穂市穂積１８５１番地１" }, "geometry": { "type": "Point", "coordinates": [ 136.690899, 35.382444 ] } },
{ "type": "Feature", "properties": { "ID": 2121632008977, "正式名称": "スまいるはあとクリニック", "機関区分": 2, "都道府県コード": 21, "市区町村コード": 213, "所在地": "岐阜県各務原市那加本町２１番の３広沢ビル２Ｆ南", "緯度": 35.398064, "経度": 136.835978, "url": "https://www.iryou.teikyouseido.mhlw.go.jp/znk-web/juminkanja/S2430/initialize?prefCd=21&kikanCd=1632008977&kikanKbn=2", "url2": "http://smileheartclinic.com/", "内容": "スまいるはあとクリニック【2:診療所】【診療科目:内科_循環器内科_外科_リハビリテーション科】岐阜県各務原市那加本町２１番の３広沢ビル２Ｆ南" }, "geometry": { "type": "Point", "coordinates": [ 136.835978, 35.398064 ] } },
{ "type": "Feature", "properties": { "ID": 2121632009005, "正式名称": "けやきクリニック", "機関区分": 2, "都道府県コード": 21, "市区町村コード": 302, "所在地": "岐阜県羽島郡岐南町平島５ー１１８", "緯度": 35.387124, "経度": 136.807269, "url": "https://www.iryou.teikyouseido.mhlw.go.jp/znk-web/juminkanja/S2430/initialize?prefCd=21&kikanCd=1632009005&kikanKbn=2", "url2": "https://keyakiclinic.net", "内容": "けやきクリニック【2:診療所】【診療科目:内科_血液内科_糖尿病内科_内分泌内科_脂質代謝内科_糖尿病・代謝内科_消化器内科】岐阜県羽島郡岐南町平島５ー１１８" }, "geometry": { "type": "Point", "coordinates": [ 136.807269, 35.387124 ] } },
{ "type": "Feature", "properties": { "ID": 2121632009010, "正式名称": "明石クリニック", "機関区分": 2, "都道府県コード": 21, "市区町村コード": 216, "所在地": "岐阜県瑞穂市馬場上光町一丁目１０６番地", "緯度": 35.41279, "経度": 136.685436, "url": "https://www.iryou.teikyouseido.mhlw.go.jp/znk-web/juminkanja/S2430/initialize?prefCd=21&kikanCd=1632009010&kikanKbn=2", "url2": null, "内容": "明石クリニック【2:診療所】【診療科目:内科_外科_肛門外科_整形外科_皮膚科_美容皮膚科_精神科_心療内科_アレルギー科】岐阜県瑞穂市馬場上光町一丁目１０６番地" }, "geometry": { "type": "Point", "coordinates": [ 136.685436, 35.41279 ] } },
{ "type": "Feature", "properties": { "ID": 2121632009081, "正式名称": "東堀クリニック", "機関区分": 2, "都道府県コード": 21, "市区町村コード": 421, "所在地": "岐阜県本巣郡北方町若宮１丁目７", "緯度": 35.441346, "経度": 136.689855, "url": "https://www.iryou.teikyouseido.mhlw.go.jp/znk-web/juminkanja/S2430/initialize?prefCd=21&kikanCd=1632009081&kikanKbn=2", "url2": "https://bori-clinic.com/", "内容": "東堀クリニック【2:診療所】【診療科目:内科_消化器内科_内視鏡内科_小児科】岐阜県本巣郡北方町若宮１丁目７" }, "geometry": { "type": "Point", "coordinates": [ 136.689855, 35.441346 ] } },
{ "type": "Feature", "properties": { "ID": 2121632009093, "正式名称": "医療法人あちわ内科胃腸科", "機関区分": 2, "都道府県コード": 21, "市区町村コード": 213, "所在地": "岐阜県各務原市鵜沼東町一丁目１１３", "緯度": 35.403359, "経度": 136.939174, "url": "https://www.iryou.teikyouseido.mhlw.go.jp/znk-web/juminkanja/S2430/initialize?prefCd=21&kikanCd=1632009093&kikanKbn=2", "url2": "achiwa-naika.com", "内容": "医療法人あちわ内科胃腸科【2:診療所】【診療科目:内科_糖尿病内科_呼吸器内科_循環器内科_消化器内科】岐阜県各務原市鵜沼東町一丁目１１３" }, "geometry": { "type": "Point", "coordinates": [ 136.939174, 35.403359 ] } },
{ "type": "Feature", "properties": { "ID": 2121632009171, "正式名称": "岐阜・胃と大腸の内視鏡　安藤おなかクリニック", "機関区分": 2, "都道府県コード": 21, "市区町村コード": 302, "所在地": "岐阜県羽島郡岐南町上印食５丁目５５番地", "緯度": 35.394221, "経度": 136.78933, "url": "https://www.iryou.teikyouseido.mhlw.go.jp/znk-web/juminkanja/S2430/initialize?prefCd=21&kikanCd=1632009171&kikanKbn=2", "url2": "https://www.ando-naikaonaka.jp", "内容": "岐阜・胃と大腸の内視鏡　安藤おなかクリニック【2:診療所】【診療科目:内科_消化器内科_胃腸内科_肝臓内科_内視鏡内科】岐阜県羽島郡岐南町上印食５丁目５５番地" }, "geometry": { "type": "Point", "coordinates": [ 136.78933, 35.394221 ] } },
{ "type": "Feature", "properties": { "ID": 2121632009226, "正式名称": "玉田眼科クリニック", "機関区分": 2, "都道府県コード": 21, "市区町村コード": 213, "所在地": "岐阜県各務原市蘇原東島町三丁目１０５番地１", "緯度": 35.41185, "経度": 136.875535, "url": "https://www.iryou.teikyouseido.mhlw.go.jp/znk-web/juminkanja/S2430/initialize?prefCd=21&kikanCd=1632009226&kikanKbn=2", "url2": "tamada-ganka.com", "内容": "玉田眼科クリニック【2:診療所】【診療科目:眼科】岐阜県各務原市蘇原東島町三丁目１０５番地１" }, "geometry": { "type": "Point", "coordinates": [ 136.875535, 35.41185 ] } },
{ "type": "Feature", "properties": { "ID": 2121632009241, "正式名称": "各務原にこファミリークリニック", "機関区分": 2, "都道府県コード": 21, "市区町村コード": 213, "所在地": "岐阜県各務原市那加土山町", "緯度": 35.413376, "経度": 136.818624, "url": "https://www.iryou.teikyouseido.mhlw.go.jp/znk-web/juminkanja/S2430/initialize?prefCd=21&kikanCd=1632009241&kikanKbn=2", "url2": "http://nicofami-clinic.com", "内容": "各務原にこファミリークリニック【2:診療所】【診療科目:内科】岐阜県各務原市那加土山町" }, "geometry": { "type": "Point", "coordinates": [ 136.818624, 35.413376 ] } },
{ "type": "Feature", "properties": { "ID": 2121632009264, "正式名称": "村上診療所", "機関区分": 2, "都道府県コード": 21, "市区町村コード": 209, "所在地": "岐阜県羽島市竹鼻町狐穴１０５８－２", "緯度": 35.323953, "経度": 136.715038, "url": "https://www.iryou.teikyouseido.mhlw.go.jp/znk-web/juminkanja/S2430/initialize?prefCd=21&kikanCd=1632009264&kikanKbn=2", "url2": "http://murakami.clinic", "内容": "村上診療所【2:診療所】【診療科目:内科_糖尿病内科_リウマチ科】岐阜県羽島市竹鼻町狐穴１０５８－２" }, "geometry": { "type": "Point", "coordinates": [ 136.715038, 35.323953 ] } },
{ "type": "Feature", "properties": { "ID": 2121632009341, "正式名称": "小島ファミリークリニック", "機関区分": 2, "都道府県コード": 21, "市区町村コード": 213, "所在地": "岐阜県各務原市大野町４丁目１５６ー１", "緯度": 35.387792, "経度": 136.823308, "url": "https://www.iryou.teikyouseido.mhlw.go.jp/znk-web/juminkanja/S2430/initialize?prefCd=21&kikanCd=1632009341&kikanKbn=2", "url2": "https://kojima-fc.jp/", "内容": "小島ファミリークリニック【2:診療所】【診療科目:内科_糖尿病内科_循環器内科_心臓血管内科】岐阜県各務原市大野町４丁目１５６ー１" }, "geometry": { "type": "Point", "coordinates": [ 136.823308, 35.387792 ] } },
{ "type": "Feature", "properties": { "ID": 2121632009382, "正式名称": "かかみがはら形成外科クリニック", "機関区分": 2, "都道府県コード": 21, "市区町村コード": 213, "所在地": "岐阜県各務原市三井町三丁目３番２", "緯度": 35.390532, "経度": 136.836444, "url": "https://www.iryou.teikyouseido.mhlw.go.jp/znk-web/juminkanja/S2430/initialize?prefCd=21&kikanCd=1632009382&kikanKbn=2", "url2": "http://k-k-clinic.com", "内容": "かかみがはら形成外科クリニック【2:診療所】【診療科目:形成外科_美容外科_美容皮膚科】岐阜県各務原市三井町三丁目３番２" }, "geometry": { "type": "Point", "coordinates": [ 136.836444, 35.390532 ] } },
{ "type": "Feature", "properties": { "ID": 2121632009395, "正式名称": "二宮医院", "機関区分": 2, "都道府県コード": 21, "市区町村コード": 213, "所在地": "岐阜県各務原市三井町", "緯度": 35.390745, "経度": 136.834401, "url": "https://www.iryou.teikyouseido.mhlw.go.jp/znk-web/juminkanja/S2430/initialize?prefCd=21&kikanCd=1632009395&kikanKbn=2", "url2": "http://ninomiyacl.com", "内容": "二宮医院【2:診療所】【診療科目:内科_血液内科_消化器内科_漢方内科_小児科】岐阜県各務原市三井町" }, "geometry": { "type": "Point", "coordinates": [ 136.834401, 35.390745 ] } },
{ "type": "Feature", "properties": { "ID": 2121632009405, "正式名称": "いけだ内科クリニック", "機関区分": 2, "都道府県コード": 21, "市区町村コード": 213, "所在地": "岐阜県各務原市蘇原花園町４丁目１３ー１", "緯度": 35.411724, "経度": 136.852175, "url": "https://www.iryou.teikyouseido.mhlw.go.jp/znk-web/juminkanja/S2430/initialize?prefCd=21&kikanCd=1632009405&kikanKbn=2", "url2": "http://ikeda-imcl.com", "内容": "いけだ内科クリニック【2:診療所】【診療科目:内科_糖尿病内科_消化器内科_リウマチ科】岐阜県各務原市蘇原花園町４丁目１３ー１" }, "geometry": { "type": "Point", "coordinates": [ 136.852175, 35.411724 ] } },
{ "type": "Feature", "properties": { "ID": 2121632009473, "正式名称": "羽島整形外科・皮膚科", "機関区分": 2, "都道府県コード": 21, "市区町村コード": 209, "所在地": "岐阜県羽島市舟橋町宮北１−１５−１", "緯度": 35.316781, "経度": 136.687936, "url": "https://www.iryou.teikyouseido.mhlw.go.jp/znk-web/juminkanja/S2430/initialize?prefCd=21&kikanCd=1632009473&kikanKbn=2", "url2": "https://gifuhashima-orthopedics.com", "内容": "羽島整形外科・皮膚科【2:診療所】【診療科目:整形外科_皮膚科_美容皮膚科_リウマチ科_リハビリテーション科】岐阜県羽島市舟橋町宮北１−１５−１" }, "geometry": { "type": "Point", "coordinates": [ 136.687936, 35.316781 ] } },
{ "type": "Feature", "properties": { "ID": 2121632009549, "正式名称": "ふせや内科小児科", "機関区分": 2, "都道府県コード": 21, "市区町村コード": 213, "所在地": "岐阜県各務原市那加日新町５丁目４８ー１", "緯度": 35.393539, "経度": 136.818226, "url": "https://www.iryou.teikyouseido.mhlw.go.jp/znk-web/juminkanja/S2430/initialize?prefCd=21&kikanCd=1632009549&kikanKbn=2", "url2": "http://fuseyanaikasyounika.com", "内容": "ふせや内科小児科【2:診療所】【診療科目:内科_脳神経内科_小児科】岐阜県各務原市那加日新町５丁目４８ー１" }, "geometry": { "type": "Point", "coordinates": [ 136.818226, 35.393539 ] } },
{ "type": "Feature", "properties": { "ID": 2121632009558, "正式名称": "さらさらクリニック", "機関区分": 2, "都道府県コード": 21, "市区町村コード": 213, "所在地": "岐阜県各務原市蘇原六軒町４－４６", "緯度": 35.399556, "経度": 136.857527, "url": "https://www.iryou.teikyouseido.mhlw.go.jp/znk-web/juminkanja/S2430/initialize?prefCd=21&kikanCd=1632009558&kikanKbn=2", "url2": "https://sarasara-clinic.com", "内容": "さらさらクリニック【2:診療所】【診療科目:内科_小児科_小児循環器内科_眼科_アレルギー科】岐阜県各務原市蘇原六軒町４－４６" }, "geometry": { "type": "Point", "coordinates": [ 136.857527, 35.399556 ] } },
{ "type": "Feature", "properties": { "ID": 2121632009559, "正式名称": "小田内科", "機関区分": 2, "都道府県コード": 21, "市区町村コード": 209, "所在地": "岐阜県羽島市足近町２丁目２０４番地", "緯度": 35.348541, "経度": 136.719611, "url": "https://www.iryou.teikyouseido.mhlw.go.jp/znk-web/juminkanja/S2430/initialize?prefCd=21&kikanCd=1632009559&kikanKbn=2", "url2": "https://www.odanaika-hashima.com", "内容": "小田内科【2:診療所】【診療科目:内科_形成外科_小児科_皮膚科】岐阜県羽島市足近町２丁目２０４番地" }, "geometry": { "type": "Point", "coordinates": [ 136.719611, 35.348541 ] } },
{ "type": "Feature", "properties": { "ID": 2121632009564, "正式名称": "中川クリニック", "機関区分": 2, "都道府県コード": 21, "市区町村コード": 209, "所在地": "岐阜県羽島市竹鼻町狐穴２５０－１", "緯度": 35.315516, "経度": 136.708459, "url": "https://www.iryou.teikyouseido.mhlw.go.jp/znk-web/juminkanja/S2430/initialize?prefCd=21&kikanCd=1632009564&kikanKbn=2", "url2": "http://nakagawa-c.jp", "内容": "中川クリニック【2:診療所】【診療科目:内科_糖尿病内科_呼吸器内科_循環器内科_消化器内科_腎臓内科_精神科_心療内科】岐阜県羽島市竹鼻町狐穴２５０－１" }, "geometry": { "type": "Point", "coordinates": [ 136.708459, 35.315516 ] } },
{ "type": "Feature", "properties": { "ID": 2121632009573, "正式名称": "ぎなん皮ふ科クリニック", "機関区分": 2, "都道府県コード": 21, "市区町村コード": 302, "所在地": "岐阜県羽島郡岐南町三宅８丁目１３７", "緯度": 35.389055, "経度": 136.800519, "url": "https://www.iryou.teikyouseido.mhlw.go.jp/znk-web/juminkanja/S2430/initialize?prefCd=21&kikanCd=1632009573&kikanKbn=2", "url2": "https://ginan-skin-clinic.jp", "内容": "ぎなん皮ふ科クリニック【2:診療所】【診療科目:小児皮膚科_皮膚科_美容皮膚科_アレルギー科】岐阜県羽島郡岐南町三宅８丁目１３７" }, "geometry": { "type": "Point", "coordinates": [ 136.800519, 35.389055 ] } },
{ "type": "Feature", "properties": { "ID": 2121632009618, "正式名称": "ぎなんレディースクリニック", "機関区分": 2, "都道府県コード": 21, "市区町村コード": 302, "所在地": "岐阜県羽島郡岐南町八剣北", "緯度": 35.39703, "経度": 136.780502, "url": "https://www.iryou.teikyouseido.mhlw.go.jp/znk-web/juminkanja/S2430/initialize?prefCd=21&kikanCd=1632009618&kikanKbn=2", "url2": "https://ginan-lc.com", "内容": "ぎなんレディースクリニック【2:診療所】【診療科目:婦人科】岐阜県羽島郡岐南町八剣北" }, "geometry": { "type": "Point", "coordinates": [ 136.780502, 35.39703 ] } },
{ "type": "Feature", "properties": { "ID": 2121632009636, "正式名称": "よこた整形外科", "機関区分": 2, "都道府県コード": 21, "市区町村コード": 213, "所在地": "岐阜県各務原市鵜沼羽場町２丁目１５０番地１", "緯度": 35.404898, "経度": 136.921821, "url": "https://www.iryou.teikyouseido.mhlw.go.jp/znk-web/juminkanja/S2430/initialize?prefCd=21&kikanCd=1632009636&kikanKbn=2", "url2": "http://yokota-orthopedics.com/index.htm/", "内容": "よこた整形外科【2:診療所】【診療科目:ペインクリニック外科_整形外科_リウマチ科_リハビリテーション科】岐阜県各務原市鵜沼羽場町２丁目１５０番地１" }, "geometry": { "type": "Point", "coordinates": [ 136.921821, 35.404898 ] } },
{ "type": "Feature", "properties": { "ID": 2121632009645, "正式名称": "溝口整形外科リハビリクリニック", "機関区分": 2, "都道府県コード": 21, "市区町村コード": 216, "所在地": "岐阜県瑞穂市十九条", "緯度": 35.394367, "経度": 136.662674, "url": "https://www.iryou.teikyouseido.mhlw.go.jp/znk-web/juminkanja/S2430/initialize?prefCd=21&kikanCd=1632009645&kikanKbn=2", "url2": "https://mizoguchi-seikei.jp/", "内容": "溝口整形外科リハビリクリニック【2:診療所】【診療科目:整形外科_リウマチ科_リハビリテーション科】岐阜県瑞穂市十九条" }, "geometry": { "type": "Point", "coordinates": [ 136.662674, 35.394367 ] } },
{ "type": "Feature", "properties": { "ID": 2121632009701, "正式名称": "菅整形外科", "機関区分": 2, "都道府県コード": 21, "市区町村コード": 216, "所在地": "岐阜県瑞穂市馬場小城町一丁目２１番地", "緯度": 35.408997, "経度": 136.689264, "url": "https://www.iryou.teikyouseido.mhlw.go.jp/znk-web/juminkanja/S2430/initialize?prefCd=21&kikanCd=1632009701&kikanKbn=2", "url2": "https://kan-seikei.jp", "内容": "菅整形外科【2:診療所】【診療科目:整形外科_リウマチ科_リハビリテーション科】岐阜県瑞穂市馬場小城町一丁目２１番地" }, "geometry": { "type": "Point", "coordinates": [ 136.689264, 35.408997 ] } },
{ "type": "Feature", "properties": { "ID": 2121632009737, "正式名称": "はあと在宅クリニック羽島", "機関区分": 2, "都道府県コード": 21, "市区町村コード": 209, "所在地": "岐阜県羽島市福寿町本郷２丁目１４０番", "緯度": 35.32079, "経度": 136.681594, "url": "https://www.iryou.teikyouseido.mhlw.go.jp/znk-web/juminkanja/S2430/initialize?prefCd=21&kikanCd=1632009737&kikanKbn=2", "url2": "https://heartgroup.jp/", "内容": "はあと在宅クリニック羽島【2:診療所】【診療科目:内科_老年精神科】岐阜県羽島市福寿町本郷２丁目１４０番" }, "geometry": { "type": "Point", "coordinates": [ 136.681594, 35.32079 ] } },
{ "type": "Feature", "properties": { "ID": 2121632009774, "正式名称": "あおば眼科クリニック", "機関区分": 2, "都道府県コード": 21, "市区町村コード": 216, "所在地": "岐阜県瑞穂市稲里６８３番１", "緯度": 35.383453, "経度": 136.687244, "url": "https://www.iryou.teikyouseido.mhlw.go.jp/znk-web/juminkanja/S2430/initialize?prefCd=21&kikanCd=1632009774&kikanKbn=2", "url2": "http://aoba-eye-clinic.com", "内容": "あおば眼科クリニック【2:診療所】【診療科目:小児眼科_眼科】岐阜県瑞穂市稲里６８３番１" }, "geometry": { "type": "Point", "coordinates": [ 136.687244, 35.383453 ] } },
{ "type": "Feature", "properties": { "ID": 2121632009806, "正式名称": "ひがしの森内科クリニック", "機関区分": 2, "都道府県コード": 21, "市区町村コード": 213, "所在地": "岐阜県各務原市鵜沼山崎町３－４５", "緯度": 35.399331, "経度": 136.945598, "url": "https://www.iryou.teikyouseido.mhlw.go.jp/znk-web/juminkanja/S2430/initialize?prefCd=21&kikanCd=1632009806&kikanKbn=2", "url2": "https://higashimachi-cl.jp/", "内容": "ひがしの森内科クリニック【2:診療所】【診療科目:内科_循環器内科_小児科_アレルギー科】岐阜県各務原市鵜沼山崎町３－４５" }, "geometry": { "type": "Point", "coordinates": [ 136.945598, 35.399331 ] } },
{ "type": "Feature", "properties": { "ID": 2121632009808, "正式名称": "東海内科・内視鏡クリニック　岐阜各務原院", "機関区分": 2, "都道府県コード": 21, "市区町村コード": 213, "所在地": "岐阜県各務原市那加桐野町二丁目３５番", "緯度": 35.423293, "経度": 136.815886, "url": "https://www.iryou.teikyouseido.mhlw.go.jp/znk-web/juminkanja/S2430/initialize?prefCd=21&kikanCd=1632009808&kikanKbn=2", "url2": "http://www.tokai-naika,jp", "内容": "東海内科・内視鏡クリニック　岐阜各務原院【2:診療所】【診療科目:内科_糖尿病内科_消化器内科_腎臓内科_小児科_婦人科】岐阜県各務原市那加桐野町二丁目３５番" }, "geometry": { "type": "Point", "coordinates": [ 136.815886, 35.423293 ] } },
{ "type": "Feature", "properties": { "ID": 2121632009833, "正式名称": "もとす北方眼科", "機関区分": 2, "都道府県コード": 21, "市区町村コード": 421, "所在地": "岐阜県本巣郡北方町東加茂３丁目１５番", "緯度": 35.44052, "経度": 136.690922, "url": "https://www.iryou.teikyouseido.mhlw.go.jp/znk-web/juminkanja/S2430/initialize?prefCd=21&kikanCd=1632009833&kikanKbn=2", "url2": "https://kitagata-eyeclinic.com/", "内容": "もとす北方眼科【2:診療所】【診療科目:小児眼科_眼科】岐阜県本巣郡北方町東加茂３丁目１５番" }, "geometry": { "type": "Point", "coordinates": [ 136.690922, 35.44052 ] } },
{ "type": "Feature", "properties": { "ID": 2121632009854, "正式名称": "正翔会クリニック岐阜", "機関区分": 2, "都道府県コード": 21, "市区町村コード": 216, "所在地": "岐阜県瑞穂市野田新田河間４１４１", "緯度": 35.385445, "経度": 136.678984, "url": "https://www.iryou.teikyouseido.mhlw.go.jp/znk-web/juminkanja/S2430/initialize?prefCd=21&kikanCd=1632009854&kikanKbn=2", "url2": "https://www.nagao-zaitaku.jp/", "内容": "正翔会クリニック岐阜【2:診療所】【診療科目:内科_循環器内科_精神科】岐阜県瑞穂市野田新田河間４１４１" }, "geometry": { "type": "Point", "coordinates": [ 136.678984, 35.385445 ] } },
{ "type": "Feature", "properties": { "ID": 2121632009885, "正式名称": "ふくろう在宅クリニック", "機関区分": 2, "都道府県コード": 21, "市区町村コード": 213, "所在地": "岐阜県各務原市蘇原新生町２丁目１０番地１", "緯度": 35.419003, "経度": 136.881089, "url": "https://www.iryou.teikyouseido.mhlw.go.jp/znk-web/juminkanja/S2430/initialize?prefCd=21&kikanCd=1632009885&kikanKbn=2", "url2": "http://fukurou-zaitaku.net", "内容": "ふくろう在宅クリニック【2:診療所】【診療科目:内科_循環器内科_外科】岐阜県各務原市蘇原新生町２丁目１０番地１" }, "geometry": { "type": "Point", "coordinates": [ 136.881089, 35.419003 ] } },
{ "type": "Feature", "properties": { "ID": 2121632009927, "正式名称": "岐南ハートと呼吸のクリニック", "機関区分": 2, "都道府県コード": 21, "市区町村コード": 302, "所在地": "岐阜県羽島郡岐南町伏屋４丁目６４番地", "緯度": 35.383556, "経度": 136.791133, "url": "https://www.iryou.teikyouseido.mhlw.go.jp/znk-web/juminkanja/S2430/initialize?prefCd=21&kikanCd=1632009927&kikanKbn=2", "url2": "https://ginan-heart.com", "内容": "岐南ハートと呼吸のクリニック【2:診療所】【診療科目:内科_呼吸器内科_循環器内科_リハビリテーション科】岐阜県羽島郡岐南町伏屋４丁目６４番地" }, "geometry": { "type": "Point", "coordinates": [ 136.791133, 35.383556 ] } },
{ "type": "Feature", "properties": { "ID": 2121632009978, "正式名称": "岡田眼科医院", "機関区分": 2, "都道府県コード": 21, "市区町村コード": 303, "所在地": "岐阜県羽島郡笠松町東陽町３８－２", "緯度": 35.375101, "経度": 136.763965, "url": "https://www.iryou.teikyouseido.mhlw.go.jp/znk-web/juminkanja/S2430/initialize?prefCd=21&kikanCd=1632009978&kikanKbn=2", "url2": "okada-eye.jp", "内容": "岡田眼科医院【2:診療所】【診療科目:眼科】岐阜県羽島郡笠松町東陽町３８－２" }, "geometry": { "type": "Point", "coordinates": [ 136.763965, 35.375101 ] } },
{ "type": "Feature", "properties": { "ID": 2121632010051, "正式名称": "高井のりこレディースクリニック", "機関区分": 2, "都道府県コード": 21, "市区町村コード": 213, "所在地": "岐阜県各務原市那加日新町７丁目１５番地", "緯度": 35.394412, "経度": 136.823164, "url": "https://www.iryou.teikyouseido.mhlw.go.jp/znk-web/juminkanja/S2430/initialize?prefCd=21&kikanCd=1632010051&kikanKbn=2", "url2": "takainoriko-ladies-clinic.com", "内容": "高井のりこレディースクリニック【2:診療所】【診療科目:産婦人科_美容婦人科】岐阜県各務原市那加日新町７丁目１５番地" }, "geometry": { "type": "Point", "coordinates": [ 136.823164, 35.394412 ] } },
{ "type": "Feature", "properties": { "ID": 2121632010052, "正式名称": "各務原まつおクリニック", "機関区分": 2, "都道府県コード": 21, "市区町村コード": 213, "所在地": "岐阜県各務原市各務山の前町４－２８４", "緯度": 35.4063, "経度": 136.907481, "url": "https://www.iryou.teikyouseido.mhlw.go.jp/znk-web/juminkanja/S2430/initialize?prefCd=21&kikanCd=1632010052&kikanKbn=2", "url2": "https://matsuo-clinic-kakamigahara.com/", "内容": "各務原まつおクリニック【2:診療所】【診療科目:内科_糖尿病内科_循環器内科_小児科_リハビリテーション科】岐阜県各務原市各務山の前町４－２８４" }, "geometry": { "type": "Point", "coordinates": [ 136.907481, 35.4063 ] } },
{ "type": "Feature", "properties": { "ID": 2121632010053, "正式名称": "世界ちゃんとモゲル丸先生の元気な在宅クリニック", "機関区分": 2, "都道府県コード": 21, "市区町村コード": 213, "所在地": "岐阜県各務原市鵜沼各務原町５−１７１−１", "緯度": 35.401223, "経度": 136.91425, "url": "https://www.iryou.teikyouseido.mhlw.go.jp/znk-web/juminkanja/S2430/initialize?prefCd=21&kikanCd=1632010053&kikanKbn=2", "url2": null, "内容": "世界ちゃんとモゲル丸先生の元気な在宅クリニック【2:診療所】【診療科目:内科】岐阜県各務原市鵜沼各務原町５−１７１−１" }, "geometry": { "type": "Point", "coordinates": [ 136.91425, 35.401223 ] } },
{ "type": "Feature", "properties": { "ID": 2121632010129, "正式名称": "ぎふ糖尿病・内科クリニックやまうち", "機関区分": 2, "都道府県コード": 21, "市区町村コード": 216, "所在地": "岐阜県瑞穂市馬場小城町１丁目７１－１ぎふ糖尿病・内科クリニックやまうち", "緯度": 35.40942, "経度": 136.690886, "url": "https://www.iryou.teikyouseido.mhlw.go.jp/znk-web/juminkanja/S2430/initialize?prefCd=21&kikanCd=1632010129&kikanKbn=2", "url2": "https://clinic-yamauchi.jp/", "内容": "ぎふ糖尿病・内科クリニックやまうち【2:診療所】【診療科目:内科_糖尿病・内分泌内科】岐阜県瑞穂市馬場小城町１丁目７１－１ぎふ糖尿病・内科クリニックやまうち" }, "geometry": { "type": "Point", "coordinates": [ 136.690886, 35.40942 ] } },
{ "type": "Feature", "properties": { "ID": 2121633005965, "正式名称": "医療法人ＡＬＯＨＡ　ＣＯＣＯ　ＤＥＮＴＡＬ　ＣＬＩＮＩＣ", "機関区分": 2, "都道府県コード": 21, "市区町村コード": 218, "所在地": "岐阜県本巣市下真桑３５７－５", "緯度": 35.437919, "経度": 136.662768, "url": "https://www.iryou.teikyouseido.mhlw.go.jp/znk-web/juminkanja/S2430/initialize?prefCd=21&kikanCd=1633005965&kikanKbn=2", "url2": "http://www.coco-dental.com", "内容": "医療法人ＡＬＯＨＡ　ＣＯＣＯ　ＤＥＮＴＡＬ　ＣＬＩＮＩＣ【2:診療所】【診療科目:歯科_歯科口腔外科_小児歯科】岐阜県本巣市下真桑３５７－５" }, "geometry": { "type": "Point", "coordinates": [ 136.662768, 35.437919 ] } },
{ "type": "Feature", "properties": { "ID": 2121633008444, "正式名称": "医療法人ＭＥＬＩＡ　れあ歯科クリニック矯正歯科小児歯科", "機関区分": 2, "都道府県コード": 21, "市区町村コード": 216, "所在地": "岐阜県瑞穂市十九条３３５－１", "緯度": 35.394781, "経度": 136.668114, "url": "https://www.iryou.teikyouseido.mhlw.go.jp/znk-web/juminkanja/S2430/initialize?prefCd=21&kikanCd=1633008444&kikanKbn=2", "url2": "https://lea-dc.jp/", "内容": "医療法人ＭＥＬＩＡ　れあ歯科クリニック矯正歯科小児歯科【2:診療所】【診療科目:歯科_矯正歯科_小児歯科_小児矯正歯科】岐阜県瑞穂市十九条３３５－１" }, "geometry": { "type": "Point", "coordinates": [ 136.668114, 35.394781 ] } },
{ "type": "Feature", "properties": { "ID": 2121642000160, "正式名称": "吉田医院", "機関区分": 2, "都道府県コード": 21, "市区町村コード": 383, "所在地": "岐阜県安八郡安八町城１丁目６番地", "緯度": 35.331992, "経度": 136.659677, "url": "https://www.iryou.teikyouseido.mhlw.go.jp/znk-web/juminkanja/S2430/initialize?prefCd=21&kikanCd=1642000160&kikanKbn=2", "url2": "http://www.yoshida-clinic.com", "内容": "吉田医院【2:診療所】【診療科目:内科_外科_小児科】岐阜県安八郡安八町城１丁目６番地" }, "geometry": { "type": "Point", "coordinates": [ 136.659677, 35.331992 ] } },
{ "type": "Feature", "properties": { "ID": 2121642000161, "正式名称": "岩田内科クリニック", "機関区分": 2, "都道府県コード": 21, "市区町村コード": 383, "所在地": "岐阜県安八郡安八町森部１３８３ー１", "緯度": 35.331096, "経度": 136.67835, "url": "https://www.iryou.teikyouseido.mhlw.go.jp/znk-web/juminkanja/S2430/initialize?prefCd=21&kikanCd=1642000161&kikanKbn=2", "url2": null, "内容": "岩田内科クリニック【2:診療所】【診療科目:内科_胃腸内科】岐阜県安八郡安八町森部１３８３ー１" }, "geometry": { "type": "Point", "coordinates": [ 136.67835, 35.331096 ] } },
{ "type": "Feature", "properties": { "ID": 2121642000165, "正式名称": "にわ整形外科", "機関区分": 2, "都道府県コード": 21, "市区町村コード": 383, "所在地": "岐阜県安八郡安八町東結１５０９－１", "緯度": 35.360004, "経度": 136.667749, "url": "https://www.iryou.teikyouseido.mhlw.go.jp/znk-web/juminkanja/S2430/initialize?prefCd=21&kikanCd=1642000165&kikanKbn=2", "url2": null, "内容": "にわ整形外科【2:診療所】【診療科目:整形外科_リウマチ科_リハビリテーション科】岐阜県安八郡安八町東結１５０９－１" }, "geometry": { "type": "Point", "coordinates": [ 136.667749, 35.360004 ] } },
{ "type": "Feature", "properties": { "ID": 2121642000166, "正式名称": "医療法人　大俊会　おおくま内科クリニック", "機関区分": 2, "都道府県コード": 21, "市区町村コード": 383, "所在地": "岐阜県安八郡安八町東結字芝原東１５２０番地の１", "緯度": 35.360524, "経度": 136.667802, "url": "https://www.iryou.teikyouseido.mhlw.go.jp/znk-web/juminkanja/S2430/initialize?prefCd=21&kikanCd=1642000166&kikanKbn=2", "url2": null, "内容": "医療法人　大俊会　おおくま内科クリニック【2:診療所】【診療科目:内科_循環器内科_腎臓内科_小児科】岐阜県安八郡安八町東結字芝原東１５２０番地の１" }, "geometry": { "type": "Point", "coordinates": [ 136.667802, 35.360524 ] } },
{ "type": "Feature", "properties": { "ID": 2121642000167, "正式名称": "安八診療所", "機関区分": 2, "都道府県コード": 21, "市区町村コード": 383, "所在地": "岐阜県安八郡安八町南今ヶ渕２７０番地の２", "緯度": 35.337428, "経度": 136.667779, "url": "https://www.iryou.teikyouseido.mhlw.go.jp/znk-web/juminkanja/S2430/initialize?prefCd=21&kikanCd=1642000167&kikanKbn=2", "url2": "http://www.hm9.aitai.ne.jp/~anpachi/", "内容": "安八診療所【2:診療所】【診療科目:内科_人工透析内科_小児科_耳鼻いんこう科_皮膚科】岐阜県安八郡安八町南今ヶ渕２７０番地の２" }, "geometry": { "type": "Point", "coordinates": [ 136.667779, 35.337428 ] } },
{ "type": "Feature", "properties": { "ID": 2121642000172, "正式名称": "石田医院", "機関区分": 2, "都道府県コード": 21, "市区町村コード": 383, "所在地": "岐阜県安八郡安八町氷取７３９", "緯度": 35.332145, "経度": 136.663704, "url": "https://www.iryou.teikyouseido.mhlw.go.jp/znk-web/juminkanja/S2430/initialize?prefCd=21&kikanCd=1642000172&kikanKbn=2", "url2": null, "内容": "石田医院【2:診療所】【診療科目:内科】岐阜県安八郡安八町氷取７３９" }, "geometry": { "type": "Point", "coordinates": [ 136.663704, 35.332145 ] } },
{ "type": "Feature", "properties": { "ID": 2121642000173, "正式名称": "田中医院", "機関区分": 2, "都道府県コード": 21, "市区町村コード": 381, "所在地": "岐阜県安八郡神戸町神戸１８２", "緯度": 35.417575, "経度": 136.603731, "url": "https://www.iryou.teikyouseido.mhlw.go.jp/znk-web/juminkanja/S2430/initialize?prefCd=21&kikanCd=1642000173&kikanKbn=2", "url2": "https://www.tanaka-godo.com", "内容": "田中医院【2:診療所】【診療科目:内科_呼吸器内科_循環器内科_消化器内科_小児科_アレルギー科】岐阜県安八郡神戸町神戸１８２" }, "geometry": { "type": "Point", "coordinates": [ 136.603731, 35.417575 ] } },
{ "type": "Feature", "properties": { "ID": 2121642000174, "正式名称": "下野内科", "機関区分": 2, "都道府県コード": 21, "市区町村コード": 381, "所在地": "岐阜県安八郡神戸町神戸", "緯度": 35.421546, "経度": 136.609712, "url": "https://www.iryou.teikyouseido.mhlw.go.jp/znk-web/juminkanja/S2430/initialize?prefCd=21&kikanCd=1642000174&kikanKbn=2", "url2": "https://shimono-naika.jp", "内容": "下野内科【2:診療所】【診療科目:内科_小児科_皮膚科】岐阜県安八郡神戸町神戸" }, "geometry": { "type": "Point", "coordinates": [ 136.609712, 35.421546 ] } },
{ "type": "Feature", "properties": { "ID": 2121642000179, "正式名称": "まつながファミリークリニック", "機関区分": 2, "都道府県コード": 21, "市区町村コード": 381, "所在地": "岐阜県安八郡神戸町神戸１７０５番地１", "緯度": 35.414465, "経度": 136.604759, "url": "https://www.iryou.teikyouseido.mhlw.go.jp/znk-web/juminkanja/S2430/initialize?prefCd=21&kikanCd=1642000179&kikanKbn=2", "url2": "http://www.matsunaga-fc.com/", "内容": "まつながファミリークリニック【2:診療所】【診療科目:内科_消化器内科_外科_整形外科_小児科_リハビリテーション科】岐阜県安八郡神戸町神戸１７０５番地１" }, "geometry": { "type": "Point", "coordinates": [ 136.604759, 35.414465 ] } },
{ "type": "Feature", "properties": { "ID": 2121642000184, "正式名称": "高田医院", "機関区分": 2, "都道府県コード": 21, "市区町村コード": 381, "所在地": "岐阜県安八郡神戸町大字神戸４６８", "緯度": 35.418685, "経度": 136.604515, "url": "https://www.iryou.teikyouseido.mhlw.go.jp/znk-web/juminkanja/S2430/initialize?prefCd=21&kikanCd=1642000184&kikanKbn=2", "url2": "http://www.takadaiin.com", "内容": "高田医院【2:診療所】【診療科目:内科_小児科_産婦人科】岐阜県安八郡神戸町大字神戸４６８" }, "geometry": { "type": "Point", "coordinates": [ 136.604515, 35.418685 ] } },
{ "type": "Feature", "properties": { "ID": 2121642000186, "正式名称": "医療法人大誠会　大垣北クリニック", "機関区分": 2, "都道府県コード": 21, "市区町村コード": 381, "所在地": "岐阜県安八郡神戸町末守７３７－１", "緯度": 35.41955, "経度": 136.595292, "url": "https://www.iryou.teikyouseido.mhlw.go.jp/znk-web/juminkanja/S2430/initialize?prefCd=21&kikanCd=1642000186&kikanKbn=2", "url2": "http://www.taiseikai.jp/", "内容": "医療法人大誠会　大垣北クリニック【2:診療所】【診療科目:人工透析内科_泌尿器科_麻酔科】岐阜県安八郡神戸町末守７３７－１" }, "geometry": { "type": "Point", "coordinates": [ 136.595292, 35.41955 ] } },
{ "type": "Feature", "properties": { "ID": 2121642000187, "正式名称": "まちだ眼科", "機関区分": 2, "都道府県コード": 21, "市区町村コード": 381, "所在地": "岐阜県安八郡神戸町大字末守字縫１０１７ー１", "緯度": 35.422572, "経度": 136.594386, "url": "https://www.iryou.teikyouseido.mhlw.go.jp/znk-web/juminkanja/S2430/initialize?prefCd=21&kikanCd=1642000187&kikanKbn=2", "url2": null, "内容": "まちだ眼科【2:診療所】【診療科目:眼科】岐阜県安八郡神戸町大字末守字縫１０１７ー１" }, "geometry": { "type": "Point", "coordinates": [ 136.594386, 35.422572 ] } },
{ "type": "Feature", "properties": { "ID": 2121642000188, "正式名称": "ヒフカクリニックのりこ", "機関区分": 2, "都道府県コード": 21, "市区町村コード": 381, "所在地": "岐阜県安八郡神戸町八条２８２ー２", "緯度": 35.407771, "経度": 136.603635, "url": "https://www.iryou.teikyouseido.mhlw.go.jp/znk-web/juminkanja/S2430/initialize?prefCd=21&kikanCd=1642000188&kikanKbn=2", "url2": null, "内容": "ヒフカクリニックのりこ【2:診療所】【診療科目:皮膚科_アレルギー科】岐阜県安八郡神戸町八条２８２ー２" }, "geometry": { "type": "Point", "coordinates": [ 136.603635, 35.407771 ] } },
{ "type": "Feature", "properties": { "ID": 2121642000190, "正式名称": "黒川胃腸科外科クリニック", "機関区分": 2, "都道府県コード": 21, "市区町村コード": 381, "所在地": "岐阜県安八郡神戸町北一色３番地の１", "緯度": 35.429201, "経度": 136.585922, "url": "https://www.iryou.teikyouseido.mhlw.go.jp/znk-web/juminkanja/S2430/initialize?prefCd=21&kikanCd=1642000190&kikanKbn=2", "url2": "https://www.eijinkai-md.jp/", "内容": "黒川胃腸科外科クリニック【2:診療所】【診療科目:内科_胃腸内科_外科_胃腸外科_肛門外科_整形外科_小児科_皮膚科_泌尿器科_リハビリテーション科】岐阜県安八郡神戸町北一色３番地の１" }, "geometry": { "type": "Point", "coordinates": [ 136.585922, 35.429201 ] } },
{ "type": "Feature", "properties": { "ID": 2121642000195, "正式名称": "すのまたファミリークリニック", "機関区分": 2, "都道府県コード": 21, "市区町村コード": 202, "所在地": "岐阜県大垣市墨俣町上宿８７４ー１", "緯度": 35.3579, "経度": 136.677597, "url": "https://www.iryou.teikyouseido.mhlw.go.jp/znk-web/juminkanja/S2430/initialize?prefCd=21&kikanCd=1642000195&kikanKbn=2", "url2": "http://www.sunomataclinic.com/", "内容": "すのまたファミリークリニック【2:診療所】【診療科目:内科_腎臓内科_外科_整形外科_小児科】岐阜県大垣市墨俣町上宿８７４ー１" }, "geometry": { "type": "Point", "coordinates": [ 136.677597, 35.3579 ] } },
{ "type": "Feature", "properties": { "ID": 2121642000199, "正式名称": "西脇医院", "機関区分": 2, "都道府県コード": 21, "市区町村コード": 382, "所在地": "岐阜県安八郡輪之内町下大榑新田", "緯度": 35.273022, "経度": 136.631609, "url": "https://www.iryou.teikyouseido.mhlw.go.jp/znk-web/juminkanja/S2430/initialize?prefCd=21&kikanCd=1642000199&kikanKbn=2", "url2": null, "内容": "西脇医院【2:診療所】【診療科目:内科_外科】岐阜県安八郡輪之内町下大榑新田" }, "geometry": { "type": "Point", "coordinates": [ 136.631609, 35.273022 ] } },
{ "type": "Feature", "properties": { "ID": 2121642000201, "正式名称": "医療法人社団信輪会　輪之内クリニック", "機関区分": 2, "都道府県コード": 21, "市区町村コード": 382, "所在地": "岐阜県安八郡輪之内町四郷字下之切１３３０", "緯度": 35.287826, "経度": 136.639679, "url": "https://www.iryou.teikyouseido.mhlw.go.jp/znk-web/juminkanja/S2430/initialize?prefCd=21&kikanCd=1642000201&kikanKbn=2", "url2": null, "内容": "医療法人社団信輪会　輪之内クリニック【2:診療所】【診療科目:内科】岐阜県安八郡輪之内町四郷字下之切１３３０" }, "geometry": { "type": "Point", "coordinates": [ 136.639679, 35.287826 ] } },
{ "type": "Feature", "properties": { "ID": 2121642000202, "正式名称": "荒川医院", "機関区分": 2, "都道府県コード": 21, "市区町村コード": 382, "所在地": "岐阜県安八郡輪之内町大吉新田５６２番地", "緯度": 35.271631, "経度": 136.617438, "url": "https://www.iryou.teikyouseido.mhlw.go.jp/znk-web/juminkanja/S2430/initialize?prefCd=21&kikanCd=1642000202&kikanKbn=2", "url2": "https://arakawa-clinic.sakura.ne.jp", "内容": "荒川医院【2:診療所】【診療科目:内科_呼吸器内科_循環器内科_消化器内科_小児科】岐阜県安八郡輪之内町大吉新田５６２番地" }, "geometry": { "type": "Point", "coordinates": [ 136.617438, 35.271631 ] } },
{ "type": "Feature", "properties": { "ID": 2121642000479, "正式名称": "岡田医院", "機関区分": 2, "都道府県コード": 21, "市区町村コード": 221, "所在地": "岐阜県海津市海津町東小島５", "緯度": 35.216375, "経度": 136.628803, "url": "https://www.iryou.teikyouseido.mhlw.go.jp/znk-web/juminkanja/S2430/initialize?prefCd=21&kikanCd=1642000479&kikanKbn=2", "url2": null, "内容": "岡田医院【2:診療所】【診療科目:内科_小児科】岐阜県海津市海津町東小島５" }, "geometry": { "type": "Point", "coordinates": [ 136.628803, 35.216375 ] } },
{ "type": "Feature", "properties": { "ID": 2121642000482, "正式名称": "とみなり整形外科", "機関区分": 2, "都道府県コード": 21, "市区町村コード": 221, "所在地": "岐阜県海津市海津町馬目５６番地", "緯度": 35.224237, "経度": 136.638375, "url": "https://www.iryou.teikyouseido.mhlw.go.jp/znk-web/juminkanja/S2430/initialize?prefCd=21&kikanCd=1642000482&kikanKbn=2", "url2": "https://www.facebook.com/tominariseikeigeka/", "内容": "とみなり整形外科【2:診療所】【診療科目:整形外科_リウマチ科_リハビリテーション科】岐阜県海津市海津町馬目５６番地" }, "geometry": { "type": "Point", "coordinates": [ 136.638375, 35.224237 ] } },
{ "type": "Feature", "properties": { "ID": 2121642000483, "正式名称": "小坂井レディスクリニック", "機関区分": 2, "都道府県コード": 21, "市区町村コード": 221, "所在地": "岐阜県海津市海津町馬目３９３ー３", "緯度": 35.225313, "経度": 136.635167, "url": "https://www.iryou.teikyouseido.mhlw.go.jp/znk-web/juminkanja/S2430/initialize?prefCd=21&kikanCd=1642000483&kikanKbn=2", "url2": null, "内容": "小坂井レディスクリニック【2:診療所】【診療科目:内科_小児科_産科_婦人科】岐阜県海津市海津町馬目３９３ー３" }, "geometry": { "type": "Point", "coordinates": [ 136.635167, 35.225313 ] } },
{ "type": "Feature", "properties": { "ID": 2121642000489, "正式名称": "伊藤内科・神経科", "機関区分": 2, "都道府県コード": 21, "市区町村コード": 221, "所在地": "岐阜県海津市南濃町駒野２５２ー１", "緯度": 35.227014, "経度": 136.595755, "url": "https://www.iryou.teikyouseido.mhlw.go.jp/znk-web/juminkanja/S2430/initialize?prefCd=21&kikanCd=1642000489&kikanKbn=2", "url2": "http://itonaika.or.jp/", "内容": "伊藤内科・神経科【2:診療所】【診療科目:内科_神経科】岐阜県海津市南濃町駒野２５２ー１" }, "geometry": { "type": "Point", "coordinates": [ 136.595755, 35.227014 ] } },
{ "type": "Feature", "properties": { "ID": 2121642000492, "正式名称": "医療法人社団恵和会　ひばりクリニック", "機関区分": 2, "都道府県コード": 21, "市区町村コード": 221, "所在地": "岐阜県海津市南濃町駒野４６９－１", "緯度": 35.226071, "経度": 136.602196, "url": "https://www.iryou.teikyouseido.mhlw.go.jp/znk-web/juminkanja/S2430/initialize?prefCd=21&kikanCd=1642000492&kikanKbn=2", "url2": "https://keiwakai911.com", "内容": "医療法人社団恵和会　ひばりクリニック【2:診療所】【診療科目:内科_人工透析内科_小児科】岐阜県海津市南濃町駒野４６９－１" }, "geometry": { "type": "Point", "coordinates": [ 136.602196, 35.226071 ] } },
{ "type": "Feature", "properties": { "ID": 2121642000493, "正式名称": "大井耳鼻咽喉科", "機関区分": 2, "都道府県コード": 21, "市区町村コード": 221, "所在地": "岐阜県海津市南濃町松山１８２ー６", "緯度": 35.162216, "経度": 136.630682, "url": "https://www.iryou.teikyouseido.mhlw.go.jp/znk-web/juminkanja/S2430/initialize?prefCd=21&kikanCd=1642000493&kikanKbn=2", "url2": "http://www.ohi-mimihana.jp/", "内容": "大井耳鼻咽喉科【2:診療所】【診療科目:小児科_耳鼻いんこう科_気管食道・耳鼻いんこう科_アレルギー科】岐阜県海津市南濃町松山１８２ー６" }, "geometry": { "type": "Point", "coordinates": [ 136.630682, 35.162216 ] } },
{ "type": "Feature", "properties": { "ID": 2121642000494, "正式名称": "森木医院", "機関区分": 2, "都道府県コード": 21, "市区町村コード": 221, "所在地": "岐阜県海津市南濃町松山１９３－５", "緯度": 35.161852, "経度": 136.630959, "url": "https://www.iryou.teikyouseido.mhlw.go.jp/znk-web/juminkanja/S2430/initialize?prefCd=21&kikanCd=1642000494&kikanKbn=2", "url2": "http://www.moriki-iin.com", "内容": "森木医院【2:診療所】【診療科目:内科_循環器内科_小児科】岐阜県海津市南濃町松山１９３－５" }, "geometry": { "type": "Point", "coordinates": [ 136.630959, 35.161852 ] } },
{ "type": "Feature", "properties": { "ID": 2121642000495, "正式名称": "野村クリニック", "機関区分": 2, "都道府県コード": 21, "市区町村コード": 221, "所在地": "岐阜県海津市南濃町太田２６７－１", "緯度": 35.18129, "経度": 136.628562, "url": "https://www.iryou.teikyouseido.mhlw.go.jp/znk-web/juminkanja/S2430/initialize?prefCd=21&kikanCd=1642000495&kikanKbn=2", "url2": null, "内容": "野村クリニック【2:診療所】【診療科目:内科_小児科】岐阜県海津市南濃町太田２６７－１" }, "geometry": { "type": "Point", "coordinates": [ 136.628562, 35.18129 ] } },
{ "type": "Feature", "properties": { "ID": 2121642000496, "正式名称": "可知医院", "機関区分": 2, "都道府県コード": 21, "市区町村コード": 221, "所在地": "岐阜県海津市南濃町太田８０１－１", "緯度": 35.179258, "経度": 136.627147, "url": "https://www.iryou.teikyouseido.mhlw.go.jp/znk-web/juminkanja/S2430/initialize?prefCd=21&kikanCd=1642000496&kikanKbn=2", "url2": null, "内容": "可知医院【2:診療所】【診療科目:内科_外科_整形外科_小児科】岐阜県海津市南濃町太田８０１－１" }, "geometry": { "type": "Point", "coordinates": [ 136.627147, 35.179258 ] } },
{ "type": "Feature", "properties": { "ID": 2121642000499, "正式名称": "中尾皮フ科クリニック", "機関区分": 2, "都道府県コード": 21, "市区町村コード": 221, "所在地": "岐阜県海津市南濃町田鶴四間割４０７", "緯度": 35.162393, "経度": 136.635998, "url": "https://www.iryou.teikyouseido.mhlw.go.jp/znk-web/juminkanja/S2430/initialize?prefCd=21&kikanCd=1642000499&kikanKbn=2", "url2": null, "内容": "中尾皮フ科クリニック【2:診療所】【診療科目:形成外科_皮膚科_アレルギー科】岐阜県海津市南濃町田鶴四間割４０７" }, "geometry": { "type": "Point", "coordinates": [ 136.635998, 35.162393 ] } },
{ "type": "Feature", "properties": { "ID": 2121642000500, "正式名称": "医療法人元樹会　辻中医院", "機関区分": 2, "都道府県コード": 21, "市区町村コード": 221, "所在地": "岐阜県海津市平田町今尾２９３３", "緯度": 35.250041, "経度": 136.630096, "url": "https://www.iryou.teikyouseido.mhlw.go.jp/znk-web/juminkanja/S2430/initialize?prefCd=21&kikanCd=1642000500&kikanKbn=2", "url2": "http://www.tsujinaka.jp", "内容": "医療法人元樹会　辻中医院【2:診療所】【診療科目:眼科】岐阜県海津市平田町今尾２９３３" }, "geometry": { "type": "Point", "coordinates": [ 136.630096, 35.250041 ] } },
{ "type": "Feature", "properties": { "ID": 2121642000503, "正式名称": "稲田クリニック", "機関区分": 2, "都道府県コード": 21, "市区町村コード": 221, "所在地": "岐阜県海津市平田町今尾８００ー１", "緯度": 35.253565, "経度": 136.632992, "url": "https://www.iryou.teikyouseido.mhlw.go.jp/znk-web/juminkanja/S2430/initialize?prefCd=21&kikanCd=1642000503&kikanKbn=2", "url2": "http://www.inada-clinic.jp/", "内容": "稲田クリニック【2:診療所】【診療科目:内科_外科_小児科】岐阜県海津市平田町今尾８００ー１" }, "geometry": { "type": "Point", "coordinates": [ 136.632992, 35.253565 ] } },
{ "type": "Feature", "properties": { "ID": 2121642000504, "正式名称": "かわい整形外科", "機関区分": 2, "都道府県コード": 21, "市区町村コード": 221, "所在地": "岐阜県海津市平田町三郷６２６ー１", "緯度": 35.257869, "経度": 136.639406, "url": "https://www.iryou.teikyouseido.mhlw.go.jp/znk-web/juminkanja/S2430/initialize?prefCd=21&kikanCd=1642000504&kikanKbn=2", "url2": "Kawai_seikei", "内容": "かわい整形外科【2:診療所】【診療科目:整形外科_リウマチ科_リハビリテーション科】岐阜県海津市平田町三郷６２６ー１" }, "geometry": { "type": "Point", "coordinates": [ 136.639406, 35.257869 ] } },
{ "type": "Feature", "properties": { "ID": 2121642000506, "正式名称": "寺倉医院", "機関区分": 2, "都道府県コード": 21, "市区町村コード": 221, "所在地": "岐阜県海津市平田町幡長５６５", "緯度": 35.269249, "経度": 136.661903, "url": "https://www.iryou.teikyouseido.mhlw.go.jp/znk-web/juminkanja/S2430/initialize?prefCd=21&kikanCd=1642000506&kikanKbn=2", "url2": null, "内容": "寺倉医院【2:診療所】【診療科目:内科_消化器内科_小児科_放射線科】岐阜県海津市平田町幡長５６５" }, "geometry": { "type": "Point", "coordinates": [ 136.661903, 35.269249 ] } },
{ "type": "Feature", "properties": { "ID": 2121642001587, "正式名称": "シブヤ皮フ科・内科クリニック", "機関区分": 2, "都道府県コード": 21, "市区町村コード": 202, "所在地": "岐阜県大垣市旭町４ー６", "緯度": 35.359674, "経度": 136.628683, "url": "https://www.iryou.teikyouseido.mhlw.go.jp/znk-web/juminkanja/S2430/initialize?prefCd=21&kikanCd=1642001587&kikanKbn=2", "url2": null, "内容": "シブヤ皮フ科・内科クリニック【2:診療所】【診療科目:内科_皮膚科_アレルギー科】岐阜県大垣市旭町４ー６" }, "geometry": { "type": "Point", "coordinates": [ 136.628683, 35.359674 ] } },
{ "type": "Feature", "properties": { "ID": 2121642001588, "正式名称": "医療法人社団佳樹会吉田内科", "機関区分": 2, "都道府県コード": 21, "市区町村コード": 202, "所在地": "岐阜県大垣市綾野５丁目２９", "緯度": 35.339069, "経度": 136.584737, "url": "https://www.iryou.teikyouseido.mhlw.go.jp/znk-web/juminkanja/S2430/initialize?prefCd=21&kikanCd=1642001588&kikanKbn=2", "url2": "https://yosidanaika.com/", "内容": "医療法人社団佳樹会吉田内科【2:診療所】【診療科目:内科_循環器内科_消化器内科_肝臓内科】岐阜県大垣市綾野５丁目２９" }, "geometry": { "type": "Point", "coordinates": [ 136.584737, 35.339069 ] } },
{ "type": "Feature", "properties": { "ID": 2121642001589, "正式名称": "長沢整形外科", "機関区分": 2, "都道府県コード": 21, "市区町村コード": 202, "所在地": "岐阜県大垣市稲葉東３丁目１８の１", "緯度": 35.375459, "経度": 136.554933, "url": "https://www.iryou.teikyouseido.mhlw.go.jp/znk-web/juminkanja/S2430/initialize?prefCd=21&kikanCd=1642001589&kikanKbn=2", "url2": "http://nagasawaseikei.net/", "内容": "長沢整形外科【2:診療所】【診療科目:整形外科_リウマチ科_リハビリテーション科】岐阜県大垣市稲葉東３丁目１８の１" }, "geometry": { "type": "Point", "coordinates": [ 136.554933, 35.375459 ] } },
{ "type": "Feature", "properties": { "ID": 2121642001590, "正式名称": "もりレディースクラブクリニック", "機関区分": 2, "都道府県コード": 21, "市区町村コード": 202, "所在地": "岐阜県大垣市河間町", "緯度": 35.382892, "経度": 136.604798, "url": "https://www.iryou.teikyouseido.mhlw.go.jp/znk-web/juminkanja/S2430/initialize?prefCd=21&kikanCd=1642001590&kikanKbn=2", "url2": "http://www.mori-lcc.jp/", "内容": "もりレディースクラブクリニック【2:診療所】【診療科目:小児科_産婦人科】岐阜県大垣市河間町" }, "geometry": { "type": "Point", "coordinates": [ 136.604798, 35.382892 ] } },
{ "type": "Feature", "properties": { "ID": 2121642001591, "正式名称": "のぎの森クリニック", "機関区分": 2, "都道府県コード": 21, "市区町村コード": 202, "所在地": "岐阜県大垣市禾森町５－５０アーバンコア禾森１階", "緯度": 35.350764, "経度": 136.622291, "url": "https://www.iryou.teikyouseido.mhlw.go.jp/znk-web/juminkanja/S2430/initialize?prefCd=21&kikanCd=1642001591&kikanKbn=2", "url2": null, "内容": "のぎの森クリニック【2:診療所】【診療科目:精神科_心療内科】岐阜県大垣市禾森町５－５０アーバンコア禾森１階" }, "geometry": { "type": "Point", "coordinates": [ 136.622291, 35.350764 ] } },
{ "type": "Feature", "properties": { "ID": 2121642001593, "正式名称": "真鍋医院", "機関区分": 2, "都道府県コード": 21, "市区町村コード": 202, "所在地": "岐阜県大垣市花園町４ー１０ー１", "緯度": 35.358896, "経度": 136.628348, "url": "https://www.iryou.teikyouseido.mhlw.go.jp/znk-web/juminkanja/S2430/initialize?prefCd=21&kikanCd=1642001593&kikanKbn=2", "url2": null, "内容": "真鍋医院【2:診療所】【診療科目:内科_小児科_産婦人科】岐阜県大垣市花園町４ー１０ー１" }, "geometry": { "type": "Point", "coordinates": [ 136.628348, 35.358896 ] } },
{ "type": "Feature", "properties": { "ID": 2121642001596, "正式名称": "白木眼科クリニック", "機関区分": 2, "都道府県コード": 21, "市区町村コード": 202, "所在地": "岐阜県大垣市郭町東２ー４５", "緯度": 35.360829, "経度": 136.61845, "url": "https://www.iryou.teikyouseido.mhlw.go.jp/znk-web/juminkanja/S2430/initialize?prefCd=21&kikanCd=1642001596&kikanKbn=2", "url2": null, "内容": "白木眼科クリニック【2:診療所】【診療科目:眼科】岐阜県大垣市郭町東２ー４５" }, "geometry": { "type": "Point", "coordinates": [ 136.61845, 35.360829 ] } },
{ "type": "Feature", "properties": { "ID": 2121642001598, "正式名称": "医療法人社団古川会　大垣整形外科", "機関区分": 2, "都道府県コード": 21, "市区町村コード": 202, "所在地": "岐阜県大垣市笠縫町奥屋敷４５４番地", "緯度": 35.377203, "経度": 136.606626, "url": "https://www.iryou.teikyouseido.mhlw.go.jp/znk-web/juminkanja/S2430/initialize?prefCd=21&kikanCd=1642001598&kikanKbn=2", "url2": "http://www.ogaki-seikei.or.jp", "内容": "医療法人社団古川会　大垣整形外科【2:診療所】【診療科目:内科_整形外科_形成外科_リウマチ科_リハビリテーション科_放射線科】岐阜県大垣市笠縫町奥屋敷４５４番地" }, "geometry": { "type": "Point", "coordinates": [ 136.606626, 35.377203 ] } },
{ "type": "Feature", "properties": { "ID": 2121642001600, "正式名称": "沼口医院", "機関区分": 2, "都道府県コード": 21, "市区町村コード": 202, "所在地": "岐阜県大垣市笠木町６５０", "緯度": 35.3768, "経度": 136.595466, "url": "https://www.iryou.teikyouseido.mhlw.go.jp/znk-web/juminkanja/S2430/initialize?prefCd=21&kikanCd=1642001600&kikanKbn=2", "url2": "http://www.numaguchi-clinic.com/pc/", "内容": "沼口医院【2:診療所】【診療科目:内科_循環器内科_消化器内科_小児科】岐阜県大垣市笠木町６５０" }, "geometry": { "type": "Point", "coordinates": [ 136.595466, 35.3768 ] } },
{ "type": "Feature", "properties": { "ID": 2121642001601, "正式名称": "しみず消化器クリニック", "機関区分": 2, "都道府県コード": 21, "市区町村コード": 202, "所在地": "岐阜県大垣市割田２丁目１３１番地１", "緯度": 35.341625, "経度": 136.606482, "url": "https://www.iryou.teikyouseido.mhlw.go.jp/znk-web/juminkanja/S2430/initialize?prefCd=21&kikanCd=1642001601&kikanKbn=2", "url2": "http://www.shimizu-syoukakiclinic.jp", "内容": "しみず消化器クリニック【2:診療所】【診療科目:内科_消化器内科_肝臓内科_内視鏡内科_小児科】岐阜県大垣市割田２丁目１３１番地１" }, "geometry": { "type": "Point", "coordinates": [ 136.606482, 35.341625 ] } },
{ "type": "Feature", "properties": { "ID": 2121642001610, "正式名称": "しずさと診療所", "機関区分": 2, "都道府県コード": 21, "市区町村コード": 202, "所在地": "岐阜県大垣市久徳町１５３ー１", "緯度": 35.364358, "経度": 136.591036, "url": "https://www.iryou.teikyouseido.mhlw.go.jp/znk-web/juminkanja/S2430/initialize?prefCd=21&kikanCd=1642001610&kikanKbn=2", "url2": "http://seinou.coop/", "内容": "しずさと診療所【2:診療所】【診療科目:内科_外科_整形外科_リハビリテーション科】岐阜県大垣市久徳町１５３ー１" }, "geometry": { "type": "Point", "coordinates": [ 136.591036, 35.364358 ] } },
{ "type": "Feature", "properties": { "ID": 2121642001611, "正式名称": "竹中胃腸科", "機関区分": 2, "都道府県コード": 21, "市区町村コード": 202, "所在地": "岐阜県大垣市宮町", "緯度": 35.365221, "経度": 136.613598, "url": "https://www.iryou.teikyouseido.mhlw.go.jp/znk-web/juminkanja/S2430/initialize?prefCd=21&kikanCd=1642001611&kikanKbn=2", "url2": "https://takenakaichoka.com", "内容": "竹中胃腸科【2:診療所】【診療科目:内科_呼吸器内科_消化器内科_胃腸内科】岐阜県大垣市宮町" }, "geometry": { "type": "Point", "coordinates": [ 136.613598, 35.365221 ] } },
{ "type": "Feature", "properties": { "ID": 2121642001615, "正式名称": "医療法人昇陽会　城北整形外科クリニック", "機関区分": 2, "都道府県コード": 21, "市区町村コード": 202, "所在地": "岐阜県大垣市桐ケ崎町８０番地", "緯度": 35.364413, "経度": 136.614911, "url": "https://www.iryou.teikyouseido.mhlw.go.jp/znk-web/juminkanja/S2430/initialize?prefCd=21&kikanCd=1642001615&kikanKbn=2", "url2": null, "内容": "医療法人昇陽会　城北整形外科クリニック【2:診療所】【診療科目:整形外科_リウマチ科_リハビリテーション科】岐阜県大垣市桐ケ崎町８０番地" }, "geometry": { "type": "Point", "coordinates": [ 136.614911, 35.364413 ] } },
{ "type": "Feature", "properties": { "ID": 2121642001619, "正式名称": "東島内科医院", "機関区分": 2, "都道府県コード": 21, "市区町村コード": 202, "所在地": "岐阜県大垣市御殿町１ー５６", "緯度": 35.359502, "経度": 136.615111, "url": "https://www.iryou.teikyouseido.mhlw.go.jp/znk-web/juminkanja/S2430/initialize?prefCd=21&kikanCd=1642001619&kikanKbn=2", "url2": null, "内容": "東島内科医院【2:診療所】【診療科目:内科_糖尿病内科_内分泌内科_脂質代謝内科_アレルギー科_リウマチ科】岐阜県大垣市御殿町１ー５６" }, "geometry": { "type": "Point", "coordinates": [ 136.615111, 35.359502 ] } },
{ "type": "Feature", "properties": { "ID": 2121642001620, "正式名称": "近藤眼科医院", "機関区分": 2, "都道府県コード": 21, "市区町村コード": 202, "所在地": "岐阜県大垣市御殿町１ー５７", "緯度": 35.360058, "経度": 136.614899, "url": "https://www.iryou.teikyouseido.mhlw.go.jp/znk-web/juminkanja/S2430/initialize?prefCd=21&kikanCd=1642001620&kikanKbn=2", "url2": "http://www.kondo-ganka.com/", "内容": "近藤眼科医院【2:診療所】【診療科目:眼科】岐阜県大垣市御殿町１ー５７" }, "geometry": { "type": "Point", "coordinates": [ 136.614899, 35.360058 ] } },
{ "type": "Feature", "properties": { "ID": 2121642001622, "正式名称": "赤井耳鼻咽喉科医院", "機関区分": 2, "都道府県コード": 21, "市区町村コード": 202, "所在地": "岐阜県大垣市御殿町２ー５", "緯度": 35.359337, "経度": 136.615698, "url": "https://www.iryou.teikyouseido.mhlw.go.jp/znk-web/juminkanja/S2430/initialize?prefCd=21&kikanCd=1642001622&kikanKbn=2", "url2": null, "内容": "赤井耳鼻咽喉科医院【2:診療所】【診療科目:耳鼻いんこう科】岐阜県大垣市御殿町２ー５" }, "geometry": { "type": "Point", "coordinates": [ 136.615698, 35.359337 ] } },
{ "type": "Feature", "properties": { "ID": 2121642001629, "正式名称": "馬渕消化器内科クリニック", "機関区分": 2, "都道府県コード": 21, "市区町村コード": 202, "所在地": "岐阜県大垣市高屋町１ー５４", "緯度": 35.364735, "経度": 136.616971, "url": "https://www.iryou.teikyouseido.mhlw.go.jp/znk-web/juminkanja/S2430/initialize?prefCd=21&kikanCd=1642001629&kikanKbn=2", "url2": "http://www.myclinic.ne.jp/mabu cf/pc/", "内容": "馬渕消化器内科クリニック【2:診療所】【診療科目:内科_循環器内科_消化器内科_小児科_放射線科】岐阜県大垣市高屋町１ー５４" }, "geometry": { "type": "Point", "coordinates": [ 136.616971, 35.364735 ] } },
{ "type": "Feature", "properties": { "ID": 2121642001633, "正式名称": "クリニックママ", "機関区分": 2, "都道府県コード": 21, "市区町村コード": 202, "所在地": "岐阜県大垣市今宿３－３４－１", "緯度": 35.366369, "経度": 136.636229, "url": "https://www.iryou.teikyouseido.mhlw.go.jp/znk-web/juminkanja/S2430/initialize?prefCd=21&kikanCd=1642001633&kikanKbn=2", "url2": "https://climama.jp", "内容": "クリニックママ【2:診療所】【診療科目:内科_小児科_産婦人科_産婦人科（生殖医療）】岐阜県大垣市今宿３－３４－１" }, "geometry": { "type": "Point", "coordinates": [ 136.636229, 35.366369 ] } },
{ "type": "Feature", "properties": { "ID": 2121642001640, "正式名称": "竹中医院", "機関区分": 2, "都道府県コード": 21, "市区町村コード": 202, "所在地": "岐阜県大垣市室村町", "緯度": 35.374561, "経度": 136.612044, "url": "https://www.iryou.teikyouseido.mhlw.go.jp/znk-web/juminkanja/S2430/initialize?prefCd=21&kikanCd=1642001640&kikanKbn=2", "url2": "http://www.ginet.or.jp/takenaka-cl/", "内容": "竹中医院【2:診療所】【診療科目:内科_循環器内科_小児科】岐阜県大垣市室村町" }, "geometry": { "type": "Point", "coordinates": [ 136.612044, 35.374561 ] } },
{ "type": "Feature", "properties": { "ID": 2121642001642, "正式名称": "杉谷眼科", "機関区分": 2, "都道府県コード": 21, "市区町村コード": 202, "所在地": "岐阜県大垣市室町２ー２０", "緯度": 35.36446, "経度": 136.611463, "url": "https://www.iryou.teikyouseido.mhlw.go.jp/znk-web/juminkanja/S2430/initialize?prefCd=21&kikanCd=1642001642&kikanKbn=2", "url2": "https://www.ginet.or.jp/sugitani-ganka/", "内容": "杉谷眼科【2:診療所】【診療科目:眼科】岐阜県大垣市室町２ー２０" }, "geometry": { "type": "Point", "coordinates": [ 136.611463, 35.36446 ] } },
{ "type": "Feature", "properties": { "ID": 2121642001643, "正式名称": "倉橋クリニック", "機関区分": 2, "都道府県コード": 21, "市区町村コード": 202, "所在地": "岐阜県大垣市宿地町９４３番地１", "緯度": 35.373985, "経度": 136.608209, "url": "https://www.iryou.teikyouseido.mhlw.go.jp/znk-web/juminkanja/S2430/initialize?prefCd=21&kikanCd=1642001643&kikanKbn=2", "url2": "http://kurahashi-cl.com", "内容": "倉橋クリニック【2:診療所】【診療科目:内科_ペインクリニック内科_外科_整形外科_泌尿器科_麻酔科】岐阜県大垣市宿地町９４３番地１" }, "geometry": { "type": "Point", "coordinates": [ 136.608209, 35.373985 ] } },
{ "type": "Feature", "properties": { "ID": 2121642001644, "正式名称": "梅村皮膚科内科", "機関区分": 2, "都道府県コード": 21, "市区町村コード": 202, "所在地": "岐阜県大垣市上屋２丁目１４", "緯度": 35.314597, "経度": 136.601, "url": "https://www.iryou.teikyouseido.mhlw.go.jp/znk-web/juminkanja/S2430/initialize?prefCd=21&kikanCd=1642001644&kikanKbn=2", "url2": "http://umemura-hp.sakura.ne.jp", "内容": "梅村皮膚科内科【2:診療所】【診療科目:内科_小児科_皮膚科】岐阜県大垣市上屋２丁目１４" }, "geometry": { "type": "Point", "coordinates": [ 136.601, 35.314597 ] } },
{ "type": "Feature", "properties": { "ID": 2121642001645, "正式名称": "三城クリニック", "機関区分": 2, "都道府県コード": 21, "市区町村コード": 202, "所在地": "岐阜県大垣市上面２－６１", "緯度": 35.362016, "経度": 136.644236, "url": "https://www.iryou.teikyouseido.mhlw.go.jp/znk-web/juminkanja/S2430/initialize?prefCd=21&kikanCd=1642001645&kikanKbn=2", "url2": "https://clinic-miki.com", "内容": "三城クリニック【2:診療所】【診療科目:内科_糖尿病内科_消化器内科_腎臓内科_外科_整形外科_小児科_皮膚科_リハビリテーション科】岐阜県大垣市上面２－６１" }, "geometry": { "type": "Point", "coordinates": [ 136.644236, 35.362016 ] } },
{ "type": "Feature", "properties": { "ID": 2121642001647, "正式名称": "田辺内科医院", "機関区分": 2, "都道府県コード": 21, "市区町村コード": 202, "所在地": "岐阜県大垣市上面２－９２－２", "緯度": 35.360527, "経度": 136.643428, "url": "https://www.iryou.teikyouseido.mhlw.go.jp/znk-web/juminkanja/S2430/initialize?prefCd=21&kikanCd=1642001647&kikanKbn=2", "url2": null, "内容": "田辺内科医院【2:診療所】【診療科目:内科_消化器内科_小児科_皮膚科】岐阜県大垣市上面２－９２－２" }, "geometry": { "type": "Point", "coordinates": [ 136.643428, 35.360527 ] } },
{ "type": "Feature", "properties": { "ID": 2121642001652, "正式名称": "奥田整形外科", "機関区分": 2, "都道府県コード": 21, "市区町村コード": 202, "所在地": "岐阜県大垣市新田町１丁目１１－１", "緯度": 35.343807, "経度": 136.627105, "url": "https://www.iryou.teikyouseido.mhlw.go.jp/znk-web/juminkanja/S2430/initialize?prefCd=21&kikanCd=1642001652&kikanKbn=2", "url2": "http://www.okuda-seikei.jp/", "内容": "奥田整形外科【2:診療所】【診療科目:整形外科_リウマチ科_リハビリテーション科】岐阜県大垣市新田町１丁目１１－１" }, "geometry": { "type": "Point", "coordinates": [ 136.627105, 35.343807 ] } },
{ "type": "Feature", "properties": { "ID": 2121642001653, "正式名称": "松岡内科クリニック", "機関区分": 2, "都道府県コード": 21, "市区町村コード": 202, "所在地": "岐阜県大垣市新田町２丁目１４番地", "緯度": 35.34349, "経度": 136.622457, "url": "https://www.iryou.teikyouseido.mhlw.go.jp/znk-web/juminkanja/S2430/initialize?prefCd=21&kikanCd=1642001653&kikanKbn=2", "url2": "http://www.taiseikai.jp/", "内容": "松岡内科クリニック【2:診療所】【診療科目:内科_循環器内科_消化器内科_人工透析内科_外科_リハビリテーション科_放射線科】岐阜県大垣市新田町２丁目１４番地" }, "geometry": { "type": "Point", "coordinates": [ 136.622457, 35.34349 ] } },
{ "type": "Feature", "properties": { "ID": 2121642001660, "正式名称": "大垣セントラルクリニック", "機関区分": 2, "都道府県コード": 21, "市区町村コード": 202, "所在地": "岐阜県大垣市赤坂新田", "緯度": 35.382651, "経度": 136.585838, "url": "https://www.iryou.teikyouseido.mhlw.go.jp/znk-web/juminkanja/S2430/initialize?prefCd=21&kikanCd=1642001660&kikanKbn=2", "url2": "http://www.og-centralcl.com/", "内容": "大垣セントラルクリニック【2:診療所】【診療科目:内科_循環器内科_消化器内科_小児科】岐阜県大垣市赤坂新田" }, "geometry": { "type": "Point", "coordinates": [ 136.585838, 35.382651 ] } },
{ "type": "Feature", "properties": { "ID": 2121642001663, "正式名称": "大屋クリニック", "機関区分": 2, "都道府県コード": 21, "市区町村コード": 202, "所在地": "岐阜県大垣市浅中３－９－１", "緯度": 35.313263, "経度": 136.612009, "url": "https://www.iryou.teikyouseido.mhlw.go.jp/znk-web/juminkanja/S2430/initialize?prefCd=21&kikanCd=1642001663&kikanKbn=2", "url2": null, "内容": "大屋クリニック【2:診療所】【診療科目:内科_呼吸器内科_循環器内科_消化器内科_小児科_皮膚科】岐阜県大垣市浅中３－９－１" }, "geometry": { "type": "Point", "coordinates": [ 136.612009, 35.313263 ] } },
{ "type": "Feature", "properties": { "ID": 2121642001668, "正式名称": "松永耳鼻咽喉科医院", "機関区分": 2, "都道府県コード": 21, "市区町村コード": 202, "所在地": "岐阜県大垣市大村１丁目１４３番地の１", "緯度": 35.352364, "経度": 136.653209, "url": "https://www.iryou.teikyouseido.mhlw.go.jp/znk-web/juminkanja/S2430/initialize?prefCd=21&kikanCd=1642001668&kikanKbn=2", "url2": "http://www.matsunaga-jibika.net/", "内容": "松永耳鼻咽喉科医院【2:診療所】【診療科目:耳鼻いんこう科_アレルギー科】岐阜県大垣市大村１丁目１４３番地の１" }, "geometry": { "type": "Point", "coordinates": [ 136.653209, 35.352364 ] } },
{ "type": "Feature", "properties": { "ID": 2121642001672, "正式名称": "西尾医院", "機関区分": 2, "都道府県コード": 21, "市区町村コード": 202, "所在地": "岐阜県大垣市竹島町４３", "緯度": 35.358239, "経度": 136.616938, "url": "https://www.iryou.teikyouseido.mhlw.go.jp/znk-web/juminkanja/S2430/initialize?prefCd=21&kikanCd=1642001672&kikanKbn=2", "url2": null, "内容": "西尾医院【2:診療所】【診療科目:内科_消化器内科】岐阜県大垣市竹島町４３" }, "geometry": { "type": "Point", "coordinates": [ 136.616938, 35.358239 ] } },
{ "type": "Feature", "properties": { "ID": 2121642001677, "正式名称": "大垣バイパス医院", "機関区分": 2, "都道府県コード": 21, "市区町村コード": 202, "所在地": "岐阜県大垣市中野町５ー４１９ー１", "緯度": 35.37883, "経度": 136.610227, "url": "https://www.iryou.teikyouseido.mhlw.go.jp/znk-web/juminkanja/S2430/initialize?prefCd=21&kikanCd=1642001677&kikanKbn=2", "url2": "http://bypass-clinic.jp", "内容": "大垣バイパス医院【2:診療所】【診療科目:内科_糖尿病内科_腎臓内科_外科_肛門外科_整形外科_小児科_皮膚科_美容皮膚科_泌尿器科】岐阜県大垣市中野町５ー４１９ー１" }, "geometry": { "type": "Point", "coordinates": [ 136.610227, 35.37883 ] } },
{ "type": "Feature", "properties": { "ID": 2121642001678, "正式名称": "小嶋内科クリニック", "機関区分": 2, "都道府県コード": 21, "市区町村コード": 202, "所在地": "岐阜県大垣市長松町１２６１ー１", "緯度": 35.361745, "経度": 136.569064, "url": "https://www.iryou.teikyouseido.mhlw.go.jp/znk-web/juminkanja/S2430/initialize?prefCd=21&kikanCd=1642001678&kikanKbn=2", "url2": "https://www.kojimanaika-oogaki.com/", "内容": "小嶋内科クリニック【2:診療所】【診療科目:内科_糖尿病内科_内分泌内科_糖尿病・代謝内科_代謝・内分泌内科_循環器内科_腎臓内科_小児科】岐阜県大垣市長松町１２６１ー１" }, "geometry": { "type": "Point", "coordinates": [ 136.569064, 35.361745 ] } },
{ "type": "Feature", "properties": { "ID": 2121642001680, "正式名称": "サクマ医院", "機関区分": 2, "都道府県コード": 21, "市区町村コード": 202, "所在地": "岐阜県大垣市鶴見町", "緯度": 35.36078, "経度": 136.639722, "url": "https://www.iryou.teikyouseido.mhlw.go.jp/znk-web/juminkanja/S2430/initialize?prefCd=21&kikanCd=1642001680&kikanKbn=2", "url2": null, "内容": "サクマ医院【2:診療所】【診療科目:内科_胃腸内科_小児科_皮膚科】岐阜県大垣市鶴見町" }, "geometry": { "type": "Point", "coordinates": [ 136.639722, 35.36078 ] } },
{ "type": "Feature", "properties": { "ID": 2121642001682, "正式名称": "大橋医院", "機関区分": 2, "都道府県コード": 21, "市区町村コード": 202, "所在地": "岐阜県大垣市伝馬町１０４の１", "緯度": 35.36309, "経度": 136.621057, "url": "https://www.iryou.teikyouseido.mhlw.go.jp/znk-web/juminkanja/S2430/initialize?prefCd=21&kikanCd=1642001682&kikanKbn=2", "url2": "http://www.ohashiclinic.com/", "内容": "大橋医院【2:診療所】【診療科目:内科_循環器内科_消化器内科_小児科_リハビリテーション科】岐阜県大垣市伝馬町１０４の１" }, "geometry": { "type": "Point", "coordinates": [ 136.621057, 35.36309 ] } },
{ "type": "Feature", "properties": { "ID": 2121642001686, "正式名称": "宗宮整形外科", "機関区分": 2, "都道府県コード": 21, "市区町村コード": 202, "所在地": "岐阜県大垣市東外側町２丁目１７", "緯度": 35.364262, "経度": 136.616214, "url": "https://www.iryou.teikyouseido.mhlw.go.jp/znk-web/juminkanja/S2430/initialize?prefCd=21&kikanCd=1642001686&kikanKbn=2", "url2": null, "内容": "宗宮整形外科【2:診療所】【診療科目:整形外科_リウマチ科_リハビリテーション科_放射線科】岐阜県大垣市東外側町２丁目１７" }, "geometry": { "type": "Point", "coordinates": [ 136.616214, 35.364262 ] } },
{ "type": "Feature", "properties": { "ID": 2121642001687, "正式名称": "大垣市急患医療センター", "機関区分": 2, "都道府県コード": 21, "市区町村コード": 202, "所在地": "岐阜県大垣市東外側町２−２４", "緯度": 35.36419, "経度": 136.614457, "url": "https://www.iryou.teikyouseido.mhlw.go.jp/znk-web/juminkanja/S2430/initialize?prefCd=21&kikanCd=1642001687&kikanKbn=2", "url2": "https://www.city.ogaki.lg.jp/0000000817.html", "内容": "大垣市急患医療センター【2:診療所】【診療科目:内科_小児科】岐阜県大垣市東外側町２−２４" }, "geometry": { "type": "Point", "coordinates": [ 136.614457, 35.36419 ] } },
{ "type": "Feature", "properties": { "ID": 2121642001689, "正式名称": "はやかわクリニック", "機関区分": 2, "都道府県コード": 21, "市区町村コード": 202, "所在地": "岐阜県大垣市東町２丁７目番地１", "緯度": 35.368701, "経度": 136.649665, "url": "https://www.iryou.teikyouseido.mhlw.go.jp/znk-web/juminkanja/S2430/initialize?prefCd=21&kikanCd=1642001689&kikanKbn=2", "url2": null, "内容": "はやかわクリニック【2:診療所】【診療科目:内科_循環器内科_小児科_麻酔科】岐阜県大垣市東町２丁７目番地１" }, "geometry": { "type": "Point", "coordinates": [ 136.649665, 35.368701 ] } },
{ "type": "Feature", "properties": { "ID": 2121642001698, "正式名称": "医療法人社団　三志会　林メディカルクリニック", "機関区分": 2, "都道府県コード": 21, "市区町村コード": 202, "所在地": "岐阜県大垣市内原１ー１６７", "緯度": 35.31944, "経度": 136.617966, "url": "https://www.iryou.teikyouseido.mhlw.go.jp/znk-web/juminkanja/S2430/initialize?prefCd=21&kikanCd=1642001698&kikanKbn=2", "url2": null, "内容": "医療法人社団　三志会　林メディカルクリニック【2:診療所】【診療科目:内科_糖尿病内科_循環器内科_消化器内科_外科_整形外科_リハビリテーション科_放射線科】岐阜県大垣市内原１ー１６７" }, "geometry": { "type": "Point", "coordinates": [ 136.617966, 35.31944 ] } },
{ "type": "Feature", "properties": { "ID": 2121642001699, "正式名称": "医療法人社団楽只会　青木眼科医院", "機関区分": 2, "都道府県コード": 21, "市区町村コード": 202, "所在地": "岐阜県大垣市南高橋町２ー１１ー２", "緯度": 35.359201, "経度": 136.623237, "url": "https://www.iryou.teikyouseido.mhlw.go.jp/znk-web/juminkanja/S2430/initialize?prefCd=21&kikanCd=1642001699&kikanKbn=2", "url2": null, "内容": "医療法人社団楽只会　青木眼科医院【2:診療所】【診療科目:眼科】岐阜県大垣市南高橋町２ー１１ー２" }, "geometry": { "type": "Point", "coordinates": [ 136.623237, 35.359201 ] } },
{ "type": "Feature", "properties": { "ID": 2121642001701, "正式名称": "市川外科", "機関区分": 2, "都道府県コード": 21, "市区町村コード": 202, "所在地": "岐阜県大垣市南若森町３２８", "緯度": 35.351594, "経度": 136.605364, "url": "https://www.iryou.teikyouseido.mhlw.go.jp/znk-web/juminkanja/S2430/initialize?prefCd=21&kikanCd=1642001701&kikanKbn=2", "url2": "www.ichikawa-geka.com", "内容": "市川外科【2:診療所】【診療科目:内科_外科_乳腺外科_婦人科_美容皮膚科_リハビリテーション科】岐阜県大垣市南若森町３２８" }, "geometry": { "type": "Point", "coordinates": [ 136.605364, 35.351594 ] } },
{ "type": "Feature", "properties": { "ID": 2121642001706, "正式名称": "くさかべ整形外科", "機関区分": 2, "都道府県コード": 21, "市区町村コード": 202, "所在地": "岐阜県大垣市波須３－３０－１", "緯度": 35.365519, "経度": 136.645883, "url": "https://www.iryou.teikyouseido.mhlw.go.jp/znk-web/juminkanja/S2430/initialize?prefCd=21&kikanCd=1642001706&kikanKbn=2", "url2": "https://www.kusakabe-seikeigeka.com", "内容": "くさかべ整形外科【2:診療所】【診療科目:外科_整形外科_リウマチ科_リハビリテーション科】岐阜県大垣市波須３－３０－１" }, "geometry": { "type": "Point", "coordinates": [ 136.645883, 35.365519 ] } },
{ "type": "Feature", "properties": { "ID": 2121642001707, "正式名称": "清水皮膚科", "機関区分": 2, "都道府県コード": 21, "市区町村コード": 202, "所在地": "岐阜県大垣市馬場町１－１", "緯度": 35.358192, "経度": 136.610094, "url": "https://www.iryou.teikyouseido.mhlw.go.jp/znk-web/juminkanja/S2430/initialize?prefCd=21&kikanCd=1642001707&kikanKbn=2", "url2": null, "内容": "清水皮膚科【2:診療所】【診療科目:性感染症内科_皮膚科_アレルギー科】岐阜県大垣市馬場町１－１" }, "geometry": { "type": "Point", "coordinates": [ 136.610094, 35.358192 ] } },
{ "type": "Feature", "properties": { "ID": 2121642001709, "正式名称": "池田内科", "機関区分": 2, "都道府県コード": 21, "市区町村コード": 202, "所在地": "岐阜県大垣市番組町２ー１６", "緯度": 35.361206, "経度": 136.610406, "url": "https://www.iryou.teikyouseido.mhlw.go.jp/znk-web/juminkanja/S2430/initialize?prefCd=21&kikanCd=1642001709&kikanKbn=2", "url2": "https://medical.nisimimo.com/search/app/byoudata.php?byoinid=89", "内容": "池田内科【2:診療所】【診療科目:内科_精神科_心療内科】岐阜県大垣市番組町２ー１６" }, "geometry": { "type": "Point", "coordinates": [ 136.610406, 35.361206 ] } },
{ "type": "Feature", "properties": { "ID": 2121642001711, "正式名称": "ひのきこどもクリニック", "機関区分": 2, "都道府県コード": 21, "市区町村コード": 202, "所在地": "岐阜県大垣市桧町", "緯度": 35.367966, "経度": 136.587634, "url": "https://www.iryou.teikyouseido.mhlw.go.jp/znk-web/juminkanja/S2430/initialize?prefCd=21&kikanCd=1642001711&kikanKbn=2", "url2": "https://hinoki-kodomocl.doctorsfile.jp", "内容": "ひのきこどもクリニック【2:診療所】【診療科目:小児科】岐阜県大垣市桧町" }, "geometry": { "type": "Point", "coordinates": [ 136.587634, 35.367966 ] } },
{ "type": "Feature", "properties": { "ID": 2121642001712, "正式名称": "山岸マタニティクリニック", "機関区分": 2, "都道府県コード": 21, "市区町村コード": 202, "所在地": "岐阜県大垣市俵町１３３", "緯度": 35.357882, "経度": 136.613179, "url": "https://www.iryou.teikyouseido.mhlw.go.jp/znk-web/juminkanja/S2430/initialize?prefCd=21&kikanCd=1642001712&kikanKbn=2", "url2": null, "内容": "山岸マタニティクリニック【2:診療所】【診療科目:内科_小児科_産科_婦人科】岐阜県大垣市俵町１３３" }, "geometry": { "type": "Point", "coordinates": [ 136.613179, 35.357882 ] } },
{ "type": "Feature", "properties": { "ID": 2121642001713, "正式名称": "医療法人海風　　北條クリニック", "機関区分": 2, "都道府県コード": 21, "市区町村コード": 202, "所在地": "岐阜県大垣市福田町５７ー１", "緯度": 35.37988, "経度": 136.587461, "url": "https://www.iryou.teikyouseido.mhlw.go.jp/znk-web/juminkanja/S2430/initialize?prefCd=21&kikanCd=1642001713&kikanKbn=2", "url2": "https://www.hojoclinic.com", "内容": "医療法人海風　　北條クリニック【2:診療所】【診療科目:眼科_耳鼻いんこう科_アレルギー科】岐阜県大垣市福田町５７ー１" }, "geometry": { "type": "Point", "coordinates": [ 136.587461, 35.37988 ] } },
{ "type": "Feature", "properties": { "ID": 2121642001716, "正式名称": "さとう内科クリニック", "機関区分": 2, "都道府県コード": 21, "市区町村コード": 202, "所在地": "岐阜県大垣市北方町４丁目１０３", "緯度": 35.393903, "経度": 136.617717, "url": "https://www.iryou.teikyouseido.mhlw.go.jp/znk-web/juminkanja/S2430/initialize?prefCd=21&kikanCd=1642001716&kikanKbn=2", "url2": "http://www.satou-naika.jp/", "内容": "さとう内科クリニック【2:診療所】【診療科目:内科_糖尿病内科_循環器内科_小児科】岐阜県大垣市北方町４丁目１０３" }, "geometry": { "type": "Point", "coordinates": [ 136.617717, 35.393903 ] } },
{ "type": "Feature", "properties": { "ID": 2121642001719, "正式名称": "森外科医院", "機関区分": 2, "都道府県コード": 21, "市区町村コード": 202, "所在地": "岐阜県大垣市牧野町３ー５０", "緯度": 35.384713, "経度": 136.577245, "url": "https://www.iryou.teikyouseido.mhlw.go.jp/znk-web/juminkanja/S2430/initialize?prefCd=21&kikanCd=1642001719&kikanKbn=2", "url2": "www.morigeka.com", "内容": "森外科医院【2:診療所】【診療科目:内科_消化器内科_外科_肛門外科_整形外科_皮膚科_泌尿器科_麻酔科】岐阜県大垣市牧野町３ー５０" }, "geometry": { "type": "Point", "coordinates": [ 136.577245, 35.384713 ] } },
{ "type": "Feature", "properties": { "ID": 2121642001721, "正式名称": "山中クリニック", "機関区分": 2, "都道府県コード": 21, "市区町村コード": 202, "所在地": "岐阜県大垣市本今町", "緯度": 35.35069, "経度": 136.609849, "url": "https://www.iryou.teikyouseido.mhlw.go.jp/znk-web/juminkanja/S2430/initialize?prefCd=21&kikanCd=1642001721&kikanKbn=2", "url2": null, "内容": "山中クリニック【2:診療所】【診療科目:内科_整形外科_皮膚科_アレルギー科_リハビリテーション科】岐阜県大垣市本今町" }, "geometry": { "type": "Point", "coordinates": [ 136.609849, 35.35069 ] } },
{ "type": "Feature", "properties": { "ID": 2121642001722, "正式名称": "稲川耳鼻咽喉科", "機関区分": 2, "都道府県コード": 21, "市区町村コード": 202, "所在地": "岐阜県大垣市本町１ー４６", "緯度": 35.361174, "経度": 136.619242, "url": "https://www.iryou.teikyouseido.mhlw.go.jp/znk-web/juminkanja/S2430/initialize?prefCd=21&kikanCd=1642001722&kikanKbn=2", "url2": "https://inagawa-jibika.com/", "内容": "稲川耳鼻咽喉科【2:診療所】【診療科目:耳鼻いんこう科_アレルギー科_リハビリテーション科】岐阜県大垣市本町１ー４６" }, "geometry": { "type": "Point", "coordinates": [ 136.619242, 35.361174 ] } },
{ "type": "Feature", "properties": { "ID": 2121642001724, "正式名称": "山川医院", "機関区分": 2, "都道府県コード": 21, "市区町村コード": 202, "所在地": "岐阜県大垣市本町１ー８２", "緯度": 35.362657, "経度": 136.619533, "url": "https://www.iryou.teikyouseido.mhlw.go.jp/znk-web/juminkanja/S2430/initialize?prefCd=21&kikanCd=1642001724&kikanKbn=2", "url2": null, "内容": "山川医院【2:診療所】【診療科目:内科_小児科】岐阜県大垣市本町１ー８２" }, "geometry": { "type": "Point", "coordinates": [ 136.619533, 35.362657 ] } },
{ "type": "Feature", "properties": { "ID": 2121642001725, "正式名称": "万石小児科", "機関区分": 2, "都道府県コード": 21, "市区町村コード": 202, "所在地": "岐阜県大垣市万石１ー２６０", "緯度": 35.36276, "経度": 136.654071, "url": "https://www.iryou.teikyouseido.mhlw.go.jp/znk-web/juminkanja/S2430/initialize?prefCd=21&kikanCd=1642001725&kikanKbn=2", "url2": null, "内容": "万石小児科【2:診療所】【診療科目:小児科】岐阜県大垣市万石１ー２６０" }, "geometry": { "type": "Point", "coordinates": [ 136.654071, 35.36276 ] } },
{ "type": "Feature", "properties": { "ID": 2121642001729, "正式名称": "井口クリニック", "機関区分": 2, "都道府県コード": 21, "市区町村コード": 202, "所在地": "岐阜県大垣市領家町２－９３", "緯度": 35.385414, "経度": 136.618327, "url": "https://www.iryou.teikyouseido.mhlw.go.jp/znk-web/juminkanja/S2430/initialize?prefCd=21&kikanCd=1642001729&kikanKbn=2", "url2": "http://www.iguchi-cl.jp", "内容": "井口クリニック【2:診療所】【診療科目:内科_消化器内科_脳神経外科_産婦人科】岐阜県大垣市領家町２－９３" }, "geometry": { "type": "Point", "coordinates": [ 136.618327, 35.385414 ] } },
{ "type": "Feature", "properties": { "ID": 2121642001731, "正式名称": "松岡医院", "機関区分": 2, "都道府県コード": 21, "市区町村コード": 202, "所在地": "岐阜県大垣市林町１０ー１３０７ー３", "緯度": 35.375833, "経度": 136.618172, "url": "https://www.iryou.teikyouseido.mhlw.go.jp/znk-web/juminkanja/S2430/initialize?prefCd=21&kikanCd=1642001731&kikanKbn=2", "url2": null, "内容": "松岡医院【2:診療所】【診療科目:内科_外科_脳神経外科_整形外科_皮膚泌尿器科】岐阜県大垣市林町１０ー１３０７ー３" }, "geometry": { "type": "Point", "coordinates": [ 136.618172, 35.375833 ] } },
{ "type": "Feature", "properties": { "ID": 2121642001733, "正式名称": "富田こどもクリニック", "機関区分": 2, "都道府県コード": 21, "市区町村コード": 202, "所在地": "岐阜県大垣市林町１０ー７１ー１", "緯度": 35.377045, "経度": 136.618781, "url": "https://www.iryou.teikyouseido.mhlw.go.jp/znk-web/juminkanja/S2430/initialize?prefCd=21&kikanCd=1642001733&kikanKbn=2", "url2": "https://ssc.doctorqube.com/tomitakodomo-cl/", "内容": "富田こどもクリニック【2:診療所】【診療科目:小児科】岐阜県大垣市林町１０ー７１ー１" }, "geometry": { "type": "Point", "coordinates": [ 136.618781, 35.377045 ] } },
{ "type": "Feature", "properties": { "ID": 2121642001741, "正式名称": "森耳鼻咽喉科医院", "機関区分": 2, "都道府県コード": 21, "市区町村コード": 202, "所在地": "岐阜県大垣市林町７丁目６７２番地", "緯度": 35.373824, "経度": 136.622675, "url": "https://www.iryou.teikyouseido.mhlw.go.jp/znk-web/juminkanja/S2430/initialize?prefCd=21&kikanCd=1642001741&kikanKbn=2", "url2": "http://www.mori3387.jp", "内容": "森耳鼻咽喉科医院【2:診療所】【診療科目:耳鼻いんこう科_気管食道・耳鼻いんこう科_アレルギー科】岐阜県大垣市林町７丁目６７２番地" }, "geometry": { "type": "Point", "coordinates": [ 136.622675, 35.373824 ] } },
{ "type": "Feature", "properties": { "ID": 2121642001943, "正式名称": "医療法人社団　浅野医院", "機関区分": 2, "都道府県コード": 21, "市区町村コード": 362, "所在地": "岐阜県不破郡関ケ原町関ケ原１１０２－１", "緯度": 35.369872, "経度": 136.46649, "url": "https://www.iryou.teikyouseido.mhlw.go.jp/znk-web/juminkanja/S2430/initialize?prefCd=21&kikanCd=1642001943&kikanKbn=2", "url2": "https://www.asanoiin.jp/", "内容": "医療法人社団　浅野医院【2:診療所】【診療科目:内科_小児科_放射線科】岐阜県不破郡関ケ原町関ケ原１１０２－１" }, "geometry": { "type": "Point", "coordinates": [ 136.46649, 35.369872 ] } },
{ "type": "Feature", "properties": { "ID": 2121642001945, "正式名称": "医療法人社団　翠風会　関ケ原クリニック", "機関区分": 2, "都道府県コード": 21, "市区町村コード": 362, "所在地": "岐阜県不破郡関ケ原町大字関ケ原３１０７ー１", "緯度": 35.359321, "経度": 136.472108, "url": "https://www.iryou.teikyouseido.mhlw.go.jp/znk-web/juminkanja/S2430/initialize?prefCd=21&kikanCd=1642001945&kikanKbn=2", "url2": "http://www.sekigahara-cl.com/", "内容": "医療法人社団　翠風会　関ケ原クリニック【2:診療所】【診療科目:内科_消化器内科_外科_脳神経外科_肛門外科_整形外科_小児科_小児外科_皮膚科_泌尿器科_アレルギー科_リハビリテーション科_放射線科_臨床検査科】岐阜県不破郡関ケ原町大字関ケ原３１０７ー１" }, "geometry": { "type": "Point", "coordinates": [ 136.472108, 35.359321 ] } },
{ "type": "Feature", "properties": { "ID": 2121642001948, "正式名称": "古井医院", "機関区分": 2, "都道府県コード": 21, "市区町村コード": 361, "所在地": "岐阜県不破郡垂井町１１０２ー１", "緯度": 35.372982, "経度": 136.525837, "url": "https://www.iryou.teikyouseido.mhlw.go.jp/znk-web/juminkanja/S2430/initialize?prefCd=21&kikanCd=1642001948&kikanKbn=2", "url2": null, "内容": "古井医院【2:診療所】【診療科目:内科_呼吸器内科_循環器内科_消化器内科_小児科_アレルギー科】岐阜県不破郡垂井町１１０２ー１" }, "geometry": { "type": "Point", "coordinates": [ 136.525837, 35.372982 ] } },
{ "type": "Feature", "properties": { "ID": 2121642001953, "正式名称": "和田内科胃腸科", "機関区分": 2, "都道府県コード": 21, "市区町村コード": 361, "所在地": "岐阜県不破郡垂井町綾戸９０３−７", "緯度": 35.373943, "経度": 136.548348, "url": "https://www.iryou.teikyouseido.mhlw.go.jp/znk-web/juminkanja/S2430/initialize?prefCd=21&kikanCd=1642001953&kikanKbn=2", "url2": "https://wadanaikaityouka.com", "内容": "和田内科胃腸科【2:診療所】【診療科目:内科_呼吸器内科_循環器内科_消化器内科_小児科_皮膚科_放射線科】岐阜県不破郡垂井町綾戸９０３−７" }, "geometry": { "type": "Point", "coordinates": [ 136.548348, 35.373943 ] } },
{ "type": "Feature", "properties": { "ID": 2121642001956, "正式名称": "不破医院", "機関区分": 2, "都道府県コード": 21, "市区町村コード": 361, "所在地": "岐阜県不破郡垂井町宮代１６７４ー１", "緯度": 35.359973, "経度": 136.527548, "url": "https://www.iryou.teikyouseido.mhlw.go.jp/znk-web/juminkanja/S2430/initialize?prefCd=21&kikanCd=1642001956&kikanKbn=2", "url2": null, "内容": "不破医院【2:診療所】【診療科目:内科_糖尿病内科_小児科_リウマチ科】岐阜県不破郡垂井町宮代１６７４ー１" }, "geometry": { "type": "Point", "coordinates": [ 136.527548, 35.359973 ] } },
{ "type": "Feature", "properties": { "ID": 2121642001959, "正式名称": "医療法人安田医院", "機関区分": 2, "都道府県コード": 21, "市区町村コード": 361, "所在地": "岐阜県不破郡垂井町大石７８２ー１", "緯度": 35.390857, "経度": 136.511068, "url": "https://www.iryou.teikyouseido.mhlw.go.jp/znk-web/juminkanja/S2430/initialize?prefCd=21&kikanCd=1642001959&kikanKbn=2", "url2": null, "内容": "医療法人安田医院【2:診療所】【診療科目:内科_小児科_リハビリテーション科】岐阜県不破郡垂井町大石７８２ー１" }, "geometry": { "type": "Point", "coordinates": [ 136.511068, 35.390857 ] } },
{ "type": "Feature", "properties": { "ID": 2121642001960, "正式名称": "はくあい内科クリニック", "機関区分": 2, "都道府県コード": 21, "市区町村コード": 361, "所在地": "岐阜県不破郡垂井町東神田２丁目２３番１", "緯度": 35.368269, "経度": 136.531494, "url": "https://www.iryou.teikyouseido.mhlw.go.jp/znk-web/juminkanja/S2430/initialize?prefCd=21&kikanCd=1642001960&kikanKbn=2", "url2": "http://www.hakuaikai.jp", "内容": "はくあい内科クリニック【2:診療所】【診療科目:内科】岐阜県不破郡垂井町東神田２丁目２３番１" }, "geometry": { "type": "Point", "coordinates": [ 136.531494, 35.368269 ] } },
{ "type": "Feature", "properties": { "ID": 2121642001961, "正式名称": "半田眼科垂井診療所", "機関区分": 2, "都道府県コード": 21, "市区町村コード": 361, "所在地": "岐阜県不破郡垂井町東神田３ー３３", "緯度": 35.36685, "経度": 136.530954, "url": "https://www.iryou.teikyouseido.mhlw.go.jp/znk-web/juminkanja/S2430/initialize?prefCd=21&kikanCd=1642001961&kikanKbn=2", "url2": null, "内容": "半田眼科垂井診療所【2:診療所】【診療科目:眼科】岐阜県不破郡垂井町東神田３ー３３" }, "geometry": { "type": "Point", "coordinates": [ 136.530954, 35.36685 ] } },
{ "type": "Feature", "properties": { "ID": 2121642001962, "正式名称": "古川医院", "機関区分": 2, "都道府県コード": 21, "市区町村コード": 361, "所在地": "岐阜県不破郡垂井町垂井町１８３６ー１３", "緯度": 35.374595, "経度": 136.530041, "url": "https://www.iryou.teikyouseido.mhlw.go.jp/znk-web/juminkanja/S2430/initialize?prefCd=21&kikanCd=1642001962&kikanKbn=2", "url2": "furukawaiin.info", "内容": "古川医院【2:診療所】【診療科目:内科_漢方内科_小児科】岐阜県不破郡垂井町垂井町１８３６ー１３" }, "geometry": { "type": "Point", "coordinates": [ 136.530041, 35.374595 ] } },
{ "type": "Feature", "properties": { "ID": 2121642001964, "正式名称": "多賀内科医院", "機関区分": 2, "都道府県コード": 21, "市区町村コード": 361, "所在地": "岐阜県不破郡垂井町表佐１５３９番地", "緯度": 35.359956, "経度": 136.544952, "url": "https://www.iryou.teikyouseido.mhlw.go.jp/znk-web/juminkanja/S2430/initialize?prefCd=21&kikanCd=1642001964&kikanKbn=2", "url2": null, "内容": "多賀内科医院【2:診療所】【診療科目:内科_循環器内科_小児科_リハビリテーション科】岐阜県不破郡垂井町表佐１５３９番地" }, "geometry": { "type": "Point", "coordinates": [ 136.544952, 35.359956 ] } },
{ "type": "Feature", "properties": { "ID": 2121642002067, "正式名称": "たしろクリニック", "機関区分": 2, "都道府県コード": 21, "市区町村コード": 403, "所在地": "岐阜県揖斐郡大野町下磯", "緯度": 35.433327, "経度": 136.6269, "url": "https://www.iryou.teikyouseido.mhlw.go.jp/znk-web/juminkanja/S2430/initialize?prefCd=21&kikanCd=1642002067&kikanKbn=2", "url2": null, "内容": "たしろクリニック【2:診療所】【診療科目:内科_呼吸器内科_消化器内科_小児科】岐阜県揖斐郡大野町下磯" }, "geometry": { "type": "Point", "coordinates": [ 136.6269, 35.433327 ] } },
{ "type": "Feature", "properties": { "ID": 2121642002069, "正式名称": "若原整形外科", "機関区分": 2, "都道府県コード": 21, "市区町村コード": 403, "所在地": "岐阜県揖斐郡大野町黒野１１７ー２", "緯度": 35.467299, "経度": 136.624808, "url": "https://www.iryou.teikyouseido.mhlw.go.jp/znk-web/juminkanja/S2430/initialize?prefCd=21&kikanCd=1642002069&kikanKbn=2", "url2": "http://wakahara-seikei.com/", "内容": "若原整形外科【2:診療所】【診療科目:整形外科_リウマチ科_リハビリテーション科】岐阜県揖斐郡大野町黒野１１７ー２" }, "geometry": { "type": "Point", "coordinates": [ 136.624808, 35.467299 ] } },
{ "type": "Feature", "properties": { "ID": 2121642002072, "正式名称": "小森内科クリニック", "機関区分": 2, "都道府県コード": 21, "市区町村コード": 403, "所在地": "岐阜県揖斐郡大野町大字黒野６４５番地の１", "緯度": 35.466517, "経度": 136.635184, "url": "https://www.iryou.teikyouseido.mhlw.go.jp/znk-web/juminkanja/S2430/initialize?prefCd=21&kikanCd=1642002072&kikanKbn=2", "url2": null, "内容": "小森内科クリニック【2:診療所】【診療科目:内科_糖尿病内科_泌尿器科_リハビリテーション科_放射線科】岐阜県揖斐郡大野町大字黒野６４５番地の１" }, "geometry": { "type": "Point", "coordinates": [ 136.635184, 35.466517 ] } },
{ "type": "Feature", "properties": { "ID": 2121642002074, "正式名称": "大久保医院", "機関区分": 2, "都道府県コード": 21, "市区町村コード": 403, "所在地": "岐阜県揖斐郡大野町黒野７３４ー５", "緯度": 35.467117, "経度": 136.63743, "url": "https://www.iryou.teikyouseido.mhlw.go.jp/znk-web/juminkanja/S2430/initialize?prefCd=21&kikanCd=1642002074&kikanKbn=2", "url2": "http://www.okuboiin.jp", "内容": "大久保医院【2:診療所】【診療科目:内科_循環器内科_消化器内科_神経内科_小児科_皮膚科】岐阜県揖斐郡大野町黒野７３４ー５" }, "geometry": { "type": "Point", "coordinates": [ 136.63743, 35.467117 ] } },
{ "type": "Feature", "properties": { "ID": 2121642002079, "正式名称": "小森眼科", "機関区分": 2, "都道府県コード": 21, "市区町村コード": 403, "所在地": "岐阜県揖斐郡大野町大字中之元１１２４番地", "緯度": 35.466754, "経度": 136.618974, "url": "https://www.iryou.teikyouseido.mhlw.go.jp/znk-web/juminkanja/S2430/initialize?prefCd=21&kikanCd=1642002079&kikanKbn=2", "url2": null, "内容": "小森眼科【2:診療所】【診療科目:眼科】岐阜県揖斐郡大野町大字中之元１１２４番地" }, "geometry": { "type": "Point", "coordinates": [ 136.618974, 35.466754 ] } },
{ "type": "Feature", "properties": { "ID": 2121642002081, "正式名称": "たかはし耳鼻咽喉科", "機関区分": 2, "都道府県コード": 21, "市区町村コード": 403, "所在地": "岐阜県揖斐郡大野町中之元１１２４ー５", "緯度": 35.466702, "経度": 136.619412, "url": "https://www.iryou.teikyouseido.mhlw.go.jp/znk-web/juminkanja/S2430/initialize?prefCd=21&kikanCd=1642002081&kikanKbn=2", "url2": null, "内容": "たかはし耳鼻咽喉科【2:診療所】【診療科目:小児科_耳鼻いんこう科_気管食道・耳鼻いんこう科_アレルギー科】岐阜県揖斐郡大野町中之元１１２４ー５" }, "geometry": { "type": "Point", "coordinates": [ 136.619412, 35.466702 ] } },
{ "type": "Feature", "properties": { "ID": 2121642002083, "正式名称": "医療法人社団　康誠会　おおのクリニック", "機関区分": 2, "都道府県コード": 21, "市区町村コード": 403, "所在地": "岐阜県揖斐郡大野町南方二度桜１９１番地", "緯度": 35.452784, "経度": 136.620699, "url": "https://www.iryou.teikyouseido.mhlw.go.jp/znk-web/juminkanja/S2430/initialize?prefCd=21&kikanCd=1642002083&kikanKbn=2", "url2": "http://www.plaza21oono.jp", "内容": "医療法人社団　康誠会　おおのクリニック【2:診療所】【診療科目:内科_胃腸内科_外科_肛門外科_小児科_皮膚科_リハビリテーション科】岐阜県揖斐郡大野町南方二度桜１９１番地" }, "geometry": { "type": "Point", "coordinates": [ 136.620699, 35.452784 ] } },
{ "type": "Feature", "properties": { "ID": 2121642002084, "正式名称": "長瀬診療所", "機関区分": 2, "都道府県コード": 21, "市区町村コード": 401, "所在地": "岐阜県揖斐郡揖斐川町谷汲長瀬１５１０ー１", "緯度": 35.52203, "経度": 136.635288, "url": "https://www.iryou.teikyouseido.mhlw.go.jp/znk-web/juminkanja/S2430/initialize?prefCd=21&kikanCd=1642002084&kikanKbn=2", "url2": "http://www.nagase-shinryojo.com", "内容": "長瀬診療所【2:診療所】【診療科目:内科_消化器内科_小児科_アレルギー科】岐阜県揖斐郡揖斐川町谷汲長瀬１５１０ー１" }, "geometry": { "type": "Point", "coordinates": [ 136.635288, 35.52203 ] } },
{ "type": "Feature", "properties": { "ID": 2121642002088, "正式名称": "まつばら眼科", "機関区分": 2, "都道府県コード": 21, "市区町村コード": 404, "所在地": "岐阜県揖斐郡池田町池野", "緯度": 35.437716, "経度": 136.576451, "url": "https://www.iryou.teikyouseido.mhlw.go.jp/znk-web/juminkanja/S2430/initialize?prefCd=21&kikanCd=1642002088&kikanKbn=2", "url2": null, "内容": "まつばら眼科【2:診療所】【診療科目:眼科】岐阜県揖斐郡池田町池野" }, "geometry": { "type": "Point", "coordinates": [ 136.576451, 35.437716 ] } },
{ "type": "Feature", "properties": { "ID": 2121642002090, "正式名称": "今村医院", "機関区分": 2, "都道府県コード": 21, "市区町村コード": 404, "所在地": "岐阜県揖斐郡池田町池野５０５－２", "緯度": 35.436974, "経度": 136.574858, "url": "https://www.iryou.teikyouseido.mhlw.go.jp/znk-web/juminkanja/S2430/initialize?prefCd=21&kikanCd=1642002090&kikanKbn=2", "url2": null, "内容": "今村医院【2:診療所】【診療科目:内科_外科_小児科_リハビリテーション科】岐阜県揖斐郡池田町池野５０５－２" }, "geometry": { "type": "Point", "coordinates": [ 136.574858, 35.436974 ] } },
{ "type": "Feature", "properties": { "ID": 2121642002102, "正式名称": "のだ医院", "機関区分": 2, "都道府県コード": 21, "市区町村コード": 401, "所在地": "岐阜県揖斐郡揖斐川町三輪１１１－８", "緯度": 35.488113, "経度": 136.566934, "url": "https://www.iryou.teikyouseido.mhlw.go.jp/znk-web/juminkanja/S2430/initialize?prefCd=21&kikanCd=1642002102&kikanKbn=2", "url2": null, "内容": "のだ医院【2:診療所】【診療科目:内科_小児科_皮膚科】岐阜県揖斐郡揖斐川町三輪１１１－８" }, "geometry": { "type": "Point", "coordinates": [ 136.566934, 35.488113 ] } },
{ "type": "Feature", "properties": { "ID": 2121642002107, "正式名称": "いびレディースクリニック", "機関区分": 2, "都道府県コード": 21, "市区町村コード": 401, "所在地": "岐阜県揖斐郡揖斐川町三輪７１９ー１", "緯度": 35.486697, "経度": 136.576548, "url": "https://www.iryou.teikyouseido.mhlw.go.jp/znk-web/juminkanja/S2430/initialize?prefCd=21&kikanCd=1642002107&kikanKbn=2", "url2": "http://www.ibi-lc.or.jp", "内容": "いびレディースクリニック【2:診療所】【診療科目:小児科_産科_婦人科】岐阜県揖斐郡揖斐川町三輪７１９ー１" }, "geometry": { "type": "Point", "coordinates": [ 136.576548, 35.486697 ] } },
{ "type": "Feature", "properties": { "ID": 2121642002108, "正式名称": "春日診療所美束出張所", "機関区分": 2, "都道府県コード": 21, "市区町村コード": 401, "所在地": "岐阜県揖斐郡揖斐川町春日美束１１３９", "緯度": 35.488183, "経度": 136.449111, "url": "https://www.iryou.teikyouseido.mhlw.go.jp/znk-web/juminkanja/S2430/initialize?prefCd=21&kikanCd=1642002108&kikanKbn=2", "url2": null, "内容": "春日診療所美束出張所【2:診療所】【診療科目:内科_外科_整形外科_小児科_皮膚科】岐阜県揖斐郡揖斐川町春日美束１１３９" }, "geometry": { "type": "Point", "coordinates": [ 136.449111, 35.488183 ] } },
{ "type": "Feature", "properties": { "ID": 2121642002109, "正式名称": "春日診療所", "機関区分": 2, "都道府県コード": 21, "市区町村コード": 401, "所在地": "岐阜県揖斐郡揖斐川町春日六合３４２０", "緯度": 35.467822, "経度": 136.487543, "url": "https://www.iryou.teikyouseido.mhlw.go.jp/znk-web/juminkanja/S2430/initialize?prefCd=21&kikanCd=1642002109&kikanKbn=2", "url2": null, "内容": "春日診療所【2:診療所】【診療科目:内科_外科_整形外科_小児科_皮膚科】岐阜県揖斐郡揖斐川町春日六合３４２０" }, "geometry": { "type": "Point", "coordinates": [ 136.487543, 35.467822 ] } },
{ "type": "Feature", "properties": { "ID": 2121642002117, "正式名称": "谷汲中央診療所", "機関区分": 2, "都道府県コード": 21, "市区町村コード": 401, "所在地": "岐阜県揖斐郡揖斐川町谷汲名礼２４６－７", "緯度": 35.526706, "経度": 136.610183, "url": "https://www.iryou.teikyouseido.mhlw.go.jp/znk-web/juminkanja/S2430/initialize?prefCd=21&kikanCd=1642002117&kikanKbn=2", "url2": "https://ibigawa-jadecom.jp/tanigumi", "内容": "谷汲中央診療所【2:診療所】【診療科目:内科_外科_小児科】岐阜県揖斐郡揖斐川町谷汲名礼２４６－７" }, "geometry": { "type": "Point", "coordinates": [ 136.610183, 35.526706 ] } },
{ "type": "Feature", "properties": { "ID": 2121642002120, "正式名称": "藤橋国民健康保険診療所", "機関区分": 2, "都道府県コード": 21, "市区町村コード": 401, "所在地": "岐阜県揖斐郡揖斐川町東横山６４４ー１０", "緯度": 35.58583, "経度": 136.457841, "url": "https://www.iryou.teikyouseido.mhlw.go.jp/znk-web/juminkanja/S2430/initialize?prefCd=21&kikanCd=1642002120&kikanKbn=2", "url2": null, "内容": "藤橋国民健康保険診療所【2:診療所】【診療科目:内科_外科_整形外科_小児科】岐阜県揖斐郡揖斐川町東横山６４４ー１０" }, "geometry": { "type": "Point", "coordinates": [ 136.457841, 35.58583 ] } },
{ "type": "Feature", "properties": { "ID": 2121642002121, "正式名称": "久瀬診療所", "機関区分": 2, "都道府県コード": 21, "市区町村コード": 401, "所在地": "岐阜県揖斐郡揖斐川町東津汲９７４番地１", "緯度": 35.556687, "経度": 136.50762, "url": "https://www.iryou.teikyouseido.mhlw.go.jp/znk-web/juminkanja/S2430/initialize?prefCd=21&kikanCd=1642002121&kikanKbn=2", "url2": "https://ibigawa-jadecom.jp/", "内容": "久瀬診療所【2:診療所】【診療科目:内科_消化器内科_整形外科_小児科_耳鼻いんこう科_皮膚科_リハビリテーション科】岐阜県揖斐郡揖斐川町東津汲９７４番地１" }, "geometry": { "type": "Point", "coordinates": [ 136.50762, 35.556687 ] } },
{ "type": "Feature", "properties": { "ID": 2121642002128, "正式名称": "大垣市国民健康保険　上石津診療所", "機関区分": 2, "都道府県コード": 21, "市区町村コード": 202, "所在地": "岐阜県大垣市上石津町上原１４３８番地", "緯度": 35.284478, "経度": 136.472759, "url": "https://www.iryou.teikyouseido.mhlw.go.jp/znk-web/juminkanja/S2430/initialize?prefCd=21&kikanCd=1642002128&kikanKbn=2", "url2": "https://www.city.ogaki.lg.jp/0000003833.html", "内容": "大垣市国民健康保険　上石津診療所【2:診療所】【診療科目:内科】岐阜県大垣市上石津町上原１４３８番地" }, "geometry": { "type": "Point", "coordinates": [ 136.472759, 35.284478 ] } },
{ "type": "Feature", "properties": { "ID": 2121642002132, "正式名称": "さくまクリニック", "機関区分": 2, "都道府県コード": 21, "市区町村コード": 341, "所在地": "岐阜県養老郡養老町押越５３３", "緯度": 35.306515, "経度": 136.554099, "url": "https://www.iryou.teikyouseido.mhlw.go.jp/znk-web/juminkanja/S2430/initialize?prefCd=21&kikanCd=1642002132&kikanKbn=2", "url2": "www.sakuma-clinic-info", "内容": "さくまクリニック【2:診療所】【診療科目:内科_小児科】岐阜県養老郡養老町押越５３３" }, "geometry": { "type": "Point", "coordinates": [ 136.554099, 35.306515 ] } },
{ "type": "Feature", "properties": { "ID": 2121642002133, "正式名称": "やまぐち内科クリニック", "機関区分": 2, "都道府県コード": 21, "市区町村コード": 341, "所在地": "岐阜県養老郡養老町押越６９３－１", "緯度": 35.306535, "経度": 136.557683, "url": "https://www.iryou.teikyouseido.mhlw.go.jp/znk-web/juminkanja/S2430/initialize?prefCd=21&kikanCd=1642002133&kikanKbn=2", "url2": null, "内容": "やまぐち内科クリニック【2:診療所】【診療科目:内科_循環器内科_人工透析内科】岐阜県養老郡養老町押越６９３－１" }, "geometry": { "type": "Point", "coordinates": [ 136.557683, 35.306535 ] } },
{ "type": "Feature", "properties": { "ID": 2121642002138, "正式名称": "大晃堂内科", "機関区分": 2, "都道府県コード": 21, "市区町村コード": 341, "所在地": "岐阜県養老郡養老町高田３３", "緯度": 35.30752, "経度": 136.557865, "url": "https://www.iryou.teikyouseido.mhlw.go.jp/znk-web/juminkanja/S2430/initialize?prefCd=21&kikanCd=1642002138&kikanKbn=2", "url2": null, "内容": "大晃堂内科【2:診療所】【診療科目:内科_循環器内科_消化器内科_小児科_皮膚科_放射線科】岐阜県養老郡養老町高田３３" }, "geometry": { "type": "Point", "coordinates": [ 136.557865, 35.30752 ] } },
{ "type": "Feature", "properties": { "ID": 2121642002139, "正式名称": "半田眼科", "機関区分": 2, "都道府県コード": 21, "市区町村コード": 341, "所在地": "岐阜県養老郡養老町高田８２３ー２", "緯度": 35.308936, "経度": 136.561021, "url": "https://www.iryou.teikyouseido.mhlw.go.jp/znk-web/juminkanja/S2430/initialize?prefCd=21&kikanCd=1642002139&kikanKbn=2", "url2": null, "内容": "半田眼科【2:診療所】【診療科目:眼科】岐阜県養老郡養老町高田８２３ー２" }, "geometry": { "type": "Point", "coordinates": [ 136.561021, 35.308936 ] } },
{ "type": "Feature", "properties": { "ID": 2121642002143, "正式名称": "野村内科", "機関区分": 2, "都道府県コード": 21, "市区町村コード": 341, "所在地": "岐阜県養老郡養老町石畑字池田１３５７ー１", "緯度": 35.299427, "経度": 136.552192, "url": "https://www.iryou.teikyouseido.mhlw.go.jp/znk-web/juminkanja/S2430/initialize?prefCd=21&kikanCd=1642002143&kikanKbn=2", "url2": null, "内容": "野村内科【2:診療所】【診療科目:内科】岐阜県養老郡養老町石畑字池田１３５７ー１" }, "geometry": { "type": "Point", "coordinates": [ 136.552192, 35.299427 ] } },
{ "type": "Feature", "properties": { "ID": 2121642002144, "正式名称": "船戸クリニック", "機関区分": 2, "都道府県コード": 21, "市区町村コード": 341, "所在地": "岐阜県養老郡養老町船附字中代１３４４", "緯度": 35.283963, "経度": 136.600332, "url": "https://www.iryou.teikyouseido.mhlw.go.jp/znk-web/juminkanja/S2430/initialize?prefCd=21&kikanCd=1642002144&kikanKbn=2", "url2": "https://www.funacli.jp", "内容": "船戸クリニック【2:診療所】【診療科目:内科_循環器内科_胃腸内科_外科_肛門外科_整形外科_小児科_婦人科_皮膚科_泌尿器科_精神科_神経科_心療内科_リハビリテーション科_麻酔科】岐阜県養老郡養老町船附字中代１３４４" }, "geometry": { "type": "Point", "coordinates": [ 136.600332, 35.283963 ] } },
{ "type": "Feature", "properties": { "ID": 2121642002145, "正式名称": "養老整形外科クリニック", "機関区分": 2, "都道府県コード": 21, "市区町村コード": 341, "所在地": "岐阜県養老郡養老町大跡５３４", "緯度": 35.287933, "経度": 136.574857, "url": "https://www.iryou.teikyouseido.mhlw.go.jp/znk-web/juminkanja/S2430/initialize?prefCd=21&kikanCd=1642002145&kikanKbn=2", "url2": "https://www.yoro-seikei.or.jp", "内容": "養老整形外科クリニック【2:診療所】【診療科目:内科_整形外科_リウマチ科_リハビリテーション科】岐阜県養老郡養老町大跡５３４" }, "geometry": { "type": "Point", "coordinates": [ 136.574857, 35.287933 ] } },
{ "type": "Feature", "properties": { "ID": 2121642005920, "正式名称": "くぼえクリニック皮フ科", "機関区分": 2, "都道府県コード": 21, "市区町村コード": 202, "所在地": "岐阜県大垣市北方町５ー１ー１", "緯度": 35.397568, "経度": 136.617982, "url": "https://www.iryou.teikyouseido.mhlw.go.jp/znk-web/juminkanja/S2430/initialize?prefCd=21&kikanCd=1642005920&kikanKbn=2", "url2": "website2.infomity.net/8250000256/", "内容": "くぼえクリニック皮フ科【2:診療所】【診療科目:皮膚科】岐阜県大垣市北方町５ー１ー１" }, "geometry": { "type": "Point", "coordinates": [ 136.617982, 35.397568 ] } },
{ "type": "Feature", "properties": { "ID": 2121642005922, "正式名称": "国枝医院", "機関区分": 2, "都道府県コード": 21, "市区町村コード": 403, "所在地": "岐阜県揖斐郡大野町黒野５８０", "緯度": 35.464538, "経度": 136.63521, "url": "https://www.iryou.teikyouseido.mhlw.go.jp/znk-web/juminkanja/S2430/initialize?prefCd=21&kikanCd=1642005922&kikanKbn=2", "url2": null, "内容": "国枝医院【2:診療所】【診療科目:内科_小児科】岐阜県揖斐郡大野町黒野５８０" }, "geometry": { "type": "Point", "coordinates": [ 136.63521, 35.464538 ] } },
{ "type": "Feature", "properties": { "ID": 2121642005923, "正式名称": "大垣さくらファミリークリニック", "機関区分": 2, "都道府県コード": 21, "市区町村コード": 202, "所在地": "岐阜県大垣市築捨町５丁目５９－１", "緯度": 35.335896, "経度": 136.619954, "url": "https://www.iryou.teikyouseido.mhlw.go.jp/znk-web/juminkanja/S2430/initialize?prefCd=21&kikanCd=1642005923&kikanKbn=2", "url2": "http://www.ogaki-sakura-family.com/", "内容": "大垣さくらファミリークリニック【2:診療所】【診療科目:内科_外科_肛門外科_小児科_皮膚科_泌尿器科_アレルギー科】岐阜県大垣市築捨町５丁目５９－１" }, "geometry": { "type": "Point", "coordinates": [ 136.619954, 35.335896 ] } },
{ "type": "Feature", "properties": { "ID": 2121642005953, "正式名称": "岩田医院", "機関区分": 2, "都道府県コード": 21, "市区町村コード": 202, "所在地": "岐阜県大垣市墨俣町墨俣１１２１ー１", "緯度": 35.361739, "経度": 136.682376, "url": "https://www.iryou.teikyouseido.mhlw.go.jp/znk-web/juminkanja/S2430/initialize?prefCd=21&kikanCd=1642005953&kikanKbn=2", "url2": "https://iwataiinn.amebaownd.com/", "内容": "岩田医院【2:診療所】【診療科目:内科_循環器内科_小児科】岐阜県大垣市墨俣町墨俣１１２１ー１" }, "geometry": { "type": "Point", "coordinates": [ 136.682376, 35.361739 ] } },
{ "type": "Feature", "properties": { "ID": 2121642005976, "正式名称": "医療法人　守田クリニック", "機関区分": 2, "都道府県コード": 21, "市区町村コード": 202, "所在地": "岐阜県大垣市林町４ー５７ー１", "緯度": 35.368712, "経度": 136.620433, "url": "https://www.iryou.teikyouseido.mhlw.go.jp/znk-web/juminkanja/S2430/initialize?prefCd=21&kikanCd=1642005976&kikanKbn=2", "url2": null, "内容": "医療法人　守田クリニック【2:診療所】【診療科目:内科_神経内科_皮膚科_精神科_心療内科】岐阜県大垣市林町４ー５７ー１" }, "geometry": { "type": "Point", "coordinates": [ 136.620433, 35.368712 ] } },
{ "type": "Feature", "properties": { "ID": 2121642005978, "正式名称": "たけもとこどもクリニック", "機関区分": 2, "都道府県コード": 21, "市区町村コード": 202, "所在地": "岐阜県大垣市東前３ー４ー１", "緯度": 35.34856, "経度": 136.634017, "url": "https://www.iryou.teikyouseido.mhlw.go.jp/znk-web/juminkanja/S2430/initialize?prefCd=21&kikanCd=1642005978&kikanKbn=2", "url2": null, "内容": "たけもとこどもクリニック【2:診療所】【診療科目:小児科】岐阜県大垣市東前３ー４ー１" }, "geometry": { "type": "Point", "coordinates": [ 136.634017, 35.34856 ] } },
{ "type": "Feature", "properties": { "ID": 2121642005979, "正式名称": "ひらまつ整形外科", "機関区分": 2, "都道府県コード": 21, "市区町村コード": 202, "所在地": "岐阜県大垣市友江２丁目１２２番地", "緯度": 35.324114, "経度": 136.604049, "url": "https://www.iryou.teikyouseido.mhlw.go.jp/znk-web/juminkanja/S2430/initialize?prefCd=21&kikanCd=1642005979&kikanKbn=2", "url2": "http://www.hiramatsu-seikeigeka.sakuraweb.com/", "内容": "ひらまつ整形外科【2:診療所】【診療科目:整形外科_リウマチ科_リハビリテーション科】岐阜県大垣市友江２丁目１２２番地" }, "geometry": { "type": "Point", "coordinates": [ 136.604049, 35.324114 ] } },
{ "type": "Feature", "properties": { "ID": 2121642005980, "正式名称": "やまざきキッズクリニック", "機関区分": 2, "都道府県コード": 21, "市区町村コード": 361, "所在地": "岐阜県不破郡垂井町東神田２ー３０", "緯度": 35.367825, "経度": 136.531915, "url": "https://www.iryou.teikyouseido.mhlw.go.jp/znk-web/juminkanja/S2430/initialize?prefCd=21&kikanCd=1642005980&kikanKbn=2", "url2": null, "内容": "やまざきキッズクリニック【2:診療所】【診療科目:小児科_アレルギー科】岐阜県不破郡垂井町東神田２ー３０" }, "geometry": { "type": "Point", "coordinates": [ 136.531915, 35.367825 ] } },
{ "type": "Feature", "properties": { "ID": 2121642006035, "正式名称": "おおや内科循環器科", "機関区分": 2, "都道府県コード": 21, "市区町村コード": 221, "所在地": "岐阜県海津市海津町内記２０７ー１", "緯度": 35.216907, "経度": 136.648805, "url": "https://www.iryou.teikyouseido.mhlw.go.jp/znk-web/juminkanja/S2430/initialize?prefCd=21&kikanCd=1642006035&kikanKbn=2", "url2": "http://www.ohyanaika.com/", "内容": "おおや内科循環器科【2:診療所】【診療科目:内科_糖尿病内科_循環器内科】岐阜県海津市海津町内記２０７ー１" }, "geometry": { "type": "Point", "coordinates": [ 136.648805, 35.216907 ] } },
{ "type": "Feature", "properties": { "ID": 2121642006037, "正式名称": "坂内国民健康保険診療所", "機関区分": 2, "都道府県コード": 21, "市区町村コード": 401, "所在地": "岐阜県揖斐郡揖斐川町坂内広瀬３１２", "緯度": 35.602525, "経度": 136.411822, "url": "https://www.iryou.teikyouseido.mhlw.go.jp/znk-web/juminkanja/S2430/initialize?prefCd=21&kikanCd=1642006037&kikanKbn=2", "url2": null, "内容": "坂内国民健康保険診療所【2:診療所】【診療科目:内科_外科_整形外科_小児科_歯科】岐阜県揖斐郡揖斐川町坂内広瀬３１２" }, "geometry": { "type": "Point", "coordinates": [ 136.411822, 35.602525 ] } },
{ "type": "Feature", "properties": { "ID": 2121642006286, "正式名称": "とくやま眼科クリニック", "機関区分": 2, "都道府県コード": 21, "市区町村コード": 202, "所在地": "岐阜県大垣市小野３丁目９３ー１", "緯度": 35.367302, "経度": 136.643375, "url": "https://www.iryou.teikyouseido.mhlw.go.jp/znk-web/juminkanja/S2430/initialize?prefCd=21&kikanCd=1642006286&kikanKbn=2", "url2": "http://www.tokuyama-eye.com/", "内容": "とくやま眼科クリニック【2:診療所】【診療科目:眼科_アレルギー科】岐阜県大垣市小野３丁目９３ー１" }, "geometry": { "type": "Point", "coordinates": [ 136.643375, 35.367302 ] } },
{ "type": "Feature", "properties": { "ID": 2121642006431, "正式名称": "医療法人香柏会　渡辺内科クリニック", "機関区分": 2, "都道府県コード": 21, "市区町村コード": 202, "所在地": "岐阜県大垣市御殿町", "緯度": 35.359141, "経度": 136.61403, "url": "https://www.iryou.teikyouseido.mhlw.go.jp/znk-web/juminkanja/S2430/initialize?prefCd=21&kikanCd=1642006431&kikanKbn=2", "url2": "https://www.watabnabe-medicalclinic.jp", "内容": "医療法人香柏会　渡辺内科クリニック【2:診療所】【診療科目:内科_糖尿病内科_糖尿病・内分泌内科_循環器内科_消化器内科】岐阜県大垣市御殿町" }, "geometry": { "type": "Point", "coordinates": [ 136.61403, 35.359141 ] } },
{ "type": "Feature", "properties": { "ID": 2121642006476, "正式名称": "いちはら皮フ科クリニック", "機関区分": 2, "都道府県コード": 21, "市区町村コード": 383, "所在地": "岐阜県安八郡安八町南條６９５ー１", "緯度": 35.316134, "経度": 136.658731, "url": "https://www.iryou.teikyouseido.mhlw.go.jp/znk-web/juminkanja/S2430/initialize?prefCd=21&kikanCd=1642006476&kikanKbn=2", "url2": "http://ichihara-clinic.org/", "内容": "いちはら皮フ科クリニック【2:診療所】【診療科目:皮膚科】岐阜県安八郡安八町南條６９５ー１" }, "geometry": { "type": "Point", "coordinates": [ 136.658731, 35.316134 ] } },
{ "type": "Feature", "properties": { "ID": 2121642006649, "正式名称": "細川おなかクリニック", "機関区分": 2, "都道府県コード": 21, "市区町村コード": 202, "所在地": "岐阜県大垣市世安町２丁目６８番地７", "緯度": 35.351428, "経度": 136.613131, "url": "https://www.iryou.teikyouseido.mhlw.go.jp/znk-web/juminkanja/S2430/initialize?prefCd=21&kikanCd=1642006649&kikanKbn=2", "url2": "http://www.myclinic.ne.jp/hosokawaonak/", "内容": "細川おなかクリニック【2:診療所】【診療科目:内科_消化器内科】岐阜県大垣市世安町２丁目６８番地７" }, "geometry": { "type": "Point", "coordinates": [ 136.613131, 35.351428 ] } },
{ "type": "Feature", "properties": { "ID": 2121642006919, "正式名称": "ねざさ腎泌尿器科皮膚科", "機関区分": 2, "都道府県コード": 21, "市区町村コード": 202, "所在地": "岐阜県大垣市中川町３丁目８３番地の１", "緯度": 35.37932, "経度": 136.621226, "url": "https://www.iryou.teikyouseido.mhlw.go.jp/znk-web/juminkanja/S2430/initialize?prefCd=21&kikanCd=1642006919&kikanKbn=2", "url2": "https://nezasa-cl.com", "内容": "ねざさ腎泌尿器科皮膚科【2:診療所】【診療科目:腎臓内科_皮膚科_泌尿器科】岐阜県大垣市中川町３丁目８３番地の１" }, "geometry": { "type": "Point", "coordinates": [ 136.621226, 35.37932 ] } },
{ "type": "Feature", "properties": { "ID": 2121642007059, "正式名称": "ゆり形成内科整形おおの", "機関区分": 2, "都道府県コード": 21, "市区町村コード": 403, "所在地": "岐阜県揖斐郡大野町大野７５３番地１４１", "緯度": 35.480609, "経度": 136.63966, "url": "https://www.iryou.teikyouseido.mhlw.go.jp/znk-web/juminkanja/S2430/initialize?prefCd=21&kikanCd=1642007059&kikanKbn=2", "url2": "www.yuri-ohno.com", "内容": "ゆり形成内科整形おおの【2:診療所】【診療科目:内科_整形外科_形成外科_皮膚科_リハビリテーション科】岐阜県揖斐郡大野町大野７５３番地１４１" }, "geometry": { "type": "Point", "coordinates": [ 136.63966, 35.480609 ] } },
{ "type": "Feature", "properties": { "ID": 2121642007331, "正式名称": "むらいクリニック", "機関区分": 2, "都道府県コード": 21, "市区町村コード": 202, "所在地": "岐阜県大垣市大井", "緯度": 35.348061, "経度": 136.631575, "url": "https://www.iryou.teikyouseido.mhlw.go.jp/znk-web/juminkanja/S2430/initialize?prefCd=21&kikanCd=1642007331&kikanKbn=2", "url2": "http://www.murai-clinic.jp/", "内容": "むらいクリニック【2:診療所】【診療科目:耳鼻いんこう科_アレルギー科】岐阜県大垣市大井" }, "geometry": { "type": "Point", "coordinates": [ 136.631575, 35.348061 ] } },
{ "type": "Feature", "properties": { "ID": 2121642007429, "正式名称": "いかわクリニック", "機関区分": 2, "都道府県コード": 21, "市区町村コード": 202, "所在地": "岐阜県大垣市和合新町１ー７９ー１", "緯度": 35.374113, "経度": 136.651737, "url": "https://www.iryou.teikyouseido.mhlw.go.jp/znk-web/juminkanja/S2430/initialize?prefCd=21&kikanCd=1642007429&kikanKbn=2", "url2": null, "内容": "いかわクリニック【2:診療所】【診療科目:児童精神科_精神科_心療内科】岐阜県大垣市和合新町１ー７９ー１" }, "geometry": { "type": "Point", "coordinates": [ 136.651737, 35.374113 ] } },
{ "type": "Feature", "properties": { "ID": 2121642007446, "正式名称": "クリニック　ラポール", "機関区分": 2, "都道府県コード": 21, "市区町村コード": 403, "所在地": "岐阜県揖斐郡大野町大野", "緯度": 35.475494, "経度": 136.635539, "url": "https://www.iryou.teikyouseido.mhlw.go.jp/znk-web/juminkanja/S2430/initialize?prefCd=21&kikanCd=1642007446&kikanKbn=2", "url2": "http://www.rapport1051.jp", "内容": "クリニック　ラポール【2:診療所】【診療科目:内科_呼吸器内科_循環器内科_消化器内科_整形外科_小児科_リハビリテーション科_放射線科】岐阜県揖斐郡大野町大野" }, "geometry": { "type": "Point", "coordinates": [ 136.635539, 35.475494 ] } },
{ "type": "Feature", "properties": { "ID": 2121642007495, "正式名称": "ほり眼科", "機関区分": 2, "都道府県コード": 21, "市区町村コード": 202, "所在地": "岐阜県大垣市北方町", "緯度": 35.393329, "経度": 136.616771, "url": "https://www.iryou.teikyouseido.mhlw.go.jp/znk-web/juminkanja/S2430/initialize?prefCd=21&kikanCd=1642007495&kikanKbn=2", "url2": "http://www.hori-ganka.com", "内容": "ほり眼科【2:診療所】【診療科目:眼科】岐阜県大垣市北方町" }, "geometry": { "type": "Point", "coordinates": [ 136.616771, 35.393329 ] } },
{ "type": "Feature", "properties": { "ID": 2121642007497, "正式名称": "やすだクリニック　小児科・内科", "機関区分": 2, "都道府県コード": 21, "市区町村コード": 202, "所在地": "岐阜県大垣市北切石町３丁目１番１号", "緯度": 35.359605, "経度": 136.606198, "url": "https://www.iryou.teikyouseido.mhlw.go.jp/znk-web/juminkanja/S2430/initialize?prefCd=21&kikanCd=1642007497&kikanKbn=2", "url2": "http://yasuda-c.jp/", "内容": "やすだクリニック　小児科・内科【2:診療所】【診療科目:内科_小児科】岐阜県大垣市北切石町３丁目１番１号" }, "geometry": { "type": "Point", "coordinates": [ 136.606198, 35.359605 ] } },
{ "type": "Feature", "properties": { "ID": 2121642007502, "正式名称": "山中ジェネラルクリニック", "機関区分": 2, "都道府県コード": 21, "市区町村コード": 383, "所在地": "岐阜県安八郡安八町森部１８７０番地１", "緯度": 35.338544, "経度": 136.67616, "url": "https://www.iryou.teikyouseido.mhlw.go.jp/znk-web/juminkanja/S2430/initialize?prefCd=21&kikanCd=1642007502&kikanKbn=2", "url2": "http://www.yamanaka-general.com/", "内容": "山中ジェネラルクリニック【2:診療所】【診療科目:内科_外科_脳神経外科_整形外科_リハビリテーション科_救急科】岐阜県安八郡安八町森部１８７０番地１" }, "geometry": { "type": "Point", "coordinates": [ 136.67616, 35.338544 ] } },
{ "type": "Feature", "properties": { "ID": 2121642007519, "正式名称": "石田内科", "機関区分": 2, "都道府県コード": 21, "市区町村コード": 202, "所在地": "岐阜県大垣市旭町２丁目１ー１", "緯度": 35.359877, "経度": 136.625501, "url": "https://www.iryou.teikyouseido.mhlw.go.jp/znk-web/juminkanja/S2430/initialize?prefCd=21&kikanCd=1642007519&kikanKbn=2", "url2": "http://ishidanaika.shichihuku.com/", "内容": "石田内科【2:診療所】【診療科目:内科_循環器内科】岐阜県大垣市旭町２丁目１ー１" }, "geometry": { "type": "Point", "coordinates": [ 136.625501, 35.359877 ] } },
{ "type": "Feature", "properties": { "ID": 2121642007564, "正式名称": "浅野内科胃腸科クリニック", "機関区分": 2, "都道府県コード": 21, "市区町村コード": 202, "所在地": "岐阜県大垣市外花６丁目６２番地", "緯度": 35.329395, "経度": 136.610326, "url": "https://www.iryou.teikyouseido.mhlw.go.jp/znk-web/juminkanja/S2430/initialize?prefCd=21&kikanCd=1642007564&kikanKbn=2", "url2": "http://www.asanonaika-ichoka-ogaki.com", "内容": "浅野内科胃腸科クリニック【2:診療所】【診療科目:内科_胃腸内科】岐阜県大垣市外花６丁目６２番地" }, "geometry": { "type": "Point", "coordinates": [ 136.610326, 35.329395 ] } },
{ "type": "Feature", "properties": { "ID": 2121642007567, "正式名称": "大垣アイクリニック", "機関区分": 2, "都道府県コード": 21, "市区町村コード": 202, "所在地": "岐阜県大垣市三塚町４６３ー１イオンタウン大垣　ＥＡＳＴ棟２階", "緯度": 35.366173, "経度": 136.630462, "url": "https://www.iryou.teikyouseido.mhlw.go.jp/znk-web/juminkanja/S2430/initialize?prefCd=21&kikanCd=1642007567&kikanKbn=2", "url2": null, "内容": "大垣アイクリニック【2:診療所】【診療科目:眼科】岐阜県大垣市三塚町４６３ー１イオンタウン大垣　ＥＡＳＴ棟２階" }, "geometry": { "type": "Point", "coordinates": [ 136.630462, 35.366173 ] } },
{ "type": "Feature", "properties": { "ID": 2121642007594, "正式名称": "いけだ整形外科リウマチクリニック", "機関区分": 2, "都道府県コード": 21, "市区町村コード": 404, "所在地": "岐阜県揖斐郡池田町八幡１０１１－１", "緯度": 35.424259, "経度": 136.574838, "url": "https://www.iryou.teikyouseido.mhlw.go.jp/znk-web/juminkanja/S2430/initialize?prefCd=21&kikanCd=1642007594&kikanKbn=2", "url2": "http://www.ikeda-seikei.jp", "内容": "いけだ整形外科リウマチクリニック【2:診療所】【診療科目:整形外科_リウマチ科_リハビリテーション科】岐阜県揖斐郡池田町八幡１０１１－１" }, "geometry": { "type": "Point", "coordinates": [ 136.574838, 35.424259 ] } },
{ "type": "Feature", "properties": { "ID": 2121642007753, "正式名称": "いはらクリニック", "機関区分": 2, "都道府県コード": 21, "市区町村コード": 202, "所在地": "岐阜県大垣市青墓町１－１３１", "緯度": 35.383545, "経度": 136.565135, "url": "https://www.iryou.teikyouseido.mhlw.go.jp/znk-web/juminkanja/S2430/initialize?prefCd=21&kikanCd=1642007753&kikanKbn=2", "url2": "http://www.ihara-clinic.com", "内容": "いはらクリニック【2:診療所】【診療科目:内科_消化器内科_外科】岐阜県大垣市青墓町１－１３１" }, "geometry": { "type": "Point", "coordinates": [ 136.565135, 35.383545 ] } },
{ "type": "Feature", "properties": { "ID": 2121642007754, "正式名称": "ファミリークリニックやひろ", "機関区分": 2, "都道府県コード": 21, "市区町村コード": 401, "所在地": "岐阜県揖斐郡揖斐川町長良６５７番地１", "緯度": 35.474594, "経度": 136.584375, "url": "https://www.iryou.teikyouseido.mhlw.go.jp/znk-web/juminkanja/S2430/initialize?prefCd=21&kikanCd=1642007754&kikanKbn=2", "url2": "www.plaza21oono.jp/IB/clinic.html", "内容": "ファミリークリニックやひろ【2:診療所】【診療科目:内科_外科_小児科_皮膚科】岐阜県揖斐郡揖斐川町長良６５７番地１" }, "geometry": { "type": "Point", "coordinates": [ 136.584375, 35.474594 ] } },
{ "type": "Feature", "properties": { "ID": 2121642007828, "正式名称": "むかわハートクリニック", "機関区分": 2, "都道府県コード": 21, "市区町村コード": 202, "所在地": "岐阜県大垣市寺内町３－５３－１", "緯度": 35.35604, "経度": 136.615711, "url": "https://www.iryou.teikyouseido.mhlw.go.jp/znk-web/juminkanja/S2430/initialize?prefCd=21&kikanCd=1642007828&kikanKbn=2", "url2": "http://www.mukawa-heartclinic.com/", "内容": "むかわハートクリニック【2:診療所】【診療科目:内科_循環器内科】岐阜県大垣市寺内町３－５３－１" }, "geometry": { "type": "Point", "coordinates": [ 136.615711, 35.35604 ] } },
{ "type": "Feature", "properties": { "ID": 2121642007920, "正式名称": "おおがき皮膚科クリニック", "機関区分": 2, "都道府県コード": 21, "市区町村コード": 202, "所在地": "岐阜県大垣市赤坂新田１番１３８の１", "緯度": 35.38602, "経度": 136.587534, "url": "https://www.iryou.teikyouseido.mhlw.go.jp/znk-web/juminkanja/S2430/initialize?prefCd=21&kikanCd=1642007920&kikanKbn=2", "url2": "www.oogakihifuka.com", "内容": "おおがき皮膚科クリニック【2:診療所】【診療科目:皮膚科_美容皮膚科_アレルギー科】岐阜県大垣市赤坂新田１番１３８の１" }, "geometry": { "type": "Point", "coordinates": [ 136.587534, 35.38602 ] } },
{ "type": "Feature", "properties": { "ID": 2121642007937, "正式名称": "小児・アレルギークリニック　ｉｎ　ＧＯＤＯ", "機関区分": 2, "都道府県コード": 21, "市区町村コード": 381, "所在地": "岐阜県安八郡神戸町北一色", "緯度": 35.428057, "経度": 136.595589, "url": "https://www.iryou.teikyouseido.mhlw.go.jp/znk-web/juminkanja/S2430/initialize?prefCd=21&kikanCd=1642007937&kikanKbn=2", "url2": "https://ingodo.mdja.jp/", "内容": "小児・アレルギークリニック　ｉｎ　ＧＯＤＯ【2:診療所】【診療科目:小児科_アレルギー科】岐阜県安八郡神戸町北一色" }, "geometry": { "type": "Point", "coordinates": [ 136.595589, 35.428057 ] } },
{ "type": "Feature", "properties": { "ID": 2121642008017, "正式名称": "医療法人　むらせファミリークリニック", "機関区分": 2, "都道府県コード": 21, "市区町村コード": 404, "所在地": "岐阜県揖斐郡池田町池野３００番１", "緯度": 35.437527, "経度": 136.578293, "url": "https://www.iryou.teikyouseido.mhlw.go.jp/znk-web/juminkanja/S2430/initialize?prefCd=21&kikanCd=1642008017&kikanKbn=2", "url2": "http://murasefamily.byoinnavi.jp/", "内容": "医療法人　むらせファミリークリニック【2:診療所】【診療科目:内科_外科_整形外科_小児科_リハビリテーション科】岐阜県揖斐郡池田町池野３００番１" }, "geometry": { "type": "Point", "coordinates": [ 136.578293, 35.437527 ] } },
{ "type": "Feature", "properties": { "ID": 2121642008031, "正式名称": "アクア眼科クリニック", "機関区分": 2, "都道府県コード": 21, "市区町村コード": 202, "所在地": "岐阜県大垣市林町六丁目８０番２１アクアウォーク大垣１階", "緯度": 35.369467, "経度": 136.615911, "url": "https://www.iryou.teikyouseido.mhlw.go.jp/znk-web/juminkanja/S2430/initialize?prefCd=21&kikanCd=1642008031&kikanKbn=2", "url2": null, "内容": "アクア眼科クリニック【2:診療所】【診療科目:眼科】岐阜県大垣市林町六丁目８０番２１アクアウォーク大垣１階" }, "geometry": { "type": "Point", "coordinates": [ 136.615911, 35.369467 ] } },
{ "type": "Feature", "properties": { "ID": 2121642008075, "正式名称": "みんなのいぶきクリニック", "機関区分": 2, "都道府県コード": 21, "市区町村コード": 202, "所在地": "岐阜県大垣市見取町１丁目８０番地１", "緯度": 35.371281, "経度": 136.613097, "url": "https://www.iryou.teikyouseido.mhlw.go.jp/znk-web/juminkanja/S2430/initialize?prefCd=21&kikanCd=1642008075&kikanKbn=2", "url2": null, "内容": "みんなのいぶきクリニック【2:診療所】【診療科目:内科_疼痛緩和内科_整形外科】岐阜県大垣市見取町１丁目８０番地１" }, "geometry": { "type": "Point", "coordinates": [ 136.613097, 35.371281 ] } },
{ "type": "Feature", "properties": { "ID": 2121642008382, "正式名称": "みみはなのどオレンジクリニック", "機関区分": 2, "都道府県コード": 21, "市区町村コード": 404, "所在地": "岐阜県揖斐郡池田町池野３００番３", "緯度": 35.437522, "経度": 136.578031, "url": "https://www.iryou.teikyouseido.mhlw.go.jp/znk-web/juminkanja/S2430/initialize?prefCd=21&kikanCd=1642008382&kikanKbn=2", "url2": "https://ent-orange-clinic.jp", "内容": "みみはなのどオレンジクリニック【2:診療所】【診療科目:耳鼻いんこう科_アレルギー科】岐阜県揖斐郡池田町池野３００番３" }, "geometry": { "type": "Point", "coordinates": [ 136.578031, 35.437522 ] } },
{ "type": "Feature", "properties": { "ID": 2121642008542, "正式名称": "かんべ内科クリニック", "機関区分": 2, "都道府県コード": 21, "市区町村コード": 202, "所在地": "岐阜県大垣市木戸町２丁目８０番地", "緯度": 35.366744, "経度": 136.606683, "url": "https://www.iryou.teikyouseido.mhlw.go.jp/znk-web/juminkanja/S2430/initialize?prefCd=21&kikanCd=1642008542&kikanKbn=2", "url2": "http:..www.kanbe-clinic.net", "内容": "かんべ内科クリニック【2:診療所】【診療科目:内科_漢方内科_小児科】岐阜県大垣市木戸町２丁目８０番地" }, "geometry": { "type": "Point", "coordinates": [ 136.606683, 35.366744 ] } },
{ "type": "Feature", "properties": { "ID": 2121642008559, "正式名称": "ますえクリニック", "機関区分": 2, "都道府県コード": 21, "市区町村コード": 202, "所在地": "岐阜県大垣市宮町", "緯度": 35.365629, "経度": 136.615565, "url": "https://www.iryou.teikyouseido.mhlw.go.jp/znk-web/juminkanja/S2430/initialize?prefCd=21&kikanCd=1642008559&kikanKbn=2", "url2": "http://masue-clinic.com", "内容": "ますえクリニック【2:診療所】【診療科目:泌尿器科_女性泌尿器科】岐阜県大垣市宮町" }, "geometry": { "type": "Point", "coordinates": [ 136.615565, 35.365629 ] } },
{ "type": "Feature", "properties": { "ID": 2121642008584, "正式名称": "はぶクリニック", "機関区分": 2, "都道府県コード": 21, "市区町村コード": 202, "所在地": "岐阜県大垣市宮町１丁目１番地　スイトテラス２階", "緯度": 35.365629, "経度": 136.615565, "url": "https://www.iryou.teikyouseido.mhlw.go.jp/znk-web/juminkanja/S2430/initialize?prefCd=21&kikanCd=1642008584&kikanKbn=2", "url2": "http://www.habu-kokoro.com", "内容": "はぶクリニック【2:診療所】【診療科目:精神科_心療内科】岐阜県大垣市宮町１丁目１番地　スイトテラス２階" }, "geometry": { "type": "Point", "coordinates": [ 136.615565, 35.365629 ] } },
{ "type": "Feature", "properties": { "ID": 2121642008635, "正式名称": "浅井耳鼻科クリニック", "機関区分": 2, "都道府県コード": 21, "市区町村コード": 202, "所在地": "岐阜県大垣市清水町２７番地", "緯度": 35.361157, "経度": 136.620444, "url": "https://www.iryou.teikyouseido.mhlw.go.jp/znk-web/juminkanja/S2430/initialize?prefCd=21&kikanCd=1642008635&kikanKbn=2", "url2": null, "内容": "浅井耳鼻科クリニック【2:診療所】【診療科目:小児科_耳鼻いんこう科_アレルギー科】岐阜県大垣市清水町２７番地" }, "geometry": { "type": "Point", "coordinates": [ 136.620444, 35.361157 ] } },
{ "type": "Feature", "properties": { "ID": 2121642008659, "正式名称": "国保関ケ原診療所", "機関区分": 2, "都道府県コード": 21, "市区町村コード": 362, "所在地": "岐阜県不破郡関ケ原町関ケ原２４９０番地の２９", "緯度": 35.358643, "経度": 136.467088, "url": "https://www.iryou.teikyouseido.mhlw.go.jp/znk-web/juminkanja/S2430/initialize?prefCd=21&kikanCd=1642008659&kikanKbn=2", "url2": "http://www.sekigahara-hosp.com/", "内容": "国保関ケ原診療所【2:診療所】【診療科目:内科_消化器内科_人工透析内科_外科_整形外科_リウマチ科_リハビリテーション科_放射線科_臨床検査科】岐阜県不破郡関ケ原町関ケ原２４９０番地の２９" }, "geometry": { "type": "Point", "coordinates": [ 136.467088, 35.358643 ] } },
{ "type": "Feature", "properties": { "ID": 2121642008664, "正式名称": "大垣駅前くぼた眼科", "機関区分": 2, "都道府県コード": 21, "市区町村コード": 202, "所在地": "岐阜県大垣市高屋町１－１５０－３エイゲンビル二階", "緯度": 35.366224, "経度": 136.616507, "url": "https://www.iryou.teikyouseido.mhlw.go.jp/znk-web/juminkanja/S2430/initialize?prefCd=21&kikanCd=1642008664&kikanKbn=2", "url2": "http://www.ogakiekimae-kubotaganka.com", "内容": "大垣駅前くぼた眼科【2:診療所】【診療科目:眼科】岐阜県大垣市高屋町１－１５０－３エイゲンビル二階" }, "geometry": { "type": "Point", "coordinates": [ 136.616507, 35.366224 ] } },
{ "type": "Feature", "properties": { "ID": 2121642008689, "正式名称": "いび漢方クリニック", "機関区分": 2, "都道府県コード": 21, "市区町村コード": 401, "所在地": "岐阜県揖斐郡揖斐川町三輪４５１番地", "緯度": 35.487089, "経度": 136.571835, "url": "https://www.iryou.teikyouseido.mhlw.go.jp/znk-web/juminkanja/S2430/initialize?prefCd=21&kikanCd=1642008689&kikanKbn=2", "url2": "http://www.ibikanpou-clinic.sakuraweb.com", "内容": "いび漢方クリニック【2:診療所】【診療科目:漢方内科_整形外科】岐阜県揖斐郡揖斐川町三輪４５１番地" }, "geometry": { "type": "Point", "coordinates": [ 136.571835, 35.487089 ] } },
{ "type": "Feature", "properties": { "ID": 2121642008704, "正式名称": "赤坂あきたクリニック", "機関区分": 2, "都道府県コード": 21, "市区町村コード": 202, "所在地": "岐阜県大垣市草道島町５０８番地", "緯度": 35.394016, "経度": 136.592092, "url": "https://www.iryou.teikyouseido.mhlw.go.jp/znk-web/juminkanja/S2430/initialize?prefCd=21&kikanCd=1642008704&kikanKbn=2", "url2": "http://akasaka-clinic.net", "内容": "赤坂あきたクリニック【2:診療所】【診療科目:内科_消化器内科_肝臓内科_小児科】岐阜県大垣市草道島町５０８番地" }, "geometry": { "type": "Point", "coordinates": [ 136.592092, 35.394016 ] } },
{ "type": "Feature", "properties": { "ID": 2121642008822, "正式名称": "ふじい内科クリニック", "機関区分": 2, "都道府県コード": 21, "市区町村コード": 404, "所在地": "岐阜県揖斐郡池田町本郷９１７－１", "緯度": 35.448751, "経度": 136.56414, "url": "https://www.iryou.teikyouseido.mhlw.go.jp/znk-web/juminkanja/S2430/initialize?prefCd=21&kikanCd=1642008822&kikanKbn=2", "url2": "http://www.fujii-naika.com", "内容": "ふじい内科クリニック【2:診療所】【診療科目:内科_消化器内科_小児科】岐阜県揖斐郡池田町本郷９１７－１" }, "geometry": { "type": "Point", "coordinates": [ 136.56414, 35.448751 ] } },
{ "type": "Feature", "properties": { "ID": 2121642008943, "正式名称": "医療法人　三幸会　大井内科クリニック", "機関区分": 2, "都道府県コード": 21, "市区町村コード": 202, "所在地": "岐阜県大垣市東前１－５８", "緯度": 35.351641, "経度": 136.630031, "url": "https://www.iryou.teikyouseido.mhlw.go.jp/znk-web/juminkanja/S2430/initialize?prefCd=21&kikanCd=1642008943&kikanKbn=2", "url2": "http://www.myclinic.ne.jp/oinaika/", "内容": "医療法人　三幸会　大井内科クリニック【2:診療所】【診療科目:内科_脳神経内科_循環器内科_老年内科_リハビリテーション科】岐阜県大垣市東前１－５８" }, "geometry": { "type": "Point", "coordinates": [ 136.630031, 35.351641 ] } },
{ "type": "Feature", "properties": { "ID": 2121642008944, "正式名称": "医療法人　あいはら医院", "機関区分": 2, "都道府県コード": 21, "市区町村コード": 341, "所在地": "岐阜県養老郡養老町宇田３９９－３", "緯度": 35.328855, "経度": 136.559891, "url": "https://www.iryou.teikyouseido.mhlw.go.jp/znk-web/juminkanja/S2430/initialize?prefCd=21&kikanCd=1642008944&kikanKbn=2", "url2": "https://www.aihara-c.com", "内容": "医療法人　あいはら医院【2:診療所】【診療科目:内科_消化器内科_小児科】岐阜県養老郡養老町宇田３９９－３" }, "geometry": { "type": "Point", "coordinates": [ 136.559891, 35.328855 ] } },
{ "type": "Feature", "properties": { "ID": 2121642008970, "正式名称": "大垣三宅眼科", "機関区分": 2, "都道府県コード": 21, "市区町村コード": 202, "所在地": "岐阜県大垣市大井２丁目４５番地", "緯度": 35.348167, "経度": 136.630911, "url": "https://www.iryou.teikyouseido.mhlw.go.jp/znk-web/juminkanja/S2430/initialize?prefCd=21&kikanCd=1642008970&kikanKbn=2", "url2": "https://www.ogakimiyake.com", "内容": "大垣三宅眼科【2:診療所】【診療科目:小児眼科_眼科】岐阜県大垣市大井２丁目４５番地" }, "geometry": { "type": "Point", "coordinates": [ 136.630911, 35.348167 ] } },
{ "type": "Feature", "properties": { "ID": 2121642008994, "正式名称": "大垣在宅クリニック", "機関区分": 2, "都道府県コード": 21, "市区町村コード": 202, "所在地": "岐阜県大垣市林町６－８０－５５　ＡＯＫＩ大垣駅北口ビル２階", "緯度": 35.367754, "経度": 136.615838, "url": "https://www.iryou.teikyouseido.mhlw.go.jp/znk-web/juminkanja/S2430/initialize?prefCd=21&kikanCd=1642008994&kikanKbn=2", "url2": "https://ogakizaitaku-clinic.com", "内容": "大垣在宅クリニック【2:診療所】【診療科目:内科_呼吸器内科_緩和ケア内科】岐阜県大垣市林町６－８０－５５　ＡＯＫＩ大垣駅北口ビル２階" }, "geometry": { "type": "Point", "coordinates": [ 136.615838, 35.367754 ] } },
{ "type": "Feature", "properties": { "ID": 2121642009035, "正式名称": "外野眼科", "機関区分": 2, "都道府県コード": 21, "市区町村コード": 202, "所在地": "岐阜県大垣市外野２丁目１００　イオンモール大垣１Ｆ", "緯度": 35.336818, "経度": 136.61375, "url": "https://www.iryou.teikyouseido.mhlw.go.jp/znk-web/juminkanja/S2430/initialize?prefCd=21&kikanCd=1642009035&kikanKbn=2", "url2": "https://sotono-ganka.navi-clinic.jp/", "内容": "外野眼科【2:診療所】【診療科目:眼科】岐阜県大垣市外野２丁目１００　イオンモール大垣１Ｆ" }, "geometry": { "type": "Point", "coordinates": [ 136.61375, 35.336818 ] } },
{ "type": "Feature", "properties": { "ID": 2121642009042, "正式名称": "まさきクリニック", "機関区分": 2, "都道府県コード": 21, "市区町村コード": 202, "所在地": "岐阜県大垣市長沢町五丁目１５番地１", "緯度": 35.354687, "経度": 136.641835, "url": "https://www.iryou.teikyouseido.mhlw.go.jp/znk-web/juminkanja/S2430/initialize?prefCd=21&kikanCd=1642009042&kikanKbn=2", "url2": "http://masaki-cl.jp/", "内容": "まさきクリニック【2:診療所】【診療科目:形成外科_皮膚科_美容皮膚科】岐阜県大垣市長沢町五丁目１５番地１" }, "geometry": { "type": "Point", "coordinates": [ 136.641835, 35.354687 ] } },
{ "type": "Feature", "properties": { "ID": 2121642009072, "正式名称": "なわ医院・乳腺クリニック", "機関区分": 2, "都道府県コード": 21, "市区町村コード": 202, "所在地": "岐阜県大垣市開発町３丁目２５番地１", "緯度": 35.383308, "経度": 136.638634, "url": "https://www.iryou.teikyouseido.mhlw.go.jp/znk-web/juminkanja/S2430/initialize?prefCd=21&kikanCd=1642009072&kikanKbn=2", "url2": "https://nawaclinic.com/", "内容": "なわ医院・乳腺クリニック【2:診療所】【診療科目:内科_外科_乳腺外科_小児科】岐阜県大垣市開発町３丁目２５番地１" }, "geometry": { "type": "Point", "coordinates": [ 136.638634, 35.383308 ] } },
{ "type": "Feature", "properties": { "ID": 2121642009102, "正式名称": "みみはなのど大垣西クリニック", "機関区分": 2, "都道府県コード": 21, "市区町村コード": 202, "所在地": "岐阜県大垣市桧町７９７番地", "緯度": 35.363068, "経度": 136.583753, "url": "https://www.iryou.teikyouseido.mhlw.go.jp/znk-web/juminkanja/S2430/initialize?prefCd=21&kikanCd=1642009102&kikanKbn=2", "url2": "https://mimi-hana-nodo.com", "内容": "みみはなのど大垣西クリニック【2:診療所】【診療科目:小児耳鼻いんこう科_耳鼻いんこう科_アレルギー科】岐阜県大垣市桧町７９７番地" }, "geometry": { "type": "Point", "coordinates": [ 136.583753, 35.363068 ] } },
{ "type": "Feature", "properties": { "ID": 2121642009103, "正式名称": "はしもと内科　糖尿病・内分泌クリニック", "機関区分": 2, "都道府県コード": 21, "市区町村コード": 202, "所在地": "岐阜県大垣市築捨町", "緯度": 35.338888, "経度": 136.622525, "url": "https://www.iryou.teikyouseido.mhlw.go.jp/znk-web/juminkanja/S2430/initialize?prefCd=21&kikanCd=1642009103&kikanKbn=2", "url2": "http://hashimoto-clinic-ogaki.com/", "内容": "はしもと内科　糖尿病・内分泌クリニック【2:診療所】【診療科目:内科_糖尿病内科_内分泌内科_小児科】岐阜県大垣市築捨町" }, "geometry": { "type": "Point", "coordinates": [ 136.622525, 35.338888 ] } },
{ "type": "Feature", "properties": { "ID": 2121642009289, "正式名称": "小林医院", "機関区分": 2, "都道府県コード": 21, "市区町村コード": 401, "所在地": "岐阜県揖斐郡揖斐川町黒田４３９", "緯度": 35.472315, "経度": 136.548331, "url": "https://www.iryou.teikyouseido.mhlw.go.jp/znk-web/juminkanja/S2430/initialize?prefCd=21&kikanCd=1642009289&kikanKbn=2", "url2": null, "内容": "小林医院【2:診療所】【診療科目:内科_外科_皮膚科_泌尿器科】岐阜県揖斐郡揖斐川町黒田４３９" }, "geometry": { "type": "Point", "coordinates": [ 136.548331, 35.472315 ] } },
{ "type": "Feature", "properties": { "ID": 2121642009328, "正式名称": "木村医院", "機関区分": 2, "都道府県コード": 21, "市区町村コード": 341, "所在地": "岐阜県養老郡養老町押越１０６１番地の１", "緯度": 35.30383, "経度": 136.556911, "url": "https://www.iryou.teikyouseido.mhlw.go.jp/znk-web/juminkanja/S2430/initialize?prefCd=21&kikanCd=1642009328&kikanKbn=2", "url2": "https://kimuraiin.jp", "内容": "木村医院【2:診療所】【診療科目:内科_呼吸器内科_消化器内科_アレルギー科】岐阜県養老郡養老町押越１０６１番地の１" }, "geometry": { "type": "Point", "coordinates": [ 136.556911, 35.30383 ] } },
{ "type": "Feature", "properties": { "ID": 2121642009335, "正式名称": "やまだ眼科クリニック", "機関区分": 2, "都道府県コード": 21, "市区町村コード": 221, "所在地": "岐阜県海津市南濃町太田７５０", "緯度": 35.178616, "経度": 136.627511, "url": "https://www.iryou.teikyouseido.mhlw.go.jp/znk-web/juminkanja/S2430/initialize?prefCd=21&kikanCd=1642009335&kikanKbn=2", "url2": "https://yamada-ganka-clinic.com/", "内容": "やまだ眼科クリニック【2:診療所】【診療科目:眼科】岐阜県海津市南濃町太田７５０" }, "geometry": { "type": "Point", "coordinates": [ 136.627511, 35.178616 ] } },
{ "type": "Feature", "properties": { "ID": 2121642009377, "正式名称": "いろは在宅ケアクリニック", "機関区分": 2, "都道府県コード": 21, "市区町村コード": 202, "所在地": "岐阜県大垣市南頬町１ー１１８ー１", "緯度": 35.355598, "経度": 136.624025, "url": "https://www.iryou.teikyouseido.mhlw.go.jp/znk-web/juminkanja/S2430/initialize?prefCd=21&kikanCd=1642009377&kikanKbn=2", "url2": "http://www.iroha-care.com", "内容": "いろは在宅ケアクリニック【2:診療所】【診療科目:内科_小児科_泌尿器科】岐阜県大垣市南頬町１ー１１８ー１" }, "geometry": { "type": "Point", "coordinates": [ 136.624025, 35.355598 ] } },
{ "type": "Feature", "properties": { "ID": 2121642009428, "正式名称": "医療法人社団図南会　榊原医院", "機関区分": 2, "都道府県コード": 21, "市区町村コード": 221, "所在地": "岐阜県海津市平田町三郷８９１番地１", "緯度": 35.259241, "経度": 136.646209, "url": "https://www.iryou.teikyouseido.mhlw.go.jp/znk-web/juminkanja/S2430/initialize?prefCd=21&kikanCd=1642009428&kikanKbn=2", "url2": "https://www.gifu-sakakibaraiin.com/", "内容": "医療法人社団図南会　榊原医院【2:診療所】【診療科目:内科_外科_小児科】岐阜県海津市平田町三郷８９１番地１" }, "geometry": { "type": "Point", "coordinates": [ 136.646209, 35.259241 ] } },
{ "type": "Feature", "properties": { "ID": 2121642009506, "正式名称": "石泉会和田医院", "機関区分": 2, "都道府県コード": 21, "市区町村コード": 202, "所在地": "岐阜県大垣市荒尾玉池１－３４", "緯度": 35.376804, "経度": 136.574446, "url": "https://www.iryou.teikyouseido.mhlw.go.jp/znk-web/juminkanja/S2430/initialize?prefCd=21&kikanCd=1642009506&kikanKbn=2", "url2": null, "内容": "石泉会和田医院【2:診療所】【診療科目:内科_糖尿病内科_精神科_心療内科】岐阜県大垣市荒尾玉池１－３４" }, "geometry": { "type": "Point", "coordinates": [ 136.574446, 35.376804 ] } },
{ "type": "Feature", "properties": { "ID": 2121642009673, "正式名称": "一般財団法人岐阜健康管理センター大垣健診プラザ", "機関区分": 2, "都道府県コード": 21, "市区町村コード": 202, "所在地": "岐阜県大垣市大井３－２１－９", "緯度": 35.346836, "経度": 136.62802, "url": "https://www.iryou.teikyouseido.mhlw.go.jp/znk-web/juminkanja/S2430/initialize?prefCd=21&kikanCd=1642009673&kikanKbn=2", "url2": "https://www.kanri.or.jp", "内容": "一般財団法人岐阜健康管理センター大垣健診プラザ【2:診療所】【診療科目:内科_消化器内科_婦人科_放射線科】岐阜県大垣市大井３－２１－９" }, "geometry": { "type": "Point", "coordinates": [ 136.62802, 35.346836 ] } },
{ "type": "Feature", "properties": { "ID": 2121642009722, "正式名称": "いながわこどもクリニック", "機関区分": 2, "都道府県コード": 21, "市区町村コード": 202, "所在地": "岐阜県大垣市三塚町１０８６ー１", "緯度": 35.364165, "経度": 136.629312, "url": "https://www.iryou.teikyouseido.mhlw.go.jp/znk-web/juminkanja/S2430/initialize?prefCd=21&kikanCd=1642009722&kikanKbn=2", "url2": "https://inagawa-kodomo-clinic.com", "内容": "いながわこどもクリニック【2:診療所】【診療科目:小児科_アレルギー科】岐阜県大垣市三塚町１０８６ー１" }, "geometry": { "type": "Point", "coordinates": [ 136.629312, 35.364165 ] } },
{ "type": "Feature", "properties": { "ID": 2121642009724, "正式名称": "ひなた在宅クリニック", "機関区分": 2, "都道府県コード": 21, "市区町村コード": 221, "所在地": "岐阜県海津市海津町馬目３５７", "緯度": 35.224274, "経度": 136.633617, "url": "https://www.iryou.teikyouseido.mhlw.go.jp/znk-web/juminkanja/S2430/initialize?prefCd=21&kikanCd=1642009724&kikanKbn=2", "url2": "https::www.hinata-zaitaku.com", "内容": "ひなた在宅クリニック【2:診療所】【診療科目:内科_泌尿器科】岐阜県海津市海津町馬目３５７" }, "geometry": { "type": "Point", "coordinates": [ 136.633617, 35.224274 ] } },
{ "type": "Feature", "properties": { "ID": 2121642009740, "正式名称": "金森医院", "機関区分": 2, "都道府県コード": 21, "市区町村コード": 202, "所在地": "岐阜県大垣市荒尾町５８", "緯度": 35.379673, "経度": 136.576979, "url": "https://www.iryou.teikyouseido.mhlw.go.jp/znk-web/juminkanja/S2430/initialize?prefCd=21&kikanCd=1642009740&kikanKbn=2", "url2": null, "内容": "金森医院【2:診療所】【診療科目:内科_消化器内科_婦人科】岐阜県大垣市荒尾町５８" }, "geometry": { "type": "Point", "coordinates": [ 136.576979, 35.379673 ] } },
{ "type": "Feature", "properties": { "ID": 2121642009763, "正式名称": "社会福祉法人和光会　和光会在宅クリニック大垣", "機関区分": 2, "都道府県コード": 21, "市区町村コード": 202, "所在地": "岐阜県大垣市三塚町丹瀬４６３ー１", "緯度": 35.366173, "経度": 136.630715, "url": "https://www.iryou.teikyouseido.mhlw.go.jp/znk-web/juminkanja/S2430/initialize?prefCd=21&kikanCd=1642009763&kikanKbn=2", "url2": "https://www.wakokai.or.jp/search/medical/wakoukaizaitaku-clinic-ogaki/", "内容": "社会福祉法人和光会　和光会在宅クリニック大垣【2:診療所】【診療科目:内科_緩和ケア内科_整形外科_婦人科_皮膚科_泌尿器科_精神科】岐阜県大垣市三塚町丹瀬４６３ー１" }, "geometry": { "type": "Point", "coordinates": [ 136.630715, 35.366173 ] } },
{ "type": "Feature", "properties": { "ID": 2121642009764, "正式名称": "村島内科", "機関区分": 2, "都道府県コード": 21, "市区町村コード": 202, "所在地": "岐阜県大垣市新馬場町１５番１", "緯度": 35.355698, "経度": 136.609241, "url": "https://www.iryou.teikyouseido.mhlw.go.jp/znk-web/juminkanja/S2430/initialize?prefCd=21&kikanCd=1642009764&kikanKbn=2", "url2": "https://www.murashima-naika.com", "内容": "村島内科【2:診療所】【診療科目:内科_循環器内科】岐阜県大垣市新馬場町１５番１" }, "geometry": { "type": "Point", "coordinates": [ 136.609241, 35.355698 ] } },
{ "type": "Feature", "properties": { "ID": 2121642009775, "正式名称": "養西診療所", "機関区分": 2, "都道府県コード": 21, "市区町村コード": 341, "所在地": "岐阜県養老郡養老町飯ノ木３３７－１", "緯度": 35.291374, "経度": 136.563174, "url": "https://www.iryou.teikyouseido.mhlw.go.jp/znk-web/juminkanja/S2430/initialize?prefCd=21&kikanCd=1642009775&kikanKbn=2", "url2": "https://yousei-clinic.com", "内容": "養西診療所【2:診療所】【診療科目:内科_消化器内科_頭頸部外科_小児科_耳鼻いんこう科_気管食道・耳鼻いんこう科_頭頸部・耳鼻いんこう科】岐阜県養老郡養老町飯ノ木３３７－１" }, "geometry": { "type": "Point", "coordinates": [ 136.563174, 35.291374 ] } },
{ "type": "Feature", "properties": { "ID": 2121642009779, "正式名称": "いその耳鼻咽喉科医院", "機関区分": 2, "都道府県コード": 21, "市区町村コード": 361, "所在地": "岐阜県不破郡垂井町垂井町２３５４－１", "緯度": 35.370349, "経度": 136.52694, "url": "https://www.iryou.teikyouseido.mhlw.go.jp/znk-web/juminkanja/S2430/initialize?prefCd=21&kikanCd=1642009779&kikanKbn=2", "url2": "https://isono-ent.com/", "内容": "いその耳鼻咽喉科医院【2:診療所】【診療科目:小児耳鼻いんこう科_耳鼻いんこう科】岐阜県不破郡垂井町垂井町２３５４－１" }, "geometry": { "type": "Point", "coordinates": [ 136.52694, 35.370349 ] } },
{ "type": "Feature", "properties": { "ID": 2121642009802, "正式名称": "いびがわ診療所", "機関区分": 2, "都道府県コード": 21, "市区町村コード": 401, "所在地": "岐阜県揖斐郡揖斐川町三輪２４９７", "緯度": 35.483258, "経度": 136.573832, "url": "https://www.iryou.teikyouseido.mhlw.go.jp/znk-web/juminkanja/S2430/initialize?prefCd=21&kikanCd=1642009802&kikanKbn=2", "url2": "https://ibigawa-jadecom.jp", "内容": "いびがわ診療所【2:診療所】【診療科目:内科_外科_小児科】岐阜県揖斐郡揖斐川町三輪２４９７" }, "geometry": { "type": "Point", "coordinates": [ 136.573832, 35.483258 ] } },
{ "type": "Feature", "properties": { "ID": 2121642009913, "正式名称": "かなもり内科・消化器内科クリニック", "機関区分": 2, "都道府県コード": 21, "市区町村コード": 202, "所在地": "岐阜県大垣市墨俣町墨俣５４４番地１", "緯度": 35.364346, "経度": 136.68205, "url": "https://www.iryou.teikyouseido.mhlw.go.jp/znk-web/juminkanja/S2430/initialize?prefCd=21&kikanCd=1642009913&kikanKbn=2", "url2": null, "内容": "かなもり内科・消化器内科クリニック【2:診療所】【診療科目:内科_消化器内科_内視鏡内科】岐阜県大垣市墨俣町墨俣５４４番地１" }, "geometry": { "type": "Point", "coordinates": [ 136.68205, 35.364346 ] } },
{ "type": "Feature", "properties": { "ID": 2121642009937, "正式名称": "はなみずき内科・内視鏡クリニック", "機関区分": 2, "都道府県コード": 21, "市区町村コード": 202, "所在地": "岐阜県大垣市林町７丁目８４０－１", "緯度": 35.376889, "経度": 136.623818, "url": "https://www.iryou.teikyouseido.mhlw.go.jp/znk-web/juminkanja/S2430/initialize?prefCd=21&kikanCd=1642009937&kikanKbn=2", "url2": "https://hanamizukinaika.com/", "内容": "はなみずき内科・内視鏡クリニック【2:診療所】【診療科目:内科_消化器内科_肝臓内科_内視鏡内科】岐阜県大垣市林町７丁目８４０－１" }, "geometry": { "type": "Point", "coordinates": [ 136.623818, 35.376889 ] } },
{ "type": "Feature", "properties": { "ID": 2121642010047, "正式名称": "かしの木クリニック", "機関区分": 2, "都道府県コード": 21, "市区町村コード": 361, "所在地": "岐阜県不破郡垂井町府中２３２９－１", "緯度": 35.383714, "経度": 136.525147, "url": "https://www.iryou.teikyouseido.mhlw.go.jp/znk-web/juminkanja/S2430/initialize?prefCd=21&kikanCd=1642010047&kikanKbn=2", "url2": null, "内容": "かしの木クリニック【2:診療所】【診療科目:内科】岐阜県不破郡垂井町府中２３２９－１" }, "geometry": { "type": "Point", "coordinates": [ 136.525147, 35.383714 ] } },
{ "type": "Feature", "properties": { "ID": 2121642010117, "正式名称": "かどた内科ハートクリニック", "機関区分": 2, "都道府県コード": 21, "市区町村コード": 341, "所在地": "岐阜県養老郡養老町押越１２３８－１", "緯度": 35.303012, "経度": 136.554866, "url": "https://www.iryou.teikyouseido.mhlw.go.jp/znk-web/juminkanja/S2430/initialize?prefCd=21&kikanCd=1642010117&kikanKbn=2", "url2": "https://kadotnaika-heart-cl.com/", "内容": "かどた内科ハートクリニック【2:診療所】【診療科目:内科_循環器内科】岐阜県養老郡養老町押越１２３８－１" }, "geometry": { "type": "Point", "coordinates": [ 136.554866, 35.303012 ] } },
{ "type": "Feature", "properties": { "ID": 2121642010138, "正式名称": "コスモクリニック", "機関区分": 2, "都道府県コード": 21, "市区町村コード": 401, "所在地": "岐阜県揖斐郡揖斐川町清水１６７３−１", "緯度": 35.472882, "経度": 136.593688, "url": "https://www.iryou.teikyouseido.mhlw.go.jp/znk-web/juminkanja/S2430/initialize?prefCd=21&kikanCd=1642010138&kikanKbn=2", "url2": "https://cosmo-neurological-clinic.com", "内容": "コスモクリニック【2:診療所】【診療科目:内科_脳神経内科_小児科_小児科】岐阜県揖斐郡揖斐川町清水１６７３−１" }, "geometry": { "type": "Point", "coordinates": [ 136.593688, 35.472882 ] } },
{ "type": "Feature", "properties": { "ID": 2121652000349, "正式名称": "小林クリニック", "機関区分": 2, "都道府県コード": 21, "市区町村コード": 501, "所在地": "岐阜県加茂郡坂祝町黒岩３８３－５", "緯度": 35.441397, "経度": 136.97349, "url": "https://www.iryou.teikyouseido.mhlw.go.jp/znk-web/juminkanja/S2430/initialize?prefCd=21&kikanCd=1652000349&kikanKbn=2", "url2": null, "内容": "小林クリニック【2:診療所】【診療科目:内科_脳神経外科_整形外科_リハビリテーション科】岐阜県加茂郡坂祝町黒岩３８３－５" }, "geometry": { "type": "Point", "coordinates": [ 136.97349, 35.441397 ] } },
{ "type": "Feature", "properties": { "ID": 2121652000358, "正式名称": "大矢クリニック", "機関区分": 2, "都道府県コード": 21, "市区町村コード": 504, "所在地": "岐阜県加茂郡七宗町上麻生", "緯度": 35.540171, "経度": 137.120372, "url": "https://www.iryou.teikyouseido.mhlw.go.jp/znk-web/juminkanja/S2430/initialize?prefCd=21&kikanCd=1652000358&kikanKbn=2", "url2": null, "内容": "大矢クリニック【2:診療所】【診療科目:内科_整形外科】岐阜県加茂郡七宗町上麻生" }, "geometry": { "type": "Point", "coordinates": [ 137.120372, 35.540171 ] } },
{ "type": "Feature", "properties": { "ID": 2121652000359, "正式名称": "小島内科", "機関区分": 2, "都道府県コード": 21, "市区町村コード": 504, "所在地": "岐阜県加茂郡七宗町上麻生２４４１－１", "緯度": 35.544111, "経度": 137.120502, "url": "https://www.iryou.teikyouseido.mhlw.go.jp/znk-web/juminkanja/S2430/initialize?prefCd=21&kikanCd=1652000359&kikanKbn=2", "url2": null, "内容": "小島内科【2:診療所】【診療科目:内科_消化器内科_小児科_皮膚科】岐阜県加茂郡七宗町上麻生２４４１－１" }, "geometry": { "type": "Point", "coordinates": [ 137.120502, 35.544111 ] } },
{ "type": "Feature", "properties": { "ID": 2121652000361, "正式名称": "カブチ山田クリニック", "機関区分": 2, "都道府県コード": 21, "市区町村コード": 504, "所在地": "岐阜県加茂郡七宗町神渕字履井１０２９０ー１", "緯度": 35.589356, "経度": 137.086508, "url": "https://www.iryou.teikyouseido.mhlw.go.jp/znk-web/juminkanja/S2430/initialize?prefCd=21&kikanCd=1652000361&kikanKbn=2", "url2": "http://www.breakthrough-to-the-future.com/contents5.html", "内容": "カブチ山田クリニック【2:診療所】【診療科目:内科_外科_消化器外科_整形外科_小児科_婦人科】岐阜県加茂郡七宗町神渕字履井１０２９０ー１" }, "geometry": { "type": "Point", "coordinates": [ 137.086508, 35.589356 ] } },
{ "type": "Feature", "properties": { "ID": 2121652000365, "正式名称": "川辺やすらぎクリニック", "機関区分": 2, "都道府県コード": 21, "市区町村コード": 503, "所在地": "岐阜県加茂郡川辺町下川辺字蔵東４８１−１", "緯度": 35.472615, "経度": 137.054516, "url": "https://www.iryou.teikyouseido.mhlw.go.jp/znk-web/juminkanja/S2430/initialize?prefCd=21&kikanCd=1652000365&kikanKbn=2", "url2": null, "内容": "川辺やすらぎクリニック【2:診療所】【診療科目:内科_精神科_神経科】岐阜県加茂郡川辺町下川辺字蔵東４８１−１" }, "geometry": { "type": "Point", "coordinates": [ 137.054516, 35.472615 ] } },
{ "type": "Feature", "properties": { "ID": 2121652000367, "正式名称": "有本整形外科", "機関区分": 2, "都道府県コード": 21, "市区町村コード": 503, "所在地": "岐阜県加茂郡川辺町石神８０番地", "緯度": 35.494988, "経度": 137.068368, "url": "https://www.iryou.teikyouseido.mhlw.go.jp/znk-web/juminkanja/S2430/initialize?prefCd=21&kikanCd=1652000367&kikanKbn=2", "url2": "arimoto-seikei.jp", "内容": "有本整形外科【2:診療所】【診療科目:整形外科_リウマチ科_リハビリテーション科】岐阜県加茂郡川辺町石神８０番地" }, "geometry": { "type": "Point", "coordinates": [ 137.068368, 35.494988 ] } },
{ "type": "Feature", "properties": { "ID": 2121652000382, "正式名称": "大賀医院", "機関区分": 2, "都道府県コード": 21, "市区町村コード": 506, "所在地": "岐阜県加茂郡白川町赤河１４３１", "緯度": 35.547869, "経度": 137.259438, "url": "https://www.iryou.teikyouseido.mhlw.go.jp/znk-web/juminkanja/S2430/initialize?prefCd=21&kikanCd=1652000382&kikanKbn=2", "url2": null, "内容": "大賀医院【2:診療所】【診療科目:内科_小児科】岐阜県加茂郡白川町赤河１４３１" }, "geometry": { "type": "Point", "coordinates": [ 137.259438, 35.547869 ] } },
{ "type": "Feature", "properties": { "ID": 2121652000386, "正式名称": "粕谷医院久田見分院", "機関区分": 2, "都道府県コード": 21, "市区町村コード": 505, "所在地": "岐阜県加茂郡八百津町久田見字赤坂２５０４ー２", "緯度": 35.516481, "経度": 137.188768, "url": "https://www.iryou.teikyouseido.mhlw.go.jp/znk-web/juminkanja/S2430/initialize?prefCd=21&kikanCd=1652000386&kikanKbn=2", "url2": null, "内容": "粕谷医院久田見分院【2:診療所】【診療科目:内科_呼吸器内科_消化器内科_外科_リハビリテーション科】岐阜県加茂郡八百津町久田見字赤坂２５０４ー２" }, "geometry": { "type": "Point", "coordinates": [ 137.188768, 35.516481 ] } },
{ "type": "Feature", "properties": { "ID": 2121652000388, "正式名称": "八百津町潮南診療所", "機関区分": 2, "都道府県コード": 21, "市区町村コード": 505, "所在地": "岐阜県加茂郡八百津町潮見８０８ー９", "緯度": 35.486683, "経度": 137.245772, "url": "https://www.iryou.teikyouseido.mhlw.go.jp/znk-web/juminkanja/S2430/initialize?prefCd=21&kikanCd=1652000388&kikanKbn=2", "url2": null, "内容": "八百津町潮南診療所【2:診療所】【診療科目:内科_外科】岐阜県加茂郡八百津町潮見８０８ー９" }, "geometry": { "type": "Point", "coordinates": [ 137.245772, 35.486683 ] } },
{ "type": "Feature", "properties": { "ID": 2121652000390, "正式名称": "粕谷医院", "機関区分": 2, "都道府県コード": 21, "市区町村コード": 505, "所在地": "岐阜県加茂郡八百津町八百津", "緯度": 35.475357, "経度": 137.147995, "url": "https://www.iryou.teikyouseido.mhlw.go.jp/znk-web/juminkanja/S2430/initialize?prefCd=21&kikanCd=1652000390&kikanKbn=2", "url2": null, "内容": "粕谷医院【2:診療所】【診療科目:内科_外科_リハビリテーション科】岐阜県加茂郡八百津町八百津" }, "geometry": { "type": "Point", "coordinates": [ 137.147995, 35.475357 ] } },
{ "type": "Feature", "properties": { "ID": 2121652000393, "正式名称": "佐藤クリニック", "機関区分": 2, "都道府県コード": 21, "市区町村コード": 505, "所在地": "岐阜県加茂郡八百津町八百津４２２８ー４", "緯度": 35.478758, "経度": 137.140591, "url": "https://www.iryou.teikyouseido.mhlw.go.jp/znk-web/juminkanja/S2430/initialize?prefCd=21&kikanCd=1652000393&kikanKbn=2", "url2": null, "内容": "佐藤クリニック【2:診療所】【診療科目:内科_皮膚科_泌尿器科_リハビリテーション科】岐阜県加茂郡八百津町八百津４２２８ー４" }, "geometry": { "type": "Point", "coordinates": [ 137.140591, 35.478758 ] } },
{ "type": "Feature", "properties": { "ID": 2121652000394, "正式名称": "八百津町福地診療所", "機関区分": 2, "都道府県コード": 21, "市区町村コード": 505, "所在地": "岐阜県加茂郡八百津町福地７５７ー２", "緯度": 35.529229, "経度": 137.239945, "url": "https://www.iryou.teikyouseido.mhlw.go.jp/znk-web/juminkanja/S2430/initialize?prefCd=21&kikanCd=1652000394&kikanKbn=2", "url2": null, "内容": "八百津町福地診療所【2:診療所】【診療科目:内科_外科】岐阜県加茂郡八百津町福地７５７ー２" }, "geometry": { "type": "Point", "coordinates": [ 137.239945, 35.529229 ] } },
{ "type": "Feature", "properties": { "ID": 2121652000395, "正式名称": "杉山クリニック", "機関区分": 2, "都道府県コード": 21, "市区町村コード": 502, "所在地": "岐阜県加茂郡富加町羽生１４８１－２", "緯度": 35.476026, "経度": 136.973037, "url": "https://www.iryou.teikyouseido.mhlw.go.jp/znk-web/juminkanja/S2430/initialize?prefCd=21&kikanCd=1652000395&kikanKbn=2", "url2": "http://sugiyamacl.com", "内容": "杉山クリニック【2:診療所】【診療科目:内科_循環器内科_消化器内科_小児科_アレルギー科_リハビリテーション科】岐阜県加茂郡富加町羽生１４８１－２" }, "geometry": { "type": "Point", "coordinates": [ 136.973037, 35.476026 ] } },
{ "type": "Feature", "properties": { "ID": 2121652000398, "正式名称": "明星診療所", "機関区分": 2, "都道府県コード": 21, "市区町村コード": 502, "所在地": "岐阜県加茂郡富加町夕田３８０", "緯度": 35.484948, "経度": 136.989389, "url": "https://www.iryou.teikyouseido.mhlw.go.jp/znk-web/juminkanja/S2430/initialize?prefCd=21&kikanCd=1652000398&kikanKbn=2", "url2": null, "内容": "明星診療所【2:診療所】【診療科目:内科】岐阜県加茂郡富加町夕田３８０" }, "geometry": { "type": "Point", "coordinates": [ 136.989389, 35.484948 ] } },
{ "type": "Feature", "properties": { "ID": 2121652000399, "正式名称": "蘇春館藤掛内科", "機関区分": 2, "都道府県コード": 21, "市区町村コード": 214, "所在地": "岐阜県可児市兼山６３０番地", "緯度": 35.457101, "経度": 137.093123, "url": "https://www.iryou.teikyouseido.mhlw.go.jp/znk-web/juminkanja/S2430/initialize?prefCd=21&kikanCd=1652000399&kikanKbn=2", "url2": null, "内容": "蘇春館藤掛内科【2:診療所】【診療科目:内科_脳神経内科】岐阜県可児市兼山６３０番地" }, "geometry": { "type": "Point", "coordinates": [ 137.093123, 35.457101 ] } },
{ "type": "Feature", "properties": { "ID": 2121652000405, "正式名称": "御嵩クリニック", "機関区分": 2, "都道府県コード": 21, "市区町村コード": 521, "所在地": "岐阜県可児郡御嵩町御嵩", "緯度": 35.431403, "経度": 137.144101, "url": "https://www.iryou.teikyouseido.mhlw.go.jp/znk-web/juminkanja/S2430/initialize?prefCd=21&kikanCd=1652000405&kikanKbn=2", "url2": null, "内容": "御嵩クリニック【2:診療所】【診療科目:内科_整形外科_リハビリテーション科】岐阜県可児郡御嵩町御嵩" }, "geometry": { "type": "Point", "coordinates": [ 137.144101, 35.431403 ] } },
{ "type": "Feature", "properties": { "ID": 2121652000410, "正式名称": "可児医院", "機関区分": 2, "都道府県コード": 21, "市区町村コード": 521, "所在地": "岐阜県可児郡御嵩町伏見８８５", "緯度": 35.438625, "経度": 137.083321, "url": "https://www.iryou.teikyouseido.mhlw.go.jp/znk-web/juminkanja/S2430/initialize?prefCd=21&kikanCd=1652000410&kikanKbn=2", "url2": null, "内容": "可児医院【2:診療所】【診療科目:内科_呼吸器内科_循環器内科_消化器内科_小児科】岐阜県可児郡御嵩町伏見８８５" }, "geometry": { "type": "Point", "coordinates": [ 137.083321, 35.438625 ] } },
{ "type": "Feature", "properties": { "ID": 2121652000413, "正式名称": "杉山こどもクリニック", "機関区分": 2, "都道府県コード": 21, "市区町村コード": 214, "所在地": "岐阜県可児市下恵土１６２５ー１", "緯度": 35.420542, "経度": 137.049323, "url": "https://www.iryou.teikyouseido.mhlw.go.jp/znk-web/juminkanja/S2430/initialize?prefCd=21&kikanCd=1652000413&kikanKbn=2", "url2": null, "内容": "杉山こどもクリニック【2:診療所】【診療科目:小児科】岐阜県可児市下恵土１６２５ー１" }, "geometry": { "type": "Point", "coordinates": [ 137.049323, 35.420542 ] } },
{ "type": "Feature", "properties": { "ID": 2121652000414, "正式名称": "熊谷医院", "機関区分": 2, "都道府県コード": 21, "市区町村コード": 214, "所在地": "岐阜県可児市下恵土１８４", "緯度": 35.426646, "経度": 137.057072, "url": "https://www.iryou.teikyouseido.mhlw.go.jp/znk-web/juminkanja/S2430/initialize?prefCd=21&kikanCd=1652000414&kikanKbn=2", "url2": null, "内容": "熊谷医院【2:診療所】【診療科目:内科_小児科_皮膚科】岐阜県可児市下恵土１８４" }, "geometry": { "type": "Point", "coordinates": [ 137.057072, 35.426646 ] } },
{ "type": "Feature", "properties": { "ID": 2121652000415, "正式名称": "あんどうクリニック", "機関区分": 2, "都道府県コード": 21, "市区町村コード": 214, "所在地": "岐阜県可児市下恵土３４４０ー６７８", "緯度": 35.425185, "経度": 137.046834, "url": "https://www.iryou.teikyouseido.mhlw.go.jp/znk-web/juminkanja/S2430/initialize?prefCd=21&kikanCd=1652000415&kikanKbn=2", "url2": "https://www.andoclinic.jp/", "内容": "あんどうクリニック【2:診療所】【診療科目:内科_循環器内科_消化器内科_小児科_リハビリテーション科】岐阜県可児市下恵土３４４０ー６７８" }, "geometry": { "type": "Point", "coordinates": [ 137.046834, 35.425185 ] } },
{ "type": "Feature", "properties": { "ID": 2121652000418, "正式名称": "加藤整形外科", "機関区分": 2, "都道府県コード": 21, "市区町村コード": 214, "所在地": "岐阜県可児市下恵土９１９", "緯度": 35.42766, "経度": 137.051013, "url": "https://www.iryou.teikyouseido.mhlw.go.jp/znk-web/juminkanja/S2430/initialize?prefCd=21&kikanCd=1652000418&kikanKbn=2", "url2": "http://clinic.katohseikei.com/", "内容": "加藤整形外科【2:診療所】【診療科目:整形外科_リウマチ科_リハビリテーション科】岐阜県可児市下恵土９１９" }, "geometry": { "type": "Point", "coordinates": [ 137.051013, 35.42766 ] } },
{ "type": "Feature", "properties": { "ID": 2121652000421, "正式名称": "さいとう耳鼻咽喉科", "機関区分": 2, "都道府県コード": 21, "市区町村コード": 214, "所在地": "岐阜県可児市下恵土針田４１１２", "緯度": 35.426102, "経度": 137.043594, "url": "https://www.iryou.teikyouseido.mhlw.go.jp/znk-web/juminkanja/S2430/initialize?prefCd=21&kikanCd=1652000421&kikanKbn=2", "url2": null, "内容": "さいとう耳鼻咽喉科【2:診療所】【診療科目:耳鼻いんこう科_アレルギー科】岐阜県可児市下恵土針田４１１２" }, "geometry": { "type": "Point", "coordinates": [ 137.043594, 35.426102 ] } },
{ "type": "Feature", "properties": { "ID": 2121652000430, "正式名称": "早稲田クリニック", "機関区分": 2, "都道府県コード": 21, "市区町村コード": 214, "所在地": "岐阜県可児市広見１丁目１７番地　大晃ビル３階", "緯度": 35.424939, "経度": 137.060958, "url": "https://www.iryou.teikyouseido.mhlw.go.jp/znk-web/juminkanja/S2430/initialize?prefCd=21&kikanCd=1652000430&kikanKbn=2", "url2": null, "内容": "早稲田クリニック【2:診療所】【診療科目:精神科】岐阜県可児市広見１丁目１７番地　大晃ビル３階" }, "geometry": { "type": "Point", "coordinates": [ 137.060958, 35.424939 ] } },
{ "type": "Feature", "properties": { "ID": 2121652000433, "正式名称": "とまつレディースクリニック", "機関区分": 2, "都道府県コード": 21, "市区町村コード": 214, "所在地": "岐阜県可児市広見２０９７", "緯度": 35.415987, "経度": 137.064778, "url": "https://www.iryou.teikyouseido.mhlw.go.jp/znk-web/juminkanja/S2430/initialize?prefCd=21&kikanCd=1652000433&kikanKbn=2", "url2": "https://www.tomatsu-lc.com/", "内容": "とまつレディースクリニック【2:診療所】【診療科目:産婦人科】岐阜県可児市広見２０９７" }, "geometry": { "type": "Point", "coordinates": [ 137.064778, 35.415987 ] } },
{ "type": "Feature", "properties": { "ID": 2121652000434, "正式名称": "堀澤医院", "機関区分": 2, "都道府県コード": 21, "市区町村コード": 214, "所在地": "岐阜県可児市広見２３１０ー１", "緯度": 35.413857, "経度": 137.062214, "url": "https://www.iryou.teikyouseido.mhlw.go.jp/znk-web/juminkanja/S2430/initialize?prefCd=21&kikanCd=1652000434&kikanKbn=2", "url2": "http://www.horizawa-iin.com/", "内容": "堀澤医院【2:診療所】【診療科目:内科_循環器内科_小児科_リハビリテーション科】岐阜県可児市広見２３１０ー１" }, "geometry": { "type": "Point", "coordinates": [ 137.062214, 35.413857 ] } },
{ "type": "Feature", "properties": { "ID": 2121652000435, "正式名称": "はせがわ小児科クリニック", "機関区分": 2, "都道府県コード": 21, "市区町村コード": 214, "所在地": "岐阜県可児市広見２４３７ー１", "緯度": 35.414066, "経度": 137.055428, "url": "https://www.iryou.teikyouseido.mhlw.go.jp/znk-web/juminkanja/S2430/initialize?prefCd=21&kikanCd=1652000435&kikanKbn=2", "url2": null, "内容": "はせがわ小児科クリニック【2:診療所】【診療科目:小児科】岐阜県可児市広見２４３７ー１" }, "geometry": { "type": "Point", "coordinates": [ 137.055428, 35.414066 ] } },
{ "type": "Feature", "properties": { "ID": 2121652000436, "正式名称": "宗宮整形外科", "機関区分": 2, "都道府県コード": 21, "市区町村コード": 214, "所在地": "岐阜県可児市広見３６−１", "緯度": 35.425887, "経度": 137.066339, "url": "https://www.iryou.teikyouseido.mhlw.go.jp/znk-web/juminkanja/S2430/initialize?prefCd=21&kikanCd=1652000436&kikanKbn=2", "url2": "https://somiya-orth.com/", "内容": "宗宮整形外科【2:診療所】【診療科目:整形外科_リウマチ科_リハビリテーション科】岐阜県可児市広見３６−１" }, "geometry": { "type": "Point", "coordinates": [ 137.066339, 35.425887 ] } },
{ "type": "Feature", "properties": { "ID": 2121652000443, "正式名称": "武市クリニック", "機関区分": 2, "都道府県コード": 21, "市区町村コード": 214, "所在地": "岐阜県可児市今渡１２５６－１", "緯度": 35.434604, "経度": 137.040687, "url": "https://www.iryou.teikyouseido.mhlw.go.jp/znk-web/juminkanja/S2430/initialize?prefCd=21&kikanCd=1652000443&kikanKbn=2", "url2": "http://web.clinicn.jp/takeichi-clinic-kani/", "内容": "武市クリニック【2:診療所】【診療科目:内科_循環器内科_小児科_アレルギー科】岐阜県可児市今渡１２５６－１" }, "geometry": { "type": "Point", "coordinates": [ 137.040687, 35.434604 ] } },
{ "type": "Feature", "properties": { "ID": 2121652000444, "正式名称": "奥村皮フ科", "機関区分": 2, "都道府県コード": 21, "市区町村コード": 214, "所在地": "岐阜県可児市今渡１６５３－１", "緯度": 35.434732, "経度": 137.044385, "url": "https://www.iryou.teikyouseido.mhlw.go.jp/znk-web/juminkanja/S2430/initialize?prefCd=21&kikanCd=1652000444&kikanKbn=2", "url2": "www.okumura-cl.com", "内容": "奥村皮フ科【2:診療所】【診療科目:皮膚科】岐阜県可児市今渡１６５３－１" }, "geometry": { "type": "Point", "coordinates": [ 137.044385, 35.434732 ] } },
{ "type": "Feature", "properties": { "ID": 2121652000449, "正式名称": "今井内科", "機関区分": 2, "都道府県コード": 21, "市区町村コード": 214, "所在地": "岐阜県可児市今渡１３３３ー１ー１", "緯度": 35.43392, "経度": 137.035732, "url": "https://www.iryou.teikyouseido.mhlw.go.jp/znk-web/juminkanja/S2430/initialize?prefCd=21&kikanCd=1652000449&kikanKbn=2", "url2": "https://www.imainaika.com", "内容": "今井内科【2:診療所】【診療科目:内科_内分泌内科_呼吸器内科】岐阜県可児市今渡１３３３ー１ー１" }, "geometry": { "type": "Point", "coordinates": [ 137.035732, 35.43392 ] } },
{ "type": "Feature", "properties": { "ID": 2121652000450, "正式名称": "ひまわりファミリークリニック", "機関区分": 2, "都道府県コード": 21, "市区町村コード": 214, "所在地": "岐阜県可児市坂戸", "緯度": 35.416039, "経度": 137.031023, "url": "https://www.iryou.teikyouseido.mhlw.go.jp/znk-web/juminkanja/S2430/initialize?prefCd=21&kikanCd=1652000450&kikanKbn=2", "url2": null, "内容": "ひまわりファミリークリニック【2:診療所】【診療科目:内科_小児科_皮膚科_アレルギー科】岐阜県可児市坂戸" }, "geometry": { "type": "Point", "coordinates": [ 137.031023, 35.416039 ] } },
{ "type": "Feature", "properties": { "ID": 2121652000451, "正式名称": "桜ヶ丘診療所", "機関区分": 2, "都道府県コード": 21, "市区町村コード": 214, "所在地": "岐阜県可児市桜ケ丘６丁目７３番の７", "緯度": 35.378706, "経度": 137.113844, "url": "https://www.iryou.teikyouseido.mhlw.go.jp/znk-web/juminkanja/S2430/initialize?prefCd=21&kikanCd=1652000451&kikanKbn=2", "url2": null, "内容": "桜ヶ丘診療所【2:診療所】【診療科目:内科_小児科】岐阜県可児市桜ケ丘６丁目７３番の７" }, "geometry": { "type": "Point", "coordinates": [ 137.113844, 35.378706 ] } },
{ "type": "Feature", "properties": { "ID": 2121652000454, "正式名称": "一般社団法人　仁慈会　西田醫院", "機関区分": 2, "都道府県コード": 21, "市区町村コード": 211, "所在地": "岐阜県美濃加茂市本郷町７丁目１３４ー１", "緯度": 35.45771, "経度": 137.041896, "url": "https://www.iryou.teikyouseido.mhlw.go.jp/znk-web/juminkanja/S2430/initialize?prefCd=21&kikanCd=1652000454&kikanKbn=2", "url2": "https://ncliniceye.main.jp/index.html", "内容": "一般社団法人　仁慈会　西田醫院【2:診療所】【診療科目:内科_小児科_眼科_放射線科】岐阜県美濃加茂市本郷町７丁目１３４ー１" }, "geometry": { "type": "Point", "coordinates": [ 137.041896, 35.45771 ] } },
{ "type": "Feature", "properties": { "ID": 2121652000455, "正式名称": "大野整形外科・外科医院", "機関区分": 2, "都道府県コード": 21, "市区町村コード": 214, "所在地": "岐阜県可児市皐ケ丘１丁目１０番地", "緯度": 35.382206, "経度": 137.102592, "url": "https://www.iryou.teikyouseido.mhlw.go.jp/znk-web/juminkanja/S2430/initialize?prefCd=21&kikanCd=1652000455&kikanKbn=2", "url2": null, "内容": "大野整形外科・外科医院【2:診療所】【診療科目:外科_整形外科_リハビリテーション科】岐阜県可児市皐ケ丘１丁目１０番地" }, "geometry": { "type": "Point", "coordinates": [ 137.102592, 35.382206 ] } },
{ "type": "Feature", "properties": { "ID": 2121652000456, "正式名称": "河内皮フ科形成外科", "機関区分": 2, "都道府県コード": 21, "市区町村コード": 214, "所在地": "岐阜県可児市菅刈字乗定８３９ー５　西可児メディカルセンター３Ｆ", "緯度": 35.404781, "経度": 137.003128, "url": "https://www.iryou.teikyouseido.mhlw.go.jp/znk-web/juminkanja/S2430/initialize?prefCd=21&kikanCd=1652000456&kikanKbn=2", "url2": null, "内容": "河内皮フ科形成外科【2:診療所】【診療科目:形成外科_皮膚科】岐阜県可児市菅刈字乗定８３９ー５　西可児メディカルセンター３Ｆ" }, "geometry": { "type": "Point", "coordinates": [ 137.003128, 35.404781 ] } },
{ "type": "Feature", "properties": { "ID": 2121652000457, "正式名称": "森岡耳鼻咽喉科", "機関区分": 2, "都道府県コード": 21, "市区町村コード": 214, "所在地": "岐阜県可児市菅刈字乗定８３９ー５", "緯度": 35.404833, "経度": 137.003009, "url": "https://www.iryou.teikyouseido.mhlw.go.jp/znk-web/juminkanja/S2430/initialize?prefCd=21&kikanCd=1652000457&kikanKbn=2", "url2": null, "内容": "森岡耳鼻咽喉科【2:診療所】【診療科目:耳鼻いんこう科】岐阜県可児市菅刈字乗定８３９ー５" }, "geometry": { "type": "Point", "coordinates": [ 137.003009, 35.404833 ] } },
{ "type": "Feature", "properties": { "ID": 2121652000460, "正式名称": "梶の木内科医院", "機関区分": 2, "都道府県コード": 21, "市区町村コード": 214, "所在地": "岐阜県可児市川合２３４０－１", "緯度": 35.439996, "経度": 137.058622, "url": "https://www.iryou.teikyouseido.mhlw.go.jp/znk-web/juminkanja/S2430/initialize?prefCd=21&kikanCd=1652000460&kikanKbn=2", "url2": "http://www.kajinokinaika.com", "内容": "梶の木内科医院【2:診療所】【診療科目:内科_呼吸器内科_循環器内科_胃腸内科_小児科_精神科_アレルギー科】岐阜県可児市川合２３４０－１" }, "geometry": { "type": "Point", "coordinates": [ 137.058622, 35.439996 ] } },
{ "type": "Feature", "properties": { "ID": 2121652000461, "正式名称": "みなもり内科クリニック", "機関区分": 2, "都道府県コード": 21, "市区町村コード": 214, "所在地": "岐阜県可児市中恵土１８８５", "緯度": 35.428484, "経度": 137.069664, "url": "https://www.iryou.teikyouseido.mhlw.go.jp/znk-web/juminkanja/S2430/initialize?prefCd=21&kikanCd=1652000461&kikanKbn=2", "url2": null, "内容": "みなもり内科クリニック【2:診療所】【診療科目:内科_循環器内科_消化器内科_小児科】岐阜県可児市中恵土１８８５" }, "geometry": { "type": "Point", "coordinates": [ 137.069664, 35.428484 ] } },
{ "type": "Feature", "properties": { "ID": 2121652000462, "正式名称": "医療法人社団　山本内科耳鼻科", "機関区分": 2, "都道府県コード": 21, "市区町村コード": 214, "所在地": "岐阜県可児市長坂", "緯度": 35.399467, "経度": 137.007448, "url": "https://www.iryou.teikyouseido.mhlw.go.jp/znk-web/juminkanja/S2430/initialize?prefCd=21&kikanCd=1652000462&kikanKbn=2", "url2": "http://www.ctk.ne.jp/~yamamoto", "内容": "医療法人社団　山本内科耳鼻科【2:診療所】【診療科目:内科_循環器内科_小児科_耳鼻いんこう科】岐阜県可児市長坂" }, "geometry": { "type": "Point", "coordinates": [ 137.007448, 35.399467 ] } },
{ "type": "Feature", "properties": { "ID": 2121652000464, "正式名称": "たかぎ内科", "機関区分": 2, "都道府県コード": 21, "市区町村コード": 214, "所在地": "岐阜県可児市土田３５５１－１", "緯度": 35.426927, "経度": 137.010773, "url": "https://www.iryou.teikyouseido.mhlw.go.jp/znk-web/juminkanja/S2430/initialize?prefCd=21&kikanCd=1652000464&kikanKbn=2", "url2": "https://www.takagi-naika.jp/", "内容": "たかぎ内科【2:診療所】【診療科目:内科_糖尿病内科_呼吸器内科_循環器内科_小児科】岐阜県可児市土田３５５１－１" }, "geometry": { "type": "Point", "coordinates": [ 137.010773, 35.426927 ] } },
{ "type": "Feature", "properties": { "ID": 2121652000469, "正式名称": "かたびら眼科", "機関区分": 2, "都道府県コード": 21, "市区町村コード": 214, "所在地": "岐阜県可児市東帷子３８７７番地", "緯度": 35.400384, "経度": 137.010316, "url": "https://www.iryou.teikyouseido.mhlw.go.jp/znk-web/juminkanja/S2430/initialize?prefCd=21&kikanCd=1652000469&kikanKbn=2", "url2": null, "内容": "かたびら眼科【2:診療所】【診療科目:眼科】岐阜県可児市東帷子３８７７番地" }, "geometry": { "type": "Point", "coordinates": [ 137.010316, 35.400384 ] } },
{ "type": "Feature", "properties": { "ID": 2121652000472, "正式名称": "西可児眼科クリニック", "機関区分": 2, "都道府県コード": 21, "市区町村コード": 214, "所在地": "岐阜県可児市帷子新町２ー７２", "緯度": 35.403063, "経度": 137.012148, "url": "https://www.iryou.teikyouseido.mhlw.go.jp/znk-web/juminkanja/S2430/initialize?prefCd=21&kikanCd=1652000472&kikanKbn=2", "url2": "http://www.nishikani-gannka.jp/", "内容": "西可児眼科クリニック【2:診療所】【診療科目:眼科】岐阜県可児市帷子新町２ー７２" }, "geometry": { "type": "Point", "coordinates": [ 137.012148, 35.403063 ] } },
{ "type": "Feature", "properties": { "ID": 2121652000474, "正式名称": "西可児医院", "機関区分": 2, "都道府県コード": 21, "市区町村コード": 214, "所在地": "岐阜県可児市帷子新町２丁目９９", "緯度": 35.40252, "経度": 137.010934, "url": "https://www.iryou.teikyouseido.mhlw.go.jp/znk-web/juminkanja/S2430/initialize?prefCd=21&kikanCd=1652000474&kikanKbn=2", "url2": "https://www.nishikaniiin.com/", "内容": "西可児医院【2:診療所】【診療科目:内科_腎臓内科_外科_小児科】岐阜県可児市帷子新町２丁目９９" }, "geometry": { "type": "Point", "coordinates": [ 137.010934, 35.40252 ] } },
{ "type": "Feature", "properties": { "ID": 2121652001244, "正式名称": "大和医院", "機関区分": 2, "都道府県コード": 21, "市区町村コード": 219, "所在地": "岐阜県郡上市大和町徳永７８８", "緯度": 35.806616, "経度": 136.902518, "url": "https://www.iryou.teikyouseido.mhlw.go.jp/znk-web/juminkanja/S2430/initialize?prefCd=21&kikanCd=1652001244&kikanKbn=2", "url2": null, "内容": "大和医院【2:診療所】【診療科目:内科_消化器内科_外科_肛門外科】岐阜県郡上市大和町徳永７８８" }, "geometry": { "type": "Point", "coordinates": [ 136.902518, 35.806616 ] } },
{ "type": "Feature", "properties": { "ID": 2121652001255, "正式名称": "杉下医院", "機関区分": 2, "都道府県コード": 21, "市区町村コード": 219, "所在地": "岐阜県郡上市八幡町五町３ー１５ー２", "緯度": 35.756398, "経度": 136.943568, "url": "https://www.iryou.teikyouseido.mhlw.go.jp/znk-web/juminkanja/S2430/initialize?prefCd=21&kikanCd=1652001255&kikanKbn=2", "url2": "http://www10.ocn.ne.jp/~c.sugi/", "内容": "杉下医院【2:診療所】【診療科目:内科_循環器内科】岐阜県郡上市八幡町五町３ー１５ー２" }, "geometry": { "type": "Point", "coordinates": [ 136.943568, 35.756398 ] } },
{ "type": "Feature", "properties": { "ID": 2121652001262, "正式名称": "堀谷医院", "機関区分": 2, "都道府県コード": 21, "市区町村コード": 219, "所在地": "岐阜県郡上市八幡町中坪１丁目７番地", "緯度": 35.757005, "経度": 136.954232, "url": "https://www.iryou.teikyouseido.mhlw.go.jp/znk-web/juminkanja/S2430/initialize?prefCd=21&kikanCd=1652001262&kikanKbn=2", "url2": "https://website2.infomity.net/8250000099/index.html", "内容": "堀谷医院【2:診療所】【診療科目:内科_糖尿病・内分泌内科_内分泌外科_皮膚科_リハビリテーション科】岐阜県郡上市八幡町中坪１丁目７番地" }, "geometry": { "type": "Point", "coordinates": [ 136.954232, 35.757005 ] } },
{ "type": "Feature", "properties": { "ID": 2121652001268, "正式名称": "ばんの内科", "機関区分": 2, "都道府県コード": 21, "市区町村コード": 219, "所在地": "岐阜県郡上市美並町白山７７９", "緯度": 35.660819, "経度": 136.956099, "url": "https://www.iryou.teikyouseido.mhlw.go.jp/znk-web/juminkanja/S2430/initialize?prefCd=21&kikanCd=1652001268&kikanKbn=2", "url2": null, "内容": "ばんの内科【2:診療所】【診療科目:内科_糖尿病内科_循環器内科_禁煙外来_小児科】岐阜県郡上市美並町白山７７９" }, "geometry": { "type": "Point", "coordinates": [ 136.956099, 35.660819 ] } },
{ "type": "Feature", "properties": { "ID": 2121652001270, "正式名称": "明宝医院", "機関区分": 2, "都道府県コード": 21, "市区町村コード": 219, "所在地": "岐阜県郡上市明宝大谷", "緯度": 35.843771, "経度": 137.027655, "url": "https://www.iryou.teikyouseido.mhlw.go.jp/znk-web/juminkanja/S2430/initialize?prefCd=21&kikanCd=1652001270&kikanKbn=2", "url2": null, "内容": "明宝医院【2:診療所】【診療科目:内科_小児科_皮膚科_アレルギー科】岐阜県郡上市明宝大谷" }, "geometry": { "type": "Point", "coordinates": [ 137.027655, 35.843771 ] } },
{ "type": "Feature", "properties": { "ID": 2121652001272, "正式名称": "県北西部地域医療センター国保高鷲診療所", "機関区分": 2, "都道府県コード": 21, "市区町村コード": 219, "所在地": "岐阜県郡上市高鷲町大鷲２０１−２", "緯度": 35.945411, "経度": 136.872097, "url": "https://www.iryou.teikyouseido.mhlw.go.jp/znk-web/juminkanja/S2430/initialize?prefCd=21&kikanCd=1652001272&kikanKbn=2", "url2": null, "内容": "県北西部地域医療センター国保高鷲診療所【2:診療所】【診療科目:内科_小児科】岐阜県郡上市高鷲町大鷲２０１−２" }, "geometry": { "type": "Point", "coordinates": [ 136.872097, 35.945411 ] } },
{ "type": "Feature", "properties": { "ID": 2121652001274, "正式名称": "きとう眼科大和診療所", "機関区分": 2, "都道府県コード": 21, "市区町村コード": 219, "所在地": "岐阜県郡上市大和町徳永８２１番地２", "緯度": 35.80606, "経度": 136.903444, "url": "https://www.iryou.teikyouseido.mhlw.go.jp/znk-web/juminkanja/S2430/initialize?prefCd=21&kikanCd=1652001274&kikanKbn=2", "url2": null, "内容": "きとう眼科大和診療所【2:診療所】【診療科目:眼科】岐阜県郡上市大和町徳永８２１番地２" }, "geometry": { "type": "Point", "coordinates": [ 136.903444, 35.80606 ] } },
{ "type": "Feature", "properties": { "ID": 2121652001275, "正式名称": "県北西部地域医療センター国保石徹白診療所", "機関区分": 2, "都道府県コード": 21, "市区町村コード": 219, "所在地": "岐阜県郡上市白鳥町石徹白３９ー５ー１", "緯度": 35.973155, "経度": 136.770371, "url": "https://www.iryou.teikyouseido.mhlw.go.jp/znk-web/juminkanja/S2430/initialize?prefCd=21&kikanCd=1652001275&kikanKbn=2", "url2": "http://www.gujo-tv.ne.jp/~clinic-wara/", "内容": "県北西部地域医療センター国保石徹白診療所【2:診療所】【診療科目:内科_小児科】岐阜県郡上市白鳥町石徹白３９ー５ー１" }, "geometry": { "type": "Point", "coordinates": [ 136.770371, 35.973155 ] } },
{ "type": "Feature", "properties": { "ID": 2121652001279, "正式名称": "和良保健福祉歯科総合施設", "機関区分": 2, "都道府県コード": 21, "市区町村コード": 219, "所在地": "岐阜県郡上市和良町沢８６５ー１", "緯度": 35.747497, "経度": 137.083002, "url": "https://www.iryou.teikyouseido.mhlw.go.jp/znk-web/juminkanja/S2430/initialize?prefCd=21&kikanCd=1652001279&kikanKbn=2", "url2": null, "内容": "和良保健福祉歯科総合施設【2:診療所】【診療科目:内科】岐阜県郡上市和良町沢８６５ー１" }, "geometry": { "type": "Point", "coordinates": [ 137.083002, 35.747497 ] } },
{ "type": "Feature", "properties": { "ID": 2121652001886, "正式名称": "野尻内科医院", "機関区分": 2, "都道府県コード": 21, "市区町村コード": 211, "所在地": "岐阜県美濃加茂市下米田町今１３４ー１", "緯度": 35.461083, "経度": 137.060975, "url": "https://www.iryou.teikyouseido.mhlw.go.jp/znk-web/juminkanja/S2430/initialize?prefCd=21&kikanCd=1652001886&kikanKbn=2", "url2": null, "内容": "野尻内科医院【2:診療所】【診療科目:内科_循環器内科_胃腸内科_皮膚科_アレルギー科_リハビリテーション科】岐阜県美濃加茂市下米田町今１３４ー１" }, "geometry": { "type": "Point", "coordinates": [ 137.060975, 35.461083 ] } },
{ "type": "Feature", "properties": { "ID": 2121652001890, "正式名称": "さぐち内科", "機関区分": 2, "都道府県コード": 21, "市区町村コード": 211, "所在地": "岐阜県美濃加茂市加茂野町今泉１５４９ー３", "緯度": 35.460803, "経度": 136.976106, "url": "https://www.iryou.teikyouseido.mhlw.go.jp/znk-web/juminkanja/S2430/initialize?prefCd=21&kikanCd=1652001890&kikanKbn=2", "url2": null, "内容": "さぐち内科【2:診療所】【診療科目:内科_呼吸器内科_小児科】岐阜県美濃加茂市加茂野町今泉１５４９ー３" }, "geometry": { "type": "Point", "coordinates": [ 136.976106, 35.460803 ] } },
{ "type": "Feature", "properties": { "ID": 2121652001904, "正式名称": "林クリニック", "機関区分": 2, "都道府県コード": 21, "市区町村コード": 211, "所在地": "岐阜県美濃加茂市前平町", "緯度": 35.451801, "経度": 137.006962, "url": "https://www.iryou.teikyouseido.mhlw.go.jp/znk-web/juminkanja/S2430/initialize?prefCd=21&kikanCd=1652001904&kikanKbn=2", "url2": "http://hayasi-clinic.org/", "内容": "林クリニック【2:診療所】【診療科目:内科_循環器内科_小児科_アレルギー科_リハビリテーション科】岐阜県美濃加茂市前平町" }, "geometry": { "type": "Point", "coordinates": [ 137.006962, 35.451801 ] } },
{ "type": "Feature", "properties": { "ID": 2121652001905, "正式名称": "医療法人　博和会　野尻整形外科", "機関区分": 2, "都道府県コード": 21, "市区町村コード": 211, "所在地": "岐阜県美濃加茂市太田町１８８７ー２", "緯度": 35.442814, "経度": 137.015284, "url": "https://www.iryou.teikyouseido.mhlw.go.jp/znk-web/juminkanja/S2430/initialize?prefCd=21&kikanCd=1652001905&kikanKbn=2", "url2": null, "内容": "医療法人　博和会　野尻整形外科【2:診療所】【診療科目:整形外科_リウマチ科_リハビリテーション科】岐阜県美濃加茂市太田町１８８７ー２" }, "geometry": { "type": "Point", "coordinates": [ 137.015284, 35.442814 ] } },
{ "type": "Feature", "properties": { "ID": 2121652001909, "正式名称": "横山医院", "機関区分": 2, "都道府県コード": 21, "市区町村コード": 211, "所在地": "岐阜県美濃加茂市太田町２６８８", "緯度": 35.442773, "経度": 137.018861, "url": "https://www.iryou.teikyouseido.mhlw.go.jp/znk-web/juminkanja/S2430/initialize?prefCd=21&kikanCd=1652001909&kikanKbn=2", "url2": null, "内容": "横山医院【2:診療所】【診療科目:耳鼻いんこう科_アレルギー科】岐阜県美濃加茂市太田町２６８８" }, "geometry": { "type": "Point", "coordinates": [ 137.018861, 35.442773 ] } },
{ "type": "Feature", "properties": { "ID": 2121652001911, "正式名称": "安藤小児科", "機関区分": 2, "都道府県コード": 21, "市区町村コード": 211, "所在地": "岐阜県美濃加茂市太田町２８２１ー４", "緯度": 35.441562, "経度": 137.015428, "url": "https://www.iryou.teikyouseido.mhlw.go.jp/znk-web/juminkanja/S2430/initialize?prefCd=21&kikanCd=1652001911&kikanKbn=2", "url2": "http://andou-shonika.com", "内容": "安藤小児科【2:診療所】【診療科目:小児科_アレルギー科】岐阜県美濃加茂市太田町２８２１ー４" }, "geometry": { "type": "Point", "coordinates": [ 137.015428, 35.441562 ] } },
{ "type": "Feature", "properties": { "ID": 2121652001912, "正式名称": "太田メディカルクリニック", "機関区分": 2, "都道府県コード": 21, "市区町村コード": 211, "所在地": "岐阜県美濃加茂市太田町２８２５", "緯度": 35.4403, "経度": 137.014443, "url": "https://www.iryou.teikyouseido.mhlw.go.jp/znk-web/juminkanja/S2430/initialize?prefCd=21&kikanCd=1652001912&kikanKbn=2", "url2": "https://www.ohta-hospital.jp/", "内容": "太田メディカルクリニック【2:診療所】【診療科目:内科_糖尿病内科_脂質代謝内科_呼吸器内科_循環器内科_消化器内科_内視鏡内科_外科_脳神経外科_血管外科_消化器外科_乳腺外科_肛門外科_整形外科_小児科_皮膚科_泌尿器科_アレルギー科_リウマチ科_リハビリテーション科】岐阜県美濃加茂市太田町２８２５" }, "geometry": { "type": "Point", "coordinates": [ 137.014443, 35.4403 ] } },
{ "type": "Feature", "properties": { "ID": 2121652001916, "正式名称": "医療法人　秀蘭会　渡辺医院", "機関区分": 2, "都道府県コード": 21, "市区町村コード": 211, "所在地": "岐阜県美濃加茂市太田町３４３６ー８", "緯度": 35.440543, "経度": 137.015881, "url": "https://www.iryou.teikyouseido.mhlw.go.jp/znk-web/juminkanja/S2430/initialize?prefCd=21&kikanCd=1652001916&kikanKbn=2", "url2": "https://www.shuurankai.com", "内容": "医療法人　秀蘭会　渡辺医院【2:診療所】【診療科目:内科_漢方内科_婦人科_麻酔科】岐阜県美濃加茂市太田町３４３６ー８" }, "geometry": { "type": "Point", "coordinates": [ 137.015881, 35.440543 ] } },
{ "type": "Feature", "properties": { "ID": 2121652001917, "正式名称": "近藤皮膚泌尿器科医院", "機関区分": 2, "都道府県コード": 21, "市区町村コード": 211, "所在地": "岐阜県美濃加茂市太田町", "緯度": 35.441914, "経度": 137.017509, "url": "https://www.iryou.teikyouseido.mhlw.go.jp/znk-web/juminkanja/S2430/initialize?prefCd=21&kikanCd=1652001917&kikanKbn=2", "url2": null, "内容": "近藤皮膚泌尿器科医院【2:診療所】【診療科目:皮膚科_泌尿器科】岐阜県美濃加茂市太田町" }, "geometry": { "type": "Point", "coordinates": [ 137.017509, 35.441914 ] } },
{ "type": "Feature", "properties": { "ID": 2121652001919, "正式名称": "医療法人正翠会　黒岩内科小児科クリニック", "機関区分": 2, "都道府県コード": 21, "市区町村コード": 211, "所在地": "岐阜県美濃加茂市太田本町２ー６ー１８", "緯度": 35.438087, "経度": 137.015602, "url": "https://www.iryou.teikyouseido.mhlw.go.jp/znk-web/juminkanja/S2430/initialize?prefCd=21&kikanCd=1652001919&kikanKbn=2", "url2": "http://www.kuroiwaiin.jp/", "内容": "医療法人正翠会　黒岩内科小児科クリニック【2:診療所】【診療科目:内科_消化器内科_小児科_アレルギー科_放射線科】岐阜県美濃加茂市太田本町２ー６ー１８" }, "geometry": { "type": "Point", "coordinates": [ 137.015602, 35.438087 ] } },
{ "type": "Feature", "properties": { "ID": 2121652001920, "正式名称": "岩永耳鼻咽喉科", "機関区分": 2, "都道府県コード": 21, "市区町村コード": 211, "所在地": "岐阜県美濃加茂市大手町２丁目２８番地", "緯度": 35.448679, "経度": 137.019283, "url": "https://www.iryou.teikyouseido.mhlw.go.jp/znk-web/juminkanja/S2430/initialize?prefCd=21&kikanCd=1652001920&kikanKbn=2", "url2": "http://www.ibiki-co.jp/", "内容": "岩永耳鼻咽喉科【2:診療所】【診療科目:小児科_耳鼻いんこう科_気管食道・耳鼻いんこう科_アレルギー科】岐阜県美濃加茂市大手町２丁目２８番地" }, "geometry": { "type": "Point", "coordinates": [ 137.019283, 35.448679 ] } },
{ "type": "Feature", "properties": { "ID": 2121652001921, "正式名称": "おきなか皮フ科", "機関区分": 2, "都道府県コード": 21, "市区町村コード": 211, "所在地": "岐阜県美濃加茂市大手町２丁目２３ー２", "緯度": 35.447549, "経度": 137.018387, "url": "https://www.iryou.teikyouseido.mhlw.go.jp/znk-web/juminkanja/S2430/initialize?prefCd=21&kikanCd=1652001921&kikanKbn=2", "url2": "okinaka-hifuka.com", "内容": "おきなか皮フ科【2:診療所】【診療科目:形成外科_皮膚科】岐阜県美濃加茂市大手町２丁目２３ー２" }, "geometry": { "type": "Point", "coordinates": [ 137.018387, 35.447549 ] } },
{ "type": "Feature", "properties": { "ID": 2121652001922, "正式名称": "山手クリニック", "機関区分": 2, "都道府県コード": 21, "市区町村コード": 211, "所在地": "岐阜県美濃加茂市田島町２ー１３ー１５", "緯度": 35.449008, "経度": 137.021474, "url": "https://www.iryou.teikyouseido.mhlw.go.jp/znk-web/juminkanja/S2430/initialize?prefCd=21&kikanCd=1652001922&kikanKbn=2", "url2": null, "内容": "山手クリニック【2:診療所】【診療科目:内科_循環器内科_小児科_皮膚科_アレルギー科】岐阜県美濃加茂市田島町２ー１３ー１５" }, "geometry": { "type": "Point", "coordinates": [ 137.021474, 35.449008 ] } },
{ "type": "Feature", "properties": { "ID": 2121652001924, "正式名称": "堀部医院", "機関区分": 2, "都道府県コード": 21, "市区町村コード": 211, "所在地": "岐阜県美濃加茂市蜂屋町下蜂屋３７２ー１", "緯度": 35.473883, "経度": 136.98811, "url": "https://www.iryou.teikyouseido.mhlw.go.jp/znk-web/juminkanja/S2430/initialize?prefCd=21&kikanCd=1652001924&kikanKbn=2", "url2": "http://www.myclinic.ne.jp/horibeiin/pc/", "内容": "堀部医院【2:診療所】【診療科目:内科_糖尿病内科_内分泌内科_老年内科_小児科_アレルギー科】岐阜県美濃加茂市蜂屋町下蜂屋３７２ー１" }, "geometry": { "type": "Point", "coordinates": [ 136.98811, 35.473883 ] } },
{ "type": "Feature", "properties": { "ID": 2121652001925, "正式名称": "土屋クリニック", "機関区分": 2, "都道府県コード": 21, "市区町村コード": 211, "所在地": "岐阜県美濃加茂市蜂屋町中蜂屋４４７９", "緯度": 35.470498, "経度": 137.010728, "url": "https://www.iryou.teikyouseido.mhlw.go.jp/znk-web/juminkanja/S2430/initialize?prefCd=21&kikanCd=1652001925&kikanKbn=2", "url2": null, "内容": "土屋クリニック【2:診療所】【診療科目:内科_消化器内科_小児科】岐阜県美濃加茂市蜂屋町中蜂屋４４７９" }, "geometry": { "type": "Point", "coordinates": [ 137.010728, 35.470498 ] } },
{ "type": "Feature", "properties": { "ID": 2121652006034, "正式名称": "いこまファミリークリニック", "機関区分": 2, "都道府県コード": 21, "市区町村コード": 211, "所在地": "岐阜県美濃加茂市加茂野町市橋", "緯度": 35.47814, "経度": 136.966397, "url": "https://www.iryou.teikyouseido.mhlw.go.jp/znk-web/juminkanja/S2430/initialize?prefCd=21&kikanCd=1652006034&kikanKbn=2", "url2": null, "内容": "いこまファミリークリニック【2:診療所】【診療科目:内科_呼吸器内科_小児科】岐阜県美濃加茂市加茂野町市橋" }, "geometry": { "type": "Point", "coordinates": [ 136.966397, 35.47814 ] } },
{ "type": "Feature", "properties": { "ID": 2121652006073, "正式名称": "濃飛ファミリークリニック", "機関区分": 2, "都道府県コード": 21, "市区町村コード": 503, "所在地": "岐阜県加茂郡川辺町西栃井１２２５ー１", "緯度": 35.481381, "経度": 137.06592, "url": "https://www.iryou.teikyouseido.mhlw.go.jp/znk-web/juminkanja/S2430/initialize?prefCd=21&kikanCd=1652006073&kikanKbn=2", "url2": "http://nouhifamilyclinic.com/", "内容": "濃飛ファミリークリニック【2:診療所】【診療科目:内科_呼吸器内科_循環器内科_消化器内科_外科_整形外科_小児科_リハビリテーション科】岐阜県加茂郡川辺町西栃井１２２５ー１" }, "geometry": { "type": "Point", "coordinates": [ 137.06592, 35.481381 ] } },
{ "type": "Feature", "properties": { "ID": 2121652006074, "正式名称": "やまだ内科クリニック", "機関区分": 2, "都道府県コード": 21, "市区町村コード": 214, "所在地": "岐阜県可児市菅刈字乗定８３９ー５西可児メディカルセンター１Ｆ", "緯度": 35.404857, "経度": 137.003169, "url": "https://www.iryou.teikyouseido.mhlw.go.jp/znk-web/juminkanja/S2430/initialize?prefCd=21&kikanCd=1652006074&kikanKbn=2", "url2": null, "内容": "やまだ内科クリニック【2:診療所】【診療科目:内科_消化器内科】岐阜県可児市菅刈字乗定８３９ー５西可児メディカルセンター１Ｆ" }, "geometry": { "type": "Point", "coordinates": [ 137.003169, 35.404857 ] } },
{ "type": "Feature", "properties": { "ID": 2121652006096, "正式名称": "わたなべ内科クリニック", "機関区分": 2, "都道府県コード": 21, "市区町村コード": 211, "所在地": "岐阜県美濃加茂市深田町３ー１９ー１", "緯度": 35.436672, "経度": 137.005174, "url": "https://www.iryou.teikyouseido.mhlw.go.jp/znk-web/juminkanja/S2430/initialize?prefCd=21&kikanCd=1652006096&kikanKbn=2", "url2": "http://www.watanabe-clinic.com/", "内容": "わたなべ内科クリニック【2:診療所】【診療科目:内科_呼吸器内科_アレルギー疾患内科_アレルギー科】岐阜県美濃加茂市深田町３ー１９ー１" }, "geometry": { "type": "Point", "coordinates": [ 137.005174, 35.436672 ] } },
{ "type": "Feature", "properties": { "ID": 2121652006097, "正式名称": "にしむら眼科", "機関区分": 2, "都道府県コード": 21, "市区町村コード": 214, "所在地": "岐阜県可児市下恵土４０２８－２", "緯度": 35.4262, "経度": 137.045056, "url": "https://www.iryou.teikyouseido.mhlw.go.jp/znk-web/juminkanja/S2430/initialize?prefCd=21&kikanCd=1652006097&kikanKbn=2", "url2": "https://nishimura-eye.jp/", "内容": "にしむら眼科【2:診療所】【診療科目:眼科】岐阜県可児市下恵土４０２８－２" }, "geometry": { "type": "Point", "coordinates": [ 137.045056, 35.4262 ] } },
{ "type": "Feature", "properties": { "ID": 2121652006160, "正式名称": "かわべ眼科", "機関区分": 2, "都道府県コード": 21, "市区町村コード": 503, "所在地": "岐阜県加茂郡川辺町中川辺２０５番地１", "緯度": 35.484766, "経度": 137.064808, "url": "https://www.iryou.teikyouseido.mhlw.go.jp/znk-web/juminkanja/S2430/initialize?prefCd=21&kikanCd=1652006160&kikanKbn=2", "url2": null, "内容": "かわべ眼科【2:診療所】【診療科目:内科_眼科】岐阜県加茂郡川辺町中川辺２０５番地１" }, "geometry": { "type": "Point", "coordinates": [ 137.064808, 35.484766 ] } },
{ "type": "Feature", "properties": { "ID": 2121652006174, "正式名称": "内科・循環器科　たはら心臓血管クリニック", "機関区分": 2, "都道府県コード": 21, "市区町村コード": 521, "所在地": "岐阜県可児郡御嵩町中２４４４", "緯度": 35.433162, "経度": 137.127638, "url": "https://www.iryou.teikyouseido.mhlw.go.jp/znk-web/juminkanja/S2430/initialize?prefCd=21&kikanCd=1652006174&kikanKbn=2", "url2": "tcvcmt.jimdofree.com", "内容": "内科・循環器科　たはら心臓血管クリニック【2:診療所】【診療科目:内科_呼吸器内科_循環器内科_心臓血管外科】岐阜県可児郡御嵩町中２４４４" }, "geometry": { "type": "Point", "coordinates": [ 137.127638, 35.433162 ] } },
{ "type": "Feature", "properties": { "ID": 2121652006253, "正式名称": "Ａｋｉ　なかむら　クリニック", "機関区分": 2, "都道府県コード": 21, "市区町村コード": 214, "所在地": "岐阜県可児市坂戸字前田５９９", "緯度": 35.414944, "経度": 137.037661, "url": "https://www.iryou.teikyouseido.mhlw.go.jp/znk-web/juminkanja/S2430/initialize?prefCd=21&kikanCd=1652006253&kikanKbn=2", "url2": "https://akinakamura-sakado.com/", "内容": "Ａｋｉ　なかむら　クリニック【2:診療所】【診療科目:内科_消化器内科_外科_肛門外科】岐阜県可児市坂戸字前田５９９" }, "geometry": { "type": "Point", "coordinates": [ 137.037661, 35.414944 ] } },
{ "type": "Feature", "properties": { "ID": 2121652006448, "正式名称": "アカシクリニック", "機関区分": 2, "都道府県コード": 21, "市区町村コード": 521, "所在地": "岐阜県可児郡御嵩町上恵土１２８５－１", "緯度": 35.433474, "経度": 137.076845, "url": "https://www.iryou.teikyouseido.mhlw.go.jp/znk-web/juminkanja/S2430/initialize?prefCd=21&kikanCd=1652006448&kikanKbn=2", "url2": "http://www.akashi-clinic.org/", "内容": "アカシクリニック【2:診療所】【診療科目:内科_外科_脳神経外科_精神科】岐阜県可児郡御嵩町上恵土１２８５－１" }, "geometry": { "type": "Point", "coordinates": [ 137.076845, 35.433474 ] } },
{ "type": "Feature", "properties": { "ID": 2121652006462, "正式名称": "安田内科クリニック", "機関区分": 2, "都道府県コード": 21, "市区町村コード": 211, "所在地": "岐阜県美濃加茂市田島町４丁目８番地６", "緯度": 35.448398, "経度": 137.027225, "url": "https://www.iryou.teikyouseido.mhlw.go.jp/znk-web/juminkanja/S2430/initialize?prefCd=21&kikanCd=1652006462&kikanKbn=2", "url2": null, "内容": "安田内科クリニック【2:診療所】【診療科目:内科_糖尿病内科_呼吸器内科_循環器内科_消化器内科】岐阜県美濃加茂市田島町４丁目８番地６" }, "geometry": { "type": "Point", "coordinates": [ 137.027225, 35.448398 ] } },
{ "type": "Feature", "properties": { "ID": 2121652006465, "正式名称": "くろだ胃腸科内科", "機関区分": 2, "都道府県コード": 21, "市区町村コード": 214, "所在地": "岐阜県可児市塩９１７番１", "緯度": 35.413578, "経度": 137.024728, "url": "https://www.iryou.teikyouseido.mhlw.go.jp/znk-web/juminkanja/S2430/initialize?prefCd=21&kikanCd=1652006465&kikanKbn=2", "url2": "http://www.kurodaclinic.com/", "内容": "くろだ胃腸科内科【2:診療所】【診療科目:内科_胃腸内科】岐阜県可児市塩９１７番１" }, "geometry": { "type": "Point", "coordinates": [ 137.024728, 35.413578 ] } },
{ "type": "Feature", "properties": { "ID": 2121652006471, "正式名称": "すえたけ眼科クリニック", "機関区分": 2, "都道府県コード": 21, "市区町村コード": 219, "所在地": "岐阜県郡上市八幡町稲成３０４番地１", "緯度": 35.741364, "経度": 136.947953, "url": "https://www.iryou.teikyouseido.mhlw.go.jp/znk-web/juminkanja/S2430/initialize?prefCd=21&kikanCd=1652006471&kikanKbn=2", "url2": "http://suetake-eye.com/", "内容": "すえたけ眼科クリニック【2:診療所】【診療科目:眼科】岐阜県郡上市八幡町稲成３０４番地１" }, "geometry": { "type": "Point", "coordinates": [ 136.947953, 35.741364 ] } },
{ "type": "Feature", "properties": { "ID": 2121652006475, "正式名称": "つるだクリニック", "機関区分": 2, "都道府県コード": 21, "市区町村コード": 219, "所在地": "岐阜県郡上市高鷲町大鷲２０４９－１", "緯度": 35.945156, "経度": 136.87581, "url": "https://www.iryou.teikyouseido.mhlw.go.jp/znk-web/juminkanja/S2430/initialize?prefCd=21&kikanCd=1652006475&kikanKbn=2", "url2": "https://tsuruda-clinic.com", "内容": "つるだクリニック【2:診療所】【診療科目:内科_小児科_リハビリテーション科】岐阜県郡上市高鷲町大鷲２０４９－１" }, "geometry": { "type": "Point", "coordinates": [ 136.87581, 35.945156 ] } },
{ "type": "Feature", "properties": { "ID": 2121652006484, "正式名称": "医療法人社団麟生会　田原医院", "機関区分": 2, "都道府県コード": 21, "市区町村コード": 503, "所在地": "岐阜県加茂郡川辺町中川辺１５４４", "緯度": 35.485533, "経度": 137.0693, "url": "https://www.iryou.teikyouseido.mhlw.go.jp/znk-web/juminkanja/S2430/initialize?prefCd=21&kikanCd=1652006484&kikanKbn=2", "url2": null, "内容": "医療法人社団麟生会　田原医院【2:診療所】【診療科目:内科_消化器内科_外科_小児科_皮膚科_リハビリテーション科_放射線科】岐阜県加茂郡川辺町中川辺１５４４" }, "geometry": { "type": "Point", "coordinates": [ 137.0693, 35.485533 ] } },
{ "type": "Feature", "properties": { "ID": 2121652006502, "正式名称": "こじま内科循環器科", "機関区分": 2, "都道府県コード": 21, "市区町村コード": 211, "所在地": "岐阜県美濃加茂市太田町３５２９－３", "緯度": 35.440961, "経度": 137.018235, "url": "https://www.iryou.teikyouseido.mhlw.go.jp/znk-web/juminkanja/S2430/initialize?prefCd=21&kikanCd=1652006502&kikanKbn=2", "url2": null, "内容": "こじま内科循環器科【2:診療所】【診療科目:内科_循環器内科】岐阜県美濃加茂市太田町３５２９－３" }, "geometry": { "type": "Point", "coordinates": [ 137.018235, 35.440961 ] } },
{ "type": "Feature", "properties": { "ID": 2121652006524, "正式名称": "県北西部地域医療センター国保和良診療所", "機関区分": 2, "都道府県コード": 21, "市区町村コード": 219, "所在地": "岐阜県郡上市和良町沢８８２", "緯度": 35.746647, "経度": 137.082826, "url": "https://www.iryou.teikyouseido.mhlw.go.jp/znk-web/juminkanja/S2430/initialize?prefCd=21&kikanCd=1652006524&kikanKbn=2", "url2": "http://www.gujo-tv.ne.jp/~clinic-wara/", "内容": "県北西部地域医療センター国保和良診療所【2:診療所】【診療科目:内科_小児科_リハビリテーション科】岐阜県郡上市和良町沢８８２" }, "geometry": { "type": "Point", "coordinates": [ 137.082826, 35.746647 ] } },
{ "type": "Feature", "properties": { "ID": 2121652006598, "正式名称": "新可児クリニック", "機関区分": 2, "都道府県コード": 21, "市区町村コード": 214, "所在地": "岐阜県可児市下恵土５５００", "緯度": 35.417566, "経度": 137.051046, "url": "https://www.iryou.teikyouseido.mhlw.go.jp/znk-web/juminkanja/S2430/initialize?prefCd=21&kikanCd=1652006598&kikanKbn=2", "url2": "http://sinkani.com", "内容": "新可児クリニック【2:診療所】【診療科目:内科_人工透析内科】岐阜県可児市下恵土５５００" }, "geometry": { "type": "Point", "coordinates": [ 137.051046, 35.417566 ] } },
{ "type": "Feature", "properties": { "ID": 2121652006889, "正式名称": "うえだクリニック", "機関区分": 2, "都道府県コード": 21, "市区町村コード": 211, "所在地": "岐阜県美濃加茂市下米田町小山", "緯度": 35.452709, "経度": 137.058764, "url": "https://www.iryou.teikyouseido.mhlw.go.jp/znk-web/juminkanja/S2430/initialize?prefCd=21&kikanCd=1652006889&kikanKbn=2", "url2": "http://www.ueda-cl.com/pc/", "内容": "うえだクリニック【2:診療所】【診療科目:内科_外科_脳神経外科_リハビリテーション科】岐阜県美濃加茂市下米田町小山" }, "geometry": { "type": "Point", "coordinates": [ 137.058764, 35.452709 ] } },
{ "type": "Feature", "properties": { "ID": 2121652006911, "正式名称": "ローズベルクリニック", "機関区分": 2, "都道府県コード": 21, "市区町村コード": 214, "所在地": "岐阜県可児市下恵土２９７５番地１", "緯度": 35.428648, "経度": 137.047688, "url": "https://www.iryou.teikyouseido.mhlw.go.jp/znk-web/juminkanja/S2430/initialize?prefCd=21&kikanCd=1652006911&kikanKbn=2", "url2": "http://www.rosebell.jp/", "内容": "ローズベルクリニック【2:診療所】【診療科目:小児科_産科_婦人科】岐阜県可児市下恵土２９７５番地１" }, "geometry": { "type": "Point", "coordinates": [ 137.047688, 35.428648 ] } },
{ "type": "Feature", "properties": { "ID": 2121652007359, "正式名称": "こんどう内科クリニック", "機関区分": 2, "都道府県コード": 21, "市区町村コード": 214, "所在地": "岐阜県可児市羽崎二町田２４５ー１", "緯度": 35.417443, "経度": 137.073312, "url": "https://www.iryou.teikyouseido.mhlw.go.jp/znk-web/juminkanja/S2430/initialize?prefCd=21&kikanCd=1652007359&kikanKbn=2", "url2": "http://www.kondo-naika-clinic.com/", "内容": "こんどう内科クリニック【2:診療所】【診療科目:内科_糖尿病内科_脂質代謝内科】岐阜県可児市羽崎二町田２４５ー１" }, "geometry": { "type": "Point", "coordinates": [ 137.073312, 35.417443 ] } },
{ "type": "Feature", "properties": { "ID": 2121652007360, "正式名称": "たけうちこどもクリニック", "機関区分": 2, "都道府県コード": 21, "市区町村コード": 521, "所在地": "岐阜県可児郡御嵩町上恵土１１５１－２", "緯度": 35.432359, "経度": 137.072488, "url": "https://www.iryou.teikyouseido.mhlw.go.jp/znk-web/juminkanja/S2430/initialize?prefCd=21&kikanCd=1652007360&kikanKbn=2", "url2": null, "内容": "たけうちこどもクリニック【2:診療所】【診療科目:小児科_アレルギー科】岐阜県可児郡御嵩町上恵土１１５１－２" }, "geometry": { "type": "Point", "coordinates": [ 137.072488, 35.432359 ] } },
{ "type": "Feature", "properties": { "ID": 2121652007368, "正式名称": "はーとふるクリニック", "機関区分": 2, "都道府県コード": 21, "市区町村コード": 214, "所在地": "岐阜県可児市下恵土５４３６－１", "緯度": 35.418025, "経度": 137.052343, "url": "https://www.iryou.teikyouseido.mhlw.go.jp/znk-web/juminkanja/S2430/initialize?prefCd=21&kikanCd=1652007368&kikanKbn=2", "url2": null, "内容": "はーとふるクリニック【2:診療所】【診療科目:内科_小児科_精神科_心療内科】岐阜県可児市下恵土５４３６－１" }, "geometry": { "type": "Point", "coordinates": [ 137.052343, 35.418025 ] } },
{ "type": "Feature", "properties": { "ID": 2121652007387, "正式名称": "こくぼクリニック", "機関区分": 2, "都道府県コード": 21, "市区町村コード": 211, "所在地": "岐阜県美濃加茂市本郷町９－１８－２６", "緯度": 35.448425, "経度": 137.0426, "url": "https://www.iryou.teikyouseido.mhlw.go.jp/znk-web/juminkanja/S2430/initialize?prefCd=21&kikanCd=1652007387&kikanKbn=2", "url2": null, "内容": "こくぼクリニック【2:診療所】【診療科目:内科_呼吸器内科_循環器内科_外科】岐阜県美濃加茂市本郷町９－１８－２６" }, "geometry": { "type": "Point", "coordinates": [ 137.0426, 35.448425 ] } },
{ "type": "Feature", "properties": { "ID": 2121652007418, "正式名称": "キッズクリニックありす", "機関区分": 2, "都道府県コード": 21, "市区町村コード": 214, "所在地": "岐阜県可児市中恵土２３５９－６３４", "緯度": 35.432682, "経度": 137.060838, "url": "https://www.iryou.teikyouseido.mhlw.go.jp/znk-web/juminkanja/S2430/initialize?prefCd=21&kikanCd=1652007418&kikanKbn=2", "url2": "http://kidsclinic-alice.com/", "内容": "キッズクリニックありす【2:診療所】【診療科目:内科_アレルギー疾患内科_小児科_小児皮膚科_小児循環器内科】岐阜県可児市中恵土２３５９－６３４" }, "geometry": { "type": "Point", "coordinates": [ 137.060838, 35.432682 ] } },
{ "type": "Feature", "properties": { "ID": 2121652007460, "正式名称": "林医院", "機関区分": 2, "都道府県コード": 21, "市区町村コード": 214, "所在地": "岐阜県可児市帷子新町２ー２９", "緯度": 35.403739, "経度": 137.010266, "url": "https://www.iryou.teikyouseido.mhlw.go.jp/znk-web/juminkanja/S2430/initialize?prefCd=21&kikanCd=1652007460&kikanKbn=2", "url2": "http://h-clinic.net/", "内容": "林医院【2:診療所】【診療科目:内科_老年内科_小児科_児童精神科_精神科_心療内科】岐阜県可児市帷子新町２ー２９" }, "geometry": { "type": "Point", "coordinates": [ 137.010266, 35.403739 ] } },
{ "type": "Feature", "properties": { "ID": 2121652007468, "正式名称": "桜ヶ丘クリニック", "機関区分": 2, "都道府県コード": 21, "市区町村コード": 214, "所在地": "岐阜県可児市桜ケ丘六丁目７３番地８号", "緯度": 35.379073, "経度": 137.113541, "url": "https://www.iryou.teikyouseido.mhlw.go.jp/znk-web/juminkanja/S2430/initialize?prefCd=21&kikanCd=1652007468&kikanKbn=2", "url2": "https://www.sakuragaokacl.com/", "内容": "桜ヶ丘クリニック【2:診療所】【診療科目:内科_小児科_リウマチ科】岐阜県可児市桜ケ丘六丁目７３番地８号" }, "geometry": { "type": "Point", "coordinates": [ 137.113541, 35.379073 ] } },
{ "type": "Feature", "properties": { "ID": 2121652007500, "正式名称": "ふかがや眼科", "機関区分": 2, "都道府県コード": 21, "市区町村コード": 211, "所在地": "岐阜県美濃加茂市古井町下古井", "緯度": 35.445024, "経度": 137.021476, "url": "https://www.iryou.teikyouseido.mhlw.go.jp/znk-web/juminkanja/S2430/initialize?prefCd=21&kikanCd=1652007500&kikanKbn=2", "url2": "http://www.fukagayaganka.com/", "内容": "ふかがや眼科【2:診療所】【診療科目:眼科】岐阜県美濃加茂市古井町下古井" }, "geometry": { "type": "Point", "coordinates": [ 137.021476, 35.445024 ] } },
{ "type": "Feature", "properties": { "ID": 2121652007818, "正式名称": "和知すこやかクリニック", "機関区分": 2, "都道府県コード": 21, "市区町村コード": 505, "所在地": "岐阜県加茂郡八百津町和知１０３２ー５２", "緯度": 35.46506, "経度": 137.100501, "url": "https://www.iryou.teikyouseido.mhlw.go.jp/znk-web/juminkanja/S2430/initialize?prefCd=21&kikanCd=1652007818&kikanKbn=2", "url2": null, "内容": "和知すこやかクリニック【2:診療所】【診療科目:内科_消化器内科_外科】岐阜県加茂郡八百津町和知１０３２ー５２" }, "geometry": { "type": "Point", "coordinates": [ 137.100501, 35.46506 ] } },
{ "type": "Feature", "properties": { "ID": 2121652007848, "正式名称": "医療法人知真会　さかほぎ内科クリニック", "機関区分": 2, "都道府県コード": 21, "市区町村コード": 501, "所在地": "岐阜県加茂郡坂祝町黒岩３８６－１", "緯度": 35.440819, "経度": 136.972997, "url": "https://www.iryou.teikyouseido.mhlw.go.jp/znk-web/juminkanja/S2430/initialize?prefCd=21&kikanCd=1652007848&kikanKbn=2", "url2": null, "内容": "医療法人知真会　さかほぎ内科クリニック【2:診療所】【診療科目:内科_外科】岐阜県加茂郡坂祝町黒岩３８６－１" }, "geometry": { "type": "Point", "coordinates": [ 136.972997, 35.440819 ] } },
{ "type": "Feature", "properties": { "ID": 2121652007849, "正式名称": "ぴくしぃ整形外科", "機関区分": 2, "都道府県コード": 21, "市区町村コード": 214, "所在地": "岐阜県可児市帷子新町２丁目１１５番地", "緯度": 35.401814, "経度": 137.011785, "url": "https://www.iryou.teikyouseido.mhlw.go.jp/znk-web/juminkanja/S2430/initialize?prefCd=21&kikanCd=1652007849&kikanKbn=2", "url2": "http://www.pixyortho.com/", "内容": "ぴくしぃ整形外科【2:診療所】【診療科目:整形外科_リウマチ科_リハビリテーション科】岐阜県可児市帷子新町２丁目１１５番地" }, "geometry": { "type": "Point", "coordinates": [ 137.011785, 35.401814 ] } },
{ "type": "Feature", "properties": { "ID": 2121652008009, "正式名称": "みのかも西クリニック", "機関区分": 2, "都道府県コード": 21, "市区町村コード": 211, "所在地": "岐阜県美濃加茂市西町５丁目３３７‐１", "緯度": 35.44574, "経度": 136.995974, "url": "https://www.iryou.teikyouseido.mhlw.go.jp/znk-web/juminkanja/S2430/initialize?prefCd=21&kikanCd=1652008009&kikanKbn=2", "url2": "http://mnnc.jp/", "内容": "みのかも西クリニック【2:診療所】【診療科目:内科_脳神経内科_循環器内科_消化器内科_老年内科_外科_乳腺外科_肛門外科_内分泌外科_美容皮膚科】岐阜県美濃加茂市西町５丁目３３７‐１" }, "geometry": { "type": "Point", "coordinates": [ 136.995974, 35.44574 ] } },
{ "type": "Feature", "properties": { "ID": 2121652008035, "正式名称": "わかやまクリニック", "機関区分": 2, "都道府県コード": 21, "市区町村コード": 214, "所在地": "岐阜県可児市瀬田８４７－１", "緯度": 35.428783, "経度": 137.085452, "url": "https://www.iryou.teikyouseido.mhlw.go.jp/znk-web/juminkanja/S2430/initialize?prefCd=21&kikanCd=1652008035&kikanKbn=2", "url2": "http://www.wakayama-clinic-kani.com", "内容": "わかやまクリニック【2:診療所】【診療科目:内科_消化器内科_外科_肛門外科】岐阜県可児市瀬田８４７－１" }, "geometry": { "type": "Point", "coordinates": [ 137.085452, 35.428783 ] } },
{ "type": "Feature", "properties": { "ID": 2121652008133, "正式名称": "ひびのメンタルクリニック", "機関区分": 2, "都道府県コード": 21, "市区町村コード": 211, "所在地": "岐阜県美濃加茂市太田町字後田２５９１番地１", "緯度": 35.44397, "経度": 137.013314, "url": "https://www.iryou.teikyouseido.mhlw.go.jp/znk-web/juminkanja/S2430/initialize?prefCd=21&kikanCd=1652008133&kikanKbn=2", "url2": "http://hibino-mental-clinic.hp.jp", "内容": "ひびのメンタルクリニック【2:診療所】【診療科目:精神科_心療内科】岐阜県美濃加茂市太田町字後田２５９１番地１" }, "geometry": { "type": "Point", "coordinates": [ 137.013314, 35.44397 ] } },
{ "type": "Feature", "properties": { "ID": 2121652008166, "正式名称": "まつだ整形外科", "機関区分": 2, "都道府県コード": 21, "市区町村コード": 501, "所在地": "岐阜県加茂郡坂祝町大針字尾橋７４８ー２", "緯度": 35.446708, "経度": 136.989013, "url": "https://www.iryou.teikyouseido.mhlw.go.jp/znk-web/juminkanja/S2430/initialize?prefCd=21&kikanCd=1652008166&kikanKbn=2", "url2": "http://www.matsuda-orthopedic.com/", "内容": "まつだ整形外科【2:診療所】【診療科目:整形外科_リウマチ科_リハビリテーション科】岐阜県加茂郡坂祝町大針字尾橋７４８ー２" }, "geometry": { "type": "Point", "coordinates": [ 136.989013, 35.446708 ] } },
{ "type": "Feature", "properties": { "ID": 2121652008317, "正式名称": "やまもと整形外科クリニック", "機関区分": 2, "都道府県コード": 21, "市区町村コード": 521, "所在地": "岐阜県可児郡御嵩町上恵土", "緯度": 35.432468, "経度": 137.072088, "url": "https://www.iryou.teikyouseido.mhlw.go.jp/znk-web/juminkanja/S2430/initialize?prefCd=21&kikanCd=1652008317&kikanKbn=2", "url2": "http://www.yamamoto-seikei-kani-mitake.com/", "内容": "やまもと整形外科クリニック【2:診療所】【診療科目:整形外科_リウマチ科_リハビリテーション科】岐阜県可児郡御嵩町上恵土" }, "geometry": { "type": "Point", "coordinates": [ 137.072088, 35.432468 ] } },
{ "type": "Feature", "properties": { "ID": 2121652008506, "正式名称": "正翔会クリニック可児", "機関区分": 2, "都道府県コード": 21, "市区町村コード": 214, "所在地": "岐阜県可児市長坂８丁目１９８番地", "緯度": 35.38642, "経度": 137.004225, "url": "https://www.iryou.teikyouseido.mhlw.go.jp/znk-web/juminkanja/S2430/initialize?prefCd=21&kikanCd=1652008506&kikanKbn=2", "url2": "http://www.nagao-zaitaku.jp/", "内容": "正翔会クリニック可児【2:診療所】【診療科目:内科_循環器内科_消化器内科_整形外科_眼科_耳鼻いんこう科_皮膚科_精神科】岐阜県可児市長坂８丁目１９８番地" }, "geometry": { "type": "Point", "coordinates": [ 137.004225, 35.38642 ] } },
{ "type": "Feature", "properties": { "ID": 2121652008731, "正式名称": "森本こどもクリニック", "機関区分": 2, "都道府県コード": 21, "市区町村コード": 211, "所在地": "岐阜県美濃加茂市加茂野町今泉１２７５番地", "緯度": 35.460751, "経度": 136.979466, "url": "https://www.iryou.teikyouseido.mhlw.go.jp/znk-web/juminkanja/S2430/initialize?prefCd=21&kikanCd=1652008731&kikanKbn=2", "url2": "http://morimoto-kodomo.com/", "内容": "森本こどもクリニック【2:診療所】【診療科目:小児科_アレルギー科】岐阜県美濃加茂市加茂野町今泉１２７５番地" }, "geometry": { "type": "Point", "coordinates": [ 136.979466, 35.460751 ] } },
{ "type": "Feature", "properties": { "ID": 2121652008849, "正式名称": "はたのクリニック", "機関区分": 2, "都道府県コード": 21, "市区町村コード": 214, "所在地": "岐阜県可児市下切３８０８ー１", "緯度": 35.393236, "経度": 137.063604, "url": "https://www.iryou.teikyouseido.mhlw.go.jp/znk-web/juminkanja/S2430/initialize?prefCd=21&kikanCd=1652008849&kikanKbn=2", "url2": "http://hatano.clinic/", "内容": "はたのクリニック【2:診療所】【診療科目:内科_呼吸器内科_循環器内科_漢方内科】岐阜県可児市下切３８０８ー１" }, "geometry": { "type": "Point", "coordinates": [ 137.063604, 35.393236 ] } },
{ "type": "Feature", "properties": { "ID": 2121652008872, "正式名称": "安田眼科", "機関区分": 2, "都道府県コード": 21, "市区町村コード": 214, "所在地": "岐阜県可児市広見一丁目２０番地", "緯度": 35.424798, "経度": 137.0605, "url": "https://www.iryou.teikyouseido.mhlw.go.jp/znk-web/juminkanja/S2430/initialize?prefCd=21&kikanCd=1652008872&kikanKbn=2", "url2": "https://yasuda-ganka.jp", "内容": "安田眼科【2:診療所】【診療科目:眼科】岐阜県可児市広見一丁目２０番地" }, "geometry": { "type": "Point", "coordinates": [ 137.0605, 35.424798 ] } },
{ "type": "Feature", "properties": { "ID": 2121652008923, "正式名称": "アイクリニック可児", "機関区分": 2, "都道府県コード": 21, "市区町村コード": 214, "所在地": "岐阜県可児市広見３ー２９", "緯度": 35.424078, "経度": 137.061008, "url": "https://www.iryou.teikyouseido.mhlw.go.jp/znk-web/juminkanja/S2430/initialize?prefCd=21&kikanCd=1652008923&kikanKbn=2", "url2": null, "内容": "アイクリニック可児【2:診療所】【診療科目:眼科】岐阜県可児市広見３ー２９" }, "geometry": { "type": "Point", "coordinates": [ 137.061008, 35.424078 ] } },
{ "type": "Feature", "properties": { "ID": 2121652008979, "正式名称": "耳鼻咽喉科まゆきクリニック", "機関区分": 2, "都道府県コード": 21, "市区町村コード": 214, "所在地": "岐阜県可児市瀬田３３３ー１", "緯度": 35.427272, "経度": 137.076887, "url": "https://www.iryou.teikyouseido.mhlw.go.jp/znk-web/juminkanja/S2430/initialize?prefCd=21&kikanCd=1652008979&kikanKbn=2", "url2": "https://mayuki-clinic.com", "内容": "耳鼻咽喉科まゆきクリニック【2:診療所】【診療科目:小児耳鼻いんこう科_耳鼻いんこう科_アレルギー科】岐阜県可児市瀬田３３３ー１" }, "geometry": { "type": "Point", "coordinates": [ 137.076887, 35.427272 ] } },
{ "type": "Feature", "properties": { "ID": 2121652009112, "正式名称": "いとしろクリニック", "機関区分": 2, "都道府県コード": 21, "市区町村コード": 211, "所在地": "岐阜県美濃加茂市加茂野町今泉", "緯度": 35.468014, "経度": 136.977747, "url": "https://www.iryou.teikyouseido.mhlw.go.jp/znk-web/juminkanja/S2430/initialize?prefCd=21&kikanCd=1652009112&kikanKbn=2", "url2": "https://akira-itoshiro.com/", "内容": "いとしろクリニック【2:診療所】【診療科目:内科_形成外科_美容外科】岐阜県美濃加茂市加茂野町今泉" }, "geometry": { "type": "Point", "coordinates": [ 136.977747, 35.468014 ] } },
{ "type": "Feature", "properties": { "ID": 2121652009122, "正式名称": "東白川村国保診療所", "機関区分": 2, "都道府県コード": 21, "市区町村コード": 507, "所在地": "岐阜県加茂郡東白川村五加３２１０", "緯度": 35.621105, "経度": 137.287495, "url": "https://www.iryou.teikyouseido.mhlw.go.jp/znk-web/juminkanja/S2430/initialize?prefCd=21&kikanCd=1652009122&kikanKbn=2", "url2": "https://www.vill.higashishirakawa.gifu.jp/kurashi/iryou/shinryoujo/", "内容": "東白川村国保診療所【2:診療所】【診療科目:内科_外科_小児科_婦人科_皮膚科_リハビリテーション科】岐阜県加茂郡東白川村五加３２１０" }, "geometry": { "type": "Point", "coordinates": [ 137.287495, 35.621105 ] } },
{ "type": "Feature", "properties": { "ID": 2121652009170, "正式名称": "伊佐治医院", "機関区分": 2, "都道府県コード": 21, "市区町村コード": 505, "所在地": "岐阜県加茂郡八百津町伊岐津志１５１８番地", "緯度": 35.466308, "経度": 137.119225, "url": "https://www.iryou.teikyouseido.mhlw.go.jp/znk-web/juminkanja/S2430/initialize?prefCd=21&kikanCd=1652009170&kikanKbn=2", "url2": "http://www.isaji-daichikai.com", "内容": "伊佐治医院【2:診療所】【診療科目:内科_消化器内科_外科_乳腺外科_肛門外科_整形外科_小児科_耳鼻いんこう科_リハビリテーション科】岐阜県加茂郡八百津町伊岐津志１５１８番地" }, "geometry": { "type": "Point", "coordinates": [ 137.119225, 35.466308 ] } },
{ "type": "Feature", "properties": { "ID": 2121652009198, "正式名称": "可児さとう内科", "機関区分": 2, "都道府県コード": 21, "市区町村コード": 214, "所在地": "岐阜県可児市土田", "緯度": 35.426797, "経度": 137.029167, "url": "https://www.iryou.teikyouseido.mhlw.go.jp/znk-web/juminkanja/S2430/initialize?prefCd=21&kikanCd=1652009198&kikanKbn=2", "url2": "https://kanisato-clinic.com", "内容": "可児さとう内科【2:診療所】【診療科目:内科_消化器内科_胃腸内科_内視鏡内科_小児科】岐阜県可児市土田" }, "geometry": { "type": "Point", "coordinates": [ 137.029167, 35.426797 ] } },
{ "type": "Feature", "properties": { "ID": 2121652009523, "正式名称": "はら泌尿器科クリニック", "機関区分": 2, "都道府県コード": 21, "市区町村コード": 214, "所在地": "岐阜県可児市下恵土字針田４１３０", "緯度": 35.428053, "経度": 137.051004, "url": "https://www.iryou.teikyouseido.mhlw.go.jp/znk-web/juminkanja/S2430/initialize?prefCd=21&kikanCd=1652009523&kikanKbn=2", "url2": "https://hara-uro-clinic.jp", "内容": "はら泌尿器科クリニック【2:診療所】【診療科目:泌尿器科】岐阜県可児市下恵土字針田４１３０" }, "geometry": { "type": "Point", "coordinates": [ 137.051004, 35.428053 ] } },
{ "type": "Feature", "properties": { "ID": 2121652009711, "正式名称": "桜ケ丘安田眼科", "機関区分": 2, "都道府県コード": 21, "市区町村コード": 214, "所在地": "岐阜県可児市桜ケ丘１－１９７", "緯度": 35.370688, "経度": 137.113745, "url": "https://www.iryou.teikyouseido.mhlw.go.jp/znk-web/juminkanja/S2430/initialize?prefCd=21&kikanCd=1652009711&kikanKbn=2", "url2": "sakuragaoka-yasuda-ganka.jp", "内容": "桜ケ丘安田眼科【2:診療所】【診療科目:眼科】岐阜県可児市桜ケ丘１－１９７" }, "geometry": { "type": "Point", "coordinates": [ 137.113745, 35.370688 ] } },
{ "type": "Feature", "properties": { "ID": 2121652009721, "正式名称": "一般財団法人岐阜健康管理センター　すこやかクリニック", "機関区分": 2, "都道府県コード": 21, "市区町村コード": 211, "所在地": "岐阜県美濃加茂市西町２丁目４３番地", "緯度": 35.445754, "経度": 137.001465, "url": "https://www.iryou.teikyouseido.mhlw.go.jp/znk-web/juminkanja/S2430/initialize?prefCd=21&kikanCd=1652009721&kikanKbn=2", "url2": null, "内容": "一般財団法人岐阜健康管理センター　すこやかクリニック【2:診療所】【診療科目:内科_糖尿病・内分泌内科_呼吸器内科_循環器内科_消化器内科_脳神経外科】岐阜県美濃加茂市西町２丁目４３番地" }, "geometry": { "type": "Point", "coordinates": [ 137.001465, 35.445754 ] } },
{ "type": "Feature", "properties": { "ID": 2121652009781, "正式名称": "医療法人　いど眼科", "機関区分": 2, "都道府県コード": 21, "市区町村コード": 211, "所在地": "岐阜県美濃加茂市西町５−４８−３", "緯度": 35.449784, "経度": 136.999654, "url": "https://www.iryou.teikyouseido.mhlw.go.jp/znk-web/juminkanja/S2430/initialize?prefCd=21&kikanCd=1652009781&kikanKbn=2", "url2": "http://idoganka.com/", "内容": "医療法人　いど眼科【2:診療所】【診療科目:眼科】岐阜県美濃加茂市西町５−４８−３" }, "geometry": { "type": "Point", "coordinates": [ 136.999654, 35.449784 ] } },
{ "type": "Feature", "properties": { "ID": 2121652009829, "正式名称": "いけやまクリニック", "機関区分": 2, "都道府県コード": 21, "市区町村コード": 214, "所在地": "岐阜県可児市下恵土５６３７－１", "緯度": 35.419303, "経度": 137.049324, "url": "https://www.iryou.teikyouseido.mhlw.go.jp/znk-web/juminkanja/S2430/initialize?prefCd=21&kikanCd=1652009829&kikanKbn=2", "url2": "http://ikeyama-clinic.com", "内容": "いけやまクリニック【2:診療所】【診療科目:内科_外科_乳腺外科_肛門外科_皮膚科】岐阜県可児市下恵土５６３７－１" }, "geometry": { "type": "Point", "coordinates": [ 137.049324, 35.419303 ] } },
{ "type": "Feature", "properties": { "ID": 2121652009884, "正式名称": "ＫＣ痛みのクリニック", "機関区分": 2, "都道府県コード": 21, "市区町村コード": 214, "所在地": "岐阜県可児市今渡１８８４−７", "緯度": 35.430686, "経度": 137.036886, "url": "https://www.iryou.teikyouseido.mhlw.go.jp/znk-web/juminkanja/S2430/initialize?prefCd=21&kikanCd=1652009884&kikanKbn=2", "url2": "kc-pain.com", "内容": "ＫＣ痛みのクリニック【2:診療所】【診療科目:神経内科_ペインクリニック外科】岐阜県可児市今渡１８８４−７" }, "geometry": { "type": "Point", "coordinates": [ 137.036886, 35.430686 ] } },
{ "type": "Feature", "properties": { "ID": 2121652009903, "正式名称": "医療法人社団悠育会　元気クリニック中濃", "機関区分": 2, "都道府県コード": 21, "市区町村コード": 211, "所在地": "岐阜県美濃加茂市太田町２４８１－１ＮＳビル４階Ａ号室", "緯度": 35.445022, "経度": 137.020399, "url": "https://www.iryou.teikyouseido.mhlw.go.jp/znk-web/juminkanja/S2430/initialize?prefCd=21&kikanCd=1652009903&kikanKbn=2", "url2": "https://genki-chunou.com/", "内容": "医療法人社団悠育会　元気クリニック中濃【2:診療所】【診療科目:内科】岐阜県美濃加茂市太田町２４８１－１ＮＳビル４階Ａ号室" }, "geometry": { "type": "Point", "coordinates": [ 137.020399, 35.445022 ] } },
{ "type": "Feature", "properties": { "ID": 2121652010083, "正式名称": "やまもとクリニック", "機関区分": 2, "都道府県コード": 21, "市区町村コード": 214, "所在地": "岐阜県可児市広見四丁目２７番地", "緯度": 35.424118, "経度": 137.059108, "url": "https://www.iryou.teikyouseido.mhlw.go.jp/znk-web/juminkanja/S2430/initialize?prefCd=21&kikanCd=1652010083&kikanKbn=2", "url2": "https://clinic-yamamoto.com", "内容": "やまもとクリニック【2:診療所】【診療科目:小児耳鼻いんこう科_耳鼻いんこう科】岐阜県可児市広見四丁目２７番地" }, "geometry": { "type": "Point", "coordinates": [ 137.059108, 35.424118 ] } },
{ "type": "Feature", "properties": { "ID": 2121652010116, "正式名称": "みのかも藤井眼科", "機関区分": 2, "都道府県コード": 21, "市区町村コード": 211, "所在地": "岐阜県美濃加茂市新池町２丁目７４", "緯度": 35.452926, "経度": 137.027292, "url": "https://www.iryou.teikyouseido.mhlw.go.jp/znk-web/juminkanja/S2430/initialize?prefCd=21&kikanCd=1652010116&kikanKbn=2", "url2": "https://minokamo-fujii-eye.com/", "内容": "みのかも藤井眼科【2:診療所】【診療科目:眼科】岐阜県美濃加茂市新池町２丁目７４" }, "geometry": { "type": "Point", "coordinates": [ 137.027292, 35.452926 ] } },
{ "type": "Feature", "properties": { "ID": 2121662000310, "正式名称": "花田医院", "機関区分": 2, "都道府県コード": 21, "市区町村コード": 220, "所在地": "岐阜県下呂市御厩野１４９", "緯度": 35.760981, "経度": 137.317116, "url": "https://www.iryou.teikyouseido.mhlw.go.jp/znk-web/juminkanja/S2430/initialize?prefCd=21&kikanCd=1662000310&kikanKbn=2", "url2": null, "内容": "花田医院【2:診療所】【診療科目:内科_呼吸器内科_外科_肛門外科_小児科】岐阜県下呂市御厩野１４９" }, "geometry": { "type": "Point", "coordinates": [ 137.317116, 35.760981 ] } },
{ "type": "Feature", "properties": { "ID": 2121662000312, "正式名称": "近藤医院", "機関区分": 2, "都道府県コード": 21, "市区町村コード": 220, "所在地": "岐阜県下呂市小川２５６−１", "緯度": 35.79831, "経度": 137.254416, "url": "https://www.iryou.teikyouseido.mhlw.go.jp/znk-web/juminkanja/S2430/initialize?prefCd=21&kikanCd=1662000312&kikanKbn=2", "url2": null, "内容": "近藤医院【2:診療所】【診療科目:内科_脳神経外科】岐阜県下呂市小川２５６−１" }, "geometry": { "type": "Point", "coordinates": [ 137.254416, 35.79831 ] } },
{ "type": "Feature", "properties": { "ID": 2121662000314, "正式名称": "乗政診療所", "機関区分": 2, "都道府県コード": 21, "市区町村コード": 220, "所在地": "岐阜県下呂市乗政１０１１ー３", "緯度": 35.783317, "経度": 137.285127, "url": "https://www.iryou.teikyouseido.mhlw.go.jp/znk-web/juminkanja/S2430/initialize?prefCd=21&kikanCd=1662000314&kikanKbn=2", "url2": null, "内容": "乗政診療所【2:診療所】【診療科目:内科_外科_小児科】岐阜県下呂市乗政１０１１ー３" }, "geometry": { "type": "Point", "coordinates": [ 137.285127, 35.783317 ] } },
{ "type": "Feature", "properties": { "ID": 2121662000317, "正式名称": "黒木医院", "機関区分": 2, "都道府県コード": 21, "市区町村コード": 220, "所在地": "岐阜県下呂市森２４５６番地１", "緯度": 35.807368, "経度": 137.246688, "url": "https://www.iryou.teikyouseido.mhlw.go.jp/znk-web/juminkanja/S2430/initialize?prefCd=21&kikanCd=1662000317&kikanKbn=2", "url2": "http://kurokiclinic.cocolog-nifty.com/blog/", "内容": "黒木医院【2:診療所】【診療科目:内科_女性内科_小児科_産婦人科_皮膚科】岐阜県下呂市森２４５６番地１" }, "geometry": { "type": "Point", "coordinates": [ 137.246688, 35.807368 ] } },
{ "type": "Feature", "properties": { "ID": 2121662000318, "正式名称": "小池医院", "機関区分": 2, "都道府県コード": 21, "市区町村コード": 220, "所在地": "岐阜県下呂市森９９６", "緯度": 35.804638, "経度": 137.243429, "url": "https://www.iryou.teikyouseido.mhlw.go.jp/znk-web/juminkanja/S2430/initialize?prefCd=21&kikanCd=1662000318&kikanKbn=2", "url2": null, "内容": "小池医院【2:診療所】【診療科目:内科_小児科_放射線科】岐阜県下呂市森９９６" }, "geometry": { "type": "Point", "coordinates": [ 137.243429, 35.804638 ] } },
{ "type": "Feature", "properties": { "ID": 2121662000323, "正式名称": "阿部医院", "機関区分": 2, "都道府県コード": 21, "市区町村コード": 220, "所在地": "岐阜県下呂市金山町大船渡", "緯度": 35.663385, "経度": 137.163812, "url": "https://www.iryou.teikyouseido.mhlw.go.jp/znk-web/juminkanja/S2430/initialize?prefCd=21&kikanCd=1662000323&kikanKbn=2", "url2": "http://www.sinsinkai-abeiin.jp", "内容": "阿部医院【2:診療所】【診療科目:内科_循環器内科_消化器内科_小児科_皮膚科_放射線科】岐阜県下呂市金山町大船渡" }, "geometry": { "type": "Point", "coordinates": [ 137.163812, 35.663385 ] } },
{ "type": "Feature", "properties": { "ID": 2121662000332, "正式名称": "大塚耳鼻咽喉科医院", "機関区分": 2, "都道府県コード": 21, "市区町村コード": 220, "所在地": "岐阜県下呂市萩原町上村１００７－２", "緯度": 35.870293, "経度": 137.21423, "url": "https://www.iryou.teikyouseido.mhlw.go.jp/znk-web/juminkanja/S2430/initialize?prefCd=21&kikanCd=1662000332&kikanKbn=2", "url2": null, "内容": "大塚耳鼻咽喉科医院【2:診療所】【診療科目:小児科_耳鼻いんこう科】岐阜県下呂市萩原町上村１００７－２" }, "geometry": { "type": "Point", "coordinates": [ 137.21423, 35.870293 ] } },
{ "type": "Feature", "properties": { "ID": 2121662000334, "正式名称": "中田医院", "機関区分": 2, "都道府県コード": 21, "市区町村コード": 220, "所在地": "岐阜県下呂市萩原町萩原１３０７ー２", "緯度": 35.877226, "経度": 137.209029, "url": "https://www.iryou.teikyouseido.mhlw.go.jp/znk-web/juminkanja/S2430/initialize?prefCd=21&kikanCd=1662000334&kikanKbn=2", "url2": null, "内容": "中田医院【2:診療所】【診療科目:内科_感染症内科_外科_整形外科_小児科】岐阜県下呂市萩原町萩原１３０７ー２" }, "geometry": { "type": "Point", "coordinates": [ 137.209029, 35.877226 ] } },
{ "type": "Feature", "properties": { "ID": 2121662000336, "正式名称": "藤岡医院", "機関区分": 2, "都道府県コード": 21, "市区町村コード": 220, "所在地": "岐阜県下呂市萩原町萩原９１１番地", "緯度": 35.870205, "経度": 137.212891, "url": "https://www.iryou.teikyouseido.mhlw.go.jp/znk-web/juminkanja/S2430/initialize?prefCd=21&kikanCd=1662000336&kikanKbn=2", "url2": null, "内容": "藤岡医院【2:診療所】【診療科目:内科_消化器内科_神経内科_リハビリテーション科_放射線科】岐阜県下呂市萩原町萩原９１１番地" }, "geometry": { "type": "Point", "coordinates": [ 137.212891, 35.870205 ] } },
{ "type": "Feature", "properties": { "ID": 2121662000340, "正式名称": "下呂市立小坂診療所", "機関区分": 2, "都道府県コード": 21, "市区町村コード": 220, "所在地": "岐阜県下呂市小坂町大島１９６５番地", "緯度": 35.951608, "経度": 137.258945, "url": "https://www.iryou.teikyouseido.mhlw.go.jp/znk-web/juminkanja/S2430/initialize?prefCd=21&kikanCd=1662000340&kikanKbn=2", "url2": "http://www.city.gero.lg.jp/soshiki/43/2112.html", "内容": "下呂市立小坂診療所【2:診療所】【診療科目:内科_外科】岐阜県下呂市小坂町大島１９６５番地" }, "geometry": { "type": "Point", "coordinates": [ 137.258945, 35.951608 ] } },
{ "type": "Feature", "properties": { "ID": 2121662000341, "正式名称": "下呂市立中原診療所", "機関区分": 2, "都道府県コード": 21, "市区町村コード": 220, "所在地": "岐阜県下呂市焼石２９３８ー１", "緯度": 35.726601, "経度": 137.198615, "url": "https://www.iryou.teikyouseido.mhlw.go.jp/znk-web/juminkanja/S2430/initialize?prefCd=21&kikanCd=1662000341&kikanKbn=2", "url2": null, "内容": "下呂市立中原診療所【2:診療所】【診療科目:内科_小児科】岐阜県下呂市焼石２９３８ー１" }, "geometry": { "type": "Point", "coordinates": [ 137.198615, 35.726601 ] } },
{ "type": "Feature", "properties": { "ID": 2121662000342, "正式名称": "下呂市立休日診療所・下呂保健センター", "機関区分": 2, "都道府県コード": 21, "市区町村コード": 220, "所在地": "岐阜県下呂市森８０１番地１０", "緯度": 35.803014, "経度": 137.245147, "url": "https://www.iryou.teikyouseido.mhlw.go.jp/znk-web/juminkanja/S2430/initialize?prefCd=21&kikanCd=1662000342&kikanKbn=2", "url2": "https://www.city.gero.lg.jp/soshiki/51/28382.htm", "内容": "下呂市立休日診療所・下呂保健センター【2:診療所】【診療科目:内科_小児科】岐阜県下呂市森８０１番地１０" }, "geometry": { "type": "Point", "coordinates": [ 137.245147, 35.803014 ] } },
{ "type": "Feature", "properties": { "ID": 2121662001205, "正式名称": "国民健康保険飛騨市宮川診療所", "機関区分": 2, "都道府県コード": 21, "市区町村コード": 217, "所在地": "岐阜県飛騨市宮川町野首２３番地２", "緯度": 36.327198, "経度": 137.138059, "url": "https://www.iryou.teikyouseido.mhlw.go.jp/znk-web/juminkanja/S2430/initialize?prefCd=21&kikanCd=1662001205&kikanKbn=2", "url2": null, "内容": "国民健康保険飛騨市宮川診療所【2:診療所】【診療科目:内科_外科_小児科】岐阜県飛騨市宮川町野首２３番地２" }, "geometry": { "type": "Point", "coordinates": [ 137.138059, 36.327198 ] } },
{ "type": "Feature", "properties": { "ID": 2121662001209, "正式名称": "大高医院", "機関区分": 2, "都道府県コード": 21, "市区町村コード": 217, "所在地": "岐阜県飛騨市古川町杉崎２２１－１", "緯度": 36.249783, "経度": 137.166578, "url": "https://www.iryou.teikyouseido.mhlw.go.jp/znk-web/juminkanja/S2430/initialize?prefCd=21&kikanCd=1662001209&kikanKbn=2", "url2": null, "内容": "大高医院【2:診療所】【診療科目:内科_小児科】岐阜県飛騨市古川町杉崎２２１－１" }, "geometry": { "type": "Point", "coordinates": [ 137.166578, 36.249783 ] } },
{ "type": "Feature", "properties": { "ID": 2121662001219, "正式名称": "片町内科医院", "機関区分": 2, "都道府県コード": 21, "市区町村コード": 203, "所在地": "岐阜県高山市国府町広瀬町１８１８ー３", "緯度": 36.219503, "経度": 137.203381, "url": "https://www.iryou.teikyouseido.mhlw.go.jp/znk-web/juminkanja/S2430/initialize?prefCd=21&kikanCd=1662001219&kikanKbn=2", "url2": null, "内容": "片町内科医院【2:診療所】【診療科目:内科_消化器内科_神経内科】岐阜県高山市国府町広瀬町１８１８ー３" }, "geometry": { "type": "Point", "coordinates": [ 137.203381, 36.219503 ] } },
{ "type": "Feature", "properties": { "ID": 2121662001225, "正式名称": "高山市国民健康保険栃尾診療所", "機関区分": 2, "都道府県コード": 21, "市区町村コード": 203, "所在地": "岐阜県高山市奥飛騨温泉郷栃尾１００９番地", "緯度": 36.247593, "経度": 137.519457, "url": "https://www.iryou.teikyouseido.mhlw.go.jp/znk-web/juminkanja/S2430/initialize?prefCd=21&kikanCd=1662001225&kikanKbn=2", "url2": "https://www.city.takayama.lg.jp/shisetsu/1004139/1000033/1001513.html", "内容": "高山市国民健康保険栃尾診療所【2:診療所】【診療科目:内科_外科_整形外科_小児科】岐阜県高山市奥飛騨温泉郷栃尾１００９番地" }, "geometry": { "type": "Point", "coordinates": [ 137.519457, 36.247593 ] } },
{ "type": "Feature", "properties": { "ID": 2121662001234, "正式名称": "本町クリニック", "機関区分": 2, "都道府県コード": 21, "市区町村コード": 217, "所在地": "岐阜県飛騨市神岡町船津", "緯度": 36.331137, "経度": 137.299314, "url": "https://www.iryou.teikyouseido.mhlw.go.jp/znk-web/juminkanja/S2430/initialize?prefCd=21&kikanCd=1662001234&kikanKbn=2", "url2": null, "内容": "本町クリニック【2:診療所】【診療科目:内科_胃腸内科_外科_肛門外科】岐阜県飛騨市神岡町船津" }, "geometry": { "type": "Point", "coordinates": [ 137.299314, 36.331137 ] } },
{ "type": "Feature", "properties": { "ID": 2121662001354, "正式名称": "医療法人　信光会　光華眼科医院", "機関区分": 2, "都道府県コード": 21, "市区町村コード": 203, "所在地": "岐阜県高山市岡本町", "緯度": 36.14141, "経度": 137.247703, "url": "https://www.iryou.teikyouseido.mhlw.go.jp/znk-web/juminkanja/S2430/initialize?prefCd=21&kikanCd=1662001354&kikanKbn=2", "url2": "http://www.kooka.jp", "内容": "医療法人　信光会　光華眼科医院【2:診療所】【診療科目:眼科】岐阜県高山市岡本町" }, "geometry": { "type": "Point", "coordinates": [ 137.247703, 36.14141 ] } },
{ "type": "Feature", "properties": { "ID": 2121662001356, "正式名称": "おおはし耳鼻咽喉科", "機関区分": 2, "都道府県コード": 21, "市区町村コード": 203, "所在地": "岐阜県高山市岡本町２丁目７５ー５　トーエネックサービス高山１ー１", "緯度": 36.146499, "経度": 137.246173, "url": "https://www.iryou.teikyouseido.mhlw.go.jp/znk-web/juminkanja/S2430/initialize?prefCd=21&kikanCd=1662001356&kikanKbn=2", "url2": null, "内容": "おおはし耳鼻咽喉科【2:診療所】【診療科目:耳鼻いんこう科_気管食道・耳鼻いんこう科_アレルギー科】岐阜県高山市岡本町２丁目７５ー５　トーエネックサービス高山１ー１" }, "geometry": { "type": "Point", "coordinates": [ 137.246173, 36.146499 ] } },
{ "type": "Feature", "properties": { "ID": 2121662001357, "正式名称": "田近ハートクリニック", "機関区分": 2, "都道府県コード": 21, "市区町村コード": 203, "所在地": "岐阜県高山市岡本町４－１－１", "緯度": 36.151942, "経度": 137.249936, "url": "https://www.iryou.teikyouseido.mhlw.go.jp/znk-web/juminkanja/S2430/initialize?prefCd=21&kikanCd=1662001357&kikanKbn=2", "url2": null, "内容": "田近ハートクリニック【2:診療所】【診療科目:内科_糖尿病内科_呼吸器内科_循環器内科】岐阜県高山市岡本町４－１－１" }, "geometry": { "type": "Point", "coordinates": [ 137.249936, 36.151942 ] } },
{ "type": "Feature", "properties": { "ID": 2121662001360, "正式名称": "ナチュラルクリニック２１", "機関区分": 2, "都道府県コード": 21, "市区町村コード": 203, "所在地": "岐阜県高山市下林町５１７番地の６", "緯度": 36.152215, "経度": 137.225455, "url": "https://www.iryou.teikyouseido.mhlw.go.jp/znk-web/juminkanja/S2430/initialize?prefCd=21&kikanCd=1662001360&kikanKbn=2", "url2": "http://www.nc-21.net/", "内容": "ナチュラルクリニック２１【2:診療所】【診療科目:内科_呼吸器内科_消化器内科_美容皮膚科_アレルギー科】岐阜県高山市下林町５１７番地の６" }, "geometry": { "type": "Point", "coordinates": [ 137.225455, 36.152215 ] } },
{ "type": "Feature", "properties": { "ID": 2121662001361, "正式名称": "片岡内科医院", "機関区分": 2, "都道府県コード": 21, "市区町村コード": 203, "所在地": "岐阜県高山市花岡町１－１４", "緯度": 36.143876, "経度": 137.252427, "url": "https://www.iryou.teikyouseido.mhlw.go.jp/znk-web/juminkanja/S2430/initialize?prefCd=21&kikanCd=1662001361&kikanKbn=2", "url2": null, "内容": "片岡内科医院【2:診療所】【診療科目:内科_呼吸器内科_循環器内科_消化器内科】岐阜県高山市花岡町１－１４" }, "geometry": { "type": "Point", "coordinates": [ 137.252427, 36.143876 ] } },
{ "type": "Feature", "properties": { "ID": 2121662001363, "正式名称": "高山市休日診療所・医科", "機関区分": 2, "都道府県コード": 21, "市区町村コード": 203, "所在地": "岐阜県高山市花岡町２丁目１８番地　高山市保健センター内", "緯度": 36.146222, "経度": 137.252694, "url": "https://www.iryou.teikyouseido.mhlw.go.jp/znk-web/juminkanja/S2430/initialize?prefCd=21&kikanCd=1662001363&kikanKbn=2", "url2": "https://www.city.takayama.lg.jp/shisetsu/1004139/1000033/1001501.html", "内容": "高山市休日診療所・医科【2:診療所】【診療科目:内科_外科_小児科】岐阜県高山市花岡町２丁目１８番地　高山市保健センター内" }, "geometry": { "type": "Point", "coordinates": [ 137.252694, 36.146222 ] } },
{ "type": "Feature", "properties": { "ID": 2121662001368, "正式名称": "加藤耳鼻咽喉科医院", "機関区分": 2, "都道府県コード": 21, "市区町村コード": 203, "所在地": "岐阜県高山市花里町１ー１７８", "緯度": 36.133076, "経度": 137.25009, "url": "https://www.iryou.teikyouseido.mhlw.go.jp/znk-web/juminkanja/S2430/initialize?prefCd=21&kikanCd=1662001368&kikanKbn=2", "url2": null, "内容": "加藤耳鼻咽喉科医院【2:診療所】【診療科目:小児科_耳鼻いんこう科】岐阜県高山市花里町１ー１７８" }, "geometry": { "type": "Point", "coordinates": [ 137.25009, 36.133076 ] } },
{ "type": "Feature", "properties": { "ID": 2121662001373, "正式名称": "しおたに皮膚科", "機関区分": 2, "都道府県コード": 21, "市区町村コード": 203, "所在地": "岐阜県高山市桐生町", "緯度": 36.154271, "経度": 137.252429, "url": "https://www.iryou.teikyouseido.mhlw.go.jp/znk-web/juminkanja/S2430/initialize?prefCd=21&kikanCd=1662001373&kikanKbn=2", "url2": null, "内容": "しおたに皮膚科【2:診療所】【診療科目:皮膚科】岐阜県高山市桐生町" }, "geometry": { "type": "Point", "coordinates": [ 137.252429, 36.154271 ] } },
{ "type": "Feature", "properties": { "ID": 2121662001374, "正式名称": "桐生クリニック", "機関区分": 2, "都道府県コード": 21, "市区町村コード": 203, "所在地": "岐阜県高山市桐生町４丁目２６８番地", "緯度": 36.154887, "経度": 137.248388, "url": "https://www.iryou.teikyouseido.mhlw.go.jp/znk-web/juminkanja/S2430/initialize?prefCd=21&kikanCd=1662001374&kikanKbn=2", "url2": "http://www.ori-doujinkai.or.jp/kiryuu/index.html", "内容": "桐生クリニック【2:診療所】【診療科目:内科】岐阜県高山市桐生町４丁目２６８番地" }, "geometry": { "type": "Point", "coordinates": [ 137.248388, 36.154887 ] } },
{ "type": "Feature", "properties": { "ID": 2121662001381, "正式名称": "むとうクリニック", "機関区分": 2, "都道府県コード": 21, "市区町村コード": 203, "所在地": "岐阜県高山市七日町３丁目１０６番地", "緯度": 36.149728, "経度": 137.254938, "url": "https://www.iryou.teikyouseido.mhlw.go.jp/znk-web/juminkanja/S2430/initialize?prefCd=21&kikanCd=1662001381&kikanKbn=2", "url2": null, "内容": "むとうクリニック【2:診療所】【診療科目:内科_胃腸内科_外科】岐阜県高山市七日町３丁目１０６番地" }, "geometry": { "type": "Point", "coordinates": [ 137.254938, 36.149728 ] } },
{ "type": "Feature", "properties": { "ID": 2121662001383, "正式名称": "医療法人敬愛会　高井整形外科眼科医院", "機関区分": 2, "都道府県コード": 21, "市区町村コード": 203, "所在地": "岐阜県高山市初田町３－５０", "緯度": 36.14966, "経度": 137.252234, "url": "https://www.iryou.teikyouseido.mhlw.go.jp/znk-web/juminkanja/S2430/initialize?prefCd=21&kikanCd=1662001383&kikanKbn=2", "url2": null, "内容": "医療法人敬愛会　高井整形外科眼科医院【2:診療所】【診療科目:整形外科_眼科】岐阜県高山市初田町３－５０" }, "geometry": { "type": "Point", "coordinates": [ 137.252234, 36.14966 ] } },
{ "type": "Feature", "properties": { "ID": 2121662001386, "正式名称": "おがわクリニック", "機関区分": 2, "都道府県コード": 21, "市区町村コード": 203, "所在地": "岐阜県高山市昭和町二の一二〇の一", "緯度": 36.145212, "経度": 137.248503, "url": "https://www.iryou.teikyouseido.mhlw.go.jp/znk-web/juminkanja/S2430/initialize?prefCd=21&kikanCd=1662001386&kikanKbn=2", "url2": null, "内容": "おがわクリニック【2:診療所】【診療科目:糖尿病内科】岐阜県高山市昭和町二の一二〇の一" }, "geometry": { "type": "Point", "coordinates": [ 137.248503, 36.145212 ] } },
{ "type": "Feature", "properties": { "ID": 2121662001389, "正式名称": "大八診療所", "機関区分": 2, "都道府県コード": 21, "市区町村コード": 203, "所在地": "岐阜県高山市松之木町８２８番地２岐阜県", "緯度": 36.149372, "経度": 137.27965, "url": "https://www.iryou.teikyouseido.mhlw.go.jp/znk-web/juminkanja/S2430/initialize?prefCd=21&kikanCd=1662001389&kikanKbn=2", "url2": null, "内容": "大八診療所【2:診療所】【診療科目:内科_循環器内科_放射線科】岐阜県高山市松之木町８２８番地２岐阜県" }, "geometry": { "type": "Point", "coordinates": [ 137.27965, 36.149372 ] } },
{ "type": "Feature", "properties": { "ID": 2121662001398, "正式名称": "医療法人　万裕会さもりファミリークリニック", "機関区分": 2, "都道府県コード": 21, "市区町村コード": 203, "所在地": "岐阜県高山市新宮町", "緯度": 36.131819, "経度": 137.208802, "url": "https://www.iryou.teikyouseido.mhlw.go.jp/znk-web/juminkanja/S2430/initialize?prefCd=21&kikanCd=1662001398&kikanKbn=2", "url2": null, "内容": "医療法人　万裕会さもりファミリークリニック【2:診療所】【診療科目:内科_消化器内科_小児科_アレルギー科_リハビリテーション科】岐阜県高山市新宮町" }, "geometry": { "type": "Point", "coordinates": [ 137.208802, 36.131819 ] } },
{ "type": "Feature", "properties": { "ID": 2121662001404, "正式名称": "ひさかね医院", "機関区分": 2, "都道府県コード": 21, "市区町村コード": 203, "所在地": "岐阜県高山市西之一色町１－４５－１１", "緯度": 36.135438, "経度": 137.250102, "url": "https://www.iryou.teikyouseido.mhlw.go.jp/znk-web/juminkanja/S2430/initialize?prefCd=21&kikanCd=1662001404&kikanKbn=2", "url2": null, "内容": "ひさかね医院【2:診療所】【診療科目:内科_神経内科_リハビリテーション科】岐阜県高山市西之一色町１－４５－１１" }, "geometry": { "type": "Point", "coordinates": [ 137.250102, 36.135438 ] } },
{ "type": "Feature", "properties": { "ID": 2121662001406, "正式名称": "高桑内科クリニック", "機関区分": 2, "都道府県コード": 21, "市区町村コード": 203, "所在地": "岐阜県高山市石浦町６ー２２０", "緯度": 36.115425, "経度": 137.260459, "url": "https://www.iryou.teikyouseido.mhlw.go.jp/znk-web/juminkanja/S2430/initialize?prefCd=21&kikanCd=1662001406&kikanKbn=2", "url2": "http://www.kunpuukai.jp", "内容": "高桑内科クリニック【2:診療所】【診療科目:内科】岐阜県高山市石浦町６ー２２０" }, "geometry": { "type": "Point", "coordinates": [ 137.260459, 36.115425 ] } },
{ "type": "Feature", "properties": { "ID": 2121662001409, "正式名称": "医療法人宗峰会　清水医院", "機関区分": 2, "都道府県コード": 21, "市区町村コード": 203, "所在地": "岐阜県高山市千島町６５０番地", "緯度": 36.128365, "経度": 137.254143, "url": "https://www.iryou.teikyouseido.mhlw.go.jp/znk-web/juminkanja/S2430/initialize?prefCd=21&kikanCd=1662001409&kikanKbn=2", "url2": null, "内容": "医療法人宗峰会　清水医院【2:診療所】【診療科目:内科_呼吸器内科_循環器内科_整形外科_小児科_リハビリテーション科】岐阜県高山市千島町６５０番地" }, "geometry": { "type": "Point", "coordinates": [ 137.254143, 36.128365 ] } },
{ "type": "Feature", "properties": { "ID": 2121662001410, "正式名称": "医療法人光風会たかだクリニック", "機関区分": 2, "都道府県コード": 21, "市区町村コード": 203, "所在地": "岐阜県高山市大門町１８番地", "緯度": 36.143735, "経度": 137.26212, "url": "https://www.iryou.teikyouseido.mhlw.go.jp/znk-web/juminkanja/S2430/initialize?prefCd=21&kikanCd=1662001410&kikanKbn=2", "url2": null, "内容": "医療法人光風会たかだクリニック【2:診療所】【診療科目:内科_循環器内科】岐阜県高山市大門町１８番地" }, "geometry": { "type": "Point", "coordinates": [ 137.26212, 36.143735 ] } },
{ "type": "Feature", "properties": { "ID": 2121662001411, "正式名称": "毛利内科クリニック", "機関区分": 2, "都道府県コード": 21, "市区町村コード": 203, "所在地": "岐阜県高山市桐生町５丁目３３８番地", "緯度": 36.160517, "経度": 137.252334, "url": "https://www.iryou.teikyouseido.mhlw.go.jp/znk-web/juminkanja/S2430/initialize?prefCd=21&kikanCd=1662001411&kikanKbn=2", "url2": null, "内容": "毛利内科クリニック【2:診療所】【診療科目:内科_循環器内科】岐阜県高山市桐生町５丁目３３８番地" }, "geometry": { "type": "Point", "coordinates": [ 137.252334, 36.160517 ] } },
{ "type": "Feature", "properties": { "ID": 2121662001413, "正式名称": "宮田整形外科", "機関区分": 2, "都道府県コード": 21, "市区町村コード": 203, "所在地": "岐阜県高山市天満町２ー１１９ー１", "緯度": 36.135835, "経度": 137.254107, "url": "https://www.iryou.teikyouseido.mhlw.go.jp/znk-web/juminkanja/S2430/initialize?prefCd=21&kikanCd=1662001413&kikanKbn=2", "url2": null, "内容": "宮田整形外科【2:診療所】【診療科目:整形外科_リウマチ科_リハビリテーション科】岐阜県高山市天満町２ー１１９ー１" }, "geometry": { "type": "Point", "coordinates": [ 137.254107, 36.135835 ] } },
{ "type": "Feature", "properties": { "ID": 2121662001414, "正式名称": "水口医院", "機関区分": 2, "都道府県コード": 21, "市区町村コード": 203, "所在地": "岐阜県高山市天満町", "緯度": 36.137511, "経度": 137.254216, "url": "https://www.iryou.teikyouseido.mhlw.go.jp/znk-web/juminkanja/S2430/initialize?prefCd=21&kikanCd=1662001414&kikanKbn=2", "url2": "http://clinic.smiley-reserve.jp/mizuguchi-clinic", "内容": "水口医院【2:診療所】【診療科目:小児科】岐阜県高山市天満町" }, "geometry": { "type": "Point", "coordinates": [ 137.254216, 36.137511 ] } },
{ "type": "Feature", "properties": { "ID": 2121662001415, "正式名称": "山下医院", "機関区分": 2, "都道府県コード": 21, "市区町村コード": 203, "所在地": "岐阜県高山市天満町３ー７０", "緯度": 36.138364, "経度": 137.253782, "url": "https://www.iryou.teikyouseido.mhlw.go.jp/znk-web/juminkanja/S2430/initialize?prefCd=21&kikanCd=1662001415&kikanKbn=2", "url2": null, "内容": "山下医院【2:診療所】【診療科目:内科_小児科_皮膚科】岐阜県高山市天満町３ー７０" }, "geometry": { "type": "Point", "coordinates": [ 137.253782, 36.138364 ] } },
{ "type": "Feature", "properties": { "ID": 2121662001418, "正式名称": "あらたに整形外科・内科", "機関区分": 2, "都道府県コード": 21, "市区町村コード": 203, "所在地": "岐阜県高山市冬頭町７５５", "緯度": 36.162827, "経度": 137.239931, "url": "https://www.iryou.teikyouseido.mhlw.go.jp/znk-web/juminkanja/S2430/initialize?prefCd=21&kikanCd=1662001418&kikanKbn=2", "url2": null, "内容": "あらたに整形外科・内科【2:診療所】【診療科目:内科_整形外科_リハビリテーション科】岐阜県高山市冬頭町７５５" }, "geometry": { "type": "Point", "coordinates": [ 137.239931, 36.162827 ] } },
{ "type": "Feature", "properties": { "ID": 2121662001420, "正式名称": "田中医院", "機関区分": 2, "都道府県コード": 21, "市区町村コード": 203, "所在地": "岐阜県高山市八軒町１ー８６", "緯度": 36.1389, "経度": 137.256954, "url": "https://www.iryou.teikyouseido.mhlw.go.jp/znk-web/juminkanja/S2430/initialize?prefCd=21&kikanCd=1662001420&kikanKbn=2", "url2": "http://www.uro-tanaka.jp/", "内容": "田中医院【2:診療所】【診療科目:泌尿器科】岐阜県高山市八軒町１ー８６" }, "geometry": { "type": "Point", "coordinates": [ 137.256954, 36.1389 ] } },
{ "type": "Feature", "properties": { "ID": 2121662001424, "正式名称": "斎藤耳鼻咽喉科医院", "機関区分": 2, "都道府県コード": 21, "市区町村コード": 203, "所在地": "岐阜県高山市名田町４丁目４８番地", "緯度": 36.139805, "経度": 137.254364, "url": "https://www.iryou.teikyouseido.mhlw.go.jp/znk-web/juminkanja/S2430/initialize?prefCd=21&kikanCd=1662001424&kikanKbn=2", "url2": null, "内容": "斎藤耳鼻咽喉科医院【2:診療所】【診療科目:耳鼻いんこう科】岐阜県高山市名田町４丁目４８番地" }, "geometry": { "type": "Point", "coordinates": [ 137.254364, 36.139805 ] } },
{ "type": "Feature", "properties": { "ID": 2121662001426, "正式名称": "医療法人以仁会　加藤医院", "機関区分": 2, "都道府県コード": 21, "市区町村コード": 203, "所在地": "岐阜県高山市有楽町２番地", "緯度": 36.141176, "経度": 137.257595, "url": "https://www.iryou.teikyouseido.mhlw.go.jp/znk-web/juminkanja/S2430/initialize?prefCd=21&kikanCd=1662001426&kikanKbn=2", "url2": "https://kouranso.com", "内容": "医療法人以仁会　加藤医院【2:診療所】【診療科目:内科_呼吸器内科_循環器内科_皮膚科_アレルギー科_リハビリテーション科】岐阜県高山市有楽町２番地" }, "geometry": { "type": "Point", "coordinates": [ 137.257595, 36.141176 ] } },
{ "type": "Feature", "properties": { "ID": 2121662001753, "正式名称": "高山市国民健康保険江黒出張診療所", "機関区分": 2, "都道府県コード": 21, "市区町村コード": 203, "所在地": "岐阜県高山市清見町江黒１８５番地１", "緯度": 36.178073, "経度": 137.050982, "url": "https://www.iryou.teikyouseido.mhlw.go.jp/znk-web/juminkanja/S2430/initialize?prefCd=21&kikanCd=1662001753&kikanKbn=2", "url2": "https://www.city.takayama.lg.jp/shisetsu/1004139/1000033/1001504.html", "内容": "高山市国民健康保険江黒出張診療所【2:診療所】【診療科目:内科_外科_整形外科_小児科】岐阜県高山市清見町江黒１８５番地１" }, "geometry": { "type": "Point", "coordinates": [ 137.050982, 36.178073 ] } },
{ "type": "Feature", "properties": { "ID": 2121662001754, "正式名称": "高山市国民健康保険清見診療所", "機関区分": 2, "都道府県コード": 21, "市区町村コード": 203, "所在地": "岐阜県高山市清見町三日町４１７番地１", "緯度": 36.129816, "経度": 137.187446, "url": "https://www.iryou.teikyouseido.mhlw.go.jp/znk-web/juminkanja/S2430/initialize?prefCd=21&kikanCd=1662001754&kikanKbn=2", "url2": "https://www.city.takayama.lg.jp/shisetsu/1004139/1000033/1001502.html", "内容": "高山市国民健康保険清見診療所【2:診療所】【診療科目:内科_外科_整形外科_小児科】岐阜県高山市清見町三日町４１７番地１" }, "geometry": { "type": "Point", "coordinates": [ 137.187446, 36.129816 ] } },
{ "type": "Feature", "properties": { "ID": 2121662001755, "正式名称": "高山市国民健康保険大原出張診療所", "機関区分": 2, "都道府県コード": 21, "市区町村コード": 203, "所在地": "岐阜県高山市清見町大原６８２番地", "緯度": 35.946616, "経度": 137.083713, "url": "https://www.iryou.teikyouseido.mhlw.go.jp/znk-web/juminkanja/S2430/initialize?prefCd=21&kikanCd=1662001755&kikanKbn=2", "url2": "https://www.city.takayama.lg.jp/shisetsu/1004139/1000033/1001503.html", "内容": "高山市国民健康保険大原出張診療所【2:診療所】【診療科目:内科_外科_整形外科_小児科】岐阜県高山市清見町大原６８２番地" }, "geometry": { "type": "Point", "coordinates": [ 137.083713, 35.946616 ] } },
{ "type": "Feature", "properties": { "ID": 2121662001762, "正式名称": "高山市国民健康保険秋神出張診療所", "機関区分": 2, "都道府県コード": 21, "市区町村コード": 203, "所在地": "岐阜県高山市朝日町桑之島６６番地１２", "緯度": 36.019526, "経度": 137.391145, "url": "https://www.iryou.teikyouseido.mhlw.go.jp/znk-web/juminkanja/S2430/initialize?prefCd=21&kikanCd=1662001762&kikanKbn=2", "url2": "https://www.city.takayama.lg.jp/shisetsu/1004139/1000033/1001510.html", "内容": "高山市国民健康保険秋神出張診療所【2:診療所】【診療科目:内科_外科_小児科】岐阜県高山市朝日町桑之島６６番地１２" }, "geometry": { "type": "Point", "coordinates": [ 137.391145, 36.019526 ] } },
{ "type": "Feature", "properties": { "ID": 2121662001764, "正式名称": "高山市国民健康保険南高山地域医療センター朝日地域診療所", "機関区分": 2, "都道府県コード": 21, "市区町村コード": 203, "所在地": "岐阜県高山市朝日町万石３３３番地１", "緯度": 36.090455, "経度": 137.352671, "url": "https://www.iryou.teikyouseido.mhlw.go.jp/znk-web/juminkanja/S2430/initialize?prefCd=21&kikanCd=1662001764&kikanKbn=2", "url2": "https://www.city.takayama.lg.jp/shisetsu/1004139/1000033/1001509.html", "内容": "高山市国民健康保険南高山地域医療センター朝日地域診療所【2:診療所】【診療科目:内科_外科_小児科_歯科】岐阜県高山市朝日町万石３３３番地１" }, "geometry": { "type": "Point", "coordinates": [ 137.352671, 36.090455 ] } },
{ "type": "Feature", "properties": { "ID": 2121662001877, "正式名称": "国民健康保険飛騨市河合診療所", "機関区分": 2, "都道府県コード": 21, "市区町村コード": 217, "所在地": "岐阜県飛騨市河合町角川", "緯度": 36.30451, "経度": 137.101164, "url": "https://www.iryou.teikyouseido.mhlw.go.jp/znk-web/juminkanja/S2430/initialize?prefCd=21&kikanCd=1662001877&kikanKbn=2", "url2": null, "内容": "国民健康保険飛騨市河合診療所【2:診療所】【診療科目:内科_外科_整形外科_小児科】岐阜県飛騨市河合町角川" }, "geometry": { "type": "Point", "coordinates": [ 137.101164, 36.30451 ] } },
{ "type": "Feature", "properties": { "ID": 2121662001878, "正式名称": "国民健康保険飛騨市杉原診療所", "機関区分": 2, "都道府県コード": 21, "市区町村コード": 217, "所在地": "岐阜県飛騨市宮川町杉原５３３番地１", "緯度": 36.415532, "経度": 137.191437, "url": "https://www.iryou.teikyouseido.mhlw.go.jp/znk-web/juminkanja/S2430/initialize?prefCd=21&kikanCd=1662001878&kikanKbn=2", "url2": null, "内容": "国民健康保険飛騨市杉原診療所【2:診療所】【診療科目:内科_外科_小児科】岐阜県飛騨市宮川町杉原５３３番地１" }, "geometry": { "type": "Point", "coordinates": [ 137.191437, 36.415532 ] } },
{ "type": "Feature", "properties": { "ID": 2121662001882, "正式名称": "国民健康保険　飛騨市山之村診療所", "機関区分": 2, "都道府県コード": 21, "市区町村コード": 217, "所在地": "岐阜県飛騨市神岡町森茂１４１番地", "緯度": 36.382932, "経度": 137.363105, "url": "https://www.iryou.teikyouseido.mhlw.go.jp/znk-web/juminkanja/S2430/initialize?prefCd=21&kikanCd=1662001882&kikanKbn=2", "url2": null, "内容": "国民健康保険　飛騨市山之村診療所【2:診療所】【診療科目:内科_外科_小児科】岐阜県飛騨市神岡町森茂１４１番地" }, "geometry": { "type": "Point", "coordinates": [ 137.363105, 36.382932 ] } },
{ "type": "Feature", "properties": { "ID": 2121662001883, "正式名称": "国民健康保険飛騨市袖川診療所", "機関区分": 2, "都道府県コード": 21, "市区町村コード": 217, "所在地": "岐阜県飛騨市神岡町西１７６０番地１", "緯度": 36.30326, "経度": 137.251806, "url": "https://www.iryou.teikyouseido.mhlw.go.jp/znk-web/juminkanja/S2430/initialize?prefCd=21&kikanCd=1662001883&kikanKbn=2", "url2": null, "内容": "国民健康保険飛騨市袖川診療所【2:診療所】【診療科目:内科_小児科】岐阜県飛騨市神岡町西１７６０番地１" }, "geometry": { "type": "Point", "coordinates": [ 137.251806, 36.30326 ] } },
{ "type": "Feature", "properties": { "ID": 2121662005968, "正式名称": "江尻内科・循環器科クリニック", "機関区分": 2, "都道府県コード": 21, "市区町村コード": 217, "所在地": "岐阜県飛騨市古川町上気多６３１－１", "緯度": 36.238996, "経度": 137.191419, "url": "https://www.iryou.teikyouseido.mhlw.go.jp/znk-web/juminkanja/S2430/initialize?prefCd=21&kikanCd=1662005968&kikanKbn=2", "url2": "http://www.ejiri-clinic.info", "内容": "江尻内科・循環器科クリニック【2:診療所】【診療科目:内科_循環器内科_小児科】岐阜県飛騨市古川町上気多６３１－１" }, "geometry": { "type": "Point", "coordinates": [ 137.191419, 36.238996 ] } },
{ "type": "Feature", "properties": { "ID": 2121662006044, "正式名称": "萩原北醫院", "機関区分": 2, "都道府県コード": 21, "市区町村コード": 220, "所在地": "岐阜県下呂市萩原町羽根", "緯度": 35.903378, "経度": 137.210947, "url": "https://www.iryou.teikyouseido.mhlw.go.jp/znk-web/juminkanja/S2430/initialize?prefCd=21&kikanCd=1662006044&kikanKbn=2", "url2": "https://hagiwarakita.com/", "内容": "萩原北醫院【2:診療所】【診療科目:内科_呼吸器内科_循環器内科_小児科_皮膚科】岐阜県下呂市萩原町羽根" }, "geometry": { "type": "Point", "coordinates": [ 137.210947, 35.903378 ] } },
{ "type": "Feature", "properties": { "ID": 2121662006184, "正式名称": "河合医院", "機関区分": 2, "都道府県コード": 21, "市区町村コード": 217, "所在地": "岐阜県飛騨市古川町弐之町２－１７", "緯度": 36.23411, "経度": 137.186827, "url": "https://www.iryou.teikyouseido.mhlw.go.jp/znk-web/juminkanja/S2430/initialize?prefCd=21&kikanCd=1662006184&kikanKbn=2", "url2": null, "内容": "河合医院【2:診療所】【診療科目:内科_小児科_産婦人科】岐阜県飛騨市古川町弐之町２－１７" }, "geometry": { "type": "Point", "coordinates": [ 137.186827, 36.23411 ] } },
{ "type": "Feature", "properties": { "ID": 2121662006247, "正式名称": "みや診療所", "機関区分": 2, "都道府県コード": 21, "市区町村コード": 203, "所在地": "岐阜県高山市一之宮町４３２２ー３", "緯度": 36.078079, "経度": 137.241475, "url": "https://www.iryou.teikyouseido.mhlw.go.jp/znk-web/juminkanja/S2430/initialize?prefCd=21&kikanCd=1662006247&kikanKbn=2", "url2": null, "内容": "みや診療所【2:診療所】【診療科目:内科_外科】岐阜県高山市一之宮町４３２２ー３" }, "geometry": { "type": "Point", "coordinates": [ 137.241475, 36.078079 ] } },
{ "type": "Feature", "properties": { "ID": 2121662006248, "正式名称": "大沼内科消化器科クリニック", "機関区分": 2, "都道府県コード": 21, "市区町村コード": 203, "所在地": "岐阜県高山市桐生町５ー１８７ー１", "緯度": 36.157893, "経度": 137.253321, "url": "https://www.iryou.teikyouseido.mhlw.go.jp/znk-web/juminkanja/S2430/initialize?prefCd=21&kikanCd=1662006248&kikanKbn=2", "url2": "http://onclinic.jp/", "内容": "大沼内科消化器科クリニック【2:診療所】【診療科目:内科_消化器内科】岐阜県高山市桐生町５ー１８７ー１" }, "geometry": { "type": "Point", "coordinates": [ 137.253321, 36.157893 ] } },
{ "type": "Feature", "properties": { "ID": 2121662006560, "正式名称": "こばやし整形外科", "機関区分": 2, "都道府県コード": 21, "市区町村コード": 220, "所在地": "岐阜県下呂市萩原町跡津１１３７", "緯度": 35.860424, "経度": 137.218777, "url": "https://www.iryou.teikyouseido.mhlw.go.jp/znk-web/juminkanja/S2430/initialize?prefCd=21&kikanCd=1662006560&kikanKbn=2", "url2": null, "内容": "こばやし整形外科【2:診療所】【診療科目:整形外科_リウマチ科_リハビリテーション科】岐阜県下呂市萩原町跡津１１３７" }, "geometry": { "type": "Point", "coordinates": [ 137.218777, 35.860424 ] } },
{ "type": "Feature", "properties": { "ID": 2121662006586, "正式名称": "玉舎クリニック", "機関区分": 2, "都道府県コード": 21, "市区町村コード": 217, "所在地": "岐阜県飛騨市古川町若宮一丁目７ー５６", "緯度": 36.236027, "経度": 137.192891, "url": "https://www.iryou.teikyouseido.mhlw.go.jp/znk-web/juminkanja/S2430/initialize?prefCd=21&kikanCd=1662006586&kikanKbn=2", "url2": null, "内容": "玉舎クリニック【2:診療所】【診療科目:内科_整形外科_リハビリテーション科】岐阜県飛騨市古川町若宮一丁目７ー５６" }, "geometry": { "type": "Point", "coordinates": [ 137.192891, 36.236027 ] } },
{ "type": "Feature", "properties": { "ID": 2121662006596, "正式名称": "河野ファミリークリニック", "機関区分": 2, "都道府県コード": 21, "市区町村コード": 203, "所在地": "岐阜県高山市初田町１ー２８", "緯度": 36.144167, "経度": 137.25342, "url": "https://www.iryou.teikyouseido.mhlw.go.jp/znk-web/juminkanja/S2430/initialize?prefCd=21&kikanCd=1662006596&kikanKbn=2", "url2": "https://www.shujii.com/0577321207/i/", "内容": "河野ファミリークリニック【2:診療所】【診療科目:内科_外科_肛門外科_小児科】岐阜県高山市初田町１ー２８" }, "geometry": { "type": "Point", "coordinates": [ 137.25342, 36.144167 ] } },
{ "type": "Feature", "properties": { "ID": 2121662006597, "正式名称": "岩堤医院", "機関区分": 2, "都道府県コード": 21, "市区町村コード": 203, "所在地": "岐阜県高山市森下町２ー１２８ー２", "緯度": 36.132838, "経度": 137.25892, "url": "https://www.iryou.teikyouseido.mhlw.go.jp/znk-web/juminkanja/S2430/initialize?prefCd=21&kikanCd=1662006597&kikanKbn=2", "url2": null, "内容": "岩堤医院【2:診療所】【診療科目:内科_消化器内科_外科】岐阜県高山市森下町２ー１２８ー２" }, "geometry": { "type": "Point", "coordinates": [ 137.25892, 36.132838 ] } },
{ "type": "Feature", "properties": { "ID": 2121662006679, "正式名称": "下呂市立馬瀬診療所", "機関区分": 2, "都道府県コード": 21, "市区町村コード": 220, "所在地": "岐阜県下呂市馬瀬数河２５９ー１", "緯度": 35.906201, "経度": 137.140656, "url": "https://www.iryou.teikyouseido.mhlw.go.jp/znk-web/juminkanja/S2430/initialize?prefCd=21&kikanCd=1662006679&kikanKbn=2", "url2": null, "内容": "下呂市立馬瀬診療所【2:診療所】【診療科目:内科】岐阜県下呂市馬瀬数河２５９ー１" }, "geometry": { "type": "Point", "coordinates": [ 137.140656, 35.906201 ] } },
{ "type": "Feature", "properties": { "ID": 2121662006913, "正式名称": "西之一色内科クリニック", "機関区分": 2, "都道府県コード": 21, "市区町村コード": 203, "所在地": "岐阜県高山市西之一色町３丁目１１８９ー４", "緯度": 36.131462, "経度": 137.249351, "url": "https://www.iryou.teikyouseido.mhlw.go.jp/znk-web/juminkanja/S2430/initialize?prefCd=21&kikanCd=1662006913&kikanKbn=2", "url2": "http://nishinoissiki-naika.jp/default.aspx", "内容": "西之一色内科クリニック【2:診療所】【診療科目:内科_呼吸器内科_消化器内科】岐阜県高山市西之一色町３丁目１１８９ー４" }, "geometry": { "type": "Point", "coordinates": [ 137.249351, 36.131462 ] } },
{ "type": "Feature", "properties": { "ID": 2121662006918, "正式名称": "えんやクリニック", "機関区分": 2, "都道府県コード": 21, "市区町村コード": 203, "所在地": "岐阜県高山市上岡本町２ー３５３ー３", "緯度": 36.136577, "経度": 137.230512, "url": "https://www.iryou.teikyouseido.mhlw.go.jp/znk-web/juminkanja/S2430/initialize?prefCd=21&kikanCd=1662006918&kikanKbn=2", "url2": null, "内容": "えんやクリニック【2:診療所】【診療科目:内科_消化器内科】岐阜県高山市上岡本町２ー３５３ー３" }, "geometry": { "type": "Point", "coordinates": [ 137.230512, 36.136577 ] } },
{ "type": "Feature", "properties": { "ID": 2121662007069, "正式名称": "医療法人同仁会　折茂医院", "機関区分": 2, "都道府県コード": 21, "市区町村コード": 203, "所在地": "岐阜県高山市昭和町２丁目８５番地１レザミひだメディケアガーデン南棟１Ｆ", "緯度": 36.14615, "経度": 137.249714, "url": "https://www.iryou.teikyouseido.mhlw.go.jp/znk-web/juminkanja/S2430/initialize?prefCd=21&kikanCd=1662007069&kikanKbn=2", "url2": "http://www.ori-doujinkai.or.jp/orishige/index.html", "内容": "医療法人同仁会　折茂医院【2:診療所】【診療科目:内科_消化器内科_外科_皮膚科】岐阜県高山市昭和町２丁目８５番地１レザミひだメディケアガーデン南棟１Ｆ" }, "geometry": { "type": "Point", "coordinates": [ 137.249714, 36.14615 ] } },
{ "type": "Feature", "properties": { "ID": 2121662007386, "正式名称": "村瀬眼科クリニック", "機関区分": 2, "都道府県コード": 21, "市区町村コード": 220, "所在地": "岐阜県下呂市萩原町花池１７ー１", "緯度": 35.86061, "経度": 137.225753, "url": "https://www.iryou.teikyouseido.mhlw.go.jp/znk-web/juminkanja/S2430/initialize?prefCd=21&kikanCd=1662007386&kikanKbn=2", "url2": "murase-eye-clinic.p1.bindsite.jp/", "内容": "村瀬眼科クリニック【2:診療所】【診療科目:眼科】岐阜県下呂市萩原町花池１７ー１" }, "geometry": { "type": "Point", "coordinates": [ 137.225753, 35.86061 ] } },
{ "type": "Feature", "properties": { "ID": 2121662007430, "正式名称": "高山市国民健康保険荘川診療所", "機関区分": 2, "都道府県コード": 21, "市区町村コード": 203, "所在地": "岐阜県高山市荘川町新渕５４６番地１", "緯度": 36.054412, "経度": 137.126854, "url": "https://www.iryou.teikyouseido.mhlw.go.jp/znk-web/juminkanja/S2430/initialize?prefCd=21&kikanCd=1662007430&kikanKbn=2", "url2": "https://www.city.takayama.lg.jp/shisetsu/1004139/1000033/1001505.html", "内容": "高山市国民健康保険荘川診療所【2:診療所】【診療科目:内科_外科_整形外科_小児科_歯科】岐阜県高山市荘川町新渕５４６番地１" }, "geometry": { "type": "Point", "coordinates": [ 137.126854, 36.054412 ] } },
{ "type": "Feature", "properties": { "ID": 2121662007490, "正式名称": "おくむらクリニック", "機関区分": 2, "都道府県コード": 21, "市区町村コード": 220, "所在地": "岐阜県下呂市森１４１９－３１", "緯度": 35.804839, "経度": 137.246577, "url": "https://www.iryou.teikyouseido.mhlw.go.jp/znk-web/juminkanja/S2430/initialize?prefCd=21&kikanCd=1662007490&kikanKbn=2", "url2": "http://okumura-clinic.p1.bindsite.jp/", "内容": "おくむらクリニック【2:診療所】【診療科目:内科_糖尿病内科_消化器内科】岐阜県下呂市森１４１９－３１" }, "geometry": { "type": "Point", "coordinates": [ 137.246577, 35.804839 ] } },
{ "type": "Feature", "properties": { "ID": 2121662007491, "正式名称": "アルプスベルクリニック", "機関区分": 2, "都道府県コード": 21, "市区町村コード": 203, "所在地": "岐阜県高山市山田町３１０", "緯度": 36.151457, "経度": 137.224385, "url": "https://www.iryou.teikyouseido.mhlw.go.jp/znk-web/juminkanja/S2430/initialize?prefCd=21&kikanCd=1662007491&kikanKbn=2", "url2": "http://www.alpsbell.jp", "内容": "アルプスベルクリニック【2:診療所】【診療科目:小児科_産科_婦人科】岐阜県高山市山田町３１０" }, "geometry": { "type": "Point", "coordinates": [ 137.224385, 36.151457 ] } },
{ "type": "Feature", "properties": { "ID": 2121662007679, "正式名称": "かじ眼科", "機関区分": 2, "都道府県コード": 21, "市区町村コード": 217, "所在地": "岐阜県飛騨市古川町上気多５９２ー１", "緯度": 36.238708, "経度": 137.190079, "url": "https://www.iryou.teikyouseido.mhlw.go.jp/znk-web/juminkanja/S2430/initialize?prefCd=21&kikanCd=1662007679&kikanKbn=2", "url2": null, "内容": "かじ眼科【2:診療所】【診療科目:眼科】岐阜県飛騨市古川町上気多５９２ー１" }, "geometry": { "type": "Point", "coordinates": [ 137.190079, 36.238708 ] } },
{ "type": "Feature", "properties": { "ID": 2121662007741, "正式名称": "いしうらクリニック", "機関区分": 2, "都道府県コード": 21, "市区町村コード": 203, "所在地": "岐阜県高山市石浦町２―１９０", "緯度": 36.112511, "経度": 137.26555, "url": "https://www.iryou.teikyouseido.mhlw.go.jp/znk-web/juminkanja/S2430/initialize?prefCd=21&kikanCd=1662007741&kikanKbn=2", "url2": "http://web.clinicn.jp/ishiura-clinic/", "内容": "いしうらクリニック【2:診療所】【診療科目:内科_消化器内科_内視鏡内科】岐阜県高山市石浦町２―１９０" }, "geometry": { "type": "Point", "coordinates": [ 137.26555, 36.112511 ] } },
{ "type": "Feature", "properties": { "ID": 2121662007811, "正式名称": "岩塚クリニック", "機関区分": 2, "都道府県コード": 21, "市区町村コード": 203, "所在地": "岐阜県高山市下岡本町３０４８番地１", "緯度": 36.155439, "経度": 137.244563, "url": "https://www.iryou.teikyouseido.mhlw.go.jp/znk-web/juminkanja/S2430/initialize?prefCd=21&kikanCd=1662007811&kikanKbn=2", "url2": null, "内容": "岩塚クリニック【2:診療所】【診療科目:内科_漢方内科_外科】岐阜県高山市下岡本町３０４８番地１" }, "geometry": { "type": "Point", "coordinates": [ 137.244563, 36.155439 ] } },
{ "type": "Feature", "properties": { "ID": 2121662007885, "正式名称": "医療法人天照会　ひだ高山整形外科", "機関区分": 2, "都道府県コード": 21, "市区町村コード": 203, "所在地": "岐阜県高山市岡本町２－９４－２", "緯度": 36.144722, "経度": 137.246117, "url": "https://www.iryou.teikyouseido.mhlw.go.jp/znk-web/juminkanja/S2430/initialize?prefCd=21&kikanCd=1662007885&kikanKbn=2", "url2": "http://www.hidatakayama-seikei.com/", "内容": "医療法人天照会　ひだ高山整形外科【2:診療所】【診療科目:整形外科_リハビリテーション科】岐阜県高山市岡本町２－９４－２" }, "geometry": { "type": "Point", "coordinates": [ 137.246117, 36.144722 ] } },
{ "type": "Feature", "properties": { "ID": 2121662008082, "正式名称": "のりくらファミリー眼科", "機関区分": 2, "都道府県コード": 21, "市区町村コード": 203, "所在地": "岐阜県高山市大新町５丁目１６２番地１", "緯度": 36.153718, "経度": 137.258089, "url": "https://www.iryou.teikyouseido.mhlw.go.jp/znk-web/juminkanja/S2430/initialize?prefCd=21&kikanCd=1662008082&kikanKbn=2", "url2": "http://norikura-ganka.com", "内容": "のりくらファミリー眼科【2:診療所】【診療科目:眼科】岐阜県高山市大新町５丁目１６２番地１" }, "geometry": { "type": "Point", "coordinates": [ 137.258089, 36.153718 ] } },
{ "type": "Feature", "properties": { "ID": 2121662008308, "正式名称": "県北西部地域医療センター白川村国民健康保険白川診療所", "機関区分": 2, "都道府県コード": 21, "市区町村コード": 604, "所在地": "岐阜県大野郡白川村鳩谷２８番地", "緯度": 36.268364, "経度": 136.899854, "url": "https://www.iryou.teikyouseido.mhlw.go.jp/znk-web/juminkanja/S2430/initialize?prefCd=21&kikanCd=1662008308&kikanKbn=2", "url2": "https://www.vill.shirakawa.lg.jp/1058.htm", "内容": "県北西部地域医療センター白川村国民健康保険白川診療所【2:診療所】【診療科目:内科_外科_小児科_心療内科】岐阜県大野郡白川村鳩谷２８番地" }, "geometry": { "type": "Point", "coordinates": [ 136.899854, 36.268364 ] } },
{ "type": "Feature", "properties": { "ID": 2121662008385, "正式名称": "しもじクリニック", "機関区分": 2, "都道府県コード": 21, "市区町村コード": 203, "所在地": "岐阜県高山市松之木町３１３番地１", "緯度": 36.150313, "経度": 137.271199, "url": "https://www.iryou.teikyouseido.mhlw.go.jp/znk-web/juminkanja/S2430/initialize?prefCd=21&kikanCd=1662008385&kikanKbn=2", "url2": "http://shimojicl.wixsite.com/shimoji", "内容": "しもじクリニック【2:診療所】【診療科目:内科_消化器内科】岐阜県高山市松之木町３１３番地１" }, "geometry": { "type": "Point", "coordinates": [ 137.271199, 36.150313 ] } },
{ "type": "Feature", "properties": { "ID": 2121662008505, "正式名称": "長瀬内科", "機関区分": 2, "都道府県コード": 21, "市区町村コード": 203, "所在地": "岐阜県高山市森下町１丁目２２７番地", "緯度": 36.13026, "経度": 137.25984, "url": "https://www.iryou.teikyouseido.mhlw.go.jp/znk-web/juminkanja/S2430/initialize?prefCd=21&kikanCd=1662008505&kikanKbn=2", "url2": null, "内容": "長瀬内科【2:診療所】【診療科目:内科_糖尿病内科_消化器内科】岐阜県高山市森下町１丁目２２７番地" }, "geometry": { "type": "Point", "coordinates": [ 137.25984, 36.13026 ] } },
{ "type": "Feature", "properties": { "ID": 2121662008511, "正式名称": "なかしまクリニック", "機関区分": 2, "都道府県コード": 21, "市区町村コード": 203, "所在地": "岐阜県高山市昭和町３丁目１８０ー１", "緯度": 36.14759, "経度": 137.24777, "url": "https://www.iryou.teikyouseido.mhlw.go.jp/znk-web/juminkanja/S2430/initialize?prefCd=21&kikanCd=1662008511&kikanKbn=2", "url2": null, "内容": "なかしまクリニック【2:診療所】【診療科目:内科_糖尿病内科_代謝内科_内分泌内科_脂質代謝内科_糖尿病・内分泌内科_糖尿病・代謝内科_代謝・内分泌内科_腎臓内科_アレルギー疾患内科_皮膚科_アレルギー科】岐阜県高山市昭和町３丁目１８０ー１" }, "geometry": { "type": "Point", "coordinates": [ 137.24777, 36.14759 ] } },
{ "type": "Feature", "properties": { "ID": 2121662008661, "正式名称": "県北西部地域医療センター　白川村国民健康保険　平瀬診療所", "機関区分": 2, "都道府県コード": 21, "市区町村コード": 604, "所在地": "岐阜県大野郡白川村平瀬１２６番地の１３０", "緯度": 36.170649, "経度": 136.906921, "url": "https://www.iryou.teikyouseido.mhlw.go.jp/znk-web/juminkanja/S2430/initialize?prefCd=21&kikanCd=1662008661&kikanKbn=2", "url2": "https://www.vill.shirakawa.lg.jo/1058htm", "内容": "県北西部地域医療センター　白川村国民健康保険　平瀬診療所【2:診療所】【診療科目:内科_外科_小児科_心療内科】岐阜県大野郡白川村平瀬１２６番地の１３０" }, "geometry": { "type": "Point", "coordinates": [ 136.906921, 36.170649 ] } },
{ "type": "Feature", "properties": { "ID": 2121662008730, "正式名称": "国民健康保険飛騨市こどものこころクリニック", "機関区分": 2, "都道府県コード": 21, "市区町村コード": 217, "所在地": "岐阜県飛騨市古川町若宮二丁目１番６０号", "緯度": 36.236952, "経度": 137.190054, "url": "https://www.iryou.teikyouseido.mhlw.go.jp/znk-web/juminkanja/S2430/initialize?prefCd=21&kikanCd=1662008730&kikanKbn=2", "url2": "https://www.city.hida.gifu.jp/site/kokoro/", "内容": "国民健康保険飛騨市こどものこころクリニック【2:診療所】【診療科目:児童精神科】岐阜県飛騨市古川町若宮二丁目１番６０号" }, "geometry": { "type": "Point", "coordinates": [ 137.190054, 36.236952 ] } },
{ "type": "Feature", "properties": { "ID": 2121662008852, "正式名称": "ファミリアクリニック", "機関区分": 2, "都道府県コード": 21, "市区町村コード": 220, "所在地": "岐阜県下呂市森２２７３", "緯度": 35.805832, "経度": 137.250896, "url": "https://www.iryou.teikyouseido.mhlw.go.jp/znk-web/juminkanja/S2430/initialize?prefCd=21&kikanCd=1662008852&kikanKbn=2", "url2": null, "内容": "ファミリアクリニック【2:診療所】【診療科目:外科】岐阜県下呂市森２２７３" }, "geometry": { "type": "Point", "coordinates": [ 137.250896, 35.805832 ] } },
{ "type": "Feature", "properties": { "ID": 2121662009084, "正式名称": "乗鞍畳平診療所", "機関区分": 2, "都道府県コード": 21, "市区町村コード": 203, "所在地": "岐阜県高山市丹生川町岩井谷１２２３乗鞍バスターミナル内", "緯度": 36.176561, "経度": 137.491909, "url": "https://www.iryou.teikyouseido.mhlw.go.jp/znk-web/juminkanja/S2430/initialize?prefCd=21&kikanCd=1662009084&kikanKbn=2", "url2": null, "内容": "乗鞍畳平診療所【2:診療所】【診療科目:内科】岐阜県高山市丹生川町岩井谷１２２３乗鞍バスターミナル内" }, "geometry": { "type": "Point", "coordinates": [ 137.491909, 36.176561 ] } },
{ "type": "Feature", "properties": { "ID": 2121662009155, "正式名称": "医療法人社団厚洋会　垣内クリニック", "機関区分": 2, "都道府県コード": 21, "市区町村コード": 217, "所在地": "岐阜県飛騨市古川町貴船町１１番３２号", "緯度": 36.229678, "経度": 137.190868, "url": "https://www.iryou.teikyouseido.mhlw.go.jp/znk-web/juminkanja/S2430/initialize?prefCd=21&kikanCd=1662009155&kikanKbn=2", "url2": null, "内容": "医療法人社団厚洋会　垣内クリニック【2:診療所】【診療科目:内科_脳神経外科】岐阜県飛騨市古川町貴船町１１番３２号" }, "geometry": { "type": "Point", "coordinates": [ 137.190868, 36.229678 ] } },
{ "type": "Feature", "properties": { "ID": 2121662009363, "正式名称": "奥村クリニック", "機関区分": 2, "都道府県コード": 21, "市区町村コード": 203, "所在地": "岐阜県高山市名田町５丁目７１番地１", "緯度": 36.140573, "経度": 137.25599, "url": "https://www.iryou.teikyouseido.mhlw.go.jp/znk-web/juminkanja/S2430/initialize?prefCd=21&kikanCd=1662009363&kikanKbn=2", "url2": "https://www.okumura-cl.jp", "内容": "奥村クリニック【2:診療所】【診療科目:内科_感染症内科_脂質代謝内科_糖尿病・内分泌内科_代謝・内分泌内科_脳神経内科_老年・呼吸器内科_循環器内科_心臓血管内科_消化器内科_胃腸内科_腎臓内科_神経内科_漢方内科_老年内科_血管外科_小児内科_婦人科_皮膚科_泌尿器科_心療内科】岐阜県高山市名田町５丁目７１番地１" }, "geometry": { "type": "Point", "coordinates": [ 137.25599, 36.140573 ] } },
{ "type": "Feature", "properties": { "ID": 2121662009404, "正式名称": "たかメンタルクリニック", "機関区分": 2, "都道府県コード": 21, "市区町村コード": 203, "所在地": "岐阜県高山市昭和町２－１２４", "緯度": 36.144947, "経度": 137.248371, "url": "https://www.iryou.teikyouseido.mhlw.go.jp/znk-web/juminkanja/S2430/initialize?prefCd=21&kikanCd=1662009404&kikanKbn=2", "url2": "https://takamentalclinic.com/", "内容": "たかメンタルクリニック【2:診療所】【診療科目:精神科_心療内科】岐阜県高山市昭和町２－１２４" }, "geometry": { "type": "Point", "coordinates": [ 137.248371, 36.144947 ] } },
{ "type": "Feature", "properties": { "ID": 2121662009577, "正式名称": "ひだ在宅クリニック", "機関区分": 2, "都道府県コード": 21, "市区町村コード": 217, "所在地": "岐阜県飛騨市古川町向町３丁目８番７号", "緯度": 36.23274, "経度": 137.184839, "url": "https://www.iryou.teikyouseido.mhlw.go.jp/znk-web/juminkanja/S2430/initialize?prefCd=21&kikanCd=1662009577&kikanKbn=2", "url2": "https://hida-hc.jp", "内容": "ひだ在宅クリニック【2:診療所】【診療科目:内科_外科】岐阜県飛騨市古川町向町３丁目８番７号" }, "geometry": { "type": "Point", "coordinates": [ 137.184839, 36.23274 ] } },
{ "type": "Feature", "properties": { "ID": 2121662009614, "正式名称": "Ｍこころクリニック", "機関区分": 2, "都道府県コード": 21, "市区町村コード": 203, "所在地": "岐阜県高山市岡本町３丁目９８－１", "緯度": 36.148357, "経度": 137.246585, "url": "https://www.iryou.teikyouseido.mhlw.go.jp/znk-web/juminkanja/S2430/initialize?prefCd=21&kikanCd=1662009614&kikanKbn=2", "url2": "https://minnano-cocoro.com", "内容": "Ｍこころクリニック【2:診療所】【診療科目:精神科_心療内科】岐阜県高山市岡本町３丁目９８－１" }, "geometry": { "type": "Point", "coordinates": [ 137.246585, 36.148357 ] } },
{ "type": "Feature", "properties": { "ID": 2121662009621, "正式名称": "おおさかクリニック", "機関区分": 2, "都道府県コード": 21, "市区町村コード": 203, "所在地": "岐阜県高山市昭和町１丁目３２５", "緯度": 36.142572, "経度": 137.249531, "url": "https://www.iryou.teikyouseido.mhlw.go.jp/znk-web/juminkanja/S2430/initialize?prefCd=21&kikanCd=1662009621&kikanKbn=2", "url2": null, "内容": "おおさかクリニック【2:診療所】【診療科目:内科_消化器内科_外科_肛門外科】岐阜県高山市昭和町１丁目３２５" }, "geometry": { "type": "Point", "coordinates": [ 137.249531, 36.142572 ] } },
{ "type": "Feature", "properties": { "ID": 2121662009881, "正式名称": "垣内医院", "機関区分": 2, "都道府県コード": 21, "市区町村コード": 203, "所在地": "岐阜県高山市国府町広瀬町１１６０－１", "緯度": 36.212998, "経度": 137.210891, "url": "https://www.iryou.teikyouseido.mhlw.go.jp/znk-web/juminkanja/S2430/initialize?prefCd=21&kikanCd=1662009881&kikanKbn=2", "url2": "https://kaitouiin.jp/", "内容": "垣内医院【2:診療所】【診療科目:内科_呼吸器内科】岐阜県高山市国府町広瀬町１１６０－１" }, "geometry": { "type": "Point", "coordinates": [ 137.210891, 36.212998 ] } },
{ "type": "Feature", "properties": { "ID": 2121662010050, "正式名称": "高山市国民健康保険丹生川診療所", "機関区分": 2, "都道府県コード": 21, "市区町村コード": 203, "所在地": "岐阜県高山市丹生川町町方８８番地", "緯度": 36.171579, "経度": 137.308161, "url": "https://www.iryou.teikyouseido.mhlw.go.jp/znk-web/juminkanja/S2430/initialize?prefCd=21&kikanCd=1662010050&kikanKbn=2", "url2": "https://www.city.takayama.lg.jp/shisetsu/1004139/1000033/1022207.html", "内容": "高山市国民健康保険丹生川診療所【2:診療所】【診療科目:内科_外科_小児科】岐阜県高山市丹生川町町方８８番地" }, "geometry": { "type": "Point", "coordinates": [ 137.308161, 36.171579 ] } },
{ "type": "Feature", "properties": { "ID": 2121662010061, "正式名称": "高山市国民健康保険南高山地域医療センター久々野拠点診療所", "機関区分": 2, "都道府県コード": 21, "市区町村コード": 203, "所在地": "岐阜県高山市久々野町無数河３５０番地", "緯度": 36.049617, "経度": 137.274266, "url": "https://www.iryou.teikyouseido.mhlw.go.jp/znk-web/juminkanja/S2430/initialize?prefCd=21&kikanCd=1662010061&kikanKbn=2", "url2": "https://www.city.takayama.lg.jp/shisetsu/1004139/1000033/1001506.html", "内容": "高山市国民健康保険南高山地域医療センター久々野拠点診療所【2:診療所】【診療科目:内科_外科_整形外科_小児科_歯科_リハビリテーション科】岐阜県高山市久々野町無数河３５０番地" }, "geometry": { "type": "Point", "coordinates": [ 137.274266, 36.049617 ] } },
{ "type": "Feature", "properties": { "ID": 2121662010062, "正式名称": "高山市国民健康保険南高山地域医療センター高根地域診療所", "機関区分": 2, "都道府県コード": 21, "市区町村コード": 203, "所在地": "岐阜県高山市高根町上ケ洞４８１番地", "緯度": 36.035692, "経度": 137.483124, "url": "https://www.iryou.teikyouseido.mhlw.go.jp/znk-web/juminkanja/S2430/initialize?prefCd=21&kikanCd=1662010062&kikanKbn=2", "url2": "https://www.city.takayama.lg.jp/shisetsu/1004139/1000033/1001511.html", "内容": "高山市国民健康保険南高山地域医療センター高根地域診療所【2:診療所】【診療科目:内科_外科_小児科_歯科】岐阜県高山市高根町上ケ洞４８１番地" }, "geometry": { "type": "Point", "coordinates": [ 137.483124, 36.035692 ] } },
{ "type": "Feature", "properties": { "ID": 2121662010094, "正式名称": "ひだ在宅クリニック丹生川出張所", "機関区分": 2, "都道府県コード": 21, "市区町村コード": 203, "所在地": "岐阜県高山市丹生川町町方８８", "緯度": 36.16844, "経度": 137.306407, "url": "https://www.iryou.teikyouseido.mhlw.go.jp/znk-web/juminkanja/S2430/initialize?prefCd=21&kikanCd=1662010094&kikanKbn=2", "url2": "https://hida-hc.jp", "内容": "ひだ在宅クリニック丹生川出張所【2:診療所】【診療科目:内科】岐阜県高山市丹生川町町方８８" }, "geometry": { "type": "Point", "coordinates": [ 137.306407, 36.16844 ] } },
{ "type": "Feature", "properties": { "ID": 2121662010105, "正式名称": "みなくら訪問診療所", "機関区分": 2, "都道府県コード": 21, "市区町村コード": 220, "所在地": "岐阜県下呂市萩原町古関４０１番地４", "緯度": 35.870893, "経度": 137.207404, "url": "https://www.iryou.teikyouseido.mhlw.go.jp/znk-web/juminkanja/S2430/initialize?prefCd=21&kikanCd=1662010105&kikanKbn=2", "url2": null, "内容": "みなくら訪問診療所【2:診療所】【診療科目:内科】岐阜県下呂市萩原町古関４０１番地４" }, "geometry": { "type": "Point", "coordinates": [ 137.207404, 35.870893 ] } },
{ "type": "Feature", "properties": { "ID": 2121662010119, "正式名称": "高山ぶなの杜診療所", "機関区分": 2, "都道府県コード": 21, "市区町村コード": 203, "所在地": "岐阜県高山市三福寺町３７４番地１", "緯度": 36.152175, "経度": 137.261747, "url": "https://www.iryou.teikyouseido.mhlw.go.jp/znk-web/juminkanja/S2430/initialize?prefCd=21&kikanCd=1662010119&kikanKbn=2", "url2": "https://takayama-naika.jp/", "内容": "高山ぶなの杜診療所【2:診療所】【診療科目:内科_呼吸器内科】岐阜県高山市三福寺町３７４番地１" }, "geometry": { "type": "Point", "coordinates": [ 137.261747, 36.152175 ] } },
{ "type": "Feature", "properties": { "ID": 2121662010120, "正式名称": "りんごの木こどもクリニック", "機関区分": 2, "都道府県コード": 21, "市区町村コード": 203, "所在地": "岐阜県高山市三福寺町３７４番地１", "緯度": 36.152175, "経度": 137.261747, "url": "https://www.iryou.teikyouseido.mhlw.go.jp/znk-web/juminkanja/S2430/initialize?prefCd=21&kikanCd=1662010120&kikanKbn=2", "url2": "https://apple-tree-pediatrics.gifu.jp/", "内容": "りんごの木こどもクリニック【2:診療所】【診療科目:小児科】岐阜県高山市三福寺町３７４番地１" }, "geometry": { "type": "Point", "coordinates": [ 137.261747, 36.152175 ] } }
]
}
