{
"type": "FeatureCollection",
"name": "geo_21_訪問介護",
"crs": { "type": "name", "properties": { "name": "urn:ogc:def:crs:OGC:1.3:CRS84" } },
"features": [
{ "type": "Feature", "properties": { "内容": "訪問介護センター　金華【訪問介護】岐阜県岐阜市柳生町6番地川瀬ビル　302", "url": "https://www.kaigokensaku.mhlw.go.jp/21/index.php?action_kouhyou_detail_004_kani=true&JigyosyoCd=2170112128-00&ServiceCd=110&Type=search", "url2": null }, "geometry": { "type": "Point", "coordinates": [ 136.760311562565676, 35.42887314223988 ] } },
{ "type": "Feature", "properties": { "内容": "ヘルパーステーション花あかり【訪問介護】岐阜県岐阜市金宝町1丁目５ｻﾝﾜｰﾄﾞビル４０－Ａ", "url": "https://www.kaigokensaku.mhlw.go.jp/21/index.php?action_kouhyou_detail_004_kani=true&JigyosyoCd=2170112805-00&ServiceCd=110&Type=search", "url2": null }, "geometry": { "type": "Point", "coordinates": [ 136.7587347, 35.4152882 ] } },
{ "type": "Feature", "properties": { "内容": "訪問介護らくらく【訪問介護】岐阜県岐阜市萱場南1-4-9古田ビル102", "url": "https://www.kaigokensaku.mhlw.go.jp/21/index.php?action_kouhyou_detail_004_kani=true&JigyosyoCd=2170114264-00&ServiceCd=110&Type=search", "url2": null }, "geometry": { "type": "Point", "coordinates": [ 136.7324889, 35.4322532 ] } },
{ "type": "Feature", "properties": { "内容": "訪問介護ステーション心【訪問介護】岐阜市細畑塚浦64-2グリーンハイツ細畑Ｂ108", "url": "https://www.kaigokensaku.mhlw.go.jp/21/index.php?action_kouhyou_detail_004_kani=true&JigyosyoCd=2170115154-00&ServiceCd=110&Type=search", "url2": null }, "geometry": { "type": "Point", "coordinates": [ 136.7606217, 35.4234226 ] } },
{ "type": "Feature", "properties": { "内容": "あさひケアステーション岐阜【訪問介護】岐阜県岐阜市岩地３丁目９番地１０エスプリ３０２号室", "url": "https://www.kaigokensaku.mhlw.go.jp/21/index.php?action_kouhyou_detail_004_kani=true&JigyosyoCd=2170105437-00&ServiceCd=110&Type=search", "url2": null }, "geometry": { "type": "Point", "coordinates": [ 136.808402320015716, 35.404370033120323 ] } },
{ "type": "Feature", "properties": { "内容": "ヘルパーステーション　ほんじょうの憩【訪問介護】岐阜県岐阜市本庄字熊野前１９４１番地24", "url": "https://www.kaigokensaku.mhlw.go.jp/21/index.php?action_kouhyou_detail_004_kani=true&JigyosyoCd=2170112268-00&ServiceCd=110&Type=search", "url2": null }, "geometry": { "type": "Point", "coordinates": [ 136.73234132787951, 35.417126133453934 ] } },
{ "type": "Feature", "properties": { "内容": "げんきの家ヘルパーステーション【訪問介護】岐阜県岐阜市福富天神前299-3", "url": "https://www.kaigokensaku.mhlw.go.jp/21/index.php?action_kouhyou_detail_004_kani=true&JigyosyoCd=2170113688-00&ServiceCd=110&Type=search", "url2": null }, "geometry": { "type": "Point", "coordinates": [ 136.81552012209022, 35.484052795632572 ] } },
{ "type": "Feature", "properties": { "内容": "訪問介護事業所ゆうもあスマイル【訪問介護】岐阜県岐阜市雲竜町11-1ACハイム202", "url": "https://www.kaigokensaku.mhlw.go.jp/21/index.php?action_kouhyou_detail_004_kani=true&JigyosyoCd=2170113951-00&ServiceCd=110&Type=search", "url2": "https://youmoresmile.com/" }, "geometry": { "type": "Point", "coordinates": [ 136.777094048338512, 35.421475538449727 ] } },
{ "type": "Feature", "properties": { "内容": "ヘルパーステーションアニマド【訪問介護】岐阜県岐阜市福光東2－7－17サンライズ88　605号室", "url": "https://www.kaigokensaku.mhlw.go.jp/21/index.php?action_kouhyou_detail_004_kani=true&JigyosyoCd=2170115584-00&ServiceCd=110&Type=search", "url2": "https://animado.info/" }, "geometry": { "type": "Point", "coordinates": [ 136.7723325, 35.4535211 ] } },
{ "type": "Feature", "properties": { "内容": "チームケア・TheThirdPlace【訪問介護】岐阜県岐阜市長良福光2027-8ルーナ1階", "url": "https://www.kaigokensaku.mhlw.go.jp/21/index.php?action_kouhyou_detail_004_kani=true&JigyosyoCd=2170115667-00&ServiceCd=110&Type=search", "url2": null }, "geometry": { "type": "Point", "coordinates": [ 136.764723300000014, 35.447278600000047 ] } },
{ "type": "Feature", "properties": { "内容": "福ろう訪問介護ステーション【訪問介護】岐阜県岐阜市福富町田84番地1", "url": "https://www.kaigokensaku.mhlw.go.jp/21/index.php?action_kouhyou_detail_004_kani=true&JigyosyoCd=2170115717-00&ServiceCd=110&Type=search", "url2": null }, "geometry": { "type": "Point", "coordinates": [ 136.821823599999988, 35.4822456 ] } },
{ "type": "Feature", "properties": { "内容": "訪問介護ネリネ【訪問介護】岐阜県岐阜市織田町１丁目２１ComodoBase3B", "url": "https://www.kaigokensaku.mhlw.go.jp/21/index.php?action_kouhyou_detail_004_kani=true&JigyosyoCd=2170115808-00&ServiceCd=110&Type=search", "url2": null }, "geometry": { "type": "Point", "coordinates": [ 136.770584899999989, 35.443479 ] } },
{ "type": "Feature", "properties": { "内容": "訪問介護・重度訪問介護事業所ナーゴナーゴ【訪問介護】岐阜県岐阜市福富天神前306番地1", "url": "https://www.kaigokensaku.mhlw.go.jp/21/index.php?action_kouhyou_detail_004_kani=true&JigyosyoCd=2170115857-00&ServiceCd=110&Type=search", "url2": "https://na-go.net/" }, "geometry": { "type": "Point", "coordinates": [ 136.8153331, 35.4831624 ] } },
{ "type": "Feature", "properties": { "内容": "介護ステーション　ライフサポート【訪問介護】岐阜県岐阜市下土居2-3-25", "url": "https://www.kaigokensaku.mhlw.go.jp/21/index.php?action_kouhyou_detail_004_kani=true&JigyosyoCd=2170101030-00&ServiceCd=110&Type=search", "url2": null }, "geometry": { "type": "Point", "coordinates": [ 136.758446815309554, 35.451942227297273 ] } },
{ "type": "Feature", "properties": { "内容": "（有）すずらん福祉サービス訪問介護事業所【訪問介護】岐阜県岐阜市上川手３８２番地２", "url": "https://www.kaigokensaku.mhlw.go.jp/21/index.php?action_kouhyou_detail_004_kani=true&JigyosyoCd=2170103440-00&ServiceCd=110&Type=search", "url2": null }, "geometry": { "type": "Point", "coordinates": [ 136.776019499999961, 35.4042062 ] } },
{ "type": "Feature", "properties": { "内容": "第２とまと介護支援センター【訪問介護】岐阜県岐阜市六条片田1-16-10", "url": "https://www.kaigokensaku.mhlw.go.jp/21/index.php?action_kouhyou_detail_004_kani=true&JigyosyoCd=2170105171-00&ServiceCd=110&Type=search", "url2": "http://tera-b.com/" }, "geometry": { "type": "Point", "coordinates": [ 136.746668541664121, 35.394354965889804 ] } },
{ "type": "Feature", "properties": { "内容": "ヘルパーステーションひだまり【訪問介護】岐阜県岐阜市茜部新所3丁目26", "url": "https://www.kaigokensaku.mhlw.go.jp/21/index.php?action_kouhyou_detail_004_kani=true&JigyosyoCd=2170114009-00&ServiceCd=110&Type=search", "url2": null }, "geometry": { "type": "Point", "coordinates": [ 136.75761650000004, 35.3835707 ] } },
{ "type": "Feature", "properties": { "内容": "合同会社幸介護タクシー【訪問介護】岐阜県岐阜市今嶺3-12-7", "url": "https://www.kaigokensaku.mhlw.go.jp/21/index.php?action_kouhyou_detail_004_kani=true&JigyosyoCd=2170114389-00&ServiceCd=110&Type=search", "url2": null }, "geometry": { "type": "Point", "coordinates": [ 136.717463900000013, 35.3973457 ] } },
{ "type": "Feature", "properties": { "内容": "ヘルパーステーションFamiliar　mate【訪問介護】岐阜市柳津町高桑１丁目84-1", "url": "https://www.kaigokensaku.mhlw.go.jp/21/index.php?action_kouhyou_detail_004_kani=true&JigyosyoCd=2170115881-00&ServiceCd=110&Type=search", "url2": null }, "geometry": { "type": "Point", "coordinates": [ 136.713405099999989, 35.3554912 ] } },
{ "type": "Feature", "properties": { "内容": "ちいきのあかり訪問介護ステーション岐阜【訪問介護】岐阜県岐阜市西荘4-1-8ｻﾝﾛｲﾔﾙ205", "url": "https://www.kaigokensaku.mhlw.go.jp/21/index.php?action_kouhyou_detail_004_kani=true&JigyosyoCd=2170115915-00&ServiceCd=110&Type=search", "url2": "https://www.chiikinoakari.com" }, "geometry": { "type": "Point", "coordinates": [ 136.727683899999988, 35.4125003 ] } },
{ "type": "Feature", "properties": { "内容": "訪問介護　ライフ・ネット忠節【訪問介護】岐阜県岐阜市忠節町4-74-1", "url": "https://www.kaigokensaku.mhlw.go.jp/21/index.php?action_kouhyou_detail_004_kani=true&JigyosyoCd=2170115923-00&ServiceCd=110&Type=search", "url2": "http://www.life-net50.co.jp/" }, "geometry": { "type": "Point", "coordinates": [ 136.752230734232086, 35.427992394056155 ] } },
{ "type": "Feature", "properties": { "内容": "ヘルパーステーションもも太郎【訪問介護】岐阜県岐阜市黒野419番地4あったかホームもも太郎", "url": "https://www.kaigokensaku.mhlw.go.jp/21/index.php?action_kouhyou_detail_004_kani=true&JigyosyoCd=2170115980-00&ServiceCd=110&Type=search", "url2": "http://carepartner.web.fc2.com/index.html" }, "geometry": { "type": "Point", "coordinates": [ 136.719506557672105, 35.461027520678634 ] } },
{ "type": "Feature", "properties": { "内容": "ｹｱｽﾃｰｼｮﾝ花の木【訪問介護】岐阜県岐阜市宇佐南4丁目7番8号", "url": "https://www.kaigokensaku.mhlw.go.jp/21/index.php?action_kouhyou_detail_004_kani=true&JigyosyoCd=2170116004-00&ServiceCd=110&Type=search", "url2": "https://www.first-you.com" }, "geometry": { "type": "Point", "coordinates": [ 136.7303221, 35.3931949 ] } },
{ "type": "Feature", "properties": { "内容": "あいごヘルパーステーション【訪問介護】岐阜県岐阜市古市場189-9", "url": "https://www.kaigokensaku.mhlw.go.jp/21/index.php?action_kouhyou_detail_004_kani=true&JigyosyoCd=2170116020-00&ServiceCd=110&Type=search", "url2": null }, "geometry": { "type": "Point", "coordinates": [ 136.7196916, 35.4638327 ] } },
{ "type": "Feature", "properties": { "内容": "ヘルパステーションてtoて【訪問介護】岐阜県岐阜市南蝉2丁目138", "url": "https://www.kaigokensaku.mhlw.go.jp/21/index.php?action_kouhyou_detail_004_kani=true&JigyosyoCd=2170115816-00&ServiceCd=110&Type=search", "url2": "https://www.goat6.jp/" }, "geometry": { "type": "Point", "coordinates": [ 136.761325101381516, 35.447429535063691 ] } },
{ "type": "Feature", "properties": { "内容": "愛北ケアステーション日和【訪問介護】岐阜県岐阜市下奈良３丁目7-7住宅型有料老人ホームだんらん日和", "url": "https://www.kaigokensaku.mhlw.go.jp/21/index.php?action_kouhyou_detail_004_kani=true&JigyosyoCd=2170116111-00&ServiceCd=110&Type=search", "url2": "https://soukengp.com" }, "geometry": { "type": "Point", "coordinates": [ 136.71262494749908, 35.386327583986855 ] } },
{ "type": "Feature", "properties": { "内容": "合同会社　にこにこ介護【訪問介護】岐阜県岐阜市南蝉２丁目１３８番地長屋ビル1Ｆ", "url": "https://www.kaigokensaku.mhlw.go.jp/21/index.php?action_kouhyou_detail_004_kani=true&JigyosyoCd=2170110262-00&ServiceCd=110&Type=search", "url2": "https://nikonikokaigo2525.jimdofree.com" }, "geometry": { "type": "Point", "coordinates": [ 136.761371596109029, 35.447394917108113 ] } },
{ "type": "Feature", "properties": { "内容": "ヘルパーステーションリボーン岐阜【訪問介護】岐阜県岐阜市西川手５丁目120番Active.T　201号室", "url": "https://www.kaigokensaku.mhlw.go.jp/21/index.php?action_kouhyou_detail_004_kani=true&JigyosyoCd=2170116145-00&ServiceCd=110&Type=search", "url2": null }, "geometry": { "type": "Point", "coordinates": [ 136.7619204, 35.3865958 ] } },
{ "type": "Feature", "properties": { "内容": "岩砂訪問介護センター長良【訪問介護】岐阜県岐阜市長良2977番地の3の1", "url": "https://www.kaigokensaku.mhlw.go.jp/21/index.php?action_kouhyou_detail_004_kani=true&JigyosyoCd=2110105356-00&ServiceCd=110&Type=search", "url2": "https://yuuaikai-gifu.or.jp/" }, "geometry": { "type": "Point", "coordinates": [ 136.77669370000001, 35.4581626 ] } },
{ "type": "Feature", "properties": { "内容": "ヘルパーステーションむつみ【訪問介護】岐阜県岐阜市鷺山１１７８番地１", "url": "https://www.kaigokensaku.mhlw.go.jp/21/index.php?action_kouhyou_detail_004_kani=true&JigyosyoCd=2140104452-00&ServiceCd=110&Type=search", "url2": "http://www1.odn.ne.jp/mutumi/index.htm" }, "geometry": { "type": "Point", "coordinates": [ 136.760661300000038, 35.4458037 ] } },
{ "type": "Feature", "properties": { "内容": "華陽ヘルパーステーション【訪問介護】岐阜県岐阜市北一色６丁目２番３５号", "url": "https://www.kaigokensaku.mhlw.go.jp/21/index.php?action_kouhyou_detail_004_kani=true&JigyosyoCd=2170100073-00&ServiceCd=110&Type=search", "url2": "http://www.kayokaigo.co.jp/" }, "geometry": { "type": "Point", "coordinates": [ 136.791306599999984, 35.4165298 ] } },
{ "type": "Feature", "properties": { "内容": "株式会社新生メディカル岐阜営業所【訪問介護】岐阜県岐阜市橋本町２丁目５２番地岐阜シティ・タワー４３　３Ｆ", "url": "https://www.kaigokensaku.mhlw.go.jp/21/index.php?action_kouhyou_detail_004_kani=true&JigyosyoCd=2170100149-00&ServiceCd=110&Type=search", "url2": "https://www.shinsei-md.jp/" }, "geometry": { "type": "Point", "coordinates": [ 136.754245577909813, 35.410757372102914 ] } },
{ "type": "Feature", "properties": { "内容": "ケアサポート岐阜25【訪問介護】岐阜県岐阜市徹明通4丁目4番地", "url": "https://www.kaigokensaku.mhlw.go.jp/21/index.php?action_kouhyou_detail_004_kani=true&JigyosyoCd=2170100537-00&ServiceCd=110&Type=search", "url2": "https://www.wakokai.or.jp" }, "geometry": { "type": "Point", "coordinates": [ 136.75459570000001, 35.417628499999985 ] } },
{ "type": "Feature", "properties": { "内容": "公益社団法人　岐阜市シルバー人材センター【訪問介護】岐阜県岐阜市鶴田町３丁目７番地４", "url": "https://www.kaigokensaku.mhlw.go.jp/21/index.php?action_kouhyou_detail_004_kani=true&JigyosyoCd=2170100586-00&ServiceCd=110&Type=search", "url2": "https://webc.sjc.ne.jp/gifusc/index" }, "geometry": { "type": "Point", "coordinates": [ 136.769953100000066, 35.413427300000016 ] } },
{ "type": "Feature", "properties": { "内容": "岐阜ヘルパー訪問介護ステーション【訪問介護】岐阜県岐阜市六条北４－６－４", "url": "https://www.kaigokensaku.mhlw.go.jp/21/index.php?action_kouhyou_detail_004_kani=true&JigyosyoCd=2170100636-00&ServiceCd=110&Type=search", "url2": "https://home.gifu-helper.co.jp" }, "geometry": { "type": "Point", "coordinates": [ 136.740456660852033, 35.401317786956504 ] } },
{ "type": "Feature", "properties": { "内容": "ホームヘルプサービスセンター光の園【訪問介護】岐阜県岐阜市三輪７７６番地２", "url": "https://www.kaigokensaku.mhlw.go.jp/21/index.php?action_kouhyou_detail_004_kani=true&JigyosyoCd=2170100826-00&ServiceCd=110&Type=search", "url2": "http://miwakai.or.jp/" }, "geometry": { "type": "Point", "coordinates": [ 136.845849956483448, 35.504941521004731 ] } },
{ "type": "Feature", "properties": { "内容": "コスモス野一色【訪問介護】岐阜県岐阜市野一色四丁目１５番１２号", "url": "https://www.kaigokensaku.mhlw.go.jp/21/index.php?action_kouhyou_detail_004_kani=true&JigyosyoCd=2170100933-00&ServiceCd=110&Type=search", "url2": null }, "geometry": { "type": "Point", "coordinates": [ 136.803597, 35.4107086 ] } },
{ "type": "Feature", "properties": { "内容": "こころヘルパーステーション東金宝町【訪問介護】岐阜県岐阜市東金宝町1丁目16メゾンドクマダ　303号室", "url": "https://www.kaigokensaku.mhlw.go.jp/21/index.php?action_kouhyou_detail_004_kani=true&JigyosyoCd=2170101055-00&ServiceCd=110&Type=search", "url2": "http://zuihokai-group.jp/" }, "geometry": { "type": "Point", "coordinates": [ 136.7615880361069, 35.414728950780194 ] } },
{ "type": "Feature", "properties": { "内容": "大洞岐協苑訪問介護事業所【訪問介護】岐阜県岐阜市大洞３丁目３番１号", "url": "https://www.kaigokensaku.mhlw.go.jp/21/index.php?action_kouhyou_detail_004_kani=true&JigyosyoCd=2170101139-00&ServiceCd=110&Type=search", "url2": "http://www.gikyoen.jp" }, "geometry": { "type": "Point", "coordinates": [ 136.875307300000031, 35.4605876 ] } },
{ "type": "Feature", "properties": { "内容": "かいご屋訪問介護事業所【訪問介護】岐阜県岐阜市西川手8丁目100-1", "url": "https://www.kaigokensaku.mhlw.go.jp/21/index.php?action_kouhyou_detail_004_kani=true&JigyosyoCd=2170101600-00&ServiceCd=110&Type=search", "url2": null }, "geometry": { "type": "Point", "coordinates": [ 136.762742714680513, 35.3812167465152 ] } },
{ "type": "Feature", "properties": { "内容": "株式会社福祉の里岐阜営業所【訪問介護】岐阜県岐阜市水海道2-18-20", "url": "https://www.kaigokensaku.mhlw.go.jp/21/index.php?action_kouhyou_detail_004_kani=true&JigyosyoCd=2170101626-00&ServiceCd=110&Type=search", "url2": "http://www.fukushinosato.co.jp" }, "geometry": { "type": "Point", "coordinates": [ 136.808335299999953, 35.4112198 ] } },
{ "type": "Feature", "properties": { "内容": "ニチイケアセンター宇佐【訪問介護】岐阜県岐阜市宇佐南4-16-8", "url": "https://www.kaigokensaku.mhlw.go.jp/21/index.php?action_kouhyou_detail_004_kani=true&JigyosyoCd=2170101667-00&ServiceCd=110&Type=search", "url2": "http://www.nichiigakkan.co.jp" }, "geometry": { "type": "Point", "coordinates": [ 136.7295729, 35.3934019 ] } },
{ "type": "Feature", "properties": { "内容": "カワムラ訪問介護サービスステーション【訪問介護】岐阜県岐阜市芥見野畑1丁目71ドリームコート東棟１F", "url": "https://www.kaigokensaku.mhlw.go.jp/21/index.php?action_kouhyou_detail_004_kani=true&JigyosyoCd=2170101709-00&ServiceCd=110&Type=search", "url2": "http://www.kawamuramedical.or.jp" }, "geometry": { "type": "Point", "coordinates": [ 136.84286069999996, 35.4425081 ] } },
{ "type": "Feature", "properties": { "内容": "ヘルパーステーションささゆり【訪問介護】岐阜県岐阜市北山1丁目15番25号", "url": "https://www.kaigokensaku.mhlw.go.jp/21/index.php?action_kouhyou_detail_004_kani=true&JigyosyoCd=2170102475-00&ServiceCd=110&Type=search", "url2": "http://gifu-min.jp/fukushi/" }, "geometry": { "type": "Point", "coordinates": [ 136.852323, 35.4575896 ] } },
{ "type": "Feature", "properties": { "内容": "日タク　ホームサービス【訪問介護】岐阜県岐阜市鶴田町3丁目7番地の１", "url": "https://www.kaigokensaku.mhlw.go.jp/21/index.php?action_kouhyou_detail_004_kani=true&JigyosyoCd=2170102616-00&ServiceCd=110&Type=search", "url2": "http://www.nihontaxi.co.jp" }, "geometry": { "type": "Point", "coordinates": [ 136.768564400000059, 35.4142133 ] } },
{ "type": "Feature", "properties": { "内容": "ヘルパーステーションらく・楽【訪問介護】岐阜県岐阜市前一色1-1-3", "url": "https://www.kaigokensaku.mhlw.go.jp/21/index.php?action_kouhyou_detail_004_kani=true&JigyosyoCd=2170102731-00&ServiceCd=110&Type=search", "url2": null }, "geometry": { "type": "Point", "coordinates": [ 136.795871582803329, 35.408956349813565 ] } },
{ "type": "Feature", "properties": { "内容": "株式会社福祉の里岐阜西営業所【訪問介護】岐阜県岐阜市宇佐南3丁目6番20号", "url": "https://www.kaigokensaku.mhlw.go.jp/21/index.php?action_kouhyou_detail_004_kani=true&JigyosyoCd=2170103507-00&ServiceCd=110&Type=search", "url2": "http://www.fukushinosato.co.jp" }, "geometry": { "type": "Point", "coordinates": [ 136.733570761850501, 35.393312604339563 ] } },
{ "type": "Feature", "properties": { "内容": "コープぎふ訪問介護ステーション長良【訪問介護】岐阜県岐阜市福光南町12-9", "url": "https://www.kaigokensaku.mhlw.go.jp/21/index.php?action_kouhyou_detail_004_kani=true&JigyosyoCd=2170103606-00&ServiceCd=110&Type=search", "url2": "http://www.coop-gifu.jp" }, "geometry": { "type": "Point", "coordinates": [ 136.765300707270853, 35.448466024946462 ] } },
{ "type": "Feature", "properties": { "内容": "ダイヤライフ介護サービス【訪問介護】岐阜県岐阜市西荘１丁目１３－１５第２ヴィラあさの１北", "url": "https://www.kaigokensaku.mhlw.go.jp/21/index.php?action_kouhyou_detail_004_kani=true&JigyosyoCd=2170103671-00&ServiceCd=110&Type=search", "url2": null }, "geometry": { "type": "Point", "coordinates": [ 136.72750880000001, 35.4076751 ] } },
{ "type": "Feature", "properties": { "内容": "あんしんネットワーク岐阜【訪問介護】岐阜県岐阜市茜部菱野2丁目34番地の5つばめビル", "url": "https://www.kaigokensaku.mhlw.go.jp/21/index.php?action_kouhyou_detail_004_kani=true&JigyosyoCd=2170104067-00&ServiceCd=110&Type=search", "url2": "http://www.tsubame-taxi.or.jp" }, "geometry": { "type": "Point", "coordinates": [ 136.753561600000012, 35.3861445 ] } },
{ "type": "Feature", "properties": { "内容": "にっけん介護岐阜中央ケアセンター【訪問介護】岐阜県岐阜市今町4-22", "url": "https://www.kaigokensaku.mhlw.go.jp/21/index.php?action_kouhyou_detail_004_kani=true&JigyosyoCd=2170104356-00&ServiceCd=110&Type=search", "url2": "http://www.gifu-healthmedical.jp/" }, "geometry": { "type": "Point", "coordinates": [ 136.769523051895163, 35.432394089029046 ] } },
{ "type": "Feature", "properties": { "内容": "訪問介護事業所　介護くまっこ【訪問介護】岐阜県岐阜市日置江3丁目90-2ブランドールアオキ東棟101号室", "url": "https://www.kaigokensaku.mhlw.go.jp/21/index.php?action_kouhyou_detail_004_kani=true&JigyosyoCd=2170104711-00&ServiceCd=110&Type=search", "url2": null }, "geometry": { "type": "Point", "coordinates": [ 136.705803801960769, 35.373920839363691 ] } },
{ "type": "Feature", "properties": { "内容": "ケアファミリー訪問介護ステーション【訪問介護】岐阜県岐阜市桜通2丁目26番地高木ビル2階", "url": "https://www.kaigokensaku.mhlw.go.jp/21/index.php?action_kouhyou_detail_004_kani=true&JigyosyoCd=2170104869-00&ServiceCd=110&Type=search", "url2": null }, "geometry": { "type": "Point", "coordinates": [ 136.749291064418031, 35.419334287287086 ] } },
{ "type": "Feature", "properties": { "内容": "ニチイケアセンター岐阜高富【訪問介護】岐阜県岐阜市粟野東四丁目７４番地原尾ビル105号", "url": "https://www.kaigokensaku.mhlw.go.jp/21/index.php?action_kouhyou_detail_004_kani=true&JigyosyoCd=2170105049-00&ServiceCd=110&Type=search", "url2": "http://www.nichiigakkan.co.jp/" }, "geometry": { "type": "Point", "coordinates": [ 136.784623399999987, 35.4877597 ] } },
{ "type": "Feature", "properties": { "内容": "ニチイケアセンター岐阜北【訪問介護】岐阜県岐阜市下土居二丁目21番18号", "url": "https://www.kaigokensaku.mhlw.go.jp/21/index.php?action_kouhyou_detail_004_kani=true&JigyosyoCd=2170105056-00&ServiceCd=110&Type=search", "url2": null }, "geometry": { "type": "Point", "coordinates": [ 136.756772599999977, 35.4534331 ] } },
{ "type": "Feature", "properties": { "内容": "ヘルパーステーションあい【訪問介護】岐阜県岐阜市長良3459-169", "url": "https://www.kaigokensaku.mhlw.go.jp/21/index.php?action_kouhyou_detail_004_kani=true&JigyosyoCd=2170105262-00&ServiceCd=110&Type=search", "url2": null }, "geometry": { "type": "Point", "coordinates": [ 136.792709272673733, 35.446721340179401 ] } },
{ "type": "Feature", "properties": { "内容": "ユナイテッドケアサービス【訪問介護】岐阜県岐阜市加納清水町1丁目43番地", "url": "https://www.kaigokensaku.mhlw.go.jp/21/index.php?action_kouhyou_detail_004_kani=true&JigyosyoCd=2170105346-00&ServiceCd=110&Type=search", "url2": "http://k-wb.com/k-bridge/" }, "geometry": { "type": "Point", "coordinates": [ 136.756220072633454, 35.406776264101616 ] } },
{ "type": "Feature", "properties": { "内容": "さくら介護サービス【訪問介護】岐阜県岐阜市茜部寺屋敷１丁目３９番地１", "url": "https://www.kaigokensaku.mhlw.go.jp/21/index.php?action_kouhyou_detail_004_kani=true&JigyosyoCd=2170105411-00&ServiceCd=110&Type=search", "url2": "http://villa-sakura.net/" }, "geometry": { "type": "Point", "coordinates": [ 136.7514734, 35.3791203 ] } },
{ "type": "Feature", "properties": { "内容": "アバンセ介護センターぎふ【訪問介護】岐阜県岐阜市佐久間町４住宅型有料老人ホーム四季彩岐阜", "url": "https://www.kaigokensaku.mhlw.go.jp/21/index.php?action_kouhyou_detail_004_kani=true&JigyosyoCd=2170105445-00&ServiceCd=110&Type=search", "url2": "https://www.a-lifesupport.co.jp" }, "geometry": { "type": "Point", "coordinates": [ 136.758616411500498, 35.426782762182562 ] } },
{ "type": "Feature", "properties": { "内容": "Angeヘルパーステーション【訪問介護】岐阜県岐阜市雲井町三丁目１６番地", "url": "https://www.kaigokensaku.mhlw.go.jp/21/index.php?action_kouhyou_detail_004_kani=true&JigyosyoCd=2170110213-00&ServiceCd=110&Type=search", "url2": "https://www.ange2021.net/" }, "geometry": { "type": "Point", "coordinates": [ 136.777263599999969, 35.414005 ] } },
{ "type": "Feature", "properties": { "内容": "ぎふ介護　長良【訪問介護】岐阜県岐阜市太平町1-2", "url": "https://www.kaigokensaku.mhlw.go.jp/21/index.php?action_kouhyou_detail_004_kani=true&JigyosyoCd=2170110254-00&ServiceCd=110&Type=search", "url2": null }, "geometry": { "type": "Point", "coordinates": [ 136.774154866131539, 35.44921625219088 ] } },
{ "type": "Feature", "properties": { "内容": "訪問介護ステーション　はる【訪問介護】岐阜県岐阜市近島5-3-20アミューズコート211号室", "url": "https://www.kaigokensaku.mhlw.go.jp/21/index.php?action_kouhyou_detail_004_kani=true&JigyosyoCd=2170110403-00&ServiceCd=110&Type=search", "url2": null }, "geometry": { "type": "Point", "coordinates": [ 136.735520800000018, 35.4321857 ] } },
{ "type": "Feature", "properties": { "内容": "訪問介護ゆうゆう【訪問介護】岐阜県岐阜市八代3丁目13番13号", "url": "https://www.kaigokensaku.mhlw.go.jp/21/index.php?action_kouhyou_detail_004_kani=true&JigyosyoCd=2170110486-00&ServiceCd=110&Type=search", "url2": "https://yuyu1.yuyukaigo.co.jp/" }, "geometry": { "type": "Point", "coordinates": [ 136.772661110511024, 35.46150770563235 ] } },
{ "type": "Feature", "properties": { "内容": "ケアネットリゾン柳ケ瀬【訪問介護】岐阜県岐阜市柳ヶ瀬通1丁目31番地オアシス柳ヶ瀬3階", "url": "https://www.kaigokensaku.mhlw.go.jp/21/index.php?action_kouhyou_detail_004_kani=true&JigyosyoCd=2170110494-00&ServiceCd=110&Type=search", "url2": "http://www.g-carenet.co.jp/howto.html" }, "geometry": { "type": "Point", "coordinates": [ 136.7592234, 35.4193211 ] } },
{ "type": "Feature", "properties": { "内容": "ホームケア翔【訪問介護】岐阜県岐阜市南殿町3丁目18番地", "url": "https://www.kaigokensaku.mhlw.go.jp/21/index.php?action_kouhyou_detail_004_kani=true&JigyosyoCd=2170110601-00&ServiceCd=110&Type=search", "url2": "https://carecloud.jp/" }, "geometry": { "type": "Point", "coordinates": [ 136.767439400000058, 35.4175768 ] } },
{ "type": "Feature", "properties": { "内容": "iみさおヘルパーステーション【訪問介護】岐阜県岐阜市江添2丁目6-7", "url": "https://www.kaigokensaku.mhlw.go.jp/21/index.php?action_kouhyou_detail_004_kani=true&JigyosyoCd=2170110734-00&ServiceCd=110&Type=search", "url2": "http://www.docmisao.jp/fukushi/helperstation/index.html" }, "geometry": { "type": "Point", "coordinates": [ 136.727480570916782, 35.394616197707954 ] } },
{ "type": "Feature", "properties": { "内容": "エンゼル・ランプ訪問介護【訪問介護】岐阜県岐阜市柳津町高桑1丁目173番地1", "url": "https://www.kaigokensaku.mhlw.go.jp/21/index.php?action_kouhyou_detail_004_kani=true&JigyosyoCd=2170110866-00&ServiceCd=110&Type=search", "url2": "http://angel-lamp.co.jp/" }, "geometry": { "type": "Point", "coordinates": [ 136.712792831168173, 35.354308920496194 ] } },
{ "type": "Feature", "properties": { "内容": "ヘルパーステーションおひさまの笑顔【訪問介護】岐阜県岐阜市茜部寺屋敷２丁目４０", "url": "https://www.kaigokensaku.mhlw.go.jp/21/index.php?action_kouhyou_detail_004_kani=true&JigyosyoCd=2170110882-00&ServiceCd=110&Type=search", "url2": "http://ohisamanoegao.com/" }, "geometry": { "type": "Point", "coordinates": [ 136.751327775532502, 35.376959615599766 ] } },
{ "type": "Feature", "properties": { "内容": "ケアサポート寺田25【訪問介護】岐阜県岐阜市寺田7丁目86番地1寺田ガーデン旧館　１階", "url": "https://www.kaigokensaku.mhlw.go.jp/21/index.php?action_kouhyou_detail_004_kani=true&JigyosyoCd=2170110916-00&ServiceCd=110&Type=search", "url2": "http://www.wakokai.or.jp" }, "geometry": { "type": "Point", "coordinates": [ 136.700048700000025, 35.4186342 ] } },
{ "type": "Feature", "properties": { "内容": "ふじさわ訪問介護事業所【訪問介護】岐阜県岐阜市三田洞345－1有料老人ホーム湧水館", "url": "https://www.kaigokensaku.mhlw.go.jp/21/index.php?action_kouhyou_detail_004_kani=true&JigyosyoCd=2170111070-00&ServiceCd=110&Type=search", "url2": "http://www.yka-kaigo.com/yusui.html" }, "geometry": { "type": "Point", "coordinates": [ 136.789000857316495, 35.475777721830141 ] } },
{ "type": "Feature", "properties": { "内容": "アンシニア六条訪問介護センター【訪問介護】岐阜県岐阜市柳森町2-48-1", "url": "https://www.kaigokensaku.mhlw.go.jp/21/index.php?action_kouhyou_detail_004_kani=true&JigyosyoCd=2170111245-00&ServiceCd=110&Type=search", "url2": "http://www.ansenior.com" }, "geometry": { "type": "Point", "coordinates": [ 136.736797508087193, 35.401515321430594 ] } },
{ "type": "Feature", "properties": { "内容": "訪問介護　ライフ・ネット【訪問介護】岐阜県岐阜市黒野69－1ライフ・ネット黒野", "url": "https://www.kaigokensaku.mhlw.go.jp/21/index.php?action_kouhyou_detail_004_kani=true&JigyosyoCd=2170111302-00&ServiceCd=110&Type=search", "url2": "http://www.life-net50.co.jp" }, "geometry": { "type": "Point", "coordinates": [ 136.725499274374442, 35.462543834709614 ] } },
{ "type": "Feature", "properties": { "内容": "イース介護サービス【訪問介護】岐阜県岐阜市薮田南1-7-16第一岐阜県ビル607", "url": "https://www.kaigokensaku.mhlw.go.jp/21/index.php?action_kouhyou_detail_004_kani=true&JigyosyoCd=2170111492-00&ServiceCd=110&Type=search", "url2": null }, "geometry": { "type": "Point", "coordinates": [ 136.723318432742417, 35.393766452598555 ] } },
{ "type": "Feature", "properties": { "内容": "ヘルパーステーション渡辺【訪問介護】岐阜県岐阜市矢倉町7番地渡辺病院有料老人ホームやくら", "url": "https://www.kaigokensaku.mhlw.go.jp/21/index.php?action_kouhyou_detail_004_kani=true&JigyosyoCd=2170111617-00&ServiceCd=110&Type=search", "url2": "https://kano-watanabe.jp/" }, "geometry": { "type": "Point", "coordinates": [ 136.764686719889568, 35.398994722351809 ] } },
{ "type": "Feature", "properties": { "内容": "クローバー柳津【訪問介護】岐阜県岐阜市柳津町梅松4丁目109番地ＳＥＯま・も・る", "url": "https://www.kaigokensaku.mhlw.go.jp/21/index.php?action_kouhyou_detail_004_kani=true&JigyosyoCd=2170111757-00&ServiceCd=110&Type=search", "url2": "https://www.big-advance.site/c/202/2377" }, "geometry": { "type": "Point", "coordinates": [ 136.740629424081391, 35.36078603683977 ] } },
{ "type": "Feature", "properties": { "内容": "訪問介護事業所デイライフサポート花水木【訪問介護】岐阜県岐阜市西改田字川向18番地1", "url": "https://www.kaigokensaku.mhlw.go.jp/21/index.php?action_kouhyou_detail_004_kani=true&JigyosyoCd=2170111823-00&ServiceCd=110&Type=search", "url2": "https://www.hanamizuki2014.com" }, "geometry": { "type": "Point", "coordinates": [ 136.707203979454107, 35.448167659364444 ] } },
{ "type": "Feature", "properties": { "内容": "サフィールあまいけ訪問介護事業所【訪問介護】岐阜県岐阜市天池2丁目14番地31号", "url": "https://www.kaigokensaku.mhlw.go.jp/21/index.php?action_kouhyou_detail_004_kani=true&JigyosyoCd=2170111880-00&ServiceCd=110&Type=search", "url2": "http://aliss.co.jp/safir/safir-amaike/" }, "geometry": { "type": "Point", "coordinates": [ 136.813753634393379, 35.425666038920063 ] } },
{ "type": "Feature", "properties": { "内容": "華陽のいえヘルパーステーション【訪問介護】岐阜県岐阜市東鶉3-73-2", "url": "https://www.kaigokensaku.mhlw.go.jp/21/index.php?action_kouhyou_detail_004_kani=true&JigyosyoCd=2170111906-00&ServiceCd=110&Type=search", "url2": "http://www.kayokaigo.co.jp/" }, "geometry": { "type": "Point", "coordinates": [ 136.741139457949885, 35.382043805329701 ] } },
{ "type": "Feature", "properties": { "内容": "訪問介護ステーション　大地【訪問介護】岐阜県岐阜市茜部本郷３丁目１５３番地２", "url": "https://www.kaigokensaku.mhlw.go.jp/21/index.php?action_kouhyou_detail_004_kani=true&JigyosyoCd=2170112037-00&ServiceCd=110&Type=search", "url2": "https://care-daichi.co.jp" }, "geometry": { "type": "Point", "coordinates": [ 136.753285570254377, 35.388954656982648 ] } },
{ "type": "Feature", "properties": { "内容": "愛北ケアステーション北一色【訪問介護】岐阜県岐阜市北一色5丁目4-12", "url": "https://www.kaigokensaku.mhlw.go.jp/21/index.php?action_kouhyou_detail_004_kani=true&JigyosyoCd=2170112201-00&ServiceCd=110&Type=search", "url2": "https://soukengp.com" }, "geometry": { "type": "Point", "coordinates": [ 136.79246711270946, 35.412178699109525 ] } },
{ "type": "Feature", "properties": { "内容": "医心館訪問介護ステーション岐阜【訪問介護】岐阜県岐阜市尼ヶ崎町1-9-19", "url": "https://www.kaigokensaku.mhlw.go.jp/21/index.php?action_kouhyou_detail_004_kani=true&JigyosyoCd=2170112508-00&ServiceCd=110&Type=search", "url2": null }, "geometry": { "type": "Point", "coordinates": [ 136.780205004715754, 35.418919183638039 ] } },
{ "type": "Feature", "properties": { "内容": "ヘルパーステーションアクティブワン【訪問介護】岐阜県岐阜市福富天神前３４４", "url": "https://www.kaigokensaku.mhlw.go.jp/21/index.php?action_kouhyou_detail_004_kani=true&JigyosyoCd=2170112516-00&ServiceCd=110&Type=search", "url2": "http://activeone-smile.com/" }, "geometry": { "type": "Point", "coordinates": [ 136.812287710034184, 35.482440895876721 ] } },
{ "type": "Feature", "properties": { "内容": "アンシニア敷島訪問介護センター【訪問介護】岐阜県岐阜市敷島町３－６", "url": "https://www.kaigokensaku.mhlw.go.jp/21/index.php?action_kouhyou_detail_004_kani=true&JigyosyoCd=2170112656-00&ServiceCd=110&Type=search", "url2": "http://www.ansenior.com" }, "geometry": { "type": "Point", "coordinates": [ 136.743378500000063, 35.4114025 ] } },
{ "type": "Feature", "properties": { "内容": "ヘルパーステーションみさお【訪問介護】岐阜県岐阜市則武中1丁目26番5号", "url": "https://www.kaigokensaku.mhlw.go.jp/21/index.php?action_kouhyou_detail_004_kani=true&JigyosyoCd=2170112664-00&ServiceCd=110&Type=search", "url2": null }, "geometry": { "type": "Point", "coordinates": [ 136.745471800000018, 35.440532 ] } },
{ "type": "Feature", "properties": { "内容": "訪問介護　ライフネットサービス【訪問介護】岐阜県岐阜市古市場1－69", "url": "https://www.kaigokensaku.mhlw.go.jp/21/index.php?action_kouhyou_detail_004_kani=true&JigyosyoCd=2170112771-00&ServiceCd=110&Type=search", "url2": "http://www.life-net50.co.jp/" }, "geometry": { "type": "Point", "coordinates": [ 136.715783977909837, 35.46710214038368 ] } },
{ "type": "Feature", "properties": { "内容": "訪問介護ステーション　ベルデ岐阜中央【訪問介護】岐阜県岐阜市織田塚町二丁目8番", "url": "https://www.kaigokensaku.mhlw.go.jp/21/index.php?action_kouhyou_detail_004_kani=true&JigyosyoCd=2170112920-00&ServiceCd=110&Type=search", "url2": "http://www.careverde.com/" }, "geometry": { "type": "Point", "coordinates": [ 136.783294901605217, 35.417401928377515 ] } },
{ "type": "Feature", "properties": { "内容": "にじむすび【訪問介護】岐阜県岐阜市雄総桜町4丁目23番地コーポリバーサイド302", "url": "https://www.kaigokensaku.mhlw.go.jp/21/index.php?action_kouhyou_detail_004_kani=true&JigyosyoCd=2170112987-00&ServiceCd=110&Type=search", "url2": "http://www.nijimusubi.net" }, "geometry": { "type": "Point", "coordinates": [ 136.78870059999997, 35.4422154 ] } },
{ "type": "Feature", "properties": { "内容": "株式会社介護ケアまごの手【訪問介護】岐阜県岐阜市岩田坂４丁目１５番２２号", "url": "https://www.kaigokensaku.mhlw.go.jp/21/index.php?action_kouhyou_detail_004_kani=true&JigyosyoCd=2170112995-00&ServiceCd=110&Type=search", "url2": "http://hp.kaipoke.biz/f5y/" }, "geometry": { "type": "Point", "coordinates": [ 136.826299100000028, 35.4331176 ] } },
{ "type": "Feature", "properties": { "内容": "共生【訪問介護】岐阜県岐阜市領下4丁目99番地清流の郷一笑", "url": "https://www.kaigokensaku.mhlw.go.jp/21/index.php?action_kouhyou_detail_004_kani=true&JigyosyoCd=2170113035-00&ServiceCd=110&Type=search", "url2": "https://www.area-support-japan.com/" }, "geometry": { "type": "Point", "coordinates": [ 136.780026219712795, 35.409181214689994 ] } },
{ "type": "Feature", "properties": { "内容": "ケアステーションやすえ【訪問介護】岐阜県岐阜市鏡島南１丁目２番38号", "url": "https://www.kaigokensaku.mhlw.go.jp/21/index.php?action_kouhyou_detail_004_kani=true&JigyosyoCd=2170113134-00&ServiceCd=110&Type=search", "url2": null }, "geometry": { "type": "Point", "coordinates": [ 136.7173464, 35.4084915 ] } },
{ "type": "Feature", "properties": { "内容": "株式会社愛さんさん岐阜営業所【訪問介護】岐阜県岐阜市北一色4丁目2番地13宝海ﾋﾞﾙ102号", "url": "https://www.kaigokensaku.mhlw.go.jp/21/index.php?action_kouhyou_detail_004_kani=true&JigyosyoCd=2170113274-00&ServiceCd=110&Type=search", "url2": null }, "geometry": { "type": "Point", "coordinates": [ 136.7881655, 35.4097555 ] } },
{ "type": "Feature", "properties": { "内容": "ヘルパーステーションいちる【訪問介護】岐阜県岐阜市西鶉5丁目15エステート15　101号室", "url": "https://www.kaigokensaku.mhlw.go.jp/21/index.php?action_kouhyou_detail_004_kani=true&JigyosyoCd=2170113316-00&ServiceCd=110&Type=search", "url2": null }, "geometry": { "type": "Point", "coordinates": [ 136.722574200000054, 35.3809201 ] } },
{ "type": "Feature", "properties": { "内容": "訪問介護事業所　マグノリア【訪問介護】岐阜県岐阜市加納御車町39番地有料老人ホーム　マグノリア", "url": "https://www.kaigokensaku.mhlw.go.jp/21/index.php?action_kouhyou_detail_004_kani=true&JigyosyoCd=2170113365-00&ServiceCd=110&Type=search", "url2": "http://m-infinity.jp" }, "geometry": { "type": "Point", "coordinates": [ 136.7584668, 35.3963703 ] } },
{ "type": "Feature", "properties": { "内容": "ヘルパーステーションみながわ【訪問介護】岐阜県岐阜市中2-179-1ヘルパーステーションみながわ", "url": "https://www.kaigokensaku.mhlw.go.jp/21/index.php?action_kouhyou_detail_004_kani=true&JigyosyoCd=2170113506-00&ServiceCd=110&Type=search", "url2": null }, "geometry": { "type": "Point", "coordinates": [ 136.703399, 35.4690381 ] } },
{ "type": "Feature", "properties": { "内容": "ヘルパーステーション　スマイルライフ【訪問介護】岐阜県岐阜市光樹町46－43B", "url": "https://www.kaigokensaku.mhlw.go.jp/21/index.php?action_kouhyou_detail_004_kani=true&JigyosyoCd=2170113548-00&ServiceCd=110&Type=search", "url2": "https://smilelife.hp.gogo.jp/pc/" }, "geometry": { "type": "Point", "coordinates": [ 136.760535399999981, 35.3934075 ] } },
{ "type": "Feature", "properties": { "内容": "act　ケアセンター【訪問介護】岐阜県岐阜市萱場南1-15-21ジ・ラソーレ201", "url": "https://www.kaigokensaku.mhlw.go.jp/21/index.php?action_kouhyou_detail_004_kani=true&JigyosyoCd=2170113555-00&ServiceCd=110&Type=search", "url2": null }, "geometry": { "type": "Point", "coordinates": [ 136.73420150000004, 35.433193800000048 ] } },
{ "type": "Feature", "properties": { "内容": "ホームケアスマイル【訪問介護】岐阜県岐阜市本荘1990番地サービス付き高齢者住宅スマイル本荘", "url": "https://www.kaigokensaku.mhlw.go.jp/21/index.php?action_kouhyou_detail_004_kani=true&JigyosyoCd=2170113571-00&ServiceCd=110&Type=search", "url2": "http://activeone-smile.com/" }, "geometry": { "type": "Point", "coordinates": [ 136.731824903041144, 35.416611490929654 ] } },
{ "type": "Feature", "properties": { "内容": "ケアステーションそるな【訪問介護】岐阜県岐阜市下川手182－15", "url": "https://www.kaigokensaku.mhlw.go.jp/21/index.php?action_kouhyou_detail_004_kani=true&JigyosyoCd=2170113597-00&ServiceCd=110&Type=search", "url2": null }, "geometry": { "type": "Point", "coordinates": [ 136.767627109370409, 35.398156239292135 ] } },
{ "type": "Feature", "properties": { "内容": "株式会社シェ・サン　シェ・サン訪問介護事業所【訪問介護】岐阜県岐阜市茜部本郷一丁目6番地3", "url": "https://www.kaigokensaku.mhlw.go.jp/21/index.php?action_kouhyou_detail_004_kani=true&JigyosyoCd=2170113621-00&ServiceCd=110&Type=search", "url2": null }, "geometry": { "type": "Point", "coordinates": [ 136.755322572352611, 35.394487118956761 ] } },
{ "type": "Feature", "properties": { "内容": "すこやかヘルパーステーション【訪問介護】岐阜県岐阜市北山1丁目16番地13住宅型有料老人ホームすこやか内", "url": "https://www.kaigokensaku.mhlw.go.jp/21/index.php?action_kouhyou_detail_004_kani=true&JigyosyoCd=2170113654-00&ServiceCd=110&Type=search", "url2": "https://gifu-min.jp/midori/page_145.html" }, "geometry": { "type": "Point", "coordinates": [ 136.852283323942601, 35.458118178129446 ] } },
{ "type": "Feature", "properties": { "内容": "ゆかりの郷訪問介護ステーション嵯峨【訪問介護】岐阜県岐阜市芥見嵯峨1丁目150番地1", "url": "https://www.kaigokensaku.mhlw.go.jp/21/index.php?action_kouhyou_detail_004_kani=true&JigyosyoCd=2170113746-00&ServiceCd=110&Type=search", "url2": "http://yutaka-ms.jp" }, "geometry": { "type": "Point", "coordinates": [ 136.839380600000027, 35.4417971 ] } },
{ "type": "Feature", "properties": { "内容": "こころヘルパーステーション西川手【訪問介護】岐阜県岐阜市西川手三丁目31番地", "url": "https://www.kaigokensaku.mhlw.go.jp/21/index.php?action_kouhyou_detail_004_kani=true&JigyosyoCd=2170113878-00&ServiceCd=110&Type=search", "url2": null }, "geometry": { "type": "Point", "coordinates": [ 136.763277, 35.3893248 ] } },
{ "type": "Feature", "properties": { "内容": "訪問介護ステーションながらの家【訪問介護】岐阜県岐阜市八代1丁目3番3号", "url": "https://www.kaigokensaku.mhlw.go.jp/21/index.php?action_kouhyou_detail_004_kani=true&JigyosyoCd=2170113902-00&ServiceCd=110&Type=search", "url2": "http://www.heisei-ph.com" }, "geometry": { "type": "Point", "coordinates": [ 136.774107, 35.4574103 ] } },
{ "type": "Feature", "properties": { "内容": "訪問介護ステーション悠ライフ【訪問介護】岐阜県岐阜市月ノ会町1丁目12番地30ナーシングホーム悠ライフ", "url": "https://www.kaigokensaku.mhlw.go.jp/21/index.php?action_kouhyou_detail_004_kani=true&JigyosyoCd=2170113928-00&ServiceCd=110&Type=search", "url2": null }, "geometry": { "type": "Point", "coordinates": [ 136.778238517138163, 35.419388756618929 ] } },
{ "type": "Feature", "properties": { "内容": "訪問介護　ライフ・ネット長良【訪問介護】岐阜県岐阜市長良井田44-1サービス付き高齢者向け住宅　ライフ・ネット長良", "url": "https://www.kaigokensaku.mhlw.go.jp/21/index.php?action_kouhyou_detail_004_kani=true&JigyosyoCd=2170113969-00&ServiceCd=110&Type=search", "url2": "http://life-net50.co.jp/index.html" }, "geometry": { "type": "Point", "coordinates": [ 136.785051208073355, 35.449314259897037 ] } },
{ "type": "Feature", "properties": { "内容": "愛北ケアステーション下奈良【訪問介護】岐阜県岐阜市下奈良3丁目10-3", "url": "https://www.kaigokensaku.mhlw.go.jp/21/index.php?action_kouhyou_detail_004_kani=true&JigyosyoCd=2170114025-00&ServiceCd=110&Type=search", "url2": "http://soukengp.com/s_carestation.html" }, "geometry": { "type": "Point", "coordinates": [ 136.711743899999988, 35.3878692 ] } },
{ "type": "Feature", "properties": { "内容": "かえつ訪問介護事業所【訪問介護】岐阜県岐阜市茜部中島1丁目28番地嘉悦館", "url": "https://www.kaigokensaku.mhlw.go.jp/21/index.php?action_kouhyou_detail_004_kani=true&JigyosyoCd=2170114116-00&ServiceCd=110&Type=search", "url2": "https://heiwa-care.com/" }, "geometry": { "type": "Point", "coordinates": [ 136.751060700000039, 35.3935006 ] } },
{ "type": "Feature", "properties": { "内容": "訪問介護　親孝行【訪問介護】岐阜県岐阜市春近古市場南25番地", "url": "https://www.kaigokensaku.mhlw.go.jp/21/index.php?action_kouhyou_detail_004_kani=true&JigyosyoCd=2170114124-00&ServiceCd=110&Type=search", "url2": null }, "geometry": { "type": "Point", "coordinates": [ 136.838970806902438, 35.491728495259608 ] } },
{ "type": "Feature", "properties": { "内容": "あおいケアヘルパーステーション【訪問介護】岐阜県岐阜市須賀2丁目2-27メゾンスガ103号室", "url": "https://www.kaigokensaku.mhlw.go.jp/21/index.php?action_kouhyou_detail_004_kani=true&JigyosyoCd=2170114181-00&ServiceCd=110&Type=search", "url2": "https://aoi-care.jp" }, "geometry": { "type": "Point", "coordinates": [ 136.722139299999981, 35.3871127 ] } },
{ "type": "Feature", "properties": { "内容": "ニチイケアセンター岐阜東【訪問介護】岐阜県岐阜市北一色10丁目1番11号", "url": "https://www.kaigokensaku.mhlw.go.jp/21/index.php?action_kouhyou_detail_004_kani=true&JigyosyoCd=2170114215-00&ServiceCd=110&Type=search", "url2": "https://www.nichiigakkan.co.jp/" }, "geometry": { "type": "Point", "coordinates": [ 136.793868400000065, 35.4129729 ] } },
{ "type": "Feature", "properties": { "内容": "ヘルパーステーションらぱん【訪問介護】岐阜県岐阜市下西郷三丁目72番1", "url": "https://www.kaigokensaku.mhlw.go.jp/21/index.php?action_kouhyou_detail_004_kani=true&JigyosyoCd=2170114223-00&ServiceCd=110&Type=search", "url2": "https://livinglab-gifu.com/" }, "geometry": { "type": "Point", "coordinates": [ 136.705487634238096, 35.456030068117592 ] } },
{ "type": "Feature", "properties": { "内容": "GKのホームヘルパーステーション【訪問介護】岐阜県岐阜市旦島6丁目8-17フェアリー203", "url": "https://www.kaigokensaku.mhlw.go.jp/21/index.php?action_kouhyou_detail_004_kani=true&JigyosyoCd=2170114314-00&ServiceCd=110&Type=search", "url2": "https://gk-group.jp/business/helper/" }, "geometry": { "type": "Point", "coordinates": [ 136.7261489, 35.4335436 ] } },
{ "type": "Feature", "properties": { "内容": "訪問介護スマイルナーシング六条【訪問介護】岐阜県岐阜市六条南2丁目2番1", "url": "https://www.kaigokensaku.mhlw.go.jp/21/index.php?action_kouhyou_detail_004_kani=true&JigyosyoCd=2170114439-00&ServiceCd=110&Type=search", "url2": "http://smile-nursing.jp" }, "geometry": { "type": "Point", "coordinates": [ 136.741526633204586, 35.399555745254425 ] } },
{ "type": "Feature", "properties": { "内容": "世界ちゃんとモゲル丸先生の元気な居宅介護センター【訪問介護】岐阜県岐阜市六条南２丁目６番３号", "url": "https://www.kaigokensaku.mhlw.go.jp/21/index.php?action_kouhyou_detail_004_kani=true&JigyosyoCd=2170114447-00&ServiceCd=110&Type=search", "url2": null }, "geometry": { "type": "Point", "coordinates": [ 136.741660245507802, 35.39727385602901 ] } },
{ "type": "Feature", "properties": { "内容": "訪問介護　ピースフル【訪問介護】岐阜県岐阜市蔵前3丁目9番6号", "url": "https://www.kaigokensaku.mhlw.go.jp/21/index.php?action_kouhyou_detail_004_kani=true&JigyosyoCd=2170114546-00&ServiceCd=110&Type=search", "url2": null }, "geometry": { "type": "Point", "coordinates": [ 136.80159591022624, 35.39586078226791 ] } },
{ "type": "Feature", "properties": { "内容": "なでしこ訪問介護事業所【訪問介護】岐阜県岐阜市安食志良古26-99", "url": "https://www.kaigokensaku.mhlw.go.jp/21/index.php?action_kouhyou_detail_004_kani=true&JigyosyoCd=2170114579-00&ServiceCd=110&Type=search", "url2": null }, "geometry": { "type": "Point", "coordinates": [ 136.718149, 35.4891091 ] } },
{ "type": "Feature", "properties": { "内容": "ケアサポートひだまり創【訪問介護】岐阜県岐阜市島新町４番６号", "url": "https://www.kaigokensaku.mhlw.go.jp/21/index.php?action_kouhyou_detail_004_kani=true&JigyosyoCd=2170114611-00&ServiceCd=110&Type=search", "url2": "https://hidamarisou.com/" }, "geometry": { "type": "Point", "coordinates": [ 136.740653977829055, 35.428449250610953 ] } },
{ "type": "Feature", "properties": { "内容": "訪問介護　ライフ・ネット大福町【訪問介護】岐阜県岐阜市大福町6-2ライフ・ネット大福町", "url": "https://www.kaigokensaku.mhlw.go.jp/21/index.php?action_kouhyou_detail_004_kani=true&JigyosyoCd=2170114710-00&ServiceCd=110&Type=search", "url2": null }, "geometry": { "type": "Point", "coordinates": [ 136.741253480260752, 35.435945890189835 ] } },
{ "type": "Feature", "properties": { "内容": "ケアサポートなないろ【訪問介護】岐阜県岐阜市早田町1丁目１３番地1", "url": "https://www.kaigokensaku.mhlw.go.jp/21/index.php?action_kouhyou_detail_004_kani=true&JigyosyoCd=2170114744-00&ServiceCd=110&Type=search", "url2": "https://tumugi-7716.com" }, "geometry": { "type": "Point", "coordinates": [ 136.7529237, 35.4328748 ] } },
{ "type": "Feature", "properties": { "内容": "みなもと介護サービス【訪問介護】岐阜県岐阜市茜部新所四丁目100番地ロイヤルハイツコジマ303号室", "url": "https://www.kaigokensaku.mhlw.go.jp/21/index.php?action_kouhyou_detail_004_kani=true&JigyosyoCd=2170114785-00&ServiceCd=110&Type=search", "url2": null }, "geometry": { "type": "Point", "coordinates": [ 136.7569174, 35.3804123 ] } },
{ "type": "Feature", "properties": { "内容": "クルール岐阜六条【訪問介護】岐阜県岐阜市六条大溝2丁目5番5", "url": "https://www.kaigokensaku.mhlw.go.jp/21/index.php?action_kouhyou_detail_004_kani=true&JigyosyoCd=2170114876-00&ServiceCd=110&Type=search", "url2": "https://couleurcourt-okazaki.com/" }, "geometry": { "type": "Point", "coordinates": [ 136.7404448, 35.3894487 ] } },
{ "type": "Feature", "properties": { "内容": "ヘルパーステーション　よつ葉【訪問介護】岐阜県岐阜市向加野2丁目14番17号", "url": "https://www.kaigokensaku.mhlw.go.jp/21/index.php?action_kouhyou_detail_004_kani=true&JigyosyoCd=2170114892-00&ServiceCd=110&Type=search", "url2": "https://caregiver-station-yotsuba-web.jimdosite.com/" }, "geometry": { "type": "Point", "coordinates": [ 136.83283320000001, 35.4618047 ] } },
{ "type": "Feature", "properties": { "内容": "ヘルパーステーション景香【訪問介護】岐阜県岐阜市細畑3-15-8", "url": "https://www.kaigokensaku.mhlw.go.jp/21/index.php?action_kouhyou_detail_004_kani=true&JigyosyoCd=2170114934-00&ServiceCd=110&Type=search", "url2": null }, "geometry": { "type": "Point", "coordinates": [ 136.789992399999988, 35.4031632 ] } },
{ "type": "Feature", "properties": { "内容": "訪問介護ステーションＹＵＫＡＲＩ長住【訪問介護】岐阜県岐阜市長住町5-4-1YUKARI長住", "url": "https://www.kaigokensaku.mhlw.go.jp/21/index.php?action_kouhyou_detail_004_kani=true&JigyosyoCd=2170114967-00&ServiceCd=110&Type=search", "url2": "https://yutaka-ms.jp/" }, "geometry": { "type": "Point", "coordinates": [ 136.755617521556701, 35.412854971299929 ] } },
{ "type": "Feature", "properties": { "内容": "ヘルパーステーション　リアン【訪問介護】岐阜県岐阜市長良西山前87-1", "url": "https://www.kaigokensaku.mhlw.go.jp/21/index.php?action_kouhyou_detail_004_kani=true&JigyosyoCd=2170114975-00&ServiceCd=110&Type=search", "url2": "http://hp.kaipoke.biz/fws/" }, "geometry": { "type": "Point", "coordinates": [ 136.7811073, 35.4559927 ] } },
{ "type": "Feature", "properties": { "内容": "訪問介護ステーション悠ライフ六条【訪問介護】岐阜県岐阜市六条江東2丁目12番地1", "url": "https://www.kaigokensaku.mhlw.go.jp/21/index.php?action_kouhyou_detail_004_kani=true&JigyosyoCd=2170114983-00&ServiceCd=110&Type=search", "url2": "https://kindlife-gifu.com/company" }, "geometry": { "type": "Point", "coordinates": [ 136.744058778573589, 35.39134504110082 ] } },
{ "type": "Feature", "properties": { "内容": "社会福祉法人岐阜市社会福祉協議会訪問介護【訪問介護】岐阜県岐阜市本郷町5丁目22番地CASA本郷501号室", "url": "https://www.kaigokensaku.mhlw.go.jp/21/index.php?action_kouhyou_detail_004_kani=true&JigyosyoCd=2170114991-00&ServiceCd=110&Type=search", "url2": "http://www.gifushi-shakyo.or.jp" }, "geometry": { "type": "Point", "coordinates": [ 136.7470438, 35.4205543 ] } },
{ "type": "Feature", "properties": { "内容": "ヘルパーステーションはぐるま【訪問介護】岐阜県岐阜市又丸20-6", "url": "https://www.kaigokensaku.mhlw.go.jp/21/index.php?action_kouhyou_detail_004_kani=true&JigyosyoCd=2170115022-00&ServiceCd=110&Type=search", "url2": "https://haguruma.life/" }, "geometry": { "type": "Point", "coordinates": [ 136.7135314, 35.3750529 ] } },
{ "type": "Feature", "properties": { "内容": "訪問介護事業所アムール【訪問介護】岐阜県岐阜市柳津町上佐波西2丁目15番", "url": "https://www.kaigokensaku.mhlw.go.jp/21/index.php?action_kouhyou_detail_004_kani=true&JigyosyoCd=2170115055-00&ServiceCd=110&Type=search", "url2": "https://camarade-amour.jp" }, "geometry": { "type": "Point", "coordinates": [ 136.719710662974961, 35.377482661991749 ] } },
{ "type": "Feature", "properties": { "内容": "訪問介護きらめき【訪問介護】岐阜県岐阜市朝霧町26番地", "url": "https://www.kaigokensaku.mhlw.go.jp/21/index.php?action_kouhyou_detail_004_kani=true&JigyosyoCd=2170115071-00&ServiceCd=110&Type=search", "url2": "https://www.care-corporation.co.jp/" }, "geometry": { "type": "Point", "coordinates": [ 136.7630595, 35.3919858 ] } },
{ "type": "Feature", "properties": { "内容": "ケアステーションあんじぇす岐阜岩地【訪問介護】岐阜県岐阜市岩地1丁目3番18号", "url": "https://www.kaigokensaku.mhlw.go.jp/21/index.php?action_kouhyou_detail_004_kani=true&JigyosyoCd=2170115147-00&ServiceCd=110&Type=search", "url2": "https://www.t-s-i.jp" }, "geometry": { "type": "Point", "coordinates": [ 136.807616340544882, 35.409682980844337 ] } },
{ "type": "Feature", "properties": { "内容": "にっけん介護岐阜西ケアセンター【訪問介護】岐阜県岐阜市茜部菱野1丁目50番地大道ビル302号室", "url": "https://www.kaigokensaku.mhlw.go.jp/21/index.php?action_kouhyou_detail_004_kani=true&JigyosyoCd=2170115170-00&ServiceCd=110&Type=search", "url2": "https://www.gifu-healthmedical.jp/" }, "geometry": { "type": "Point", "coordinates": [ 136.729126599999972, 35.3967482 ] } },
{ "type": "Feature", "properties": { "内容": "訪問介護ステーションベルデ岐阜西【訪問介護】岐阜県岐阜市鏡島南4丁目2番18号ナーシングホームベルデ岐阜西", "url": "https://www.kaigokensaku.mhlw.go.jp/21/index.php?action_kouhyou_detail_004_kani=true&JigyosyoCd=2170115196-00&ServiceCd=110&Type=search", "url2": "https://www.careverde.com" }, "geometry": { "type": "Point", "coordinates": [ 136.712952, 35.4040524 ] } },
{ "type": "Feature", "properties": { "内容": "ケアリール訪問介護事業所　岩田東【訪問介護】岐阜県岐阜市岩田東1丁目152番地", "url": "https://www.kaigokensaku.mhlw.go.jp/21/index.php?action_kouhyou_detail_004_kani=true&JigyosyoCd=2170115212-00&ServiceCd=110&Type=search", "url2": "https://niceman-care.com/" }, "geometry": { "type": "Point", "coordinates": [ 136.834109766409341, 35.438389937929216 ] } },
{ "type": "Feature", "properties": { "内容": "訪問介護　ライフネットナーシング折立【訪問介護】岐阜県岐阜市折立852番地", "url": "https://www.kaigokensaku.mhlw.go.jp/21/index.php?action_kouhyou_detail_004_kani=true&JigyosyoCd=2170115246-00&ServiceCd=110&Type=search", "url2": "http://life-net50.co.jp/" }, "geometry": { "type": "Point", "coordinates": [ 136.7319254, 35.4574996 ] } },
{ "type": "Feature", "properties": { "内容": "かえるの手ぷらす【訪問介護】岐阜県岐阜市領下1丁目58番地１　メゾン林４-A号", "url": "https://www.kaigokensaku.mhlw.go.jp/21/index.php?action_kouhyou_detail_004_kani=true&JigyosyoCd=2170115311-00&ServiceCd=110&Type=search", "url2": null }, "geometry": { "type": "Point", "coordinates": [ 136.7796329, 35.4035295 ] } },
{ "type": "Feature", "properties": { "内容": "訪問介護ステーション　結【訪問介護】岐阜県岐阜市切通5丁目１１－１１", "url": "https://www.kaigokensaku.mhlw.go.jp/21/index.php?action_kouhyou_detail_004_kani=true&JigyosyoCd=2170115444-00&ServiceCd=110&Type=search", "url2": null }, "geometry": { "type": "Point", "coordinates": [ 136.7973853, 35.3951002 ] } },
{ "type": "Feature", "properties": { "内容": "訪問介護ステーションあゆの風【訪問介護】岐阜市西鶉4丁目6番地", "url": "https://www.kaigokensaku.mhlw.go.jp/21/index.php?action_kouhyou_detail_004_kani=true&JigyosyoCd=2170115535-00&ServiceCd=110&Type=search", "url2": null }, "geometry": { "type": "Point", "coordinates": [ 136.7254881, 35.3787499 ] } },
{ "type": "Feature", "properties": { "内容": "ヘルパーステーションルフレ【訪問介護】岐阜県岐阜市薮田南1丁目3番12号", "url": "https://www.kaigokensaku.mhlw.go.jp/21/index.php?action_kouhyou_detail_004_kani=true&JigyosyoCd=2170115626-00&ServiceCd=110&Type=search", "url2": "https://reflet-gifu.com" }, "geometry": { "type": "Point", "coordinates": [ 136.724748, 35.3933469 ] } },
{ "type": "Feature", "properties": { "内容": "訪問介護エムズサービス【訪問介護】岐阜県岐阜市鹿島町1-5スクエアビル3F", "url": "https://www.kaigokensaku.mhlw.go.jp/21/index.php?action_kouhyou_detail_004_kani=true&JigyosyoCd=2170115675-00&ServiceCd=110&Type=search", "url2": null }, "geometry": { "type": "Point", "coordinates": [ 136.7444542, 35.415959 ] } },
{ "type": "Feature", "properties": { "内容": "ゴールドエイジ　岐阜営業所【訪問介護】岐阜県岐阜市西改田字若宮72番地1", "url": "https://www.kaigokensaku.mhlw.go.jp/21/index.php?action_kouhyou_detail_004_kani=true&JigyosyoCd=2170115691-00&ServiceCd=110&Type=search", "url2": null }, "geometry": { "type": "Point", "coordinates": [ 136.7085727, 35.4494435 ] } },
{ "type": "Feature", "properties": { "内容": "ケアステーション　なないろ【訪問介護】岐阜県岐阜市南鶉7丁目45番地1", "url": "https://www.kaigokensaku.mhlw.go.jp/21/index.php?action_kouhyou_detail_004_kani=true&JigyosyoCd=2170115709-00&ServiceCd=110&Type=search", "url2": null }, "geometry": { "type": "Point", "coordinates": [ 136.72752967738495, 35.375878883989095 ] } },
{ "type": "Feature", "properties": { "内容": "アクア岐阜訪問介護【訪問介護】岐阜県岐阜市茜部中島1丁目77番地", "url": "https://www.kaigokensaku.mhlw.go.jp/21/index.php?action_kouhyou_detail_004_kani=true&JigyosyoCd=2170115774-00&ServiceCd=110&Type=search", "url2": null }, "geometry": { "type": "Point", "coordinates": [ 136.7508718, 35.3933818 ] } },
{ "type": "Feature", "properties": { "内容": "ハッピーシニア岐阜訪問介護サービス【訪問介護】岐阜県岐阜市山吹町六丁目29番地2エム＆エム5ビル２０１号", "url": "https://www.kaigokensaku.mhlw.go.jp/21/index.php?action_kouhyou_detail_004_kani=true&JigyosyoCd=2170115782-00&ServiceCd=110&Type=search", "url2": "https://happy-senior.co.jp" }, "geometry": { "type": "Point", "coordinates": [ 136.7460797, 35.4323291 ] } },
{ "type": "Feature", "properties": { "内容": "アルトヘルパーステーション【訪問介護】岐阜県岐阜市西改田上の町６２－３アルト介護センター七郷内", "url": "https://www.kaigokensaku.mhlw.go.jp/21/index.php?action_kouhyou_detail_004_kani=true&JigyosyoCd=2170115824-00&ServiceCd=110&Type=search", "url2": "https://www.alt-kaigo.co.jp/" }, "geometry": { "type": "Point", "coordinates": [ 136.702367824359129, 35.450467477118515 ] } },
{ "type": "Feature", "properties": { "内容": "ヘルパーステーションにじのいろ【訪問介護】岐阜県岐阜市一日市場北町1-23シャングリラ102", "url": "https://www.kaigokensaku.mhlw.go.jp/21/index.php?action_kouhyou_detail_004_kani=true&JigyosyoCd=2170115840-00&ServiceCd=110&Type=search", "url2": null }, "geometry": { "type": "Point", "coordinates": [ 136.7191794, 35.4237761 ] } },
{ "type": "Feature", "properties": { "内容": "訪問介護ステーション　元気印【訪問介護】岐阜県岐阜市又丸688-1元気印またまる内", "url": "https://www.kaigokensaku.mhlw.go.jp/21/index.php?action_kouhyou_detail_004_kani=true&JigyosyoCd=2170111559-00&ServiceCd=110&Type=search", "url2": null }, "geometry": { "type": "Point", "coordinates": [ 136.69889536314912, 35.439710596872438 ] } },
{ "type": "Feature", "properties": { "内容": "あおぞら・介護センター【訪問介護】岐阜県岐阜市八代３丁目１９番４号", "url": "https://www.kaigokensaku.mhlw.go.jp/21/index.php?action_kouhyou_detail_004_kani=true&JigyosyoCd=2170112409-00&ServiceCd=110&Type=search", "url2": "http://hp.kaipoke.biz/cdk/" }, "geometry": { "type": "Point", "coordinates": [ 136.774887400000011, 35.4616458 ] } },
{ "type": "Feature", "properties": { "内容": "合同会社ヘルパーステーション絆【訪問介護】岐阜県岐阜市守口町3-52-1サンシティ市川201", "url": "https://www.kaigokensaku.mhlw.go.jp/21/index.php?action_kouhyou_detail_004_kani=true&JigyosyoCd=2170113209-00&ServiceCd=110&Type=search", "url2": null }, "geometry": { "type": "Point", "coordinates": [ 136.7263491, 35.4393079 ] } },
{ "type": "Feature", "properties": { "内容": "訪問介護ステーション　ケア　トリニティ【訪問介護】岐阜県岐阜市美島町1丁目18番地", "url": "https://www.kaigokensaku.mhlw.go.jp/21/index.php?action_kouhyou_detail_004_kani=true&JigyosyoCd=2170114850-00&ServiceCd=110&Type=search", "url2": null }, "geometry": { "type": "Point", "coordinates": [ 136.749685367320239, 35.434625447808443 ] } },
{ "type": "Feature", "properties": { "内容": "アンシニア柳ヶ瀬訪問介護センター【訪問介護】岐阜県岐阜市柳ケ瀬通６－５プライムステージ柳ケ瀬", "url": "https://www.kaigokensaku.mhlw.go.jp/21/index.php?action_kouhyou_detail_004_kani=true&JigyosyoCd=2170115337-00&ServiceCd=110&Type=search", "url2": "https://www.ansenior.com/" }, "geometry": { "type": "Point", "coordinates": [ 136.754284417658766, 35.419892387910465 ] } },
{ "type": "Feature", "properties": { "内容": "ケアサポート　ほっこり【訪問介護】岐阜県岐阜市芋島１丁目７番6-401", "url": "https://www.kaigokensaku.mhlw.go.jp/21/index.php?action_kouhyou_detail_004_kani=true&JigyosyoCd=2170115766-00&ServiceCd=110&Type=search", "url2": "chubujinzai.jp" }, "geometry": { "type": "Point", "coordinates": [ 136.805432700000011, 35.3937365 ] } },
{ "type": "Feature", "properties": { "内容": "ライフケアなないろ【訪問介護】岐阜県岐阜市又丸村中25-1", "url": "https://www.kaigokensaku.mhlw.go.jp/21/index.php?action_kouhyou_detail_004_kani=true&JigyosyoCd=2170115162-00&ServiceCd=110&Type=search", "url2": null }, "geometry": { "type": "Point", "coordinates": [ 136.703058583569714, 35.437340011461018 ] } },
{ "type": "Feature", "properties": { "内容": "訪問介護リライブ岐阜【訪問介護】岐阜県岐阜市若杉町12-4", "url": "https://www.kaigokensaku.mhlw.go.jp/21/index.php?action_kouhyou_detail_004_kani=true&JigyosyoCd=2170115592-00&ServiceCd=110&Type=search", "url2": "https://relive-care.com/" }, "geometry": { "type": "Point", "coordinates": [ 136.7685737, 35.3995927 ] } },
{ "type": "Feature", "properties": { "内容": "ヘルパーステーションこまき【訪問介護】岐阜県岐阜市千手堂南町3-3-2すこやかホーム内２F", "url": "https://www.kaigokensaku.mhlw.go.jp/21/index.php?action_kouhyou_detail_004_kani=true&JigyosyoCd=2170102806-00&ServiceCd=110&Type=search", "url2": "http://tomoikikai.net." }, "geometry": { "type": "Point", "coordinates": [ 136.750225172352629, 35.41585722083277 ] } },
{ "type": "Feature", "properties": { "内容": "にじのさと岐阜サービスセンター【訪問介護】岐阜県岐阜市加納御車町34Ｄｗｅｌｌ　50　１０１号室", "url": "https://www.kaigokensaku.mhlw.go.jp/21/index.php?action_kouhyou_detail_004_kani=true&JigyosyoCd=2170113910-00&ServiceCd=110&Type=search", "url2": null }, "geometry": { "type": "Point", "coordinates": [ 136.757637400000021, 35.3966112 ] } },
{ "type": "Feature", "properties": { "内容": "訪問介護　ケアリー岐阜柳津【訪問介護】岐阜県岐阜市柳津町下佐波5-191", "url": "https://www.kaigokensaku.mhlw.go.jp/21/index.php?action_kouhyou_detail_004_kani=true&JigyosyoCd=2170114835-00&ServiceCd=110&Type=search", "url2": "https://gifu-shimosaba.carely-home.com/" }, "geometry": { "type": "Point", "coordinates": [ 136.725670387429943, 35.357878118807911 ] } },
{ "type": "Feature", "properties": { "内容": "訪問介護ステーションなずな【訪問介護】岐阜県岐阜市市橋３丁目１１番地１７サンハイツ広瀬１０２", "url": "https://www.kaigokensaku.mhlw.go.jp/21/index.php?action_kouhyou_detail_004_kani=true&JigyosyoCd=2170116160-00&ServiceCd=110&Type=search", "url2": null }, "geometry": { "type": "Point", "coordinates": [ 136.7241507, 35.4013279 ] } },
{ "type": "Feature", "properties": { "内容": "サンウェルズ岐阜ヘルパーステーション【訪問介護】岐阜県岐阜市六条南1丁目16番15号PDハウス岐阜", "url": "https://www.kaigokensaku.mhlw.go.jp/21/index.php?action_kouhyou_detail_004_kani=true&JigyosyoCd=2170116178-00&ServiceCd=110&Type=search", "url2": "http://sunwels.jp" }, "geometry": { "type": "Point", "coordinates": [ 136.7431647, 35.4004389 ] } },
{ "type": "Feature", "properties": { "内容": "訪問介護ステーションフューチャー【訪問介護】岐阜県岐阜市中鶉３丁目１４番地", "url": "https://www.kaigokensaku.mhlw.go.jp/21/index.php?action_kouhyou_detail_004_kani=true&JigyosyoCd=2170101907-00&ServiceCd=110&Type=search", "url2": "http://www.seiyuukai.or.jp" }, "geometry": { "type": "Point", "coordinates": [ 136.733533800000032, 35.3836781 ] } },
{ "type": "Feature", "properties": { "内容": "ぬくもり【訪問介護】岐阜県岐阜市下尻毛４５６番地", "url": "https://www.kaigokensaku.mhlw.go.jp/21/index.php?action_kouhyou_detail_004_kani=true&JigyosyoCd=2170110874-00&ServiceCd=110&Type=search", "url2": null }, "geometry": { "type": "Point", "coordinates": [ 136.714807, 35.4380733 ] } },
{ "type": "Feature", "properties": { "内容": "Nicoライフサービス【訪問介護】岐阜県岐阜市長良宮路町３丁目２０－１ナガラアンクレー101", "url": "https://www.kaigokensaku.mhlw.go.jp/21/index.php?action_kouhyou_detail_004_kani=true&JigyosyoCd=2170114207-00&ServiceCd=110&Type=search", "url2": null }, "geometry": { "type": "Point", "coordinates": [ 136.782702400000062, 35.449571 ] } },
{ "type": "Feature", "properties": { "内容": "訪問介護　ピース【訪問介護】岐阜県岐阜市宇佐南４丁目7-1カルフールⅠ403号室", "url": "https://www.kaigokensaku.mhlw.go.jp/21/index.php?action_kouhyou_detail_004_kani=true&JigyosyoCd=2170114918-00&ServiceCd=110&Type=search", "url2": "https://kaigo-Peace.jp" }, "geometry": { "type": "Point", "coordinates": [ 136.731454037434389, 35.392396357358123 ] } },
{ "type": "Feature", "properties": { "内容": "ひだまりの郷岐阜訪問介護サービス【訪問介護】岐阜県岐阜市深坂１丁目３エステイトピア３Ｆ", "url": "https://www.kaigokensaku.mhlw.go.jp/21/index.php?action_kouhyou_detail_004_kani=true&JigyosyoCd=2170115998-00&ServiceCd=110&Type=search", "url2": "https://hidamari-no-sato.jp/" }, "geometry": { "type": "Point", "coordinates": [ 136.726234299999987, 35.4766846 ] } },
{ "type": "Feature", "properties": { "内容": "グリーンケアステーション【訪問介護】岐阜県岐阜市玉姓町1丁目10番地", "url": "https://www.kaigokensaku.mhlw.go.jp/21/index.php?action_kouhyou_detail_004_kani=true&JigyosyoCd=2170114702-00&ServiceCd=110&Type=search", "url2": "https://www.green-care-station.com" }, "geometry": { "type": "Point", "coordinates": [ 136.7547262, 35.4145828 ] } },
{ "type": "Feature", "properties": { "内容": "スマイルナーシング長良【訪問介護】岐阜県岐阜市菊水町1丁目21番", "url": "https://www.kaigokensaku.mhlw.go.jp/21/index.php?action_kouhyou_detail_004_kani=true&JigyosyoCd=2170114629-00&ServiceCd=110&Type=search", "url2": "http://smile-nursing.jp" }, "geometry": { "type": "Point", "coordinates": [ 136.7716227, 35.445304 ] } },
{ "type": "Feature", "properties": { "内容": "ライフ訪問介護【訪問介護】岐阜県岐阜市福光南町12-15", "url": "https://www.kaigokensaku.mhlw.go.jp/21/index.php?action_kouhyou_detail_004_kani=true&JigyosyoCd=2170114504-00&ServiceCd=110&Type=search", "url2": null }, "geometry": { "type": "Point", "coordinates": [ 136.7680849, 35.4471189 ] } },
{ "type": "Feature", "properties": { "内容": "からふる庭園芥見【訪問介護】岐阜県岐阜市芥見長山3丁目122番2", "url": "https://www.kaigokensaku.mhlw.go.jp/21/index.php?action_kouhyou_detail_004_kani=true&JigyosyoCd=2170115832-00&ServiceCd=110&Type=search", "url2": "https://colorfulgarden.jp/find-single/?pid=3754" }, "geometry": { "type": "Point", "coordinates": [ 136.849885099999966, 35.455119699999983 ] } },
{ "type": "Feature", "properties": { "内容": "ほうもんかいごきのさと【訪問介護】岐阜県岐阜市福富迎田７２番地", "url": "https://www.kaigokensaku.mhlw.go.jp/21/index.php?action_kouhyou_detail_004_kani=true&JigyosyoCd=2170116244-00&ServiceCd=110&Type=search", "url2": null }, "geometry": { "type": "Point", "coordinates": [ 136.8254541, 35.4767356 ] } },
{ "type": "Feature", "properties": { "内容": "ライフサポート【訪問介護】岐阜県岐阜市須賀３丁目１２番３８号", "url": "https://www.kaigokensaku.mhlw.go.jp/21/index.php?action_kouhyou_detail_004_kani=true&JigyosyoCd=2170116251-00&ServiceCd=110&Type=search", "url2": null }, "geometry": { "type": "Point", "coordinates": [ 136.7188448, 35.3860151 ] } },
{ "type": "Feature", "properties": { "内容": "からふるサポート東鶉【訪問介護】岐阜県岐阜市東鶉二丁目８０番地", "url": "https://www.kaigokensaku.mhlw.go.jp/21/index.php?action_kouhyou_detail_004_kani=true&JigyosyoCd=2170116269-00&ServiceCd=110&Type=search", "url2": "https://colorfulgarden.jp/" }, "geometry": { "type": "Point", "coordinates": [ 136.743256, 35.3842006 ] } },
{ "type": "Feature", "properties": { "内容": "特定非営利活動法人障害者自立センターつっかいぼう【訪問介護】岐阜県岐阜市小野607番地1", "url": "https://www.kaigokensaku.mhlw.go.jp/21/index.php?action_kouhyou_detail_004_kani=true&JigyosyoCd=2170113290-00&ServiceCd=110&Type=search", "url2": "https://tsukkaibo.com" }, "geometry": { "type": "Point", "coordinates": [ 136.713521505717694, 35.464406923925644 ] } },
{ "type": "Feature", "properties": { "内容": "いずみケアサービス【訪問介護】岐阜県岐⾩市領下６丁目８５−２高間堂ビル　３０３号室", "url": "https://www.kaigokensaku.mhlw.go.jp/21/index.php?action_kouhyou_detail_004_kani=true&JigyosyoCd=2170115865-00&ServiceCd=110&Type=search", "url2": null }, "geometry": { "type": "Point", "coordinates": [ 136.779876449018047, 35.405476103732909 ] } },
{ "type": "Feature", "properties": { "内容": "訪問介護スマイルナーシング黒野【訪問介護】岐阜県岐阜市下鵜飼1602-2", "url": "https://www.kaigokensaku.mhlw.go.jp/21/index.php?action_kouhyou_detail_004_kani=true&JigyosyoCd=2170114413-00&ServiceCd=110&Type=search", "url2": "http://smile-nursing.jp" }, "geometry": { "type": "Point", "coordinates": [ 136.716365612897533, 35.463028679067477 ] } },
{ "type": "Feature", "properties": { "内容": "ニチイライフケア岐阜六条訪問介護事業所【訪問介護】岐阜県岐阜市六条南3丁目4番13号", "url": "https://www.kaigokensaku.mhlw.go.jp/21/index.php?action_kouhyou_detail_004_kani=true&JigyosyoCd=2170115329-00&ServiceCd=110&Type=search", "url2": "https://www.nichii-carepalace.co.jp/shisetsu/area/gifu/nm_gifurokujyo.html" }, "geometry": { "type": "Point", "coordinates": [ 136.739026599999988, 35.3936163 ] } },
{ "type": "Feature", "properties": { "内容": "訪問介護リライブ六条【訪問介護】岐阜県岐阜市六条大溝3丁目5番９", "url": "https://www.kaigokensaku.mhlw.go.jp/21/index.php?action_kouhyou_detail_004_kani=true&JigyosyoCd=2170115600-00&ServiceCd=110&Type=search", "url2": "https://relive-care.com/" }, "geometry": { "type": "Point", "coordinates": [ 136.7368185, 35.3883965 ] } },
{ "type": "Feature", "properties": { "内容": "ひだまりの里【訪問介護】岐阜県岐阜市加納本石町3丁目1番地ひだまりの里　笑和", "url": "https://www.kaigokensaku.mhlw.go.jp/21/index.php?action_kouhyou_detail_004_kani=true&JigyosyoCd=2170110775-00&ServiceCd=110&Type=search", "url2": "https://www.enjoy-life-support.com/" }, "geometry": { "type": "Point", "coordinates": [ 136.748508500000071, 35.4038729 ] } },
{ "type": "Feature", "properties": { "内容": "まつの樹訪問介護事業所【訪問介護】岐阜県岐阜市北一色1丁目11番地16", "url": "https://www.kaigokensaku.mhlw.go.jp/21/index.php?action_kouhyou_detail_004_kani=true&JigyosyoCd=2170112649-00&ServiceCd=110&Type=search", "url2": "https://seiwa-care-s.com" }, "geometry": { "type": "Point", "coordinates": [ 136.786604300000022, 35.4182378 ] } },
{ "type": "Feature", "properties": { "内容": "ケアステーションあんじぇす岐阜南鶉【訪問介護】岐阜県岐阜市南鶉７丁目38-1", "url": "https://www.kaigokensaku.mhlw.go.jp/21/index.php?action_kouhyou_detail_004_kani=true&JigyosyoCd=2170115220-00&ServiceCd=110&Type=search", "url2": "https://www.t-s-i.jp/" }, "geometry": { "type": "Point", "coordinates": [ 136.725693010485458, 35.376742581314723 ] } },
{ "type": "Feature", "properties": { "内容": "合同会社　きょうあい【訪問介護】岐阜県大垣市神田町2丁目38モアメゾン神田1F", "url": "https://www.kaigokensaku.mhlw.go.jp/21/index.php?action_kouhyou_detail_004_kani=true&JigyosyoCd=2172102853-00&ServiceCd=110&Type=search", "url2": "http://hp.kaipoke.biz/5u6/index.html" }, "geometry": { "type": "Point", "coordinates": [ 136.6040137, 35.3601938 ] } },
{ "type": "Feature", "properties": { "内容": "訪問介護ステーションよいかん　墨俣【訪問介護】岐阜県大垣市墨俣町墨俣字東殿町302番地", "url": "https://www.kaigokensaku.mhlw.go.jp/21/index.php?action_kouhyou_detail_004_kani=true&JigyosyoCd=2172102531-00&ServiceCd=110&Type=search", "url2": null }, "geometry": { "type": "Point", "coordinates": [ 136.686943641681722, 35.366258217401601 ] } },
{ "type": "Feature", "properties": { "内容": "ほうもんかいごじぎょうしょふくくる【訪問介護】岐阜県大垣市浅草１丁目334-1コーポ向日葵Ⅱ103", "url": "https://www.kaigokensaku.mhlw.go.jp/21/index.php?action_kouhyou_detail_004_kani=true&JigyosyoCd=2172103117-00&ServiceCd=110&Type=search", "url2": null }, "geometry": { "type": "Point", "coordinates": [ 136.617045431066515, 35.310001803926539 ] } },
{ "type": "Feature", "properties": { "内容": "訪問介護ステーションふじの郷和合【訪問介護】大垣市開発町５丁目３ー１１", "url": "https://www.kaigokensaku.mhlw.go.jp/21/index.php?action_kouhyou_detail_004_kani=true&JigyosyoCd=2172103125-00&ServiceCd=110&Type=search", "url2": null }, "geometry": { "type": "Point", "coordinates": [ 136.6421458, 35.3822994 ] } },
{ "type": "Feature", "properties": { "内容": "訪問介護ひかり【訪問介護】岐阜県大垣市築捨町3丁目58サンビレッジ築捨206", "url": "https://www.kaigokensaku.mhlw.go.jp/21/index.php?action_kouhyou_detail_004_kani=true&JigyosyoCd=2172103182-00&ServiceCd=110&Type=search", "url2": null }, "geometry": { "type": "Point", "coordinates": [ 136.61867380000001, 35.3392481 ] } },
{ "type": "Feature", "properties": { "内容": "ラ・ポール【訪問介護】岐阜県大垣市東前3-29-8", "url": "https://www.kaigokensaku.mhlw.go.jp/21/index.php?action_kouhyou_detail_004_kani=true&JigyosyoCd=2172103232-00&ServiceCd=110&Type=search", "url2": null }, "geometry": { "type": "Point", "coordinates": [ 136.635223200000013, 35.347761 ] } },
{ "type": "Feature", "properties": { "内容": "アバンセ介護センターおおがき【訪問介護】岐阜県大垣市禾森町６丁目１４７３番１", "url": "https://www.kaigokensaku.mhlw.go.jp/21/index.php?action_kouhyou_detail_004_kani=true&JigyosyoCd=2172101814-00&ServiceCd=110&Type=search", "url2": "https://a-lifesupport.co.jp/" }, "geometry": { "type": "Point", "coordinates": [ 136.618363600000066, 35.3485829 ] } },
{ "type": "Feature", "properties": { "内容": "暖訪問介護事業所【訪問介護】岐阜県大垣市領家町2丁目132-3", "url": "https://www.kaigokensaku.mhlw.go.jp/21/index.php?action_kouhyou_detail_004_kani=true&JigyosyoCd=2172103273-00&ServiceCd=110&Type=search", "url2": "https://sono-gifu.amebaownd.com" }, "geometry": { "type": "Point", "coordinates": [ 136.619199985458408, 35.386263773373443 ] } },
{ "type": "Feature", "properties": { "内容": "ロータスケアサービス禾森【訪問介護】岐阜県大垣市禾森町５丁目８番地ロータスケアセンター大垣", "url": "https://www.kaigokensaku.mhlw.go.jp/21/index.php?action_kouhyou_detail_004_kani=true&JigyosyoCd=2172101806-00&ServiceCd=110&Type=search", "url2": "https://www.lifespt.co.jp" }, "geometry": { "type": "Point", "coordinates": [ 136.621726, 35.3513297 ] } },
{ "type": "Feature", "properties": { "内容": "株式会社新生メディカル大垣営業所【訪問介護】岐阜県大垣市南頬町1-118-1", "url": "https://www.kaigokensaku.mhlw.go.jp/21/index.php?action_kouhyou_detail_004_kani=true&JigyosyoCd=2172100071-00&ServiceCd=110&Type=search", "url2": "http://www.shinsei-md.jp/" }, "geometry": { "type": "Point", "coordinates": [ 136.62406265092622, 35.355816854359823 ] } },
{ "type": "Feature", "properties": { "内容": "大垣市社会福祉協議会　ホームヘルパー室【訪問介護】岐阜県大垣市今宿５－１－４在宅福祉サービスステーション", "url": "https://www.kaigokensaku.mhlw.go.jp/21/index.php?action_kouhyou_detail_004_kani=true&JigyosyoCd=2172100162-00&ServiceCd=110&Type=search", "url2": "http://www.ogakishakyo.or.jp" }, "geometry": { "type": "Point", "coordinates": [ 136.637961099999984, 35.3663421 ] } },
{ "type": "Feature", "properties": { "内容": "株式会社　ハートサービス【訪問介護】岐阜県大垣市矢道町1丁目23番地", "url": "https://www.kaigokensaku.mhlw.go.jp/21/index.php?action_kouhyou_detail_004_kani=true&JigyosyoCd=2172100196-00&ServiceCd=110&Type=search", "url2": "https://heart-gp.org/sv-top/" }, "geometry": { "type": "Point", "coordinates": [ 136.5568101, 35.3726199 ] } },
{ "type": "Feature", "properties": { "内容": "有限会社　大垣ケアサービス【訪問介護】岐阜県大垣市林町8-53", "url": "https://www.kaigokensaku.mhlw.go.jp/21/index.php?action_kouhyou_detail_004_kani=true&JigyosyoCd=2172100220-00&ServiceCd=110&Type=search", "url2": null }, "geometry": { "type": "Point", "coordinates": [ 136.62025159999996, 35.3750632 ] } },
{ "type": "Feature", "properties": { "内容": "大橋ケアサービス【訪問介護】岐阜県大垣市旭町３丁目１０番地旭ビル１Ｆ", "url": "https://www.kaigokensaku.mhlw.go.jp/21/index.php?action_kouhyou_detail_004_kani=true&JigyosyoCd=2172100238-00&ServiceCd=110&Type=search", "url2": "https://oohashi-care.jimdofree.com" }, "geometry": { "type": "Point", "coordinates": [ 136.627471843297371, 35.359078189577914 ] } },
{ "type": "Feature", "properties": { "内容": "大東ホームヘルプサービス【訪問介護】岐阜県大垣市東前１丁目７９番地", "url": "https://www.kaigokensaku.mhlw.go.jp/21/index.php?action_kouhyou_detail_004_kani=true&JigyosyoCd=2172100410-00&ServiceCd=110&Type=search", "url2": "http://www.294.or.jp" }, "geometry": { "type": "Point", "coordinates": [ 136.630231699999968, 35.3507245 ] } },
{ "type": "Feature", "properties": { "内容": "大垣タクシー株式会社【訪問介護】岐阜県大垣市藤江町５丁目１０５番地の２", "url": "https://www.kaigokensaku.mhlw.go.jp/21/index.php?action_kouhyou_detail_004_kani=true&JigyosyoCd=2172100543-00&ServiceCd=110&Type=search", "url2": "http://www.ogakitaxi.co.jp" }, "geometry": { "type": "Point", "coordinates": [ 136.624062500000036, 35.3610233 ] } },
{ "type": "Feature", "properties": { "内容": "あいあいケアサポート【訪問介護】岐阜県大垣市浅中2丁目116番地2", "url": "https://www.kaigokensaku.mhlw.go.jp/21/index.php?action_kouhyou_detail_004_kani=true&JigyosyoCd=2172100576-00&ServiceCd=110&Type=search", "url2": "http://www.nisimino.com" }, "geometry": { "type": "Point", "coordinates": [ 136.605758299999934, 35.3115953 ] } },
{ "type": "Feature", "properties": { "内容": "ジーバケアサービス【訪問介護】岐阜県大垣市二葉町８－２０", "url": "https://www.kaigokensaku.mhlw.go.jp/21/index.php?action_kouhyou_detail_004_kani=true&JigyosyoCd=2172100741-00&ServiceCd=110&Type=search", "url2": "https://jivahd.com/" }, "geometry": { "type": "Point", "coordinates": [ 136.633622899999978, 35.3571348 ] } },
{ "type": "Feature", "properties": { "内容": "パステルスマイル介護ステーション【訪問介護】岐阜県大垣市中野町２丁目７７番地", "url": "https://www.kaigokensaku.mhlw.go.jp/21/index.php?action_kouhyou_detail_004_kani=true&JigyosyoCd=2172100865-00&ServiceCd=110&Type=search", "url2": null }, "geometry": { "type": "Point", "coordinates": [ 136.606889700000011, 35.3794899 ] } },
{ "type": "Feature", "properties": { "内容": "ニチイケアセンターうるう【訪問介護】岐阜県大垣市熊野町4-118", "url": "https://www.kaigokensaku.mhlw.go.jp/21/index.php?action_kouhyou_detail_004_kani=true&JigyosyoCd=2172101012-00&ServiceCd=110&Type=search", "url2": "http://www.nichiigakkan.co.jp" }, "geometry": { "type": "Point", "coordinates": [ 136.5877398, 35.377234 ] } },
{ "type": "Feature", "properties": { "内容": "ヘルパーステーション・柚子【訪問介護】岐阜県大垣市外渕２－７９柚子壱番館", "url": "https://www.kaigokensaku.mhlw.go.jp/21/index.php?action_kouhyou_detail_004_kani=true&JigyosyoCd=2172101186-00&ServiceCd=110&Type=search", "url2": "http://yuzu.n-denken.co.jp/" }, "geometry": { "type": "Point", "coordinates": [ 136.611515199999985, 35.329046 ] } },
{ "type": "Feature", "properties": { "内容": "訪問介護ステーションハーブ【訪問介護】岐阜県大垣市新田町2丁目24番地１", "url": "https://www.kaigokensaku.mhlw.go.jp/21/index.php?action_kouhyou_detail_004_kani=true&JigyosyoCd=2172101509-00&ServiceCd=110&Type=search", "url2": "http://www.taiseikai.jp" }, "geometry": { "type": "Point", "coordinates": [ 136.623527, 35.3433504 ] } },
{ "type": "Feature", "properties": { "内容": "せいぶ訪問介護事業所【訪問介護】岐阜県大垣市島町249番地1", "url": "https://www.kaigokensaku.mhlw.go.jp/21/index.php?action_kouhyou_detail_004_kani=true&JigyosyoCd=2172101657-00&ServiceCd=110&Type=search", "url2": "seibu-kaigo-center.com" }, "geometry": { "type": "Point", "coordinates": [ 136.562090099999978, 35.3577662 ] } },
{ "type": "Feature", "properties": { "内容": "ニチイケアセンター大垣墨俣【訪問介護】岐阜県大垣市墨俣町墨俣452-1　2階", "url": "https://www.kaigokensaku.mhlw.go.jp/21/index.php?action_kouhyou_detail_004_kani=true&JigyosyoCd=2172101764-00&ServiceCd=110&Type=search", "url2": "http://www.nichiigakkan.co.jp" }, "geometry": { "type": "Point", "coordinates": [ 136.681999400000024, 35.363662109928129 ] } },
{ "type": "Feature", "properties": { "内容": "あみーごライフ大垣【訪問介護】岐阜県大垣市長沢町4-15有料老人ホーム　あみーご倶楽部大垣　内", "url": "https://www.kaigokensaku.mhlw.go.jp/21/index.php?action_kouhyou_detail_004_kani=true&JigyosyoCd=2172101913-00&ServiceCd=110&Type=search", "url2": "http://www.amigo-net.jp/" }, "geometry": { "type": "Point", "coordinates": [ 136.641916600000059, 35.3552934 ] } },
{ "type": "Feature", "properties": { "内容": "ヘルパーステーションけいた【訪問介護】岐阜県大垣市北方町3丁目729番地2F", "url": "https://www.kaigokensaku.mhlw.go.jp/21/index.php?action_kouhyou_detail_004_kani=true&JigyosyoCd=2172102010-00&ServiceCd=110&Type=search", "url2": "http://www.toukaifukushi.co.jp/" }, "geometry": { "type": "Point", "coordinates": [ 136.613323, 35.3988074 ] } },
{ "type": "Feature", "properties": { "内容": "訪問介護ステーションけあ・わーくす大垣【訪問介護】岐阜県大垣市枝郷5丁目42番地　貸店舗D", "url": "https://www.kaigokensaku.mhlw.go.jp/21/index.php?action_kouhyou_detail_004_kani=true&JigyosyoCd=2172102028-00&ServiceCd=110&Type=search", "url2": "http://www.careworks-ogaki.com" }, "geometry": { "type": "Point", "coordinates": [ 136.59641349783027, 35.39051491033738 ] } },
{ "type": "Feature", "properties": { "内容": "ケアサポート　志【訪問介護】岐阜県大垣市多芸島2丁目455番地", "url": "https://www.kaigokensaku.mhlw.go.jp/21/index.php?action_kouhyou_detail_004_kani=true&JigyosyoCd=2172102218-00&ServiceCd=110&Type=search", "url2": "https://www.kokoro0315.com/" }, "geometry": { "type": "Point", "coordinates": [ 136.593360946557596, 35.330948760942739 ] } },
{ "type": "Feature", "properties": { "内容": "沼口訪問介護ステーション　アミターユス【訪問介護】岐阜県大垣市笠木町386番地1メディカルシェアハウス　アミターバ内", "url": "https://www.kaigokensaku.mhlw.go.jp/21/index.php?action_kouhyou_detail_004_kani=true&JigyosyoCd=2172102440-00&ServiceCd=110&Type=search", "url2": "http://www.numaguchi-clinic.com" }, "geometry": { "type": "Point", "coordinates": [ 136.596050163279671, 35.377308220209095 ] } },
{ "type": "Feature", "properties": { "内容": "つくしケアサービス　さつき【訪問介護】岐阜県大垣市木戸町493-3", "url": "https://www.kaigokensaku.mhlw.go.jp/21/index.php?action_kouhyou_detail_004_kani=true&JigyosyoCd=2172102507-00&ServiceCd=110&Type=search", "url2": "http://www.adonislife.co.jp/" }, "geometry": { "type": "Point", "coordinates": [ 136.603341892954518, 35.365499547541496 ] } },
{ "type": "Feature", "properties": { "内容": "あみーごライフ大垣北【訪問介護】岐阜県大垣市小野1-129有料老人ホーム　あみーご倶楽部大垣別邸内", "url": "https://www.kaigokensaku.mhlw.go.jp/21/index.php?action_kouhyou_detail_004_kani=true&JigyosyoCd=2172102572-00&ServiceCd=110&Type=search", "url2": "http://www.amigo-net.jp" }, "geometry": { "type": "Point", "coordinates": [ 136.646455097119173, 35.370609098483691 ] } },
{ "type": "Feature", "properties": { "内容": "訪問介護事業所マグノリア大垣【訪問介護】岐阜県大垣市浅草3丁目37", "url": "https://www.kaigokensaku.mhlw.go.jp/21/index.php?action_kouhyou_detail_004_kani=true&JigyosyoCd=2172102614-00&ServiceCd=110&Type=search", "url2": null }, "geometry": { "type": "Point", "coordinates": [ 136.616478899999947, 35.310793 ] } },
{ "type": "Feature", "properties": { "内容": "絢の憩い訪問介護ステーション【訪問介護】岐阜県大垣市静里町310-1スマートハウス静里K棟", "url": "https://www.kaigokensaku.mhlw.go.jp/21/index.php?action_kouhyou_detail_004_kani=true&JigyosyoCd=2172102697-00&ServiceCd=110&Type=search", "url2": "http://hp.kaipoke.biz/uh0/" }, "geometry": { "type": "Point", "coordinates": [ 136.588969153442349, 35.358657754268563 ] } },
{ "type": "Feature", "properties": { "内容": "訪問介護ステーション三城【訪問介護】岐阜県大垣市東町4丁目45番地1高齢者福祉施設サンヴェール三城", "url": "https://www.kaigokensaku.mhlw.go.jp/21/index.php?action_kouhyou_detail_004_kani=true&JigyosyoCd=2172102754-00&ServiceCd=110&Type=search", "url2": "http://sunvale.net" }, "geometry": { "type": "Point", "coordinates": [ 136.64823487822639, 35.369834457986329 ] } },
{ "type": "Feature", "properties": { "内容": "あかつき訪問介護ステーション【訪問介護】岐阜県大垣市長松町1145ｰ1", "url": "https://www.kaigokensaku.mhlw.go.jp/21/index.php?action_kouhyou_detail_004_kani=true&JigyosyoCd=2172102770-00&ServiceCd=110&Type=search", "url2": "https://www.rennosato.com/" }, "geometry": { "type": "Point", "coordinates": [ 136.566667199999983, 35.363326900000018 ] } },
{ "type": "Feature", "properties": { "内容": "訪問介護事業所　けやき　小野【訪問介護】岐阜県大垣市小野3-13-1", "url": "https://www.kaigokensaku.mhlw.go.jp/21/index.php?action_kouhyou_detail_004_kani=true&JigyosyoCd=2172102788-00&ServiceCd=110&Type=search", "url2": "http://www.youth-care.jp" }, "geometry": { "type": "Point", "coordinates": [ 136.6426932, 35.3710155 ] } },
{ "type": "Feature", "properties": { "内容": "クルール大垣【訪問介護】岐阜県大垣市中野町2丁目65", "url": "https://www.kaigokensaku.mhlw.go.jp/21/index.php?action_kouhyou_detail_004_kani=true&JigyosyoCd=2172102820-00&ServiceCd=110&Type=search", "url2": "https://couleurcourt-okazaki.com/facility/ogaki.php" }, "geometry": { "type": "Point", "coordinates": [ 136.606395837295537, 35.380312193610031 ] } },
{ "type": "Feature", "properties": { "内容": "訪問介護事業所　けやき東町【訪問介護】岐阜県大垣市東町２－１３７－１", "url": "https://www.kaigokensaku.mhlw.go.jp/21/index.php?action_kouhyou_detail_004_kani=true&JigyosyoCd=2172102978-00&ServiceCd=110&Type=search", "url2": "http://www.youth-care.jp/service/azumatyo/" }, "geometry": { "type": "Point", "coordinates": [ 136.652716925829679, 35.367516312547522 ] } },
{ "type": "Feature", "properties": { "内容": "クルール大垣昼飯【訪問介護】昼飯町242", "url": "https://www.kaigokensaku.mhlw.go.jp/21/index.php?action_kouhyou_detail_004_kani=true&JigyosyoCd=2172103034-00&ServiceCd=110&Type=search", "url2": null }, "geometry": { "type": "Point", "coordinates": [ 136.5714414, 35.3901481 ] } },
{ "type": "Feature", "properties": { "内容": "まっくびーホームケア大垣【訪問介護】岐阜県大垣市和合本町2丁目607-2", "url": "https://www.kaigokensaku.mhlw.go.jp/21/index.php?action_kouhyou_detail_004_kani=true&JigyosyoCd=2172103059-00&ServiceCd=110&Type=search", "url2": "http://www.caniam.co.jp" }, "geometry": { "type": "Point", "coordinates": [ 136.645589199999961, 35.3734314 ] } },
{ "type": "Feature", "properties": { "内容": "訪問介護うらら【訪問介護】大垣市青墓町3丁目410番地1", "url": "https://www.kaigokensaku.mhlw.go.jp/21/index.php?action_kouhyou_detail_004_kani=true&JigyosyoCd=2172103067-00&ServiceCd=110&Type=search", "url2": null }, "geometry": { "type": "Point", "coordinates": [ 136.56401360000001, 35.3944889 ] } },
{ "type": "Feature", "properties": { "内容": "訪問介護ステーション悠ライフ大垣【訪問介護】岐阜県大垣市禾森町3丁目2102番地2", "url": "https://www.kaigokensaku.mhlw.go.jp/21/index.php?action_kouhyou_detail_004_kani=true&JigyosyoCd=2172103075-00&ServiceCd=110&Type=search", "url2": "https://kind-life-japan.com" }, "geometry": { "type": "Point", "coordinates": [ 136.6250825, 35.3507625 ] } },
{ "type": "Feature", "properties": { "内容": "訪問介護スマイルさつき【訪問介護】岐阜県大垣市枝郷3丁目19エル・ボナール枝郷105", "url": "https://www.kaigokensaku.mhlw.go.jp/21/index.php?action_kouhyou_detail_004_kani=true&JigyosyoCd=2172103091-00&ServiceCd=110&Type=search", "url2": null }, "geometry": { "type": "Point", "coordinates": [ 136.5931311, 35.3910137 ] } },
{ "type": "Feature", "properties": { "内容": "アクア大垣訪問介護【訪問介護】岐阜県大垣市浅草1丁目306番", "url": "https://www.kaigokensaku.mhlw.go.jp/21/index.php?action_kouhyou_detail_004_kani=true&JigyosyoCd=2172103141-00&ServiceCd=110&Type=search", "url2": null }, "geometry": { "type": "Point", "coordinates": [ 139.794926, 35.7121762 ] } },
{ "type": "Feature", "properties": { "内容": "訪問介護ステーションくつい大垣北【訪問介護】岐阜県大垣市室本町5丁目16番地シャトレーヌ北島１F東", "url": "https://www.kaigokensaku.mhlw.go.jp/21/index.php?action_kouhyou_detail_004_kani=true&JigyosyoCd=2172103158-00&ServiceCd=110&Type=search", "url2": "https://oraliss-kutsui.com/" }, "geometry": { "type": "Point", "coordinates": [ 136.60746420000001, 35.3655632 ] } },
{ "type": "Feature", "properties": { "内容": "医心館訪問介護ステーション大垣【訪問介護】岐阜県大垣市大井二丁目26-1", "url": "https://www.kaigokensaku.mhlw.go.jp/21/index.php?action_kouhyou_detail_004_kani=true&JigyosyoCd=2172103174-00&ServiceCd=110&Type=search", "url2": "www.amvis.com/" }, "geometry": { "type": "Point", "coordinates": [ 136.6302062, 35.3484744 ] } },
{ "type": "Feature", "properties": { "内容": "岐阜県大垣市中曽根町2番地2【訪問介護】岐阜県大垣市中曽根町2番地2", "url": "https://www.kaigokensaku.mhlw.go.jp/21/index.php?action_kouhyou_detail_004_kani=true&JigyosyoCd=2172103208-00&ServiceCd=110&Type=search", "url2": null }, "geometry": { "type": "Point", "coordinates": [ 136.577792706745953, 35.360539324477294 ] } },
{ "type": "Feature", "properties": { "内容": "訪問介護ステーションアクア【訪問介護】岐阜県大垣市静里町890-2", "url": "https://www.kaigokensaku.mhlw.go.jp/21/index.php?action_kouhyou_detail_004_kani=true&JigyosyoCd=2172103240-00&ServiceCd=110&Type=search", "url2": null }, "geometry": { "type": "Point", "coordinates": [ 136.592129199999988, 35.358129 ] } },
{ "type": "Feature", "properties": { "内容": "サフィール大垣　ケアステーション【訪問介護】岐阜県大垣市長沢町２丁目３７番地３", "url": "https://www.kaigokensaku.mhlw.go.jp/21/index.php?action_kouhyou_detail_004_kani=true&JigyosyoCd=2172103018-00&ServiceCd=110&Type=search", "url2": null }, "geometry": { "type": "Point", "coordinates": [ 136.6373599, 35.3549243 ] } },
{ "type": "Feature", "properties": { "内容": "訪問介護ステーションジョワ【訪問介護】岐阜県大垣市寺内町５丁目６６番地", "url": "https://www.kaigokensaku.mhlw.go.jp/21/index.php?action_kouhyou_detail_004_kani=true&JigyosyoCd=2172103315-00&ServiceCd=110&Type=search", "url2": "https://enemom.co.jp" }, "geometry": { "type": "Point", "coordinates": [ 136.6136716, 35.3564345 ] } },
{ "type": "Feature", "properties": { "内容": "訪問介護ステーションあっぱれ【訪問介護】岐阜県大垣市林町8丁目1394番地アクア大垣403号室", "url": "https://www.kaigokensaku.mhlw.go.jp/21/index.php?action_kouhyou_detail_004_kani=true&JigyosyoCd=2172103224-00&ServiceCd=110&Type=search", "url2": "https://zekkoucho-group.net/" }, "geometry": { "type": "Point", "coordinates": [ 136.619126, 35.3728193 ] } },
{ "type": "Feature", "properties": { "内容": "ヘルパーステーション島【訪問介護】岐阜県大垣市島町384-1", "url": "https://www.kaigokensaku.mhlw.go.jp/21/index.php?action_kouhyou_detail_004_kani=true&JigyosyoCd=2172103331-00&ServiceCd=110&Type=search", "url2": null }, "geometry": { "type": "Point", "coordinates": [ 136.5608071, 35.3550675 ] } },
{ "type": "Feature", "properties": { "内容": "訪問介護ステーションさいあい大垣【訪問介護】岐阜県大垣市静里用1171-1川瀬ビル1階", "url": "https://www.kaigokensaku.mhlw.go.jp/21/index.php?action_kouhyou_detail_004_kani=true&JigyosyoCd=2172103307-00&ServiceCd=110&Type=search", "url2": null }, "geometry": { "type": "Point", "coordinates": [ 136.592133, 35.3556614 ] } },
{ "type": "Feature", "properties": { "内容": "ニチイケアセンター和合【訪問介護】岐阜県大垣市和合本町1-893", "url": "https://www.kaigokensaku.mhlw.go.jp/21/index.php?action_kouhyou_detail_004_kani=true&JigyosyoCd=2172100527-00&ServiceCd=110&Type=search", "url2": "http://www.nichiigakkan.co.jp" }, "geometry": { "type": "Point", "coordinates": [ 136.645529799999963, 35.3759938 ] } },
{ "type": "Feature", "properties": { "内容": "ヒカリヘ訪問介護ステーション【訪問介護】岐阜県大垣市笠木町84番地8", "url": "https://www.kaigokensaku.mhlw.go.jp/21/index.php?action_kouhyou_detail_004_kani=true&JigyosyoCd=2172103190-00&ServiceCd=110&Type=search", "url2": "https://hikarie.life" }, "geometry": { "type": "Point", "coordinates": [ 136.6016062, 35.3756446 ] } },
{ "type": "Feature", "properties": { "内容": "介護ステーションみらい【訪問介護】岐阜県大垣市外渕4-92-2", "url": "https://www.kaigokensaku.mhlw.go.jp/21/index.php?action_kouhyou_detail_004_kani=true&JigyosyoCd=2172102101-00&ServiceCd=110&Type=search", "url2": "http://www.mirai-kouken.com/mirai.html" }, "geometry": { "type": "Point", "coordinates": [ 136.6209, 35.326394 ] } },
{ "type": "Feature", "properties": { "内容": "スイトタクシー介護サービス【訪問介護】岐阜県大垣市旭町３丁目１１番地", "url": "https://www.kaigokensaku.mhlw.go.jp/21/index.php?action_kouhyou_detail_004_kani=true&JigyosyoCd=2172100584-00&ServiceCd=110&Type=search", "url2": "http://www.seino.co.jp/suito/" }, "geometry": { "type": "Point", "coordinates": [ 136.626779, 35.3592124 ] } },
{ "type": "Feature", "properties": { "内容": "訪問介護ステーションAlile　Care【訪問介護】岐阜県大垣市興福地町1-66-2", "url": "https://www.kaigokensaku.mhlw.go.jp/21/index.php?action_kouhyou_detail_004_kani=true&JigyosyoCd=2172103000-00&ServiceCd=110&Type=search", "url2": "https://alile-gr.com/" }, "geometry": { "type": "Point", "coordinates": [ 136.601721, 35.392045700000018 ] } },
{ "type": "Feature", "properties": { "内容": "株式会社新生メディカル高山営業所【訪問介護】岐阜県高山市昭和町３丁目８０－６ファーストビル３階", "url": "https://www.kaigokensaku.mhlw.go.jp/21/index.php?action_kouhyou_detail_004_kani=true&JigyosyoCd=2172700011-00&ServiceCd=110&Type=search", "url2": "http://www.shinsei-md.jp/" }, "geometry": { "type": "Point", "coordinates": [ 137.2491453, 36.1470623 ] } },
{ "type": "Feature", "properties": { "内容": "ＪＡひだ在宅サービスステーション【訪問介護】岐阜県高山市冬頭町１４番地1", "url": "https://www.kaigokensaku.mhlw.go.jp/21/index.php?action_kouhyou_detail_004_kani=true&JigyosyoCd=2172700128-00&ServiceCd=110&Type=search", "url2": "https://www.ja₋hida.or.jp/" }, "geometry": { "type": "Point", "coordinates": [ 137.242718774838295, 36.16241008096349 ] } },
{ "type": "Feature", "properties": { "内容": "ホームヘルプサービスセンター南風園【訪問介護】岐阜県高山市千島町1257番地の２", "url": "https://www.kaigokensaku.mhlw.go.jp/21/index.php?action_kouhyou_detail_004_kani=true&JigyosyoCd=2172700169-00&ServiceCd=110&Type=search", "url2": "http://seitokukai.or.jp/nanpuen/" }, "geometry": { "type": "Point", "coordinates": [ 137.242385538657771, 36.115029889761992 ] } },
{ "type": "Feature", "properties": { "内容": "ニチイケアセンター高山【訪問介護】岐阜県高山市花岡町2-55-9飛騨ビル4F", "url": "https://www.kaigokensaku.mhlw.go.jp/21/index.php?action_kouhyou_detail_004_kani=true&JigyosyoCd=2172700268-00&ServiceCd=110&Type=search", "url2": "http://www.nichiigakkan.co.jp" }, "geometry": { "type": "Point", "coordinates": [ 137.251839600000039, 36.1449682 ] } },
{ "type": "Feature", "properties": { "内容": "鳩タクシー株式会社【訪問介護】岐阜県高山市天満町2丁目2丁目124-3", "url": "https://www.kaigokensaku.mhlw.go.jp/21/index.php?action_kouhyou_detail_004_kani=true&JigyosyoCd=2172700342-00&ServiceCd=110&Type=search", "url2": "http://www.hato-taxi.jp/" }, "geometry": { "type": "Point", "coordinates": [ 137.255744899999968, 36.1414547 ] } },
{ "type": "Feature", "properties": { "内容": "高山市福祉サービス公社指定訪問介護事業所【訪問介護】岐阜県高山市森下町１丁目２０８番地山王福祉センター", "url": "https://www.kaigokensaku.mhlw.go.jp/21/index.php?action_kouhyou_detail_004_kani=true&JigyosyoCd=2172700359-00&ServiceCd=110&Type=search", "url2": "http://www.takayamakousya.jp/" }, "geometry": { "type": "Point", "coordinates": [ 137.259186499999942, 36.1319422 ] } },
{ "type": "Feature", "properties": { "内容": "有限会社居宅介護事業所ヘルパーいちい【訪問介護】岐阜県高山市下之切町５７６番地", "url": "https://www.kaigokensaku.mhlw.go.jp/21/index.php?action_kouhyou_detail_004_kani=true&JigyosyoCd=2172700607-00&ServiceCd=110&Type=search", "url2": null }, "geometry": { "type": "Point", "coordinates": [ 137.2141987, 36.1466064 ] } },
{ "type": "Feature", "properties": { "内容": "ケアーサポート敬愛【訪問介護】岐阜県高山市昭和町1丁目135番地9", "url": "https://www.kaigokensaku.mhlw.go.jp/21/index.php?action_kouhyou_detail_004_kani=true&JigyosyoCd=2172700664-00&ServiceCd=110&Type=search", "url2": null }, "geometry": { "type": "Point", "coordinates": [ 137.248978800000032, 36.1421574 ] } },
{ "type": "Feature", "properties": { "内容": "ヘルパーステーションきりん【訪問介護】岐阜県高山市新宮町７９４喜林高山内", "url": "https://www.kaigokensaku.mhlw.go.jp/21/index.php?action_kouhyou_detail_004_kani=true&JigyosyoCd=2172700854-00&ServiceCd=110&Type=search", "url2": "http://www.kirin3.com" }, "geometry": { "type": "Point", "coordinates": [ 137.212715327755319, 36.136097071212205 ] } },
{ "type": "Feature", "properties": { "内容": "グレースヘルパーステーション【訪問介護】岐阜県高山市江名子町2980-1", "url": "https://www.kaigokensaku.mhlw.go.jp/21/index.php?action_kouhyou_detail_004_kani=true&JigyosyoCd=2172701019-00&ServiceCd=110&Type=search", "url2": "http://www.gracesenior-ena.com/" }, "geometry": { "type": "Point", "coordinates": [ 137.278076400000032, 36.1343507 ] } },
{ "type": "Feature", "properties": { "内容": "１番館ヘルパーステーション【訪問介護】岐阜県高山市新宮町851-1高齢者住宅２番館", "url": "https://www.kaigokensaku.mhlw.go.jp/21/index.php?action_kouhyou_detail_004_kani=true&JigyosyoCd=2172701100-00&ServiceCd=110&Type=search", "url2": "http://www.care21.or.jp" }, "geometry": { "type": "Point", "coordinates": [ 137.212025375054964, 36.131833331609656 ] } },
{ "type": "Feature", "properties": { "内容": "ケアサービス蘭花【訪問介護】岐阜県高山市国府町三川1145-2サービス付き高齢者住宅　蘭山内", "url": "https://www.kaigokensaku.mhlw.go.jp/21/index.php?action_kouhyou_detail_004_kani=true&JigyosyoCd=2172701266-00&ServiceCd=110&Type=search", "url2": null }, "geometry": { "type": "Point", "coordinates": [ 137.260335299999952, 36.1922821 ] } },
{ "type": "Feature", "properties": { "内容": "すみれ訪問介護サービス【訪問介護】岐阜県高山市下林町８３１－１", "url": "https://www.kaigokensaku.mhlw.go.jp/21/index.php?action_kouhyou_detail_004_kani=true&JigyosyoCd=2172701282-00&ServiceCd=110&Type=search", "url2": null }, "geometry": { "type": "Point", "coordinates": [ 137.22784181738831, 36.155325350334607 ] } },
{ "type": "Feature", "properties": { "内容": "ファインシニアけやきヘルパーステーション【訪問介護】岐阜県高山市昭和町3-180-1", "url": "https://www.kaigokensaku.mhlw.go.jp/21/index.php?action_kouhyou_detail_004_kani=true&JigyosyoCd=2172701456-00&ServiceCd=110&Type=search", "url2": null }, "geometry": { "type": "Point", "coordinates": [ 137.247992701852354, 36.147341107579045 ] } },
{ "type": "Feature", "properties": { "内容": "メディクス訪問介護事業所【訪問介護】岐阜県高山市岡本町４丁目３６８－２泉ビル", "url": "https://www.kaigokensaku.mhlw.go.jp/21/index.php?action_kouhyou_detail_004_kani=true&JigyosyoCd=2173000387-00&ServiceCd=110&Type=search", "url2": "http;//www.joyful-taxi.com" }, "geometry": { "type": "Point", "coordinates": [ 137.246807370623628, 36.152982441615386 ] } },
{ "type": "Feature", "properties": { "内容": "ドリームメット高山【訪問介護】岐阜県高山市下切町341", "url": "https://www.kaigokensaku.mhlw.go.jp/21/index.php?action_kouhyou_detail_004_kani=true&JigyosyoCd=2172701555-00&ServiceCd=110&Type=search", "url2": null }, "geometry": { "type": "Point", "coordinates": [ 137.25679414722137, 36.145753064953048 ] } },
{ "type": "Feature", "properties": { "内容": "けあらーず多治見指定訪問介護事業所【訪問介護】岐阜県多治見市生田町１丁目１８４番", "url": "https://www.kaigokensaku.mhlw.go.jp/21/index.php?action_kouhyou_detail_004_kani=true&JigyosyoCd=2171101369-00&ServiceCd=110&Type=search", "url2": "http://www.seramu.com/" }, "geometry": { "type": "Point", "coordinates": [ 137.137562, 35.3372442 ] } },
{ "type": "Feature", "properties": { "内容": "訪問介護事業所　パスライト【訪問介護】岐阜県多治見市金岡町一丁目８４番地の１ドムス金岡１０３号室", "url": "https://www.kaigokensaku.mhlw.go.jp/21/index.php?action_kouhyou_detail_004_kani=true&JigyosyoCd=2171102540-00&ServiceCd=110&Type=search", "url2": null }, "geometry": { "type": "Point", "coordinates": [ 137.1182651, 35.3429095 ] } },
{ "type": "Feature", "properties": { "内容": "訪問介護ステーションふくくる【訪問介護】岐阜県多治見市松坂町1-1-5", "url": "https://www.kaigokensaku.mhlw.go.jp/21/index.php?action_kouhyou_detail_004_kani=true&JigyosyoCd=2171102565-00&ServiceCd=110&Type=search", "url2": null }, "geometry": { "type": "Point", "coordinates": [ 137.093682199999989, 35.3659653 ] } },
{ "type": "Feature", "properties": { "内容": "社協たじみヘルパーステーション【訪問介護】岐阜県多治見市太平町4－47", "url": "https://www.kaigokensaku.mhlw.go.jp/21/index.php?action_kouhyou_detail_004_kani=true&JigyosyoCd=2171100171-00&ServiceCd=110&Type=search", "url2": "http://www.t-syakyo.or.jp/" }, "geometry": { "type": "Point", "coordinates": [ 137.112905227586737, 35.335018425539246 ] } },
{ "type": "Feature", "properties": { "内容": "株式会社新生メディカル多治見営業所【訪問介護】岐阜県多治見市白山町1丁目２３８番地", "url": "https://www.kaigokensaku.mhlw.go.jp/21/index.php?action_kouhyou_detail_004_kani=true&JigyosyoCd=2171100304-00&ServiceCd=110&Type=search", "url2": "http://www.shinsei-md.jp/" }, "geometry": { "type": "Point", "coordinates": [ 137.12105164575496, 35.33693994158309 ] } },
{ "type": "Feature", "properties": { "内容": "ニチイケアセンター多治見【訪問介護】岐阜県多治見市赤坂町１－６５", "url": "https://www.kaigokensaku.mhlw.go.jp/21/index.php?action_kouhyou_detail_004_kani=true&JigyosyoCd=2171100312-00&ServiceCd=110&Type=search", "url2": "http://www.nichiigakkan.co.jp/" }, "geometry": { "type": "Point", "coordinates": [ 137.103532099999939, 35.3426559 ] } },
{ "type": "Feature", "properties": { "内容": "特定非営利活動法人在宅支援グループみんなの手【訪問介護】岐阜県多治見市根本町3-90", "url": "https://www.kaigokensaku.mhlw.go.jp/21/index.php?action_kouhyou_detail_004_kani=true&JigyosyoCd=2171100379-00&ServiceCd=110&Type=search", "url2": "https://minnanote-gifu.com/" }, "geometry": { "type": "Point", "coordinates": [ 137.088511954556139, 35.360929055125879 ] } },
{ "type": "Feature", "properties": { "内容": "ビアンカヘルパーステーション【訪問介護】岐阜県多治見市上山町1-97-2", "url": "https://www.kaigokensaku.mhlw.go.jp/21/index.php?action_kouhyou_detail_004_kani=true&JigyosyoCd=2171100643-00&ServiceCd=110&Type=search", "url2": "https://bitokukai.com" }, "geometry": { "type": "Point", "coordinates": [ 137.137680053442409, 35.339536720246031 ] } },
{ "type": "Feature", "properties": { "内容": "そふとケア【訪問介護】岐阜県多治見市滝呂町１４丁目７番地", "url": "https://www.kaigokensaku.mhlw.go.jp/21/index.php?action_kouhyou_detail_004_kani=true&JigyosyoCd=2171100957-00&ServiceCd=110&Type=search", "url2": "http://with-soft.com/contents/globalnav1182241681734.html" }, "geometry": { "type": "Point", "coordinates": [ 137.1463642, 35.3130666 ] } },
{ "type": "Feature", "properties": { "内容": "ニチイケアセンター太平町【訪問介護】岐阜県多治見市太平町1丁目70-1", "url": "https://www.kaigokensaku.mhlw.go.jp/21/index.php?action_kouhyou_detail_004_kani=true&JigyosyoCd=2171101138-00&ServiceCd=110&Type=search", "url2": "http://www.nichiigakkan.co.jp" }, "geometry": { "type": "Point", "coordinates": [ 137.114389399999936, 35.3330742 ] } },
{ "type": "Feature", "properties": { "内容": "ヘルパーステーションあらいふ風花【訪問介護】岐阜県多治見市松坂町2丁目23番地の1", "url": "https://www.kaigokensaku.mhlw.go.jp/21/index.php?action_kouhyou_detail_004_kani=true&JigyosyoCd=2171101484-00&ServiceCd=110&Type=search", "url2": null }, "geometry": { "type": "Point", "coordinates": [ 137.088202700000011, 35.366103 ] } },
{ "type": "Feature", "properties": { "内容": "訪問介護こざん庵【訪問介護】岐阜県多治見市虎渓山町6丁目15-1", "url": "https://www.kaigokensaku.mhlw.go.jp/21/index.php?action_kouhyou_detail_004_kani=true&JigyosyoCd=2171101542-00&ServiceCd=110&Type=search", "url2": null }, "geometry": { "type": "Point", "coordinates": [ 137.13453979999997, 35.3531507 ] } },
{ "type": "Feature", "properties": { "内容": "あいあるヘルパーステーション【訪問介護】岐阜県多治見市赤坂町2丁目101-1", "url": "https://www.kaigokensaku.mhlw.go.jp/21/index.php?action_kouhyou_detail_004_kani=true&JigyosyoCd=2171101559-00&ServiceCd=110&Type=search", "url2": "https://e-needs.jp/index.html" }, "geometry": { "type": "Point", "coordinates": [ 137.10478187397112, 35.341206646676994 ] } },
{ "type": "Feature", "properties": { "内容": "訪問介護コミケア【訪問介護】岐阜県多治見市虎渓山町5-30-1", "url": "https://www.kaigokensaku.mhlw.go.jp/21/index.php?action_kouhyou_detail_004_kani=true&JigyosyoCd=2171101625-00&ServiceCd=110&Type=search", "url2": "http://www.hotto.co.jp" }, "geometry": { "type": "Point", "coordinates": [ 137.129559686235837, 35.350235502713538 ] } },
{ "type": "Feature", "properties": { "内容": "訪問介護ステーションあさひ慶の家【訪問介護】岐阜県多治見市旭ヶ丘1丁目86番地の7住宅型有料老人ホーム慶の家２F・ヘルパーステーション", "url": "https://www.kaigokensaku.mhlw.go.jp/21/index.php?action_kouhyou_detail_004_kani=true&JigyosyoCd=2171101666-00&ServiceCd=110&Type=search", "url2": "https://dreamfield.info" }, "geometry": { "type": "Point", "coordinates": [ 137.097047417196677, 35.366145186698702 ] } },
{ "type": "Feature", "properties": { "内容": "ニチイケアセンターたきろ【訪問介護】岐阜県多治見市滝呂町１０丁目５７番地滝呂陶磁器工業協同組合ビル2F", "url": "https://www.kaigokensaku.mhlw.go.jp/21/index.php?action_kouhyou_detail_004_kani=true&JigyosyoCd=2171101831-00&ServiceCd=110&Type=search", "url2": "http://ｗｗｗ.nichiigakkan.co.jp" }, "geometry": { "type": "Point", "coordinates": [ 137.143781100000069, 35.3143357 ] } },
{ "type": "Feature", "properties": { "内容": "陶の里ヘルパーステーション【訪問介護】岐阜県多治見市大畑町西仲根3-6", "url": "https://www.kaigokensaku.mhlw.go.jp/21/index.php?action_kouhyou_detail_004_kani=true&JigyosyoCd=2171101906-00&ServiceCd=110&Type=search", "url2": "http://www.athome-tounosato.com/" }, "geometry": { "type": "Point", "coordinates": [ 137.128488535581937, 35.314587424045101 ] } },
{ "type": "Feature", "properties": { "内容": "アバンセ介護センターたじみ【訪問介護】岐阜県多治見市前畑町2丁目27番地四季彩多治見", "url": "https://www.kaigokensaku.mhlw.go.jp/21/index.php?action_kouhyou_detail_004_kani=true&JigyosyoCd=2171102037-00&ServiceCd=110&Type=search", "url2": null }, "geometry": { "type": "Point", "coordinates": [ 137.1181196, 35.3314135 ] } },
{ "type": "Feature", "properties": { "内容": "ヘルパーステーション　クラレ【訪問介護】岐阜県多治見市京町2-181ハート・京町", "url": "https://www.kaigokensaku.mhlw.go.jp/21/index.php?action_kouhyou_detail_004_kani=true&JigyosyoCd=2171102060-00&ServiceCd=110&Type=search", "url2": "https://www.mtec-hp.com/kurarey/" }, "geometry": { "type": "Point", "coordinates": [ 137.128194589363119, 35.325243264098717 ] } },
{ "type": "Feature", "properties": { "内容": "五十鈴訪問介護【訪問介護】岐阜県多治見市栄町二丁目26番地小池ビル　３FＢ", "url": "https://www.kaigokensaku.mhlw.go.jp/21/index.php?action_kouhyou_detail_004_kani=true&JigyosyoCd=2171102094-00&ServiceCd=110&Type=search", "url2": "https://isuzukaigo.wixsite.com/mysite" }, "geometry": { "type": "Point", "coordinates": [ 137.122108, 35.3335329 ] } },
{ "type": "Feature", "properties": { "内容": "ヘルパーステーションたから【訪問介護】岐阜県多治見市宝町8-35H&N　宝慈苑", "url": "https://www.kaigokensaku.mhlw.go.jp/21/index.php?action_kouhyou_detail_004_kani=true&JigyosyoCd=2171102185-00&ServiceCd=110&Type=search", "url2": "https://hn-hd.com/" }, "geometry": { "type": "Point", "coordinates": [ 137.1089842, 35.343814400000035 ] } },
{ "type": "Feature", "properties": { "内容": "訪問介護ステーションひまわり【訪問介護】岐阜県多治見市旭ヶ丘7丁目12-12住宅型有料老人ホームひまわり生楽館", "url": "https://www.kaigokensaku.mhlw.go.jp/21/index.php?action_kouhyou_detail_004_kani=true&JigyosyoCd=2171102284-00&ServiceCd=110&Type=search", "url2": null }, "geometry": { "type": "Point", "coordinates": [ 137.099823199475139, 35.366246364969186 ] } },
{ "type": "Feature", "properties": { "内容": "ささえーる共生ケア【訪問介護】岐阜県多治見市星ケ台1丁目5番地16", "url": "https://www.kaigokensaku.mhlw.go.jp/21/index.php?action_kouhyou_detail_004_kani=true&JigyosyoCd=2171102292-00&ServiceCd=110&Type=search", "url2": "https://kokeizan.jp" }, "geometry": { "type": "Point", "coordinates": [ 137.137553993554633, 35.327628944335437 ] } },
{ "type": "Feature", "properties": { "内容": "ヘルパーステーション　クローバー【訪問介護】岐阜県多治見市幸町4-41-5", "url": "https://www.kaigokensaku.mhlw.go.jp/21/index.php?action_kouhyou_detail_004_kani=true&JigyosyoCd=2171102334-00&ServiceCd=110&Type=search", "url2": null }, "geometry": { "type": "Point", "coordinates": [ 137.1356034, 35.3557865 ] } },
{ "type": "Feature", "properties": { "内容": "ヘルパーステーションだいふく【訪問介護】岐阜県多治見市小名田町6丁目265ヘルパーステーションだいふく", "url": "https://www.kaigokensaku.mhlw.go.jp/21/index.php?action_kouhyou_detail_004_kani=true&JigyosyoCd=2171102391-00&ServiceCd=110&Type=search", "url2": "https://daifuku-kaigo.com/" }, "geometry": { "type": "Point", "coordinates": [ 137.1355082, 35.3648505 ] } },
{ "type": "Feature", "properties": { "内容": "めぐみ訪問介護センター【訪問介護】岐阜県多治見市田代町2丁目72コーポイレブン902", "url": "https://www.kaigokensaku.mhlw.go.jp/21/index.php?action_kouhyou_detail_004_kani=true&JigyosyoCd=2171102458-00&ServiceCd=110&Type=search", "url2": null }, "geometry": { "type": "Point", "coordinates": [ 137.11782740000001, 35.3318919 ] } },
{ "type": "Feature", "properties": { "内容": "ヘルパーステーション　優心多治見【訪問介護】岐阜県多治見市池田町8丁目119－3", "url": "https://www.kaigokensaku.mhlw.go.jp/21/index.php?action_kouhyou_detail_004_kani=true&JigyosyoCd=2171102466-00&ServiceCd=110&Type=search", "url2": "https://chappie.kaigo-around.co.jp/" }, "geometry": { "type": "Point", "coordinates": [ 137.105384, 35.3281881 ] } },
{ "type": "Feature", "properties": { "内容": "医心館訪問介護ステーション多治見【訪問介護】岐阜県多治見市太平町六丁目39番", "url": "https://www.kaigokensaku.mhlw.go.jp/21/index.php?action_kouhyou_detail_004_kani=true&JigyosyoCd=2171102516-00&ServiceCd=110&Type=search", "url2": null }, "geometry": { "type": "Point", "coordinates": [ 137.109721799999988, 35.3374285 ] } },
{ "type": "Feature", "properties": { "内容": "ＳＧ訪問介護ステーション【訪問介護】岐阜県多治見市本町5丁目15-2ハイツ本町　Ｃ室", "url": "https://www.kaigokensaku.mhlw.go.jp/21/index.php?action_kouhyou_detail_004_kani=true&JigyosyoCd=2171102524-00&ServiceCd=110&Type=search", "url2": null }, "geometry": { "type": "Point", "coordinates": [ 137.131434799999965, 35.3347116 ] } },
{ "type": "Feature", "properties": { "内容": "訪問介護事業所　ひなたの風　多治見営業所【訪問介護】岐阜県多治見市笠原町1647-314", "url": "https://www.kaigokensaku.mhlw.go.jp/21/index.php?action_kouhyou_detail_004_kani=true&JigyosyoCd=2171102417-00&ServiceCd=110&Type=search", "url2": "https://hinatanokaze.com/" }, "geometry": { "type": "Point", "coordinates": [ 137.166800073016361, 35.312958632207035 ] } },
{ "type": "Feature", "properties": { "内容": "株式会社YUKAIGO　訪問介護ステーション住ま居る【訪問介護】岐阜県多治見市笠原町2455-41", "url": "https://www.kaigokensaku.mhlw.go.jp/21/index.php?action_kouhyou_detail_004_kani=true&JigyosyoCd=2171101864-00&ServiceCd=110&Type=search", "url2": "https://www.smile-tajimi.com/" }, "geometry": { "type": "Point", "coordinates": [ 137.166782425273794, 35.317467810202238 ] } },
{ "type": "Feature", "properties": { "内容": "介護クラーク多治見【訪問介護】岐阜県多治見市音羽町2丁目22-1", "url": "https://www.kaigokensaku.mhlw.go.jp/21/index.php?action_kouhyou_detail_004_kani=true&JigyosyoCd=2171102326-00&ServiceCd=110&Type=search", "url2": null }, "geometry": { "type": "Point", "coordinates": [ 137.1174393, 35.3346595 ] } },
{ "type": "Feature", "properties": { "内容": "ライフサポート　花もも【訪問介護】岐阜県多治見市笠原町3229番地の１", "url": "https://www.kaigokensaku.mhlw.go.jp/21/index.php?action_kouhyou_detail_004_kani=true&JigyosyoCd=2171101609-00&ServiceCd=110&Type=search", "url2": "http://hanamomo.kaigo24.net/" }, "geometry": { "type": "Point", "coordinates": [ 137.1606021, 35.2953416 ] } },
{ "type": "Feature", "properties": { "内容": "しずくケア【訪問介護】岐阜県多治見市星ケ台３丁目２３番地の３８", "url": "https://www.kaigokensaku.mhlw.go.jp/21/index.php?action_kouhyou_detail_004_kani=true&JigyosyoCd=2171102581-00&ServiceCd=110&Type=search", "url2": null }, "geometry": { "type": "Point", "coordinates": [ 137.1399285, 35.3264807 ] } },
{ "type": "Feature", "properties": { "内容": "ヘルパーステーションふくの【訪問介護】岐阜県関市中福野町5-22", "url": "https://www.kaigokensaku.mhlw.go.jp/21/index.php?action_kouhyou_detail_004_kani=true&JigyosyoCd=2170200972-00&ServiceCd=110&Type=search", "url2": null }, "geometry": { "type": "Point", "coordinates": [ 136.9032879, 35.4870691 ] } },
{ "type": "Feature", "properties": { "内容": "ヘルパーステーション　ハート・セキ【訪問介護】岐阜県関市塔ノ洞2601", "url": "https://www.kaigokensaku.mhlw.go.jp/21/index.php?action_kouhyou_detail_004_kani=true&JigyosyoCd=2170201608-00&ServiceCd=110&Type=search", "url2": null }, "geometry": { "type": "Point", "coordinates": [ 136.9407678, 35.4969468 ] } },
{ "type": "Feature", "properties": { "内容": "ＪＡめぐみの介護サービス中濃営業所【訪問介護】岐阜県関市若草通１丁目１番地", "url": "https://www.kaigokensaku.mhlw.go.jp/21/index.php?action_kouhyou_detail_004_kani=true&JigyosyoCd=2170200311-00&ServiceCd=110&Type=search", "url2": "http://www.ja-megumino.or.jp" }, "geometry": { "type": "Point", "coordinates": [ 136.91397, 35.4967988 ] } },
{ "type": "Feature", "properties": { "内容": "ほほえみ訪問介護事業所【訪問介護】岐阜県関市稲口845番地", "url": "https://www.kaigokensaku.mhlw.go.jp/21/index.php?action_kouhyou_detail_004_kani=true&JigyosyoCd=2170200378-00&ServiceCd=110&Type=search", "url2": "https://www.hohoemi.or.jp" }, "geometry": { "type": "Point", "coordinates": [ 136.9268002, 35.4699162 ] } },
{ "type": "Feature", "properties": { "内容": "ニチイケアセンター関池田【訪問介護】岐阜県関市池田町２６－２", "url": "https://www.kaigokensaku.mhlw.go.jp/21/index.php?action_kouhyou_detail_004_kani=true&JigyosyoCd=2170200402-00&ServiceCd=110&Type=search", "url2": "http://www.nichiigakkan.co.jp" }, "geometry": { "type": "Point", "coordinates": [ 136.898838, 35.4970567 ] } },
{ "type": "Feature", "properties": { "内容": "ケアセンターあすなろ【訪問介護】岐阜県関市池尻913-3", "url": "https://www.kaigokensaku.mhlw.go.jp/21/index.php?action_kouhyou_detail_004_kani=true&JigyosyoCd=2170200659-00&ServiceCd=110&Type=search", "url2": null }, "geometry": { "type": "Point", "coordinates": [ 136.875817699999971, 35.5030386 ] } },
{ "type": "Feature", "properties": { "内容": "指定訪問介護事業所ハートタウン平成の杜【訪問介護】岐阜県関市中之保4517-2", "url": "https://www.kaigokensaku.mhlw.go.jp/21/index.php?action_kouhyou_detail_004_kani=true&JigyosyoCd=2170200691-00&ServiceCd=110&Type=search", "url2": "http://www.daiwa-center.jp/" }, "geometry": { "type": "Point", "coordinates": [ 137.026583142372147, 35.573222529442631 ] } },
{ "type": "Feature", "properties": { "内容": "にっけん介護関ケアセンター【訪問介護】岐阜県関市宮地町5-6旭ヶ丘総合ビル1F", "url": "https://www.kaigokensaku.mhlw.go.jp/21/index.php?action_kouhyou_detail_004_kani=true&JigyosyoCd=2170200956-00&ServiceCd=110&Type=search", "url2": "https://www.gifu-healthmedical.jp/" }, "geometry": { "type": "Point", "coordinates": [ 136.928027499999985, 35.4814899 ] } },
{ "type": "Feature", "properties": { "内容": "ライフケアあすか【訪問介護】岐阜県関市下有知5217番地1", "url": "https://www.kaigokensaku.mhlw.go.jp/21/index.php?action_kouhyou_detail_004_kani=true&JigyosyoCd=2170201020-00&ServiceCd=110&Type=search", "url2": null }, "geometry": { "type": "Point", "coordinates": [ 136.910189599999967, 35.5063503 ] } },
{ "type": "Feature", "properties": { "内容": "ヘルパーステーション温咲南【訪問介護】岐阜県関市西田原112番地1", "url": "https://www.kaigokensaku.mhlw.go.jp/21/index.php?action_kouhyou_detail_004_kani=true&JigyosyoCd=2170201087-00&ServiceCd=110&Type=search", "url2": "https://happy-end-gift.com" }, "geometry": { "type": "Point", "coordinates": [ 136.941512362515823, 35.465523361117555 ] } },
{ "type": "Feature", "properties": { "内容": "ケアセンター下有知【訪問介護】岐阜県関市下有知4706番地", "url": "https://www.kaigokensaku.mhlw.go.jp/21/index.php?action_kouhyou_detail_004_kani=true&JigyosyoCd=2170201327-00&ServiceCd=110&Type=search", "url2": "http://www.chitokukai.or.jp" }, "geometry": { "type": "Point", "coordinates": [ 136.911417602262901, 35.499081127300741 ] } },
{ "type": "Feature", "properties": { "内容": "ニチイケアセンター南関【訪問介護】岐阜県関市山田74番地1ハイムＦ102号室", "url": "https://www.kaigokensaku.mhlw.go.jp/21/index.php?action_kouhyou_detail_004_kani=true&JigyosyoCd=2170201483-00&ServiceCd=110&Type=search", "url2": "https://www.nichiigakkan.co.jp" }, "geometry": { "type": "Point", "coordinates": [ 136.860467400000061, 35.4695749 ] } },
{ "type": "Feature", "properties": { "内容": "ヘルパーステーションあい【訪問介護】岐阜県関市下白金３３８番地１３", "url": "https://www.kaigokensaku.mhlw.go.jp/21/index.php?action_kouhyou_detail_004_kani=true&JigyosyoCd=2170201566-00&ServiceCd=110&Type=search", "url2": null }, "geometry": { "type": "Point", "coordinates": [ 136.8537278, 35.4737538 ] } },
{ "type": "Feature", "properties": { "内容": "いたばしヘルパーステーション【訪問介護】岐阜県関市小屋名1259‐2", "url": "https://www.kaigokensaku.mhlw.go.jp/21/index.php?action_kouhyou_detail_004_kani=true&JigyosyoCd=2170201673-00&ServiceCd=110&Type=search", "url2": null }, "geometry": { "type": "Point", "coordinates": [ 136.8818557693115, 35.487037465149854 ] } },
{ "type": "Feature", "properties": { "内容": "ケアリール訪問介護事業所　下有知【訪問介護】岐阜県関市下有知今宮2811-3", "url": "https://www.kaigokensaku.mhlw.go.jp/21/index.php?action_kouhyou_detail_004_kani=true&JigyosyoCd=2170201681-00&ServiceCd=110&Type=search", "url2": "https://niceman-care.com/" }, "geometry": { "type": "Point", "coordinates": [ 136.907165180426034, 35.522455381124075 ] } },
{ "type": "Feature", "properties": { "内容": "平成会フルサポート訪問介護事業所【訪問介護】岐阜県関市市平賀566-4", "url": "https://www.kaigokensaku.mhlw.go.jp/21/index.php?action_kouhyou_detail_004_kani=true&JigyosyoCd=2170201699-00&ServiceCd=110&Type=search", "url2": null }, "geometry": { "type": "Point", "coordinates": [ 136.9504921, 35.484687 ] } },
{ "type": "Feature", "properties": { "内容": "医心館訪問介護ステーション関中央【訪問介護】岐阜県関市平成通二丁目6番18号", "url": "https://www.kaigokensaku.mhlw.go.jp/21/index.php?action_kouhyou_detail_004_kani=true&JigyosyoCd=2170201707-00&ServiceCd=110&Type=search", "url2": null }, "geometry": { "type": "Point", "coordinates": [ 136.936529799999988, 35.4705689 ] } },
{ "type": "Feature", "properties": { "内容": "あかりケアステーション【訪問介護】岐阜県関市山田1345-6パークタウンⅠ　１０３号", "url": "https://www.kaigokensaku.mhlw.go.jp/21/index.php?action_kouhyou_detail_004_kani=true&JigyosyoCd=2170201632-00&ServiceCd=110&Type=search", "url2": "https://www.akari-care.com" }, "geometry": { "type": "Point", "coordinates": [ 136.870692, 35.4680905 ] } },
{ "type": "Feature", "properties": { "内容": "訪問介護事業所　うらら【訪問介護】岐阜県関市山田８３３番地１", "url": "https://www.kaigokensaku.mhlw.go.jp/21/index.php?action_kouhyou_detail_004_kani=true&JigyosyoCd=2170201558-00&ServiceCd=110&Type=search", "url2": null }, "geometry": { "type": "Point", "coordinates": [ 136.861507570716867, 35.468727147258043 ] } },
{ "type": "Feature", "properties": { "内容": "訪問介護事業所　くらら【訪問介護】岐阜県関市山田1045-22", "url": "https://www.kaigokensaku.mhlw.go.jp/21/index.php?action_kouhyou_detail_004_kani=true&JigyosyoCd=2170201301-00&ServiceCd=110&Type=search", "url2": "https://yellowsakura.jp/" }, "geometry": { "type": "Point", "coordinates": [ 136.862169575532533, 35.468639232162246 ] } },
{ "type": "Feature", "properties": { "内容": "ニチイケアセンター中津川【訪問介護】岐阜県中津川市中津川字新田1270-1", "url": "https://www.kaigokensaku.mhlw.go.jp/21/index.php?action_kouhyou_detail_004_kani=true&JigyosyoCd=2171500164-00&ServiceCd=110&Type=search", "url2": "ｈｓｔＥ１５＠ｎｉｃｈｉｉｇａｋｋａｎ．ｃｏ．ｊｐ" }, "geometry": { "type": "Point", "coordinates": [ 137.51225905697774, 35.496205359824714 ] } },
{ "type": "Feature", "properties": { "内容": "中津川ナーシングピア訪問介護センター【訪問介護】岐阜県中津川市茄子川1683-1196", "url": "https://www.kaigokensaku.mhlw.go.jp/21/index.php?action_kouhyou_detail_004_kani=true&JigyosyoCd=2171500172-00&ServiceCd=110&Type=search", "url2": "http://www.nursingpia.com/" }, "geometry": { "type": "Point", "coordinates": [ 137.476529477909821, 35.464231637392189 ] } },
{ "type": "Feature", "properties": { "内容": "中津川市社会福祉協議会訪問介護事業所【訪問介護】岐阜県中津川市付知町5881番地３２付知福祉センター内", "url": "https://www.kaigokensaku.mhlw.go.jp/21/index.php?action_kouhyou_detail_004_kani=true&JigyosyoCd=2171500545-00&ServiceCd=110&Type=search", "url2": null }, "geometry": { "type": "Point", "coordinates": [ 137.42947879999997, 35.6603756 ] } },
{ "type": "Feature", "properties": { "内容": "ニチイケアセンターみの坂本【訪問介護】岐阜県中津川市千旦林118-84ISHIXビル　西棟1F", "url": "https://www.kaigokensaku.mhlw.go.jp/21/index.php?action_kouhyou_detail_004_kani=true&JigyosyoCd=2171500875-00&ServiceCd=110&Type=search", "url2": "http://www.nichiigakkan.co.jp" }, "geometry": { "type": "Point", "coordinates": [ 137.480716900000061, 35.4757206 ] } },
{ "type": "Feature", "properties": { "内容": "シクラメンヘルパーセンター【訪問介護】岐阜県中津川市阿木2811番地の1", "url": "https://www.kaigokensaku.mhlw.go.jp/21/index.php?action_kouhyou_detail_004_kani=true&JigyosyoCd=2171501097-00&ServiceCd=110&Type=search", "url2": null }, "geometry": { "type": "Point", "coordinates": [ 137.447185900000022, 35.4092996 ] } },
{ "type": "Feature", "properties": { "内容": "訪問介護ステーションあおぞら【訪問介護】岐阜県中津川市高山1917番地69", "url": "https://www.kaigokensaku.mhlw.go.jp/21/index.php?action_kouhyou_detail_004_kani=true&JigyosyoCd=2171501196-00&ServiceCd=110&Type=search", "url2": null }, "geometry": { "type": "Point", "coordinates": [ 137.439070368857614, 35.528040733967408 ] } },
{ "type": "Feature", "properties": { "内容": "ニチイケアセンター坂本【訪問介護】岐阜県中津川市茄子川字坂本1499-33", "url": "https://www.kaigokensaku.mhlw.go.jp/21/index.php?action_kouhyou_detail_004_kani=true&JigyosyoCd=2171501287-00&ServiceCd=110&Type=search", "url2": "http://www.nichiigakkan.co.jp." }, "geometry": { "type": "Point", "coordinates": [ 137.455194, 35.470838 ] } },
{ "type": "Feature", "properties": { "内容": "ツクイ中津川【訪問介護】岐阜県中津川市手賀野175-16", "url": "https://www.kaigokensaku.mhlw.go.jp/21/index.php?action_kouhyou_detail_004_kani=true&JigyosyoCd=2171501329-00&ServiceCd=110&Type=search", "url2": "http://www.tsukui.net/" }, "geometry": { "type": "Point", "coordinates": [ 137.4887482, 35.4753245 ] } },
{ "type": "Feature", "properties": { "内容": "けあビジョンホーム中津川訪問介護【訪問介護】岐阜県中津川市中津川907番39", "url": "https://www.kaigokensaku.mhlw.go.jp/21/index.php?action_kouhyou_detail_004_kani=true&JigyosyoCd=2171501345-00&ServiceCd=110&Type=search", "url2": null }, "geometry": { "type": "Point", "coordinates": [ 137.522747399999986, 35.4990287 ] } },
{ "type": "Feature", "properties": { "内容": "ゴールドエイジ　中津川営業所【訪問介護】岐阜県中津川千旦林1598-28ゴールドエイジ中津川", "url": "https://www.kaigokensaku.mhlw.go.jp/21/index.php?action_kouhyou_detail_004_kani=true&JigyosyoCd=2171501360-00&ServiceCd=110&Type=search", "url2": null }, "geometry": { "type": "Point", "coordinates": [ 137.46294000422975, 35.492696047779965 ] } },
{ "type": "Feature", "properties": { "内容": "訪問屋　さわやか【訪問介護】岐阜県中津川市坂下1631-9", "url": "https://www.kaigokensaku.mhlw.go.jp/21/index.php?action_kouhyou_detail_004_kani=true&JigyosyoCd=2171501402-00&ServiceCd=110&Type=search", "url2": "https://amical-nusing.jp/" }, "geometry": { "type": "Point", "coordinates": [ 137.5273695, 35.5727016 ] } },
{ "type": "Feature", "properties": { "内容": "ニチイケアセンター手賀野【訪問介護】岐阜県中津川市手賀野字会所沢149-10-1石原ツインビルS棟2-1", "url": "https://www.kaigokensaku.mhlw.go.jp/21/index.php?action_kouhyou_detail_004_kani=true&JigyosyoCd=2171501295-00&ServiceCd=110&Type=search", "url2": "http://www.nichiigakkan.co.jp" }, "geometry": { "type": "Point", "coordinates": [ 137.491487347221494, 35.478967529643285 ] } },
{ "type": "Feature", "properties": { "内容": "株式会社福祉の里美濃営業所【訪問介護】岐阜県美濃市松森595番地マツモリビル", "url": "https://www.kaigokensaku.mhlw.go.jp/21/index.php?action_kouhyou_detail_004_kani=true&JigyosyoCd=2170300095-00&ServiceCd=110&Type=search", "url2": null }, "geometry": { "type": "Point", "coordinates": [ 136.9085675, 35.5305799 ] } },
{ "type": "Feature", "properties": { "内容": "美濃ホームヘルプサービスセンター【訪問介護】岐阜県美濃市上野744番地紙のふるさとふれあいセンター内", "url": "https://www.kaigokensaku.mhlw.go.jp/21/index.php?action_kouhyou_detail_004_kani=true&JigyosyoCd=2170300145-00&ServiceCd=110&Type=search", "url2": null }, "geometry": { "type": "Point", "coordinates": [ 136.872263800000042, 35.5857153 ] } },
{ "type": "Feature", "properties": { "内容": "アスヴェルケア【訪問介護】岐阜県瑞浪市南小田町一丁目３１番地ファミーユワカマツ６０３", "url": "https://www.kaigokensaku.mhlw.go.jp/21/index.php?action_kouhyou_detail_004_kani=true&JigyosyoCd=2171600758-00&ServiceCd=110&Type=search", "url2": null }, "geometry": { "type": "Point", "coordinates": [ 137.24535149999997, 35.355885 ] } },
{ "type": "Feature", "properties": { "内容": "ハートピア訪問介護事業所【訪問介護】岐阜県瑞浪市樽上町１丁目７７番地市民福祉センターハートピア", "url": "https://www.kaigokensaku.mhlw.go.jp/21/index.php?action_kouhyou_detail_004_kani=true&JigyosyoCd=2171600204-00&ServiceCd=110&Type=search", "url2": "https://m-shakyo.org/" }, "geometry": { "type": "Point", "coordinates": [ 137.251331400000026, 35.3620706 ] } },
{ "type": "Feature", "properties": { "内容": "ＳＫＵ【訪問介護】岐阜県瑞浪市陶町水上３４６－１番地", "url": "https://www.kaigokensaku.mhlw.go.jp/21/index.php?action_kouhyou_detail_004_kani=true&JigyosyoCd=2171600402-00&ServiceCd=110&Type=search", "url2": null }, "geometry": { "type": "Point", "coordinates": [ 137.309663933065849, 35.313047816247995 ] } },
{ "type": "Feature", "properties": { "内容": "四つ葉介護サービス【訪問介護】岐阜県瑞浪市上平町４丁目４３番地", "url": "https://www.kaigokensaku.mhlw.go.jp/21/index.php?action_kouhyou_detail_004_kani=true&JigyosyoCd=2171600527-00&ServiceCd=110&Type=search", "url2": "https://yotsuba-kaigo.net/" }, "geometry": { "type": "Point", "coordinates": [ 137.253803400000038, 35.35846 ] } },
{ "type": "Feature", "properties": { "内容": "ナガヤ　ヘルパーステーション【訪問介護】岐阜県瑞浪市土岐町5番17号", "url": "https://www.kaigokensaku.mhlw.go.jp/21/index.php?action_kouhyou_detail_004_kani=true&JigyosyoCd=2171600642-00&ServiceCd=110&Type=search", "url2": "https://yugengaisha-nagaya.com/" }, "geometry": { "type": "Point", "coordinates": [ 137.254790097028376, 35.368374604068883 ] } },
{ "type": "Feature", "properties": { "内容": "心音ケアセンター瑞浪【訪問介護】岐阜県瑞浪市樽上町1-45-4", "url": "https://www.kaigokensaku.mhlw.go.jp/21/index.php?action_kouhyou_detail_004_kani=true&JigyosyoCd=2171600733-00&ServiceCd=110&Type=search", "url2": "http://www.weecs.net" }, "geometry": { "type": "Point", "coordinates": [ 137.253619058999675, 35.36109832935486 ] } },
{ "type": "Feature", "properties": { "内容": "訪問介護ステーション　ワンアシスト【訪問介護】岐阜県瑞浪市下沖町1丁目7番地", "url": "https://www.kaigokensaku.mhlw.go.jp/21/index.php?action_kouhyou_detail_004_kani=true&JigyosyoCd=2171600808-00&ServiceCd=110&Type=search", "url2": "http://wagogroup.jp/" }, "geometry": { "type": "Point", "coordinates": [ 137.240354600000046, 35.3646922 ] } },
{ "type": "Feature", "properties": { "内容": "ニチイケアセンター瑞浪【訪問介護】岐阜県瑞浪市寺河戸町1090-3ﾌﾞﾗﾝｼｭﾗﾋﾟｰﾇ店舗1階A号室", "url": "https://www.kaigokensaku.mhlw.go.jp/21/index.php?action_kouhyou_detail_004_kani=true&JigyosyoCd=2171600840-00&ServiceCd=110&Type=search", "url2": "http://www.nichiigakkan.co.jp" }, "geometry": { "type": "Point", "coordinates": [ 137.253129, 35.3657481 ] } },
{ "type": "Feature", "properties": { "内容": "ゴールドエイジ　瑞浪営業所【訪問介護】岐阜県瑞浪市山田町630-1ゴールドエイジ瑞浪", "url": "https://www.kaigokensaku.mhlw.go.jp/21/index.php?action_kouhyou_detail_004_kani=true&JigyosyoCd=2171600873-00&ServiceCd=110&Type=search", "url2": "https://goldage.co.jp/" }, "geometry": { "type": "Point", "coordinates": [ 137.248491840475481, 35.347206686553911 ] } },
{ "type": "Feature", "properties": { "内容": "タルケア訪問介護事業所【訪問介護】岐阜県瑞浪市益見町2-77", "url": "https://www.kaigokensaku.mhlw.go.jp/21/index.php?action_kouhyou_detail_004_kani=true&JigyosyoCd=2171600881-00&ServiceCd=110&Type=search", "url2": "https://bowen.co.jp" }, "geometry": { "type": "Point", "coordinates": [ 137.2615721, 35.3637133 ] } },
{ "type": "Feature", "properties": { "内容": "訪問介護ラプト【訪問介護】岐阜県瑞浪市稲津町小里1228-1", "url": "https://www.kaigokensaku.mhlw.go.jp/21/index.php?action_kouhyou_detail_004_kani=true&JigyosyoCd=2171600824-00&ServiceCd=110&Type=search", "url2": "http://www.raputo.com" }, "geometry": { "type": "Point", "coordinates": [ 137.269182099999966, 35.3499923 ] } },
{ "type": "Feature", "properties": { "内容": "ケアサービス羽島【訪問介護】岐阜県羽島市竹鼻町狐穴３４２３－１", "url": "https://www.kaigokensaku.mhlw.go.jp/21/index.php?action_kouhyou_detail_004_kani=true&JigyosyoCd=2140400272-00&ServiceCd=110&Type=search", "url2": null }, "geometry": { "type": "Point", "coordinates": [ 136.710167800000022, 35.3280898 ] } },
{ "type": "Feature", "properties": { "内容": "からふるサポート岐阜羽島【訪問介護】岐阜県羽島市竹鼻町飯柄360-2からふる庭園　岐阜羽島", "url": "https://www.kaigokensaku.mhlw.go.jp/21/index.php?action_kouhyou_detail_004_kani=true&JigyosyoCd=2170401455-00&ServiceCd=110&Type=search", "url2": null }, "geometry": { "type": "Point", "coordinates": [ 136.715273456066882, 35.312800000906705 ] } },
{ "type": "Feature", "properties": { "内容": "からふるサポート　竹ヶ鼻【訪問介護】岐阜県羽島市竹鼻町狐穴1133-1", "url": "https://www.kaigokensaku.mhlw.go.jp/21/index.php?action_kouhyou_detail_004_kani=true&JigyosyoCd=2170401489-00&ServiceCd=110&Type=search", "url2": null }, "geometry": { "type": "Point", "coordinates": [ 136.721189174647634, 35.31510154516095 ] } },
{ "type": "Feature", "properties": { "内容": "訪問介護事業所ラウンド【訪問介護】岐阜県羽島市足近町４－３４７－２コーポ足近１階北側", "url": "https://www.kaigokensaku.mhlw.go.jp/21/index.php?action_kouhyou_detail_004_kani=true&JigyosyoCd=2170401570-00&ServiceCd=110&Type=search", "url2": null }, "geometry": { "type": "Point", "coordinates": [ 136.718164797553271, 35.337069769327705 ] } },
{ "type": "Feature", "properties": { "内容": "ＫＡＩケアステテーション【訪問介護】岐阜県羽島市正木町曲利１３７５", "url": "https://www.kaigokensaku.mhlw.go.jp/21/index.php?action_kouhyou_detail_004_kani=true&JigyosyoCd=2170401604-00&ServiceCd=110&Type=search", "url2": null }, "geometry": { "type": "Point", "coordinates": [ 136.720983494190079, 35.324911331826655 ] } },
{ "type": "Feature", "properties": { "内容": "あかつき訪問介護ステーション　羽島【訪問介護】岐阜県羽島市曲利5ｰ1", "url": "https://www.kaigokensaku.mhlw.go.jp/21/index.php?action_kouhyou_detail_004_kani=true&JigyosyoCd=2170401596-00&ServiceCd=110&Type=search", "url2": "https://www.rennosato.com/" }, "geometry": { "type": "Point", "coordinates": [ 136.720182038512263, 35.329269337296324 ] } },
{ "type": "Feature", "properties": { "内容": "訪問介護事業所かいと【訪問介護】岐阜県羽島市竹鼻町丸の内２丁目１番地", "url": "https://www.kaigokensaku.mhlw.go.jp/21/index.php?action_kouhyou_detail_004_kani=true&JigyosyoCd=2170401612-00&ServiceCd=110&Type=search", "url2": "https://kaito-llc.co.jp/" }, "geometry": { "type": "Point", "coordinates": [ 136.696388086508165, 35.325014681102779 ] } },
{ "type": "Feature", "properties": { "内容": "ニチイケアセンター羽島【訪問介護】岐阜県羽島市江吉良町1367", "url": "https://www.kaigokensaku.mhlw.go.jp/21/index.php?action_kouhyou_detail_004_kani=true&JigyosyoCd=2170400275-00&ServiceCd=110&Type=search", "url2": "http://www.nichiigakkan.co.jp" }, "geometry": { "type": "Point", "coordinates": [ 136.703280100000029, 35.310311 ] } },
{ "type": "Feature", "properties": { "内容": "羽島企画　トータルケアMama's【訪問介護】岐阜県羽島市小熊町島2-102-1", "url": "https://www.kaigokensaku.mhlw.go.jp/21/index.php?action_kouhyou_detail_004_kani=true&JigyosyoCd=2170400317-00&ServiceCd=110&Type=search", "url2": "http://www.hashimakikaku.com" }, "geometry": { "type": "Point", "coordinates": [ 136.706957099999954, 35.3338253 ] } },
{ "type": "Feature", "properties": { "内容": "アバンセ介護センターはしま【訪問介護】岐阜県羽島市小熊町島２丁目６３番", "url": "https://www.kaigokensaku.mhlw.go.jp/21/index.php?action_kouhyou_detail_004_kani=true&JigyosyoCd=2170400952-00&ServiceCd=110&Type=search", "url2": "https://a-lifesupport.co.jp/elder/shikisai_hasima/" }, "geometry": { "type": "Point", "coordinates": [ 136.706957099999954, 35.3338253 ] } },
{ "type": "Feature", "properties": { "内容": "愛北ケアステーション羽島【訪問介護】岐阜県羽島市福寿町本郷２丁目１５番地サービス付き高齢者向け住宅COCOLO", "url": "https://www.kaigokensaku.mhlw.go.jp/21/index.php?action_kouhyou_detail_004_kani=true&JigyosyoCd=2170401257-00&ServiceCd=110&Type=search", "url2": "https://soukengp.com" }, "geometry": { "type": "Point", "coordinates": [ 136.684618399999977, 35.32150390000001 ] } },
{ "type": "Feature", "properties": { "内容": "訪問介護レジデンス岐阜羽島【訪問介護】岐阜県羽島市福寿町千代田三丁目77番住宅型有料老人ホーム　RESIDENCE　岐阜羽島内", "url": "https://www.kaigokensaku.mhlw.go.jp/21/index.php?action_kouhyou_detail_004_kani=true&JigyosyoCd=2170401356-00&ServiceCd=110&Type=search", "url2": "http://senior-life.jp/" }, "geometry": { "type": "Point", "coordinates": [ 136.682365900000036, 35.319107 ] } },
{ "type": "Feature", "properties": { "内容": "喫茶去訪問介護ステーションほっつ【訪問介護】岐阜県羽島市堀津町前谷85", "url": "https://www.kaigokensaku.mhlw.go.jp/21/index.php?action_kouhyou_detail_004_kani=true&JigyosyoCd=2170401422-00&ServiceCd=110&Type=search", "url2": null }, "geometry": { "type": "Point", "coordinates": [ 136.675274390074151, 35.303685498383231 ] } },
{ "type": "Feature", "properties": { "内容": "ニチイケアセンター羽島北【訪問介護】岐阜県羽島市小熊町島新道107-1Bustle岐阜羽島103号", "url": "https://www.kaigokensaku.mhlw.go.jp/21/index.php?action_kouhyou_detail_004_kani=true&JigyosyoCd=2170401448-00&ServiceCd=110&Type=search", "url2": "http://www.nichiigakkan.co.jp" }, "geometry": { "type": "Point", "coordinates": [ 136.704099400000018, 35.3316295 ] } },
{ "type": "Feature", "properties": { "内容": "訪問介護ステーションみらいえ【訪問介護】岐阜県羽島市竹鼻町狐穴字壺柄山455番地１", "url": "https://www.kaigokensaku.mhlw.go.jp/21/index.php?action_kouhyou_detail_004_kani=true&JigyosyoCd=2170401547-00&ServiceCd=110&Type=search", "url2": "https://asmore-ns.com" }, "geometry": { "type": "Point", "coordinates": [ 136.711286485587664, 35.316932481584473 ] } },
{ "type": "Feature", "properties": { "内容": "訪問介護CHACHA【訪問介護】岐阜県羽島市竹鼻町491-2北列西2", "url": "https://www.kaigokensaku.mhlw.go.jp/21/index.php?action_kouhyou_detail_004_kani=true&JigyosyoCd=2170401554-00&ServiceCd=110&Type=search", "url2": "https://houmonkaigo-cha-cha.tumblr.com/" }, "geometry": { "type": "Point", "coordinates": [ 136.694720100000012, 35.3207883 ] } },
{ "type": "Feature", "properties": { "内容": "大晃ヘルパーステーション【訪問介護】岐阜県羽島市正木町曲利751番地1", "url": "https://www.kaigokensaku.mhlw.go.jp/21/index.php?action_kouhyou_detail_004_kani=true&JigyosyoCd=2170401430-00&ServiceCd=110&Type=search", "url2": null }, "geometry": { "type": "Point", "coordinates": [ 136.720569599999976, 35.327564100000025 ] } },
{ "type": "Feature", "properties": { "内容": "訪問介護事業所　みつばち【訪問介護】岐阜県恵那市長島町永田347-6", "url": "https://www.kaigokensaku.mhlw.go.jp/21/index.php?action_kouhyou_detail_004_kani=true&JigyosyoCd=2171701127-00&ServiceCd=110&Type=search", "url2": null }, "geometry": { "type": "Point", "coordinates": [ 137.401298948993286, 35.442663566802629 ] } },
{ "type": "Feature", "properties": { "内容": "訪問介護ステーションあいず【訪問介護】岐阜県恵那市大井町1763番地14", "url": "https://www.kaigokensaku.mhlw.go.jp/21/index.php?action_kouhyou_detail_004_kani=true&JigyosyoCd=2171701382-00&ServiceCd=110&Type=search", "url2": null }, "geometry": { "type": "Point", "coordinates": [ 137.414083799999986, 35.4617626 ] } },
{ "type": "Feature", "properties": { "内容": "訪問介護ステーション　ウェルビーイングえがお【訪問介護】岐阜県恵那市武並町竹折１０８７−１", "url": "https://www.kaigokensaku.mhlw.go.jp/21/index.php?action_kouhyou_detail_004_kani=true&JigyosyoCd=2171701333-00&ServiceCd=110&Type=search", "url2": null }, "geometry": { "type": "Point", "coordinates": [ 137.348139800000013, 35.4357015 ] } },
{ "type": "Feature", "properties": { "内容": "恵那市社協ヘルパーステーション【訪問介護】岐阜県恵那市大井町727-11", "url": "https://www.kaigokensaku.mhlw.go.jp/21/index.php?action_kouhyou_detail_004_kani=true&JigyosyoCd=2171700236-00&ServiceCd=110&Type=search", "url2": "http://www.ena-shakyo.or.jp/" }, "geometry": { "type": "Point", "coordinates": [ 137.415977399999946, 35.4531776 ] } },
{ "type": "Feature", "properties": { "内容": "恵那市社協恵南ヘルパーステーション【訪問介護】岐阜県恵那市岩村町1650-1岩村福祉センター内", "url": "https://www.kaigokensaku.mhlw.go.jp/21/index.php?action_kouhyou_detail_004_kani=true&JigyosyoCd=2171700251-00&ServiceCd=110&Type=search", "url2": "https://www.ena-shakyo.or.jp/" }, "geometry": { "type": "Point", "coordinates": [ 137.435875799999963, 35.3656174 ] } },
{ "type": "Feature", "properties": { "内容": "訪問介護ステーション中部【訪問介護】岐阜県恵那市長島町中野1216-8", "url": "https://www.kaigokensaku.mhlw.go.jp/21/index.php?action_kouhyou_detail_004_kani=true&JigyosyoCd=2171700707-00&ServiceCd=110&Type=search", "url2": "https://chubu-gpf.or.jp/clinic/" }, "geometry": { "type": "Point", "coordinates": [ 137.394849746032719, 35.455780319132593 ] } },
{ "type": "Feature", "properties": { "内容": "介護ケアーセンターまごころ【訪問介護】岐阜県恵那市長島町中野668番地55", "url": "https://www.kaigokensaku.mhlw.go.jp/21/index.php?action_kouhyou_detail_004_kani=true&JigyosyoCd=2171700756-00&ServiceCd=110&Type=search", "url2": "https://nomura93.wixsite.com/website" }, "geometry": { "type": "Point", "coordinates": [ 137.402542636740122, 35.451331869180869 ] } },
{ "type": "Feature", "properties": { "内容": "くわのみホームヘルパーステーション【訪問介護】岐阜県恵那市岩村町飯羽間1616", "url": "https://www.kaigokensaku.mhlw.go.jp/21/index.php?action_kouhyou_detail_004_kani=true&JigyosyoCd=2171700764-00&ServiceCd=110&Type=search", "url2": "http://kuwanomi-ena.co.jp/" }, "geometry": { "type": "Point", "coordinates": [ 137.428970836057374, 35.379331375029039 ] } },
{ "type": "Feature", "properties": { "内容": "訪問介護事業所　せせらぎの里【訪問介護】岐阜県恵那市長島町永田５１９番２せせらぎの里", "url": "https://www.kaigokensaku.mhlw.go.jp/21/index.php?action_kouhyou_detail_004_kani=true&JigyosyoCd=2171700871-00&ServiceCd=110&Type=search", "url2": "http://seseragi-sato.com/" }, "geometry": { "type": "Point", "coordinates": [ 137.400012913114068, 35.446529033091586 ] } },
{ "type": "Feature", "properties": { "内容": "こころヘルパーステーション【訪問介護】岐阜県恵那市大井町667-27", "url": "https://www.kaigokensaku.mhlw.go.jp/21/index.php?action_kouhyou_detail_004_kani=true&JigyosyoCd=2171701002-00&ServiceCd=110&Type=search", "url2": null }, "geometry": { "type": "Point", "coordinates": [ 137.412697200000025, 35.4536052 ] } },
{ "type": "Feature", "properties": { "内容": "ニチイケアセンター恵那【訪問介護】岐阜県恵那市長島町中野二丁目4番地5BILD杜　２階　西室", "url": "https://www.kaigokensaku.mhlw.go.jp/21/index.php?action_kouhyou_detail_004_kani=true&JigyosyoCd=2171701234-00&ServiceCd=110&Type=search", "url2": "http://www.nichiigakkan.co.jp" }, "geometry": { "type": "Point", "coordinates": [ 137.4091017, 35.449171 ] } },
{ "type": "Feature", "properties": { "内容": "ウィングヘルパーステーション【訪問介護】岐阜県恵那市岩村町2453-5", "url": "https://www.kaigokensaku.mhlw.go.jp/21/index.php?action_kouhyou_detail_004_kani=true&JigyosyoCd=2171701242-00&ServiceCd=110&Type=search", "url2": "http://www.keiyu-kai.com/" }, "geometry": { "type": "Point", "coordinates": [ 137.427779216532883, 35.36900702489632 ] } },
{ "type": "Feature", "properties": { "内容": "訪問介護ステーション　凪【訪問介護】岐阜県恵那市長島町中野379-21", "url": "https://www.kaigokensaku.mhlw.go.jp/21/index.php?action_kouhyou_detail_004_kani=true&JigyosyoCd=2171701259-00&ServiceCd=110&Type=search", "url2": null }, "geometry": { "type": "Point", "coordinates": [ 137.404939253967285, 35.447904181235302 ] } },
{ "type": "Feature", "properties": { "内容": "ヘルパーステーション向日葵恵那【訪問介護】岐阜県恵那市長島町永田673‐7", "url": "https://www.kaigokensaku.mhlw.go.jp/21/index.php?action_kouhyou_detail_004_kani=true&JigyosyoCd=2171701358-00&ServiceCd=110&Type=search", "url2": null }, "geometry": { "type": "Point", "coordinates": [ 137.3958074, 35.436825 ] } },
{ "type": "Feature", "properties": { "内容": "三ツ星ケア【訪問介護】岐阜県恵那市東野2632", "url": "https://www.kaigokensaku.mhlw.go.jp/21/index.php?action_kouhyou_detail_004_kani=true&JigyosyoCd=2171701366-00&ServiceCd=110&Type=search", "url2": "https://ohisama.group/" }, "geometry": { "type": "Point", "coordinates": [ 137.441552199999961, 35.4491609 ] } },
{ "type": "Feature", "properties": { "内容": "合同会社　花・花【訪問介護】岐阜県恵那市岩村町1664番地19", "url": "https://www.kaigokensaku.mhlw.go.jp/21/index.php?action_kouhyou_detail_004_kani=true&JigyosyoCd=2171701424-00&ServiceCd=110&Type=search", "url2": null }, "geometry": { "type": "Point", "coordinates": [ 137.435233, 35.3629909 ] } },
{ "type": "Feature", "properties": { "内容": "みんなのテラス　訪問介護ステーション【訪問介護】岐阜県恵那市明智町大田字新地868-8", "url": "https://www.kaigokensaku.mhlw.go.jp/21/index.php?action_kouhyou_detail_004_kani=true&JigyosyoCd=2171701291-00&ServiceCd=110&Type=search", "url2": "http://ikiiki-foryou.co.jp" }, "geometry": { "type": "Point", "coordinates": [ 137.361441255290032, 35.304282389209035 ] } },
{ "type": "Feature", "properties": { "内容": "ケアステーション幸訪問介護事業所【訪問介護】岐阜県美濃加茂市川合町4丁目１１－２９", "url": "https://www.kaigokensaku.mhlw.go.jp/21/index.php?action_kouhyou_detail_004_kani=true&JigyosyoCd=2171200112-00&ServiceCd=110&Type=search", "url2": "https://tocal.jp/" }, "geometry": { "type": "Point", "coordinates": [ 137.049341599999906, 35.4481322 ] } },
{ "type": "Feature", "properties": { "内容": "さわやかナーシングビラホームヘルプサービス【訪問介護】岐阜県美濃加茂市下米田町東栃井８１番地2", "url": "https://www.kaigokensaku.mhlw.go.jp/21/index.php?action_kouhyou_detail_004_kani=true&JigyosyoCd=2171200153-00&ServiceCd=110&Type=search", "url2": "http://www.jikeikai-sawayaka.jp" }, "geometry": { "type": "Point", "coordinates": [ 137.066200400000071, 35.4772158 ] } },
{ "type": "Feature", "properties": { "内容": "ケアフル訪問介護ステーション【訪問介護】岐阜県美濃加茂市川合町２丁目７－２１", "url": "https://www.kaigokensaku.mhlw.go.jp/21/index.php?action_kouhyou_detail_004_kani=true&JigyosyoCd=2171200617-00&ServiceCd=110&Type=search", "url2": "https://care-service.co.jp/" }, "geometry": { "type": "Point", "coordinates": [ 137.045842, 35.4469044 ] } },
{ "type": "Feature", "properties": { "内容": "本郷ふふ　訪問介護事業所【訪問介護】岐阜県美濃加茂市本郷町４丁目8番26号住宅型有料老人ホーム本郷ふふ倶楽部", "url": "https://www.kaigokensaku.mhlw.go.jp/21/index.php?action_kouhyou_detail_004_kani=true&JigyosyoCd=2171200641-00&ServiceCd=110&Type=search", "url2": "http://hongou-huhu.com" }, "geometry": { "type": "Point", "coordinates": [ 137.033922138761909, 35.454633832112115 ] } },
{ "type": "Feature", "properties": { "内容": "訪問介護ステーションきずな【訪問介護】岐阜県美濃加茂市加茂野町字南野820番7住宅型有料老人ホームきずな", "url": "https://www.kaigokensaku.mhlw.go.jp/21/index.php?action_kouhyou_detail_004_kani=true&JigyosyoCd=2171200732-00&ServiceCd=110&Type=search", "url2": null }, "geometry": { "type": "Point", "coordinates": [ 136.9756523, 35.4598567 ] } },
{ "type": "Feature", "properties": { "内容": "ケアリール訪問介護事業所　あじさい【訪問介護】岐阜県美濃加茂市あじさいヶ丘3-10-1-1", "url": "https://www.kaigokensaku.mhlw.go.jp/21/index.php?action_kouhyou_detail_004_kani=true&JigyosyoCd=2171200799-00&ServiceCd=110&Type=search", "url2": "https://niceman-care.com/" }, "geometry": { "type": "Point", "coordinates": [ 137.0064329, 35.4577659 ] } },
{ "type": "Feature", "properties": { "内容": "訪問介護スマイルナーシング美濃加茂【訪問介護】岐阜県美濃加茂市加茂野町加茂野821番地２", "url": "https://www.kaigokensaku.mhlw.go.jp/21/index.php?action_kouhyou_detail_004_kani=true&JigyosyoCd=2171200674-00&ServiceCd=110&Type=search", "url2": "https://smile-nursing.jp/" }, "geometry": { "type": "Point", "coordinates": [ 136.980388910281448, 35.449293794914411 ] } },
{ "type": "Feature", "properties": { "内容": "愛北ケアステーション美濃加茂【訪問介護】岐阜県美濃加茂市加茂野町鷹之巣907", "url": "https://www.kaigokensaku.mhlw.go.jp/21/index.php?action_kouhyou_detail_004_kani=true&JigyosyoCd=2171200484-00&ServiceCd=110&Type=search", "url2": "https://soukengp.com/" }, "geometry": { "type": "Point", "coordinates": [ 136.968146133300962, 35.466173179730283 ] } },
{ "type": "Feature", "properties": { "内容": "美濃加茂市社会福祉協議会【訪問介護】岐阜県美濃加茂市田島町四丁目1番地３６", "url": "https://www.kaigokensaku.mhlw.go.jp/21/index.php?action_kouhyou_detail_004_kani=true&JigyosyoCd=2171200120-00&ServiceCd=110&Type=search", "url2": "http://minokamo-shakyo.or.jp" }, "geometry": { "type": "Point", "coordinates": [ 137.026633499999946, 35.4466579 ] } },
{ "type": "Feature", "properties": { "内容": "けあらーず土岐指定訪問介護事業所【訪問介護】岐阜県土岐市泉東窯町三丁目30番", "url": "https://www.kaigokensaku.mhlw.go.jp/21/index.php?action_kouhyou_detail_004_kani=true&JigyosyoCd=2171800655-00&ServiceCd=110&Type=search", "url2": "http://www.seramu.com/" }, "geometry": { "type": "Point", "coordinates": [ 137.1908618, 35.3693429 ] } },
{ "type": "Feature", "properties": { "内容": "ヘルパーステーション彩風【訪問介護】岐阜県土岐市泉大坪町3-16", "url": "https://www.kaigokensaku.mhlw.go.jp/21/index.php?action_kouhyou_detail_004_kani=true&JigyosyoCd=2171800697-00&ServiceCd=110&Type=search", "url2": null }, "geometry": { "type": "Point", "coordinates": [ 137.1823379, 35.3646932 ] } },
{ "type": "Feature", "properties": { "内容": "ケアフルクローバー　訪問介護【訪問介護】岐阜県土岐市泉町定林寺　962-74", "url": "https://www.kaigokensaku.mhlw.go.jp/21/index.php?action_kouhyou_detail_004_kani=true&JigyosyoCd=2171800861-00&ServiceCd=110&Type=search", "url2": null }, "geometry": { "type": "Point", "coordinates": [ 137.19325, 35.3828441 ] } },
{ "type": "Feature", "properties": { "内容": "株式会社福祉の里　土岐営業所【訪問介護】岐阜県土岐市土岐口中町３丁目９６番地", "url": "https://www.kaigokensaku.mhlw.go.jp/21/index.php?action_kouhyou_detail_004_kani=true&JigyosyoCd=2171800010-00&ServiceCd=110&Type=search", "url2": null }, "geometry": { "type": "Point", "coordinates": [ 137.175410339881211, 35.346821926706831 ] } },
{ "type": "Feature", "properties": { "内容": "ニチイケアセンター土岐【訪問介護】岐阜県土岐市肥田浅野笠神町2丁目26番1", "url": "https://www.kaigokensaku.mhlw.go.jp/21/index.php?action_kouhyou_detail_004_kani=true&JigyosyoCd=2171800028-00&ServiceCd=110&Type=search", "url2": "http://www.nichiigakkan.co.jp" }, "geometry": { "type": "Point", "coordinates": [ 137.199939, 35.362032900000017 ] } },
{ "type": "Feature", "properties": { "内容": "JAとうと在宅介護サービスステーション【訪問介護】岐阜県土岐市土岐口中町４－７５", "url": "https://www.kaigokensaku.mhlw.go.jp/21/index.php?action_kouhyou_detail_004_kani=true&JigyosyoCd=2171800085-00&ServiceCd=110&Type=search", "url2": "http://www.jatouto.or.jp/" }, "geometry": { "type": "Point", "coordinates": [ 137.176055600000041, 35.3449979 ] } },
{ "type": "Feature", "properties": { "内容": "すみれの里合同会社指定訪問介護事業所【訪問介護】岐阜県土岐市土岐津町土岐口2255番地14", "url": "https://www.kaigokensaku.mhlw.go.jp/21/index.php?action_kouhyou_detail_004_kani=true&JigyosyoCd=2171800226-00&ServiceCd=110&Type=search", "url2": null }, "geometry": { "type": "Point", "coordinates": [ 137.181957417623948, 35.343440502271342 ] } },
{ "type": "Feature", "properties": { "内容": "心音ケアセンター土岐【訪問介護】岐阜県土岐市肥田浅野元町1-32", "url": "https://www.kaigokensaku.mhlw.go.jp/21/index.php?action_kouhyou_detail_004_kani=true&JigyosyoCd=2171800796-00&ServiceCd=110&Type=search", "url2": "http://www.weecs.net" }, "geometry": { "type": "Point", "coordinates": [ 137.200579581475836, 35.361060853590914 ] } },
{ "type": "Feature", "properties": { "内容": "楓花ケアセンター【訪問介護】岐阜県土岐市泉町久尻1209番地", "url": "https://www.kaigokensaku.mhlw.go.jp/21/index.php?action_kouhyou_detail_004_kani=true&JigyosyoCd=2171800846-00&ServiceCd=110&Type=search", "url2": null }, "geometry": { "type": "Point", "coordinates": [ 137.178715988429417, 35.364668443074294 ] } },
{ "type": "Feature", "properties": { "内容": "ヘルパーステーション安【訪問介護】岐阜県土岐市泉寺下町1丁目31番地2マリンハイツ201号", "url": "https://www.kaigokensaku.mhlw.go.jp/21/index.php?action_kouhyou_detail_004_kani=true&JigyosyoCd=2171801109-00&ServiceCd=110&Type=search", "url2": "http;//an-ity.com" }, "geometry": { "type": "Point", "coordinates": [ 137.178751299999988, 35.3621854 ] } },
{ "type": "Feature", "properties": { "内容": "ほうもんかいごすてーしょん　えいらく【訪問介護】岐阜県土岐市土岐津町土岐口７９１－５", "url": "https://www.kaigokensaku.mhlw.go.jp/21/index.php?action_kouhyou_detail_004_kani=true&JigyosyoCd=2171801174-00&ServiceCd=110&Type=search", "url2": null }, "geometry": { "type": "Point", "coordinates": [ 137.18373431349184, 35.340584463934952 ] } },
{ "type": "Feature", "properties": { "内容": "ケアリール訪問介護事業所　土岐【訪問介護】岐阜県土岐市泉町大富2014-1", "url": "https://www.kaigokensaku.mhlw.go.jp/21/index.php?action_kouhyou_detail_004_kani=true&JigyosyoCd=2171801265-00&ServiceCd=110&Type=search", "url2": "https://niceman-care.com/" }, "geometry": { "type": "Point", "coordinates": [ 137.191416953442371, 35.378446939783686 ] } },
{ "type": "Feature", "properties": { "内容": "ヘルパーステーションひなた【訪問介護】岐阜県土岐市下石陶史台1-2267-7", "url": "https://www.kaigokensaku.mhlw.go.jp/21/index.php?action_kouhyou_detail_004_kani=true&JigyosyoCd=2171801216-00&ServiceCd=110&Type=search", "url2": "http://www.hinatabokko-sato.com/" }, "geometry": { "type": "Point", "coordinates": [ 137.212733500000013, 35.3278369 ] } },
{ "type": "Feature", "properties": { "内容": "訪問介護ステーションからふるサポート蘇原【訪問介護】岐阜県各務原市蘇原新栄町1丁目88番地", "url": "https://www.kaigokensaku.mhlw.go.jp/21/index.php?action_kouhyou_detail_004_kani=true&JigyosyoCd=2170502245-00&ServiceCd=110&Type=search", "url2": "https://colorful-garden.jp/" }, "geometry": { "type": "Point", "coordinates": [ 136.865429053181401, 35.410587315768311 ] } },
{ "type": "Feature", "properties": { "内容": "ヘルパーステーションラベンダー【訪問介護】岐阜県各務原市緑苑中3丁目2-34", "url": "https://www.kaigokensaku.mhlw.go.jp/21/index.php?action_kouhyou_detail_004_kani=true&JigyosyoCd=2110501695-00&ServiceCd=110&Type=search", "url2": "murai-iin.com" }, "geometry": { "type": "Point", "coordinates": [ 136.947864690876713, 35.411691154334235 ] } },
{ "type": "Feature", "properties": { "内容": "株式会社笑ing【訪問介護】岐阜県各務原市新鵜沼台1丁目８４", "url": "https://www.kaigokensaku.mhlw.go.jp/21/index.php?action_kouhyou_detail_004_kani=true&JigyosyoCd=2170502443-00&ServiceCd=110&Type=search", "url2": null }, "geometry": { "type": "Point", "coordinates": [ 136.950389, 35.4060134 ] } },
{ "type": "Feature", "properties": { "内容": "ほおずきの会ヘルパーステーション【訪問介護】岐阜県各務原市上中屋町2丁目183番地", "url": "https://www.kaigokensaku.mhlw.go.jp/21/index.php?action_kouhyou_detail_004_kani=true&JigyosyoCd=2170500967-00&ServiceCd=110&Type=search", "url2": "http://hozuki-peace.jimdo.com/" }, "geometry": { "type": "Point", "coordinates": [ 136.8503485, 35.378886 ] } },
{ "type": "Feature", "properties": { "内容": "訪問介護ステーション楓【訪問介護】岐阜県各務原市那加新加納町3350-1サンロレンツォ3A", "url": "https://www.kaigokensaku.mhlw.go.jp/21/index.php?action_kouhyou_detail_004_kani=true&JigyosyoCd=2170502146-00&ServiceCd=110&Type=search", "url2": "https://likeoneself.co.jp/" }, "geometry": { "type": "Point", "coordinates": [ 136.8239594, 35.3991354 ] } },
{ "type": "Feature", "properties": { "内容": "訪問介護ステーション　からふるサポート各務原【訪問介護】岐阜県各務原市那加前洞新町４－１３２", "url": "https://www.kaigokensaku.mhlw.go.jp/21/index.php?action_kouhyou_detail_004_kani=true&JigyosyoCd=2170502005-00&ServiceCd=110&Type=search", "url2": "https://colorful-garden.jp/" }, "geometry": { "type": "Point", "coordinates": [ 136.838929233313024, 35.407824327067814 ] } },
{ "type": "Feature", "properties": { "内容": "訪問介護だいじょうぶ【訪問介護】岐阜県各務原市那加西野町４３番地の2", "url": "https://www.kaigokensaku.mhlw.go.jp/21/index.php?action_kouhyou_detail_004_kani=true&JigyosyoCd=2170500850-00&ServiceCd=110&Type=search", "url2": "https://www.npo-daijyobu.com/" }, "geometry": { "type": "Point", "coordinates": [ 136.8311857, 35.3993051 ] } },
{ "type": "Feature", "properties": { "内容": "ヘルパーステーション　いでぐち【訪問介護】岐阜県各務原市鵜沼西町2丁目81番地1", "url": "https://www.kaigokensaku.mhlw.go.jp/21/index.php?action_kouhyou_detail_004_kani=true&JigyosyoCd=2170502468-00&ServiceCd=110&Type=search", "url2": null }, "geometry": { "type": "Point", "coordinates": [ 136.937636805557219, 35.408836918104811 ] } },
{ "type": "Feature", "properties": { "内容": "ケアステーションすずらん【訪問介護】岐阜県各務原市那加門前町3丁目39番地シャトー88　２D", "url": "https://www.kaigokensaku.mhlw.go.jp/21/index.php?action_kouhyou_detail_004_kani=true&JigyosyoCd=2170502476-00&ServiceCd=110&Type=search", "url2": "https://suzuran-group.com/care/" }, "geometry": { "type": "Point", "coordinates": [ 136.844169, 35.3993442 ] } },
{ "type": "Feature", "properties": { "内容": "訪問介護事業所エール各務原【訪問介護】岐阜県各務原市三井北町1丁目165ＨＹ3号", "url": "https://www.kaigokensaku.mhlw.go.jp/21/index.php?action_kouhyou_detail_004_kani=true&JigyosyoCd=2170502500-00&ServiceCd=110&Type=search", "url2": null }, "geometry": { "type": "Point", "coordinates": [ 136.8355853, 35.3967534 ] } },
{ "type": "Feature", "properties": { "内容": "ヘルパーステーション　ライフプラス【訪問介護】岐阜県各務原市鵜沼三ツ池町2丁目182番地1ダンヒル21　203", "url": "https://www.kaigokensaku.mhlw.go.jp/21/index.php?action_kouhyou_detail_004_kani=true&JigyosyoCd=2170502294-00&ServiceCd=110&Type=search", "url2": "https://www.latur-jp.com/" }, "geometry": { "type": "Point", "coordinates": [ 136.838136100000014, 35.397719 ] } },
{ "type": "Feature", "properties": { "内容": "社会福祉法人各務原市社会福祉協議会【訪問介護】岐阜県各務原市那加桜町2丁目163番地総合福祉会館2階", "url": "https://www.kaigokensaku.mhlw.go.jp/21/index.php?action_kouhyou_detail_004_kani=true&JigyosyoCd=2170500033-00&ServiceCd=110&Type=search", "url2": "http://kakamigahara-shakyo.jp/" }, "geometry": { "type": "Point", "coordinates": [ 136.846402300000022, 35.3998784 ] } },
{ "type": "Feature", "properties": { "内容": "ニチイケアセンター各務原【訪問介護】岐阜県各務原市蘇原瑞雲町3丁目28番", "url": "https://www.kaigokensaku.mhlw.go.jp/21/index.php?action_kouhyou_detail_004_kani=true&JigyosyoCd=2170500108-00&ServiceCd=110&Type=search", "url2": "http://www.nichiigakkan.co.jp" }, "geometry": { "type": "Point", "coordinates": [ 136.87014906567606, 35.40675159179407 ] } },
{ "type": "Feature", "properties": { "内容": "コープぎふ訪問介護ステーション各務原【訪問介護】岐阜県各務原市蘇原六軒町３丁目38-2", "url": "https://www.kaigokensaku.mhlw.go.jp/21/index.php?action_kouhyou_detail_004_kani=true&JigyosyoCd=2170500181-00&ServiceCd=110&Type=search", "url2": "http://www.coop-gifu.jp" }, "geometry": { "type": "Point", "coordinates": [ 136.862356980776752, 35.400747645891002 ] } },
{ "type": "Feature", "properties": { "内容": "特定非営利活動法人　福祉サポートセンターかかみがはら【訪問介護】岐阜県各務原市鵜沼三ツ池町5丁目173番地の１", "url": "https://www.kaigokensaku.mhlw.go.jp/21/index.php?action_kouhyou_detail_004_kani=true&JigyosyoCd=2170500405-00&ServiceCd=110&Type=search", "url2": "http://npowatabousi.web.fc2.com" }, "geometry": { "type": "Point", "coordinates": [ 136.893365499999959, 35.3979125 ] } },
{ "type": "Feature", "properties": { "内容": "訪問介護　あい【訪問介護】岐阜県各務原市鵜沼各務原町９丁目２０６", "url": "https://www.kaigokensaku.mhlw.go.jp/21/index.php?action_kouhyou_detail_004_kani=true&JigyosyoCd=2170500785-00&ServiceCd=110&Type=search", "url2": "http://www.kaigo-ai.com" }, "geometry": { "type": "Point", "coordinates": [ 136.911401573368835, 35.39559742540591 ] } },
{ "type": "Feature", "properties": { "内容": "ケアネットリゾン各務原【訪問介護】岐阜県各務原市蘇原野口町2-15-2ゆうゆう未来館各務原", "url": "https://www.kaigokensaku.mhlw.go.jp/21/index.php?action_kouhyou_detail_004_kani=true&JigyosyoCd=2170501130-00&ServiceCd=110&Type=search", "url2": "http://www.g-carenet.co.jp/facility/kakamigahara/" }, "geometry": { "type": "Point", "coordinates": [ 136.866834, 35.4160924 ] } },
{ "type": "Feature", "properties": { "内容": "ピッコロ介護事業所【訪問介護】岐阜県各務原市鵜沼朝日町3丁目136番地", "url": "https://www.kaigokensaku.mhlw.go.jp/21/index.php?action_kouhyou_detail_004_kani=true&JigyosyoCd=2170501155-00&ServiceCd=110&Type=search", "url2": "http://npopiccolo.web.fc2.com/" }, "geometry": { "type": "Point", "coordinates": [ 136.9010835564834, 35.388544479403485 ] } },
{ "type": "Feature", "properties": { "内容": "訪問介護サービスマリアの丘【訪問介護】岐阜県各務原市下切町1丁目1番地", "url": "https://www.kaigokensaku.mhlw.go.jp/21/index.php?action_kouhyou_detail_004_kani=true&JigyosyoCd=2170501551-00&ServiceCd=110&Type=search", "url2": "https://www.marianooka.info/" }, "geometry": { "type": "Point", "coordinates": [ 136.866872868973786, 35.385275098560406 ] } },
{ "type": "Feature", "properties": { "内容": "ゆかりの郷訪問介護ステーション花園【訪問介護】岐阜県各務原市蘇原花園町3-59-1ゆかりの郷訪問介護ステーション花園", "url": "https://www.kaigokensaku.mhlw.go.jp/21/index.php?action_kouhyou_detail_004_kani=true&JigyosyoCd=2170501619-00&ServiceCd=110&Type=search", "url2": "http://yutaka-ms.jp" }, "geometry": { "type": "Point", "coordinates": [ 136.851039885319551, 35.410430481840194 ] } },
{ "type": "Feature", "properties": { "内容": "HandsCare【訪問介護】岐阜県各務原市つつじが丘5丁目61番地", "url": "https://www.kaigokensaku.mhlw.go.jp/21/index.php?action_kouhyou_detail_004_kani=true&JigyosyoCd=2170501759-00&ServiceCd=110&Type=search", "url2": "https://handscaregroup.com" }, "geometry": { "type": "Point", "coordinates": [ 136.934800858219091, 35.410350541086771 ] } },
{ "type": "Feature", "properties": { "内容": "ニッケヘルパーステーションかかみ野【訪問介護】岐阜県各務原市鵜沼各務原町８－７", "url": "https://www.kaigokensaku.mhlw.go.jp/21/index.php?action_kouhyou_detail_004_kani=true&JigyosyoCd=2170501866-00&ServiceCd=110&Type=search", "url2": "http://nikkecare.com/short/" }, "geometry": { "type": "Point", "coordinates": [ 136.905636700000059, 35.3964403 ] } },
{ "type": "Feature", "properties": { "内容": "ぎふ介護各務原【訪問介護】岐阜県各務原市那加桜町１丁目１０５番地", "url": "https://www.kaigokensaku.mhlw.go.jp/21/index.php?action_kouhyou_detail_004_kani=true&JigyosyoCd=2170501882-00&ServiceCd=110&Type=search", "url2": "http://gifukaigo-kakamigahara.iklabo.net/" }, "geometry": { "type": "Point", "coordinates": [ 136.846647800000028, 35.3991107 ] } },
{ "type": "Feature", "properties": { "内容": "ヘルパーステーションベスト各務原【訪問介護】岐阜県各務原市那加信長町2-89-1", "url": "https://www.kaigokensaku.mhlw.go.jp/21/index.php?action_kouhyou_detail_004_kani=true&JigyosyoCd=2170502088-00&ServiceCd=110&Type=search", "url2": "http://best-sakura.com" }, "geometry": { "type": "Point", "coordinates": [ 136.855452499999956, 35.3990066 ] } },
{ "type": "Feature", "properties": { "内容": "ケアネットリゾン鵜沼【訪問介護】岐阜県各務原市鵜沼羽場町4丁目112番地1", "url": "https://www.kaigokensaku.mhlw.go.jp/21/index.php?action_kouhyou_detail_004_kani=true&JigyosyoCd=2170502096-00&ServiceCd=110&Type=search", "url2": "http://www.g-carenet.co.jp/howto.html" }, "geometry": { "type": "Point", "coordinates": [ 136.922515823873141, 35.402436780440205 ] } },
{ "type": "Feature", "properties": { "内容": "社会福祉法人秀成会　サフィール鵜沼ケアステーション【訪問介護】岐阜県各務原市鵜沼羽場町3-10-8", "url": "https://www.kaigokensaku.mhlw.go.jp/21/index.php?action_kouhyou_detail_004_kani=true&JigyosyoCd=2170502138-00&ServiceCd=110&Type=search", "url2": null }, "geometry": { "type": "Point", "coordinates": [ 136.9164892, 35.4040634 ] } },
{ "type": "Feature", "properties": { "内容": "ケアリール訪問介護事業所【訪問介護】岐阜県各務原市那加桐野町2丁目65番地", "url": "https://www.kaigokensaku.mhlw.go.jp/21/index.php?action_kouhyou_detail_004_kani=true&JigyosyoCd=2170502179-00&ServiceCd=110&Type=search", "url2": "https://niceman-care.com/" }, "geometry": { "type": "Point", "coordinates": [ 136.8160354, 35.4230182 ] } },
{ "type": "Feature", "properties": { "内容": "シニアハウスＨＡＮＡＺＯＮＯ【訪問介護】岐阜県各務原市蘇原花園町２－39-1", "url": "https://www.kaigokensaku.mhlw.go.jp/21/index.php?action_kouhyou_detail_004_kani=true&JigyosyoCd=2170502187-00&ServiceCd=110&Type=search", "url2": null }, "geometry": { "type": "Point", "coordinates": [ 136.849276309262081, 35.411081940116325 ] } },
{ "type": "Feature", "properties": { "内容": "ヘルパーステーションいずみ野【訪問介護】岐阜県各務原市川島緑町1丁目１３８番地１", "url": "https://www.kaigokensaku.mhlw.go.jp/21/index.php?action_kouhyou_detail_004_kani=true&JigyosyoCd=2170502195-00&ServiceCd=110&Type=search", "url2": null }, "geometry": { "type": "Point", "coordinates": [ 136.818175402238495, 35.365458438932649 ] } },
{ "type": "Feature", "properties": { "内容": "訪問介護ステーションオランジュNAKA【訪問介護】岐阜県各務原市那加前洞新町5丁目70-6レジデンススカイ1D", "url": "https://www.kaigokensaku.mhlw.go.jp/21/index.php?action_kouhyou_detail_004_kani=true&JigyosyoCd=2170502229-00&ServiceCd=110&Type=search", "url2": "https://www.3leaves.co.jp/nStation_naka.html" }, "geometry": { "type": "Point", "coordinates": [ 136.842809704893483, 35.410350453317179 ] } },
{ "type": "Feature", "properties": { "内容": "訪問介護ステーション　クルール各務原那加桐野【訪問介護】岐阜県各務原市那加桐野1丁目51", "url": "https://www.kaigokensaku.mhlw.go.jp/21/index.php?action_kouhyou_detail_004_kani=true&JigyosyoCd=2170502260-00&ServiceCd=110&Type=search", "url2": "https://couleurcourt-okazaki.com/" }, "geometry": { "type": "Point", "coordinates": [ 136.817059848410054, 35.426845561287323 ] } },
{ "type": "Feature", "properties": { "内容": "訪問介護伝言ばん【訪問介護】岐阜県各務原市鵜沼東町八丁目5番地", "url": "https://www.kaigokensaku.mhlw.go.jp/21/index.php?action_kouhyou_detail_004_kani=true&JigyosyoCd=2170502278-00&ServiceCd=110&Type=search", "url2": "https://www.sawayaka-dengonban.com" }, "geometry": { "type": "Point", "coordinates": [ 136.9449397, 35.4033131 ] } },
{ "type": "Feature", "properties": { "内容": "クルール各務原蘇原【訪問介護】岐阜県各務原市蘇原東栄町1丁目49番2", "url": "https://www.kaigokensaku.mhlw.go.jp/21/index.php?action_kouhyou_detail_004_kani=true&JigyosyoCd=2170502286-00&ServiceCd=110&Type=search", "url2": "https://couleurcourt-okazaki.com/" }, "geometry": { "type": "Point", "coordinates": [ 136.874561699999987, 35.410911 ] } },
{ "type": "Feature", "properties": { "内容": "訪問介護ステーションえんどう【訪問介護】岐阜県各務原市小佐野町７丁目280番地", "url": "https://www.kaigokensaku.mhlw.go.jp/21/index.php?action_kouhyou_detail_004_kani=true&JigyosyoCd=2170502336-00&ServiceCd=110&Type=search", "url2": null }, "geometry": { "type": "Point", "coordinates": [ 136.832566, 35.3860335 ] } },
{ "type": "Feature", "properties": { "内容": "ヘルパーステーションひかり【訪問介護】岐阜県各務原市鵜沼各務原町3丁目242番地昌美コーポ1F", "url": "https://www.kaigokensaku.mhlw.go.jp/21/index.php?action_kouhyou_detail_004_kani=true&JigyosyoCd=2170502377-00&ServiceCd=110&Type=search", "url2": null }, "geometry": { "type": "Point", "coordinates": [ 136.902041700000012, 35.4016439 ] } },
{ "type": "Feature", "properties": { "内容": "訪問介護ステーションネロリ【訪問介護】岐阜県各務原市川島緑町1丁目15EASTPARK　PLACE102", "url": "https://www.kaigokensaku.mhlw.go.jp/21/index.php?action_kouhyou_detail_004_kani=true&JigyosyoCd=2170502385-00&ServiceCd=110&Type=search", "url2": "www.cocon-group.com" }, "geometry": { "type": "Point", "coordinates": [ 136.820908573224671, 35.364732258896872 ] } },
{ "type": "Feature", "properties": { "内容": "ヘルパーステーションかがやき【訪問介護】岐阜県各務原市蘇原花園町３－４", "url": "https://www.kaigokensaku.mhlw.go.jp/21/index.php?action_kouhyou_detail_004_kani=true&JigyosyoCd=2170500512-00&ServiceCd=110&Type=search", "url2": null }, "geometry": { "type": "Point", "coordinates": [ 136.849744200000032, 35.4111786 ] } },
{ "type": "Feature", "properties": { "内容": "訪問介護　あさがお【訪問介護】岐阜県各務原市川島小網町1900-75フィアス小網　208", "url": "https://www.kaigokensaku.mhlw.go.jp/21/index.php?action_kouhyou_detail_004_kani=true&JigyosyoCd=2170502401-00&ServiceCd=110&Type=search", "url2": null }, "geometry": { "type": "Point", "coordinates": [ 136.8497899, 35.3687682 ] } },
{ "type": "Feature", "properties": { "内容": "ヘルパーステーション安　各務原【訪問介護】岐阜県各務原市那加昭南町４５番地", "url": "https://www.kaigokensaku.mhlw.go.jp/21/index.php?action_kouhyou_detail_004_kani=true&JigyosyoCd=2170502419-00&ServiceCd=110&Type=search", "url2": "https://an-ity.com" }, "geometry": { "type": "Point", "coordinates": [ 136.852550400000041, 35.404646899999989 ] } },
{ "type": "Feature", "properties": { "内容": "ここなび【訪問介護】岐阜県各務原市那加本町41-3", "url": "https://www.kaigokensaku.mhlw.go.jp/21/index.php?action_kouhyou_detail_004_kani=true&JigyosyoCd=2170502567-00&ServiceCd=110&Type=search", "url2": null }, "geometry": { "type": "Point", "coordinates": [ 136.836082299999958, 35.3996202 ] } },
{ "type": "Feature", "properties": { "内容": "訪問介護事業所ケアライフ【訪問介護】岐阜県各務原市那加前洞新町3丁目74番地", "url": "https://www.kaigokensaku.mhlw.go.jp/21/index.php?action_kouhyou_detail_004_kani=true&JigyosyoCd=2170501742-00&ServiceCd=110&Type=search", "url2": null }, "geometry": { "type": "Point", "coordinates": [ 136.841659722090156, 35.405896963373031 ] } },
{ "type": "Feature", "properties": { "内容": "訪問介護事業所ゆずてらす【訪問介護】岐阜県各務原市尾崎北町六-51", "url": "https://www.kaigokensaku.mhlw.go.jp/21/index.php?action_kouhyou_detail_004_kani=true&JigyosyoCd=2170502559-00&ServiceCd=110&Type=search", "url2": null }, "geometry": { "type": "Point", "coordinates": [ 136.8355233, 35.4252515 ] } },
{ "type": "Feature", "properties": { "内容": "心音ケアセンター各務原【訪問介護】岐阜県各務原市那加東亜町93-11", "url": "https://www.kaigokensaku.mhlw.go.jp/21/index.php?action_kouhyou_detail_004_kani=true&JigyosyoCd=2170501825-00&ServiceCd=110&Type=search", "url2": null }, "geometry": { "type": "Point", "coordinates": [ 136.835715599999958, 35.4011493 ] } },
{ "type": "Feature", "properties": { "内容": "ソシオ株式会社【訪問介護】岐阜県可児市桜ヶ丘2-152", "url": "https://www.kaigokensaku.mhlw.go.jp/21/index.php?action_kouhyou_detail_004_kani=true&JigyosyoCd=2173100138-00&ServiceCd=110&Type=search", "url2": null }, "geometry": { "type": "Point", "coordinates": [ 137.115514549831971, 35.373690993134637 ] } },
{ "type": "Feature", "properties": { "内容": "けあらーず可児指定訪問介護事業所【訪問介護】岐阜県可児市川合北2-115", "url": "https://www.kaigokensaku.mhlw.go.jp/21/index.php?action_kouhyou_detail_004_kani=true&JigyosyoCd=2173100906-00&ServiceCd=110&Type=search", "url2": "https://www.seramu.com/" }, "geometry": { "type": "Point", "coordinates": [ 137.052445241664174, 35.442248336473646 ] } },
{ "type": "Feature", "properties": { "内容": "ヘルパーステーションむすび【訪問介護】岐阜県可児市川合2268-5ハッピータウン4号棟", "url": "https://www.kaigokensaku.mhlw.go.jp/21/index.php?action_kouhyou_detail_004_kani=true&JigyosyoCd=2173101474-00&ServiceCd=110&Type=search", "url2": "https://www.musubicare.net/" }, "geometry": { "type": "Point", "coordinates": [ 137.057779812887105, 35.44184489507213 ] } },
{ "type": "Feature", "properties": { "内容": "可児市社会福祉協議会【訪問介護】岐阜県可児市今渡682番地１", "url": "https://www.kaigokensaku.mhlw.go.jp/21/index.php?action_kouhyou_detail_004_kani=true&JigyosyoCd=2173100013-00&ServiceCd=110&Type=search", "url2": "http://kanishishakyo.or.jp/" }, "geometry": { "type": "Point", "coordinates": [ 137.0403847, 35.427803 ] } },
{ "type": "Feature", "properties": { "内容": "ニチイケアセンター川合【訪問介護】岐阜県可児市川合北1-90-1", "url": "https://www.kaigokensaku.mhlw.go.jp/21/index.php?action_kouhyou_detail_004_kani=true&JigyosyoCd=2173100112-00&ServiceCd=110&Type=search", "url2": "https://www.nichiigakkan.co.jp/" }, "geometry": { "type": "Point", "coordinates": [ 137.054349699999989, 35.4431412 ] } },
{ "type": "Feature", "properties": { "内容": "有限会社あゆみ会【訪問介護】岐阜県可児市中恵土２１８０－１", "url": "https://www.kaigokensaku.mhlw.go.jp/21/index.php?action_kouhyou_detail_004_kani=true&JigyosyoCd=2173100146-00&ServiceCd=110&Type=search", "url2": null }, "geometry": { "type": "Point", "coordinates": [ 137.065335199999936, 35.4298151 ] } },
{ "type": "Feature", "properties": { "内容": "えにし　可児【訪問介護】岐阜県可児市土田２５４６番地２４６", "url": "https://www.kaigokensaku.mhlw.go.jp/21/index.php?action_kouhyou_detail_004_kani=true&JigyosyoCd=2173100260-00&ServiceCd=110&Type=search", "url2": null }, "geometry": { "type": "Point", "coordinates": [ 137.026272, 35.4318185 ] } },
{ "type": "Feature", "properties": { "内容": "DS　TOKAI株式会社　介護事業部プルメリア【訪問介護】岐阜県可児市今渡1880番地", "url": "https://www.kaigokensaku.mhlw.go.jp/21/index.php?action_kouhyou_detail_004_kani=true&JigyosyoCd=2173100674-00&ServiceCd=110&Type=search", "url2": "http://www.home-plumeria.jp" }, "geometry": { "type": "Point", "coordinates": [ 137.037747526103203, 35.430215324857855 ] } },
{ "type": "Feature", "properties": { "内容": "ヘルパーステーション　睡蓮【訪問介護】岐阜県可児市瀬田527-1天子のひだまり一笑内", "url": "https://www.kaigokensaku.mhlw.go.jp/21/index.php?action_kouhyou_detail_004_kani=true&JigyosyoCd=2173100963-00&ServiceCd=110&Type=search", "url2": "https://www.area-support-japan.com/" }, "geometry": { "type": "Point", "coordinates": [ 137.081003277378244, 35.425394446278098 ] } },
{ "type": "Feature", "properties": { "内容": "訪問介護事業所ゆら【訪問介護】岐阜県可児市広見2359-29住宅型有料老人ホーム　悠楽", "url": "https://www.kaigokensaku.mhlw.go.jp/21/index.php?action_kouhyou_detail_004_kani=true&JigyosyoCd=2173101029-00&ServiceCd=110&Type=search", "url2": "http://yura-felix.p-kit.com/" }, "geometry": { "type": "Point", "coordinates": [ 137.058917137434378, 35.41378591075933 ] } },
{ "type": "Feature", "properties": { "内容": "みどり訪問介護【訪問介護】岐阜県可児市下恵土4061ｻｰﾋﾞｽ付き高齢者向け住宅グリーングリーン", "url": "https://www.kaigokensaku.mhlw.go.jp/21/index.php?action_kouhyou_detail_004_kani=true&JigyosyoCd=2173101102-00&ServiceCd=110&Type=search", "url2": "https://www.andoclinic.jp/" }, "geometry": { "type": "Point", "coordinates": [ 137.044003439495725, 35.426758459431674 ] } },
{ "type": "Feature", "properties": { "内容": "テイクケア　ごきげん【訪問介護】岐阜県可児市長坂８丁目１９９番地２", "url": "https://www.kaigokensaku.mhlw.go.jp/21/index.php?action_kouhyou_detail_004_kani=true&JigyosyoCd=2173101136-00&ServiceCd=110&Type=search", "url2": null }, "geometry": { "type": "Point", "coordinates": [ 137.00368879377902, 35.38623607825123 ] } },
{ "type": "Feature", "properties": { "内容": "株式会社ひまわり【訪問介護】岐阜県可児市松伏3-69", "url": "https://www.kaigokensaku.mhlw.go.jp/21/index.php?action_kouhyou_detail_004_kani=true&JigyosyoCd=2173101169-00&ServiceCd=110&Type=search", "url2": null }, "geometry": { "type": "Point", "coordinates": [ 137.07425, 35.3902029 ] } },
{ "type": "Feature", "properties": { "内容": "あずさ訪問介護ステーション【訪問介護】岐阜県可児市川合780番住宅型有料老人ホームあずさ川合", "url": "https://www.kaigokensaku.mhlw.go.jp/21/index.php?action_kouhyou_detail_004_kani=true&JigyosyoCd=2173101201-00&ServiceCd=110&Type=search", "url2": "http://www.yym-azusa.com/" }, "geometry": { "type": "Point", "coordinates": [ 137.060865241416906, 35.437543998728643 ] } },
{ "type": "Feature", "properties": { "内容": "サフィール可児　訪問介護事業所【訪問介護】岐阜県可児市土田4662番地2", "url": "https://www.kaigokensaku.mhlw.go.jp/21/index.php?action_kouhyou_detail_004_kani=true&JigyosyoCd=2173101235-00&ServiceCd=110&Type=search", "url2": "http://aliss.co.jp/kani/" }, "geometry": { "type": "Point", "coordinates": [ 137.007414617521704, 35.419282374630434 ] } },
{ "type": "Feature", "properties": { "内容": "ニチイケアセンター東帷子【訪問介護】岐阜県可児市東帷子260-1Lien東帷子202室", "url": "https://www.kaigokensaku.mhlw.go.jp/21/index.php?action_kouhyou_detail_004_kani=true&JigyosyoCd=2173101334-00&ServiceCd=110&Type=search", "url2": "https://www.nichii-kaigo.jp/base/base-result/05AP6/" }, "geometry": { "type": "Point", "coordinates": [ 137.011991099999932, 35.4057386 ] } },
{ "type": "Feature", "properties": { "内容": "ヘルパーステーションクローバー可児【訪問介護】土田3490-1メゾンド雅D棟", "url": "https://www.kaigokensaku.mhlw.go.jp/21/index.php?action_kouhyou_detail_004_kani=true&JigyosyoCd=2173101516-00&ServiceCd=110&Type=search", "url2": null }, "geometry": { "type": "Point", "coordinates": [ 137.01704, 35.426025 ] } },
{ "type": "Feature", "properties": { "内容": "桜ヶ丘訪問介護ステーション【訪問介護】岐阜県可児市桜ヶ丘6-73ケアリゾート桜ヶ丘", "url": "https://www.kaigokensaku.mhlw.go.jp/21/index.php?action_kouhyou_detail_004_kani=true&JigyosyoCd=2173101532-00&ServiceCd=110&Type=search", "url2": null }, "geometry": { "type": "Point", "coordinates": [ 137.11407, 35.378618 ] } },
{ "type": "Feature", "properties": { "内容": "ケアリール訪問介護事業所　川合【訪問介護】岐阜県可児市川合字寺田194-1", "url": "https://www.kaigokensaku.mhlw.go.jp/21/index.php?action_kouhyou_detail_004_kani=true&JigyosyoCd=2173101540-00&ServiceCd=110&Type=search", "url2": "https://niceman-care.com/" }, "geometry": { "type": "Point", "coordinates": [ 137.061723175810272, 35.439709757999005 ] } },
{ "type": "Feature", "properties": { "内容": "訪問介護ステーション　からふるサポート　ひろみ【訪問介護】岐阜県可児市広見字伊之木１３４９番地１ナーシングホームからふる　ひろみ", "url": "https://www.kaigokensaku.mhlw.go.jp/21/index.php?action_kouhyou_detail_004_kani=true&JigyosyoCd=2173101557-00&ServiceCd=110&Type=search", "url2": "https://colorfulgarden.jp/" }, "geometry": { "type": "Point", "coordinates": [ 137.064931, 35.4163482 ] } },
{ "type": "Feature", "properties": { "内容": "公益社団法人可児市シルバー人材センター介護保険事業所【訪問介護】岐阜県可児市今渡682番地1可児市福祉センター", "url": "https://www.kaigokensaku.mhlw.go.jp/21/index.php?action_kouhyou_detail_004_kani=true&JigyosyoCd=2173100245-00&ServiceCd=110&Type=search", "url2": "https://www.kani-silver.jp/" }, "geometry": { "type": "Point", "coordinates": [ 137.0403847, 35.427803 ] } },
{ "type": "Feature", "properties": { "内容": "ケアリール訪問看護ステーション　瀬田【訪問介護】岐阜県可児市瀬田465", "url": "https://www.kaigokensaku.mhlw.go.jp/21/index.php?action_kouhyou_detail_004_kani=true&JigyosyoCd=2173101607-00&ServiceCd=110&Type=search", "url2": null }, "geometry": { "type": "Point", "coordinates": [ 137.083669731494552, 35.426098515311665 ] } },
{ "type": "Feature", "properties": { "内容": "キュアステーションまはろ今渡【訪問介護】岐阜県可児市今渡２７５１", "url": "https://www.kaigokensaku.mhlw.go.jp/21/index.php?action_kouhyou_detail_004_kani=true&JigyosyoCd=2173101037-00&ServiceCd=110&Type=search", "url2": "http://www.generous.co.jp/" }, "geometry": { "type": "Point", "coordinates": [ 137.038621926242058, 35.433139502126764 ] } },
{ "type": "Feature", "properties": { "内容": "訪問介護よろずや【訪問介護】岐阜県可児市長坂1丁目３５番地", "url": "https://www.kaigokensaku.mhlw.go.jp/21/index.php?action_kouhyou_detail_004_kani=true&JigyosyoCd=2173101482-00&ServiceCd=110&Type=search", "url2": "https://www.yorozuya-gifu.com/" }, "geometry": { "type": "Point", "coordinates": [ 137.0080922, 35.4004698 ] } },
{ "type": "Feature", "properties": { "内容": "訪問介護事業所　幸【訪問介護】岐阜県可児市東帷子137-1", "url": "https://www.kaigokensaku.mhlw.go.jp/21/index.php?action_kouhyou_detail_004_kani=true&JigyosyoCd=2173101276-00&ServiceCd=110&Type=search", "url2": null }, "geometry": { "type": "Point", "coordinates": [ 137.012091534393306, 35.406390642641966 ] } },
{ "type": "Feature", "properties": { "内容": "訪問介護ステーションたいよう【訪問介護】岐阜県山県市岩佐736番地", "url": "https://www.kaigokensaku.mhlw.go.jp/21/index.php?action_kouhyou_detail_004_kani=true&JigyosyoCd=2170800524-00&ServiceCd=110&Type=search", "url2": null }, "geometry": { "type": "Point", "coordinates": [ 136.7986333, 35.5465673 ] } },
{ "type": "Feature", "properties": { "内容": "山県市社協訪問介護事業所【訪問介護】岐阜県山県市東深瀬696-1", "url": "https://www.kaigokensaku.mhlw.go.jp/21/index.php?action_kouhyou_detail_004_kani=true&JigyosyoCd=2170800193-00&ServiceCd=110&Type=search", "url2": "http://www.y-shakyo.or.jp" }, "geometry": { "type": "Point", "coordinates": [ 136.78978946997529, 35.512376401810094 ] } },
{ "type": "Feature", "properties": { "内容": "ヘルパーステーション楓【訪問介護】岐阜県山県市梅原1495番地1", "url": "https://www.kaigokensaku.mhlw.go.jp/21/index.php?action_kouhyou_detail_004_kani=true&JigyosyoCd=2170800433-00&ServiceCd=110&Type=search", "url2": "https://www.lifecreate-gifu.com" }, "geometry": { "type": "Point", "coordinates": [ 136.753512699999987, 35.51618 ] } },
{ "type": "Feature", "properties": { "内容": "株式会社愛さんさん岐阜北営業所【訪問介護】岐阜県山県市高富930番地KMﾋﾞﾙ101号", "url": "https://www.kaigokensaku.mhlw.go.jp/21/index.php?action_kouhyou_detail_004_kani=true&JigyosyoCd=2170800458-00&ServiceCd=110&Type=search", "url2": null }, "geometry": { "type": "Point", "coordinates": [ 136.790762699999959, 35.4939001 ] } },
{ "type": "Feature", "properties": { "内容": "あい訪問介護事業所【訪問介護】岐阜県山県市高木１２４－７", "url": "https://www.kaigokensaku.mhlw.go.jp/21/index.php?action_kouhyou_detail_004_kani=true&JigyosyoCd=2170800482-00&ServiceCd=110&Type=search", "url2": null }, "geometry": { "type": "Point", "coordinates": [ 136.775280400000042, 35.5072008 ] } },
{ "type": "Feature", "properties": { "内容": "ケアーサービス　ふぁいとおん【訪問介護】岐阜県山県市佐賀607-6", "url": "https://www.kaigokensaku.mhlw.go.jp/21/index.php?action_kouhyou_detail_004_kani=true&JigyosyoCd=2170800565-00&ServiceCd=110&Type=search", "url2": null }, "geometry": { "type": "Point", "coordinates": [ 130.227124300000042, 33.3078371 ] } },
{ "type": "Feature", "properties": { "内容": "ニチイケアセンターほづみ【訪問介護】岐阜県瑞穂市本田３９１－１マウンティン三洋２０１号室", "url": "https://www.kaigokensaku.mhlw.go.jp/21/index.php?action_kouhyou_detail_004_kani=true&JigyosyoCd=2173200532-00&ServiceCd=110&Type=search", "url2": "https://www.nichiigakkan.co.jp" }, "geometry": { "type": "Point", "coordinates": [ 136.6719611, 35.4129547 ] } },
{ "type": "Feature", "properties": { "内容": "ぐれーすこりーぬぎふみずほ【訪問介護】岐阜県瑞穂市古橋字苗代１３４０－１", "url": "https://www.kaigokensaku.mhlw.go.jp/21/index.php?action_kouhyou_detail_004_kani=true&JigyosyoCd=2173200623-00&ServiceCd=110&Type=search", "url2": "https://www.macbh.jp/" }, "geometry": { "type": "Point", "coordinates": [ 136.654844, 35.3925661 ] } },
{ "type": "Feature", "properties": { "内容": "株式会社新生メディカル瑞穂営業所【訪問介護】岐阜県瑞穂市只越219番地2", "url": "https://www.kaigokensaku.mhlw.go.jp/21/index.php?action_kouhyou_detail_004_kani=true&JigyosyoCd=2173200136-00&ServiceCd=110&Type=search", "url2": "http://www.shinsei-md.jp/" }, "geometry": { "type": "Point", "coordinates": [ 136.674447821587023, 35.400948422911277 ] } },
{ "type": "Feature", "properties": { "内容": "訪問介護ステーション　ハーブ・瑞穂【訪問介護】岐阜県瑞穂市本田166-2", "url": "https://www.kaigokensaku.mhlw.go.jp/21/index.php?action_kouhyou_detail_004_kani=true&JigyosyoCd=2173200268-00&ServiceCd=110&Type=search", "url2": "http://www.taiseikai.jp" }, "geometry": { "type": "Point", "coordinates": [ 136.674034901327559, 35.415671081650451 ] } },
{ "type": "Feature", "properties": { "内容": "訪問介護センター巣南【訪問介護】岐阜県瑞穂市重里2011医療型サービス付き高齢者住宅巣南内", "url": "https://www.kaigokensaku.mhlw.go.jp/21/index.php?action_kouhyou_detail_004_kani=true&JigyosyoCd=2173200300-00&ServiceCd=110&Type=search", "url2": "https://seikohkai.net/" }, "geometry": { "type": "Point", "coordinates": [ 136.65976584523014, 35.415692812027288 ] } },
{ "type": "Feature", "properties": { "内容": "訪問介護事業所　悠喜園【訪問介護】岐阜県瑞穂市古橋1784-1", "url": "https://www.kaigokensaku.mhlw.go.jp/21/index.php?action_kouhyou_detail_004_kani=true&JigyosyoCd=2173200326-00&ServiceCd=110&Type=search", "url2": "http://www.yuuki-en.com/" }, "geometry": { "type": "Point", "coordinates": [ 136.656656145574516, 35.382741007227786 ] } },
{ "type": "Feature", "properties": { "内容": "陽だまりケアサービス【訪問介護】岐阜県瑞穂市生津外宮前町2丁目2番地1", "url": "https://www.kaigokensaku.mhlw.go.jp/21/index.php?action_kouhyou_detail_004_kani=true&JigyosyoCd=2173200334-00&ServiceCd=110&Type=search", "url2": "http://www.f-hidamari.co.jp/" }, "geometry": { "type": "Point", "coordinates": [ 136.691984358642713, 35.404629521469765 ] } },
{ "type": "Feature", "properties": { "内容": "まりあんヴィラ【訪問介護】岐阜県瑞穂市牛牧1107-1", "url": "https://www.kaigokensaku.mhlw.go.jp/21/index.php?action_kouhyou_detail_004_kani=true&JigyosyoCd=2173200375-00&ServiceCd=110&Type=search", "url2": null }, "geometry": { "type": "Point", "coordinates": [ 136.6714, 35.3820659 ] } },
{ "type": "Feature", "properties": { "内容": "アバンセ介護センターほづみ【訪問介護】岐阜県瑞穂市稲里141番地1", "url": "https://www.kaigokensaku.mhlw.go.jp/21/index.php?action_kouhyou_detail_004_kani=true&JigyosyoCd=2173200466-00&ServiceCd=110&Type=search", "url2": "https://a-lifesupport.co.jp/" }, "geometry": { "type": "Point", "coordinates": [ 136.6848099, 35.3903124 ] } },
{ "type": "Feature", "properties": { "内容": "ヘルパーステーションにこり【訪問介護】岐阜県瑞穂市生津外宮東町1丁目55番地住宅型有料老人ホームにこり内", "url": "https://www.kaigokensaku.mhlw.go.jp/21/index.php?action_kouhyou_detail_004_kani=true&JigyosyoCd=2173200508-00&ServiceCd=110&Type=search", "url2": "http://nikori.co.jp" }, "geometry": { "type": "Point", "coordinates": [ 136.69092658213961, 35.406844793800957 ] } },
{ "type": "Feature", "properties": { "内容": "訪問介護センター清流【訪問介護】岐阜県瑞穂市本田908-1", "url": "https://www.kaigokensaku.mhlw.go.jp/21/index.php?action_kouhyou_detail_004_kani=true&JigyosyoCd=2173200599-00&ServiceCd=110&Type=search", "url2": null }, "geometry": { "type": "Point", "coordinates": [ 136.6787127, 35.4054512 ] } },
{ "type": "Feature", "properties": { "内容": "医療特化型　住宅型有料老人ホーム「Re・住む　和の輪」【訪問介護】岐阜県瑞穂市祖父江２８７番地の１", "url": "https://www.kaigokensaku.mhlw.go.jp/21/index.php?action_kouhyou_detail_004_kani=true&JigyosyoCd=2173200482-00&ServiceCd=110&Type=search", "url2": "https://rizumu0701.com/" }, "geometry": { "type": "Point", "coordinates": [ 136.685070285705592, 35.379214824070658 ] } },
{ "type": "Feature", "properties": { "内容": "訪問介護事業所　こころづくし【訪問介護】岐阜県瑞穂市稲里721番地－106号", "url": "https://www.kaigokensaku.mhlw.go.jp/21/index.php?action_kouhyou_detail_004_kani=true&JigyosyoCd=2173200581-00&ServiceCd=110&Type=search", "url2": null }, "geometry": { "type": "Point", "coordinates": [ 136.6861347, 35.3822205 ] } },
{ "type": "Feature", "properties": { "内容": "ホームヘルプサービスたんぽぽ苑【訪問介護】岐阜県飛騨市神岡町殿1081-53", "url": "https://www.kaigokensaku.mhlw.go.jp/21/index.php?action_kouhyou_detail_004_kani=true&JigyosyoCd=2173000312-00&ServiceCd=110&Type=search", "url2": "https://www.tanpopoen.or.jp" }, "geometry": { "type": "Point", "coordinates": [ 137.30714230000001, 36.323329200000011 ] } },
{ "type": "Feature", "properties": { "内容": "吉城ホームヘルパーステーション古川【訪問介護】岐阜県飛騨市古川町下気多９９０番地飛騨市多機能型障がい者支援センター　古川いこい", "url": "https://www.kaigokensaku.mhlw.go.jp/21/index.php?action_kouhyou_detail_004_kani=true&JigyosyoCd=2173000601-00&ServiceCd=110&Type=search", "url2": "http://www.yosikifukusikai.jp/" }, "geometry": { "type": "Point", "coordinates": [ 137.189611182429616, 36.244475209545634 ] } },
{ "type": "Feature", "properties": { "内容": "ヘルパーステーション　さくらの郷【訪問介護】岐阜県飛騨市古川町杉崎597-1", "url": "https://www.kaigokensaku.mhlw.go.jp/21/index.php?action_kouhyou_detail_004_kani=true&JigyosyoCd=2173300175-00&ServiceCd=110&Type=search", "url2": "http://www.sakura-asagiri.com" }, "geometry": { "type": "Point", "coordinates": [ 137.157161, 36.252953 ] } },
{ "type": "Feature", "properties": { "内容": "えにし古川【訪問介護】岐阜県飛騨市古川町高野111番地3", "url": "https://www.kaigokensaku.mhlw.go.jp/21/index.php?action_kouhyou_detail_004_kani=true&JigyosyoCd=2173300266-00&ServiceCd=110&Type=search", "url2": null }, "geometry": { "type": "Point", "coordinates": [ 137.1818208, 36.2331743 ] } },
{ "type": "Feature", "properties": { "内容": "からふる庭園　本巣【訪問介護】岐阜県本巣市上真桑堤合2182からふる庭園本巣", "url": "https://www.kaigokensaku.mhlw.go.jp/21/index.php?action_kouhyou_detail_004_kani=true&JigyosyoCd=2173400561-00&ServiceCd=110&Type=search", "url2": "https://colorfulgarden.jp/" }, "geometry": { "type": "Point", "coordinates": [ 136.677920697683732, 35.436237260152474 ] } },
{ "type": "Feature", "properties": { "内容": "訪問介護ビリーフケア【訪問介護】岐阜県本巣市曽井中島１０１７番地３", "url": "https://www.kaigokensaku.mhlw.go.jp/21/index.php?action_kouhyou_detail_004_kani=true&JigyosyoCd=2173400595-00&ServiceCd=110&Type=search", "url2": null }, "geometry": { "type": "Point", "coordinates": [ 136.6707415, 35.486474 ] } },
{ "type": "Feature", "properties": { "内容": "本巣市ヘルパーステーションもとす【訪問介護】岐阜県本巣市曽井中島１１７０番地６本巣老人福祉センター内", "url": "https://www.kaigokensaku.mhlw.go.jp/21/index.php?action_kouhyou_detail_004_kani=true&JigyosyoCd=2173400231-00&ServiceCd=110&Type=search", "url2": "http://www.motosushi-shakyo.jp" }, "geometry": { "type": "Point", "coordinates": [ 136.668049921125771, 35.483295765757703 ] } },
{ "type": "Feature", "properties": { "内容": "ニチイケアセンター本巣【訪問介護】岐阜県本巣市曽井中島665-5", "url": "https://www.kaigokensaku.mhlw.go.jp/21/index.php?action_kouhyou_detail_004_kani=true&JigyosyoCd=2173400512-00&ServiceCd=110&Type=search", "url2": "https://www.nichiigakkan.co.jp" }, "geometry": { "type": "Point", "coordinates": [ 136.672177, 35.487557 ] } },
{ "type": "Feature", "properties": { "内容": "ヘルパーステーション柊碧【訪問介護】岐阜県本巣市三橋3丁目3アメリアコート三橋101", "url": "https://www.kaigokensaku.mhlw.go.jp/21/index.php?action_kouhyou_detail_004_kani=true&JigyosyoCd=2173400546-00&ServiceCd=110&Type=search", "url2": null }, "geometry": { "type": "Point", "coordinates": [ 136.676997300000011, 35.4463848 ] } },
{ "type": "Feature", "properties": { "内容": "アクア本巣訪問介護【訪問介護】岐阜県本巣市政田1383番地1", "url": "https://www.kaigokensaku.mhlw.go.jp/21/index.php?action_kouhyou_detail_004_kani=true&JigyosyoCd=2173400587-00&ServiceCd=110&Type=search", "url2": null }, "geometry": { "type": "Point", "coordinates": [ 136.645038216909626, 35.430480834988003 ] } },
{ "type": "Feature", "properties": { "内容": "ヘルパーステーションしろとり【訪問介護】岐阜県郡上市白鳥町白鳥2-6", "url": "https://www.kaigokensaku.mhlw.go.jp/21/index.php?action_kouhyou_detail_004_kani=true&JigyosyoCd=2111000747-00&ServiceCd=110&Type=search", "url2": "http://sumihosp.or.jp/" }, "geometry": { "type": "Point", "coordinates": [ 136.8575194, 35.8788691 ] } },
{ "type": "Feature", "properties": { "内容": "県北西部地域医療センター国保白鳥病院【訪問介護】岐阜県郡上市白鳥町為真１２０５－１", "url": "https://www.kaigokensaku.mhlw.go.jp/21/index.php?action_kouhyou_detail_004_kani=true&JigyosyoCd=2111000994-00&ServiceCd=110&Type=search", "url2": "https://www.city.gujo.gifu.jp/" }, "geometry": { "type": "Point", "coordinates": [ 136.860635799999955, 35.8796524 ] } },
{ "type": "Feature", "properties": { "内容": "ノバネットワークス【訪問介護】岐阜県郡上市八幡町稲成204番地82", "url": "https://www.kaigokensaku.mhlw.go.jp/21/index.php?action_kouhyou_detail_004_kani=true&JigyosyoCd=2171000082-00&ServiceCd=110&Type=search", "url2": "http://nobanoba.net" }, "geometry": { "type": "Point", "coordinates": [ 136.947183699999982, 35.7406719 ] } },
{ "type": "Feature", "properties": { "内容": "ホームヘルパーステーションあい愛【訪問介護】岐阜県郡上市大和町徳永618番地　デイサービスセンターやまと内", "url": "https://www.kaigokensaku.mhlw.go.jp/21/index.php?action_kouhyou_detail_004_kani=true&JigyosyoCd=2171000280-00&ServiceCd=110&Type=search", "url2": null }, "geometry": { "type": "Point", "coordinates": [ 136.929692386508123, 35.760742151479896 ] } },
{ "type": "Feature", "properties": { "内容": "訪問介護ステーションせせらぎ緑風苑【訪問介護】岐阜県郡上市八幡町旭６６３番地の６", "url": "https://www.kaigokensaku.mhlw.go.jp/21/index.php?action_kouhyou_detail_004_kani=true&JigyosyoCd=2171000348-00&ServiceCd=110&Type=search", "url2": "http://www.seseragi-r.com" }, "geometry": { "type": "Point", "coordinates": [ 136.993498100000011, 35.7715423 ] } },
{ "type": "Feature", "properties": { "内容": "JAめぐみの介護サービス郡上営業所【訪問介護】岐阜県郡上市八幡町小野４－６－１８", "url": "https://www.kaigokensaku.mhlw.go.jp/21/index.php?action_kouhyou_detail_004_kani=true&JigyosyoCd=2171000397-00&ServiceCd=110&Type=search", "url2": "http://www.ja-megumino.or.jp" }, "geometry": { "type": "Point", "coordinates": [ 136.970553600000017, 35.7547184 ] } },
{ "type": "Feature", "properties": { "内容": "合同会社まるたか訪問介護　ふれんず田代【訪問介護】岐阜県郡上市高鷲町鮎立2815番地1", "url": "https://www.kaigokensaku.mhlw.go.jp/21/index.php?action_kouhyou_detail_004_kani=true&JigyosyoCd=2171000850-00&ServiceCd=110&Type=search", "url2": "http://hp.kaipoke.biz/nc0/172325/base_0003.html" }, "geometry": { "type": "Point", "coordinates": [ 136.8620537, 35.9416463 ] } },
{ "type": "Feature", "properties": { "内容": "萩原ホームヘルパーステーション【訪問介護】岐阜県下呂市萩原町萩原８７５番地２", "url": "https://www.kaigokensaku.mhlw.go.jp/21/index.php?action_kouhyou_detail_004_kani=true&JigyosyoCd=2172800365-00&ServiceCd=110&Type=search", "url2": "http://www.gero-city-syakyo.jp" }, "geometry": { "type": "Point", "coordinates": [ 137.212931900000058, 35.8720277 ] } },
{ "type": "Feature", "properties": { "内容": "下呂ホームヘルパーステーション【訪問介護】岐阜県下呂市森883-1下呂福祉会館", "url": "https://www.kaigokensaku.mhlw.go.jp/21/index.php?action_kouhyou_detail_004_kani=true&JigyosyoCd=2172800456-00&ServiceCd=110&Type=search", "url2": "http://www.gero-city-syakyo.jp" }, "geometry": { "type": "Point", "coordinates": [ 137.2441725, 35.8029959 ] } },
{ "type": "Feature", "properties": { "内容": "ファミリア下呂ヘルパーセンター【訪問介護】岐阜県下呂市森2273", "url": "https://www.kaigokensaku.mhlw.go.jp/21/index.php?action_kouhyou_detail_004_kani=true&JigyosyoCd=2172800795-00&ServiceCd=110&Type=search", "url2": "http://www.yuzankai.com" }, "geometry": { "type": "Point", "coordinates": [ 137.250879311396346, 35.805815263356216 ] } },
{ "type": "Feature", "properties": { "内容": "金山ホームヘルパーステーション【訪問介護】岐阜県下呂市金山町大船渡600番地8下呂市役所　金山振興事務所3階", "url": "https://www.kaigokensaku.mhlw.go.jp/21/index.php?action_kouhyou_detail_004_kani=true&JigyosyoCd=2172800803-00&ServiceCd=110&Type=search", "url2": "http://www.gero-city-syakyo.jp" }, "geometry": { "type": "Point", "coordinates": [ 137.161611543956042, 35.663081258948743 ] } },
{ "type": "Feature", "properties": { "内容": "下呂幸田の杜【訪問介護】岐阜県下呂市幸田９７２－１", "url": "https://www.kaigokensaku.mhlw.go.jp/21/index.php?action_kouhyou_detail_004_kani=true&JigyosyoCd=2172800811-00&ServiceCd=110&Type=search", "url2": null }, "geometry": { "type": "Point", "coordinates": [ 137.236187, 35.8090226 ] } },
{ "type": "Feature", "properties": { "内容": "訪問介護ステーション　からふるサポート海津【訪問介護】岐阜県海津市海津町高須440", "url": "https://www.kaigokensaku.mhlw.go.jp/21/index.php?action_kouhyou_detail_004_kani=true&JigyosyoCd=2172200673-00&ServiceCd=110&Type=search", "url2": null }, "geometry": { "type": "Point", "coordinates": [ 136.628339569311493, 35.21795139867799 ] } },
{ "type": "Feature", "properties": { "内容": "ニチイケアセンター海津【訪問介護】岐阜県海津市海津町馬目字道上99-1", "url": "https://www.kaigokensaku.mhlw.go.jp/21/index.php?action_kouhyou_detail_004_kani=true&JigyosyoCd=2172200236-00&ServiceCd=110&Type=search", "url2": "http://www.nichiigakkan.co.jp" }, "geometry": { "type": "Point", "coordinates": [ 136.639478503034269, 35.22358846453384 ] } },
{ "type": "Feature", "properties": { "内容": "訪問介護事業所　春藤園【訪問介護】岐阜県海津市南濃町志津１９５１－８", "url": "https://www.kaigokensaku.mhlw.go.jp/21/index.php?action_kouhyou_detail_004_kani=true&JigyosyoCd=2172200459-00&ServiceCd=110&Type=search", "url2": "http://www.shuntouen.com" }, "geometry": { "type": "Point", "coordinates": [ 136.563140100000027, 35.245591200000014 ] } },
{ "type": "Feature", "properties": { "内容": "ヘルパーステーション　あいさん・南濃【訪問介護】岐阜県海津市南濃町志津719番地1", "url": "https://www.kaigokensaku.mhlw.go.jp/21/index.php?action_kouhyou_detail_004_kani=true&JigyosyoCd=2172200566-00&ServiceCd=110&Type=search", "url2": "http://www.aisankai.jp" }, "geometry": { "type": "Point", "coordinates": [ 136.5616652, 35.2447162 ] } },
{ "type": "Feature", "properties": { "内容": "訪問介護ステーション結【訪問介護】岐阜県海津市南濃町駒野字寺西４５５番地", "url": "https://www.kaigokensaku.mhlw.go.jp/21/index.php?action_kouhyou_detail_004_kani=true&JigyosyoCd=2172200616-00&ServiceCd=110&Type=search", "url2": "http://keiwakai911.com" }, "geometry": { "type": "Point", "coordinates": [ 136.602059485773992, 35.226290171631184 ] } },
{ "type": "Feature", "properties": { "内容": "どんぐりライフ【訪問介護】岐阜県海津市海津町福江845番地の1どんぐりライフ", "url": "https://www.kaigokensaku.mhlw.go.jp/21/index.php?action_kouhyou_detail_004_kani=true&JigyosyoCd=2172200632-00&ServiceCd=110&Type=search", "url2": "http://www.dongurinoki.co.jp/" }, "geometry": { "type": "Point", "coordinates": [ 136.664158600000064, 35.1735958 ] } },
{ "type": "Feature", "properties": { "内容": "ひまわりケアサービス　三川【訪問介護】岐阜県海津市海津町福江字角山1066番地ひまわり会館　三川公園", "url": "https://www.kaigokensaku.mhlw.go.jp/21/index.php?action_kouhyou_detail_004_kani=true&JigyosyoCd=2172200640-00&ServiceCd=110&Type=search", "url2": "https://himawari-care-s.com/" }, "geometry": { "type": "Point", "coordinates": [ 136.669285834146081, 35.167247746825161 ] } },
{ "type": "Feature", "properties": { "内容": "土屋訪問介護事業所　各務原センター【訪問介護】岐阜県羽島郡岐南町徳田三丁目235番地シャンポール戸崎　2階203号室", "url": "https://www.kaigokensaku.mhlw.go.jp/21/index.php?action_kouhyou_detail_004_kani=true&JigyosyoCd=2170601393-00&ServiceCd=110&Type=search", "url2": "asuha-kaigo.com" }, "geometry": { "type": "Point", "coordinates": [ 136.775061506745885, 35.382850334968957 ] } },
{ "type": "Feature", "properties": { "内容": "訪問介護ステーションえん【訪問介護】岐阜県羽島郡岐南町上印食2丁目４１番地アビタシオン堀10１", "url": "https://www.kaigokensaku.mhlw.go.jp/21/index.php?action_kouhyou_detail_004_kani=true&JigyosyoCd=2170601070-00&ServiceCd=110&Type=search", "url2": null }, "geometry": { "type": "Point", "coordinates": [ 136.7862954, 35.3996597 ] } },
{ "type": "Feature", "properties": { "内容": "みのり介護サ―ビス【訪問介護】岐阜県羽島郡岐南町上印食4丁目22番地", "url": "https://www.kaigokensaku.mhlw.go.jp/21/index.php?action_kouhyou_detail_004_kani=true&JigyosyoCd=2170600445-00&ServiceCd=110&Type=search", "url2": null }, "geometry": { "type": "Point", "coordinates": [ 136.78930749999995, 35.39547970000001 ] } },
{ "type": "Feature", "properties": { "内容": "にっけん介護岐南ケアセンター【訪問介護】岐阜県羽島郡岐南町平成1-3岐南町商工会館7階", "url": "https://www.kaigokensaku.mhlw.go.jp/21/index.php?action_kouhyou_detail_004_kani=true&JigyosyoCd=2170600692-00&ServiceCd=110&Type=search", "url2": "https://www.gifu-healthmedical.jp/" }, "geometry": { "type": "Point", "coordinates": [ 136.783664677246179, 35.387841909051232 ] } },
{ "type": "Feature", "properties": { "内容": "サンライズケアステーション【訪問介護】岐阜県羽島郡岐南町八剣2丁目27番地", "url": "https://www.kaigokensaku.mhlw.go.jp/21/index.php?action_kouhyou_detail_004_kani=true&JigyosyoCd=2170600700-00&ServiceCd=110&Type=search", "url2": "http://sunrise-station.jp" }, "geometry": { "type": "Point", "coordinates": [ 136.781646702455191, 35.392951777742688 ] } },
{ "type": "Feature", "properties": { "内容": "訪問ケアステーション雅【訪問介護】岐阜県羽島郡岐南町三宅1丁目38番地サンライズ栄206号号室", "url": "https://www.kaigokensaku.mhlw.go.jp/21/index.php?action_kouhyou_detail_004_kani=true&JigyosyoCd=2170601385-00&ServiceCd=110&Type=search", "url2": "www.maronbooks.com" }, "geometry": { "type": "Point", "coordinates": [ 136.793231600000013, 35.3951035 ] } },
{ "type": "Feature", "properties": { "内容": "ふれあいケアステーション【訪問介護】岐阜県羽島郡笠松町円城寺964-1", "url": "https://www.kaigokensaku.mhlw.go.jp/21/index.php?action_kouhyou_detail_004_kani=true&JigyosyoCd=2170600288-00&ServiceCd=110&Type=search", "url2": "https://www.mutsumikai.or.jp" }, "geometry": { "type": "Point", "coordinates": [ 136.7899691, 35.3753633 ] } },
{ "type": "Feature", "properties": { "内容": "まつなみ訪問介護ステーション【訪問介護】岐阜県羽島郡笠松町田代１８５番地１", "url": "https://www.kaigokensaku.mhlw.go.jp/21/index.php?action_kouhyou_detail_004_kani=true&JigyosyoCd=2170600668-00&ServiceCd=110&Type=search", "url2": "http://www.matsunami-hsp.or.jp" }, "geometry": { "type": "Point", "coordinates": [ 136.757673876721128, 35.362951776168195 ] } },
{ "type": "Feature", "properties": { "内容": "ヘルパーステーションベスト【訪問介護】岐阜県羽島郡笠松町上本町65-1", "url": "https://www.kaigokensaku.mhlw.go.jp/21/index.php?action_kouhyou_detail_004_kani=true&JigyosyoCd=2170600973-00&ServiceCd=110&Type=search", "url2": "https://best-sakura.com/kasamatsu" }, "geometry": { "type": "Point", "coordinates": [ 136.761914230024786, 35.367151231947474 ] } },
{ "type": "Feature", "properties": { "内容": "ニチイケアセンター岐阜南【訪問介護】岐阜県羽島郡笠松町北及1811番地", "url": "https://www.kaigokensaku.mhlw.go.jp/21/index.php?action_kouhyou_detail_004_kani=true&JigyosyoCd=2170600999-00&ServiceCd=110&Type=search", "url2": "http://www.nichiigakkan.co.jp" }, "geometry": { "type": "Point", "coordinates": [ 136.745998, 35.3542804 ] } },
{ "type": "Feature", "properties": { "内容": "からふるサポート　かさまつ【訪問介護】岐阜県羽島郡笠松町田代字若宮1088番地1", "url": "https://www.kaigokensaku.mhlw.go.jp/21/index.php?action_kouhyou_detail_004_kani=true&JigyosyoCd=2170601328-00&ServiceCd=110&Type=search", "url2": "http://colorfulgarden.jp" }, "geometry": { "type": "Point", "coordinates": [ 136.743755391777427, 35.360551941727287 ] } },
{ "type": "Feature", "properties": { "内容": "訪問介護リライブ笠松【訪問介護】岐阜県羽島郡笠松町長池４８９番地8りらいぶ笠松", "url": "https://www.kaigokensaku.mhlw.go.jp/21/index.php?action_kouhyou_detail_004_kani=true&JigyosyoCd=2170601344-00&ServiceCd=110&Type=search", "url2": null }, "geometry": { "type": "Point", "coordinates": [ 136.747772433259115, 35.357844168270518 ] } },
{ "type": "Feature", "properties": { "内容": "訪問介護事業所　志野【訪問介護】岐阜県羽島郡笠松町円城寺620", "url": "https://www.kaigokensaku.mhlw.go.jp/21/index.php?action_kouhyou_detail_004_kani=true&JigyosyoCd=2170601302-00&ServiceCd=110&Type=search", "url2": "https://www.area-support-japan.com" }, "geometry": { "type": "Point", "coordinates": [ 136.784770645911095, 35.37798788012838 ] } },
{ "type": "Feature", "properties": { "内容": "心音ケアセンター笠松　訪問介護事業所【訪問介護】岐阜県羽島郡笠松町北及1825番地", "url": "https://www.kaigokensaku.mhlw.go.jp/21/index.php?action_kouhyou_detail_004_kani=true&JigyosyoCd=2170601112-00&ServiceCd=110&Type=search", "url2": "http://www.weecs.net" }, "geometry": { "type": "Point", "coordinates": [ 136.74590790000002, 35.3534901 ] } },
{ "type": "Feature", "properties": { "内容": "ニチイケアセンター養老【訪問介護】岐阜県養老郡養老町柏尾字谷口773-1ヴィラ養老パートⅠ　203号室", "url": "https://www.kaigokensaku.mhlw.go.jp/21/index.php?action_kouhyou_detail_004_kani=true&JigyosyoCd=2172300507-00&ServiceCd=110&Type=search", "url2": null }, "geometry": { "type": "Point", "coordinates": [ 136.546827025386108, 35.293520637118327 ] } },
{ "type": "Feature", "properties": { "内容": "訪問介護ステーションあん【訪問介護】岐阜県養老郡養老町押越700-1", "url": "https://www.kaigokensaku.mhlw.go.jp/21/index.php?action_kouhyou_detail_004_kani=true&JigyosyoCd=2172300515-00&ServiceCd=110&Type=search", "url2": null }, "geometry": { "type": "Point", "coordinates": [ 136.556737700000014, 35.3070543 ] } },
{ "type": "Feature", "properties": { "内容": "訪問介護まごころ【訪問介護】岐阜県養老郡養老町船附字中代１３４３番地２階", "url": "https://www.kaigokensaku.mhlw.go.jp/21/index.php?action_kouhyou_detail_004_kani=true&JigyosyoCd=2172300523-00&ServiceCd=110&Type=search", "url2": null }, "geometry": { "type": "Point", "coordinates": [ 136.600805214680491, 35.283843195520042 ] } },
{ "type": "Feature", "properties": { "内容": "白鶴荘ヘルパーステーション【訪問介護】岐阜県養老郡養老町柏尾463番地1", "url": "https://www.kaigokensaku.mhlw.go.jp/21/index.php?action_kouhyou_detail_004_kani=true&JigyosyoCd=2172300127-00&ServiceCd=110&Type=search", "url2": "http://www.hakkakuso.com/" }, "geometry": { "type": "Point", "coordinates": [ 136.546368199999961, 35.2938287 ] } },
{ "type": "Feature", "properties": { "内容": "訪問介護ステーションあいあい【訪問介護】岐阜県不破郡垂井町清水1-139", "url": "https://www.kaigokensaku.mhlw.go.jp/21/index.php?action_kouhyou_detail_004_kani=true&JigyosyoCd=2172400075-00&ServiceCd=110&Type=search", "url2": "http://www.hakuaikai.jp/aiai.html" }, "geometry": { "type": "Point", "coordinates": [ 136.525562900000068, 35.3748196 ] } },
{ "type": "Feature", "properties": { "内容": "夢【訪問介護】岐阜県不破郡垂井町表佐709-1有料老人ホームもりの里", "url": "https://www.kaigokensaku.mhlw.go.jp/21/index.php?action_kouhyou_detail_004_kani=true&JigyosyoCd=2172400380-00&ServiceCd=110&Type=search", "url2": "https://www.yamakaigo.co.jp/index.html" }, "geometry": { "type": "Point", "coordinates": [ 136.548461, 35.365168 ] } },
{ "type": "Feature", "properties": { "内容": "訪問介護みらい【訪問介護】岐阜県不破郡垂井町772-17", "url": "https://www.kaigokensaku.mhlw.go.jp/21/index.php?action_kouhyou_detail_004_kani=true&JigyosyoCd=2172400505-00&ServiceCd=110&Type=search", "url2": "siegtrust.jimdofree.com" }, "geometry": { "type": "Point", "coordinates": [ 136.52153136580128, 35.370966420375431 ] } },
{ "type": "Feature", "properties": { "内容": "訪問介護ステーション　SKC－Help【訪問介護】岐阜県不破郡関ケ原町大字関ケ原字東野3441番4有料老人ホームかわせみ", "url": "https://www.kaigokensaku.mhlw.go.jp/21/index.php?action_kouhyou_detail_004_kani=true&JigyosyoCd=2172400448-00&ServiceCd=110&Type=search", "url2": "http://www.sekigahara-cl.com/" }, "geometry": { "type": "Point", "coordinates": [ 136.473167279371324, 35.359712426093182 ] } },
{ "type": "Feature", "properties": { "内容": "関ケ原町ヘルパーステーション【訪問介護】岐阜県不破郡関ケ原町大字関ケ原2490番地の29", "url": "https://www.kaigokensaku.mhlw.go.jp/21/index.php?action_kouhyou_detail_004_kani=true&JigyosyoCd=2172400182-00&ServiceCd=110&Type=search", "url2": "http://www.town.sekigahara.gifu.jp/" }, "geometry": { "type": "Point", "coordinates": [ 136.466573899999958, 35.3590347 ] } },
{ "type": "Feature", "properties": { "内容": "神戸町訪問介護ステーション【訪問介護】岐阜県安八郡神戸町大字八条２５８番地の２", "url": "https://www.kaigokensaku.mhlw.go.jp/21/index.php?action_kouhyou_detail_004_kani=true&JigyosyoCd=2172500106-00&ServiceCd=110&Type=search", "url2": "http://www.godo-shakyo.jp/" }, "geometry": { "type": "Point", "coordinates": [ 136.603204099999971, 35.4072971 ] } },
{ "type": "Feature", "properties": { "内容": "ヘルパーステーションライズ【訪問介護】岐阜県安八郡神戸町北一色2-1", "url": "https://www.kaigokensaku.mhlw.go.jp/21/index.php?action_kouhyou_detail_004_kani=true&JigyosyoCd=2172500304-00&ServiceCd=110&Type=search", "url2": "http://www.rise-life.co.jp" }, "geometry": { "type": "Point", "coordinates": [ 136.585344699999951, 35.4291881 ] } },
{ "type": "Feature", "properties": { "内容": "スローライフ介護風庵【訪問介護】岐阜県安八郡神戸町大字加納１１６番地の２", "url": "https://www.kaigokensaku.mhlw.go.jp/21/index.php?action_kouhyou_detail_004_kani=true&JigyosyoCd=2172500288-00&ServiceCd=110&Type=search", "url2": null }, "geometry": { "type": "Point", "coordinates": [ 136.606723099999954, 35.3999372 ] } },
{ "type": "Feature", "properties": { "内容": "あみーごライフ輪之内【訪問介護】岐阜県安八郡輪之内町南波150-1有料老人ホーム　あみーご倶楽部輪之内", "url": "https://www.kaigokensaku.mhlw.go.jp/21/index.php?action_kouhyou_detail_004_kani=true&JigyosyoCd=2172500445-00&ServiceCd=110&Type=search", "url2": "http://amigo-net.jp/" }, "geometry": { "type": "Point", "coordinates": [ 136.6326242, 35.3056858 ] } },
{ "type": "Feature", "properties": { "内容": "プランニングケアステーション【訪問介護】岐阜県安八郡安八町大森277番地Surplus1Fullhouse102", "url": "https://www.kaigokensaku.mhlw.go.jp/21/index.php?action_kouhyou_detail_004_kani=true&JigyosyoCd=2172500411-00&ServiceCd=110&Type=search", "url2": null }, "geometry": { "type": "Point", "coordinates": [ 136.672752329966642, 35.329780796706899 ] } },
{ "type": "Feature", "properties": { "内容": "サンサンひかり【訪問介護】岐阜県安八郡安八町大森424番地1（2階）", "url": "https://www.kaigokensaku.mhlw.go.jp/21/index.php?action_kouhyou_detail_004_kani=true&JigyosyoCd=2172500502-00&ServiceCd=110&Type=search", "url2": null }, "geometry": { "type": "Point", "coordinates": [ 136.6710065, 35.3285712 ] } },
{ "type": "Feature", "properties": { "内容": "訪問介護ゆとり【訪問介護】岐阜県安八郡安八町牧字一番割127-3", "url": "https://www.kaigokensaku.mhlw.go.jp/21/index.php?action_kouhyou_detail_004_kani=true&JigyosyoCd=2172500528-00&ServiceCd=110&Type=search", "url2": "www.seiyou.co.jp" }, "geometry": { "type": "Point", "coordinates": [ 136.649668457371291, 35.336795612023899 ] } },
{ "type": "Feature", "properties": { "内容": "JAいび川訪問介護ステーション【訪問介護】岐阜県揖斐郡揖斐川町三輪字中新田2439-1", "url": "https://www.kaigokensaku.mhlw.go.jp/21/index.php?action_kouhyou_detail_004_kani=true&JigyosyoCd=2172600153-00&ServiceCd=110&Type=search", "url2": null }, "geometry": { "type": "Point", "coordinates": [ 136.575033445238745, 35.483517753950736 ] } },
{ "type": "Feature", "properties": { "内容": "指定訪問介護事業所ハートヴィレッヂ谷汲の杜【訪問介護】岐阜県揖斐郡揖斐川町谷汲名礼1248-13", "url": "https://www.kaigokensaku.mhlw.go.jp/21/index.php?action_kouhyou_detail_004_kani=true&JigyosyoCd=2172600534-00&ServiceCd=110&Type=search", "url2": "http://www.daiwa-center.jp/" }, "geometry": { "type": "Point", "coordinates": [ 136.60143370000003, 35.5279404 ] } },
{ "type": "Feature", "properties": { "内容": "揖斐川町社協ホームヘルプサービス事業所【訪問介護】岐阜県揖斐郡揖斐川町谷汲名礼265-43番地", "url": "https://www.kaigokensaku.mhlw.go.jp/21/index.php?action_kouhyou_detail_004_kani=true&JigyosyoCd=2172600864-00&ServiceCd=110&Type=search", "url2": "http://www.ibi-syakyou.jp/" }, "geometry": { "type": "Point", "coordinates": [ 136.565236499999969, 35.4895392 ] } },
{ "type": "Feature", "properties": { "内容": "こもれびの里【訪問介護】岐阜県揖斐郡大野町大字瀬古614番1", "url": "https://www.kaigokensaku.mhlw.go.jp/21/index.php?action_kouhyou_detail_004_kani=true&JigyosyoCd=2172601235-00&ServiceCd=110&Type=search", "url2": "https://komorebinosato-syouwa.jp/" }, "geometry": { "type": "Point", "coordinates": [ 136.605786369805884, 35.469915042889326 ] } },
{ "type": "Feature", "properties": { "内容": "大野町社会福祉協議会訪問介護事業所【訪問介護】岐阜県揖斐郡大野町大字大野80番地", "url": "https://www.kaigokensaku.mhlw.go.jp/21/index.php?action_kouhyou_detail_004_kani=true&JigyosyoCd=2172600203-00&ServiceCd=110&Type=search", "url2": "http://www.ip.mirai.ne.jp/~ono-shakyo/" }, "geometry": { "type": "Point", "coordinates": [ 136.644636399999968, 35.4652901 ] } },
{ "type": "Feature", "properties": { "内容": "訪問介護事業所　ゆとり【訪問介護】岐阜県揖斐郡大野町大野924-8", "url": "https://www.kaigokensaku.mhlw.go.jp/21/index.php?action_kouhyou_detail_004_kani=true&JigyosyoCd=2172601359-00&ServiceCd=110&Type=search", "url2": null }, "geometry": { "type": "Point", "coordinates": [ 136.635591493392894, 35.478642281140679 ] } },
{ "type": "Feature", "properties": { "内容": "株式会社新生メディカル　池田営業所【訪問介護】岐阜県揖斐郡池田町本郷1531-1", "url": "https://www.kaigokensaku.mhlw.go.jp/21/index.php?action_kouhyou_detail_004_kani=true&JigyosyoCd=2172600021-00&ServiceCd=110&Type=search", "url2": "http://www.shinsei-md.jp/" }, "geometry": { "type": "Point", "coordinates": [ 136.574906300000066, 35.4428948 ] } },
{ "type": "Feature", "properties": { "内容": "池田町社協訪問介護事業所【訪問介護】岐阜県揖斐郡池田町本郷1628-2池田町福祉センター内", "url": "https://www.kaigokensaku.mhlw.go.jp/21/index.php?action_kouhyou_detail_004_kani=true&JigyosyoCd=2172600278-00&ServiceCd=110&Type=search", "url2": "http://www.town.ikeda.gifu.jp/shakyou/" }, "geometry": { "type": "Point", "coordinates": [ 136.576786555711379, 35.443187544887323 ] } },
{ "type": "Feature", "properties": { "内容": "ケアリール訪問介護事業所　北方【訪問介護】岐阜県本巣郡北方町高屋条里３丁目123-1", "url": "https://www.kaigokensaku.mhlw.go.jp/21/index.php?action_kouhyou_detail_004_kani=true&JigyosyoCd=2170700732-00&ServiceCd=110&Type=search", "url2": "https://niceman-care.com" }, "geometry": { "type": "Point", "coordinates": [ 136.6883422, 35.4139099 ] } },
{ "type": "Feature", "properties": { "内容": "北方町ホームヘルパーステーション【訪問介護】岐阜県本巣郡北方町高屋白木2丁目38番地", "url": "https://www.kaigokensaku.mhlw.go.jp/21/index.php?action_kouhyou_detail_004_kani=true&JigyosyoCd=2170700286-00&ServiceCd=110&Type=search", "url2": "https://kitagatashakyo.or.jp/facility/#facility_02" }, "geometry": { "type": "Point", "coordinates": [ 136.690119699999968, 35.416787 ] } },
{ "type": "Feature", "properties": { "内容": "もとす訪問介護ヘルパーセンター【訪問介護】岐阜県本巣郡北方町北方３２１９番地２５", "url": "https://www.kaigokensaku.mhlw.go.jp/21/index.php?action_kouhyou_detail_004_kani=true&JigyosyoCd=2170700377-00&ServiceCd=110&Type=search", "url2": "http://www.motosu.gifu.med.or.jp" }, "geometry": { "type": "Point", "coordinates": [ 136.678389599999946, 35.4394645 ] } },
{ "type": "Feature", "properties": { "内容": "ヘルパーステーションれんげ【訪問介護】岐阜県本巣郡北方町平成3丁目55番地", "url": "https://www.kaigokensaku.mhlw.go.jp/21/index.php?action_kouhyou_detail_004_kani=true&JigyosyoCd=2170700559-00&ServiceCd=110&Type=search", "url2": "http://rengegroup.com" }, "geometry": { "type": "Point", "coordinates": [ 136.682025599999946, 35.4310379 ] } },
{ "type": "Feature", "properties": { "内容": "花もも介護【訪問介護】岐阜県本巣郡北方町高屋白木３丁目８４番地１", "url": "https://www.kaigokensaku.mhlw.go.jp/21/index.php?action_kouhyou_detail_004_kani=true&JigyosyoCd=2170700666-00&ServiceCd=110&Type=search", "url2": null }, "geometry": { "type": "Point", "coordinates": [ 136.691386131456369, 35.415240431374194 ] } },
{ "type": "Feature", "properties": { "内容": "ケアステーションうれし野【訪問介護】岐阜県本巣郡北方町高屋伊勢田1丁目83番地レジデンスうれし野", "url": "https://www.kaigokensaku.mhlw.go.jp/21/index.php?action_kouhyou_detail_004_kani=true&JigyosyoCd=2170700674-00&ServiceCd=110&Type=search", "url2": "http://www.ureshino.or.jp/" }, "geometry": { "type": "Point", "coordinates": [ 136.6927451, 35.414399799999984 ] } },
{ "type": "Feature", "properties": { "内容": "訪問介護ＣＣＭ【訪問介護】岐阜県本巣郡北方町高屋伊勢田2丁目24番地", "url": "https://www.kaigokensaku.mhlw.go.jp/21/index.php?action_kouhyou_detail_004_kani=true&JigyosyoCd=2170700716-00&ServiceCd=110&Type=search", "url2": null }, "geometry": { "type": "Point", "coordinates": [ 136.690574700000013, 35.4125604 ] } },
{ "type": "Feature", "properties": { "内容": "訪問介護ステーション　ニューバード【訪問介護】岐阜県本巣郡北方町北方1711番1", "url": "https://www.kaigokensaku.mhlw.go.jp/21/index.php?action_kouhyou_detail_004_kani=true&JigyosyoCd=2170700724-00&ServiceCd=110&Type=search", "url2": null }, "geometry": { "type": "Point", "coordinates": [ 136.6823561, 35.4378619 ] } },
{ "type": "Feature", "properties": { "内容": "訪問介護　ステーションすかい【訪問介護】岐阜県加茂郡坂祝町取組46番地28", "url": "https://www.kaigokensaku.mhlw.go.jp/21/index.php?action_kouhyou_detail_004_kani=true&JigyosyoCd=2171301076-00&ServiceCd=110&Type=search", "url2": null }, "geometry": { "type": "Point", "coordinates": [ 136.98542230000001, 35.4260905 ] } },
{ "type": "Feature", "properties": { "内容": "ケアリール訪問介護事業所坂祝【訪問介護】岐阜県加茂郡坂祝町黒岩612-1", "url": "https://www.kaigokensaku.mhlw.go.jp/21/index.php?action_kouhyou_detail_004_kani=true&JigyosyoCd=2171301100-00&ServiceCd=110&Type=search", "url2": "https://www.wakao-ceramic.com/" }, "geometry": { "type": "Point", "coordinates": [ 136.973340202596944, 35.442483444332403 ] } },
{ "type": "Feature", "properties": { "内容": "坂祝町社協指定訪問介護事業所【訪問介護】岐阜県加茂郡坂祝町黒岩153番地1総合福祉会館サンライフさかほぎ", "url": "https://www.kaigokensaku.mhlw.go.jp/21/index.php?action_kouhyou_detail_004_kani=true&JigyosyoCd=2171300417-00&ServiceCd=110&Type=search", "url2": "http://www.sakasyakyou.jp/" }, "geometry": { "type": "Point", "coordinates": [ 136.979431699999964, 35.4406823 ] } },
{ "type": "Feature", "properties": { "内容": "株式会社　楽・笑【訪問介護】岐阜県加茂郡坂祝町酒倉1034番地3", "url": "https://www.kaigokensaku.mhlw.go.jp/21/index.php?action_kouhyou_detail_004_kani=true&JigyosyoCd=2171300987-00&ServiceCd=110&Type=search", "url2": "https://www.instagram.com/rakusho1234/" }, "geometry": { "type": "Point", "coordinates": [ 137.000324785284903, 35.439985541195881 ] } },
{ "type": "Feature", "properties": { "内容": "川辺町社会福祉協議会指定居宅介護支援事業所【訪問介護】岐阜県加茂郡川辺町石神１２８番地やすらぎの家", "url": "https://www.kaigokensaku.mhlw.go.jp/21/index.php?action_kouhyou_detail_004_kani=true&JigyosyoCd=2171300284-00&ServiceCd=110&Type=search", "url2": "http://www.kawabesyakyo.jp/" }, "geometry": { "type": "Point", "coordinates": [ 137.070974699999965, 35.494714 ] } },
{ "type": "Feature", "properties": { "内容": "八百津町指定訪問介護事業所【訪問介護】岐阜県加茂郡八百津町八百津３８３６番地３", "url": "https://www.kaigokensaku.mhlw.go.jp/21/index.php?action_kouhyou_detail_004_kani=true&JigyosyoCd=2171300136-00&ServiceCd=110&Type=search", "url2": "https://www.yaotu-shakyo.or.jp" }, "geometry": { "type": "Point", "coordinates": [ 137.143501799999967, 35.4768129 ] } },
{ "type": "Feature", "properties": { "内容": "訪問介護ふくろう【訪問介護】岐阜県加茂郡八百津町久田見3326-2", "url": "https://www.kaigokensaku.mhlw.go.jp/21/index.php?action_kouhyou_detail_004_kani=true&JigyosyoCd=2171301092-00&ServiceCd=110&Type=search", "url2": "uribou-houkan.jimdofree.com" }, "geometry": { "type": "Point", "coordinates": [ 137.19535964147326, 35.516277527300183 ] } },
{ "type": "Feature", "properties": { "内容": "ヘルパーステーションやまびこ【訪問介護】岐阜県加茂郡白川町坂ノ東５７００", "url": "https://www.kaigokensaku.mhlw.go.jp/21/index.php?action_kouhyou_detail_004_kani=true&JigyosyoCd=2111300626-00&ServiceCd=110&Type=search", "url2": "http://www.shirakawahp.com" }, "geometry": { "type": "Point", "coordinates": [ 137.164928700000019, 35.6036807 ] } },
{ "type": "Feature", "properties": { "内容": "白川町訪問介護センター【訪問介護】岐阜県加茂郡白川町三川2065番地の２", "url": "https://www.kaigokensaku.mhlw.go.jp/21/index.php?action_kouhyou_detail_004_kani=true&JigyosyoCd=2171300227-00&ServiceCd=110&Type=search", "url2": "https://shirakawa-shakyo.or.jp" }, "geometry": { "type": "Point", "coordinates": [ 137.2120493, 35.5719276 ] } },
{ "type": "Feature", "properties": { "内容": "桧のさと訪問介護ステーション【訪問介護】岐阜県加茂郡白川町黒川９４１番地３", "url": "https://www.kaigokensaku.mhlw.go.jp/21/index.php?action_kouhyou_detail_004_kani=true&JigyosyoCd=2171300995-00&ServiceCd=110&Type=search", "url2": null }, "geometry": { "type": "Point", "coordinates": [ 137.3604511, 35.5804609 ] } },
{ "type": "Feature", "properties": { "内容": "御嵩町社会福祉協議会【訪問介護】岐阜県可児郡御嵩町御嵩1239番地10希らり館", "url": "https://www.kaigokensaku.mhlw.go.jp/21/index.php?action_kouhyou_detail_004_kani=true&JigyosyoCd=2171400068-00&ServiceCd=110&Type=search", "url2": "https://mitake-syakyo.jp/" }, "geometry": { "type": "Point", "coordinates": [ 137.130776400000059, 35.4338037 ] } },
{ "type": "Feature", "properties": { "内容": "はなたまヘルパーステーション【訪問介護】岐阜県可児郡御嵩町中１４３１番地１", "url": "https://www.kaigokensaku.mhlw.go.jp/21/index.php?action_kouhyou_detail_004_kani=true&JigyosyoCd=2171400209-00&ServiceCd=110&Type=search", "url2": null }, "geometry": { "type": "Point", "coordinates": [ 137.115616400000022, 35.4425243 ] } }
]
}
