{
"type": "FeatureCollection",
"name": "geo_21_通所介護",
"crs": { "type": "name", "properties": { "name": "urn:ogc:def:crs:OGC:1.3:CRS84" } },
"features": [
{ "type": "Feature", "properties": { "内容": "げんきの家デイサービス【通所介護】岐阜県岐阜市福富天神前299-3", "url": "https://www.kaigokensaku.mhlw.go.jp/21/index.php?action_kouhyou_detail_004_kani=true&JigyosyoCd=2170113399-00&ServiceCd=150&Type=search", "url2": null }, "geometry": { "type": "Point", "coordinates": [ 136.815493300000071, 35.4840659 ] } },
{ "type": "Feature", "properties": { "内容": "コンパスウォーク美園【通所介護】岐阜県岐阜市美園町2丁目17", "url": "https://www.kaigokensaku.mhlw.go.jp/21/index.php?action_kouhyou_detail_004_kani=true&JigyosyoCd=2170114686-00&ServiceCd=150&Type=search", "url2": null }, "geometry": { "type": "Point", "coordinates": [ 136.763301045940409, 35.420278453926514 ] } },
{ "type": "Feature", "properties": { "内容": "げんきの家リハビリデイサービス【通所介護】岐阜県岐阜市粟野西5-713", "url": "https://www.kaigokensaku.mhlw.go.jp/21/index.php?action_kouhyou_detail_004_kani=true&JigyosyoCd=2170114959-00&ServiceCd=150&Type=search", "url2": null }, "geometry": { "type": "Point", "coordinates": [ 136.773587622753922, 35.481817829168889 ] } },
{ "type": "Feature", "properties": { "内容": "デイサービスセンターいきいき【通所介護】岐阜県岐阜市玉井町17番地", "url": "https://www.kaigokensaku.mhlw.go.jp/21/index.php?action_kouhyou_detail_004_kani=true&JigyosyoCd=2170102046-00&ServiceCd=150&Type=search", "url2": "http://www.koukeikai.jp" }, "geometry": { "type": "Point", "coordinates": [ 136.770571799999971, 35.4366162 ] } },
{ "type": "Feature", "properties": { "内容": "第２とまと介護支援センター【通所介護】岐阜県岐阜市六条片田１－１６－１０", "url": "https://www.kaigokensaku.mhlw.go.jp/21/index.php?action_kouhyou_detail_004_kani=true&JigyosyoCd=2170105320-00&ServiceCd=150&Type=search", "url2": "http://tera-b.com" }, "geometry": { "type": "Point", "coordinates": [ 136.746722185844419, 35.394342940159504 ] } },
{ "type": "Feature", "properties": { "内容": "デイサービスセンター　おひさまの笑顔【通所介護】岐阜県岐阜市茜部寺屋敷2丁目43番地", "url": "https://www.kaigokensaku.mhlw.go.jp/21/index.php?action_kouhyou_detail_004_kani=true&JigyosyoCd=2170111161-00&ServiceCd=150&Type=search", "url2": "http://www.ohisamanoegao.com" }, "geometry": { "type": "Point", "coordinates": [ 136.751335388638267, 35.376948282452929 ] } },
{ "type": "Feature", "properties": { "内容": "デイサービス白心【通所介護】岐阜県岐阜市柳津町丸野１丁目７２番地", "url": "https://www.kaigokensaku.mhlw.go.jp/21/index.php?action_kouhyou_detail_004_kani=true&JigyosyoCd=2170600114-00&ServiceCd=150&Type=search", "url2": null }, "geometry": { "type": "Point", "coordinates": [ 136.729048799999987, 35.366819 ] } },
{ "type": "Feature", "properties": { "内容": "デイサービスセンター忠節【通所介護】岐阜県岐阜市忠節町4-74-1", "url": "https://www.kaigokensaku.mhlw.go.jp/21/index.php?action_kouhyou_detail_004_kani=true&JigyosyoCd=2170115956-00&ServiceCd=150&Type=search", "url2": "http://www.life-net50.co.jp/" }, "geometry": { "type": "Point", "coordinates": [ 136.752222167459109, 35.427995909493141 ] } },
{ "type": "Feature", "properties": { "内容": "芥見ケアセンター【通所介護】岐阜県岐阜市芥見長山３丁目１０４番地", "url": "https://www.kaigokensaku.mhlw.go.jp/21/index.php?action_kouhyou_detail_004_kani=true&JigyosyoCd=2110107758-00&ServiceCd=150&Type=search", "url2": "http://www.inabakai.com/" }, "geometry": { "type": "Point", "coordinates": [ 136.84952629999998, 35.4538539 ] } },
{ "type": "Feature", "properties": { "内容": "デイサービスたけのうち【通所介護】岐阜県岐阜市柳津町高桑東３丁目１８番地", "url": "https://www.kaigokensaku.mhlw.go.jp/21/index.php?action_kouhyou_detail_004_kani=true&JigyosyoCd=2110600869-00&ServiceCd=150&Type=search", "url2": null }, "geometry": { "type": "Point", "coordinates": [ 136.712601, 35.3604251 ] } },
{ "type": "Feature", "properties": { "内容": "岐阜老人ホームデイサービスセンター【通所介護】岐阜県岐阜市北一色７丁目２０番１号", "url": "https://www.kaigokensaku.mhlw.go.jp/21/index.php?action_kouhyou_detail_004_kani=true&JigyosyoCd=2170100438-00&ServiceCd=150&Type=search", "url2": "https://www.gifuroujin.or.jp/" }, "geometry": { "type": "Point", "coordinates": [ 136.794389499999966, 35.4192268 ] } },
{ "type": "Feature", "properties": { "内容": "老人デイサービスセンター大洞岐協苑【通所介護】岐阜県岐阜市大洞３丁目３番地１号", "url": "https://www.kaigokensaku.mhlw.go.jp/21/index.php?action_kouhyou_detail_004_kani=true&JigyosyoCd=2170100792-00&ServiceCd=150&Type=search", "url2": "http://www.gikyoen.jp" }, "geometry": { "type": "Point", "coordinates": [ 136.875307300000031, 35.4605876 ] } },
{ "type": "Feature", "properties": { "内容": "デイサービスセンター光の園【通所介護】岐阜県岐阜市三輪７７６番地２", "url": "https://www.kaigokensaku.mhlw.go.jp/21/index.php?action_kouhyou_detail_004_kani=true&JigyosyoCd=2170100818-00&ServiceCd=150&Type=search", "url2": "http://miwakai.or.jp/" }, "geometry": { "type": "Point", "coordinates": [ 136.845316304200765, 35.504459054752488 ] } },
{ "type": "Feature", "properties": { "内容": "社会福祉法人岐阜市社会福祉事業団あんさんぶる市橋【通所介護】岐阜県岐阜市市橋6丁目13番25号", "url": "https://www.kaigokensaku.mhlw.go.jp/21/index.php?action_kouhyou_detail_004_kani=true&JigyosyoCd=2170101147-00&ServiceCd=150&Type=search", "url2": "http://gifusiji.or.jp" }, "geometry": { "type": "Point", "coordinates": [ 136.7215377, 35.3991068 ] } },
{ "type": "Feature", "properties": { "内容": "あんずの里【通所介護】岐阜県岐阜市則松2丁目10番地", "url": "https://www.kaigokensaku.mhlw.go.jp/21/index.php?action_kouhyou_detail_004_kani=true&JigyosyoCd=2170101204-00&ServiceCd=150&Type=search", "url2": "http://www.inoguchikai.jp/" }, "geometry": { "type": "Point", "coordinates": [ 136.6991704448441, 35.487973257797726 ] } },
{ "type": "Feature", "properties": { "内容": "かいご屋通所介護事業所【通所介護】岐阜県岐阜市西川手8丁目100-1", "url": "https://www.kaigokensaku.mhlw.go.jp/21/index.php?action_kouhyou_detail_004_kani=true&JigyosyoCd=2170101600-00&ServiceCd=150&Type=search", "url2": null }, "geometry": { "type": "Point", "coordinates": [ 136.762821291401679, 35.381175684057112 ] } },
{ "type": "Feature", "properties": { "内容": "ニチイケアセンター宇佐【通所介護】岐阜県岐阜市宇佐南4-16-8", "url": "https://www.kaigokensaku.mhlw.go.jp/21/index.php?action_kouhyou_detail_004_kani=true&JigyosyoCd=2170101667-00&ServiceCd=150&Type=search", "url2": "http://www.nichiigakkan.co.jp" }, "geometry": { "type": "Point", "coordinates": [ 136.7295729, 35.3934019 ] } },
{ "type": "Feature", "properties": { "内容": "ハートデイサービス鷺山【通所介護】岐阜県岐阜市鷺山東1-4-30", "url": "https://www.kaigokensaku.mhlw.go.jp/21/index.php?action_kouhyou_detail_004_kani=true&JigyosyoCd=2170101782-00&ServiceCd=150&Type=search", "url2": "http://zuihokai-group.jp/" }, "geometry": { "type": "Point", "coordinates": [ 136.764238699999964, 35.4502058 ] } },
{ "type": "Feature", "properties": { "内容": "サワダデイサービスセンター【通所介護】岐阜県岐阜市野一色７丁目１１－１２", "url": "https://www.kaigokensaku.mhlw.go.jp/21/index.php?action_kouhyou_detail_004_kani=true&JigyosyoCd=2170102178-00&ServiceCd=150&Type=search", "url2": "https://www.sawada-hp.or.jp/" }, "geometry": { "type": "Point", "coordinates": [ 136.807691510450695, 35.417882897992882 ] } },
{ "type": "Feature", "properties": { "内容": "デイサービスセンターちかいし【通所介護】岐阜県岐阜市光町２丁目４６番地", "url": "https://www.kaigokensaku.mhlw.go.jp/21/index.php?action_kouhyou_detail_004_kani=true&JigyosyoCd=2170102236-00&ServiceCd=150&Type=search", "url2": "https://touhoukai.or.jp/" }, "geometry": { "type": "Point", "coordinates": [ 136.747710500000039, 35.4349828 ] } },
{ "type": "Feature", "properties": { "内容": "今井整形デイサービスセンター【通所介護】岐阜県岐阜市三田洞東1丁目2番9号", "url": "https://www.kaigokensaku.mhlw.go.jp/21/index.php?action_kouhyou_detail_004_kani=true&JigyosyoCd=2170102293-00&ServiceCd=150&Type=search", "url2": "http://imai-seikei.or.jp/dayservice/" }, "geometry": { "type": "Point", "coordinates": [ 136.791774946024276, 35.478501036739523 ] } },
{ "type": "Feature", "properties": { "内容": "アルト介護センター正木【通所介護】岐阜県岐阜市正木北町1-8", "url": "https://www.kaigokensaku.mhlw.go.jp/21/index.php?action_kouhyou_detail_004_kani=true&JigyosyoCd=2170102319-00&ServiceCd=150&Type=search", "url2": "http://alt-kaigo.co.jp" }, "geometry": { "type": "Point", "coordinates": [ 136.749823500000048, 35.4523998 ] } },
{ "type": "Feature", "properties": { "内容": "大黒町デイサービスセンター【通所介護】岐阜県岐阜市大黒町３丁目１２番地１", "url": "https://www.kaigokensaku.mhlw.go.jp/21/index.php?action_kouhyou_detail_004_kani=true&JigyosyoCd=2170102798-00&ServiceCd=150&Type=search", "url2": "http://www.wakokai.or.jp" }, "geometry": { "type": "Point", "coordinates": [ 136.778058, 35.4120747 ] } },
{ "type": "Feature", "properties": { "内容": "鏡島弘法前ケアセンター【通所介護】岐阜県岐阜市鏡島中2丁目9-13", "url": "https://www.kaigokensaku.mhlw.go.jp/21/index.php?action_kouhyou_detail_004_kani=true&JigyosyoCd=2170102889-00&ServiceCd=150&Type=search", "url2": "http://kyuseikai.com" }, "geometry": { "type": "Point", "coordinates": [ 136.7194432, 35.413824100000014 ] } },
{ "type": "Feature", "properties": { "内容": "デイサービスセンターさくら庵【通所介護】岐阜県岐阜市野一色7丁目13-8", "url": "https://www.kaigokensaku.mhlw.go.jp/21/index.php?action_kouhyou_detail_004_kani=true&JigyosyoCd=2170103077-00&ServiceCd=150&Type=search", "url2": null }, "geometry": { "type": "Point", "coordinates": [ 136.8077879, 35.4171747 ] } },
{ "type": "Feature", "properties": { "内容": "イー・ケアデイサービスかしまの杜【通所介護】岐阜県岐阜市鹿島町8丁目37番地", "url": "https://www.kaigokensaku.mhlw.go.jp/21/index.php?action_kouhyou_detail_004_kani=true&JigyosyoCd=2170103150-00&ServiceCd=150&Type=search", "url2": null }, "geometry": { "type": "Point", "coordinates": [ 136.730411, 35.4126216 ] } },
{ "type": "Feature", "properties": { "内容": "操健康ケアセンター【通所介護】岐阜県岐阜市江添２丁目８－１", "url": "https://www.kaigokensaku.mhlw.go.jp/21/index.php?action_kouhyou_detail_004_kani=true&JigyosyoCd=2170103226-00&ServiceCd=150&Type=search", "url2": null }, "geometry": { "type": "Point", "coordinates": [ 136.726867699999957, 35.3942407 ] } },
{ "type": "Feature", "properties": { "内容": "アルト介護センター七郷【通所介護】岐阜県岐阜市西改田上の町６２－３", "url": "https://www.kaigokensaku.mhlw.go.jp/21/index.php?action_kouhyou_detail_004_kani=true&JigyosyoCd=2170103291-00&ServiceCd=150&Type=search", "url2": "http://alt-kaigo.co.jp" }, "geometry": { "type": "Point", "coordinates": [ 136.70238316441808, 35.450617989001195 ] } },
{ "type": "Feature", "properties": { "内容": "医療法人鹿野クリニックきたがたデイセンター【通所介護】岐阜県岐阜市西河渡４丁目４６番地", "url": "https://www.kaigokensaku.mhlw.go.jp/21/index.php?action_kouhyou_detail_004_kani=true&JigyosyoCd=2170103432-00&ServiceCd=150&Type=search", "url2": null }, "geometry": { "type": "Point", "coordinates": [ 136.693177600000013, 35.4171454 ] } },
{ "type": "Feature", "properties": { "内容": "岐阜ケアセンターそよ風【通所介護】岐阜県岐阜市茜部菱野１丁目３７番地", "url": "https://www.kaigokensaku.mhlw.go.jp/21/index.php?action_kouhyou_detail_004_kani=true&JigyosyoCd=2170103630-00&ServiceCd=150&Type=search", "url2": "https://www.sykz.co.jp" }, "geometry": { "type": "Point", "coordinates": [ 136.752678300000071, 35.3877832 ] } },
{ "type": "Feature", "properties": { "内容": "華陽デイサービスセンター【通所介護】岐阜県岐阜市北一色６丁目２番６５号", "url": "https://www.kaigokensaku.mhlw.go.jp/21/index.php?action_kouhyou_detail_004_kani=true&JigyosyoCd=2170103648-00&ServiceCd=150&Type=search", "url2": "http://www.kayokaigo.co.jp/" }, "geometry": { "type": "Point", "coordinates": [ 136.791394150926209, 35.416394487189514 ] } },
{ "type": "Feature", "properties": { "内容": "はしもと内科デイサービス【通所介護】岐阜県岐阜市野一色5-6-22はしもと内科デイサービス", "url": "https://www.kaigokensaku.mhlw.go.jp/21/index.php?action_kouhyou_detail_004_kani=true&JigyosyoCd=2170103788-00&ServiceCd=150&Type=search", "url2": "http://www.gifu-hashimotonaika.com/" }, "geometry": { "type": "Point", "coordinates": [ 136.806663299999968, 35.4108809 ] } },
{ "type": "Feature", "properties": { "内容": "アルト介護センター加納【通所介護】岐阜県岐阜市薬師町9", "url": "https://www.kaigokensaku.mhlw.go.jp/21/index.php?action_kouhyou_detail_004_kani=true&JigyosyoCd=2170103879-00&ServiceCd=150&Type=search", "url2": null }, "geometry": { "type": "Point", "coordinates": [ 136.760724100000061, 35.3958267 ] } },
{ "type": "Feature", "properties": { "内容": "ケアセンター花の路。デイサービス【通所介護】岐阜県岐阜市早田栄町４－２６", "url": "https://www.kaigokensaku.mhlw.go.jp/21/index.php?action_kouhyou_detail_004_kani=true&JigyosyoCd=2170104299-00&ServiceCd=150&Type=search", "url2": "http://www.ks-town.com" }, "geometry": { "type": "Point", "coordinates": [ 136.758067399999959, 35.4366551 ] } },
{ "type": "Feature", "properties": { "内容": "あっとほーむ城東デイサービスセンター【通所介護】岐阜県岐阜市城東通１－１６", "url": "https://www.kaigokensaku.mhlw.go.jp/21/index.php?action_kouhyou_detail_004_kani=true&JigyosyoCd=2170104414-00&ServiceCd=150&Type=search", "url2": "https://www.wakokai.or.jp/search/nursing/athomejyoto" }, "geometry": { "type": "Point", "coordinates": [ 136.765867800000024, 35.4017065 ] } },
{ "type": "Feature", "properties": { "内容": "デイサービスセンター　わっか【通所介護】岐阜県岐阜市西改田515番地136", "url": "https://www.kaigokensaku.mhlw.go.jp/21/index.php?action_kouhyou_detail_004_kani=true&JigyosyoCd=2170104521-00&ServiceCd=150&Type=search", "url2": null }, "geometry": { "type": "Point", "coordinates": [ 136.703520200000014, 35.4439053 ] } },
{ "type": "Feature", "properties": { "内容": "シティタワー・リハビリサロン【通所介護】岐阜県岐阜市橋本町２丁目５２番地岐阜シティ・タワー43　3階", "url": "https://www.kaigokensaku.mhlw.go.jp/21/index.php?action_kouhyou_detail_004_kani=true&JigyosyoCd=2170104539-00&ServiceCd=150&Type=search", "url2": "https://www.sun-village.jp/" }, "geometry": { "type": "Point", "coordinates": [ 136.754199200000016, 35.4106915 ] } },
{ "type": "Feature", "properties": { "内容": "シンシア岐阜北デイサービス【通所介護】岐阜県岐阜市岩崎467-1", "url": "https://www.kaigokensaku.mhlw.go.jp/21/index.php?action_kouhyou_detail_004_kani=true&JigyosyoCd=2170104885-00&ServiceCd=150&Type=search", "url2": "http://www.sincere-gri.com" }, "geometry": { "type": "Point", "coordinates": [ 136.775037099999963, 35.4711583 ] } },
{ "type": "Feature", "properties": { "内容": "ニチイケアセンター岐阜北【通所介護】岐阜県岐阜市下土居二丁目21番18号", "url": "https://www.kaigokensaku.mhlw.go.jp/21/index.php?action_kouhyou_detail_004_kani=true&JigyosyoCd=2170105080-00&ServiceCd=150&Type=search", "url2": "http://www.nichiigakkan.co.jp" }, "geometry": { "type": "Point", "coordinates": [ 136.756772599999977, 35.4534331 ] } },
{ "type": "Feature", "properties": { "内容": "ふじさわデイサービス【通所介護】岐阜県岐阜市三田洞850-2", "url": "https://www.kaigokensaku.mhlw.go.jp/21/index.php?action_kouhyou_detail_004_kani=true&JigyosyoCd=2170105106-00&ServiceCd=150&Type=search", "url2": "https://www.yka-kaigo.com/" }, "geometry": { "type": "Point", "coordinates": [ 136.787196799999947, 35.4797906 ] } },
{ "type": "Feature", "properties": { "内容": "みながわリハビリデイサービス「みどりの風」【通所介護】岐阜県岐阜市折立629番地", "url": "https://www.kaigokensaku.mhlw.go.jp/21/index.php?action_kouhyou_detail_004_kani=true&JigyosyoCd=2170105114-00&ServiceCd=150&Type=search", "url2": null }, "geometry": { "type": "Point", "coordinates": [ 136.732489799999939, 35.4511661 ] } },
{ "type": "Feature", "properties": { "内容": "アルト介護センター長良【通所介護】岐阜県岐阜市長良雄総字法喜54", "url": "https://www.kaigokensaku.mhlw.go.jp/21/index.php?action_kouhyou_detail_004_kani=true&JigyosyoCd=2170105213-00&ServiceCd=150&Type=search", "url2": "http://alt-kaigo.co.jp/" }, "geometry": { "type": "Point", "coordinates": [ 136.791195361867153, 35.443944758419605 ] } },
{ "type": "Feature", "properties": { "内容": "Angeデイサービス【通所介護】岐阜県岐阜市雲井町３丁目１６番地", "url": "https://www.kaigokensaku.mhlw.go.jp/21/index.php?action_kouhyou_detail_004_kani=true&JigyosyoCd=2170110213-00&ServiceCd=150&Type=search", "url2": "https://www.ange2021.net/" }, "geometry": { "type": "Point", "coordinates": [ 136.777263599999969, 35.414005 ] } },
{ "type": "Feature", "properties": { "内容": "デイサービス育ちゃん【通所介護】岐阜県岐阜市六条江東3丁目1-24", "url": "https://www.kaigokensaku.mhlw.go.jp/21/index.php?action_kouhyou_detail_004_kani=true&JigyosyoCd=2170110221-00&ServiceCd=150&Type=search", "url2": null }, "geometry": { "type": "Point", "coordinates": [ 136.746501399999914, 35.387072099999983 ] } },
{ "type": "Feature", "properties": { "内容": "デイサービス笑顔いちばん岐阜尻毛店【通所介護】岐阜県岐阜市下尻毛518-1-2", "url": "https://www.kaigokensaku.mhlw.go.jp/21/index.php?action_kouhyou_detail_004_kani=true&JigyosyoCd=2170110320-00&ServiceCd=150&Type=search", "url2": "https://egao1ban.jp/" }, "geometry": { "type": "Point", "coordinates": [ 136.714279300000044, 35.4375345 ] } },
{ "type": "Feature", "properties": { "内容": "みながわリハビリデイサービス　集いの館【通所介護】岐阜県岐阜市中2-179-1", "url": "https://www.kaigokensaku.mhlw.go.jp/21/index.php?action_kouhyou_detail_004_kani=true&JigyosyoCd=2170110379-00&ServiceCd=150&Type=search", "url2": null }, "geometry": { "type": "Point", "coordinates": [ 136.70341570000005, 35.4692714 ] } },
{ "type": "Feature", "properties": { "内容": "デイサービス笑顔いちばん岐阜店【通所介護】岐阜県岐阜市竜田町８丁目15番地シティハイツ岐阜１F", "url": "https://www.kaigokensaku.mhlw.go.jp/21/index.php?action_kouhyou_detail_004_kani=true&JigyosyoCd=2170110635-00&ServiceCd=150&Type=search", "url2": "https://egao1ban.jp/" }, "geometry": { "type": "Point", "coordinates": [ 136.7671045103111, 35.407093724169854 ] } },
{ "type": "Feature", "properties": { "内容": "デイサービスアクティブワンスマイル【通所介護】岐阜県岐阜市福富天神前３４４", "url": "https://www.kaigokensaku.mhlw.go.jp/21/index.php?action_kouhyou_detail_004_kani=true&JigyosyoCd=2170110643-00&ServiceCd=150&Type=search", "url2": "http://activeone-smile.com/" }, "geometry": { "type": "Point", "coordinates": [ 136.812303803288273, 35.482445264087183 ] } },
{ "type": "Feature", "properties": { "内容": "デイサービスセンター前一色通【通所介護】岐阜県岐阜市前一色1-1-3", "url": "https://www.kaigokensaku.mhlw.go.jp/21/index.php?action_kouhyou_detail_004_kani=true&JigyosyoCd=2170110825-00&ServiceCd=150&Type=search", "url2": null }, "geometry": { "type": "Point", "coordinates": [ 136.796386799999937, 35.4087364 ] } },
{ "type": "Feature", "properties": { "内容": "デイサービスセンター　せせらぎ【通所介護】岐阜県岐阜市三笠町１丁目１４番地", "url": "https://www.kaigokensaku.mhlw.go.jp/21/index.php?action_kouhyou_detail_004_kani=true&JigyosyoCd=2170111039-00&ServiceCd=150&Type=search", "url2": "https://www.seseragi9m.com/" }, "geometry": { "type": "Point", "coordinates": [ 136.771921123821159, 35.413313729884429 ] } },
{ "type": "Feature", "properties": { "内容": "リハビリデイサ－ビス折立【通所介護】岐阜県岐阜市折立319番地", "url": "https://www.kaigokensaku.mhlw.go.jp/21/index.php?action_kouhyou_detail_004_kani=true&JigyosyoCd=2170111062-00&ServiceCd=150&Type=search", "url2": "http://life-net50.co.jp" }, "geometry": { "type": "Point", "coordinates": [ 136.734617559941199, 35.458418421568005 ] } },
{ "type": "Feature", "properties": { "内容": "ソリューションフィットネス＆リハビリテーション　Ｇ☆ｓｔａｒ長良【通所介護】岐阜県岐阜市福光東1丁目33-1", "url": "https://www.kaigokensaku.mhlw.go.jp/21/index.php?action_kouhyou_detail_004_kani=true&JigyosyoCd=2170111237-00&ServiceCd=150&Type=search", "url2": "http://www.sfr-g-star.jp/" }, "geometry": { "type": "Point", "coordinates": [ 136.773729399999979, 35.4522555 ] } },
{ "type": "Feature", "properties": { "内容": "デイサービスセンター黒野【通所介護】岐阜県岐阜市黒野69-1ライフ・ネット黒野", "url": "https://www.kaigokensaku.mhlw.go.jp/21/index.php?action_kouhyou_detail_004_kani=true&JigyosyoCd=2170111336-00&ServiceCd=150&Type=search", "url2": "http://www.life-net50.co.jp" }, "geometry": { "type": "Point", "coordinates": [ 136.725504638792472, 35.462513249663509 ] } },
{ "type": "Feature", "properties": { "内容": "ソリューションフィットネス＆リハビリテーション　Ｇ☆ｓｔａｒ梅林【通所介護】岐阜県岐阜市殿町6丁目611", "url": "https://www.kaigokensaku.mhlw.go.jp/21/index.php?action_kouhyou_detail_004_kani=true&JigyosyoCd=2170111377-00&ServiceCd=150&Type=search", "url2": "http://www.wakokai.or.jp" }, "geometry": { "type": "Point", "coordinates": [ 136.771680599999968, 35.4173046 ] } },
{ "type": "Feature", "properties": { "内容": "かがやきデイサービス岐阜木之本【通所介護】岐阜県岐阜市五反田町38", "url": "https://www.kaigokensaku.mhlw.go.jp/21/index.php?action_kouhyou_detail_004_kani=true&JigyosyoCd=2170111526-00&ServiceCd=150&Type=search", "url2": "http://www.ymmd.co.jp" }, "geometry": { "type": "Point", "coordinates": [ 136.745460657672083, 35.415590482907874 ] } },
{ "type": "Feature", "properties": { "内容": "ソリューションフィットネス＆リハビリテーション　G‐star加納【通所介護】岐阜県岐阜市加納本町1丁目15メゾンパール　１階", "url": "https://www.kaigokensaku.mhlw.go.jp/21/index.php?action_kouhyou_detail_004_kani=true&JigyosyoCd=2170111575-00&ServiceCd=150&Type=search", "url2": "http://www.wakokai.or.jp/" }, "geometry": { "type": "Point", "coordinates": [ 136.761629068786647, 35.404325466794809 ] } },
{ "type": "Feature", "properties": { "内容": "渡辺病院デイサービスセンター【通所介護】岐阜県岐阜市矢倉町7番地住宅型有料老人ホームやくら", "url": "https://www.kaigokensaku.mhlw.go.jp/21/index.php?action_kouhyou_detail_004_kani=true&JigyosyoCd=2170111609-00&ServiceCd=150&Type=search", "url2": null }, "geometry": { "type": "Point", "coordinates": [ 136.764677300733183, 35.39894662218903 ] } },
{ "type": "Feature", "properties": { "内容": "ラクアデイサービス岐阜【通所介護】岐阜県岐阜市日野東7丁目12-1", "url": "https://www.kaigokensaku.mhlw.go.jp/21/index.php?action_kouhyou_detail_004_kani=true&JigyosyoCd=2170111781-00&ServiceCd=150&Type=search", "url2": "http://frontique.com" }, "geometry": { "type": "Point", "coordinates": [ 136.822408710450787, 35.431812244622186 ] } },
{ "type": "Feature", "properties": { "内容": "かがやきデイサービス岐阜梅林【通所介護】岐阜県岐阜市金園町10丁目10番地", "url": "https://www.kaigokensaku.mhlw.go.jp/21/index.php?action_kouhyou_detail_004_kani=true&JigyosyoCd=2170111799-00&ServiceCd=150&Type=search", "url2": "http://www.ymmd-scc.jp/location/gifubairin/" }, "geometry": { "type": "Point", "coordinates": [ 136.7779607, 35.4163992 ] } },
{ "type": "Feature", "properties": { "内容": "サフィールあまいけデイサービスセンター【通所介護】岐阜県岐阜市天池２丁目１４番地３１号", "url": "https://www.kaigokensaku.mhlw.go.jp/21/index.php?action_kouhyou_detail_004_kani=true&JigyosyoCd=2170111872-00&ServiceCd=150&Type=search", "url2": "http://aliss.co.jp/amaike/" }, "geometry": { "type": "Point", "coordinates": [ 136.813517600000068, 35.425534900000017 ] } },
{ "type": "Feature", "properties": { "内容": "ほそばたデイサービス【通所介護】岐阜県岐阜市細畑３-１５-８", "url": "https://www.kaigokensaku.mhlw.go.jp/21/index.php?action_kouhyou_detail_004_kani=true&JigyosyoCd=2170112185-00&ServiceCd=150&Type=search", "url2": "https://www.keika-hosobata.co.jp/" }, "geometry": { "type": "Point", "coordinates": [ 136.789916315483026, 35.403267869685529 ] } },
{ "type": "Feature", "properties": { "内容": "フィットネスデイ　折立【通所介護】岐阜県岐阜市折立319", "url": "https://www.kaigokensaku.mhlw.go.jp/21/index.php?action_kouhyou_detail_004_kani=true&JigyosyoCd=2170112425-00&ServiceCd=150&Type=search", "url2": null }, "geometry": { "type": "Point", "coordinates": [ 136.734278756761114, 35.458507527849314 ] } },
{ "type": "Feature", "properties": { "内容": "innovationyotuba【通所介護】岐阜県岐阜市茜部寺屋敷1-6", "url": "https://www.kaigokensaku.mhlw.go.jp/21/index.php?action_kouhyou_detail_004_kani=true&JigyosyoCd=2170112714-00&ServiceCd=150&Type=search", "url2": null }, "geometry": { "type": "Point", "coordinates": [ 136.752695568588649, 35.379567322747505 ] } },
{ "type": "Feature", "properties": { "内容": "デイサービスセンター古市場【通所介護】岐阜県岐阜市古市場1－69", "url": "https://www.kaigokensaku.mhlw.go.jp/21/index.php?action_kouhyou_detail_004_kani=true&JigyosyoCd=2170112789-00&ServiceCd=150&Type=search", "url2": "http://life-net50.co.jp/" }, "geometry": { "type": "Point", "coordinates": [ 136.715682053967271, 35.467014759463872 ] } },
{ "type": "Feature", "properties": { "内容": "あずみ苑岐阜【通所介護】岐阜県岐阜市茜部菱野三丁目143番1", "url": "https://www.kaigokensaku.mhlw.go.jp/21/index.php?action_kouhyou_detail_004_kani=true&JigyosyoCd=2170112847-00&ServiceCd=150&Type=search", "url2": "https://www.az-lifecare.co.jp" }, "geometry": { "type": "Point", "coordinates": [ 136.749303955542047, 35.384821686669511 ] } },
{ "type": "Feature", "properties": { "内容": "デイサービス煌（きらめき）【通所介護】岐阜県岐阜市茜部辰新1-165", "url": "https://www.kaigokensaku.mhlw.go.jp/21/index.php?action_kouhyou_detail_004_kani=true&JigyosyoCd=2170112888-00&ServiceCd=150&Type=search", "url2": "https://www.care-corporation.co.jp/" }, "geometry": { "type": "Point", "coordinates": [ 136.7619416, 35.3787761 ] } },
{ "type": "Feature", "properties": { "内容": "デイサービスセンターQ-net【通所介護】岐阜県岐阜市茜部中島１丁目７４番", "url": "https://www.kaigokensaku.mhlw.go.jp/21/index.php?action_kouhyou_detail_004_kani=true&JigyosyoCd=2170113126-00&ServiceCd=150&Type=search", "url2": "http://q-life.main.jp/" }, "geometry": { "type": "Point", "coordinates": [ 136.751511313244691, 35.392353099138234 ] } },
{ "type": "Feature", "properties": { "内容": "ハートデイサービス西川手【通所介護】岐阜県岐阜市西川手3-31", "url": "https://www.kaigokensaku.mhlw.go.jp/21/index.php?action_kouhyou_detail_004_kani=true&JigyosyoCd=2170113167-00&ServiceCd=150&Type=search", "url2": "http://www.zuihokai-group.jp" }, "geometry": { "type": "Point", "coordinates": [ 136.763375243516521, 35.389344560708246 ] } },
{ "type": "Feature", "properties": { "内容": "デイサポートMAHALO岐阜【通所介護】岐阜県岐阜市此花町３－４", "url": "https://www.kaigokensaku.mhlw.go.jp/21/index.php?action_kouhyou_detail_004_kani=true&JigyosyoCd=2170113324-00&ServiceCd=150&Type=search", "url2": "http://www.capt.jp/" }, "geometry": { "type": "Point", "coordinates": [ 136.742764699999952, 35.4122357 ] } },
{ "type": "Feature", "properties": { "内容": "イー・ケアデイサービスすがの杜【通所介護】岐阜県岐阜市須賀1丁目7番地1", "url": "https://www.kaigokensaku.mhlw.go.jp/21/index.php?action_kouhyou_detail_004_kani=true&JigyosyoCd=2170113423-00&ServiceCd=150&Type=search", "url2": null }, "geometry": { "type": "Point", "coordinates": [ 136.722767683092229, 35.387154177647702 ] } },
{ "type": "Feature", "properties": { "内容": "岐北デイサービスセンターせせらぎ【通所介護】岐阜県岐阜市黒野南４－１０３", "url": "https://www.kaigokensaku.mhlw.go.jp/21/index.php?action_kouhyou_detail_004_kani=true&JigyosyoCd=2170113431-00&ServiceCd=150&Type=search", "url2": "https://www.seseragi9m.com/" }, "geometry": { "type": "Point", "coordinates": [ 136.720427268122876, 35.457884213193786 ] } },
{ "type": "Feature", "properties": { "内容": "シンシア岐阜北デイサロン【通所介護】岐阜県岐阜市三田洞910-1", "url": "https://www.kaigokensaku.mhlw.go.jp/21/index.php?action_kouhyou_detail_004_kani=true&JigyosyoCd=2170113498-00&ServiceCd=150&Type=search", "url2": "http://www.sincere-gri.com/011_gifukitads/" }, "geometry": { "type": "Point", "coordinates": [ 136.783002799999963, 35.4797044 ] } },
{ "type": "Feature", "properties": { "内容": "ほそばたデイサービス結【通所介護】岐阜県岐阜市細畑6-8-5", "url": "https://www.kaigokensaku.mhlw.go.jp/21/index.php?action_kouhyou_detail_004_kani=true&JigyosyoCd=2170113589-00&ServiceCd=150&Type=search", "url2": "https://www.keika-hosobata.co.jp" }, "geometry": { "type": "Point", "coordinates": [ 136.787880270880493, 35.402591722274025 ] } },
{ "type": "Feature", "properties": { "内容": "デイサービス　ジムズ田神【通所介護】岐阜県岐阜市田神6-6ボヌール田神1階", "url": "https://www.kaigokensaku.mhlw.go.jp/21/index.php?action_kouhyou_detail_004_kani=true&JigyosyoCd=2170113613-00&ServiceCd=150&Type=search", "url2": null }, "geometry": { "type": "Point", "coordinates": [ 136.772151066311039, 35.410824833854967 ] } },
{ "type": "Feature", "properties": { "内容": "すこやかデイサービスセンター【通所介護】岐阜県岐阜市北山1丁目16番13号", "url": "https://www.kaigokensaku.mhlw.go.jp/21/index.php?action_kouhyou_detail_004_kani=true&JigyosyoCd=2170113662-00&ServiceCd=150&Type=search", "url2": "https://www.gifu-min.jp/midori/page_341.html" }, "geometry": { "type": "Point", "coordinates": [ 136.852320874868809, 35.45804389605312 ] } },
{ "type": "Feature", "properties": { "内容": "デイサービスかえるの手【通所介護】岐阜県岐阜市領下１丁目58番地1メゾン林1F", "url": "https://www.kaigokensaku.mhlw.go.jp/21/index.php?action_kouhyou_detail_004_kani=true&JigyosyoCd=2170113761-00&ServiceCd=150&Type=search", "url2": null }, "geometry": { "type": "Point", "coordinates": [ 136.7796736, 35.4035242 ] } },
{ "type": "Feature", "properties": { "内容": "デイサービスリゾートアロハ岐阜鏡島【通所介護】岐阜県岐阜市鏡島南3丁目7番27号", "url": "https://www.kaigokensaku.mhlw.go.jp/21/index.php?action_kouhyou_detail_004_kani=true&JigyosyoCd=2170113845-00&ServiceCd=150&Type=search", "url2": null }, "geometry": { "type": "Point", "coordinates": [ 136.711816323160747, 35.406011382576928 ] } },
{ "type": "Feature", "properties": { "内容": "フィジカル・デイ長良【通所介護】岐阜県岐阜市長良井田44-1サービス付き高齢者向け住宅　ライフ・ネット長良", "url": "https://www.kaigokensaku.mhlw.go.jp/21/index.php?action_kouhyou_detail_004_kani=true&JigyosyoCd=2170113977-00&ServiceCd=150&Type=search", "url2": null }, "geometry": { "type": "Point", "coordinates": [ 136.785104852253653, 35.449312074891999 ] } },
{ "type": "Feature", "properties": { "内容": "デイサービスセンター　結い【通所介護】岐阜県岐阜市中鶉7丁目26番地1", "url": "https://www.kaigokensaku.mhlw.go.jp/21/index.php?action_kouhyou_detail_004_kani=true&JigyosyoCd=2170114140-00&ServiceCd=150&Type=search", "url2": "http://dayservicecenter-yui-gifu.jp/" }, "geometry": { "type": "Point", "coordinates": [ 136.729283500000065, 35.3784977 ] } },
{ "type": "Feature", "properties": { "内容": "げんきホーム春近【通所介護】岐阜県岐阜市春近古市場南100番地", "url": "https://www.kaigokensaku.mhlw.go.jp/21/index.php?action_kouhyou_detail_004_kani=true&JigyosyoCd=2170114348-00&ServiceCd=150&Type=search", "url2": null }, "geometry": { "type": "Point", "coordinates": [ 136.836797600000011, 35.4914851 ] } },
{ "type": "Feature", "properties": { "内容": "寺田デイサービスセンター【通所介護】岐阜県岐阜市寺田７丁目８６番地１", "url": "https://www.kaigokensaku.mhlw.go.jp/21/index.php?action_kouhyou_detail_004_kani=true&JigyosyoCd=2170114355-00&ServiceCd=150&Type=search", "url2": "https://www.wakokai.or.jp/search/nursing/terada/" }, "geometry": { "type": "Point", "coordinates": [ 136.700075682803316, 35.419289828496403 ] } },
{ "type": "Feature", "properties": { "内容": "ツクイ岐阜金華橋【通所介護】岐阜県岐阜市忠節町1-25", "url": "https://www.kaigokensaku.mhlw.go.jp/21/index.php?action_kouhyou_detail_004_kani=true&JigyosyoCd=2170114520-00&ServiceCd=150&Type=search", "url2": "http://www.tsukui.net/" }, "geometry": { "type": "Point", "coordinates": [ 136.759352700000022, 35.4294593 ] } },
{ "type": "Feature", "properties": { "内容": "ツクイ岐阜茜部【通所介護】岐阜県岐阜市茜部菱野4-6-1", "url": "https://www.kaigokensaku.mhlw.go.jp/21/index.php?action_kouhyou_detail_004_kani=true&JigyosyoCd=2170114538-00&ServiceCd=150&Type=search", "url2": "https://www.tsukui.net" }, "geometry": { "type": "Point", "coordinates": [ 136.7536685, 35.3820233 ] } },
{ "type": "Feature", "properties": { "内容": "デイサービスセンター　おひさまの杜【通所介護】岐阜県岐阜市茜部寺屋敷2丁目78番地", "url": "https://www.kaigokensaku.mhlw.go.jp/21/index.php?action_kouhyou_detail_004_kani=true&JigyosyoCd=2170114553-00&ServiceCd=150&Type=search", "url2": "http://www.ohisamanoegao.com" }, "geometry": { "type": "Point", "coordinates": [ 136.7505318, 35.3765635 ] } },
{ "type": "Feature", "properties": { "内容": "長良ケアセンターそよ風【通所介護】岐阜県岐阜市上土居3丁目11-1", "url": "https://www.kaigokensaku.mhlw.go.jp/21/index.php?action_kouhyou_detail_004_kani=true&JigyosyoCd=2170114561-00&ServiceCd=150&Type=search", "url2": "http://www.unimat-rc.co.jp" }, "geometry": { "type": "Point", "coordinates": [ 136.7625103, 35.4579298 ] } },
{ "type": "Feature", "properties": { "内容": "デイサービスリゾートアロハ正木【通所介護】岐阜県岐阜市正木北町4-1ビオ正木1F", "url": "https://www.kaigokensaku.mhlw.go.jp/21/index.php?action_kouhyou_detail_004_kani=true&JigyosyoCd=2170114587-00&ServiceCd=150&Type=search", "url2": null }, "geometry": { "type": "Point", "coordinates": [ 136.7494726, 35.4529521 ] } },
{ "type": "Feature", "properties": { "内容": "リハビリテーションひまわり【通所介護】岐阜県岐阜市春近古市場南2番", "url": "https://www.kaigokensaku.mhlw.go.jp/21/index.php?action_kouhyou_detail_004_kani=true&JigyosyoCd=2170114645-00&ServiceCd=150&Type=search", "url2": null }, "geometry": { "type": "Point", "coordinates": [ 136.840838, 35.4916082 ] } },
{ "type": "Feature", "properties": { "内容": "総合リハビリセンターあさがお【通所介護】岐阜県岐阜市春近古市場北167番地1", "url": "https://www.kaigokensaku.mhlw.go.jp/21/index.php?action_kouhyou_detail_004_kani=true&JigyosyoCd=2170114652-00&ServiceCd=150&Type=search", "url2": null }, "geometry": { "type": "Point", "coordinates": [ 136.8400916, 35.4919902 ] } },
{ "type": "Feature", "properties": { "内容": "デイサービスセンター大福町【通所介護】岐阜県岐阜市大福町6-2ライフ・ネット大福町", "url": "https://www.kaigokensaku.mhlw.go.jp/21/index.php?action_kouhyou_detail_004_kani=true&JigyosyoCd=2170114736-00&ServiceCd=150&Type=search", "url2": "http://www.life-net50.co.jp" }, "geometry": { "type": "Point", "coordinates": [ 136.741235852209059, 35.43597093619146 ] } },
{ "type": "Feature", "properties": { "内容": "世界ちゃんとモゲル丸先生の元気な仲間たち【通所介護】岐阜県岐阜市六条南2-6-3", "url": "https://www.kaigokensaku.mhlw.go.jp/21/index.php?action_kouhyou_detail_004_kani=true&JigyosyoCd=2170114751-00&ServiceCd=150&Type=search", "url2": "https://genkinanakama.com/" }, "geometry": { "type": "Point", "coordinates": [ 136.741649131877097, 35.397266335256766 ] } },
{ "type": "Feature", "properties": { "内容": "デイサービスきたえるーむ岐阜六条【通所介護】岐阜県岐阜市六条大溝4丁目13-14", "url": "https://www.kaigokensaku.mhlw.go.jp/21/index.php?action_kouhyou_detail_004_kani=true&JigyosyoCd=2170114827-00&ServiceCd=150&Type=search", "url2": "https://kitaeroom.com/" }, "geometry": { "type": "Point", "coordinates": [ 136.73088820000001, 35.3899581 ] } },
{ "type": "Feature", "properties": { "内容": "あおぞらデイサービスセンター忠節店【通所介護】岐阜県岐阜市美島町1丁目24番地ＰＬＡＣＥ　ＭＩＳＨＩＭＡ　1階", "url": "https://www.kaigokensaku.mhlw.go.jp/21/index.php?action_kouhyou_detail_004_kani=true&JigyosyoCd=2170114843-00&ServiceCd=150&Type=search", "url2": null }, "geometry": { "type": "Point", "coordinates": [ 136.7496439, 35.4349098 ] } },
{ "type": "Feature", "properties": { "内容": "デイサービス永寿【通所介護】岐阜県岐阜市栄新町2丁目50番地", "url": "https://www.kaigokensaku.mhlw.go.jp/21/index.php?action_kouhyou_detail_004_kani=true&JigyosyoCd=2170115014-00&ServiceCd=150&Type=search", "url2": "http://www.eijyukai-ohhashi.or.jp/" }, "geometry": { "type": "Point", "coordinates": [ 136.7597998, 35.4376506 ] } },
{ "type": "Feature", "properties": { "内容": "しらゆりデイサービス【通所介護】岐阜県岐阜市安食１丁目８７番地１", "url": "https://www.kaigokensaku.mhlw.go.jp/21/index.php?action_kouhyou_detail_004_kani=true&JigyosyoCd=2170115030-00&ServiceCd=150&Type=search", "url2": "http://www.fukutomi-clinic.com/" }, "geometry": { "type": "Point", "coordinates": [ 136.721936309262077, 35.489973957674025 ] } },
{ "type": "Feature", "properties": { "内容": "リハビリサロンあるてあ【通所介護】岐阜県岐阜市下奈良2丁目10番6号", "url": "https://www.kaigokensaku.mhlw.go.jp/21/index.php?action_kouhyou_detail_004_kani=true&JigyosyoCd=2170115089-00&ServiceCd=150&Type=search", "url2": "https://gifualthea.com" }, "geometry": { "type": "Point", "coordinates": [ 136.71265, 35.3902281 ] } },
{ "type": "Feature", "properties": { "内容": "ケアステーションあさひ岐阜【通所介護】岐阜県岐阜市加納朝日町三丁目28番", "url": "https://www.kaigokensaku.mhlw.go.jp/21/index.php?action_kouhyou_detail_004_kani=true&JigyosyoCd=2170115097-00&ServiceCd=150&Type=search", "url2": "http://www.vati.co.jp/" }, "geometry": { "type": "Point", "coordinates": [ 136.757437, 35.4009879 ] } },
{ "type": "Feature", "properties": { "内容": "長森南デイサービスセンター【通所介護】岐阜県岐阜市切通8丁目3番5号", "url": "https://www.kaigokensaku.mhlw.go.jp/21/index.php?action_kouhyou_detail_004_kani=true&JigyosyoCd=2170115287-00&ServiceCd=150&Type=search", "url2": "https://www.wakokai.or.jp/search/nursing/nagamori/" }, "geometry": { "type": "Point", "coordinates": [ 136.798921400000012, 35.4033577 ] } },
{ "type": "Feature", "properties": { "内容": "デイサービスセンター　マグノリア【通所介護】岐阜県岐阜市加納御車町39番地", "url": "https://www.kaigokensaku.mhlw.go.jp/21/index.php?action_kouhyou_detail_004_kani=true&JigyosyoCd=2170115360-00&ServiceCd=150&Type=search", "url2": "http://m-infinity.jp" }, "geometry": { "type": "Point", "coordinates": [ 136.7584668, 35.3963703 ] } },
{ "type": "Feature", "properties": { "内容": "デイサービスリゾートアロハ太郎丸【通所介護】岐阜県岐阜市太郎丸北郷285", "url": "https://www.kaigokensaku.mhlw.go.jp/21/index.php?action_kouhyou_detail_004_kani=true&JigyosyoCd=2170115394-00&ServiceCd=150&Type=search", "url2": null }, "geometry": { "type": "Point", "coordinates": [ 136.812795693254088, 35.491808412432611 ] } },
{ "type": "Feature", "properties": { "内容": "かがやきデイサービス岐阜加納【通所介護】岐阜県岐阜市水主町1丁目176番1", "url": "https://www.kaigokensaku.mhlw.go.jp/21/index.php?action_kouhyou_detail_004_kani=true&JigyosyoCd=2170115436-00&ServiceCd=150&Type=search", "url2": "https://www.ymmdnr.jp/map/gifukanou.html" }, "geometry": { "type": "Point", "coordinates": [ 136.75606160000001, 35.392747 ] } },
{ "type": "Feature", "properties": { "内容": "デイサービス山華【通所介護】岐阜県岐阜市北一色5-4-12", "url": "https://www.kaigokensaku.mhlw.go.jp/21/index.php?action_kouhyou_detail_004_kani=true&JigyosyoCd=2170115477-00&ServiceCd=150&Type=search", "url2": "http://soukengp.com" }, "geometry": { "type": "Point", "coordinates": [ 136.792504193254103, 35.412273328559969 ] } },
{ "type": "Feature", "properties": { "内容": "いきいき芥見デイサービスリハビリセンター【通所介護】芥見4-7", "url": "https://www.kaigokensaku.mhlw.go.jp/21/index.php?action_kouhyou_detail_004_kani=true&JigyosyoCd=2170115485-00&ServiceCd=150&Type=search", "url2": "https://www.ikiiki-akutami.jp" }, "geometry": { "type": "Point", "coordinates": [ 136.845663436565218, 35.451133612983298 ] } },
{ "type": "Feature", "properties": { "内容": "岐阜県岐阜市西改田字若宮72番地1【通所介護】岐阜県岐阜市西改田字若宮73番地1", "url": "https://www.kaigokensaku.mhlw.go.jp/21/index.php?action_kouhyou_detail_004_kani=true&JigyosyoCd=2170115683-00&ServiceCd=150&Type=search", "url2": null }, "geometry": { "type": "Point", "coordinates": [ 136.7085727, 35.4494435 ] } },
{ "type": "Feature", "properties": { "内容": "デイサービスセンターロアジ【通所介護】岐阜県岐阜市柳津町下佐波西1丁目6番地", "url": "https://www.kaigokensaku.mhlw.go.jp/21/index.php?action_kouhyou_detail_004_kani=true&JigyosyoCd=2170600460-00&ServiceCd=150&Type=search", "url2": "http://www.roaji.or.jp/index.html" }, "geometry": { "type": "Point", "coordinates": [ 136.7166671, 35.3648774 ] } },
{ "type": "Feature", "properties": { "内容": "リハビリ型デイサービス　元気印【通所介護】岐阜県岐阜市上土居856-1", "url": "https://www.kaigokensaku.mhlw.go.jp/21/index.php?action_kouhyou_detail_004_kani=true&JigyosyoCd=2170112144-00&ServiceCd=150&Type=search", "url2": "http://genkijirusi.com/" }, "geometry": { "type": "Point", "coordinates": [ 136.762577583821837, 35.461126025919846 ] } },
{ "type": "Feature", "properties": { "内容": "デイサービス千手の華【通所介護】岐阜県岐阜市茜部菱野4-75-1", "url": "https://www.kaigokensaku.mhlw.go.jp/21/index.php?action_kouhyou_detail_004_kani=true&JigyosyoCd=2170114033-00&ServiceCd=150&Type=search", "url2": "https://www.keibokukai.com" }, "geometry": { "type": "Point", "coordinates": [ 136.747807647437725, 35.381763773525265 ] } },
{ "type": "Feature", "properties": { "内容": "アンシニア柳ヶ瀬デイサービスセンター【通所介護】岐阜県岐阜市柳ケ瀬通６－５プライムステージ柳ケ瀬", "url": "https://www.kaigokensaku.mhlw.go.jp/21/index.php?action_kouhyou_detail_004_kani=true&JigyosyoCd=2170115345-00&ServiceCd=150&Type=search", "url2": "https://www.ansenior.com/" }, "geometry": { "type": "Point", "coordinates": [ 136.754281563772565, 35.419909818541505 ] } },
{ "type": "Feature", "properties": { "内容": "ハピリハ宇佐【通所介護】岐阜県岐阜市宇佐1-1-53", "url": "https://www.kaigokensaku.mhlw.go.jp/21/index.php?action_kouhyou_detail_004_kani=true&JigyosyoCd=2170111948-00&ServiceCd=150&Type=search", "url2": null }, "geometry": { "type": "Point", "coordinates": [ 136.735081448653119, 35.401944114074681 ] } },
{ "type": "Feature", "properties": { "内容": "デイサービス　きらら　粟野【通所介護】岐阜県岐阜市粟野東三丁目544デイサービス　きらら　粟野", "url": "https://www.kaigokensaku.mhlw.go.jp/21/index.php?action_kouhyou_detail_004_kani=true&JigyosyoCd=2170116103-00&ServiceCd=150&Type=search", "url2": null }, "geometry": { "type": "Point", "coordinates": [ 136.78407565551646, 35.490749169332211 ] } },
{ "type": "Feature", "properties": { "内容": "岐阜県立寿楽苑デイサービスセンター【通所介護】岐阜県岐阜市中２丁目４７０番地", "url": "https://www.kaigokensaku.mhlw.go.jp/21/index.php?action_kouhyou_detail_004_kani=true&JigyosyoCd=2170101014-00&ServiceCd=150&Type=search", "url2": "http://www.gifu-fukushi.jp/juraku/" }, "geometry": { "type": "Point", "coordinates": [ 136.708202240506012, 35.468863297758681 ] } },
{ "type": "Feature", "properties": { "内容": "デイサービス　きらら　上尻毛【通所介護】上尻毛八幡89-1デイサービス　きらら　上尻毛", "url": "https://www.kaigokensaku.mhlw.go.jp/21/index.php?action_kouhyou_detail_004_kani=true&JigyosyoCd=2170115550-00&ServiceCd=150&Type=search", "url2": null }, "geometry": { "type": "Point", "coordinates": [ 136.706494658335885, 35.443153274553964 ] } },
{ "type": "Feature", "properties": { "内容": "ソリューションフィットネス＆リハビリテーション　Ｇ☆ｓｔａｒ長良＋【通所介護】岐阜県岐阜市八代3丁目21番地13", "url": "https://www.kaigokensaku.mhlw.go.jp/21/index.php?action_kouhyou_detail_004_kani=true&JigyosyoCd=2170116137-00&ServiceCd=150&Type=search", "url2": "https://www.wakokai.or.jp/search/nursing/g-star-nagara-plus/" }, "geometry": { "type": "Point", "coordinates": [ 136.774425, 35.4622691 ] } },
{ "type": "Feature", "properties": { "内容": "デイサービス花の木【通所介護】岐阜県岐阜市清707番1モリシマ第二ビル", "url": "https://www.kaigokensaku.mhlw.go.jp/21/index.php?action_kouhyou_detail_004_kani=true&JigyosyoCd=2170104398-00&ServiceCd=150&Type=search", "url2": "http://www.first-you.com" }, "geometry": { "type": "Point", "coordinates": [ 136.744142419825351, 35.408064934955178 ] } },
{ "type": "Feature", "properties": { "内容": "パナソニック　エイジフリーケアセンター　岐阜茜部・デイサービス【通所介護】岐阜県岐阜市茜部辰新１丁目１５番地", "url": "https://www.kaigokensaku.mhlw.go.jp/21/index.php?action_kouhyou_detail_004_kani=true&JigyosyoCd=2170112680-00&ServiceCd=150&Type=search", "url2": "https://panasonic.co.jp/paf/" }, "geometry": { "type": "Point", "coordinates": [ 136.761644299999944, 35.3816674 ] } },
{ "type": "Feature", "properties": { "内容": "あったか岩田東デイサービスリハビリセンター【通所介護】岐阜県岐阜市岩田東１丁目１７２番地", "url": "https://www.kaigokensaku.mhlw.go.jp/21/index.php?action_kouhyou_detail_004_kani=true&JigyosyoCd=2170114249-00&ServiceCd=150&Type=search", "url2": "http://www.attaka-gifu.jp/" }, "geometry": { "type": "Point", "coordinates": [ 136.831464499999981, 35.437040900000014 ] } },
{ "type": "Feature", "properties": { "内容": "デイサービス静春【通所介護】岐阜県岐阜市西島町２－６", "url": "https://www.kaigokensaku.mhlw.go.jp/21/index.php?action_kouhyou_detail_004_kani=true&JigyosyoCd=2170103366-00&ServiceCd=150&Type=search", "url2": null }, "geometry": { "type": "Point", "coordinates": [ 136.731802, 35.4260864 ] } },
{ "type": "Feature", "properties": { "内容": "デイサービス桜花【通所介護】岐阜県岐阜市西島町２番５号", "url": "https://www.kaigokensaku.mhlw.go.jp/21/index.php?action_kouhyou_detail_004_kani=true&JigyosyoCd=2170113449-00&ServiceCd=150&Type=search", "url2": null }, "geometry": { "type": "Point", "coordinates": [ 136.731989415344287, 35.42598831597526 ] } },
{ "type": "Feature", "properties": { "内容": "デイサービスいろどり【通所介護】岐阜県岐阜市柳津町梅松4丁目135番地住宅型有料老人ホームクローバー柳津", "url": "https://www.kaigokensaku.mhlw.go.jp/21/index.php?action_kouhyou_detail_004_kani=true&JigyosyoCd=2170116186-00&ServiceCd=150&Type=search", "url2": "https://www.big-advance.site/c/202/2377" }, "geometry": { "type": "Point", "coordinates": [ 136.7399915, 35.3617134 ] } },
{ "type": "Feature", "properties": { "内容": "デイサービスうきうき元気倶楽部【通所介護】岐阜県岐阜市粟野西6丁目167番地", "url": "https://www.kaigokensaku.mhlw.go.jp/21/index.php?action_kouhyou_detail_004_kani=true&JigyosyoCd=2170116194-00&ServiceCd=150&Type=search", "url2": null }, "geometry": { "type": "Point", "coordinates": [ 136.7708252, 35.4843883 ] } },
{ "type": "Feature", "properties": { "内容": "デイサービスゆうらく【通所介護】岐阜県岐阜市野一色3丁目3番12号", "url": "https://www.kaigokensaku.mhlw.go.jp/21/index.php?action_kouhyou_detail_004_kani=true&JigyosyoCd=2170104810-00&ServiceCd=150&Type=search", "url2": "http://www.yuraku-day.co.jp" }, "geometry": { "type": "Point", "coordinates": [ 136.800222299999973, 35.4142081 ] } },
{ "type": "Feature", "properties": { "内容": "湧水館デイサービスセンター【通所介護】岐阜県岐阜市三田洞345－1", "url": "https://www.kaigokensaku.mhlw.go.jp/21/index.php?action_kouhyou_detail_004_kani=true&JigyosyoCd=2170111070-00&ServiceCd=150&Type=search", "url2": "https://www.yka-kaigo.com/company.html" }, "geometry": { "type": "Point", "coordinates": [ 136.789033043824674, 35.475795196119584 ] } },
{ "type": "Feature", "properties": { "内容": "ニチイケアセンター和合【通所介護】岐阜県大垣市和合本町1丁目893", "url": "https://www.kaigokensaku.mhlw.go.jp/21/index.php?action_kouhyou_detail_004_kani=true&JigyosyoCd=2172100527-00&ServiceCd=150&Type=search", "url2": "http://www.nichiigakkan.co.jp" }, "geometry": { "type": "Point", "coordinates": [ 136.645529799999963, 35.3759938 ] } },
{ "type": "Feature", "properties": { "内容": "コンパスウォーク大垣河間【通所介護】岐阜県大垣市河間町5丁目２４８－１", "url": "https://www.kaigokensaku.mhlw.go.jp/21/index.php?action_kouhyou_detail_004_kani=true&JigyosyoCd=2172103265-00&ServiceCd=150&Type=search", "url2": null }, "geometry": { "type": "Point", "coordinates": [ 136.60148190000001, 35.3831225 ] } },
{ "type": "Feature", "properties": { "内容": "あかつきリハトレくらぶ大垣北【通所介護】大垣市三津屋町2-11", "url": "https://www.kaigokensaku.mhlw.go.jp/21/index.php?action_kouhyou_detail_004_kani=true&JigyosyoCd=2172103299-00&ServiceCd=150&Type=search", "url2": null }, "geometry": { "type": "Point", "coordinates": [ 136.616130199999986, 35.390692500000014 ] } },
{ "type": "Feature", "properties": { "内容": "デイサービスセンター「ぬくもりの郷」【通所介護】岐阜県大垣市矢道町1丁目23番地", "url": "https://www.kaigokensaku.mhlw.go.jp/21/index.php?action_kouhyou_detail_004_kani=true&JigyosyoCd=2172100196-00&ServiceCd=150&Type=search", "url2": "https://heart-gp.org/sv-top/" }, "geometry": { "type": "Point", "coordinates": [ 136.5568101, 35.3726199 ] } },
{ "type": "Feature", "properties": { "内容": "大東デイサービスセンター【通所介護】岐阜県大垣市東前１丁目７８番地", "url": "https://www.kaigokensaku.mhlw.go.jp/21/index.php?action_kouhyou_detail_004_kani=true&JigyosyoCd=2172100253-00&ServiceCd=150&Type=search", "url2": "http://www.294.or.jp" }, "geometry": { "type": "Point", "coordinates": [ 136.630219630059372, 35.350752939816743 ] } },
{ "type": "Feature", "properties": { "内容": "しずさとデイサービスセンター【通所介護】岐阜県大垣市桧町１４５２", "url": "https://www.kaigokensaku.mhlw.go.jp/21/index.php?action_kouhyou_detail_004_kani=true&JigyosyoCd=2172100659-00&ServiceCd=150&Type=search", "url2": "http://seinou.coop/branch/branch_1/" }, "geometry": { "type": "Point", "coordinates": [ 136.591148604839788, 35.364319269220971 ] } },
{ "type": "Feature", "properties": { "内容": "デイサービスセンターくつろぎ【通所介護】岐阜県大垣市馬場町80番地", "url": "https://www.kaigokensaku.mhlw.go.jp/21/index.php?action_kouhyou_detail_004_kani=true&JigyosyoCd=2172100683-00&ServiceCd=150&Type=search", "url2": "http://karumia.com" }, "geometry": { "type": "Point", "coordinates": [ 136.611064400000032, 35.3574621 ] } },
{ "type": "Feature", "properties": { "内容": "デイサービスセンターサンヴェール大垣【通所介護】岐阜県大垣市東町4丁目43番地の2", "url": "https://www.kaigokensaku.mhlw.go.jp/21/index.php?action_kouhyou_detail_004_kani=true&JigyosyoCd=2172100766-00&ServiceCd=150&Type=search", "url2": "http://www.sunvale.net" }, "geometry": { "type": "Point", "coordinates": [ 136.6476907, 35.3697139 ] } },
{ "type": "Feature", "properties": { "内容": "ケアサービスセンターいずみ【通所介護】岐阜県大垣市長松町字宮ノ前844-1", "url": "https://www.kaigokensaku.mhlw.go.jp/21/index.php?action_kouhyou_detail_004_kani=true&JigyosyoCd=2172101004-00&ServiceCd=150&Type=search", "url2": "http://fuji-estate-ogaki.co.jp/" }, "geometry": { "type": "Point", "coordinates": [ 136.567414465249158, 35.366600053584186 ] } },
{ "type": "Feature", "properties": { "内容": "デイサービスセンター喜多方【通所介護】岐阜県大垣市北方町二丁目７０番１", "url": "https://www.kaigokensaku.mhlw.go.jp/21/index.php?action_kouhyou_detail_004_kani=true&JigyosyoCd=2172101046-00&ServiceCd=150&Type=search", "url2": "http://www.haroro.com/hokushin/" }, "geometry": { "type": "Point", "coordinates": [ 136.610505800000027, 35.3964656 ] } },
{ "type": "Feature", "properties": { "内容": "デイサービス・柚子【通所介護】岐阜県大垣市外渕２－７９", "url": "https://www.kaigokensaku.mhlw.go.jp/21/index.php?action_kouhyou_detail_004_kani=true&JigyosyoCd=2172101186-00&ServiceCd=150&Type=search", "url2": "http://yuzu.n-denken.co.jp" }, "geometry": { "type": "Point", "coordinates": [ 136.611515199999985, 35.329046 ] } },
{ "type": "Feature", "properties": { "内容": "ほっと大垣デイサービスセンター【通所介護】岐阜県大垣市浅中二丁目１３０番地１", "url": "https://www.kaigokensaku.mhlw.go.jp/21/index.php?action_kouhyou_detail_004_kani=true&JigyosyoCd=2172101210-00&ServiceCd=150&Type=search", "url2": "https://j04ksn1bb7.wixsite.com/hot-ogaki" }, "geometry": { "type": "Point", "coordinates": [ 136.606885899999952, 35.3106732 ] } },
{ "type": "Feature", "properties": { "内容": "大垣市社会福祉協議会上石津デイサービスセンター【通所介護】岐阜県大垣市上石津町牧田４６９０－２", "url": "https://www.kaigokensaku.mhlw.go.jp/21/index.php?action_kouhyou_detail_004_kani=true&JigyosyoCd=2172101285-00&ServiceCd=150&Type=search", "url2": "http://www.ogakishakyo.or.jp" }, "geometry": { "type": "Point", "coordinates": [ 136.492255399999976, 35.3232837 ] } },
{ "type": "Feature", "properties": { "内容": "大垣市社会福祉協議会墨俣デイサービスセンター【通所介護】岐阜県大垣市墨俣町墨俣１１４１番地１", "url": "https://www.kaigokensaku.mhlw.go.jp/21/index.php?action_kouhyou_detail_004_kani=true&JigyosyoCd=2172101319-00&ServiceCd=150&Type=search", "url2": "http://www.ogakisｈakyo.or.jp" }, "geometry": { "type": "Point", "coordinates": [ 136.682518699999946, 35.3602214 ] } },
{ "type": "Feature", "properties": { "内容": "大垣市お勝山共生型デイ【通所介護】岐阜県大垣市牧野町２丁目１５０番地５", "url": "https://www.kaigokensaku.mhlw.go.jp/21/index.php?action_kouhyou_detail_004_kani=true&JigyosyoCd=2172101384-00&ServiceCd=150&Type=search", "url2": "https://ogaki-fukushi.jp" }, "geometry": { "type": "Point", "coordinates": [ 136.577918599999947, 35.3844911 ] } },
{ "type": "Feature", "properties": { "内容": "はやかわクリニック　デイ・リハビリセンター【通所介護】岐阜県大垣市東町2-2-1", "url": "https://www.kaigokensaku.mhlw.go.jp/21/index.php?action_kouhyou_detail_004_kani=true&JigyosyoCd=2172101749-00&ServiceCd=150&Type=search", "url2": null }, "geometry": { "type": "Point", "coordinates": [ 136.65014050000002, 35.368839 ] } },
{ "type": "Feature", "properties": { "内容": "ロータスデイサービス大垣【通所介護】岐阜県大垣市禾森町５丁目８番地", "url": "https://www.kaigokensaku.mhlw.go.jp/21/index.php?action_kouhyou_detail_004_kani=true&JigyosyoCd=2172101806-00&ServiceCd=150&Type=search", "url2": "https://www.lifespt.co.jp." }, "geometry": { "type": "Point", "coordinates": [ 136.621842692160044, 35.351343127688288 ] } },
{ "type": "Feature", "properties": { "内容": "デイサービス・ハッピー桜【通所介護】岐阜県大垣市外渕２－８１", "url": "https://www.kaigokensaku.mhlw.go.jp/21/index.php?action_kouhyou_detail_004_kani=true&JigyosyoCd=2172101822-00&ServiceCd=150&Type=search", "url2": "http://h-sakura.n-denken.co.jp/" }, "geometry": { "type": "Point", "coordinates": [ 136.610926873016297, 35.329197929568366 ] } },
{ "type": "Feature", "properties": { "内容": "デイサービスセンター　いっぽ【通所介護】岐阜県大垣市小泉町337-1", "url": "https://www.kaigokensaku.mhlw.go.jp/21/index.php?action_kouhyou_detail_004_kani=true&JigyosyoCd=2172101939-00&ServiceCd=150&Type=search", "url2": "http://sankishi-ippo.jp/index.html" }, "geometry": { "type": "Point", "coordinates": [ 136.64519974560983, 35.350684994098394 ] } },
{ "type": "Feature", "properties": { "内容": "デイサービス　リハビリセンター　わおん【通所介護】岐阜県大垣市加賀野町5-24-1", "url": "https://www.kaigokensaku.mhlw.go.jp/21/index.php?action_kouhyou_detail_004_kani=true&JigyosyoCd=2172102002-00&ServiceCd=150&Type=search", "url2": "http://www.waon-ogaki.co.jp" }, "geometry": { "type": "Point", "coordinates": [ 136.63817146640929, 35.363350415078749 ] } },
{ "type": "Feature", "properties": { "内容": "デイサービスセンター　すいと大垣【通所介護】岐阜県大垣市北方町５丁目２５番地１", "url": "https://www.kaigokensaku.mhlw.go.jp/21/index.php?action_kouhyou_detail_004_kani=true&JigyosyoCd=2172102036-00&ServiceCd=150&Type=search", "url2": "http://www.inoguchikai.jp/" }, "geometry": { "type": "Point", "coordinates": [ 136.618890603584816, 35.395649423832943 ] } },
{ "type": "Feature", "properties": { "内容": "デイサービス花水木【通所介護】岐阜県大垣市東町4丁目60番地1高齢者福祉施設　サンヴェール花水木", "url": "https://www.kaigokensaku.mhlw.go.jp/21/index.php?action_kouhyou_detail_004_kani=true&JigyosyoCd=2172102168-00&ServiceCd=150&Type=search", "url2": "http://www.sunvale.net" }, "geometry": { "type": "Point", "coordinates": [ 136.648560849212686, 35.369352830322043 ] } },
{ "type": "Feature", "properties": { "内容": "ゆたかデイサービスセンター中川【通所介護】岐阜県大垣市中川町2-1053-3", "url": "https://www.kaigokensaku.mhlw.go.jp/21/index.php?action_kouhyou_detail_004_kani=true&JigyosyoCd=2172102176-00&ServiceCd=150&Type=search", "url2": "http://yutaka-ms.jp/" }, "geometry": { "type": "Point", "coordinates": [ 136.617260699999946, 35.3812174 ] } },
{ "type": "Feature", "properties": { "内容": "ゆかりの郷デイサービスセンター二葉【通所介護】岐阜県大垣市二葉町６丁目１－１", "url": "https://www.kaigokensaku.mhlw.go.jp/21/index.php?action_kouhyou_detail_004_kani=true&JigyosyoCd=2172102325-00&ServiceCd=150&Type=search", "url2": "http://www.yutaka-ms.jp" }, "geometry": { "type": "Point", "coordinates": [ 136.630587502377352, 35.357207275177174 ] } },
{ "type": "Feature", "properties": { "内容": "ケアステーションあさひ大垣【通所介護】岐阜県大垣市本今三丁目82番", "url": "https://www.kaigokensaku.mhlw.go.jp/21/index.php?action_kouhyou_detail_004_kani=true&JigyosyoCd=2172102416-00&ServiceCd=150&Type=search", "url2": "http://www.vati.co.jp/" }, "geometry": { "type": "Point", "coordinates": [ 136.608160414813, 35.349366887332195 ] } },
{ "type": "Feature", "properties": { "内容": "デイサービス綾郷【通所介護】岐阜県大垣市綾野一丁目2627番地デイサービス綾郷", "url": "https://www.kaigokensaku.mhlw.go.jp/21/index.php?action_kouhyou_detail_004_kani=true&JigyosyoCd=2172102457-00&ServiceCd=150&Type=search", "url2": null }, "geometry": { "type": "Point", "coordinates": [ 136.592808211604705, 35.345725974003045 ] } },
{ "type": "Feature", "properties": { "内容": "セラヴィくつろぎデイサービス【通所介護】岐阜県大垣市東前３丁目18", "url": "https://www.kaigokensaku.mhlw.go.jp/21/index.php?action_kouhyou_detail_004_kani=true&JigyosyoCd=2172102564-00&ServiceCd=150&Type=search", "url2": "http://karumia.com" }, "geometry": { "type": "Point", "coordinates": [ 136.634650800000031, 35.349208 ] } },
{ "type": "Feature", "properties": { "内容": "あかつきリハトレくらぶ大垣南【通所介護】岐阜県大垣市浅西2丁目45番地2", "url": "https://www.kaigokensaku.mhlw.go.jp/21/index.php?action_kouhyou_detail_004_kani=true&JigyosyoCd=2172102598-00&ServiceCd=150&Type=search", "url2": "https://www.rennosato.com/" }, "geometry": { "type": "Point", "coordinates": [ 136.605433264418025, 35.309034188075017 ] } },
{ "type": "Feature", "properties": { "内容": "デイサービスセンター寄す処【通所介護】岐阜県大垣市浅草3丁目121番地1", "url": "https://www.kaigokensaku.mhlw.go.jp/21/index.php?action_kouhyou_detail_004_kani=true&JigyosyoCd=2172102655-00&ServiceCd=150&Type=search", "url2": "http://yosuga-asakusa.com/." }, "geometry": { "type": "Point", "coordinates": [ 136.613980074205074, 35.308942192326647 ] } },
{ "type": "Feature", "properties": { "内容": "デイサービス　本今なの花【通所介護】岐阜県大垣市本今4丁目13番地", "url": "https://www.kaigokensaku.mhlw.go.jp/21/index.php?action_kouhyou_detail_004_kani=true&JigyosyoCd=2172102721-00&ServiceCd=150&Type=search", "url2": null }, "geometry": { "type": "Point", "coordinates": [ 136.607590708459469, 35.347170310700008 ] } },
{ "type": "Feature", "properties": { "内容": "デイサービス三城【通所介護】岐阜県大垣市東町4丁目45番地1高齢者福祉施設サンヴェール三城", "url": "https://www.kaigokensaku.mhlw.go.jp/21/index.php?action_kouhyou_detail_004_kani=true&JigyosyoCd=2172102747-00&ServiceCd=150&Type=search", "url2": "http://sunvale.net" }, "geometry": { "type": "Point", "coordinates": [ 136.648112033065786, 35.369756813738775 ] } },
{ "type": "Feature", "properties": { "内容": "ツクイ大垣中野町【通所介護】岐阜県大垣市中野町3-35", "url": "https://www.kaigokensaku.mhlw.go.jp/21/index.php?action_kouhyou_detail_004_kani=true&JigyosyoCd=2172102812-00&ServiceCd=150&Type=search", "url2": "oogaki-nakanochou@tsukui.net" }, "geometry": { "type": "Point", "coordinates": [ 136.606089200000014, 35.3834026 ] } },
{ "type": "Feature", "properties": { "内容": "デイサービス　ほほえみの郷　大垣【通所介護】岐阜県大垣市三津屋町5丁目22-2", "url": "https://www.kaigokensaku.mhlw.go.jp/21/index.php?action_kouhyou_detail_004_kani=true&JigyosyoCd=2172102895-00&ServiceCd=150&Type=search", "url2": "http://www.yuuki-en.com" }, "geometry": { "type": "Point", "coordinates": [ 136.618550789410364, 35.392852309968234 ] } },
{ "type": "Feature", "properties": { "内容": "デイサービスセンターマグノリア大垣【通所介護】岐阜県大垣市浅草3丁目37", "url": "https://www.kaigokensaku.mhlw.go.jp/21/index.php?action_kouhyou_detail_004_kani=true&JigyosyoCd=2172102911-00&ServiceCd=150&Type=search", "url2": null }, "geometry": { "type": "Point", "coordinates": [ 136.616488493326216, 35.310819161626192 ] } },
{ "type": "Feature", "properties": { "内容": "まちなかリハビリサロン【通所介護】岐阜県大垣市南頬町1-118-1", "url": "https://www.kaigokensaku.mhlw.go.jp/21/index.php?action_kouhyou_detail_004_kani=true&JigyosyoCd=2172102937-00&ServiceCd=150&Type=search", "url2": "http://www.shinsei-md.jp/" }, "geometry": { "type": "Point", "coordinates": [ 136.624025100000011, 35.3555981 ] } },
{ "type": "Feature", "properties": { "内容": "リハビリ特化型デイサービス　ひのき　大垣【通所介護】岐阜県大垣市南頬町4-73", "url": "https://www.kaigokensaku.mhlw.go.jp/21/index.php?action_kouhyou_detail_004_kani=true&JigyosyoCd=2172102945-00&ServiceCd=150&Type=search", "url2": "https://youth-healthsupport.jp/" }, "geometry": { "type": "Point", "coordinates": [ 136.62338675952455, 35.35404870071018 ] } },
{ "type": "Feature", "properties": { "内容": "TEAMSEED【通所介護】岐阜県大垣市三津屋町3丁目1274-1", "url": "https://www.kaigokensaku.mhlw.go.jp/21/index.php?action_kouhyou_detail_004_kani=true&JigyosyoCd=2172102960-00&ServiceCd=150&Type=search", "url2": null }, "geometry": { "type": "Point", "coordinates": [ 136.611966599999988, 35.3913639 ] } },
{ "type": "Feature", "properties": { "内容": "サフィール大垣　デイサービスセンター【通所介護】岐阜県大垣市長沢町２丁目２６番地１", "url": "https://www.kaigokensaku.mhlw.go.jp/21/index.php?action_kouhyou_detail_004_kani=true&JigyosyoCd=2172103026-00&ServiceCd=150&Type=search", "url2": null }, "geometry": { "type": "Point", "coordinates": [ 136.637408179762275, 35.355300560271303 ] } },
{ "type": "Feature", "properties": { "内容": "あかつき健康倶楽部【通所介護】岐阜県大垣市外渕4丁目20番地", "url": "https://www.kaigokensaku.mhlw.go.jp/21/index.php?action_kouhyou_detail_004_kani=true&JigyosyoCd=2172103109-00&ServiceCd=150&Type=search", "url2": "https://www.rennosato.com/" }, "geometry": { "type": "Point", "coordinates": [ 136.6214673, 35.3278627 ] } },
{ "type": "Feature", "properties": { "内容": "デイサービスリゾートアロハ大垣【通所介護】岐阜県大垣市波須２丁目７２番地", "url": "https://www.kaigokensaku.mhlw.go.jp/21/index.php?action_kouhyou_detail_004_kani=true&JigyosyoCd=2172102796-00&ServiceCd=150&Type=search", "url2": "http://hp.kaipoke.biz/a5y/" }, "geometry": { "type": "Point", "coordinates": [ 136.649007221140494, 35.365022392925923 ] } },
{ "type": "Feature", "properties": { "内容": "デイサービスセンター豊楽園【通所介護】岐阜県高山市三福寺町1110番地の5", "url": "https://www.kaigokensaku.mhlw.go.jp/21/index.php?action_kouhyou_detail_004_kani=true&JigyosyoCd=2172700151-00&ServiceCd=150&Type=search", "url2": "http://www.seitokukai.or.jp/" }, "geometry": { "type": "Point", "coordinates": [ 137.265304799999967, 36.1548368 ] } },
{ "type": "Feature", "properties": { "内容": "山王デイサービスセンター【通所介護】岐阜県高山市森下町1丁目208番地", "url": "https://www.kaigokensaku.mhlw.go.jp/21/index.php?action_kouhyou_detail_004_kani=true&JigyosyoCd=2172700201-00&ServiceCd=150&Type=search", "url2": "http://www.takayamakousya.jp/" }, "geometry": { "type": "Point", "coordinates": [ 137.259186499999942, 36.1319422 ] } },
{ "type": "Feature", "properties": { "内容": "はぴりデイサービスセンター【通所介護】岐阜県高山市片野町２－２９６", "url": "https://www.kaigokensaku.mhlw.go.jp/21/index.php?action_kouhyou_detail_004_kani=true&JigyosyoCd=2172700474-00&ServiceCd=150&Type=search", "url2": "https://sancarehappily.com/" }, "geometry": { "type": "Point", "coordinates": [ 137.2657362, 36.1223048 ] } },
{ "type": "Feature", "properties": { "内容": "デイサービスセンター南風園【通所介護】岐阜県高山市千島町1257-2", "url": "https://www.kaigokensaku.mhlw.go.jp/21/index.php?action_kouhyou_detail_004_kani=true&JigyosyoCd=2172700532-00&ServiceCd=150&Type=search", "url2": "http://www.seitokukai.or.jp/" }, "geometry": { "type": "Point", "coordinates": [ 137.242381515344249, 36.11497788694971 ] } },
{ "type": "Feature", "properties": { "内容": "1番館デイセンター【通所介護】岐阜県高山市新宮町1054－3", "url": "https://www.kaigokensaku.mhlw.go.jp/21/index.php?action_kouhyou_detail_004_kani=true&JigyosyoCd=2172700557-00&ServiceCd=150&Type=search", "url2": "https://www.care21.or.jp/" }, "geometry": { "type": "Point", "coordinates": [ 137.212191100000041, 36.1314529 ] } },
{ "type": "Feature", "properties": { "内容": "デイサービスセンターきりん【通所介護】岐阜県高山市新宮町１１５１－１番地喜林ハイム", "url": "https://www.kaigokensaku.mhlw.go.jp/21/index.php?action_kouhyou_detail_004_kani=true&JigyosyoCd=2172700847-00&ServiceCd=150&Type=search", "url2": "http://www.kirin3.com" }, "geometry": { "type": "Point", "coordinates": [ 137.211777100000035, 36.136024499999984 ] } },
{ "type": "Feature", "properties": { "内容": "デイサロン　さんさん通り【通所介護】岐阜県高山片野町6丁目488番みらいえ高山内", "url": "https://www.kaigokensaku.mhlw.go.jp/21/index.php?action_kouhyou_detail_004_kani=true&JigyosyoCd=2172701043-00&ServiceCd=150&Type=search", "url2": "https://www.caretakayama.com/" }, "geometry": { "type": "Point", "coordinates": [ 137.261343989898137, 36.128488358382121 ] } },
{ "type": "Feature", "properties": { "内容": "２番館デイセンター【通所介護】岐阜県高山市新宮町851-1", "url": "https://www.kaigokensaku.mhlw.go.jp/21/index.php?action_kouhyou_detail_004_kani=true&JigyosyoCd=2172701118-00&ServiceCd=150&Type=search", "url2": "http://www.care21.or.jp" }, "geometry": { "type": "Point", "coordinates": [ 137.212020010636934, 36.131898321164591 ] } },
{ "type": "Feature", "properties": { "内容": "デイサービスセンター　ふるさとおふくろ苑【通所介護】岐阜県高山市上岡本町１丁目４８８番地", "url": "https://www.kaigokensaku.mhlw.go.jp/21/index.php?action_kouhyou_detail_004_kani=true&JigyosyoCd=2172701233-00&ServiceCd=150&Type=search", "url2": "https://furusato-ofukuroen.jp/" }, "geometry": { "type": "Point", "coordinates": [ 137.235841299999947, 36.13495 ] } },
{ "type": "Feature", "properties": { "内容": "シンシア高山【通所介護】岐阜県高山市曙町４丁目１１番地", "url": "https://www.kaigokensaku.mhlw.go.jp/21/index.php?action_kouhyou_detail_004_kani=true&JigyosyoCd=2172701324-00&ServiceCd=150&Type=search", "url2": "http://www.sincere-gri.com/031_takayamads/" }, "geometry": { "type": "Point", "coordinates": [ 137.268503345893834, 36.148970065395247 ] } },
{ "type": "Feature", "properties": { "内容": "ぬくもり【通所介護】岐阜県高山市国府町上広瀬468-1ぬくもり", "url": "https://www.kaigokensaku.mhlw.go.jp/21/index.php?action_kouhyou_detail_004_kani=true&JigyosyoCd=2172701407-00&ServiceCd=150&Type=search", "url2": "https://www.manten-takayama.com/" }, "geometry": { "type": "Point", "coordinates": [ 137.241986706976178, 36.200285702003846 ] } },
{ "type": "Feature", "properties": { "内容": "上宝デイサービスセンター【通所介護】上宝町在家1570-1", "url": "https://www.kaigokensaku.mhlw.go.jp/21/index.php?action_kouhyou_detail_004_kani=true&JigyosyoCd=2172701548-00&ServiceCd=150&Type=search", "url2": "https://www.takayamakousya.jp/publics/index/44/" }, "geometry": { "type": "Point", "coordinates": [ 137.3655148, 36.2835473 ] } },
{ "type": "Feature", "properties": { "内容": "デイサービスおふくろガーデン【通所介護】岐阜県高山市名田町５丁目８番地", "url": "https://www.kaigokensaku.mhlw.go.jp/21/index.php?action_kouhyou_detail_004_kani=true&JigyosyoCd=2172701563-00&ServiceCd=150&Type=search", "url2": null }, "geometry": { "type": "Point", "coordinates": [ 137.2568686, 36.1406115 ] } },
{ "type": "Feature", "properties": { "内容": "丹生川デイサービスセンター【通所介護】岐阜県高山市丹生川町町方３３番地", "url": "https://www.kaigokensaku.mhlw.go.jp/21/index.php?action_kouhyou_detail_004_kani=true&JigyosyoCd=2172900405-00&ServiceCd=150&Type=search", "url2": "http://www.takayamakousya.jp" }, "geometry": { "type": "Point", "coordinates": [ 137.308211, 36.1716277 ] } },
{ "type": "Feature", "properties": { "内容": "一之宮デイサービスセンター【通所介護】岐阜県高山市一之宮町1273", "url": "https://www.kaigokensaku.mhlw.go.jp/21/index.php?action_kouhyou_detail_004_kani=true&JigyosyoCd=2172900413-00&ServiceCd=150&Type=search", "url2": "http://www.takayamakousya.jp" }, "geometry": { "type": "Point", "coordinates": [ 137.233400800000027, 36.085454 ] } },
{ "type": "Feature", "properties": { "内容": "清見デイサービスセンター【通所介護】岐阜県高山市清見町三日町４１４－１", "url": "https://www.kaigokensaku.mhlw.go.jp/21/index.php?action_kouhyou_detail_004_kani=true&JigyosyoCd=2172900421-00&ServiceCd=150&Type=search", "url2": "http://www.takayamakousya.jp/" }, "geometry": { "type": "Point", "coordinates": [ 137.187321900000029, 36.1297245 ] } },
{ "type": "Feature", "properties": { "内容": "朝日デイサービスセンター【通所介護】岐阜県高山市朝日町万石３２８", "url": "https://www.kaigokensaku.mhlw.go.jp/21/index.php?action_kouhyou_detail_004_kani=true&JigyosyoCd=2172900447-00&ServiceCd=150&Type=search", "url2": "http://www.takayamakousya.jp" }, "geometry": { "type": "Point", "coordinates": [ 137.352589834331752, 36.090632291593593 ] } },
{ "type": "Feature", "properties": { "内容": "久々野デイサービスセンター【通所介護】岐阜県高山市久々野町無数河859番地1", "url": "https://www.kaigokensaku.mhlw.go.jp/21/index.php?action_kouhyou_detail_004_kani=true&JigyosyoCd=2172900454-00&ServiceCd=150&Type=search", "url2": "http://www.takayamakousya.jp" }, "geometry": { "type": "Point", "coordinates": [ 137.269287299999974, 36.0511317 ] } },
{ "type": "Feature", "properties": { "内容": "国府デイサービスセンター【通所介護】岐阜県高山市国府町木曽垣内650番地", "url": "https://www.kaigokensaku.mhlw.go.jp/21/index.php?action_kouhyou_detail_004_kani=true&JigyosyoCd=2173000692-00&ServiceCd=150&Type=search", "url2": "http://www.takayamakousya.jp" }, "geometry": { "type": "Point", "coordinates": [ 137.211906099999965, 36.2206578 ] } },
{ "type": "Feature", "properties": { "内容": "リハビリデイサービスひまわり【通所介護】岐阜県高山市三福寺町810番地62", "url": "https://www.kaigokensaku.mhlw.go.jp/21/index.php?action_kouhyou_detail_004_kani=true&JigyosyoCd=2172701290-00&ServiceCd=150&Type=search", "url2": "http://dayhimawari83.wix.com/himawari" }, "geometry": { "type": "Point", "coordinates": [ 137.261300509123203, 36.158306304228489 ] } },
{ "type": "Feature", "properties": { "内容": "まんてんデイサービス【通所介護】岐阜県高山市八幡町199番地3", "url": "https://www.kaigokensaku.mhlw.go.jp/21/index.php?action_kouhyou_detail_004_kani=true&JigyosyoCd=2172700458-00&ServiceCd=150&Type=search", "url2": "https://www.manten-takayama.com" }, "geometry": { "type": "Point", "coordinates": [ 137.2600721, 36.1490706 ] } },
{ "type": "Feature", "properties": { "内容": "リゾートアロハ赤坂【通所介護】岐阜県多治見市赤坂町7-121", "url": "https://www.kaigokensaku.mhlw.go.jp/21/index.php?action_kouhyou_detail_004_kani=true&JigyosyoCd=2171102474-00&ServiceCd=150&Type=search", "url2": null }, "geometry": { "type": "Point", "coordinates": [ 137.089314106745917, 35.337720561590565 ] } },
{ "type": "Feature", "properties": { "内容": "多治見市滝呂在宅老人デイサービスセンター【通所介護】岐阜県多治見市滝呂町１０丁目８７番地の４サンホーム滝呂", "url": "https://www.kaigokensaku.mhlw.go.jp/21/index.php?action_kouhyou_detail_004_kani=true&JigyosyoCd=2171100163-00&ServiceCd=150&Type=search", "url2": "http://www.t-syakyo.or.jp/" }, "geometry": { "type": "Point", "coordinates": [ 137.142920099999969, 35.3132608 ] } },
{ "type": "Feature", "properties": { "内容": "ベルツリーデイサービスセンター【通所介護】岐阜県多治見市脇之島町３－１６－１", "url": "https://www.kaigokensaku.mhlw.go.jp/21/index.php?action_kouhyou_detail_004_kani=true&JigyosyoCd=2171100254-00&ServiceCd=150&Type=search", "url2": "http://www.belltree.or.jp/" }, "geometry": { "type": "Point", "coordinates": [ 137.119214300000067, 35.3167815 ] } },
{ "type": "Feature", "properties": { "内容": "ビアンカデイサービスセンター【通所介護】岐阜県多治見市上山町１－９７－２", "url": "https://www.kaigokensaku.mhlw.go.jp/21/index.php?action_kouhyou_detail_004_kani=true&JigyosyoCd=2171100296-00&ServiceCd=150&Type=search", "url2": "https://bitokukai.com" }, "geometry": { "type": "Point", "coordinates": [ 137.137798100000026, 35.3395467 ] } },
{ "type": "Feature", "properties": { "内容": "ニチイケアセンター多治見【通所介護】岐阜県多治見市赤坂町１丁目６５番地", "url": "https://www.kaigokensaku.mhlw.go.jp/21/index.php?action_kouhyou_detail_004_kani=true&JigyosyoCd=2171100312-00&ServiceCd=150&Type=search", "url2": "http://www.nichiigakkan.co.jp/" }, "geometry": { "type": "Point", "coordinates": [ 137.103573800000049, 35.342733699999989 ] } },
{ "type": "Feature", "properties": { "内容": "多治見市笠原在宅老人デイサービスセンター【通所介護】岐阜県多治見市笠原町2900-6かさはら福祉センター", "url": "https://www.kaigokensaku.mhlw.go.jp/21/index.php?action_kouhyou_detail_004_kani=true&JigyosyoCd=2171100759-00&ServiceCd=150&Type=search", "url2": "http://t-syakyo.or.jp/" }, "geometry": { "type": "Point", "coordinates": [ 137.154381177246051, 35.301739071092975 ] } },
{ "type": "Feature", "properties": { "内容": "デイサービスセンター生楽【通所介護】岐阜県多治見市滝呂町1-79-1", "url": "https://www.kaigokensaku.mhlw.go.jp/21/index.php?action_kouhyou_detail_004_kani=true&JigyosyoCd=2171100874-00&ServiceCd=150&Type=search", "url2": "http://www.kenko-dai1.jp/kiraku/index.html" }, "geometry": { "type": "Point", "coordinates": [ 137.135101599999985, 35.3138159 ] } },
{ "type": "Feature", "properties": { "内容": "Ｋライン・ケアセンター多治見【通所介護】岐阜県多治見市喜多町4-49", "url": "https://www.kaigokensaku.mhlw.go.jp/21/index.php?action_kouhyou_detail_004_kani=true&JigyosyoCd=2171100890-00&ServiceCd=150&Type=search", "url2": "http:/www.klinecare.com" }, "geometry": { "type": "Point", "coordinates": [ 137.107051299999966, 35.3375372 ] } },
{ "type": "Feature", "properties": { "内容": "デイサービス市之倉ひまわり【通所介護】岐阜県　多治見市　市之倉町　13丁目83番地の353", "url": "https://www.kaigokensaku.mhlw.go.jp/21/index.php?action_kouhyou_detail_004_kani=true&JigyosyoCd=2171100965-00&ServiceCd=150&Type=search", "url2": "http://www.fukushi-himawari.co.jp" }, "geometry": { "type": "Point", "coordinates": [ 137.109176700000035, 35.3027603 ] } },
{ "type": "Feature", "properties": { "内容": "東濃デイサービスセンター松坂【通所介護】岐阜県多治見市松坂1-1-5", "url": "https://www.kaigokensaku.mhlw.go.jp/21/index.php?action_kouhyou_detail_004_kani=true&JigyosyoCd=2171101021-00&ServiceCd=150&Type=search", "url2": "https://brain-gr.com/zaitac/dayservice/dayservice-matsuzaka/" }, "geometry": { "type": "Point", "coordinates": [ 137.093476966270487, 35.366267754861894 ] } },
{ "type": "Feature", "properties": { "内容": "デイサービス遊楽苑市之倉【通所介護】岐阜県多治見市市之倉町3-30", "url": "https://www.kaigokensaku.mhlw.go.jp/21/index.php?action_kouhyou_detail_004_kani=true&JigyosyoCd=2171101039-00&ServiceCd=150&Type=search", "url2": null }, "geometry": { "type": "Point", "coordinates": [ 137.130155400000035, 35.2985978 ] } },
{ "type": "Feature", "properties": { "内容": "東濃デイサービスセンター滝呂【通所介護】岐阜県多治見市滝呂町12丁目148-1226", "url": "https://www.kaigokensaku.mhlw.go.jp/21/index.php?action_kouhyou_detail_004_kani=true&JigyosyoCd=2171101294-00&ServiceCd=150&Type=search", "url2": "http://brain-gr.com/" }, "geometry": { "type": "Point", "coordinates": [ 137.159848900000043, 35.3133561 ] } },
{ "type": "Feature", "properties": { "内容": "ケアリール太平町【通所介護】岐阜県多治見市太平町5-50", "url": "https://www.kaigokensaku.mhlw.go.jp/21/index.php?action_kouhyou_detail_004_kani=true&JigyosyoCd=2171101682-00&ServiceCd=150&Type=search", "url2": "http://niceman-care.com/" }, "geometry": { "type": "Point", "coordinates": [ 137.113503300000048, 35.3381681 ] } },
{ "type": "Feature", "properties": { "内容": "あいぎリハビリデイサービス【通所介護】岐阜県多治見市赤坂町７－３２", "url": "https://www.kaigokensaku.mhlw.go.jp/21/index.php?action_kouhyou_detail_004_kani=true&JigyosyoCd=2171101732-00&ServiceCd=150&Type=search", "url2": "http://www.al-aigi.com" }, "geometry": { "type": "Point", "coordinates": [ 137.089642199999957, 35.3389416 ] } },
{ "type": "Feature", "properties": { "内容": "デイサービス宝【通所介護】岐阜県多治見市宝町9丁目13番地", "url": "https://www.kaigokensaku.mhlw.go.jp/21/index.php?action_kouhyou_detail_004_kani=true&JigyosyoCd=2171101963-00&ServiceCd=150&Type=search", "url2": "http://hs-care.co.jp" }, "geometry": { "type": "Point", "coordinates": [ 137.106760718950198, 35.342935852084686 ] } },
{ "type": "Feature", "properties": { "内容": "Ｋライン・ケアセンター岐阜ぷらす【通所介護】岐阜県多治見市北丘町7-6-74", "url": "https://www.kaigokensaku.mhlw.go.jp/21/index.php?action_kouhyou_detail_004_kani=true&JigyosyoCd=2171102086-00&ServiceCd=150&Type=search", "url2": "http:/www.klinecare.com" }, "geometry": { "type": "Point", "coordinates": [ 137.075714699999907, 35.3642056 ] } },
{ "type": "Feature", "properties": { "内容": "デイサービス　アーリーバード【通所介護】岐阜県多治見市小名田町2丁目124番地", "url": "https://www.kaigokensaku.mhlw.go.jp/21/index.php?action_kouhyou_detail_004_kani=true&JigyosyoCd=2171102482-00&ServiceCd=150&Type=search", "url2": null }, "geometry": { "type": "Point", "coordinates": [ 137.1310351, 35.361926 ] } },
{ "type": "Feature", "properties": { "内容": "デイサービスリゾートアロハ多治見【通所介護】岐阜県多治見市本町7丁目４６－２", "url": "https://www.kaigokensaku.mhlw.go.jp/21/index.php?action_kouhyou_detail_004_kani=true&JigyosyoCd=2171102409-00&ServiceCd=150&Type=search", "url2": "www.more-smile.co.jp" }, "geometry": { "type": "Point", "coordinates": [ 137.1376211, 35.3364905 ] } },
{ "type": "Feature", "properties": { "内容": "デイサービスセンター　住ま居る【通所介護】岐阜県多治見市笠原町2455番地41", "url": "https://www.kaigokensaku.mhlw.go.jp/21/index.php?action_kouhyou_detail_004_kani=true&JigyosyoCd=2171101567-00&ServiceCd=150&Type=search", "url2": "http://www.smile-tajimi.com" }, "geometry": { "type": "Point", "coordinates": [ 137.166788980738488, 35.3174346468208 ] } },
{ "type": "Feature", "properties": { "内容": "デイサービスとよおか【通所介護】岐阜県多治見市豊岡町3-3", "url": "https://www.kaigokensaku.mhlw.go.jp/21/index.php?action_kouhyou_detail_004_kani=true&JigyosyoCd=2171102599-00&ServiceCd=150&Type=search", "url2": "https://www.mtec-hp.com/kurarey/" }, "geometry": { "type": "Point", "coordinates": [ 137.126585, 35.3349528 ] } },
{ "type": "Feature", "properties": { "内容": "多治見市南姫在宅老人デイサービスセンター【通所介護】岐阜県多治見市大針町８０－２ふれあいセンター姫", "url": "https://www.kaigokensaku.mhlw.go.jp/21/index.php?action_kouhyou_detail_004_kani=true&JigyosyoCd=2171100155-00&ServiceCd=150&Type=search", "url2": "http://t-syakyo.or.jp/" }, "geometry": { "type": "Point", "coordinates": [ 137.072295459941046, 35.379421331369208 ] } },
{ "type": "Feature", "properties": { "内容": "デイサービスリゾートアロハ小屋名【通所介護】岐阜県関市小屋名字北島８９９－１", "url": "https://www.kaigokensaku.mhlw.go.jp/21/index.php?action_kouhyou_detail_004_kani=true&JigyosyoCd=2170201657-00&ServiceCd=150&Type=search", "url2": null }, "geometry": { "type": "Point", "coordinates": [ 136.869261388042588, 35.489066133413246 ] } },
{ "type": "Feature", "properties": { "内容": "デイサービス　ジムズ関【通所介護】岐阜県関市伊勢町１８－２", "url": "https://www.kaigokensaku.mhlw.go.jp/21/index.php?action_kouhyou_detail_004_kani=true&JigyosyoCd=2170201442-00&ServiceCd=150&Type=search", "url2": null }, "geometry": { "type": "Point", "coordinates": [ 136.921939100000031, 35.4855227 ] } },
{ "type": "Feature", "properties": { "内容": "ハートフルデイサービスセンター【通所介護】岐阜県関市下有知5367番地4", "url": "https://www.kaigokensaku.mhlw.go.jp/21/index.php?action_kouhyou_detail_004_kani=true&JigyosyoCd=2170200238-00&ServiceCd=150&Type=search", "url2": "https://swct.or.jp/swch.html" }, "geometry": { "type": "Point", "coordinates": [ 136.918938799999978, 35.5109415 ] } },
{ "type": "Feature", "properties": { "内容": "デイサービスセンターほほえみ【通所介護】岐阜県関市稲口８４５番地特別養護老人ホーム　ほほえみ福寿の家", "url": "https://www.kaigokensaku.mhlw.go.jp/21/index.php?action_kouhyou_detail_004_kani=true&JigyosyoCd=2170200279-00&ServiceCd=150&Type=search", "url2": "https://www.hohoemi.or.jp" }, "geometry": { "type": "Point", "coordinates": [ 136.9268002, 35.4699162 ] } },
{ "type": "Feature", "properties": { "内容": "デイサービスセンターあかつき【通所介護】岐阜県関市下白金915", "url": "https://www.kaigokensaku.mhlw.go.jp/21/index.php?action_kouhyou_detail_004_kani=true&JigyosyoCd=2170200360-00&ServiceCd=150&Type=search", "url2": "http://www.shounkai.or.jp/" }, "geometry": { "type": "Point", "coordinates": [ 136.8521088, 35.477218 ] } },
{ "type": "Feature", "properties": { "内容": "ニチイケアセンター関池田【通所介護】岐阜県関市池田町26-2", "url": "https://www.kaigokensaku.mhlw.go.jp/21/index.php?action_kouhyou_detail_004_kani=true&JigyosyoCd=2170200402-00&ServiceCd=150&Type=search", "url2": "http://www.nichiigakkan.co.jp" }, "geometry": { "type": "Point", "coordinates": [ 136.898839500000037, 35.4970094 ] } },
{ "type": "Feature", "properties": { "内容": "デイサービス美里【通所介護】岐阜県関市向山町1丁目4-12", "url": "https://www.kaigokensaku.mhlw.go.jp/21/index.php?action_kouhyou_detail_004_kani=true&JigyosyoCd=2170200501-00&ServiceCd=150&Type=search", "url2": null }, "geometry": { "type": "Point", "coordinates": [ 136.902569946696531, 35.453960396800142 ] } },
{ "type": "Feature", "properties": { "内容": "いちいの杜ハートフルデイサービスセンター【通所介護】岐阜県関市市平賀大知洞566番地1", "url": "https://www.kaigokensaku.mhlw.go.jp/21/index.php?action_kouhyou_detail_004_kani=true&JigyosyoCd=2170200584-00&ServiceCd=150&Type=search", "url2": "https://swct.or.jp/swch.html" }, "geometry": { "type": "Point", "coordinates": [ 136.951021755525147, 35.48503505201257 ] } },
{ "type": "Feature", "properties": { "内容": "指定通所介護事業所ハートタウン平成の杜【通所介護】岐阜県関市中之保4517-2", "url": "https://www.kaigokensaku.mhlw.go.jp/21/index.php?action_kouhyou_detail_004_kani=true&JigyosyoCd=2170200683-00&ServiceCd=150&Type=search", "url2": "http://www.daiwa-center.jp/" }, "geometry": { "type": "Point", "coordinates": [ 137.026540227027908, 35.573152717070478 ] } },
{ "type": "Feature", "properties": { "内容": "デイサービスふらっとひる【通所介護】岐阜県関市武芸川町谷口８３４番地", "url": "https://www.kaigokensaku.mhlw.go.jp/21/index.php?action_kouhyou_detail_004_kani=true&JigyosyoCd=2170200709-00&ServiceCd=150&Type=search", "url2": "http://www.hiraokaiin.com" }, "geometry": { "type": "Point", "coordinates": [ 136.826393899999971, 35.544398 ] } },
{ "type": "Feature", "properties": { "内容": "デイサービスセンターあすなろ【通所介護】岐阜県関市池尻913-3", "url": "https://www.kaigokensaku.mhlw.go.jp/21/index.php?action_kouhyou_detail_004_kani=true&JigyosyoCd=2170200733-00&ServiceCd=150&Type=search", "url2": null }, "geometry": { "type": "Point", "coordinates": [ 136.875817699999971, 35.5030386 ] } },
{ "type": "Feature", "properties": { "内容": "デイサービスセンターあんき【通所介護】岐阜県関市洞戸通元寺261番地", "url": "https://www.kaigokensaku.mhlw.go.jp/21/index.php?action_kouhyou_detail_004_kani=true&JigyosyoCd=2170200873-00&ServiceCd=150&Type=search", "url2": "http://miwakai.or.jp/" }, "geometry": { "type": "Point", "coordinates": [ 136.819419499999981, 35.6073577 ] } },
{ "type": "Feature", "properties": { "内容": "ラクアデイサービス関【通所介護】岐阜県関市小屋名１３１６－２", "url": "https://www.kaigokensaku.mhlw.go.jp/21/index.php?action_kouhyou_detail_004_kani=true&JigyosyoCd=2170200949-00&ServiceCd=150&Type=search", "url2": "http://frontique.com" }, "geometry": { "type": "Point", "coordinates": [ 136.876589590737922, 35.486312724005799 ] } },
{ "type": "Feature", "properties": { "内容": "デイサービスセンター関あかつき【通所介護】岐阜県関市下有知4647番地", "url": "https://www.kaigokensaku.mhlw.go.jp/21/index.php?action_kouhyou_detail_004_kani=true&JigyosyoCd=2170201046-00&ServiceCd=150&Type=search", "url2": "http://www.shounkai.or.jp" }, "geometry": { "type": "Point", "coordinates": [ 136.923271800000066, 35.5074505 ] } },
{ "type": "Feature", "properties": { "内容": "デイサービス温咲南【通所介護】岐阜県関市西田原１１２番地1", "url": "https://www.kaigokensaku.mhlw.go.jp/21/index.php?action_kouhyou_detail_004_kani=true&JigyosyoCd=2170201111-00&ServiceCd=150&Type=search", "url2": "https://happy-end-gift.com" }, "geometry": { "type": "Point", "coordinates": [ 136.9415378, 35.465525 ] } },
{ "type": "Feature", "properties": { "内容": "指定通所介護事業所　ハートシティ中濃の杜【通所介護】岐阜県関市富之保4096-1", "url": "https://www.kaigokensaku.mhlw.go.jp/21/index.php?action_kouhyou_detail_004_kani=true&JigyosyoCd=2170201145-00&ServiceCd=150&Type=search", "url2": null }, "geometry": { "type": "Point", "coordinates": [ 137.021797228094471, 35.590034900245527 ] } },
{ "type": "Feature", "properties": { "内容": "デイサービス温咲南リハビリスタジオ【通所介護】岐阜県関市西田原１０９番地1", "url": "https://www.kaigokensaku.mhlw.go.jp/21/index.php?action_kouhyou_detail_004_kani=true&JigyosyoCd=2170201434-00&ServiceCd=150&Type=search", "url2": "https://happy-end-gift.com" }, "geometry": { "type": "Point", "coordinates": [ 136.940915600000039, 35.4660388 ] } },
{ "type": "Feature", "properties": { "内容": "リハビリ教室天馬【通所介護】岐阜県関市平賀町4丁目52番", "url": "https://www.kaigokensaku.mhlw.go.jp/21/index.php?action_kouhyou_detail_004_kani=true&JigyosyoCd=2170201509-00&ServiceCd=150&Type=search", "url2": "http://www.tenma2014.com/" }, "geometry": { "type": "Point", "coordinates": [ 136.938444460852054, 35.486493367990313 ] } },
{ "type": "Feature", "properties": { "内容": "ラクアデイサービス関ひがし【通所介護】岐阜県関市平賀町1-39", "url": "https://www.kaigokensaku.mhlw.go.jp/21/index.php?action_kouhyou_detail_004_kani=true&JigyosyoCd=2170201129-00&ServiceCd=150&Type=search", "url2": "http://frontique.com/" }, "geometry": { "type": "Point", "coordinates": [ 136.932973585605595, 35.483656626735595 ] } },
{ "type": "Feature", "properties": { "内容": "ももの木デイサービス関【通所介護】岐阜県関市小瀬1181番地6", "url": "https://www.kaigokensaku.mhlw.go.jp/21/index.php?action_kouhyou_detail_004_kani=true&JigyosyoCd=2170201533-00&ServiceCd=150&Type=search", "url2": null }, "geometry": { "type": "Point", "coordinates": [ 136.885612822753899, 35.49074995101482 ] } },
{ "type": "Feature", "properties": { "内容": "デイサービス笑顔いちばん関店【通所介護】岐阜県関市小瀬南2丁目1558-29", "url": "https://www.kaigokensaku.mhlw.go.jp/21/index.php?action_kouhyou_detail_004_kani=true&JigyosyoCd=2170201517-00&ServiceCd=150&Type=search", "url2": "http://www.egao1ban.jp" }, "geometry": { "type": "Point", "coordinates": [ 136.888021900000041, 35.4936384 ] } },
{ "type": "Feature", "properties": { "内容": "株式会社　イエローインダストリー【通所介護】岐阜県関市山田1045-22", "url": "https://www.kaigokensaku.mhlw.go.jp/21/index.php?action_kouhyou_detail_004_kani=true&JigyosyoCd=2170201426-00&ServiceCd=150&Type=search", "url2": "https://yellowsakura.jp/" }, "geometry": { "type": "Point", "coordinates": [ 136.862102544493894, 35.468692818275045 ] } },
{ "type": "Feature", "properties": { "内容": "ＲｅＳＴ緑ヶ丘リハビリステーション【通所介護】岐阜県関市緑ヶ丘2丁目6番28号", "url": "https://www.kaigokensaku.mhlw.go.jp/21/index.php?action_kouhyou_detail_004_kani=true&JigyosyoCd=2170201418-00&ServiceCd=150&Type=search", "url2": null }, "geometry": { "type": "Point", "coordinates": [ 136.900695653536985, 35.490791875533354 ] } },
{ "type": "Feature", "properties": { "内容": "福ふくデイサービス【通所介護】岐阜県中津川市西宮町4-13", "url": "https://www.kaigokensaku.mhlw.go.jp/21/index.php?action_kouhyou_detail_004_kani=true&JigyosyoCd=2171501428-00&ServiceCd=150&Type=search", "url2": "https://fukufukucare.com/" }, "geometry": { "type": "Point", "coordinates": [ 137.502776154216264, 35.493572189720297 ] } },
{ "type": "Feature", "properties": { "内容": "デイサービスセンターひだまり苑【通所介護】岐阜県中津川市千旦林1197-10", "url": "https://www.kaigokensaku.mhlw.go.jp/21/index.php?action_kouhyou_detail_004_kani=true&JigyosyoCd=2171500180-00&ServiceCd=150&Type=search", "url2": "http://www.nursingpia.com/hidamari/" }, "geometry": { "type": "Point", "coordinates": [ 137.456554423942606, 35.472043680027724 ] } },
{ "type": "Feature", "properties": { "内容": "デイサービスセンターシクラメン【通所介護】岐阜県中津川市阿木2811-1", "url": "https://www.kaigokensaku.mhlw.go.jp/21/index.php?action_kouhyou_detail_004_kani=true&JigyosyoCd=2171500297-00&ServiceCd=150&Type=search", "url2": "http://www.cyclamen.or.jp/" }, "geometry": { "type": "Point", "coordinates": [ 137.447185900000022, 35.4092996 ] } },
{ "type": "Feature", "properties": { "内容": "ら・じょわ中津川ディサービスセンター【通所介護】岐阜県中津川市茄子川1683-246", "url": "https://www.kaigokensaku.mhlw.go.jp/21/index.php?action_kouhyou_detail_004_kani=true&JigyosyoCd=2171500362-00&ServiceCd=150&Type=search", "url2": "http://www.la-joie.net/" }, "geometry": { "type": "Point", "coordinates": [ 137.478789399999982, 35.4586031 ] } },
{ "type": "Feature", "properties": { "内容": "付知町デイサービスセンター【通所介護】岐阜県中津川市付知町５８８１番地32", "url": "https://www.kaigokensaku.mhlw.go.jp/21/index.php?action_kouhyou_detail_004_kani=true&JigyosyoCd=2171500461-00&ServiceCd=150&Type=search", "url2": null }, "geometry": { "type": "Point", "coordinates": [ 137.42947879999997, 35.6603756 ] } },
{ "type": "Feature", "properties": { "内容": "加子母デイサービスセンターささゆり【通所介護】岐阜県中津川市加子母3427-1かしもふれあいコミュニティセンター内", "url": "https://www.kaigokensaku.mhlw.go.jp/21/index.php?action_kouhyou_detail_004_kani=true&JigyosyoCd=2171500479-00&ServiceCd=150&Type=search", "url2": null }, "geometry": { "type": "Point", "coordinates": [ 137.369484100000022, 35.7168396 ] } },
{ "type": "Feature", "properties": { "内容": "デイサービスセンターさくら苑【通所介護】岐阜県中津川市坂下1523番地1", "url": "https://www.kaigokensaku.mhlw.go.jp/21/index.php?action_kouhyou_detail_004_kani=true&JigyosyoCd=2171500503-00&ServiceCd=150&Type=search", "url2": null }, "geometry": { "type": "Point", "coordinates": [ 137.523852300000044, 35.5783788 ] } },
{ "type": "Feature", "properties": { "内容": "ひるかわデイサービスセンター【通所介護】岐阜県中津川市蛭川4862-1", "url": "https://www.kaigokensaku.mhlw.go.jp/21/index.php?action_kouhyou_detail_004_kani=true&JigyosyoCd=2171500511-00&ServiceCd=150&Type=search", "url2": "http://nakatugawa-shakyo.jp/" }, "geometry": { "type": "Point", "coordinates": [ 137.3975312, 35.5144298 ] } },
{ "type": "Feature", "properties": { "内容": "デイサービスセンターふくろうの杜北館【通所介護】岐阜県中津川市苗木４００２", "url": "https://www.kaigokensaku.mhlw.go.jp/21/index.php?action_kouhyou_detail_004_kani=true&JigyosyoCd=2171500610-00&ServiceCd=150&Type=search", "url2": "http://fukurounomori.jp/" }, "geometry": { "type": "Point", "coordinates": [ 137.4592841, 35.5119179 ] } },
{ "type": "Feature", "properties": { "内容": "デイサービスセンターほっと【通所介護】岐阜県中津川市蛭川５７３５－２２７", "url": "https://www.kaigokensaku.mhlw.go.jp/21/index.php?action_kouhyou_detail_004_kani=true&JigyosyoCd=2171500735-00&ServiceCd=150&Type=search", "url2": null }, "geometry": { "type": "Point", "coordinates": [ 137.4113251, 35.4894365 ] } },
{ "type": "Feature", "properties": { "内容": "ＮＰＯぎふ村温泉デイサービスセンター【通所介護】岐阜県中津川市茄子川中畑112-747", "url": "https://www.kaigokensaku.mhlw.go.jp/21/index.php?action_kouhyou_detail_004_kani=true&JigyosyoCd=2171500768-00&ServiceCd=150&Type=search", "url2": "http://www.npo-gifumura.com/" }, "geometry": { "type": "Point", "coordinates": [ 137.41356525555338, 35.481283293856045 ] } },
{ "type": "Feature", "properties": { "内容": "ニチイケアセンター中津川【通所介護】岐阜県中津川市中津川字新田1270-1", "url": "https://www.kaigokensaku.mhlw.go.jp/21/index.php?action_kouhyou_detail_004_kani=true&JigyosyoCd=2171500867-00&ServiceCd=150&Type=search", "url2": "http://www.nichiigakkan.co.jp" }, "geometry": { "type": "Point", "coordinates": [ 137.514027100000021, 35.4973614 ] } },
{ "type": "Feature", "properties": { "内容": "ほのぼのどれみ【通所介護】岐阜県中津川市落合字笹目682番地１", "url": "https://www.kaigokensaku.mhlw.go.jp/21/index.php?action_kouhyou_detail_004_kani=true&JigyosyoCd=2171501030-00&ServiceCd=150&Type=search", "url2": null }, "geometry": { "type": "Point", "coordinates": [ 137.529252141525262, 35.516658871097384 ] } },
{ "type": "Feature", "properties": { "内容": "デイサービスさつき【通所介護】岐阜県中津川市高山872番地", "url": "https://www.kaigokensaku.mhlw.go.jp/21/index.php?action_kouhyou_detail_004_kani=true&JigyosyoCd=2171501162-00&ServiceCd=150&Type=search", "url2": "https://satsuki-nakatsu.jp/" }, "geometry": { "type": "Point", "coordinates": [ 137.442906200000039, 35.5405299 ] } },
{ "type": "Feature", "properties": { "内容": "デイサービスセンター椿苑【通所介護】岐阜県中津川市山口2166-2", "url": "https://www.kaigokensaku.mhlw.go.jp/21/index.php?action_kouhyou_detail_004_kani=true&JigyosyoCd=2171501188-00&ServiceCd=150&Type=search", "url2": "http://nakatsugawa-shakyo.jp/" }, "geometry": { "type": "Point", "coordinates": [ 137.546961422090106, 35.552579849238072 ] } },
{ "type": "Feature", "properties": { "内容": "デイサービスなないろ【通所介護】岐阜県中津川市福岡521番地10", "url": "https://www.kaigokensaku.mhlw.go.jp/21/index.php?action_kouhyou_detail_004_kani=true&JigyosyoCd=2171501220-00&ServiceCd=150&Type=search", "url2": null }, "geometry": { "type": "Point", "coordinates": [ 137.464169737652128, 35.563851335233863 ] } },
{ "type": "Feature", "properties": { "内容": "デイサービスセンター恵翔苑【通所介護】岐阜県中津川市付知町4575番地１", "url": "https://www.kaigokensaku.mhlw.go.jp/21/index.php?action_kouhyou_detail_004_kani=true&JigyosyoCd=2171501279-00&ServiceCd=150&Type=search", "url2": "https://keihoku.or.jp/facility/keisyouen/" }, "geometry": { "type": "Point", "coordinates": [ 137.426367900000059, 35.666803 ] } },
{ "type": "Feature", "properties": { "内容": "デイサービス　ゴールドエイジ中津川【通所介護】岐阜県中津川市千旦林1598-28ゴールドエイジ中津川", "url": "https://www.kaigokensaku.mhlw.go.jp/21/index.php?action_kouhyou_detail_004_kani=true&JigyosyoCd=2171501378-00&ServiceCd=150&Type=search", "url2": null }, "geometry": { "type": "Point", "coordinates": [ 137.462976286525588, 35.492689496300166 ] } },
{ "type": "Feature", "properties": { "内容": "リハビリセンターむすび【通所介護】岐阜県中津川市八幡町6-1", "url": "https://www.kaigokensaku.mhlw.go.jp/21/index.php?action_kouhyou_detail_004_kani=true&JigyosyoCd=2171501436-00&ServiceCd=150&Type=search", "url2": "musubi-nakatsugawa.jimdofree.com" }, "geometry": { "type": "Point", "coordinates": [ 137.502447623942544, 35.489236092561995 ] } },
{ "type": "Feature", "properties": { "内容": "福岡デイサービスセンター【通所介護】岐阜県中津川市福岡672番地の16", "url": "https://www.kaigokensaku.mhlw.go.jp/21/index.php?action_kouhyou_detail_004_kani=true&JigyosyoCd=2172000669-00&ServiceCd=150&Type=search", "url2": "http://www.gojoukai.or.jp" }, "geometry": { "type": "Point", "coordinates": [ 137.4519125, 35.558579500000022 ] } },
{ "type": "Feature", "properties": { "内容": "レッツ倶楽部　美乃坂本【通所介護】岐阜県中津川市茄子川字坂本１４９８-４０", "url": "https://www.kaigokensaku.mhlw.go.jp/21/index.php?action_kouhyou_detail_004_kani=true&JigyosyoCd=2171500958-00&ServiceCd=150&Type=search", "url2": "http://www.lets-club.com/minosakamoto/" }, "geometry": { "type": "Point", "coordinates": [ 137.454805127014197, 35.470393816077724 ] } },
{ "type": "Feature", "properties": { "内容": "ライフ・リハステーションなごみの里【通所介護】岐阜県中津川市手賀野１７５番地の７", "url": "https://www.kaigokensaku.mhlw.go.jp/21/index.php?action_kouhyou_detail_004_kani=true&JigyosyoCd=2171500347-00&ServiceCd=150&Type=search", "url2": null }, "geometry": { "type": "Point", "coordinates": [ 137.488110600000027, 35.4763955 ] } },
{ "type": "Feature", "properties": { "内容": "株式会社　エイリアス【通所介護】岐阜県中津川市千旦林２５６７－２", "url": "https://www.kaigokensaku.mhlw.go.jp/21/index.php?action_kouhyou_detail_004_kani=true&JigyosyoCd=2171501451-00&ServiceCd=150&Type=search", "url2": "https://alias-daysakura.my.canva.site/dag4qjq3f8s" }, "geometry": { "type": "Point", "coordinates": [ 137.4551678, 35.4910866 ] } },
{ "type": "Feature", "properties": { "内容": "デイサービス　花の里【通所介護】岐阜県中津川市中津川　2988-1", "url": "https://www.kaigokensaku.mhlw.go.jp/21/index.php?action_kouhyou_detail_004_kani=true&JigyosyoCd=2171500891-00&ServiceCd=150&Type=search", "url2": "http://www.day-hananosato.jp/" }, "geometry": { "type": "Point", "coordinates": [ 137.504172154492153, 35.48665875643529 ] } },
{ "type": "Feature", "properties": { "内容": "デイサービスいろは【通所介護】岐阜県美濃市松栄町5-43", "url": "https://www.kaigokensaku.mhlw.go.jp/21/index.php?action_kouhyou_detail_004_kani=true&JigyosyoCd=2170300343-00&ServiceCd=150&Type=search", "url2": null }, "geometry": { "type": "Point", "coordinates": [ 136.912142200000062, 35.5288414 ] } },
{ "type": "Feature", "properties": { "内容": "ラクアデイサービス美濃【通所介護】岐阜県美濃市古市場町2550-1", "url": "https://www.kaigokensaku.mhlw.go.jp/21/index.php?action_kouhyou_detail_004_kani=true&JigyosyoCd=2170300434-00&ServiceCd=150&Type=search", "url2": "http://frontique.com" }, "geometry": { "type": "Point", "coordinates": [ 136.9081114, 35.5293805 ] } },
{ "type": "Feature", "properties": { "内容": "デイサービスいろは　さくら館【通所介護】岐阜県美濃市生櫛2702-2", "url": "https://www.kaigokensaku.mhlw.go.jp/21/index.php?action_kouhyou_detail_004_kani=true&JigyosyoCd=2170300368-00&ServiceCd=150&Type=search", "url2": null }, "geometry": { "type": "Point", "coordinates": [ 136.898941199999967, 35.5235233 ] } },
{ "type": "Feature", "properties": { "内容": "美濃北デイサービスセンター【通所介護】岐阜県美濃市上野744番地紙のふるさとふれあいセンター内", "url": "https://www.kaigokensaku.mhlw.go.jp/21/index.php?action_kouhyou_detail_004_kani=true&JigyosyoCd=2170300152-00&ServiceCd=150&Type=search", "url2": "https://mino-shakyo.or.jp/" }, "geometry": { "type": "Point", "coordinates": [ 136.872263800000042, 35.5857153 ] } },
{ "type": "Feature", "properties": { "内容": "デイサービスセンター　美和の里【通所介護】岐阜県美濃市極楽寺２１３番地の１", "url": "https://www.kaigokensaku.mhlw.go.jp/21/index.php?action_kouhyou_detail_004_kani=true&JigyosyoCd=2170300178-00&ServiceCd=150&Type=search", "url2": "http://gifu-shinwakai.org/" }, "geometry": { "type": "Point", "coordinates": [ 136.882842100000062, 35.530543 ] } },
{ "type": "Feature", "properties": { "内容": "みの輝きの杜デイサービスセンター【通所介護】岐阜県美濃市桑原３００８番地１", "url": "https://www.kaigokensaku.mhlw.go.jp/21/index.php?action_kouhyou_detail_004_kani=true&JigyosyoCd=2170300285-00&ServiceCd=150&Type=search", "url2": "http://www.minokagayaki.com/" }, "geometry": { "type": "Point", "coordinates": [ 136.918175309268236, 35.541551322408864 ] } },
{ "type": "Feature", "properties": { "内容": "デイサービス笑顔いちばん美濃店【通所介護】岐阜県美濃市横越361番地7", "url": "https://www.kaigokensaku.mhlw.go.jp/21/index.php?action_kouhyou_detail_004_kani=true&JigyosyoCd=2170300335-00&ServiceCd=150&Type=search", "url2": "https://egao1ban.jp/" }, "geometry": { "type": "Point", "coordinates": [ 136.893078728288771, 35.53894334155531 ] } },
{ "type": "Feature", "properties": { "内容": "デイサービスにじむすび【通所介護】岐阜県美濃市大矢田2263-3", "url": "https://www.kaigokensaku.mhlw.go.jp/21/index.php?action_kouhyou_detail_004_kani=true&JigyosyoCd=2170300400-00&ServiceCd=150&Type=search", "url2": "https://nijimusubi.net/" }, "geometry": { "type": "Point", "coordinates": [ 136.877962293163705, 35.544381288036554 ] } },
{ "type": "Feature", "properties": { "内容": "デイサービス温咲南　みの　ゆとりろ【通所介護】岐阜県美濃市もみじが丘2-45", "url": "https://www.kaigokensaku.mhlw.go.jp/21/index.php?action_kouhyou_detail_004_kani=true&JigyosyoCd=2170300418-00&ServiceCd=150&Type=search", "url2": "https://happy-end-gift.com/" }, "geometry": { "type": "Point", "coordinates": [ 136.879843099999988, 35.5308809 ] } },
{ "type": "Feature", "properties": { "内容": "千寿の里デイサービスセンターＢ型【通所介護】岐阜県瑞浪市山田町1018番地の1", "url": "https://www.kaigokensaku.mhlw.go.jp/21/index.php?action_kouhyou_detail_004_kani=true&JigyosyoCd=2171600188-00&ServiceCd=150&Type=search", "url2": "https://www.senjyukai.or.jp/" }, "geometry": { "type": "Point", "coordinates": [ 137.251603599999953, 35.3427507 ] } },
{ "type": "Feature", "properties": { "内容": "特定非営利活動法人陶宅老所いちにのさん【通所介護】岐阜県瑞浪市陶町猿爪１４番地の１", "url": "https://www.kaigokensaku.mhlw.go.jp/21/index.php?action_kouhyou_detail_004_kani=true&JigyosyoCd=2171600279-00&ServiceCd=150&Type=search", "url2": "https://suetakurou.wixsite.com/website-1" }, "geometry": { "type": "Point", "coordinates": [ 137.32216, 35.319992 ] } },
{ "type": "Feature", "properties": { "内容": "リハビリディサービスセンターぬくもり【通所介護】岐阜県瑞浪市陶町水上718-2", "url": "https://www.kaigokensaku.mhlw.go.jp/21/index.php?action_kouhyou_detail_004_kani=true&JigyosyoCd=2171600337-00&ServiceCd=150&Type=search", "url2": null }, "geometry": { "type": "Point", "coordinates": [ 137.313282800000025, 35.316839 ] } },
{ "type": "Feature", "properties": { "内容": "デイサービス遊楽苑瑞浪【通所介護】岐阜県瑞浪市松ヶ瀬町4丁目55番地の2", "url": "https://www.kaigokensaku.mhlw.go.jp/21/index.php?action_kouhyou_detail_004_kani=true&JigyosyoCd=2171600386-00&ServiceCd=150&Type=search", "url2": null }, "geometry": { "type": "Point", "coordinates": [ 137.237354900000014, 35.3649309 ] } },
{ "type": "Feature", "properties": { "内容": "あいぎ瑞浪デイサービス【通所介護】岐阜県瑞浪市山田町898-1", "url": "https://www.kaigokensaku.mhlw.go.jp/21/index.php?action_kouhyou_detail_004_kani=true&JigyosyoCd=2171600915-00&ServiceCd=150&Type=search", "url2": "http://www.al-aigi.com/" }, "geometry": { "type": "Point", "coordinates": [ 137.250858599999987, 35.3404278 ] } },
{ "type": "Feature", "properties": { "内容": "みずなみ陶生苑デイサービスセンター【通所介護】岐阜県瑞浪市釜戸町８３３番地", "url": "https://www.kaigokensaku.mhlw.go.jp/21/index.php?action_kouhyou_detail_004_kani=true&JigyosyoCd=2171801034-00&ServiceCd=150&Type=search", "url2": null }, "geometry": { "type": "Point", "coordinates": [ 137.283614700000044, 35.3997005 ] } },
{ "type": "Feature", "properties": { "内容": "アイランドジー・アイ　ナーシングデイ【通所介護】岐阜県瑞浪市北小田町２－２８５", "url": "https://www.kaigokensaku.mhlw.go.jp/21/index.php?action_kouhyou_detail_004_kani=true&JigyosyoCd=2171600139-00&ServiceCd=150&Type=search", "url2": "http://gi-kaigo.co.jp" }, "geometry": { "type": "Point", "coordinates": [ 137.244362599999931, 35.3598512 ] } },
{ "type": "Feature", "properties": { "内容": "アイランドジー・アイますみリラックスデイ【通所介護】岐阜県瑞浪市益見町二丁目121番地", "url": "https://www.kaigokensaku.mhlw.go.jp/21/index.php?action_kouhyou_detail_004_kani=true&JigyosyoCd=2171600683-00&ServiceCd=150&Type=search", "url2": "http://www.gi-kaigo.co.jp" }, "geometry": { "type": "Point", "coordinates": [ 137.259967111283942, 35.362670467161443 ] } },
{ "type": "Feature", "properties": { "内容": "アイランドジー・アイますみリハビリデイ【通所介護】岐阜県瑞浪市益見町二丁目130番地", "url": "https://www.kaigokensaku.mhlw.go.jp/21/index.php?action_kouhyou_detail_004_kani=true&JigyosyoCd=2171600535-00&ServiceCd=150&Type=search", "url2": "http://www.gi-kaigo.co.jp" }, "geometry": { "type": "Point", "coordinates": [ 137.259969104264457, 35.36266579268144 ] } },
{ "type": "Feature", "properties": { "内容": "ライフサポートデイサービス仁瑞浪【通所介護】岐阜県瑞浪市北小田町２－１２９", "url": "https://www.kaigokensaku.mhlw.go.jp/21/index.php?action_kouhyou_detail_004_kani=true&JigyosyoCd=2171600782-00&ServiceCd=150&Type=search", "url2": "http://ilife-llc.jimdo.com" }, "geometry": { "type": "Point", "coordinates": [ 137.244362599999931, 35.3577237 ] } },
{ "type": "Feature", "properties": { "内容": "心音ケアセンター瑞浪【通所介護】岐阜県瑞浪市樽上町1-45-4", "url": "https://www.kaigokensaku.mhlw.go.jp/21/index.php?action_kouhyou_detail_004_kani=true&JigyosyoCd=2171600733-00&ServiceCd=150&Type=search", "url2": "http://www.weecs.net" }, "geometry": { "type": "Point", "coordinates": [ 137.25371143068844, 35.361098289666607 ] } },
{ "type": "Feature", "properties": { "内容": "リハプライド　岐阜羽島【通所介護】岐阜県羽島市竹鼻町狐穴1133-1", "url": "https://www.kaigokensaku.mhlw.go.jp/21/index.php?action_kouhyou_detail_004_kani=true&JigyosyoCd=2170401497-00&ServiceCd=150&Type=search", "url2": null }, "geometry": { "type": "Point", "coordinates": [ 136.721184574309405, 35.315093323552034 ] } },
{ "type": "Feature", "properties": { "内容": "羽島市北部デイサービスセンター【通所介護】岐阜県羽島市足近町７丁目107番地1", "url": "https://www.kaigokensaku.mhlw.go.jp/21/index.php?action_kouhyou_detail_004_kani=true&JigyosyoCd=2170400374-00&ServiceCd=150&Type=search", "url2": "http://www.shahuku-hashima.jp" }, "geometry": { "type": "Point", "coordinates": [ 136.725124300000061, 35.3446856 ] } },
{ "type": "Feature", "properties": { "内容": "やすらぎ苑デイサービスセンター【通所介護】岐阜県羽島市下中町石田687番地", "url": "https://www.kaigokensaku.mhlw.go.jp/21/index.php?action_kouhyou_detail_004_kani=true&JigyosyoCd=2170400192-00&ServiceCd=150&Type=search", "url2": "http://denshinkai.jp" }, "geometry": { "type": "Point", "coordinates": [ 136.6989347, 35.2759428 ] } },
{ "type": "Feature", "properties": { "内容": "ニチイケアセンター羽島【通所介護】岐阜県羽島市江吉良町1367番地", "url": "https://www.kaigokensaku.mhlw.go.jp/21/index.php?action_kouhyou_detail_004_kani=true&JigyosyoCd=2170400275-00&ServiceCd=150&Type=search", "url2": "http://www.nichiigakkan.co.jp" }, "geometry": { "type": "Point", "coordinates": [ 136.703280100000029, 35.310311 ] } },
{ "type": "Feature", "properties": { "内容": "デイサービスわおん功徳庵【通所介護】岐阜県羽島市竹鼻町駒塚880番地", "url": "https://www.kaigokensaku.mhlw.go.jp/21/index.php?action_kouhyou_detail_004_kani=true&JigyosyoCd=2170400663-00&ServiceCd=150&Type=search", "url2": "http://www.waonnoie.com" }, "geometry": { "type": "Point", "coordinates": [ 136.719916799999964, 35.3009398 ] } },
{ "type": "Feature", "properties": { "内容": "デイサービスママーズ　駒塚【通所介護】岐阜県羽島市竹鼻町駒塚１０４３", "url": "https://www.kaigokensaku.mhlw.go.jp/21/index.php?action_kouhyou_detail_004_kani=true&JigyosyoCd=2170400770-00&ServiceCd=150&Type=search", "url2": "http://www.hashimakikaku.com" }, "geometry": { "type": "Point", "coordinates": [ 136.716833899999983, 35.3014675 ] } },
{ "type": "Feature", "properties": { "内容": "デイサービス　福わ家【通所介護】岐阜県羽島市江吉良町江中3－121", "url": "https://www.kaigokensaku.mhlw.go.jp/21/index.php?action_kouhyou_detail_004_kani=true&JigyosyoCd=2170401018-00&ServiceCd=150&Type=search", "url2": null }, "geometry": { "type": "Point", "coordinates": [ 136.693145484069873, 35.310752568922823 ] } },
{ "type": "Feature", "properties": { "内容": "デイサービス喫茶去くわばら【通所介護】岐阜県羽島市桑原町小薮1431番地1", "url": "https://www.kaigokensaku.mhlw.go.jp/21/index.php?action_kouhyou_detail_004_kani=true&JigyosyoCd=2170401083-00&ServiceCd=150&Type=search", "url2": "https://www.facebook.com/kissako.kuwa" }, "geometry": { "type": "Point", "coordinates": [ 136.680432875563042, 35.250870327903989 ] } },
{ "type": "Feature", "properties": { "内容": "デイサービス　花の木ふくじゅ【通所介護】岐阜県羽島市福寿町本郷2丁目5番地", "url": "https://www.kaigokensaku.mhlw.go.jp/21/index.php?action_kouhyou_detail_004_kani=true&JigyosyoCd=2170401109-00&ServiceCd=150&Type=search", "url2": "http://www.first-you.com" }, "geometry": { "type": "Point", "coordinates": [ 136.684783149198893, 35.32204158344387 ] } },
{ "type": "Feature", "properties": { "内容": "デイサポートＭＡＨＡＬＯ羽島【通所介護】岐阜県羽島市正木町曲利843番地", "url": "https://www.kaigokensaku.mhlw.go.jp/21/index.php?action_kouhyou_detail_004_kani=true&JigyosyoCd=2170401166-00&ServiceCd=150&Type=search", "url2": "http://www.capt.jp/" }, "geometry": { "type": "Point", "coordinates": [ 136.722360981397969, 35.327058161649745 ] } },
{ "type": "Feature", "properties": { "内容": "ケアステーションあさひ羽島【通所介護】岐阜県羽島市正木町不破一色347-1", "url": "https://www.kaigokensaku.mhlw.go.jp/21/index.php?action_kouhyou_detail_004_kani=true&JigyosyoCd=2170401208-00&ServiceCd=150&Type=search", "url2": "http://www.vati.co.jp/" }, "geometry": { "type": "Point", "coordinates": [ 136.724152199999907, 35.3322508 ] } },
{ "type": "Feature", "properties": { "内容": "デイサービスわおん別館【通所介護】岐阜県羽島市竹鼻町駒塚879-4", "url": "https://www.kaigokensaku.mhlw.go.jp/21/index.php?action_kouhyou_detail_004_kani=true&JigyosyoCd=2170401307-00&ServiceCd=150&Type=search", "url2": "http://www.waonnoie.com/" }, "geometry": { "type": "Point", "coordinates": [ 136.720308574947893, 35.300576362682392 ] } },
{ "type": "Feature", "properties": { "内容": "デイサービスラスベガス岐阜羽島【通所介護】岐阜県羽島市福寿町千代田3丁目77番地", "url": "https://www.kaigokensaku.mhlw.go.jp/21/index.php?action_kouhyou_detail_004_kani=true&JigyosyoCd=2170401349-00&ServiceCd=150&Type=search", "url2": "http://las-vegas.jp" }, "geometry": { "type": "Point", "coordinates": [ 136.682336391111079, 35.31910841043679 ] } },
{ "type": "Feature", "properties": { "内容": "デイサービスセンターたんぎく【通所介護】岐阜県羽島市小熊町島2-64", "url": "https://www.kaigokensaku.mhlw.go.jp/21/index.php?action_kouhyou_detail_004_kani=true&JigyosyoCd=2170401463-00&ServiceCd=150&Type=search", "url2": "https://dayservice-gifu-tangiku.com/" }, "geometry": { "type": "Point", "coordinates": [ 136.706514523417695, 35.334750895759022 ] } },
{ "type": "Feature", "properties": { "内容": "デイサービスセンターあおぞら【通所介護】岐阜県羽島市江吉良町1350", "url": "https://www.kaigokensaku.mhlw.go.jp/21/index.php?action_kouhyou_detail_004_kani=true&JigyosyoCd=2170401521-00&ServiceCd=150&Type=search", "url2": "http://kinkado-group.com/aozora/" }, "geometry": { "type": "Point", "coordinates": [ 136.7039484, 35.3113617 ] } },
{ "type": "Feature", "properties": { "内容": "デイサービスわおんひとつ葉【通所介護】岐阜県羽島市上中町中７０８－２", "url": "https://www.kaigokensaku.mhlw.go.jp/21/index.php?action_kouhyou_detail_004_kani=true&JigyosyoCd=2170401539-00&ServiceCd=150&Type=search", "url2": "https://www.waonnoie.com/" }, "geometry": { "type": "Point", "coordinates": [ 136.7032312, 35.298459 ] } },
{ "type": "Feature", "properties": { "内容": "デイサービス介護まめ家【通所介護】岐阜県羽島市足近町６丁目５０８番地１", "url": "https://www.kaigokensaku.mhlw.go.jp/21/index.php?action_kouhyou_detail_004_kani=true&JigyosyoCd=2170401562-00&ServiceCd=150&Type=search", "url2": "http://www.kaigo-mameya.com" }, "geometry": { "type": "Point", "coordinates": [ 136.7249993, 35.347535 ] } },
{ "type": "Feature", "properties": { "内容": "デイサービス　ゴールドエイジ羽島【通所介護】岐阜県羽島市竹鼻町狐穴613番地", "url": "https://www.kaigokensaku.mhlw.go.jp/21/index.php?action_kouhyou_detail_004_kani=true&JigyosyoCd=2170401588-00&ServiceCd=150&Type=search", "url2": "https://goldage.co.jp" }, "geometry": { "type": "Point", "coordinates": [ 136.7079687, 35.3200864 ] } },
{ "type": "Feature", "properties": { "内容": "寿光苑デイサービスセンター【通所介護】岐阜県羽島市小熊町2丁目750番地", "url": "https://www.kaigokensaku.mhlw.go.jp/21/index.php?action_kouhyou_detail_004_kani=true&JigyosyoCd=2170400416-00&ServiceCd=150&Type=search", "url2": "http://www.shahuku-hashima.jp/" }, "geometry": { "type": "Point", "coordinates": [ 136.71046780000006, 35.3492708 ] } },
{ "type": "Feature", "properties": { "内容": "デイサービス　いきいき邑【通所介護】岐阜県恵那市明智町吉良見560-1楽舎", "url": "https://www.kaigokensaku.mhlw.go.jp/21/index.php?action_kouhyou_detail_004_kani=true&JigyosyoCd=2171701390-00&ServiceCd=150&Type=search", "url2": "https://asp.schoolweb.ne.jp" }, "geometry": { "type": "Point", "coordinates": [ 137.350749900000011, 35.3044638 ] } },
{ "type": "Feature", "properties": { "内容": "デイサービスセンターいっぷく【通所介護】岐阜県恵那市岩村町飯羽間2639番地9", "url": "https://www.kaigokensaku.mhlw.go.jp/21/index.php?action_kouhyou_detail_004_kani=true&JigyosyoCd=2171701416-00&ServiceCd=150&Type=search", "url2": "llc-one-one.jimdofree.com" }, "geometry": { "type": "Point", "coordinates": [ 137.4340082, 35.3866202 ] } },
{ "type": "Feature", "properties": { "内容": "恵那市デイサービスセンター恵愛【通所介護】岐阜県恵那市大井町2716－166", "url": "https://www.kaigokensaku.mhlw.go.jp/21/index.php?action_kouhyou_detail_004_kani=true&JigyosyoCd=2171700079-00&ServiceCd=150&Type=search", "url2": "http://www.keiwakai.or.jp/" }, "geometry": { "type": "Point", "coordinates": [ 137.392326799999978, 35.464345 ] } },
{ "type": "Feature", "properties": { "内容": "デイサービスセンターめぐみ【通所介護】岐阜県恵那市中野方町1768-1", "url": "https://www.kaigokensaku.mhlw.go.jp/21/index.php?action_kouhyou_detail_004_kani=true&JigyosyoCd=2171700152-00&ServiceCd=150&Type=search", "url2": "http://enacity.info/megumi/index.html" }, "geometry": { "type": "Point", "coordinates": [ 137.306712349108494, 35.519589083019177 ] } },
{ "type": "Feature", "properties": { "内容": "岩村デイサービスセンター【通所介護】岐阜県恵那市岩村町1650番地1岩村福祉センター", "url": "https://www.kaigokensaku.mhlw.go.jp/21/index.php?action_kouhyou_detail_004_kani=true&JigyosyoCd=2171700483-00&ServiceCd=150&Type=search", "url2": "https://www.ena-shakyo.or.jp/" }, "geometry": { "type": "Point", "coordinates": [ 137.436117198811303, 35.365796756360538 ] } },
{ "type": "Feature", "properties": { "内容": "ＮＰＯぎふ村デイサービスセンター【通所介護】岐阜県恵那市武並町藤2403-85ＮＰＯぎふ村デイサービスセンター", "url": "https://www.kaigokensaku.mhlw.go.jp/21/index.php?action_kouhyou_detail_004_kani=true&JigyosyoCd=2171700533-00&ServiceCd=150&Type=search", "url2": "http://www.npo-gifumura.com/" }, "geometry": { "type": "Point", "coordinates": [ 137.337371, 35.4392316 ] } },
{ "type": "Feature", "properties": { "内容": "明智デイサービスセンター【通所介護】岐阜県恵那市明智町1090番地", "url": "https://www.kaigokensaku.mhlw.go.jp/21/index.php?action_kouhyou_detail_004_kani=true&JigyosyoCd=2171700608-00&ServiceCd=150&Type=search", "url2": "https://www.ena-shakyo.or.jp/" }, "geometry": { "type": "Point", "coordinates": [ 137.3947518, 35.2963753 ] } },
{ "type": "Feature", "properties": { "内容": "デイサービスせせらぎの里【通所介護】岐阜県恵那市長島町永田519番2在宅型有料老人ホームせせらぎの里", "url": "https://www.kaigokensaku.mhlw.go.jp/21/index.php?action_kouhyou_detail_004_kani=true&JigyosyoCd=2171700863-00&ServiceCd=150&Type=search", "url2": "https://www.seseragi-sato.com/" }, "geometry": { "type": "Point", "coordinates": [ 137.400401833421228, 35.446424149154439 ] } },
{ "type": "Feature", "properties": { "内容": "デイサービスセンターもみじ【通所介護】岐阜県恵那市武並町竹折603番地2", "url": "https://www.kaigokensaku.mhlw.go.jp/21/index.php?action_kouhyou_detail_004_kani=true&JigyosyoCd=2171701051-00&ServiceCd=150&Type=search", "url2": "ena-momiji.co.jp" }, "geometry": { "type": "Point", "coordinates": [ 137.360234670591694, 35.437416282078757 ] } },
{ "type": "Feature", "properties": { "内容": "生活介護　ほたるの園【通所介護】岐阜県美濃加茂市本郷町７丁目９－６", "url": "https://www.kaigokensaku.mhlw.go.jp/21/index.php?action_kouhyou_detail_004_kani=true&JigyosyoCd=2171200716-00&ServiceCd=150&Type=search", "url2": "https://smile.fukushi.gifu.jp/" }, "geometry": { "type": "Point", "coordinates": [ 137.0416169, 35.4575142 ] } },
{ "type": "Feature", "properties": { "内容": "JAめぐみのデイサービスセンターあんしんみのかも【通所介護】岐阜県美濃加茂市太田町478-1", "url": "https://www.kaigokensaku.mhlw.go.jp/21/index.php?action_kouhyou_detail_004_kani=true&JigyosyoCd=2171200104-00&ServiceCd=150&Type=search", "url2": "http://www.ja-megumino.or.jp" }, "geometry": { "type": "Point", "coordinates": [ 137.01126469999997, 35.4474081 ] } },
{ "type": "Feature", "properties": { "内容": "さわやかナーシングビラデイサービスセンター【通所介護】岐阜県美濃加茂市下米田町東栃井８１－2", "url": "https://www.kaigokensaku.mhlw.go.jp/21/index.php?action_kouhyou_detail_004_kani=true&JigyosyoCd=2171200138-00&ServiceCd=150&Type=search", "url2": "http://www.jikeikai-sawayaka.jp" }, "geometry": { "type": "Point", "coordinates": [ 137.066200400000071, 35.4772158 ] } },
{ "type": "Feature", "properties": { "内容": "デイサービスセンターさくらの郷【通所介護】岐阜県美濃加茂市太田町２６－５", "url": "https://www.kaigokensaku.mhlw.go.jp/21/index.php?action_kouhyou_detail_004_kani=true&JigyosyoCd=2171200310-00&ServiceCd=150&Type=search", "url2": "http://www.hayasi-clinic.org/publics/index/30/" }, "geometry": { "type": "Point", "coordinates": [ 137.018325, 35.4491223 ] } },
{ "type": "Feature", "properties": { "内容": "デイサービス本郷ふふ【通所介護】岐阜県美濃加茂市本郷町４丁目９番１５号", "url": "https://www.kaigokensaku.mhlw.go.jp/21/index.php?action_kouhyou_detail_004_kani=true&JigyosyoCd=2171200526-00&ServiceCd=150&Type=search", "url2": "https://hongou-huhu.com/" }, "geometry": { "type": "Point", "coordinates": [ 137.033381800000029, 35.4541671 ] } },
{ "type": "Feature", "properties": { "内容": "レッツ倶楽部美濃加茂【通所介護】岐阜県美濃加茂市川合町１丁目１８番１０号", "url": "https://www.kaigokensaku.mhlw.go.jp/21/index.php?action_kouhyou_detail_004_kani=true&JigyosyoCd=2171200666-00&ServiceCd=150&Type=search", "url2": "https://www.lets-club.jp/shop/minokamo/" }, "geometry": { "type": "Point", "coordinates": [ 137.042151145368962, 35.445193694008033 ] } },
{ "type": "Feature", "properties": { "内容": "デイサービスリゾートアロハ加茂野【通所介護】岐阜県美濃加茂市加茂野町今泉536-1", "url": "https://www.kaigokensaku.mhlw.go.jp/21/index.php?action_kouhyou_detail_004_kani=true&JigyosyoCd=2171200708-00&ServiceCd=150&Type=search", "url2": "http://www.more-smile.co.jp/" }, "geometry": { "type": "Point", "coordinates": [ 136.974237958155157, 35.465254678431343 ] } },
{ "type": "Feature", "properties": { "内容": "デイサービスリゾートアロハ牧野【通所介護】岐阜県美濃加茂市牧野2585-10", "url": "https://www.kaigokensaku.mhlw.go.jp/21/index.php?action_kouhyou_detail_004_kani=true&JigyosyoCd=2171200765-00&ServiceCd=150&Type=search", "url2": null }, "geometry": { "type": "Point", "coordinates": [ 137.06286248042602, 35.452771719925877 ] } },
{ "type": "Feature", "properties": { "内容": "ニチイケアセンター土岐【通所介護】岐阜県土岐市肥田浅野笠神町2丁目26番1", "url": "https://www.kaigokensaku.mhlw.go.jp/21/index.php?action_kouhyou_detail_004_kani=true&JigyosyoCd=2171800028-00&ServiceCd=150&Type=search", "url2": "http://www.nichiigakkan.co.jp" }, "geometry": { "type": "Point", "coordinates": [ 137.199939, 35.362032900000017 ] } },
{ "type": "Feature", "properties": { "内容": "すこやか館老人デイサービスセンター【通所介護】岐阜県土岐市泉町久尻47番地の16", "url": "https://www.kaigokensaku.mhlw.go.jp/21/index.php?action_kouhyou_detail_004_kani=true&JigyosyoCd=2171800143-00&ServiceCd=150&Type=search", "url2": "http://www.tokishakyo.or.jp/" }, "geometry": { "type": "Point", "coordinates": [ 137.182985199999962, 35.3558109 ] } },
{ "type": "Feature", "properties": { "内容": "ウエルフェア土岐老人デイサービスセンター【通所介護】岐阜県土岐市下石町１０６０番地", "url": "https://www.kaigokensaku.mhlw.go.jp/21/index.php?action_kouhyou_detail_004_kani=true&JigyosyoCd=2171800150-00&ServiceCd=150&Type=search", "url2": "http://www.tokishakyo.or.jp" }, "geometry": { "type": "Point", "coordinates": [ 137.19090170000004, 35.32024 ] } },
{ "type": "Feature", "properties": { "内容": "東濃デイリハビリセンター【通所介護】岐阜県土岐市肥田浅野元町　２－３６", "url": "https://www.kaigokensaku.mhlw.go.jp/21/index.php?action_kouhyou_detail_004_kani=true&JigyosyoCd=2171800507-00&ServiceCd=150&Type=search", "url2": "http://brain-gr.com/" }, "geometry": { "type": "Point", "coordinates": [ 137.200319499999978, 35.3628717 ] } },
{ "type": "Feature", "properties": { "内容": "デイサービス　ひなたぼっこあい【通所介護】岐阜県土岐市下石陶史台1-2267-7", "url": "https://www.kaigokensaku.mhlw.go.jp/21/index.php?action_kouhyou_detail_004_kani=true&JigyosyoCd=2171800556-00&ServiceCd=150&Type=search", "url2": "http://www.hinatabokko-sato.com/" }, "geometry": { "type": "Point", "coordinates": [ 137.212676182589689, 35.328005690191858 ] } },
{ "type": "Feature", "properties": { "内容": "東濃デイサービスセンター　西館【通所介護】岐阜県土岐市肥田浅野朝日町2-5-1", "url": "https://www.kaigokensaku.mhlw.go.jp/21/index.php?action_kouhyou_detail_004_kani=true&JigyosyoCd=2171800564-00&ServiceCd=150&Type=search", "url2": "http://brain-gr.com" }, "geometry": { "type": "Point", "coordinates": [ 137.197461500000031, 35.3608163 ] } },
{ "type": "Feature", "properties": { "内容": "東濃デイサービスセンター東館【通所介護】岐阜県土岐市肥田浅野朝日町2-5-1", "url": "https://www.kaigokensaku.mhlw.go.jp/21/index.php?action_kouhyou_detail_004_kani=true&JigyosyoCd=2171800572-00&ServiceCd=150&Type=search", "url2": "http://brain-gr.com" }, "geometry": { "type": "Point", "coordinates": [ 137.197461500000031, 35.3608163 ] } },
{ "type": "Feature", "properties": { "内容": "土岐ケアセンターそよ風【通所介護】岐阜県土岐市肥田浅野元町2-16", "url": "https://www.kaigokensaku.mhlw.go.jp/21/index.php?action_kouhyou_detail_004_kani=true&JigyosyoCd=2171800622-00&ServiceCd=150&Type=search", "url2": "http://www.unimat-rc.co.jp" }, "geometry": { "type": "Point", "coordinates": [ 137.200958637434383, 35.362397228225163 ] } },
{ "type": "Feature", "properties": { "内容": "心音ケアセンター土岐【通所介護】岐阜県土岐市肥田浅野元町1-32", "url": "https://www.kaigokensaku.mhlw.go.jp/21/index.php?action_kouhyou_detail_004_kani=true&JigyosyoCd=2171800796-00&ServiceCd=150&Type=search", "url2": "http://www.weecs.net" }, "geometry": { "type": "Point", "coordinates": [ 137.200515208459478, 35.361073977981285 ] } },
{ "type": "Feature", "properties": { "内容": "恵風荘老人デイサービスセンター【通所介護】岐阜県土岐市駄知町１２６３番地の３８土岐市恵風荘", "url": "https://www.kaigokensaku.mhlw.go.jp/21/index.php?action_kouhyou_detail_004_kani=true&JigyosyoCd=2171801026-00&ServiceCd=150&Type=search", "url2": null }, "geometry": { "type": "Point", "coordinates": [ 137.225815099999977, 35.3360507 ] } },
{ "type": "Feature", "properties": { "内容": "運動特化型デイサービス　アクトスリバースジム土岐【通所介護】岐阜県土岐市肥田浅野梅ノ木1-23バロー土岐2階", "url": "https://www.kaigokensaku.mhlw.go.jp/21/index.php?action_kouhyou_detail_004_kani=true&JigyosyoCd=2171801182-00&ServiceCd=150&Type=search", "url2": null }, "geometry": { "type": "Point", "coordinates": [ 137.199672099999987, 35.3597911 ] } },
{ "type": "Feature", "properties": { "内容": "フレンズ土岐【通所介護】岐阜県土岐市泉町久尻37番地5", "url": "https://www.kaigokensaku.mhlw.go.jp/21/index.php?action_kouhyou_detail_004_kani=true&JigyosyoCd=2171801190-00&ServiceCd=150&Type=search", "url2": null }, "geometry": { "type": "Point", "coordinates": [ 137.184881130688495, 35.356851200102874 ] } },
{ "type": "Feature", "properties": { "内容": "デイサービスアストレウォーク【通所介護】岐阜県土岐市泉町定林寺西洞594番地1デイサービスアストレウォーク", "url": "https://www.kaigokensaku.mhlw.go.jp/21/index.php?action_kouhyou_detail_004_kani=true&JigyosyoCd=2171801067-00&ServiceCd=150&Type=search", "url2": null }, "geometry": { "type": "Point", "coordinates": [ 137.197241868122887, 35.372113799472686 ] } },
{ "type": "Feature", "properties": { "内容": "デイサービス　アストレ　梅ノ木【通所介護】岐阜県土岐市肥田浅野梅ノ木町2-37-1", "url": "https://www.kaigokensaku.mhlw.go.jp/21/index.php?action_kouhyou_detail_004_kani=true&JigyosyoCd=2171800838-00&ServiceCd=150&Type=search", "url2": null }, "geometry": { "type": "Point", "coordinates": [ 137.198330899999974, 35.3597637 ] } },
{ "type": "Feature", "properties": { "内容": "デイサービスセンター彩風【通所介護】岐阜県土岐市泉大坪町3-14", "url": "https://www.kaigokensaku.mhlw.go.jp/21/index.php?action_kouhyou_detail_004_kani=true&JigyosyoCd=2171800481-00&ServiceCd=150&Type=search", "url2": null }, "geometry": { "type": "Point", "coordinates": [ 137.182212899999968, 35.3649681 ] } },
{ "type": "Feature", "properties": { "内容": "デイサービスセンター住ま居る下石【通所介護】岐阜県土岐市下石町910-1", "url": "https://www.kaigokensaku.mhlw.go.jp/21/index.php?action_kouhyou_detail_004_kani=true&JigyosyoCd=2171801059-00&ServiceCd=150&Type=search", "url2": "http://www.smileorosi@smile-tajimi.com/" }, "geometry": { "type": "Point", "coordinates": [ 137.185564787377416, 35.324433629342728 ] } },
{ "type": "Feature", "properties": { "内容": "デイサービス　つくしんぼ【通所介護】岐阜県土岐市泉大島町4-11", "url": "https://www.kaigokensaku.mhlw.go.jp/21/index.php?action_kouhyou_detail_004_kani=true&JigyosyoCd=2171800739-00&ServiceCd=150&Type=search", "url2": "http://tsukushi-s.com" }, "geometry": { "type": "Point", "coordinates": [ 137.191572899999983, 35.3663877 ] } },
{ "type": "Feature", "properties": { "内容": "デイサービスつくしんぼひだ【通所介護】岐阜県土岐市肥田町肥田1654", "url": "https://www.kaigokensaku.mhlw.go.jp/21/index.php?action_kouhyou_detail_004_kani=true&JigyosyoCd=2171800911-00&ServiceCd=150&Type=search", "url2": "http://tsukushi-s.com/" }, "geometry": { "type": "Point", "coordinates": [ 137.214908700000024, 35.3502076 ] } },
{ "type": "Feature", "properties": { "内容": "デイサービスつくし【通所介護】岐阜県土岐市泉町定林寺736-1", "url": "https://www.kaigokensaku.mhlw.go.jp/21/index.php?action_kouhyou_detail_004_kani=true&JigyosyoCd=2171801000-00&ServiceCd=150&Type=search", "url2": "http://tsukushi-s.com" }, "geometry": { "type": "Point", "coordinates": [ 137.193011599999977, 35.3700568 ] } },
{ "type": "Feature", "properties": { "内容": "デイサービスつくしんぼ学園【通所介護】岐阜県土岐市肥田町肥田1654", "url": "https://www.kaigokensaku.mhlw.go.jp/21/index.php?action_kouhyou_detail_004_kani=true&JigyosyoCd=2171801083-00&ServiceCd=150&Type=search", "url2": "https://tsukushi-s.com/" }, "geometry": { "type": "Point", "coordinates": [ 137.214908700000024, 35.3502076 ] } },
{ "type": "Feature", "properties": { "内容": "デイサービス各務原【通所介護】岐阜県各務原市蘇原花園町3丁目22番地", "url": "https://www.kaigokensaku.mhlw.go.jp/21/index.php?action_kouhyou_detail_004_kani=true&JigyosyoCd=2170500496-00&ServiceCd=150&Type=search", "url2": null }, "geometry": { "type": "Point", "coordinates": [ 136.85000249999996, 35.4099176 ] } },
{ "type": "Feature", "properties": { "内容": "オーク　デイサービスセンター【通所介護】岐阜県各務原市那加前洞新町4丁目22番地", "url": "https://www.kaigokensaku.mhlw.go.jp/21/index.php?action_kouhyou_detail_004_kani=true&JigyosyoCd=2170501338-00&ServiceCd=150&Type=search", "url2": "http://koujinkai-oak.com/" }, "geometry": { "type": "Point", "coordinates": [ 136.842945099999952, 35.4091538 ] } },
{ "type": "Feature", "properties": { "内容": "デイサービスセンター　レスペートうぬま西【通所介護】岐阜県各務原市鵜沼各務原町二丁目136番", "url": "https://www.kaigokensaku.mhlw.go.jp/21/index.php?action_kouhyou_detail_004_kani=true&JigyosyoCd=2170502070-00&ServiceCd=150&Type=search", "url2": "http://www.casa.or.jp/" }, "geometry": { "type": "Point", "coordinates": [ 136.898909942188993, 35.399737620814243 ] } },
{ "type": "Feature", "properties": { "内容": "ニチイケアセンター各務原【通所介護】岐阜県各務原市蘇原瑞雲町3丁目28番", "url": "https://www.kaigokensaku.mhlw.go.jp/21/index.php?action_kouhyou_detail_004_kani=true&JigyosyoCd=2170500108-00&ServiceCd=150&Type=search", "url2": "http://www.nichiigakkan.co.jp" }, "geometry": { "type": "Point", "coordinates": [ 136.869947899999943, 35.4065133 ] } },
{ "type": "Feature", "properties": { "内容": "つつじ苑デイサービスセンター【通所介護】岐阜県各務原市大佐野町2-58", "url": "https://www.kaigokensaku.mhlw.go.jp/21/index.php?action_kouhyou_detail_004_kani=true&JigyosyoCd=2170500223-00&ServiceCd=150&Type=search", "url2": "http://www.tutujien.jp" }, "geometry": { "type": "Point", "coordinates": [ 136.8421750141556, 35.385385997846264 ] } },
{ "type": "Feature", "properties": { "内容": "デイサービスセンター飛鳥美谷苑【通所介護】岐阜県各務原市那加西市場町7丁目285-1", "url": "https://www.kaigokensaku.mhlw.go.jp/21/index.php?action_kouhyou_detail_004_kani=true&JigyosyoCd=2170500322-00&ServiceCd=150&Type=search", "url2": "https://www.mitanikai.com" }, "geometry": { "type": "Point", "coordinates": [ 136.837903800000049, 35.417525 ] } },
{ "type": "Feature", "properties": { "内容": "デイサービスセンターさかい【通所介護】岐阜県各務原市蘇原柿沢町1丁目45番地", "url": "https://www.kaigokensaku.mhlw.go.jp/21/index.php?action_kouhyou_detail_004_kani=true&JigyosyoCd=2170500371-00&ServiceCd=150&Type=search", "url2": null }, "geometry": { "type": "Point", "coordinates": [ 136.86200980000001, 35.4048047 ] } },
{ "type": "Feature", "properties": { "内容": "デイサービスセンターいずみの郷【通所介護】岐阜県各務原市蘇原沢上町４丁目２番地６", "url": "https://www.kaigokensaku.mhlw.go.jp/21/index.php?action_kouhyou_detail_004_kani=true&JigyosyoCd=2170500595-00&ServiceCd=150&Type=search", "url2": null }, "geometry": { "type": "Point", "coordinates": [ 136.859690499999942, 35.406646 ] } },
{ "type": "Feature", "properties": { "内容": "集い処　笑福【通所介護】岐阜県各務原市鵜沼各務原町９丁目２０６", "url": "https://www.kaigokensaku.mhlw.go.jp/21/index.php?action_kouhyou_detail_004_kani=true&JigyosyoCd=2170500785-00&ServiceCd=150&Type=search", "url2": "http://www.kaigo-ai.com" }, "geometry": { "type": "Point", "coordinates": [ 136.911434256097436, 35.395594964224763 ] } },
{ "type": "Feature", "properties": { "内容": "デイサービスセンターニッケかかみ野苑【通所介護】岐阜県各務原市鵜沼各務原町８丁目７番地", "url": "https://www.kaigokensaku.mhlw.go.jp/21/index.php?action_kouhyou_detail_004_kani=true&JigyosyoCd=2170500975-00&ServiceCd=150&Type=search", "url2": "https://nikkecare.com/company/" }, "geometry": { "type": "Point", "coordinates": [ 136.905636700000059, 35.3964403 ] } },
{ "type": "Feature", "properties": { "内容": "デイサービス　Com.Do2【通所介護】岐阜県各務原市鵜沼各務原町9丁目195番地", "url": "https://www.kaigokensaku.mhlw.go.jp/21/index.php?action_kouhyou_detail_004_kani=true&JigyosyoCd=2170501114-00&ServiceCd=150&Type=search", "url2": "http://www.phoenix-g.jp" }, "geometry": { "type": "Point", "coordinates": [ 136.911569500000041, 35.3968069 ] } },
{ "type": "Feature", "properties": { "内容": "デイサービス笑顔いちばん【通所介護】岐阜県各務原市那加雄飛ケ丘町17番地46", "url": "https://www.kaigokensaku.mhlw.go.jp/21/index.php?action_kouhyou_detail_004_kani=true&JigyosyoCd=2170501213-00&ServiceCd=150&Type=search", "url2": "https://egao1ban.jp/" }, "geometry": { "type": "Point", "coordinates": [ 136.850261100000012, 35.4029018 ] } },
{ "type": "Feature", "properties": { "内容": "デイサービス花の木おおの【通所介護】岐阜県各務原市大野町5-69-1", "url": "https://www.kaigokensaku.mhlw.go.jp/21/index.php?action_kouhyou_detail_004_kani=true&JigyosyoCd=2170501312-00&ServiceCd=150&Type=search", "url2": "http://www.first-you.com" }, "geometry": { "type": "Point", "coordinates": [ 136.826640377909854, 35.387135720947605 ] } },
{ "type": "Feature", "properties": { "内容": "ゆかりの郷デイサービスセンター花園【通所介護】岐阜県各務原市蘇原花園町3丁目59番地１", "url": "https://www.kaigokensaku.mhlw.go.jp/21/index.php?action_kouhyou_detail_004_kani=true&JigyosyoCd=2170501593-00&ServiceCd=150&Type=search", "url2": "http://yutaka-ms.jp/" }, "geometry": { "type": "Point", "coordinates": [ 136.850895046032775, 35.410461086677522 ] } },
{ "type": "Feature", "properties": { "内容": "あずみ苑　各務原【通所介護】岐阜県　各務原市　鵜沼川崎町3-140-1あずみ苑　各務原", "url": "https://www.kaigokensaku.mhlw.go.jp/21/index.php?action_kouhyou_detail_004_kani=true&JigyosyoCd=2170501791-00&ServiceCd=150&Type=search", "url2": "http://www.azumien.jp/" }, "geometry": { "type": "Point", "coordinates": [ 136.879265207270777, 35.40170045457662 ] } },
{ "type": "Feature", "properties": { "内容": "デイサービスCom.DoDANKE【通所介護】岐阜県各務原市鵜沼羽場町3丁目33番地1", "url": "https://www.kaigokensaku.mhlw.go.jp/21/index.php?action_kouhyou_detail_004_kani=true&JigyosyoCd=2170501809-00&ServiceCd=150&Type=search", "url2": "http://www.phoenix-g.jp" }, "geometry": { "type": "Point", "coordinates": [ 136.917532599999959, 35.4032093 ] } },
{ "type": "Feature", "properties": { "内容": "デイサービスCom.Do33【通所介護】岐阜県各務原市須衛町1丁目132番地", "url": "https://www.kaigokensaku.mhlw.go.jp/21/index.php?action_kouhyou_detail_004_kani=true&JigyosyoCd=2170501833-00&ServiceCd=150&Type=search", "url2": "http://phoenix-g.jp" }, "geometry": { "type": "Point", "coordinates": [ 136.884076300000061, 35.4397261 ] } },
{ "type": "Feature", "properties": { "内容": "デイサービスセンタージョイフル各務原【通所介護】岐阜県各務原市鵜沼小伊木町3-170-1", "url": "https://www.kaigokensaku.mhlw.go.jp/21/index.php?action_kouhyou_detail_004_kani=true&JigyosyoCd=2170502054-00&ServiceCd=150&Type=search", "url2": "https://sun-vision.or.jp" }, "geometry": { "type": "Point", "coordinates": [ 136.923102200000017, 35.3887208 ] } },
{ "type": "Feature", "properties": { "内容": "デイサービス花の木こざの【通所介護】岐阜県各務原市小佐野町5丁目175番地1", "url": "https://www.kaigokensaku.mhlw.go.jp/21/index.php?action_kouhyou_detail_004_kani=true&JigyosyoCd=2170502203-00&ServiceCd=150&Type=search", "url2": "https://www.first-you.com/" }, "geometry": { "type": "Point", "coordinates": [ 136.8357168, 35.3868722 ] } },
{ "type": "Feature", "properties": { "内容": "サフィール各務原　デイサービスセンター【通所介護】岐阜県各務原市蘇原青雲町２丁目１８番地", "url": "https://www.kaigokensaku.mhlw.go.jp/21/index.php?action_kouhyou_detail_004_kani=true&JigyosyoCd=2170502393-00&ServiceCd=150&Type=search", "url2": null }, "geometry": { "type": "Point", "coordinates": [ 136.860624, 35.4108571 ] } },
{ "type": "Feature", "properties": { "内容": "リバーサイド川島園デイサービス【通所介護】岐阜県各務原市川島河田町1348番地", "url": "https://www.kaigokensaku.mhlw.go.jp/21/index.php?action_kouhyou_detail_004_kani=true&JigyosyoCd=2170600155-00&ServiceCd=150&Type=search", "url2": "http://www.h-fukujyu.or.jp/kawashima/" }, "geometry": { "type": "Point", "coordinates": [ 136.823176699999976, 35.3601354 ] } },
{ "type": "Feature", "properties": { "内容": "デイサービスセンターかがやき【通所介護】岐阜県各務原市蘇原花園町３－４", "url": "https://www.kaigokensaku.mhlw.go.jp/21/index.php?action_kouhyou_detail_004_kani=true&JigyosyoCd=2170500512-00&ServiceCd=150&Type=search", "url2": null }, "geometry": { "type": "Point", "coordinates": [ 136.849744200000032, 35.4111786 ] } },
{ "type": "Feature", "properties": { "内容": "デイサービス笑顔いちばん鵜沼店【通所介護】岐阜県各務原市鵜沼西町1-408", "url": "https://www.kaigokensaku.mhlw.go.jp/21/index.php?action_kouhyou_detail_004_kani=true&JigyosyoCd=2170502062-00&ServiceCd=150&Type=search", "url2": "https://egao1ban.jp/" }, "geometry": { "type": "Point", "coordinates": [ 136.930645712419022, 35.403322769474336 ] } },
{ "type": "Feature", "properties": { "内容": "デイサービスDa-iCoN【通所介護】岐阜県各務原市大野町1-157", "url": "https://www.kaigokensaku.mhlw.go.jp/21/index.php?action_kouhyou_detail_004_kani=true&JigyosyoCd=2170502435-00&ServiceCd=150&Type=search", "url2": "https://likeoneself.co.jp/" }, "geometry": { "type": "Point", "coordinates": [ 136.8152953, 35.3886885 ] } },
{ "type": "Feature", "properties": { "内容": "自立支援特化型デイサービス　うららびより鵜沼【通所介護】岐阜県各務原市鵜沼宝積寺町３丁目１１７番地4", "url": "https://www.kaigokensaku.mhlw.go.jp/21/index.php?action_kouhyou_detail_004_kani=true&JigyosyoCd=2170502526-00&ServiceCd=150&Type=search", "url2": "http://www.urarabiyori-dayservice.com" }, "geometry": { "type": "Point", "coordinates": [ 136.9608917, 35.4078077 ] } },
{ "type": "Feature", "properties": { "内容": "デイサービスセンター　ラベンダー【通所介護】岐阜県各務原市緑苑中3丁目2－34", "url": "https://www.kaigokensaku.mhlw.go.jp/21/index.php?action_kouhyou_detail_004_kani=true&JigyosyoCd=2110501695-00&ServiceCd=150&Type=search", "url2": "https://tcslavender.com" }, "geometry": { "type": "Point", "coordinates": [ 136.947918335057011, 35.411669294070926 ] } },
{ "type": "Feature", "properties": { "内容": "デイサービス笑顔いちばん各務原店【通所介護】岐阜県各務原市小佐野町6丁目62番地", "url": "https://www.kaigokensaku.mhlw.go.jp/21/index.php?action_kouhyou_detail_004_kani=true&JigyosyoCd=2170501569-00&ServiceCd=150&Type=search", "url2": "https://egao1ban.jp/" }, "geometry": { "type": "Point", "coordinates": [ 136.833003399397057, 35.385433598233021 ] } },
{ "type": "Feature", "properties": { "内容": "心音ケアセンター各務原【通所介護】岐阜県各務原市那加東亜町93-11", "url": "https://www.kaigokensaku.mhlw.go.jp/21/index.php?action_kouhyou_detail_004_kani=true&JigyosyoCd=2170501825-00&ServiceCd=150&Type=search", "url2": "http://www.weecs.net/kakamigahara" }, "geometry": { "type": "Point", "coordinates": [ 136.835833617196613, 35.401048729587444 ] } },
{ "type": "Feature", "properties": { "内容": "デイサービス　ゆうあい【通所介護】岐阜県可児市兼山275", "url": "https://www.kaigokensaku.mhlw.go.jp/21/index.php?action_kouhyou_detail_004_kani=true&JigyosyoCd=2173101573-00&ServiceCd=150&Type=search", "url2": "https://dreamfield.info" }, "geometry": { "type": "Point", "coordinates": [ 137.085882199999986, 35.4523978 ] } },
{ "type": "Feature", "properties": { "内容": "デイサービスよつば【通所介護】岐阜県可児市桂ケ丘２丁目183番地", "url": "https://www.kaigokensaku.mhlw.go.jp/21/index.php?action_kouhyou_detail_004_kani=true&JigyosyoCd=2173101581-00&ServiceCd=150&Type=search", "url2": null }, "geometry": { "type": "Point", "coordinates": [ 137.0905947, 35.3897023 ] } },
{ "type": "Feature", "properties": { "内容": "コンパスウォーク可児中恵土【通所介護】岐阜県可児市中恵土２３３７－１A-1", "url": "https://www.kaigokensaku.mhlw.go.jp/21/index.php?action_kouhyou_detail_004_kani=true&JigyosyoCd=2173101599-00&ServiceCd=150&Type=search", "url2": "https://keigo-group.co.jp/shop/gifuken/23371/" }, "geometry": { "type": "Point", "coordinates": [ 137.062111903993156, 35.430603440466214 ] } },
{ "type": "Feature", "properties": { "内容": "ニチイケアセンター川合【通所介護】岐阜県可児市川合北1-90-1", "url": "https://www.kaigokensaku.mhlw.go.jp/21/index.php?action_kouhyou_detail_004_kani=true&JigyosyoCd=2173100112-00&ServiceCd=150&Type=search", "url2": "http://www.nichiigakkan.co.jp" }, "geometry": { "type": "Point", "coordinates": [ 137.054349699999989, 35.4431412 ] } },
{ "type": "Feature", "properties": { "内容": "可児市春里苑デイサービスセンター【通所介護】岐阜県可児市塩河2709番地の1", "url": "https://www.kaigokensaku.mhlw.go.jp/21/index.php?action_kouhyou_detail_004_kani=true&JigyosyoCd=2173100153-00&ServiceCd=150&Type=search", "url2": "http://www.harusatoen.or.jp/" }, "geometry": { "type": "Point", "coordinates": [ 137.042379899999986, 35.3953982 ] } },
{ "type": "Feature", "properties": { "内容": "さわやかナーシング可児デイサービスセンター【通所介護】岐阜県可児市菅刈1389番地1総合福祉施設　　さわやかナーシング可児", "url": "https://www.kaigokensaku.mhlw.go.jp/21/index.php?action_kouhyou_detail_004_kani=true&JigyosyoCd=2173100419-00&ServiceCd=150&Type=search", "url2": "http://www.jikeikai-sawayaka.jp" }, "geometry": { "type": "Point", "coordinates": [ 137.0063275, 35.3982496 ] } },
{ "type": "Feature", "properties": { "内容": "チェリーヴィラ広見苑デイサービスセンター【通所介護】岐阜県可児市広見1362", "url": "https://www.kaigokensaku.mhlw.go.jp/21/index.php?action_kouhyou_detail_004_kani=true&JigyosyoCd=2173100575-00&ServiceCd=150&Type=search", "url2": "http://www.cherryvilla.or.jp/" }, "geometry": { "type": "Point", "coordinates": [ 137.064952400000038, 35.4171663 ] } },
{ "type": "Feature", "properties": { "内容": "デイサービスセンター粋々【通所介護】岐阜県可児市川合７６０番地", "url": "https://www.kaigokensaku.mhlw.go.jp/21/index.php?action_kouhyou_detail_004_kani=true&JigyosyoCd=2173100773-00&ServiceCd=150&Type=search", "url2": null }, "geometry": { "type": "Point", "coordinates": [ 137.05933433229589, 35.436879373140471 ] } },
{ "type": "Feature", "properties": { "内容": "リハビリサロン広見【通所介護】岐阜県可児市広見１８５３－１", "url": "https://www.kaigokensaku.mhlw.go.jp/21/index.php?action_kouhyou_detail_004_kani=true&JigyosyoCd=2173100799-00&ServiceCd=150&Type=search", "url2": null }, "geometry": { "type": "Point", "coordinates": [ 137.054455291401609, 35.416981927241885 ] } },
{ "type": "Feature", "properties": { "内容": "デイサービスセンター　瀬田の杜【通所介護】岐阜県可児市瀬田８８番地", "url": "https://www.kaigokensaku.mhlw.go.jp/21/index.php?action_kouhyou_detail_004_kani=true&JigyosyoCd=2173100849-00&ServiceCd=150&Type=search", "url2": "http://www.setano-mori.com" }, "geometry": { "type": "Point", "coordinates": [ 137.077509500000019, 35.4238828 ] } },
{ "type": "Feature", "properties": { "内容": "Kライン・ケアセンター可児【通所介護】岐阜県可児市広見1866-2", "url": "https://www.kaigokensaku.mhlw.go.jp/21/index.php?action_kouhyou_detail_004_kani=true&JigyosyoCd=2173100864-00&ServiceCd=150&Type=search", "url2": "http:/www.klinecare.com" }, "geometry": { "type": "Point", "coordinates": [ 137.054103199999986, 35.4169242 ] } },
{ "type": "Feature", "properties": { "内容": "アリエス　リハビリデイサービス【通所介護】岐阜県可児市下恵土2874-1", "url": "https://www.kaigokensaku.mhlw.go.jp/21/index.php?action_kouhyou_detail_004_kani=true&JigyosyoCd=2173100880-00&ServiceCd=150&Type=search", "url2": "https://aries-kaigo.com/" }, "geometry": { "type": "Point", "coordinates": [ 137.050160522259489, 35.427062468638319 ] } },
{ "type": "Feature", "properties": { "内容": "デイサービスセンター　フローレ川合【通所介護】岐阜県可児市川合793-1", "url": "https://www.kaigokensaku.mhlw.go.jp/21/index.php?action_kouhyou_detail_004_kani=true&JigyosyoCd=2173100922-00&ServiceCd=150&Type=search", "url2": "http://www.flore-kawai.com/" }, "geometry": { "type": "Point", "coordinates": [ 137.060460400000011, 35.4364504 ] } },
{ "type": "Feature", "properties": { "内容": "デイサービスセンター美空の郷【通所介護】岐阜県可児市今渡１３７５", "url": "https://www.kaigokensaku.mhlw.go.jp/21/index.php?action_kouhyou_detail_004_kani=true&JigyosyoCd=2173100955-00&ServiceCd=150&Type=search", "url2": "http://www.hayasi-clinic.org" }, "geometry": { "type": "Point", "coordinates": [ 137.032252800519757, 35.434309346617383 ] } },
{ "type": "Feature", "properties": { "内容": "アリエス　リハビリデイサービス　西可児【通所介護】岐阜県可児市帷子新町2丁目66", "url": "https://www.kaigokensaku.mhlw.go.jp/21/index.php?action_kouhyou_detail_004_kani=true&JigyosyoCd=2173101060-00&ServiceCd=150&Type=search", "url2": null }, "geometry": { "type": "Point", "coordinates": [ 137.012192054106208, 35.402716450335866 ] } },
{ "type": "Feature", "properties": { "内容": "デイサービス　リゾートアロハカニ【通所介護】岐阜県可児市下恵土5433-1", "url": "https://www.kaigokensaku.mhlw.go.jp/21/index.php?action_kouhyou_detail_004_kani=true&JigyosyoCd=2173101227-00&ServiceCd=150&Type=search", "url2": "http://www.more-smile.co.jp/" }, "geometry": { "type": "Point", "coordinates": [ 137.051014767459009, 35.418404056624802 ] } },
{ "type": "Feature", "properties": { "内容": "サフィール可児　デイサービスセンター【通所介護】岐阜県可児市土田4662番地2", "url": "https://www.kaigokensaku.mhlw.go.jp/21/index.php?action_kouhyou_detail_004_kani=true&JigyosyoCd=2173101250-00&ServiceCd=150&Type=search", "url2": "http://aliss.co.jp/kani/" }, "geometry": { "type": "Point", "coordinates": [ 137.007535060193021, 35.419258330604954 ] } },
{ "type": "Feature", "properties": { "内容": "リハビリデイサービス　にこ【通所介護】岐阜県可児市瀬田407-1SMPモール1階", "url": "https://www.kaigokensaku.mhlw.go.jp/21/index.php?action_kouhyou_detail_004_kani=true&JigyosyoCd=2173101342-00&ServiceCd=150&Type=search", "url2": "https://www.area-support-japan.com" }, "geometry": { "type": "Point", "coordinates": [ 137.079999022640067, 35.428205565824378 ] } },
{ "type": "Feature", "properties": { "内容": "リハビリデイサービス美空の郷【通所介護】岐阜県可児市土田2055番地28美空の郷", "url": "https://www.kaigokensaku.mhlw.go.jp/21/index.php?action_kouhyou_detail_004_kani=true&JigyosyoCd=2173101367-00&ServiceCd=150&Type=search", "url2": "https://www.hayasi-clinic.org/" }, "geometry": { "type": "Point", "coordinates": [ 137.014526519049014, 35.422820588949889 ] } },
{ "type": "Feature", "properties": { "内容": "リハビリデイ　HiiRo【通所介護】岐阜県可児市広見928-1", "url": "https://www.kaigokensaku.mhlw.go.jp/21/index.php?action_kouhyou_detail_004_kani=true&JigyosyoCd=2173101383-00&ServiceCd=150&Type=search", "url2": "https://www.rehabilihiiro.com/" }, "geometry": { "type": "Point", "coordinates": [ 137.063545982156938, 35.418883169276924 ] } },
{ "type": "Feature", "properties": { "内容": "リハビリデイサービス紙ひこうき【通所介護】岐阜県可児市大森2871-3", "url": "https://www.kaigokensaku.mhlw.go.jp/21/index.php?action_kouhyou_detail_004_kani=true&JigyosyoCd=2173101391-00&ServiceCd=150&Type=search", "url2": "https://kami-hikouki.amebaownd.com/" }, "geometry": { "type": "Point", "coordinates": [ 137.071064233756459, 35.417763749472826 ] } },
{ "type": "Feature", "properties": { "内容": "桜ヶ丘デイサービスセンター【通所介護】岐阜県可児市桜ヶ丘6-73-13", "url": "https://www.kaigokensaku.mhlw.go.jp/21/index.php?action_kouhyou_detail_004_kani=true&JigyosyoCd=2173101409-00&ServiceCd=150&Type=search", "url2": null }, "geometry": { "type": "Point", "coordinates": [ 137.113973440475434, 35.379029140440615 ] } },
{ "type": "Feature", "properties": { "内容": "デイサービス　リゾートアロハ広見【通所介護】岐阜県可児市広見1212-1", "url": "https://www.kaigokensaku.mhlw.go.jp/21/index.php?action_kouhyou_detail_004_kani=true&JigyosyoCd=2173101326-00&ServiceCd=150&Type=search", "url2": "http://www.more-smile.co.jp/" }, "geometry": { "type": "Point", "coordinates": [ 137.068452500000035, 35.418309 ] } },
{ "type": "Feature", "properties": { "内容": "デイサービス　リゾートアロハ土田【通所介護】岐阜県可児市土田2545-212", "url": "https://www.kaigokensaku.mhlw.go.jp/21/index.php?action_kouhyou_detail_004_kani=true&JigyosyoCd=2173101615-00&ServiceCd=150&Type=search", "url2": null }, "geometry": { "type": "Point", "coordinates": [ 137.0199163, 35.4298436 ] } },
{ "type": "Feature", "properties": { "内容": "リハビリデイサービス紙ひこうき今渡店【通所介護】今渡1619-321", "url": "https://www.kaigokensaku.mhlw.go.jp/21/index.php?action_kouhyou_detail_004_kani=true&JigyosyoCd=2173101623-00&ServiceCd=150&Type=search", "url2": "https://kami-hikouki.amebaownd.com/" }, "geometry": { "type": "Point", "coordinates": [ 137.0496923, 35.4358124 ] } },
{ "type": "Feature", "properties": { "内容": "大善【通所介護】岐阜県山県市佐賀808番地1", "url": "https://www.kaigokensaku.mhlw.go.jp/21/index.php?action_kouhyou_detail_004_kani=true&JigyosyoCd=2170800540-00&ServiceCd=150&Type=search", "url2": "https://www.karin-houmonkango.co.jp/" }, "geometry": { "type": "Point", "coordinates": [ 136.7788957, 35.4921806 ] } },
{ "type": "Feature", "properties": { "内容": "桜美寮デイサービスセンター【通所介護】岐阜県山県市藤倉105-1", "url": "https://www.kaigokensaku.mhlw.go.jp/21/index.php?action_kouhyou_detail_004_kani=true&JigyosyoCd=2170800102-00&ServiceCd=150&Type=search", "url2": "http://www.douhoukai.com/12_guide.html" }, "geometry": { "type": "Point", "coordinates": [ 136.740894300000036, 35.5331281 ] } },
{ "type": "Feature", "properties": { "内容": "椿野苑デイサービスセンター【通所介護】岐阜県山県市大桑3615番地１", "url": "https://www.kaigokensaku.mhlw.go.jp/21/index.php?action_kouhyou_detail_004_kani=true&JigyosyoCd=2170800136-00&ServiceCd=150&Type=search", "url2": "http://www.douhoukai.com" }, "geometry": { "type": "Point", "coordinates": [ 136.769015800000034, 35.5497018 ] } },
{ "type": "Feature", "properties": { "内容": "山県市社協デイサービスセンターやすらぎ【通所介護】岐阜県山県市岩佐1177番地1", "url": "https://www.kaigokensaku.mhlw.go.jp/21/index.php?action_kouhyou_detail_004_kani=true&JigyosyoCd=2170800219-00&ServiceCd=150&Type=search", "url2": "https://y-shakyo.or.jp/" }, "geometry": { "type": "Point", "coordinates": [ 136.791219400000045, 35.5461802 ] } },
{ "type": "Feature", "properties": { "内容": "山県市社協デイサービスセンターふれあい【通所介護】岐阜県山県市高木933番地ふれあいプラザ", "url": "https://www.kaigokensaku.mhlw.go.jp/21/index.php?action_kouhyou_detail_004_kani=true&JigyosyoCd=2170800268-00&ServiceCd=150&Type=search", "url2": "https://y-shakyo.or.jp" }, "geometry": { "type": "Point", "coordinates": [ 136.777256360186072, 35.503315321952364 ] } },
{ "type": "Feature", "properties": { "内容": "山県市社協デイサービスセンターほほえみ【通所介護】岐阜県山県市谷合1349番地1", "url": "https://www.kaigokensaku.mhlw.go.jp/21/index.php?action_kouhyou_detail_004_kani=true&JigyosyoCd=2170800318-00&ServiceCd=150&Type=search", "url2": "http://www.y-shakyo.or.jp" }, "geometry": { "type": "Point", "coordinates": [ 136.740988900000048, 35.5910435 ] } },
{ "type": "Feature", "properties": { "内容": "デイサービスセンターオレンジヒルズやまがた.【通所介護】岐阜県山県市高木1367-1", "url": "https://www.kaigokensaku.mhlw.go.jp/21/index.php?action_kouhyou_detail_004_kani=true&JigyosyoCd=2170800474-00&ServiceCd=150&Type=search", "url2": "http://miwakai.or.jp" }, "geometry": { "type": "Point", "coordinates": [ 136.783097312217279, 35.507069551009771 ] } },
{ "type": "Feature", "properties": { "内容": "花水木【通所介護】岐阜県山県市梅原1495番地1", "url": "https://www.kaigokensaku.mhlw.go.jp/21/index.php?action_kouhyou_detail_004_kani=true&JigyosyoCd=2170800532-00&ServiceCd=150&Type=search", "url2": "https://www.lifecreate-gifu.com" }, "geometry": { "type": "Point", "coordinates": [ 136.753568800000011, 35.5161815 ] } },
{ "type": "Feature", "properties": { "内容": "高木デイサービス【通所介護】岐阜県瑞穂市古橋1123-2", "url": "https://www.kaigokensaku.mhlw.go.jp/21/index.php?action_kouhyou_detail_004_kani=true&JigyosyoCd=2173200615-00&ServiceCd=150&Type=search", "url2": null }, "geometry": { "type": "Point", "coordinates": [ 136.650301, 35.3917687 ] } },
{ "type": "Feature", "properties": { "内容": "巣南デイサービスセンター【通所介護】岐阜県瑞穂市重里1996", "url": "https://www.kaigokensaku.mhlw.go.jp/21/index.php?action_kouhyou_detail_004_kani=true&JigyosyoCd=2170700153-00&ServiceCd=150&Type=search", "url2": "https://seikohkai.net/" }, "geometry": { "type": "Point", "coordinates": [ 136.65999469999997, 35.4157313 ] } },
{ "type": "Feature", "properties": { "内容": "デイサービスセンターほづみ園【通所介護】岐阜県瑞穂市宝江576-1", "url": "https://www.kaigokensaku.mhlw.go.jp/21/index.php?action_kouhyou_detail_004_kani=true&JigyosyoCd=2170700229-00&ServiceCd=150&Type=search", "url2": "https://www.sinwakai-hozumien.jp/" }, "geometry": { "type": "Point", "coordinates": [ 136.671236200000067, 35.370842 ] } },
{ "type": "Feature", "properties": { "内容": "デイサービス吉村【通所介護】岐阜県瑞穂市別府１２９７番地", "url": "https://www.kaigokensaku.mhlw.go.jp/21/index.php?action_kouhyou_detail_004_kani=true&JigyosyoCd=2173200094-00&ServiceCd=150&Type=search", "url2": null }, "geometry": { "type": "Point", "coordinates": [ 136.689789900000051, 35.3923011 ] } },
{ "type": "Feature", "properties": { "内容": "デイサービスセンター　サンビレッジ瑞穂【通所介護】岐阜県瑞穂市只越219番地2", "url": "https://www.kaigokensaku.mhlw.go.jp/21/index.php?action_kouhyou_detail_004_kani=true&JigyosyoCd=2173200284-00&ServiceCd=150&Type=search", "url2": "https://www.sun-village.jp/" }, "geometry": { "type": "Point", "coordinates": [ 136.674437279254107, 35.400806312157869 ] } },
{ "type": "Feature", "properties": { "内容": "デイサービス　ほほえみの郷【通所介護】岐阜県瑞穂市古橋1784-1", "url": "https://www.kaigokensaku.mhlw.go.jp/21/index.php?action_kouhyou_detail_004_kani=true&JigyosyoCd=2173200318-00&ServiceCd=150&Type=search", "url2": "http://www.yuuki-en.com/" }, "geometry": { "type": "Point", "coordinates": [ 136.656719858444518, 35.382738464171524 ] } },
{ "type": "Feature", "properties": { "内容": "デイサービスセンター　スタジオ楡【通所介護】岐阜県瑞穂市166番地２", "url": "https://www.kaigokensaku.mhlw.go.jp/21/index.php?action_kouhyou_detail_004_kani=true&JigyosyoCd=2173200391-00&ServiceCd=150&Type=search", "url2": "http://www.taiseikai.jp/" }, "geometry": { "type": "Point", "coordinates": [ 136.674116787972252, 35.415665129687874 ] } },
{ "type": "Feature", "properties": { "内容": "ケアステーションあさひ瑞穂【通所介護】岐阜県瑞穂市十九条232番地1", "url": "https://www.kaigokensaku.mhlw.go.jp/21/index.php?action_kouhyou_detail_004_kani=true&JigyosyoCd=2173200441-00&ServiceCd=150&Type=search", "url2": "http://www.vati.co.jp/" }, "geometry": { "type": "Point", "coordinates": [ 136.66168110000001, 35.39492 ] } },
{ "type": "Feature", "properties": { "内容": "瑞穂くつろぎデイサービス【通所介護】岐阜県瑞穂市馬場上光町2-17", "url": "https://www.kaigokensaku.mhlw.go.jp/21/index.php?action_kouhyou_detail_004_kani=true&JigyosyoCd=2173200557-00&ServiceCd=150&Type=search", "url2": null }, "geometry": { "type": "Point", "coordinates": [ 136.685663, 35.4121934 ] } },
{ "type": "Feature", "properties": { "内容": "旭ヶ丘デイサービスセンターたんぽぽ苑【通所介護】岐阜県飛騨市神岡町殿1081-20", "url": "https://www.kaigokensaku.mhlw.go.jp/21/index.php?action_kouhyou_detail_004_kani=true&JigyosyoCd=2173000551-00&ServiceCd=150&Type=search", "url2": "https://www.tanpopoen.or.jp" }, "geometry": { "type": "Point", "coordinates": [ 137.307106200000021, 36.3240097 ] } },
{ "type": "Feature", "properties": { "内容": "デイサービスセンター飛騨古川さくらの郷【通所介護】岐阜県飛騨市古川町杉崎598番地1", "url": "https://www.kaigokensaku.mhlw.go.jp/21/index.php?action_kouhyou_detail_004_kani=true&JigyosyoCd=2173000577-00&ServiceCd=150&Type=search", "url2": "http://sakura-asagiri.com" }, "geometry": { "type": "Point", "coordinates": [ 137.15679190000003, 36.2523167 ] } },
{ "type": "Feature", "properties": { "内容": "デイサービスセンターきりんひだ【通所介護】岐阜県飛騨市古川町信包272番地", "url": "https://www.kaigokensaku.mhlw.go.jp/21/index.php?action_kouhyou_detail_004_kani=true&JigyosyoCd=2173300100-00&ServiceCd=150&Type=search", "url2": "http:www.kirin3.com" }, "geometry": { "type": "Point", "coordinates": [ 137.1381632, 36.2543551 ] } },
{ "type": "Feature", "properties": { "内容": "リハビリデイサービスひまわり古川店【通所介護】岐阜県飛騨市古川町金森町2-23プライムレジデンス飛騨古川", "url": "https://www.kaigokensaku.mhlw.go.jp/21/index.php?action_kouhyou_detail_004_kani=true&JigyosyoCd=2173300233-00&ServiceCd=150&Type=search", "url2": "https://www.himawari-g.net/" }, "geometry": { "type": "Point", "coordinates": [ 137.190876849282063, 36.235434817856792 ] } },
{ "type": "Feature", "properties": { "内容": "温井テラス【通所介護】岐阜県本巣市温井189番地サンビレッジ温井", "url": "https://www.kaigokensaku.mhlw.go.jp/21/index.php?action_kouhyou_detail_004_kani=true&JigyosyoCd=2173400603-00&ServiceCd=150&Type=search", "url2": "http://www.sun-village.jp/" }, "geometry": { "type": "Point", "coordinates": [ 136.6355399, 35.4330879 ] } },
{ "type": "Feature", "properties": { "内容": "もとす広域連合老人福祉施設大和園　デイサービスセンター【通所介護】岐阜県本巣市曽井中島１１５６-４", "url": "https://www.kaigokensaku.mhlw.go.jp/21/index.php?action_kouhyou_detail_004_kani=true&JigyosyoCd=2170700427-00&ServiceCd=150&Type=search", "url2": "https://www.motosu-union.gifu.jp/welfare" }, "geometry": { "type": "Point", "coordinates": [ 136.666152900000043, 35.4826384 ] } },
{ "type": "Feature", "properties": { "内容": "デイサービスセンター　フレンドリーおりべ【通所介護】岐阜県本巣市七五三735", "url": "https://www.kaigokensaku.mhlw.go.jp/21/index.php?action_kouhyou_detail_004_kani=true&JigyosyoCd=2173400157-00&ServiceCd=150&Type=search", "url2": "https://www.inoguchikai.jp/" }, "geometry": { "type": "Point", "coordinates": [ 136.652819499999964, 35.4483429 ] } },
{ "type": "Feature", "properties": { "内容": "リハビリデイサービスれんげ【通所介護】岐阜県本巣市下真桑６７０－１", "url": "https://www.kaigokensaku.mhlw.go.jp/21/index.php?action_kouhyou_detail_004_kani=true&JigyosyoCd=2173400348-00&ServiceCd=150&Type=search", "url2": "https://rengegroup.com/" }, "geometry": { "type": "Point", "coordinates": [ 136.656540917656912, 35.440554449582457 ] } },
{ "type": "Feature", "properties": { "内容": "アシストワン・本巣【通所介護】岐阜県本巣市政田字上市場1404LCワールド本巣ウェルネスモール1階", "url": "https://www.kaigokensaku.mhlw.go.jp/21/index.php?action_kouhyou_detail_004_kani=true&JigyosyoCd=2173400462-00&ServiceCd=150&Type=search", "url2": "https://peraichi.com/landing_pages/view/assistone" }, "geometry": { "type": "Point", "coordinates": [ 136.644822562471944, 35.428509416209259 ] } },
{ "type": "Feature", "properties": { "内容": "デイサービス温咲南ぎふ【通所介護】岐阜県本巣市小柿851番地1", "url": "https://www.kaigokensaku.mhlw.go.jp/21/index.php?action_kouhyou_detail_004_kani=true&JigyosyoCd=2173400488-00&ServiceCd=150&Type=search", "url2": "https://www.happy-end-gift.com" }, "geometry": { "type": "Point", "coordinates": [ 136.679839799999968, 35.429527 ] } },
{ "type": "Feature", "properties": { "内容": "特別養護老人ホーム　根尾川ガーデン【通所介護】岐阜県本巣市佐原340番地2", "url": "https://www.kaigokensaku.mhlw.go.jp/21/index.php?action_kouhyou_detail_004_kani=true&JigyosyoCd=2173400496-00&ServiceCd=150&Type=search", "url2": "http://www.usuzumikai.or.jp/" }, "geometry": { "type": "Point", "coordinates": [ 136.642980299999977, 35.5564571 ] } },
{ "type": "Feature", "properties": { "内容": "シンシア本巣デイサービス【通所介護】岐阜県本巣市上真桑2240番地110", "url": "https://www.kaigokensaku.mhlw.go.jp/21/index.php?action_kouhyou_detail_004_kani=true&JigyosyoCd=2173400470-00&ServiceCd=150&Type=search", "url2": null }, "geometry": { "type": "Point", "coordinates": [ 136.6730983, 35.4433554 ] } },
{ "type": "Feature", "properties": { "内容": "オリオン軽海デイサービスステーション【通所介護】岐阜県本巣市軽海970-1", "url": "https://www.kaigokensaku.mhlw.go.jp/21/index.php?action_kouhyou_detail_004_kani=true&JigyosyoCd=2173400504-00&ServiceCd=150&Type=search", "url2": "https://chiyodacompany.com/nursingHome" }, "geometry": { "type": "Point", "coordinates": [ 136.657262400000036, 35.4281646 ] } },
{ "type": "Feature", "properties": { "内容": "デイサービスセンターせせらぎ緑風苑【通所介護】岐阜県郡上市八幡町旭６６３番地の６", "url": "https://www.kaigokensaku.mhlw.go.jp/21/index.php?action_kouhyou_detail_004_kani=true&JigyosyoCd=2171000355-00&ServiceCd=150&Type=search", "url2": "http://www.seseragi-r.com" }, "geometry": { "type": "Point", "coordinates": [ 136.993498100000011, 35.7715423 ] } },
{ "type": "Feature", "properties": { "内容": "デイサービスセンターやまと【通所介護】岐阜県郡上市大和町徳永618番地", "url": "https://www.kaigokensaku.mhlw.go.jp/21/index.php?action_kouhyou_detail_004_kani=true&JigyosyoCd=2171000504-00&ServiceCd=150&Type=search", "url2": null }, "geometry": { "type": "Point", "coordinates": [ 136.900201899999956, 35.8066004 ] } },
{ "type": "Feature", "properties": { "内容": "白鳥デイサービスセンター【通所介護】岐阜県郡上市白鳥町白鳥４７番地１７", "url": "https://www.kaigokensaku.mhlw.go.jp/21/index.php?action_kouhyou_detail_004_kani=true&JigyosyoCd=2171000512-00&ServiceCd=150&Type=search", "url2": null }, "geometry": { "type": "Point", "coordinates": [ 136.859083, 35.8824826 ] } },
{ "type": "Feature", "properties": { "内容": "美並デイサービスセンター【通所介護】岐阜県郡上市美並町白山430-3", "url": "https://www.kaigokensaku.mhlw.go.jp/21/index.php?action_kouhyou_detail_004_kani=true&JigyosyoCd=2171000579-00&ServiceCd=150&Type=search", "url2": "http://www.gujo-syakyo.or.jp" }, "geometry": { "type": "Point", "coordinates": [ 136.9650014, 35.6652606 ] } },
{ "type": "Feature", "properties": { "内容": "明宝デイサービスセンター【通所介護】岐阜県郡上市明宝二間手532", "url": "https://www.kaigokensaku.mhlw.go.jp/21/index.php?action_kouhyou_detail_004_kani=true&JigyosyoCd=2171000595-00&ServiceCd=150&Type=search", "url2": null }, "geometry": { "type": "Point", "coordinates": [ 137.033270361376907, 35.850032204334845 ] } },
{ "type": "Feature", "properties": { "内容": "ＪＡめぐみのデイサービスセンターあんしん郡上【通所介護】岐阜県郡上市八幡町小野４丁目６－１８", "url": "https://www.kaigokensaku.mhlw.go.jp/21/index.php?action_kouhyou_detail_004_kani=true&JigyosyoCd=2171000785-00&ServiceCd=150&Type=search", "url2": "http://www.ja-megumino.or.jp" }, "geometry": { "type": "Point", "coordinates": [ 136.970553600000017, 35.7547184 ] } },
{ "type": "Feature", "properties": { "内容": "はっぴぃ・ノバ【通所介護】岐阜県郡上市八幡町稲成２０４番地82", "url": "https://www.kaigokensaku.mhlw.go.jp/21/index.php?action_kouhyou_detail_004_kani=true&JigyosyoCd=2171000819-00&ServiceCd=150&Type=search", "url2": "http://www.nobanoba.net" }, "geometry": { "type": "Point", "coordinates": [ 136.947151500663722, 35.740641421746126 ] } },
{ "type": "Feature", "properties": { "内容": "やすらぎセンター四美【通所介護】岐阜県下呂市萩原町四美861番地1", "url": "https://www.kaigokensaku.mhlw.go.jp/21/index.php?action_kouhyou_detail_004_kani=true&JigyosyoCd=2172800399-00&ServiceCd=150&Type=search", "url2": "http://www.gero-city-syakyo.jp" }, "geometry": { "type": "Point", "coordinates": [ 137.213305200000036, 35.9263128 ] } },
{ "type": "Feature", "properties": { "内容": "小坂デイサービスセンター【通所介護】岐阜県下呂市小坂町大島1807番地", "url": "https://www.kaigokensaku.mhlw.go.jp/21/index.php?action_kouhyou_detail_004_kani=true&JigyosyoCd=2172800431-00&ServiceCd=150&Type=search", "url2": "http://www.gero-city-syakyo.jp" }, "geometry": { "type": "Point", "coordinates": [ 137.259186199999931, 35.9510214 ] } },
{ "type": "Feature", "properties": { "内容": "さわやかデイサービスセンター下呂【通所介護】岐阜県下呂市乗政1267番地5", "url": "https://www.kaigokensaku.mhlw.go.jp/21/index.php?action_kouhyou_detail_004_kani=true&JigyosyoCd=2172800522-00&ServiceCd=150&Type=search", "url2": "http://www.jikeikai-sawayaka.jp" }, "geometry": { "type": "Point", "coordinates": [ 137.2848328, 35.7861264 ] } },
{ "type": "Feature", "properties": { "内容": "金山デイサービスセンター【通所介護】岐阜県下呂市金山町金山973番地7", "url": "https://www.kaigokensaku.mhlw.go.jp/21/index.php?action_kouhyou_detail_004_kani=true&JigyosyoCd=2172800589-00&ServiceCd=150&Type=search", "url2": "http://gero-city-syakyo.jp/" }, "geometry": { "type": "Point", "coordinates": [ 137.146001100000035, 35.6670503 ] } },
{ "type": "Feature", "properties": { "内容": "下呂幸田の杜【通所介護】岐阜県下呂市幸田972-1", "url": "https://www.kaigokensaku.mhlw.go.jp/21/index.php?action_kouhyou_detail_004_kani=true&JigyosyoCd=2172800811-00&ServiceCd=150&Type=search", "url2": null }, "geometry": { "type": "Point", "coordinates": [ 137.236187, 35.8090226 ] } },
{ "type": "Feature", "properties": { "内容": "デイサービス　やすらぎの里【通所介護】岐阜県下呂市湯之島28-1", "url": "https://www.kaigokensaku.mhlw.go.jp/21/index.php?action_kouhyou_detail_004_kani=true&JigyosyoCd=2172800878-00&ServiceCd=150&Type=search", "url2": "http://www.himawari-care-s.com/" }, "geometry": { "type": "Point", "coordinates": [ 137.236644431877124, 35.812391655239729 ] } },
{ "type": "Feature", "properties": { "内容": "リハビリディ香和【通所介護】岐阜県海津市南濃町太田267番地1", "url": "https://www.kaigokensaku.mhlw.go.jp/21/index.php?action_kouhyou_detail_004_kani=true&JigyosyoCd=2172200723-00&ServiceCd=150&Type=search", "url2": "https://www.dai-ki.co.jp/d-clip/about/" }, "geometry": { "type": "Point", "coordinates": [ 136.626182699999987, 35.1820733 ] } },
{ "type": "Feature", "properties": { "内容": "オレンジ・ガーデン【通所介護】岐阜県海津市南濃町上野河戸728番地１", "url": "https://www.kaigokensaku.mhlw.go.jp/21/index.php?action_kouhyou_detail_004_kani=true&JigyosyoCd=2172200244-00&ServiceCd=150&Type=search", "url2": "https://www.orange-t.com/" }, "geometry": { "type": "Point", "coordinates": [ 136.6168811, 35.2055854 ] } },
{ "type": "Feature", "properties": { "内容": "デイサービスセンター長寿の里・南濃【通所介護】岐阜県海津市南濃町志津719番地1", "url": "https://www.kaigokensaku.mhlw.go.jp/21/index.php?action_kouhyou_detail_004_kani=true&JigyosyoCd=2172200350-00&ServiceCd=150&Type=search", "url2": "http://www.aisankai.jp/" }, "geometry": { "type": "Point", "coordinates": [ 136.5616652, 35.2447162 ] } },
{ "type": "Feature", "properties": { "内容": "デイサービスセンター千の郷【通所介護】岐阜県海津市平田町三郷８７５番地", "url": "https://www.kaigokensaku.mhlw.go.jp/21/index.php?action_kouhyou_detail_004_kani=true&JigyosyoCd=2172200392-00&ServiceCd=150&Type=search", "url2": "https://yoshidakai-hp.com/yoshidakai/" }, "geometry": { "type": "Point", "coordinates": [ 136.645101899999986, 35.2591493 ] } },
{ "type": "Feature", "properties": { "内容": "デイサービスセンター　福寿【通所介護】岐阜県海津市海津町福江６２７", "url": "https://www.kaigokensaku.mhlw.go.jp/21/index.php?action_kouhyou_detail_004_kani=true&JigyosyoCd=2172200426-00&ServiceCd=150&Type=search", "url2": null }, "geometry": { "type": "Point", "coordinates": [ 136.661210249073747, 35.173948930179264 ] } },
{ "type": "Feature", "properties": { "内容": "デイサービスセンター　いっぷくの郷【通所介護】岐阜県海津市南濃町志津1951番地8", "url": "https://www.kaigokensaku.mhlw.go.jp/21/index.php?action_kouhyou_detail_004_kani=true&JigyosyoCd=2172200442-00&ServiceCd=150&Type=search", "url2": "http://www.shuntouen.com" }, "geometry": { "type": "Point", "coordinates": [ 136.563142800000037, 35.2456162 ] } },
{ "type": "Feature", "properties": { "内容": "オレンジ・ハート【通所介護】岐阜県海津市海津町札野545番1", "url": "https://www.kaigokensaku.mhlw.go.jp/21/index.php?action_kouhyou_detail_004_kani=true&JigyosyoCd=2172200475-00&ServiceCd=150&Type=search", "url2": "https://www.orange-t.com/" }, "geometry": { "type": "Point", "coordinates": [ 136.651688597500652, 35.205942044250506 ] } },
{ "type": "Feature", "properties": { "内容": "株式会社　コンプリート　デイサービス　輝【通所介護】岐阜県海津市南濃町駒野469-1", "url": "https://www.kaigokensaku.mhlw.go.jp/21/index.php?action_kouhyou_detail_004_kani=true&JigyosyoCd=2172200590-00&ServiceCd=150&Type=search", "url2": null }, "geometry": { "type": "Point", "coordinates": [ 136.602333300000026, 35.2260218 ] } },
{ "type": "Feature", "properties": { "内容": "デイサービスいろは【通所介護】岐阜県海津市南濃町境70-1", "url": "https://www.kaigokensaku.mhlw.go.jp/21/index.php?action_kouhyou_detail_004_kani=true&JigyosyoCd=2172200491-00&ServiceCd=150&Type=search", "url2": "http://www.aisankai.jp/" }, "geometry": { "type": "Point", "coordinates": [ 136.643308059832719, 35.157576667508437 ] } },
{ "type": "Feature", "properties": { "内容": "デイサービスよもぎ【通所介護】岐阜県海津市南濃町太田681", "url": "https://www.kaigokensaku.mhlw.go.jp/21/index.php?action_kouhyou_detail_004_kani=true&JigyosyoCd=2172200384-00&ServiceCd=150&Type=search", "url2": "https://nursing-home-yomogi.com" }, "geometry": { "type": "Point", "coordinates": [ 136.6293316, 35.1799826 ] } },
{ "type": "Feature", "properties": { "内容": "ケアステーションあさひ岐南町【通所介護】岐阜県羽島郡岐南町三宅4丁目23番地", "url": "https://www.kaigokensaku.mhlw.go.jp/21/index.php?action_kouhyou_detail_004_kani=true&JigyosyoCd=2170601146-00&ServiceCd=150&Type=search", "url2": "http://www.vati.co.jp/" }, "geometry": { "type": "Point", "coordinates": [ 136.7959707, 35.3912889 ] } },
{ "type": "Feature", "properties": { "内容": "サワダデイサービスセンターぎなん【通所介護】岐阜県羽島郡岐南町徳田６丁目８番地", "url": "https://www.kaigokensaku.mhlw.go.jp/21/index.php?action_kouhyou_detail_004_kani=true&JigyosyoCd=2170600619-00&ServiceCd=150&Type=search", "url2": "https://www.sawada-hp.or.jp/" }, "geometry": { "type": "Point", "coordinates": [ 136.773637399999984, 35.3807455 ] } },
{ "type": "Feature", "properties": { "内容": "サンライズデイサービスセンター壱番館【通所介護】岐阜県羽島郡岐南町八剣二丁目２７番地ぎなんガーデンパレス", "url": "https://www.kaigokensaku.mhlw.go.jp/21/index.php?action_kouhyou_detail_004_kani=true&JigyosyoCd=2170601005-00&ServiceCd=150&Type=search", "url2": "http://www.sunrise-station.jp" }, "geometry": { "type": "Point", "coordinates": [ 136.78152938650814, 35.392920138425382 ] } },
{ "type": "Feature", "properties": { "内容": "サンライズデイサービスセンター弐番館【通所介護】岐阜県羽島郡岐南町八剣５丁目３３番地", "url": "https://www.kaigokensaku.mhlw.go.jp/21/index.php?action_kouhyou_detail_004_kani=true&JigyosyoCd=2170601153-00&ServiceCd=150&Type=search", "url2": "http://sunrise-station.jp" }, "geometry": { "type": "Point", "coordinates": [ 136.780870080912024, 35.391425208999209 ] } },
{ "type": "Feature", "properties": { "内容": "(株)アステップサポート　ももの木デイサービス【通所介護】岐阜県羽島郡岐南町伏屋2-63伏屋第一ビル1F", "url": "https://www.kaigokensaku.mhlw.go.jp/21/index.php?action_kouhyou_detail_004_kani=true&JigyosyoCd=2170601179-00&ServiceCd=150&Type=search", "url2": null }, "geometry": { "type": "Point", "coordinates": [ 136.789371199999977, 35.385779400000011 ] } },
{ "type": "Feature", "properties": { "内容": "デイサービス　リゾートアロハ岐南【通所介護】岐阜県羽島郡岐南町八剣３丁目５３", "url": "https://www.kaigokensaku.mhlw.go.jp/21/index.php?action_kouhyou_detail_004_kani=true&JigyosyoCd=2170601252-00&ServiceCd=150&Type=search", "url2": "https://www.aloha-cocochi.com/" }, "geometry": { "type": "Point", "coordinates": [ 136.778263871163944, 35.394455948849888 ] } },
{ "type": "Feature", "properties": { "内容": "ゴールドエイジ笠松【通所介護】岐阜県羽島郡笠松町長池513－1", "url": "https://www.kaigokensaku.mhlw.go.jp/21/index.php?action_kouhyou_detail_004_kani=true&JigyosyoCd=2170601427-00&ServiceCd=150&Type=search", "url2": "https://goldage.co.jp/" }, "geometry": { "type": "Point", "coordinates": [ 136.745946796413023, 35.357490046481175 ] } },
{ "type": "Feature", "properties": { "内容": "リバーサイド笠松園デイサービスセンター【通所介護】岐阜県羽島郡笠松町田代621番地の１", "url": "https://www.kaigokensaku.mhlw.go.jp/21/index.php?action_kouhyou_detail_004_kani=true&JigyosyoCd=2170600585-00&ServiceCd=150&Type=search", "url2": "http://www.h-fukujyu.or.jp" }, "geometry": { "type": "Point", "coordinates": [ 136.752468200000067, 35.3598837 ] } },
{ "type": "Feature", "properties": { "内容": "ニチイケアセンター岐阜南【通所介護】岐阜県羽島郡笠松町北及1811番地", "url": "https://www.kaigokensaku.mhlw.go.jp/21/index.php?action_kouhyou_detail_004_kani=true&JigyosyoCd=2170600999-00&ServiceCd=150&Type=search", "url2": "http://www.nichiigakkan.co.jp" }, "geometry": { "type": "Point", "coordinates": [ 136.745998, 35.3542804 ] } },
{ "type": "Feature", "properties": { "内容": "心音ケアセンター笠松【通所介護】岐阜県羽島郡笠松町北及１８２５番地", "url": "https://www.kaigokensaku.mhlw.go.jp/21/index.php?action_kouhyou_detail_004_kani=true&JigyosyoCd=2170601112-00&ServiceCd=150&Type=search", "url2": "http://www.weecs.net/" }, "geometry": { "type": "Point", "coordinates": [ 136.745925760452337, 35.353790852884124 ] } },
{ "type": "Feature", "properties": { "内容": "グッデイすぎないデイサービス【通所介護】岐阜県羽島郡笠松町二見町15-1", "url": "https://www.kaigokensaku.mhlw.go.jp/21/index.php?action_kouhyou_detail_004_kani=true&JigyosyoCd=2170601229-00&ServiceCd=150&Type=search", "url2": "http://www.g-suginai.com/" }, "geometry": { "type": "Point", "coordinates": [ 136.763381149668106, 35.371187218494995 ] } },
{ "type": "Feature", "properties": { "内容": "かさまつデイサービスセンター【通所介護】岐阜県羽島郡笠松町下新町67-1WATAQCITY　B.C号室", "url": "https://www.kaigokensaku.mhlw.go.jp/21/index.php?action_kouhyou_detail_004_kani=true&JigyosyoCd=2170601369-00&ServiceCd=150&Type=search", "url2": null }, "geometry": { "type": "Point", "coordinates": [ 136.760530095597829, 35.369773649160528 ] } },
{ "type": "Feature", "properties": { "内容": "みそらデイサービス【通所介護】岐阜県羽島郡笠松町米野２４３", "url": "https://www.kaigokensaku.mhlw.go.jp/21/index.php?action_kouhyou_detail_004_kani=true&JigyosyoCd=2170600809-00&ServiceCd=150&Type=search", "url2": null }, "geometry": { "type": "Point", "coordinates": [ 136.8078918, 35.3814713 ] } },
{ "type": "Feature", "properties": { "内容": "養老の郷【通所介護】岐阜県養老郡養老町押越７００－１", "url": "https://www.kaigokensaku.mhlw.go.jp/21/index.php?action_kouhyou_detail_004_kani=true&JigyosyoCd=2172300234-00&ServiceCd=150&Type=search", "url2": "https://yoshidakai-hp.com/yoshidakai/" }, "geometry": { "type": "Point", "coordinates": [ 136.556735020237738, 35.307101321256674 ] } },
{ "type": "Feature", "properties": { "内容": "きたえ～るかがやき【通所介護】岐阜県養老郡養老町石畑409番地", "url": "https://www.kaigokensaku.mhlw.go.jp/21/index.php?action_kouhyou_detail_004_kani=true&JigyosyoCd=2172300309-00&ServiceCd=150&Type=search", "url2": "http://www.yoro-seikei.or.jp" }, "geometry": { "type": "Point", "coordinates": [ 136.548443680351284, 35.30281369848754 ] } },
{ "type": "Feature", "properties": { "内容": "たかのデイサービスセンター【通所介護】岐阜県養老郡養老町大坪239番地1", "url": "https://www.kaigokensaku.mhlw.go.jp/21/index.php?action_kouhyou_detail_004_kani=true&JigyosyoCd=2172300325-00&ServiceCd=150&Type=search", "url2": null }, "geometry": { "type": "Point", "coordinates": [ 136.567220516285744, 35.332653918478641 ] } },
{ "type": "Feature", "properties": { "内容": "デイサービスセンター養老「福寿苑」【通所介護】岐阜県養老郡養老町石畑1247-2番地", "url": "https://www.kaigokensaku.mhlw.go.jp/21/index.php?action_kouhyou_detail_004_kani=true&JigyosyoCd=2172300390-00&ServiceCd=150&Type=search", "url2": null }, "geometry": { "type": "Point", "coordinates": [ 136.553284816671749, 35.303802546508443 ] } },
{ "type": "Feature", "properties": { "内容": "デイサ－ビス小倉家【通所介護】岐阜県養老郡養老町小倉414-1", "url": "https://www.kaigokensaku.mhlw.go.jp/21/index.php?action_kouhyou_detail_004_kani=true&JigyosyoCd=2172300481-00&ServiceCd=150&Type=search", "url2": null }, "geometry": { "type": "Point", "coordinates": [ 136.565177700000049, 35.2740217 ] } },
{ "type": "Feature", "properties": { "内容": "デイサービス・柚子養老【通所介護】岐阜県養老郡養老町船附字大割田１４２１番地", "url": "https://www.kaigokensaku.mhlw.go.jp/21/index.php?action_kouhyou_detail_004_kani=true&JigyosyoCd=2172300366-00&ServiceCd=150&Type=search", "url2": "http://yuzuyoro.n-denken.co.jp" }, "geometry": { "type": "Point", "coordinates": [ 136.598728188369023, 35.282277763087635 ] } },
{ "type": "Feature", "properties": { "内容": "デイサービスこすもす花畑【通所介護】岐阜県養老郡養老町有尾３７番地", "url": "https://www.kaigokensaku.mhlw.go.jp/21/index.php?action_kouhyou_detail_004_kani=true&JigyosyoCd=2172300465-00&ServiceCd=150&Type=search", "url2": null }, "geometry": { "type": "Point", "coordinates": [ 136.575418200000058, 35.2728111 ] } },
{ "type": "Feature", "properties": { "内容": "白鶴荘　デイサービスセンター【通所介護】岐阜県養老郡養老町柏尾463番地1", "url": "https://www.kaigokensaku.mhlw.go.jp/21/index.php?action_kouhyou_detail_004_kani=true&JigyosyoCd=2172300135-00&ServiceCd=150&Type=search", "url2": "http://www.hakkakuso.com/" }, "geometry": { "type": "Point", "coordinates": [ 136.546368199999961, 35.2938287 ] } },
{ "type": "Feature", "properties": { "内容": "エメランド【通所介護】岐阜県不破郡垂井町1106-1", "url": "https://www.kaigokensaku.mhlw.go.jp/21/index.php?action_kouhyou_detail_004_kani=true&JigyosyoCd=2172400513-00&ServiceCd=150&Type=search", "url2": null }, "geometry": { "type": "Point", "coordinates": [ 136.526639835168737, 35.373040122672009 ] } },
{ "type": "Feature", "properties": { "内容": "デイサービスセンター保維美【通所介護】岐阜県不破郡垂井町2008番地の18", "url": "https://www.kaigokensaku.mhlw.go.jp/21/index.php?action_kouhyou_detail_004_kani=true&JigyosyoCd=2162490045-00&ServiceCd=150&Type=search", "url2": null }, "geometry": { "type": "Point", "coordinates": [ 136.535009150926243, 35.375711506782913 ] } },
{ "type": "Feature", "properties": { "内容": "垂井町デイサービスセンター【通所介護】岐阜県不破郡垂井町986番地の1", "url": "https://www.kaigokensaku.mhlw.go.jp/21/index.php?action_kouhyou_detail_004_kani=true&JigyosyoCd=2172400109-00&ServiceCd=150&Type=search", "url2": "https://www.tarui-shakyo.jp" }, "geometry": { "type": "Point", "coordinates": [ 136.5186582, 35.3728643 ] } },
{ "type": "Feature", "properties": { "内容": "デイサービスセンターいきいきプラザ【通所介護】岐阜県不破郡垂井町宮代１１５３－２", "url": "https://www.kaigokensaku.mhlw.go.jp/21/index.php?action_kouhyou_detail_004_kani=true&JigyosyoCd=2172400166-00&ServiceCd=150&Type=search", "url2": "http://www.hakuaikai.jp/choujuen.html" }, "geometry": { "type": "Point", "coordinates": [ 136.532776291401689, 35.352541806038673 ] } },
{ "type": "Feature", "properties": { "内容": "さくら【通所介護】岐阜県不破郡垂井町表佐723番地1", "url": "https://www.kaigokensaku.mhlw.go.jp/21/index.php?action_kouhyou_detail_004_kani=true&JigyosyoCd=2172400398-00&ServiceCd=150&Type=search", "url2": "https://www.yamakaigo.co.jp" }, "geometry": { "type": "Point", "coordinates": [ 136.548344400000019, 35.364557 ] } },
{ "type": "Feature", "properties": { "内容": "関ケ原町デイサービスセンター【通所介護】岐阜県不破郡関ケ原町大字関ケ原2490番地の29", "url": "https://www.kaigokensaku.mhlw.go.jp/21/index.php?action_kouhyou_detail_004_kani=true&JigyosyoCd=2172400190-00&ServiceCd=150&Type=search", "url2": "http://www.town.sekigahara.gifu.jp/" }, "geometry": { "type": "Point", "coordinates": [ 136.466573899999958, 35.3590347 ] } },
{ "type": "Feature", "properties": { "内容": "デイサービスセンターえりかの里【通所介護】岐阜県不破郡関ケ原町大字今須782-1", "url": "https://www.kaigokensaku.mhlw.go.jp/21/index.php?action_kouhyou_detail_004_kani=true&JigyosyoCd=2172400117-00&ServiceCd=150&Type=search", "url2": "http://www.sugiwakai.jp" }, "geometry": { "type": "Point", "coordinates": [ 136.4176122, 35.3308311 ] } },
{ "type": "Feature", "properties": { "内容": "神戸町デイサービスセンター【通所介護】岐阜県安八郡神戸町大字八条258番地の2", "url": "https://www.kaigokensaku.mhlw.go.jp/21/index.php?action_kouhyou_detail_004_kani=true&JigyosyoCd=2172500098-00&ServiceCd=150&Type=search", "url2": "http://www.godo-shakyo.jp/" }, "geometry": { "type": "Point", "coordinates": [ 136.603204099999971, 35.4072971 ] } },
{ "type": "Feature", "properties": { "内容": "デイサービス夢の郷【通所介護】岐阜県安八郡神戸町大字丈六道村西59番地", "url": "https://www.kaigokensaku.mhlw.go.jp/21/index.php?action_kouhyou_detail_004_kani=true&JigyosyoCd=2172500536-00&ServiceCd=150&Type=search", "url2": "https://www.i-coltd-yumenosato.com/" }, "geometry": { "type": "Point", "coordinates": [ 136.60499342311121, 35.426251870155127 ] } },
{ "type": "Feature", "properties": { "内容": "デイサービスセンターライズ【通所介護】岐阜県安八郡神戸町北一色2-1", "url": "https://www.kaigokensaku.mhlw.go.jp/21/index.php?action_kouhyou_detail_004_kani=true&JigyosyoCd=2172500304-00&ServiceCd=150&Type=search", "url2": "http://www.rise-life.co.jp" }, "geometry": { "type": "Point", "coordinates": [ 136.585344699999951, 35.4291881 ] } },
{ "type": "Feature", "properties": { "内容": "デイサービス　リハスル【通所介護】岐阜県安八郡輪之内町楡俣666番地2", "url": "https://www.kaigokensaku.mhlw.go.jp/21/index.php?action_kouhyou_detail_004_kani=true&JigyosyoCd=2172500437-00&ServiceCd=150&Type=search", "url2": "http://www.rehasul.com" }, "geometry": { "type": "Point", "coordinates": [ 136.655171226983612, 35.299350040492399 ] } },
{ "type": "Feature", "properties": { "内容": "輪之内町デイサービスセンター【通所介護】岐阜県安八郡輪之内町四郷２５３７番地の１", "url": "https://www.kaigokensaku.mhlw.go.jp/21/index.php?action_kouhyou_detail_004_kani=true&JigyosyoCd=2172500122-00&ServiceCd=150&Type=search", "url2": "http://www.washakyo.jp" }, "geometry": { "type": "Point", "coordinates": [ 136.638915699999984, 35.2846271 ] } },
{ "type": "Feature", "properties": { "内容": "デイサービス一休【通所介護】岐阜県安八郡輪之内町楡俣484-1", "url": "https://www.kaigokensaku.mhlw.go.jp/21/index.php?action_kouhyou_detail_004_kani=true&JigyosyoCd=2172500460-00&ServiceCd=150&Type=search", "url2": "https://www.ikkyu.at" }, "geometry": { "type": "Point", "coordinates": [ 136.656145, 35.2995012 ] } },
{ "type": "Feature", "properties": { "内容": "JAいび川デイサービスセンター清流の里【通所介護】岐阜県揖斐郡揖斐川町三輪字中新田2439-1", "url": "https://www.kaigokensaku.mhlw.go.jp/21/index.php?action_kouhyou_detail_004_kani=true&JigyosyoCd=2172600740-00&ServiceCd=150&Type=search", "url2": null }, "geometry": { "type": "Point", "coordinates": [ 136.575004934918155, 35.483495958634435 ] } },
{ "type": "Feature", "properties": { "内容": "デイサービスセンターかりやど【通所介護】岐阜県揖斐郡揖斐川町黒田４１９番地３特別養護老人ホームかりやど", "url": "https://www.kaigokensaku.mhlw.go.jp/21/index.php?action_kouhyou_detail_004_kani=true&JigyosyoCd=2172601003-00&ServiceCd=150&Type=search", "url2": "http://www.syuwa-kai.jp" }, "geometry": { "type": "Point", "coordinates": [ 136.547042646298223, 35.47287418408208 ] } },
{ "type": "Feature", "properties": { "内容": "揖斐川デイサービスセンター【通所介護】岐阜県揖斐郡揖斐川町清水77", "url": "https://www.kaigokensaku.mhlw.go.jp/21/index.php?action_kouhyou_detail_004_kani=true&JigyosyoCd=2172601391-00&ServiceCd=150&Type=search", "url2": "http://www.plaza21oono.jp/koujinkai" }, "geometry": { "type": "Point", "coordinates": [ 136.5970671, 35.4736124 ] } },
{ "type": "Feature", "properties": { "内容": "揖斐川町谷汲デイサービスセンター【通所介護】岐阜県揖斐郡揖斐川町谷汲名礼２８９－１", "url": "https://www.kaigokensaku.mhlw.go.jp/21/index.php?action_kouhyou_detail_004_kani=true&JigyosyoCd=2172601466-00&ServiceCd=150&Type=search", "url2": "https://www.daiwa-center.jp/" }, "geometry": { "type": "Point", "coordinates": [ 136.602414162485616, 35.526746060274085 ] } },
{ "type": "Feature", "properties": { "内容": "デイサービスセンターなごみ【通所介護】岐阜県揖斐郡大野町公郷79", "url": "https://www.kaigokensaku.mhlw.go.jp/21/index.php?action_kouhyou_detail_004_kani=true&JigyosyoCd=2172600914-00&ServiceCd=150&Type=search", "url2": "https://nagomi-wa.com" }, "geometry": { "type": "Point", "coordinates": [ 136.603740900000048, 35.4612649 ] } },
{ "type": "Feature", "properties": { "内容": "ＪＡいび川デイサービスセンター清流の里うぐいす【通所介護】岐阜県揖斐郡大野町大字公郷１６７１番地１", "url": "https://www.kaigokensaku.mhlw.go.jp/21/index.php?action_kouhyou_detail_004_kani=true&JigyosyoCd=2172601110-00&ServiceCd=150&Type=search", "url2": null }, "geometry": { "type": "Point", "coordinates": [ 136.612076399999978, 35.4551242 ] } },
{ "type": "Feature", "properties": { "内容": "レッツ倶楽部いけだ【通所介護】岐阜県揖斐郡池田町八幡1972番地1", "url": "https://www.kaigokensaku.mhlw.go.jp/21/index.php?action_kouhyou_detail_004_kani=true&JigyosyoCd=2172601227-00&ServiceCd=150&Type=search", "url2": "http://www.lets-club.jp/shop/ikeda/" }, "geometry": { "type": "Point", "coordinates": [ 136.579754815344245, 35.424383402526203 ] } },
{ "type": "Feature", "properties": { "内容": "デイサービスセンターサンビレッジ新生苑【通所介護】岐阜県揖斐郡池田町本郷１５０１番地", "url": "https://www.kaigokensaku.mhlw.go.jp/21/index.php?action_kouhyou_detail_004_kani=true&JigyosyoCd=2172600260-00&ServiceCd=150&Type=search", "url2": "https://www.sun-village.jp/" }, "geometry": { "type": "Point", "coordinates": [ 136.575547799999981, 35.4440335 ] } },
{ "type": "Feature", "properties": { "内容": "デイサービスセンター　ちゃぼぼ【通所介護】岐阜県揖斐郡池田町宮地１１７５番地", "url": "https://www.kaigokensaku.mhlw.go.jp/21/index.php?action_kouhyou_detail_004_kani=true&JigyosyoCd=2172600633-00&ServiceCd=150&Type=search", "url2": "https://www.sun-village.jp/" }, "geometry": { "type": "Point", "coordinates": [ 136.544189700000061, 35.4544431 ] } },
{ "type": "Feature", "properties": { "内容": "ＪＡいび川デイサービスセンター清流の里みやじ【通所介護】岐阜県揖斐郡池田町宮地字大門南885－1", "url": "https://www.kaigokensaku.mhlw.go.jp/21/index.php?action_kouhyou_detail_004_kani=true&JigyosyoCd=2172601011-00&ServiceCd=150&Type=search", "url2": null }, "geometry": { "type": "Point", "coordinates": [ 136.5525831, 35.4560015 ] } },
{ "type": "Feature", "properties": { "内容": "リハビリセンター白鳥【通所介護】岐阜県揖斐郡池田町白鳥386番地", "url": "https://www.kaigokensaku.mhlw.go.jp/21/index.php?action_kouhyou_detail_004_kani=true&JigyosyoCd=2172601185-00&ServiceCd=150&Type=search", "url2": "https://www.sun-village.jp/" }, "geometry": { "type": "Point", "coordinates": [ 136.5909650545224, 35.444802131060314 ] } },
{ "type": "Feature", "properties": { "内容": "デイサービスくつい【通所介護】岐阜県揖斐郡池田町沓井25-1", "url": "https://www.kaigokensaku.mhlw.go.jp/21/index.php?action_kouhyou_detail_004_kani=true&JigyosyoCd=2172601409-00&ServiceCd=150&Type=search", "url2": "https://kutsui-day.com/" }, "geometry": { "type": "Point", "coordinates": [ 136.549219957055669, 35.468510383369605 ] } },
{ "type": "Feature", "properties": { "内容": "レッツ俱楽部いけだ【通所介護】岐阜県揖斐郡池田町八幡1972-1", "url": "https://www.kaigokensaku.mhlw.go.jp/21/index.php?action_kouhyou_detail_004_kani=true&JigyosyoCd=2172601490-00&ServiceCd=150&Type=search", "url2": "https://www.lets-club.jp/shop/ikeda/" }, "geometry": { "type": "Point", "coordinates": [ 136.579800748023985, 35.423961812202471 ] } },
{ "type": "Feature", "properties": { "内容": "リハビリサロンエスリハ北方【通所介護】岐阜県本巣郡北方町東加茂1丁目43番", "url": "https://www.kaigokensaku.mhlw.go.jp/21/index.php?action_kouhyou_detail_004_kani=true&JigyosyoCd=2170700690-00&ServiceCd=150&Type=search", "url2": null }, "geometry": { "type": "Point", "coordinates": [ 136.689255328846571, 35.440073085607963 ] } },
{ "type": "Feature", "properties": { "内容": "大門リハビリ＆ケアビレッジ【通所介護】岐阜県本巣郡北方町北方1318番地の1", "url": "https://www.kaigokensaku.mhlw.go.jp/21/index.php?action_kouhyou_detail_004_kani=true&JigyosyoCd=2170700575-00&ServiceCd=150&Type=search", "url2": "http://www.reha-c.com/" }, "geometry": { "type": "Point", "coordinates": [ 136.685866799999985, 35.4360457 ] } },
{ "type": "Feature", "properties": { "内容": "デイサービスみんなのお家北方【通所介護】岐阜県本巣郡北方町高屋伊勢田1丁目83番地レジデンスうれし野", "url": "https://www.kaigokensaku.mhlw.go.jp/21/index.php?action_kouhyou_detail_004_kani=true&JigyosyoCd=2170700682-00&ServiceCd=150&Type=search", "url2": "http://www.ureshino.or.jp/" }, "geometry": { "type": "Point", "coordinates": [ 136.6927451, 35.414399799999984 ] } },
{ "type": "Feature", "properties": { "内容": "坂祝町デイサービスセンター【通所介護】岐阜県加茂郡坂祝町黒岩153番地1総合福祉会館サンライフさかほぎ", "url": "https://www.kaigokensaku.mhlw.go.jp/21/index.php?action_kouhyou_detail_004_kani=true&JigyosyoCd=2171300383-00&ServiceCd=150&Type=search", "url2": "http://www.sakasyakyou.jp" }, "geometry": { "type": "Point", "coordinates": [ 136.979431699999964, 35.4406823 ] } },
{ "type": "Feature", "properties": { "内容": "デイサービス　あずさ　坂祝【通所介護】岐阜県加茂郡坂祝町酒倉1295-2", "url": "https://www.kaigokensaku.mhlw.go.jp/21/index.php?action_kouhyou_detail_004_kani=true&JigyosyoCd=2171300789-00&ServiceCd=150&Type=search", "url2": "http://www.yym-azusa.com" }, "geometry": { "type": "Point", "coordinates": [ 136.992901782664489, 35.439715005754849 ] } },
{ "type": "Feature", "properties": { "内容": "デイサービスセンターとみか【通所介護】岐阜県加茂郡富加町大平賀1495番地1", "url": "https://www.kaigokensaku.mhlw.go.jp/21/index.php?action_kouhyou_detail_004_kani=true&JigyosyoCd=2171300946-00&ServiceCd=150&Type=search", "url2": "http://miwakai.or.jp" }, "geometry": { "type": "Point", "coordinates": [ 136.9730261260936, 35.50752114829794 ] } },
{ "type": "Feature", "properties": { "内容": "川辺町デイサービスセンター【通所介護】岐阜県加茂郡川辺町上川辺９３０番地の１", "url": "https://www.kaigokensaku.mhlw.go.jp/21/index.php?action_kouhyou_detail_004_kani=true&JigyosyoCd=2171300276-00&ServiceCd=150&Type=search", "url2": "http://www.jikeikai-sawayaka.jp/" }, "geometry": { "type": "Point", "coordinates": [ 137.080407199999968, 35.5125789 ] } },
{ "type": "Feature", "properties": { "内容": "いきいきデイサービスセンター川辺【通所介護】岐阜県加茂郡川辺町石神１２８番地", "url": "https://www.kaigokensaku.mhlw.go.jp/21/index.php?action_kouhyou_detail_004_kani=true&JigyosyoCd=2171300631-00&ServiceCd=150&Type=search", "url2": "http://www.kawabesyakyo.jp" }, "geometry": { "type": "Point", "coordinates": [ 137.070974699999965, 35.494714 ] } },
{ "type": "Feature", "properties": { "内容": "サンホーム七宗デイサービスセンター【通所介護】岐阜県加茂郡七宗町神渕10327番地1", "url": "https://www.kaigokensaku.mhlw.go.jp/21/index.php?action_kouhyou_detail_004_kani=true&JigyosyoCd=2171300540-00&ServiceCd=150&Type=search", "url2": "https://www.hichiso-shakyo.jp/" }, "geometry": { "type": "Point", "coordinates": [ 137.085674, 35.5902321 ] } },
{ "type": "Feature", "properties": { "内容": "八百津町デイサービスセンター【通所介護】岐阜県加茂郡八百津町伊岐津志字西中道2053番地１", "url": "https://www.kaigokensaku.mhlw.go.jp/21/index.php?action_kouhyou_detail_004_kani=true&JigyosyoCd=2171300391-00&ServiceCd=150&Type=search", "url2": "http://www.souwa-kai.jp" }, "geometry": { "type": "Point", "coordinates": [ 137.128226221598879, 35.471940008862752 ] } },
{ "type": "Feature", "properties": { "内容": "八百津町東部デイサービスセンター【通所介護】岐阜県加茂郡八百津町久田見2761-8", "url": "https://www.kaigokensaku.mhlw.go.jp/21/index.php?action_kouhyou_detail_004_kani=true&JigyosyoCd=2171300409-00&ServiceCd=150&Type=search", "url2": "https://www.souwa-kai.jp" }, "geometry": { "type": "Point", "coordinates": [ 137.1864905, 35.5210584 ] } },
{ "type": "Feature", "properties": { "内容": "こころ【通所介護】岐阜県加茂郡八百津町八百津3027-1", "url": "https://www.kaigokensaku.mhlw.go.jp/21/index.php?action_kouhyou_detail_004_kani=true&JigyosyoCd=2171300797-00&ServiceCd=150&Type=search", "url2": null }, "geometry": { "type": "Point", "coordinates": [ 137.150837200000069, 35.4761688 ] } },
{ "type": "Feature", "properties": { "内容": "リハビリデイサービス紙ひこうき八百津店【通所介護】岐阜県加茂郡八百津町野上112-1", "url": "https://www.kaigokensaku.mhlw.go.jp/21/index.php?action_kouhyou_detail_004_kani=true&JigyosyoCd=2171301019-00&ServiceCd=150&Type=search", "url2": "https://kami-hikouki.amebaownd.com/" }, "geometry": { "type": "Point", "coordinates": [ 137.1114341, 35.4747482 ] } },
{ "type": "Feature", "properties": { "内容": "さわやか白楽園デイサービスセンター【通所介護】岐阜県加茂郡白川町三川2065番地2", "url": "https://www.kaigokensaku.mhlw.go.jp/21/index.php?action_kouhyou_detail_004_kani=true&JigyosyoCd=2171300235-00&ServiceCd=150&Type=search", "url2": null }, "geometry": { "type": "Point", "coordinates": [ 137.2120493, 35.5719276 ] } },
{ "type": "Feature", "properties": { "内容": "御嵩町デイサービスセンター【通所介護】岐阜県可児郡御嵩町井尻６５番地の1", "url": "https://www.kaigokensaku.mhlw.go.jp/21/index.php?action_kouhyou_detail_004_kani=true&JigyosyoCd=2171400092-00&ServiceCd=150&Type=search", "url2": "http://www.jikeikai-sawayaka.jp" }, "geometry": { "type": "Point", "coordinates": [ 137.1483389, 35.4306906 ] } },
{ "type": "Feature", "properties": { "内容": "さわやかデイサービスセンター伏見【通所介護】岐阜県可児郡御嵩町伏見１８８２番地の１", "url": "https://www.kaigokensaku.mhlw.go.jp/21/index.php?action_kouhyou_detail_004_kani=true&JigyosyoCd=2171400159-00&ServiceCd=150&Type=search", "url2": "http://www.jikeikai-sawayaka.jp" }, "geometry": { "type": "Point", "coordinates": [ 137.093798900000024, 35.4434729 ] } },
{ "type": "Feature", "properties": { "内容": "デイサービスセンターはなたま【通所介護】岐阜県可児郡御嵩町中1431-1", "url": "https://www.kaigokensaku.mhlw.go.jp/21/index.php?action_kouhyou_detail_004_kani=true&JigyosyoCd=2171400225-00&ServiceCd=150&Type=search", "url2": null }, "geometry": { "type": "Point", "coordinates": [ 137.115616400000022, 35.4425243 ] } },
{ "type": "Feature", "properties": { "内容": "JAめぐみの　デイサービスセンター　あんしんみたけ【通所介護】岐阜県可児郡御嵩町御嵩358-1", "url": "https://www.kaigokensaku.mhlw.go.jp/21/index.php?action_kouhyou_detail_004_kani=true&JigyosyoCd=2171400266-00&ServiceCd=150&Type=search", "url2": "http://www.ja-megumino.or.jp" }, "geometry": { "type": "Point", "coordinates": [ 137.143022118246449, 35.430308465582165 ] } },
{ "type": "Feature", "properties": { "内容": "デイサービス　かんランしゃ【通所介護】岐阜県可児郡御嵩町上恵土116番地3", "url": "https://www.kaigokensaku.mhlw.go.jp/21/index.php?action_kouhyou_detail_004_kani=true&JigyosyoCd=2171400308-00&ServiceCd=150&Type=search", "url2": "http://hp.kaipoke.biz/0rs/" }, "geometry": { "type": "Point", "coordinates": [ 137.083710900000028, 35.4439363 ] } },
{ "type": "Feature", "properties": { "内容": "リハビリデイサービス紙ひこうきみたけ店【通所介護】岐阜県可児郡御嵩町中1028-1メゾン渡辺店舗ＡＢ", "url": "https://www.kaigokensaku.mhlw.go.jp/21/index.php?action_kouhyou_detail_004_kani=true&JigyosyoCd=2171400324-00&ServiceCd=150&Type=search", "url2": "http://kami-hikouki.amebaownd.com/" }, "geometry": { "type": "Point", "coordinates": [ 137.1153347, 35.43516 ] } },
{ "type": "Feature", "properties": { "内容": "やさしい時間りんごデイサービスセンター【通所介護】岐阜県可児郡御嵩町上恵土617番地４", "url": "https://www.kaigokensaku.mhlw.go.jp/21/index.php?action_kouhyou_detail_004_kani=true&JigyosyoCd=2171400340-00&ServiceCd=150&Type=search", "url2": "www.y-time.jp/ringo/index.html" }, "geometry": { "type": "Point", "coordinates": [ 137.079282799999987, 35.4343788 ] } }
]
}
