{
"type": "FeatureCollection",
"name": "geo_21_認知症対応型共同生活介護",
"crs": { "type": "name", "properties": { "name": "urn:ogc:def:crs:OGC:1.3:CRS84" } },
"features": [
{ "type": "Feature", "properties": { "内容": "グループホーム　サイネリア【認知症対応型共同生活介護】岐阜県岐阜市萱場東町２丁目1", "url": "https://www.kaigokensaku.mhlw.go.jp/21/index.php?action_kouhyou_detail_004_kani=true&JigyosyoCd=2190104162-00&ServiceCd=320&Type=search", "url2": "https://youmoresmile.com/?page_id=9" }, "geometry": { "type": "Point", "coordinates": [ 136.7359686, 35.4364437 ] } },
{ "type": "Feature", "properties": { "内容": "みのりの家【認知症対応型共同生活介護】岐阜県岐阜市野一色６丁目１０番２６号", "url": "https://www.kaigokensaku.mhlw.go.jp/21/index.php?action_kouhyou_detail_004_kani=true&JigyosyoCd=2170103069-00&ServiceCd=320&Type=search", "url2": "http://www.minorinoie.co.jp" }, "geometry": { "type": "Point", "coordinates": [ 136.8064743, 35.4144972 ] } },
{ "type": "Feature", "properties": { "内容": "グループホームあいか【認知症対応型共同生活介護】岐阜県岐阜市鏡島精華２丁目4番地２４", "url": "https://www.kaigokensaku.mhlw.go.jp/21/index.php?action_kouhyou_detail_004_kani=true&JigyosyoCd=2170102442-00&ServiceCd=320&Type=search", "url2": null }, "geometry": { "type": "Point", "coordinates": [ 136.723481499999906, 35.4106969 ] } },
{ "type": "Feature", "properties": { "内容": "グループホーム　さくら【認知症対応型共同生活介護】岐阜県岐阜市河渡５丁目６０番地", "url": "https://www.kaigokensaku.mhlw.go.jp/21/index.php?action_kouhyou_detail_004_kani=true&JigyosyoCd=2170102988-00&ServiceCd=320&Type=search", "url2": null }, "geometry": { "type": "Point", "coordinates": [ 136.700751399999945, 35.4168289 ] } },
{ "type": "Feature", "properties": { "内容": "グループホームマイハウスすが【認知症対応型共同生活介護】岐阜県岐阜市須賀３丁目１７－５", "url": "https://www.kaigokensaku.mhlw.go.jp/21/index.php?action_kouhyou_detail_004_kani=true&JigyosyoCd=2170103697-00&ServiceCd=320&Type=search", "url2": null }, "geometry": { "type": "Point", "coordinates": [ 136.717730399999937, 35.3863082 ] } },
{ "type": "Feature", "properties": { "内容": "グループホーム　マイハウスあつみ【認知症対応型共同生活介護】岐阜県岐阜市朝霧町３４番地", "url": "https://www.kaigokensaku.mhlw.go.jp/21/index.php?action_kouhyou_detail_004_kani=true&JigyosyoCd=2190100160-00&ServiceCd=320&Type=search", "url2": null }, "geometry": { "type": "Point", "coordinates": [ 136.762671299999965, 35.3928632 ] } },
{ "type": "Feature", "properties": { "内容": "グループホーム　ほんじょうの憩【認知症対応型共同生活介護】岐阜県岐阜市本荘字熊野前1941‐23", "url": "https://www.kaigokensaku.mhlw.go.jp/21/index.php?action_kouhyou_detail_004_kani=true&JigyosyoCd=2190104592-00&ServiceCd=320&Type=search", "url2": null }, "geometry": { "type": "Point", "coordinates": [ 136.7387827, 35.4181915 ] } },
{ "type": "Feature", "properties": { "内容": "グループホーム　ふるさと【認知症対応型共同生活介護】岐阜県岐阜市則武中３丁目５番１７号", "url": "https://www.kaigokensaku.mhlw.go.jp/21/index.php?action_kouhyou_detail_004_kani=true&JigyosyoCd=2110108475-00&ServiceCd=320&Type=search", "url2": null }, "geometry": { "type": "Point", "coordinates": [ 136.739639099999977, 35.4435952 ] } },
{ "type": "Feature", "properties": { "内容": "グループホーム柳ヶ瀬【認知症対応型共同生活介護】岐阜県岐阜市金町4丁目28番地", "url": "https://www.kaigokensaku.mhlw.go.jp/21/index.php?action_kouhyou_detail_004_kani=true&JigyosyoCd=2170101436-00&ServiceCd=320&Type=search", "url2": null }, "geometry": { "type": "Point", "coordinates": [ 136.756748600000037, 35.418074 ] } },
{ "type": "Feature", "properties": { "内容": "グループホーム・スマイル【認知症対応型共同生活介護】岐阜県岐阜市芥見野畑1丁目25番地", "url": "https://www.kaigokensaku.mhlw.go.jp/21/index.php?action_kouhyou_detail_004_kani=true&JigyosyoCd=2170101998-00&ServiceCd=320&Type=search", "url2": "http://www.court-smile.jp/index.html" }, "geometry": { "type": "Point", "coordinates": [ 136.842971900000066, 35.4406111 ] } },
{ "type": "Feature", "properties": { "内容": "グループホーム　なごみの杜【認知症対応型共同生活介護】岐阜県岐阜市奥1丁目９５番地", "url": "https://www.kaigokensaku.mhlw.go.jp/21/index.php?action_kouhyou_detail_004_kani=true&JigyosyoCd=2170102053-00&ServiceCd=320&Type=search", "url2": "http://www.inoguchikai.jp/" }, "geometry": { "type": "Point", "coordinates": [ 136.696500799999967, 35.5183814 ] } },
{ "type": "Feature", "properties": { "内容": "グループホーム千寿庵　万葉【認知症対応型共同生活介護】岐阜県岐阜市神室町3丁目1番地1", "url": "https://www.kaigokensaku.mhlw.go.jp/21/index.php?action_kouhyou_detail_004_kani=true&JigyosyoCd=2170102277-00&ServiceCd=320&Type=search", "url2": null }, "geometry": { "type": "Point", "coordinates": [ 136.75653985213475, 35.418021044702591 ] } },
{ "type": "Feature", "properties": { "内容": "ウェルビュー明郷【認知症対応型共同生活介護】岐阜県岐阜市真砂町1丁目20番地の2", "url": "https://www.kaigokensaku.mhlw.go.jp/21/index.php?action_kouhyou_detail_004_kani=true&JigyosyoCd=2170102376-00&ServiceCd=320&Type=search", "url2": "http://chiyodakai.or.jp" }, "geometry": { "type": "Point", "coordinates": [ 136.7504242, 35.4275616 ] } },
{ "type": "Feature", "properties": { "内容": "グループホーム大洞岐協苑【認知症対応型共同生活介護】岐阜県岐阜市大洞３丁目３番１号", "url": "https://www.kaigokensaku.mhlw.go.jp/21/index.php?action_kouhyou_detail_004_kani=true&JigyosyoCd=2170102483-00&ServiceCd=320&Type=search", "url2": "http://www.gikyoen.jp" }, "geometry": { "type": "Point", "coordinates": [ 136.875307300000031, 35.4605876 ] } },
{ "type": "Feature", "properties": { "内容": "社会福祉法人みどり福祉会グループホーム北山【認知症対応型共同生活介護】岐阜県岐阜市北山1丁目15番25号", "url": "https://www.kaigokensaku.mhlw.go.jp/21/index.php?action_kouhyou_detail_004_kani=true&JigyosyoCd=2170102491-00&ServiceCd=320&Type=search", "url2": "http://gifu-min.jp/fukushi/" }, "geometry": { "type": "Point", "coordinates": [ 136.852290813491919, 35.457519687000165 ] } },
{ "type": "Feature", "properties": { "内容": "アーバンケア三歳【認知症対応型共同生活介護】岐阜県岐阜市三歳町5-1-8", "url": "https://www.kaigokensaku.mhlw.go.jp/21/index.php?action_kouhyou_detail_004_kani=true&JigyosyoCd=2170102509-00&ServiceCd=320&Type=search", "url2": null }, "geometry": { "type": "Point", "coordinates": [ 136.7396291, 35.4099138 ] } },
{ "type": "Feature", "properties": { "内容": "福光グリーンホーム【認知症対応型共同生活介護】岐阜県岐阜市福光東３－１０－８", "url": "https://www.kaigokensaku.mhlw.go.jp/21/index.php?action_kouhyou_detail_004_kani=true&JigyosyoCd=2170102566-00&ServiceCd=320&Type=search", "url2": "https://yuuaikai-gifu.or.jp/" }, "geometry": { "type": "Point", "coordinates": [ 136.771399, 35.4561994 ] } },
{ "type": "Feature", "properties": { "内容": "医療法人社団　稲葉会　芥見グループホーム【認知症対応型共同生活介護】岐阜県岐阜市岩田東3-277-1", "url": "https://www.kaigokensaku.mhlw.go.jp/21/index.php?action_kouhyou_detail_004_kani=true&JigyosyoCd=2170102582-00&ServiceCd=320&Type=search", "url2": "http://inabakai.com" }, "geometry": { "type": "Point", "coordinates": [ 136.837817, 35.4408611 ] } },
{ "type": "Feature", "properties": { "内容": "グループホームあだち【認知症対応型共同生活介護】岐阜県岐阜市大池町５８番地１", "url": "https://www.kaigokensaku.mhlw.go.jp/21/index.php?action_kouhyou_detail_004_kani=true&JigyosyoCd=2170102772-00&ServiceCd=320&Type=search", "url2": "http://www.clinic-adachi.com/kaigo/" }, "geometry": { "type": "Point", "coordinates": [ 136.738073699999973, 35.4151741 ] } },
{ "type": "Feature", "properties": { "内容": "グループホーム花咲小町【認知症対応型共同生活介護】岐阜県岐阜市太郎丸諏訪１７４番地", "url": "https://www.kaigokensaku.mhlw.go.jp/21/index.php?action_kouhyou_detail_004_kani=true&JigyosyoCd=2170102848-00&ServiceCd=320&Type=search", "url2": "http://anju-komachi.co.jp" }, "geometry": { "type": "Point", "coordinates": [ 136.816467900000021, 35.4942397 ] } },
{ "type": "Feature", "properties": { "内容": "鏡島弘法前ケアセンター【認知症対応型共同生活介護】岐阜県岐阜市鏡島中2丁目9番13号", "url": "https://www.kaigokensaku.mhlw.go.jp/21/index.php?action_kouhyou_detail_004_kani=true&JigyosyoCd=2170102871-00&ServiceCd=320&Type=search", "url2": "http://kyuseikai.com" }, "geometry": { "type": "Point", "coordinates": [ 136.7194432, 35.4138241 ] } },
{ "type": "Feature", "properties": { "内容": "ファミリーケア大黒町【認知症対応型共同生活介護】岐阜県岐阜市大黒町３丁目１２番地１", "url": "https://www.kaigokensaku.mhlw.go.jp/21/index.php?action_kouhyou_detail_004_kani=true&JigyosyoCd=2170102905-00&ServiceCd=320&Type=search", "url2": "http://www.wakokai.or.jp/" }, "geometry": { "type": "Point", "coordinates": [ 136.778058, 35.4120747 ] } },
{ "type": "Feature", "properties": { "内容": "グル－プホ－ム樫の実【認知症対応型共同生活介護】岐阜県岐阜市世保北３３番地", "url": "https://www.kaigokensaku.mhlw.go.jp/21/index.php?action_kouhyou_detail_004_kani=true&JigyosyoCd=2170102996-00&ServiceCd=320&Type=search", "url2": "http://miwakai.or.jp" }, "geometry": { "type": "Point", "coordinates": [ 136.835968800000046, 35.4850721 ] } },
{ "type": "Feature", "properties": { "内容": "愛の家グループホーム岐阜【認知症対応型共同生活介護】岐阜県岐阜市粟野東５丁目４愛の家グループホーム岐阜", "url": "https://www.kaigokensaku.mhlw.go.jp/21/index.php?action_kouhyou_detail_004_kani=true&JigyosyoCd=2170103143-00&ServiceCd=320&Type=search", "url2": "http://www.mcsg.co.jp/" }, "geometry": { "type": "Point", "coordinates": [ 136.782938899999976, 35.4804904 ] } },
{ "type": "Feature", "properties": { "内容": "グループホームササダI【認知症対応型共同生活介護】岐阜県岐阜市加納本石町3-3", "url": "https://www.kaigokensaku.mhlw.go.jp/21/index.php?action_kouhyou_detail_004_kani=true&JigyosyoCd=2170103473-00&ServiceCd=320&Type=search", "url2": null }, "geometry": { "type": "Point", "coordinates": [ 136.748422500000061, 35.4036257 ] } },
{ "type": "Feature", "properties": { "内容": "グループホームもも太郎御望【認知症対応型共同生活介護】岐阜県岐阜市御望３丁目６８番地", "url": "https://www.kaigokensaku.mhlw.go.jp/21/index.php?action_kouhyou_detail_004_kani=true&JigyosyoCd=2170103689-00&ServiceCd=320&Type=search", "url2": "http://carepartner.web.fc2.com/index.html" }, "geometry": { "type": "Point", "coordinates": [ 136.70895059999998, 35.4745985 ] } },
{ "type": "Feature", "properties": { "内容": "グループホームあかり（岐阜苑）【認知症対応型共同生活介護】岐阜県岐阜市大洞１丁目３－４", "url": "https://www.kaigokensaku.mhlw.go.jp/21/index.php?action_kouhyou_detail_004_kani=true&JigyosyoCd=2170103762-00&ServiceCd=320&Type=search", "url2": "https://akari-8.com/top/" }, "geometry": { "type": "Point", "coordinates": [ 136.86953840000001, 35.4570543 ] } },
{ "type": "Feature", "properties": { "内容": "グループホームあだちII【認知症対応型共同生活介護】岐阜県岐阜市北一色４－５－７", "url": "https://www.kaigokensaku.mhlw.go.jp/21/index.php?action_kouhyou_detail_004_kani=true&JigyosyoCd=2170103853-00&ServiceCd=320&Type=search", "url2": "http://www.clinic-adachi.com/kaigo/" }, "geometry": { "type": "Point", "coordinates": [ 136.791465099999982, 35.4093529 ] } },
{ "type": "Feature", "properties": { "内容": "ハートヴィレッジ老松【認知症対応型共同生活介護】岐阜県岐阜市老松町１０番地", "url": "https://www.kaigokensaku.mhlw.go.jp/21/index.php?action_kouhyou_detail_004_kani=true&JigyosyoCd=2170103986-00&ServiceCd=320&Type=search", "url2": "http://zuihokai-group.jp/" }, "geometry": { "type": "Point", "coordinates": [ 136.766950599999973, 35.4141744 ] } },
{ "type": "Feature", "properties": { "内容": "愛の家グループホーム岐阜正法寺【認知症対応型共同生活介護】岐阜県岐阜市正法寺町9番地", "url": "https://www.kaigokensaku.mhlw.go.jp/21/index.php?action_kouhyou_detail_004_kani=true&JigyosyoCd=2170103994-00&ServiceCd=320&Type=search", "url2": "http://www.mcsg.co.jp" }, "geometry": { "type": "Point", "coordinates": [ 136.7640599, 35.3953629 ] } },
{ "type": "Feature", "properties": { "内容": "グループホーム夢家族・柳津【認知症対応型共同生活介護】岐阜県岐阜市柳津町丸野５丁目４７番地", "url": "https://www.kaigokensaku.mhlw.go.jp/21/index.php?action_kouhyou_detail_004_kani=true&JigyosyoCd=2170600361-00&ServiceCd=320&Type=search", "url2": "http://yumekazoku.co.jp" }, "geometry": { "type": "Point", "coordinates": [ 136.729123800000025, 35.3581923 ] } },
{ "type": "Feature", "properties": { "内容": "サロン・ド・フレール【認知症対応型共同生活介護】岐阜県岐阜市柳津町上佐波東1-44", "url": "https://www.kaigokensaku.mhlw.go.jp/21/index.php?action_kouhyou_detail_004_kani=true&JigyosyoCd=2170600429-00&ServiceCd=320&Type=search", "url2": null }, "geometry": { "type": "Point", "coordinates": [ 136.7272544, 35.3744681 ] } },
{ "type": "Feature", "properties": { "内容": "グループホーム　ガーデン柳津【認知症対応型共同生活介護】岐阜県岐阜市柳津町本郷２丁目７番地3", "url": "https://www.kaigokensaku.mhlw.go.jp/21/index.php?action_kouhyou_detail_004_kani=true&JigyosyoCd=2170600437-00&ServiceCd=320&Type=search", "url2": "http://www.gifuminoji.jp" }, "geometry": { "type": "Point", "coordinates": [ 136.739719799999989, 35.3676467 ] } },
{ "type": "Feature", "properties": { "内容": "愛の家グループホーム中西郷【認知症対応型共同生活介護】岐阜県岐阜市中西郷1-71-1", "url": "https://www.kaigokensaku.mhlw.go.jp/21/index.php?action_kouhyou_detail_004_kani=true&JigyosyoCd=2190100012-00&ServiceCd=320&Type=search", "url2": "http://www.mcsg.co.jp/" }, "geometry": { "type": "Point", "coordinates": [ 136.700319199999967, 35.464997 ] } },
{ "type": "Feature", "properties": { "内容": "愛の家グループホーム福富【認知症対応型共同生活介護】岐阜県岐阜市福富永田１９７６－１", "url": "https://www.kaigokensaku.mhlw.go.jp/21/index.php?action_kouhyou_detail_004_kani=true&JigyosyoCd=2190100020-00&ServiceCd=320&Type=search", "url2": "http://mcs-ainoie.com/ins62.html" }, "geometry": { "type": "Point", "coordinates": [ 136.81482410000001, 35.4783026 ] } },
{ "type": "Feature", "properties": { "内容": "愛の家グループホームことづか【認知症対応型共同生活介護】岐阜県岐阜市琴塚1丁目７－１２", "url": "https://www.kaigokensaku.mhlw.go.jp/21/index.php?action_kouhyou_detail_004_kani=true&JigyosyoCd=2190100038-00&ServiceCd=320&Type=search", "url2": "http://mcs-ainoie.com/ins60.html" }, "geometry": { "type": "Point", "coordinates": [ 136.809090500000025, 35.4182607 ] } },
{ "type": "Feature", "properties": { "内容": "愛の家グループホームやないづ【認知症対応型共同生活介護】岐阜県岐阜市柳津町梅松１丁目91-1", "url": "https://www.kaigokensaku.mhlw.go.jp/21/index.php?action_kouhyou_detail_004_kani=true&JigyosyoCd=2190100046-00&ServiceCd=320&Type=search", "url2": "https://mcs-ainoie.com/search/gifu/gifushi/gh063/" }, "geometry": { "type": "Point", "coordinates": [ 136.739878099999942, 35.3635083 ] } },
{ "type": "Feature", "properties": { "内容": "グループホーム　こころ岐阜【認知症対応型共同生活介護】岐阜県岐阜市栄新町3-100", "url": "https://www.kaigokensaku.mhlw.go.jp/21/index.php?action_kouhyou_detail_004_kani=true&JigyosyoCd=2190102679-00&ServiceCd=320&Type=search", "url2": "https://a-lifesupport.co.jp/" }, "geometry": { "type": "Point", "coordinates": [ 136.7585329, 35.439025300000011 ] } },
{ "type": "Feature", "properties": { "内容": "グループホームこころ岐阜第２【認知症対応型共同生活介護】岐阜県岐阜市栄新町３丁目３０番地", "url": "https://www.kaigokensaku.mhlw.go.jp/21/index.php?action_kouhyou_detail_004_kani=true&JigyosyoCd=2190102687-00&ServiceCd=320&Type=search", "url2": "https://a-lifesupport.co.jp/elder/kokoro_gifu2/" }, "geometry": { "type": "Point", "coordinates": [ 136.759297800000013, 35.4382743 ] } },
{ "type": "Feature", "properties": { "内容": "グループホームもも太郎黒野【認知症対応型共同生活介護】岐阜県岐阜市下黒野419番地4", "url": "https://www.kaigokensaku.mhlw.go.jp/21/index.php?action_kouhyou_detail_004_kani=true&JigyosyoCd=2190102752-00&ServiceCd=320&Type=search", "url2": "http://carepartner.web.fc2.com/index.html" }, "geometry": { "type": "Point", "coordinates": [ 136.719511766343317, 35.461009785083057 ] } },
{ "type": "Feature", "properties": { "内容": "グループホーム彩り「ぎふ」【認知症対応型共同生活介護】岐阜県岐阜市旦島6丁目1番16号", "url": "https://www.kaigokensaku.mhlw.go.jp/21/index.php?action_kouhyou_detail_004_kani=true&JigyosyoCd=2190103743-00&ServiceCd=320&Type=search", "url2": "http://www.s-ajisai.com/gifu/" }, "geometry": { "type": "Point", "coordinates": [ 136.726655400000027, 35.4328548 ] } },
{ "type": "Feature", "properties": { "内容": "グループホーム楓【認知症対応型共同生活介護】岐阜県岐阜市粟野西6丁目１１７－２", "url": "https://www.kaigokensaku.mhlw.go.jp/21/index.php?action_kouhyou_detail_004_kani=true&JigyosyoCd=2190103768-00&ServiceCd=320&Type=search", "url2": "https://www.gracehome-ｋ.com/" }, "geometry": { "type": "Point", "coordinates": [ 136.772317640422614, 35.483636479874697 ] } },
{ "type": "Feature", "properties": { "内容": "グループホームガーデン柳津北館【認知症対応型共同生活介護】岐阜県岐阜市柳津町本郷２丁目１３番地1", "url": "https://www.kaigokensaku.mhlw.go.jp/21/index.php?action_kouhyou_detail_004_kani=true&JigyosyoCd=2190103792-00&ServiceCd=320&Type=search", "url2": "http://www.gifuminoji.jp" }, "geometry": { "type": "Point", "coordinates": [ 136.7396559, 35.367955 ] } },
{ "type": "Feature", "properties": { "内容": "長森いきいき俱楽部ラシック認知症対応型グループホーム【認知症対応型共同生活介護】岐阜県岐阜市北一色10-38-1", "url": "https://www.kaigokensaku.mhlw.go.jp/21/index.php?action_kouhyou_detail_004_kani=true&JigyosyoCd=2190104279-00&ServiceCd=320&Type=search", "url2": "https://www.koukeikai.jp/" }, "geometry": { "type": "Point", "coordinates": [ 136.7946436, 35.4091056 ] } },
{ "type": "Feature", "properties": { "内容": "認知症対応型共同生活介護　グループホームこまき【認知症対応型共同生活介護】岐阜県岐阜市都通4丁目7番地", "url": "https://www.kaigokensaku.mhlw.go.jp/21/index.php?action_kouhyou_detail_004_kani=true&JigyosyoCd=2190104451-00&ServiceCd=320&Type=search", "url2": null }, "geometry": { "type": "Point", "coordinates": [ 136.74746642705307, 35.415640924793799 ] } },
{ "type": "Feature", "properties": { "内容": "グループホーム木の郷【認知症対応型共同生活介護】岐阜県岐阜市福富迎田72番地", "url": "https://www.kaigokensaku.mhlw.go.jp/21/index.php?action_kouhyou_detail_004_kani=true&JigyosyoCd=2190104550-00&ServiceCd=320&Type=search", "url2": null }, "geometry": { "type": "Point", "coordinates": [ 136.8254541, 35.4767356 ] } },
{ "type": "Feature", "properties": { "内容": "グループホームゆうもあスマイル茜部【認知症対応型共同生活介護】岐阜県岐阜市茜部中島１丁目３８番地２グループホームゆうもあスマイル茜部", "url": "https://www.kaigokensaku.mhlw.go.jp/21/index.php?action_kouhyou_detail_004_kani=true&JigyosyoCd=2190104600-00&ServiceCd=320&Type=search", "url2": "https://youmoresmile.com/company/" }, "geometry": { "type": "Point", "coordinates": [ 136.7486226, 35.393692 ] } },
{ "type": "Feature", "properties": { "内容": "グループホームササダ　サテライト【認知症対応型共同生活介護】岐阜県岐阜市加納寿町3丁目3", "url": "https://www.kaigokensaku.mhlw.go.jp/21/index.php?action_kouhyou_detail_004_kani=true&JigyosyoCd=2190104642-00&ServiceCd=320&Type=search", "url2": null }, "geometry": { "type": "Point", "coordinates": [ 136.74909, 35.4033992 ] } },
{ "type": "Feature", "properties": { "内容": "グループホームハート六条【認知症対応型共同生活介護】岐阜県岐阜市六条江東３丁目１番２６号", "url": "https://www.kaigokensaku.mhlw.go.jp/21/index.php?action_kouhyou_detail_004_kani=true&JigyosyoCd=2190100277-00&ServiceCd=320&Type=search", "url2": "http://www.heartlife-gifu.co.jp" }, "geometry": { "type": "Point", "coordinates": [ 136.746812399999953, 35.3875526 ] } },
{ "type": "Feature", "properties": { "内容": "グループホーム百花【認知症対応型共同生活介護】岐阜県岐阜市前一色１丁目４番１８号", "url": "https://www.kaigokensaku.mhlw.go.jp/21/index.php?action_kouhyou_detail_004_kani=true&JigyosyoCd=2170102525-00&ServiceCd=320&Type=search", "url2": null }, "geometry": { "type": "Point", "coordinates": [ 136.7980116, 35.4076061 ] } },
{ "type": "Feature", "properties": { "内容": "六条の杜【認知症対応型共同生活介護】岐阜県岐阜市六条片田1丁目21-6", "url": "https://www.kaigokensaku.mhlw.go.jp/21/index.php?action_kouhyou_detail_004_kani=true&JigyosyoCd=2170102541-00&ServiceCd=320&Type=search", "url2": "http://www.group-home.co.jp/" }, "geometry": { "type": "Point", "coordinates": [ 136.746081600000025, 35.3946601 ] } },
{ "type": "Feature", "properties": { "内容": "グループホーム　静春【認知症対応型共同生活介護】岐阜県岐阜市西島町２－６", "url": "https://www.kaigokensaku.mhlw.go.jp/21/index.php?action_kouhyou_detail_004_kani=true&JigyosyoCd=2170103366-00&ServiceCd=320&Type=search", "url2": null }, "geometry": { "type": "Point", "coordinates": [ 136.731802, 35.4260864 ] } },
{ "type": "Feature", "properties": { "内容": "とまとの家　野一色【認知症対応型共同生活介護】岐阜県岐阜市野一色6-10-26", "url": "https://www.kaigokensaku.mhlw.go.jp/21/index.php?action_kouhyou_detail_004_kani=true&JigyosyoCd=2190104626-00&ServiceCd=320&Type=search", "url2": null }, "geometry": { "type": "Point", "coordinates": [ 136.806487, 35.414447 ] } },
{ "type": "Feature", "properties": { "内容": "長森いきいき倶楽部【認知症対応型共同生活介護】岐阜県岐阜市前一色西町4-6長森いきいき倶楽部", "url": "https://www.kaigokensaku.mhlw.go.jp/21/index.php?action_kouhyou_detail_004_kani=true&JigyosyoCd=2170103010-00&ServiceCd=320&Type=search", "url2": "http://www.koukeikai.jp" }, "geometry": { "type": "Point", "coordinates": [ 136.79507030000002, 35.4084587 ] } },
{ "type": "Feature", "properties": { "内容": "グループホーム　サンヴェール大垣【認知症対応型共同生活介護】岐阜県大垣市東町４丁目４３－２サンヴェール大垣", "url": "https://www.kaigokensaku.mhlw.go.jp/21/index.php?action_kouhyou_detail_004_kani=true&JigyosyoCd=2172100774-00&ServiceCd=320&Type=search", "url2": "http://www.sunvale.net" }, "geometry": { "type": "Point", "coordinates": [ 136.6476907, 35.369713900000029 ] } },
{ "type": "Feature", "properties": { "内容": "大東グループホーム【認知症対応型共同生活介護】岐阜県大垣市東前1丁目86番地", "url": "https://www.kaigokensaku.mhlw.go.jp/21/index.php?action_kouhyou_detail_004_kani=true&JigyosyoCd=2172100832-00&ServiceCd=320&Type=search", "url2": "http://www.294.or.jp" }, "geometry": { "type": "Point", "coordinates": [ 136.62813749999998, 35.3507162 ] } },
{ "type": "Feature", "properties": { "内容": "グループホームＨＩＰＰＯ【認知症対応型共同生活介護】岐阜県大垣市室村町1丁目１７８番地", "url": "https://www.kaigokensaku.mhlw.go.jp/21/index.php?action_kouhyou_detail_004_kani=true&JigyosyoCd=2172100881-00&ServiceCd=320&Type=search", "url2": null }, "geometry": { "type": "Point", "coordinates": [ 136.60983090000002, 35.373152 ] } },
{ "type": "Feature", "properties": { "内容": "グループホーム江並「福寿苑」【認知症対応型共同生活介護】岐阜県大垣市外渕4丁目97番地１", "url": "https://www.kaigokensaku.mhlw.go.jp/21/index.php?action_kouhyou_detail_004_kani=true&JigyosyoCd=2172101095-00&ServiceCd=320&Type=search", "url2": null }, "geometry": { "type": "Point", "coordinates": [ 136.619983499999989, 35.3265717 ] } },
{ "type": "Feature", "properties": { "内容": "愛の家グループホーム大垣【認知症対応型共同生活介護】岐阜県大垣市宝和町15番地", "url": "https://www.kaigokensaku.mhlw.go.jp/21/index.php?action_kouhyou_detail_004_kani=true&JigyosyoCd=2172101103-00&ServiceCd=320&Type=search", "url2": "https://mcs-ainoie.com/ins43.html" }, "geometry": { "type": "Point", "coordinates": [ 136.598746500000061, 35.3688883 ] } },
{ "type": "Feature", "properties": { "内容": "株式会社　アイデイ・インターナショナル　グループホーム三城【認知症対応型共同生活介護】岐阜県大垣市東町4丁目４４－１", "url": "https://www.kaigokensaku.mhlw.go.jp/21/index.php?action_kouhyou_detail_004_kani=true&JigyosyoCd=2172101202-00&ServiceCd=320&Type=search", "url2": "http://www.sunvale.net/" }, "geometry": { "type": "Point", "coordinates": [ 136.648158517860452, 35.369768392292926 ] } },
{ "type": "Feature", "properties": { "内容": "グループホーム・柚子【認知症対応型共同生活介護】岐阜県　大垣市　外渕　2-79", "url": "https://www.kaigokensaku.mhlw.go.jp/21/index.php?action_kouhyou_detail_004_kani=true&JigyosyoCd=2172101228-00&ServiceCd=320&Type=search", "url2": "http://www.n-denken.co.jp" }, "geometry": { "type": "Point", "coordinates": [ 136.611515199999985, 35.329046 ] } },
{ "type": "Feature", "properties": { "内容": "グループホーム　てんじゅ【認知症対応型共同生活介護】岐阜県大垣市万石３丁目１４－１", "url": "https://www.kaigokensaku.mhlw.go.jp/21/index.php?action_kouhyou_detail_004_kani=true&JigyosyoCd=2172101269-00&ServiceCd=320&Type=search", "url2": "http://www.g-h-tenjyu.jp/" }, "geometry": { "type": "Point", "coordinates": [ 136.6486602, 35.3631536 ] } },
{ "type": "Feature", "properties": { "内容": "グループホーム　あおぞら【認知症対応型共同生活介護】岐阜県大垣市林町８丁目６９番地", "url": "https://www.kaigokensaku.mhlw.go.jp/21/index.php?action_kouhyou_detail_004_kani=true&JigyosyoCd=2172101335-00&ServiceCd=320&Type=search", "url2": null }, "geometry": { "type": "Point", "coordinates": [ 136.62025159999996, 35.3750632 ] } },
{ "type": "Feature", "properties": { "内容": "グループホーム　さくら・さくら【認知症対応型共同生活介護】岐阜県大垣市北方町5丁目35番地", "url": "https://www.kaigokensaku.mhlw.go.jp/21/index.php?action_kouhyou_detail_004_kani=true&JigyosyoCd=2172101368-00&ServiceCd=320&Type=search", "url2": "https://www.sun-village.jp/" }, "geometry": { "type": "Point", "coordinates": [ 136.6205499134918, 35.397535619501859 ] } },
{ "type": "Feature", "properties": { "内容": "愛の家グループホーム大垣木戸【認知症対応型共同生活介護】岐阜県　大垣市　木戸町306-1番地", "url": "https://www.kaigokensaku.mhlw.go.jp/21/index.php?action_kouhyou_detail_004_kani=true&JigyosyoCd=2192100044-00&ServiceCd=320&Type=search", "url2": "http://mcs-ainoie.com/ins64.html" }, "geometry": { "type": "Point", "coordinates": [ 136.601004500000073, 35.3679884 ] } },
{ "type": "Feature", "properties": { "内容": "愛の家グループホームすのまた【認知症対応型共同生活介護】岐阜県大垣市墨俣町上宿５７１番地１", "url": "https://www.kaigokensaku.mhlw.go.jp/21/index.php?action_kouhyou_detail_004_kani=true&JigyosyoCd=2192100051-00&ServiceCd=320&Type=search", "url2": "http://www.mcsg.co.jp/" }, "geometry": { "type": "Point", "coordinates": [ 136.68041889999995, 35.3574106 ] } },
{ "type": "Feature", "properties": { "内容": "ニチイケアセンター西濃【認知症対応型共同生活介護】岐阜県大垣市橘町2丁目9-1", "url": "https://www.kaigokensaku.mhlw.go.jp/21/index.php?action_kouhyou_detail_004_kani=true&JigyosyoCd=2192100135-00&ServiceCd=320&Type=search", "url2": "http://www.nichiigakkan.co.jp" }, "geometry": { "type": "Point", "coordinates": [ 136.62666779999995, 35.3624175 ] } },
{ "type": "Feature", "properties": { "内容": "グループホーム第二江並「福寿苑」【認知症対応型共同生活介護】岐阜県大垣市外渕４丁目１０１番地", "url": "https://www.kaigokensaku.mhlw.go.jp/21/index.php?action_kouhyou_detail_004_kani=true&JigyosyoCd=2192100150-00&ServiceCd=320&Type=search", "url2": null }, "geometry": { "type": "Point", "coordinates": [ 136.6198779, 35.3263384 ] } },
{ "type": "Feature", "properties": { "内容": "グループホームわくわく【認知症対応型共同生活介護】岐阜県大垣市荒川町367-1", "url": "https://www.kaigokensaku.mhlw.go.jp/21/index.php?action_kouhyou_detail_004_kani=true&JigyosyoCd=2192100168-00&ServiceCd=320&Type=search", "url2": "http://www.fuji-estate-ogaki.co.jp/" }, "geometry": { "type": "Point", "coordinates": [ 136.5751692, 35.3622021 ] } },
{ "type": "Feature", "properties": { "内容": "グループホーム・ハッピー桜【認知症対応型共同生活介護】岐阜県　大垣市　外渕　２丁目　８１番地ケアサポート・ハッピー桜", "url": "https://www.kaigokensaku.mhlw.go.jp/21/index.php?action_kouhyou_detail_004_kani=true&JigyosyoCd=2192100176-00&ServiceCd=320&Type=search", "url2": "http://h-sakura.n-denken.co.jp/" }, "geometry": { "type": "Point", "coordinates": [ 136.610862499999939, 35.3291848 ] } },
{ "type": "Feature", "properties": { "内容": "グループホーム　ダンデライオン【認知症対応型共同生活介護】岐阜県大垣市赤花町1丁目68-1", "url": "https://www.kaigokensaku.mhlw.go.jp/21/index.php?action_kouhyou_detail_004_kani=true&JigyosyoCd=2192100184-00&ServiceCd=320&Type=search", "url2": null }, "geometry": { "type": "Point", "coordinates": [ 136.625348199999962, 35.3888617 ] } },
{ "type": "Feature", "properties": { "内容": "大垣ケアセンターそよ風【認知症対応型共同生活介護】岐阜県大垣市久瀬川町六丁目128番地", "url": "https://www.kaigokensaku.mhlw.go.jp/21/index.php?action_kouhyou_detail_004_kani=true&JigyosyoCd=2192100234-00&ServiceCd=320&Type=search", "url2": "http://www.sykz.co.jp/" }, "geometry": { "type": "Point", "coordinates": [ 136.60237410000002, 35.3581284 ] } },
{ "type": "Feature", "properties": { "内容": "グループホーム　ともがき【認知症対応型共同生活介護】岐阜県大垣市入方３丁目７０番地１", "url": "https://www.kaigokensaku.mhlw.go.jp/21/index.php?action_kouhyou_detail_004_kani=true&JigyosyoCd=2192100325-00&ServiceCd=320&Type=search", "url2": "http://yuuwaen.jp/" }, "geometry": { "type": "Point", "coordinates": [ 136.598297900000034, 35.3243626 ] } },
{ "type": "Feature", "properties": { "内容": "グループホームパサーダ【認知症対応型共同生活介護】岐阜県大垣市北方町二丁目７０番１", "url": "https://www.kaigokensaku.mhlw.go.jp/21/index.php?action_kouhyou_detail_004_kani=true&JigyosyoCd=2192100465-00&ServiceCd=320&Type=search", "url2": "http://www.haroro.com/hokushin/" }, "geometry": { "type": "Point", "coordinates": [ 136.6105537, 35.39650730000001 ] } },
{ "type": "Feature", "properties": { "内容": "愛の家グループホーム大垣浅草【認知症対応型共同生活介護】岐阜県大垣市浅草二丁目28番地1", "url": "https://www.kaigokensaku.mhlw.go.jp/21/index.php?action_kouhyou_detail_004_kani=true&JigyosyoCd=2192100507-00&ServiceCd=320&Type=search", "url2": "https://mcs-ainoie.com/search/gifu/ogakishi/gh313/" }, "geometry": { "type": "Point", "coordinates": [ 136.614175913877887, 35.313437890842394 ] } },
{ "type": "Feature", "properties": { "内容": "グループホーム陽だまり【認知症対応型共同生活介護】岐阜県高山市下林町966番地の1", "url": "https://www.kaigokensaku.mhlw.go.jp/21/index.php?action_kouhyou_detail_004_kani=true&JigyosyoCd=2172700334-00&ServiceCd=320&Type=search", "url2": "https://gh-hida.jp/" }, "geometry": { "type": "Point", "coordinates": [ 137.229425145403638, 36.148359456695403 ] } },
{ "type": "Feature", "properties": { "内容": "ホームきりう【認知症対応型共同生活介護】岐阜県高山市桐生町８丁目４４番地きりう福祉センター内", "url": "https://www.kaigokensaku.mhlw.go.jp/21/index.php?action_kouhyou_detail_004_kani=true&JigyosyoCd=2172700649-00&ServiceCd=320&Type=search", "url2": "http://www.takayamakousya.jp/" }, "geometry": { "type": "Point", "coordinates": [ 137.248394789410469, 36.158054194482226 ] } },
{ "type": "Feature", "properties": { "内容": "グループホームほのぼの朝日の家【認知症対応型共同生活介護】岐阜県高山市朝日町浅井736番地", "url": "https://www.kaigokensaku.mhlw.go.jp/21/index.php?action_kouhyou_detail_004_kani=true&JigyosyoCd=2172900280-00&ServiceCd=320&Type=search", "url2": "http://www.honobonoasahi.com/" }, "geometry": { "type": "Point", "coordinates": [ 137.3738869, 36.0799164 ] } },
{ "type": "Feature", "properties": { "内容": "グループホームまめなかな【認知症対応型共同生活介護】岐阜県高山市赤保木町1059番地１", "url": "https://www.kaigokensaku.mhlw.go.jp/21/index.php?action_kouhyou_detail_004_kani=true&JigyosyoCd=2192700033-00&ServiceCd=320&Type=search", "url2": "http://www.mamenakana.com" }, "geometry": { "type": "Point", "coordinates": [ 137.22894733809818, 36.160614025518406 ] } },
{ "type": "Feature", "properties": { "内容": "グループホーム　ラルゴ【認知症対応型共同生活介護】岐阜県高山市新宮町700-45グループホーム　ラルゴ", "url": "https://www.kaigokensaku.mhlw.go.jp/21/index.php?action_kouhyou_detail_004_kani=true&JigyosyoCd=2192700223-00&ServiceCd=320&Type=search", "url2": "https://living-largo.com/" }, "geometry": { "type": "Point", "coordinates": [ 137.210816599999987, 36.1337843 ] } },
{ "type": "Feature", "properties": { "内容": "ほのぼの朝日やまだの家【認知症対応型共同生活介護】岐阜県高山市山田町１４５５ー２", "url": "https://www.kaigokensaku.mhlw.go.jp/21/index.php?action_kouhyou_detail_004_kani=true&JigyosyoCd=2192700280-00&ServiceCd=320&Type=search", "url2": "https://www.honobonoasahi.com" }, "geometry": { "type": "Point", "coordinates": [ 137.2300801, 36.141689500000012 ] } },
{ "type": "Feature", "properties": { "内容": "グループホーム　さくらの杜【認知症対応型共同生活介護】岐阜県多治見市上町４丁目４６の７", "url": "https://www.kaigokensaku.mhlw.go.jp/21/index.php?action_kouhyou_detail_004_kani=true&JigyosyoCd=2191100094-00&ServiceCd=320&Type=search", "url2": null }, "geometry": { "type": "Point", "coordinates": [ 137.137306500000022, 35.3375802 ] } },
{ "type": "Feature", "properties": { "内容": "グループホーム「シュアー」【認知症対応型共同生活介護】岐阜県多治見市東栄町１丁目３５番地の１", "url": "https://www.kaigokensaku.mhlw.go.jp/21/index.php?action_kouhyou_detail_004_kani=true&JigyosyoCd=2171100445-00&ServiceCd=320&Type=search", "url2": "https://kaze-sure.com/" }, "geometry": { "type": "Point", "coordinates": [ 137.137097899999958, 35.3531869 ] } },
{ "type": "Feature", "properties": { "内容": "グループホーム　我家我家【認知症対応型共同生活介護】岐阜県多治見市小泉町４－２２８", "url": "https://www.kaigokensaku.mhlw.go.jp/21/index.php?action_kouhyou_detail_004_kani=true&JigyosyoCd=2171100452-00&ServiceCd=320&Type=search", "url2": "http://goodseniorlife.jp/" }, "geometry": { "type": "Point", "coordinates": [ 137.094043423942566, 35.347842670134789 ] } },
{ "type": "Feature", "properties": { "内容": "愛の家グループホーム多治見【認知症対応型共同生活介護】岐阜県多治見市旭ヶ丘７丁目９－１２", "url": "https://www.kaigokensaku.mhlw.go.jp/21/index.php?action_kouhyou_detail_004_kani=true&JigyosyoCd=2171100544-00&ServiceCd=320&Type=search", "url2": "http://www.mcsg.co.jp" }, "geometry": { "type": "Point", "coordinates": [ 137.098184800000013, 35.3667588 ] } },
{ "type": "Feature", "properties": { "内容": "グリーンホームかさはら【認知症対応型共同生活介護】岐阜県多治見市笠原町4406-1", "url": "https://www.kaigokensaku.mhlw.go.jp/21/index.php?action_kouhyou_detail_004_kani=true&JigyosyoCd=2171900067-00&ServiceCd=320&Type=search", "url2": "https://greenhome-kasahara.com/" }, "geometry": { "type": "Point", "coordinates": [ 137.151384761091578, 35.301034339487579 ] } },
{ "type": "Feature", "properties": { "内容": "グループホーム　ホープ【認知症対応型共同生活介護】岐阜県多治見市希望ヶ丘２丁目3番地", "url": "https://www.kaigokensaku.mhlw.go.jp/21/index.php?action_kouhyou_detail_004_kani=true&JigyosyoCd=2191100011-00&ServiceCd=320&Type=search", "url2": null }, "geometry": { "type": "Point", "coordinates": [ 137.120724679762247, 35.371234896985129 ] } },
{ "type": "Feature", "properties": { "内容": "グループホーム花トピア姫【認知症対応型共同生活介護】岐阜県多治見市大針町６７２－２", "url": "https://www.kaigokensaku.mhlw.go.jp/21/index.php?action_kouhyou_detail_004_kani=true&JigyosyoCd=2191100029-00&ServiceCd=320&Type=search", "url2": "www.fujikake-hospital.jp/関連施設/グループホーム花トピア姫/" }, "geometry": { "type": "Point", "coordinates": [ 137.076044799999949, 35.3742546 ] } },
{ "type": "Feature", "properties": { "内容": "グループホーム市之倉ひまわり【認知症対応型共同生活介護】岐阜県多治見市市之倉町13丁目83番地の353", "url": "https://www.kaigokensaku.mhlw.go.jp/21/index.php?action_kouhyou_detail_004_kani=true&JigyosyoCd=2191100052-00&ServiceCd=320&Type=search", "url2": "http://www.fukushi-himawari.co.jp" }, "geometry": { "type": "Point", "coordinates": [ 137.109042589549318, 35.302847859029782 ] } },
{ "type": "Feature", "properties": { "内容": "ニチイケアセンター太平町【認知症対応型共同生活介護】岐阜県多治見市太平町1丁目70-1", "url": "https://www.kaigokensaku.mhlw.go.jp/21/index.php?action_kouhyou_detail_004_kani=true&JigyosyoCd=2191100078-00&ServiceCd=320&Type=search", "url2": "http://www.nichiigakkan.co.jp" }, "geometry": { "type": "Point", "coordinates": [ 137.114389399999936, 35.3330742 ] } },
{ "type": "Feature", "properties": { "内容": "グループホーム　円【認知症対応型共同生活介護】岐阜県多治見市小名田町3丁目89番地", "url": "https://www.kaigokensaku.mhlw.go.jp/21/index.php?action_kouhyou_detail_004_kani=true&JigyosyoCd=2191100086-00&ServiceCd=320&Type=search", "url2": "https://maruwakashouten.co.jp" }, "geometry": { "type": "Point", "coordinates": [ 137.131639800000016, 35.363005 ] } },
{ "type": "Feature", "properties": { "内容": "グループホーム　住ま居る【認知症対応型共同生活介護】岐阜県多治見市笠原町2455-42", "url": "https://www.kaigokensaku.mhlw.go.jp/21/index.php?action_kouhyou_detail_004_kani=true&JigyosyoCd=2191100102-00&ServiceCd=320&Type=search", "url2": "http://www.smile-tajimi.com/" }, "geometry": { "type": "Point", "coordinates": [ 137.166645499999959, 35.317242 ] } },
{ "type": "Feature", "properties": { "内容": "グループホーム住ま居る　記念橋【認知症対応型共同生活介護】岐阜県多治見市新富町1丁目8番地1", "url": "https://www.kaigokensaku.mhlw.go.jp/21/index.php?action_kouhyou_detail_004_kani=true&JigyosyoCd=2191100227-00&ServiceCd=320&Type=search", "url2": "www.smile-tajimi.com" }, "geometry": { "type": "Point", "coordinates": [ 137.134300804968518, 35.336559827779048 ] } },
{ "type": "Feature", "properties": { "内容": "グループホーム京（みやこ）【認知症対応型共同生活介護】岐阜県多治見市京町1-52-2", "url": "https://www.kaigokensaku.mhlw.go.jp/21/index.php?action_kouhyou_detail_004_kani=true&JigyosyoCd=2191100235-00&ServiceCd=320&Type=search", "url2": "https://www.mtec-hp.com/kurarey/" }, "geometry": { "type": "Point", "coordinates": [ 137.127095200000014, 35.3270198 ] } },
{ "type": "Feature", "properties": { "内容": "洞戸グループホーム　天津風【認知症対応型共同生活介護】岐阜県関市洞戸大野８５２－１", "url": "https://www.kaigokensaku.mhlw.go.jp/21/index.php?action_kouhyou_detail_004_kani=true&JigyosyoCd=2170200642-00&ServiceCd=320&Type=search", "url2": "https://www.funacli.jp/amatsukaze/" }, "geometry": { "type": "Point", "coordinates": [ 136.839680212931313, 35.605353553863523 ] } },
{ "type": "Feature", "properties": { "内容": "NPOグループホームだいこんの花【認知症対応型共同生活介護】岐阜県関市西神野605番地1", "url": "https://www.kaigokensaku.mhlw.go.jp/21/index.php?action_kouhyou_detail_004_kani=true&JigyosyoCd=2190200028-00&ServiceCd=320&Type=search", "url2": null }, "geometry": { "type": "Point", "coordinates": [ 136.963448800000037, 35.5277134 ] } },
{ "type": "Feature", "properties": { "内容": "医療法人香徳会　グループホームあさひ【認知症対応型共同生活介護】岐阜県関市平成通２丁目７番－１２号", "url": "https://www.kaigokensaku.mhlw.go.jp/21/index.php?action_kouhyou_detail_004_kani=true&JigyosyoCd=2170200345-00&ServiceCd=320&Type=search", "url2": "http://sekichuo.jp" }, "geometry": { "type": "Point", "coordinates": [ 136.935410600000068, 35.4695024 ] } },
{ "type": "Feature", "properties": { "内容": "グループホームハートフル【認知症対応型共同生活介護】岐阜県関市下有知５３６７番地４", "url": "https://www.kaigokensaku.mhlw.go.jp/21/index.php?action_kouhyou_detail_004_kani=true&JigyosyoCd=2170200485-00&ServiceCd=320&Type=search", "url2": "https://swct.or.jp/swch.html" }, "geometry": { "type": "Point", "coordinates": [ 136.918938799999978, 35.5109415 ] } },
{ "type": "Feature", "properties": { "内容": "グループホームうららびより関【認知症対応型共同生活介護】岐阜県関市倉知1726", "url": "https://www.kaigokensaku.mhlw.go.jp/21/index.php?action_kouhyou_detail_004_kani=true&JigyosyoCd=2170200568-00&ServiceCd=320&Type=search", "url2": "http://www.urarabiyori.com/seki.html" }, "geometry": { "type": "Point", "coordinates": [ 136.87758180000003, 35.483252 ] } },
{ "type": "Feature", "properties": { "内容": "グループホームほほえみごこち【認知症対応型共同生活介護】岐阜県関市稲口８３３番地１", "url": "https://www.kaigokensaku.mhlw.go.jp/21/index.php?action_kouhyou_detail_004_kani=true&JigyosyoCd=2190200036-00&ServiceCd=320&Type=search", "url2": "https://www.hohoemi.or.jp" }, "geometry": { "type": "Point", "coordinates": [ 136.926030800000035, 35.4704467 ] } },
{ "type": "Feature", "properties": { "内容": "グループホームはなえみ【認知症対応型共同生活介護】岐阜県関市巾２丁目１８０番地", "url": "https://www.kaigokensaku.mhlw.go.jp/21/index.php?action_kouhyou_detail_004_kani=true&JigyosyoCd=2190200101-00&ServiceCd=320&Type=search", "url2": null }, "geometry": { "type": "Point", "coordinates": [ 136.888161599999989, 35.4843968 ] } },
{ "type": "Feature", "properties": { "内容": "ほほえみごこち田原【認知症対応型共同生活介護】岐阜県関市西田原958番地", "url": "https://www.kaigokensaku.mhlw.go.jp/21/index.php?action_kouhyou_detail_004_kani=true&JigyosyoCd=2190200127-00&ServiceCd=320&Type=search", "url2": "http://hohoemi.or.jp/" }, "geometry": { "type": "Point", "coordinates": [ 136.944126399999959, 35.4608922 ] } },
{ "type": "Feature", "properties": { "内容": "だいこんの花肥田瀬【認知症対応型共同生活介護】岐阜県関市肥田瀬2719-1", "url": "https://www.kaigokensaku.mhlw.go.jp/21/index.php?action_kouhyou_detail_004_kani=true&JigyosyoCd=2190200143-00&ServiceCd=320&Type=search", "url2": null }, "geometry": { "type": "Point", "coordinates": [ 136.947384417791, 35.475268975151423 ] } },
{ "type": "Feature", "properties": { "内容": "愛の家グループホーム関倉知【認知症対応型共同生活介護】岐阜県関市倉知2999番4", "url": "https://www.kaigokensaku.mhlw.go.jp/21/index.php?action_kouhyou_detail_004_kani=true&JigyosyoCd=2190200150-00&ServiceCd=320&Type=search", "url2": "https://mcs-ainoie.com/search/gifu/sekishi/gh193/" }, "geometry": { "type": "Point", "coordinates": [ 136.898115180950981, 35.463701215734311 ] } },
{ "type": "Feature", "properties": { "内容": "グループホームほほえみ栄町【認知症対応型共同生活介護】岐阜県関市栄町２丁目８番１", "url": "https://www.kaigokensaku.mhlw.go.jp/21/index.php?action_kouhyou_detail_004_kani=true&JigyosyoCd=2190200234-00&ServiceCd=320&Type=search", "url2": "https://www.hohoemi.or.jp" }, "geometry": { "type": "Point", "coordinates": [ 136.9098123, 35.4872721 ] } },
{ "type": "Feature", "properties": { "内容": "グループホーム　むげがわの憩【認知症対応型共同生活介護】岐阜県関市武芸川町八幡419-1", "url": "https://www.kaigokensaku.mhlw.go.jp/21/index.php?action_kouhyou_detail_004_kani=true&JigyosyoCd=2190200291-00&ServiceCd=320&Type=search", "url2": "https://www.frontier-gp.jp/nursing-home-search/detail/mugegawa_gh" }, "geometry": { "type": "Point", "coordinates": [ 136.851807, 35.532617 ] } },
{ "type": "Feature", "properties": { "内容": "グループホーム天津風【認知症対応型共同生活介護】岐阜県関市洞戸大野852-1", "url": "https://www.kaigokensaku.mhlw.go.jp/21/index.php?action_kouhyou_detail_004_kani=true&JigyosyoCd=2190200309-00&ServiceCd=320&Type=search", "url2": "http://miwakai.or.jp" }, "geometry": { "type": "Point", "coordinates": [ 136.8396199, 35.6052302 ] } },
{ "type": "Feature", "properties": { "内容": "グループホームせきの憩【認知症対応型共同生活介護】岐阜県関市岐阜県関市字糠塚4154－1", "url": "https://www.kaigokensaku.mhlw.go.jp/21/index.php?action_kouhyou_detail_004_kani=true&JigyosyoCd=2190200168-00&ServiceCd=320&Type=search", "url2": "https://www.frontier-gp.jp/nursing-home-search/detail/seki_gh" }, "geometry": { "type": "Point", "coordinates": [ 136.912746073466451, 35.511084830838705 ] } },
{ "type": "Feature", "properties": { "内容": "グループホーム　富野の憩【認知症対応型共同生活介護】岐阜県関市西神野605番地の1", "url": "https://www.kaigokensaku.mhlw.go.jp/21/index.php?action_kouhyou_detail_004_kani=true&JigyosyoCd=2190200317-00&ServiceCd=320&Type=search", "url2": "gh.-tomino@frontiernokaigo" }, "geometry": { "type": "Point", "coordinates": [ 136.963479, 35.5277218 ] } },
{ "type": "Feature", "properties": { "内容": "中津川ケアハートガーデン　グループホームなかむらの郷【認知症対応型共同生活介護】岐阜県中津川市中津川３０４２番地３９", "url": "https://www.kaigokensaku.mhlw.go.jp/21/index.php?action_kouhyou_detail_004_kani=true&JigyosyoCd=2191500012-00&ServiceCd=320&Type=search", "url2": "http://www.mdlife.co.jp" }, "geometry": { "type": "Point", "coordinates": [ 137.50433380000004, 35.4883342 ] } },
{ "type": "Feature", "properties": { "内容": "中津川ケアハートガーデン　グループホームてがのの家【認知症対応型共同生活介護】岐阜県中津川市手賀野321番地", "url": "https://www.kaigokensaku.mhlw.go.jp/21/index.php?action_kouhyou_detail_004_kani=true&JigyosyoCd=2191500111-00&ServiceCd=320&Type=search", "url2": "http://www.mdlife.co.jp/" }, "geometry": { "type": "Point", "coordinates": [ 137.495712842119616, 35.483846603833342 ] } },
{ "type": "Feature", "properties": { "内容": "有限会社サラサホーム【認知症対応型共同生活介護】岐阜県中津川市手賀野403-5", "url": "https://www.kaigokensaku.mhlw.go.jp/21/index.php?action_kouhyou_detail_004_kani=true&JigyosyoCd=2171500313-00&ServiceCd=320&Type=search", "url2": "http://salasahome.sakura.ne.jp" }, "geometry": { "type": "Point", "coordinates": [ 137.497684599999957, 35.480393 ] } },
{ "type": "Feature", "properties": { "内容": "有限会社　ケアコスモス　グループホーム　ほのぼの2号館【認知症対応型共同生活介護】岐阜県中津川市福岡3441-1", "url": "https://www.kaigokensaku.mhlw.go.jp/21/index.php?action_kouhyou_detail_004_kani=true&JigyosyoCd=2172000545-00&ServiceCd=320&Type=search", "url2": "https://www.gh-honobono.com" }, "geometry": { "type": "Point", "coordinates": [ 137.448883199999955, 35.5467238 ] } },
{ "type": "Feature", "properties": { "内容": "グループホーム　あんき【認知症対応型共同生活介護】岐阜県中津川市坂下９３１－１", "url": "https://www.kaigokensaku.mhlw.go.jp/21/index.php?action_kouhyou_detail_004_kani=true&JigyosyoCd=2191500046-00&ServiceCd=320&Type=search", "url2": null }, "geometry": { "type": "Point", "coordinates": [ 137.531310399999938, 35.5716493 ] } },
{ "type": "Feature", "properties": { "内容": "グループホームいこい【認知症対応型共同生活介護】岐阜県中津川市瀬戸536-2", "url": "https://www.kaigokensaku.mhlw.go.jp/21/index.php?action_kouhyou_detail_004_kani=true&JigyosyoCd=2191500053-00&ServiceCd=320&Type=search", "url2": "http://www.gh-ikoi.org/" }, "geometry": { "type": "Point", "coordinates": [ 137.527742399999966, 35.5264826 ] } },
{ "type": "Feature", "properties": { "内容": "ニチイケアセンター坂本【認知症対応型共同生活介護】岐阜県中津川市茄子川字坂本1499-33", "url": "https://www.kaigokensaku.mhlw.go.jp/21/index.php?action_kouhyou_detail_004_kani=true&JigyosyoCd=2191500061-00&ServiceCd=320&Type=search", "url2": "http://www.nichiigakkan.co.jp" }, "geometry": { "type": "Point", "coordinates": [ 137.45515464159601, 35.470831801054814 ] } },
{ "type": "Feature", "properties": { "内容": "グループホームしくらめん【認知症対応型共同生活介護】岐阜県中津川市阿木2811番地1", "url": "https://www.kaigokensaku.mhlw.go.jp/21/index.php?action_kouhyou_detail_004_kani=true&JigyosyoCd=2191500129-00&ServiceCd=320&Type=search", "url2": "http://www.cyclamen.or.jp/" }, "geometry": { "type": "Point", "coordinates": [ 137.447185900000022, 35.4092996 ] } },
{ "type": "Feature", "properties": { "内容": "グループホーム恵寿【認知症対応型共同生活介護】岐阜県中津川市中津川950-25", "url": "https://www.kaigokensaku.mhlw.go.jp/21/index.php?action_kouhyou_detail_004_kani=true&JigyosyoCd=2191500145-00&ServiceCd=320&Type=search", "url2": "http://www.keijyu-nc.com" }, "geometry": { "type": "Point", "coordinates": [ 137.527012099999979, 35.5014335 ] } },
{ "type": "Feature", "properties": { "内容": "サンシャインプレミアム中津川グループホーム【認知症対応型共同生活介護】岐阜県中津川市駒場1666-3965", "url": "https://www.kaigokensaku.mhlw.go.jp/21/index.php?action_kouhyou_detail_004_kani=true&JigyosyoCd=2191500194-00&ServiceCd=320&Type=search", "url2": "http://www.sunshinelife.co.jp" }, "geometry": { "type": "Point", "coordinates": [ 137.467776975385334, 35.50224583793937 ] } },
{ "type": "Feature", "properties": { "内容": "けあビジョンホーム　中津川【認知症対応型共同生活介護】岐阜県中津川市中津川907番39", "url": "https://www.kaigokensaku.mhlw.go.jp/21/index.php?action_kouhyou_detail_004_kani=true&JigyosyoCd=2191500244-00&ServiceCd=320&Type=search", "url2": null }, "geometry": { "type": "Point", "coordinates": [ 137.522766348403024, 35.499017540996206 ] } },
{ "type": "Feature", "properties": { "内容": "けあビジョンホーム中津川北【認知症対応型共同生活介護】岐阜県中津川市下野５２９番２", "url": "https://www.kaigokensaku.mhlw.go.jp/21/index.php?action_kouhyou_detail_004_kani=true&JigyosyoCd=2191500251-00&ServiceCd=320&Type=search", "url2": null }, "geometry": { "type": "Point", "coordinates": [ 137.459574849091155, 35.582298500161563 ] } },
{ "type": "Feature", "properties": { "内容": "中津川ケアハートガーデン　グループホームてがのの家【認知症対応型共同生活介護】岐阜県中津川市手賀野321番地", "url": "https://www.kaigokensaku.mhlw.go.jp/21/index.php?action_kouhyou_detail_004_kani=true&JigyosyoCd=2191500285-00&ServiceCd=320&Type=search", "url2": "https://www.careheart-garden.com/" }, "geometry": { "type": "Point", "coordinates": [ 137.495947300000012, 35.4837734 ] } },
{ "type": "Feature", "properties": { "内容": "中津川ケアハートガーデン　グループホームなかむらの郷【認知症対応型共同生活介護】岐阜県中津川市中津川３０４２番地３９", "url": "https://www.kaigokensaku.mhlw.go.jp/21/index.php?action_kouhyou_detail_004_kani=true&JigyosyoCd=2191500277-00&ServiceCd=320&Type=search", "url2": "https://www.careheart-garden.com/" }, "geometry": { "type": "Point", "coordinates": [ 137.5044555, 35.4882556 ] } },
{ "type": "Feature", "properties": { "内容": "グループホーム恵寿弐番館【認知症対応型共同生活介護】岐阜県中津川市苗木並松4618-96", "url": "https://www.kaigokensaku.mhlw.go.jp/21/index.php?action_kouhyou_detail_004_kani=true&JigyosyoCd=2191500160-00&ServiceCd=320&Type=search", "url2": "http://www.keijyu-nc.com" }, "geometry": { "type": "Point", "coordinates": [ 137.45677258288049, 35.529544158225711 ] } },
{ "type": "Feature", "properties": { "内容": "グループホームみのがみの杜【認知症対応型共同生活介護】岐阜県美濃市上野２－２", "url": "https://www.kaigokensaku.mhlw.go.jp/21/index.php?action_kouhyou_detail_004_kani=true&JigyosyoCd=2190300059-00&ServiceCd=320&Type=search", "url2": "https://www.minogami.or.jp/pages/3/" }, "geometry": { "type": "Point", "coordinates": [ 136.86113, 35.5857355 ] } },
{ "type": "Feature", "properties": { "内容": "グループホーム白梅華苑　みの　桃の香【認知症対応型共同生活介護】岐阜県美濃市もみじが丘2-45", "url": "https://www.kaigokensaku.mhlw.go.jp/21/index.php?action_kouhyou_detail_004_kani=true&JigyosyoCd=2190300067-00&ServiceCd=320&Type=search", "url2": "https://happy-end-gift.com/" }, "geometry": { "type": "Point", "coordinates": [ 136.879843099999988, 35.5308809 ] } },
{ "type": "Feature", "properties": { "内容": "愛の家グループホーム美濃【認知症対応型共同生活介護】岐阜県美濃市松栄町３－３２", "url": "https://www.kaigokensaku.mhlw.go.jp/21/index.php?action_kouhyou_detail_004_kani=true&JigyosyoCd=2190300018-00&ServiceCd=320&Type=search", "url2": "http://mcs-ainoie.com/ins75.html" }, "geometry": { "type": "Point", "coordinates": [ 136.911400599999979, 35.531902 ] } },
{ "type": "Feature", "properties": { "内容": "グループホームみずなみの憩【認知症対応型共同生活介護】岐阜県瑞浪市西小田町４丁目６９番地", "url": "https://www.kaigokensaku.mhlw.go.jp/21/index.php?action_kouhyou_detail_004_kani=true&JigyosyoCd=2191600101-00&ServiceCd=320&Type=search", "url2": "http://www.frontier-gp.jp" }, "geometry": { "type": "Point", "coordinates": [ 137.2303537, 35.3591808 ] } },
{ "type": "Feature", "properties": { "内容": "たけのこし【認知症対応型共同生活介護】岐阜県瑞浪市薬師町二丁目５２番地", "url": "https://www.kaigokensaku.mhlw.go.jp/21/index.php?action_kouhyou_detail_004_kani=true&JigyosyoCd=2171600253-00&ServiceCd=320&Type=search", "url2": null }, "geometry": { "type": "Point", "coordinates": [ 137.23347024788518, 35.363388051979065 ] } },
{ "type": "Feature", "properties": { "内容": "グループホームささゆり【認知症対応型共同生活介護】岐阜県瑞浪市南小田町3丁目300番地グループホーム　ささゆり", "url": "https://www.kaigokensaku.mhlw.go.jp/21/index.php?action_kouhyou_detail_004_kani=true&JigyosyoCd=2171600287-00&ServiceCd=320&Type=search", "url2": null }, "geometry": { "type": "Point", "coordinates": [ 137.240642485240528, 35.358787912151861 ] } },
{ "type": "Feature", "properties": { "内容": "愛の家グループホームみずなみ【認知症対応型共同生活介護】岐阜県瑞浪市西小田町3-122", "url": "https://www.kaigokensaku.mhlw.go.jp/21/index.php?action_kouhyou_detail_004_kani=true&JigyosyoCd=2191600010-00&ServiceCd=320&Type=search", "url2": "http://www.mcsg.co.jp/" }, "geometry": { "type": "Point", "coordinates": [ 137.236763399999973, 35.3603037 ] } },
{ "type": "Feature", "properties": { "内容": "アイランドジー・アイ小田グループホーム【認知症対応型共同生活介護】岐阜県瑞浪市北小田町２丁目２８５番地", "url": "https://www.kaigokensaku.mhlw.go.jp/21/index.php?action_kouhyou_detail_004_kani=true&JigyosyoCd=2191600036-00&ServiceCd=320&Type=search", "url2": "http://gi-kaigo.co.jp" }, "geometry": { "type": "Point", "coordinates": [ 137.244362599999931, 35.3598512 ] } },
{ "type": "Feature", "properties": { "内容": "グループホーム夢家族・正木【認知症対応型共同生活介護】岐阜県羽島市正木町新井４町目９４５番地", "url": "https://www.kaigokensaku.mhlw.go.jp/21/index.php?action_kouhyou_detail_004_kani=true&JigyosyoCd=2170400465-00&ServiceCd=320&Type=search", "url2": "http://yumekazoku.co.jp" }, "geometry": { "type": "Point", "coordinates": [ 136.720348421931817, 35.314241459192189 ] } },
{ "type": "Feature", "properties": { "内容": "グループホーム夢家族・丸の内【認知症対応型共同生活介護】岐阜県羽島市竹鼻町丸の内10丁目31番地", "url": "https://www.kaigokensaku.mhlw.go.jp/21/index.php?action_kouhyou_detail_004_kani=true&JigyosyoCd=2170400481-00&ServiceCd=320&Type=search", "url2": "http://yumekazoku.co.jp" }, "geometry": { "type": "Point", "coordinates": [ 136.693162912550378, 35.328830892056146 ] } },
{ "type": "Feature", "properties": { "内容": "グループホーム夢家族・三ッ柳【認知症対応型共同生活介護】岐阜県羽島市正木町三ツ柳２丁野１８４番地", "url": "https://www.kaigokensaku.mhlw.go.jp/21/index.php?action_kouhyou_detail_004_kani=true&JigyosyoCd=2170400499-00&ServiceCd=320&Type=search", "url2": "http://yumekazoku.co.jp" }, "geometry": { "type": "Point", "coordinates": [ 136.722363798503125, 35.312809672565194 ] } },
{ "type": "Feature", "properties": { "内容": "グループホーム　わおん【認知症対応型共同生活介護】岐阜県羽島市上中町中７０８－１番地", "url": "https://www.kaigokensaku.mhlw.go.jp/21/index.php?action_kouhyou_detail_004_kani=true&JigyosyoCd=2170400515-00&ServiceCd=320&Type=search", "url2": "http://www.waonnoie.com/" }, "geometry": { "type": "Point", "coordinates": [ 136.703151494056669, 35.29864948355776 ] } },
{ "type": "Feature", "properties": { "内容": "ロングステイホーム　ぬくもり【認知症対応型共同生活介護】岐阜県羽島市竹鼻町新町2504番地1", "url": "https://www.kaigokensaku.mhlw.go.jp/21/index.php?action_kouhyou_detail_004_kani=true&JigyosyoCd=2170400523-00&ServiceCd=320&Type=search", "url2": "https://www.nuku-mori.net/" }, "geometry": { "type": "Point", "coordinates": [ 136.703081282803396, 35.325313286141558 ] } },
{ "type": "Feature", "properties": { "内容": "グループホームすずらん（幸せの再来）【認知症対応型共同生活介護】岐阜県羽島市正木町不破一色305番地", "url": "https://www.kaigokensaku.mhlw.go.jp/21/index.php?action_kouhyou_detail_004_kani=true&JigyosyoCd=2170400564-00&ServiceCd=320&Type=search", "url2": "https://sunshine-hashima.com" }, "geometry": { "type": "Point", "coordinates": [ 136.723405, 35.3319036 ] } },
{ "type": "Feature", "properties": { "内容": "サロン・ド・フレール羽島【認知症対応型共同生活介護】岐阜県羽島市竹鼻町丸の内9丁目53番地", "url": "https://www.kaigokensaku.mhlw.go.jp/21/index.php?action_kouhyou_detail_004_kani=true&JigyosyoCd=2170400598-00&ServiceCd=320&Type=search", "url2": "http;//www.estate15.com" }, "geometry": { "type": "Point", "coordinates": [ 136.695005900000069, 35.327434 ] } },
{ "type": "Feature", "properties": { "内容": "グループホームジョイ【認知症対応型共同生活介護】岐阜県羽島市堀津町横手1-36", "url": "https://www.kaigokensaku.mhlw.go.jp/21/index.php?action_kouhyou_detail_004_kani=true&JigyosyoCd=2170400671-00&ServiceCd=320&Type=search", "url2": null }, "geometry": { "type": "Point", "coordinates": [ 136.674476200000015, 35.310558500000035 ] } },
{ "type": "Feature", "properties": { "内容": "愛の家グループホーム岐阜羽島【認知症対応型共同生活介護】岐阜県羽島市足近町6丁目66番地", "url": "https://www.kaigokensaku.mhlw.go.jp/21/index.php?action_kouhyou_detail_004_kani=true&JigyosyoCd=2170400697-00&ServiceCd=320&Type=search", "url2": "http://mcs-ainoie.com/ins40.html" }, "geometry": { "type": "Point", "coordinates": [ 136.728687700000023, 35.3518069 ] } },
{ "type": "Feature", "properties": { "内容": "グループホームママーズの家【認知症対応型共同生活介護】岐阜県羽島市竹鼻町駒塚１０４３", "url": "https://www.kaigokensaku.mhlw.go.jp/21/index.php?action_kouhyou_detail_004_kani=true&JigyosyoCd=2190400016-00&ServiceCd=320&Type=search", "url2": "http://www.hashimakikaku.com" }, "geometry": { "type": "Point", "coordinates": [ 136.716833899999983, 35.3014675 ] } },
{ "type": "Feature", "properties": { "内容": "愛の家グループホームたけはな【認知症対応型共同生活介護】岐阜県羽島市竹鼻町狐穴1831-1", "url": "https://www.kaigokensaku.mhlw.go.jp/21/index.php?action_kouhyou_detail_004_kani=true&JigyosyoCd=2190400032-00&ServiceCd=320&Type=search", "url2": "https://mcs-ainoie.com/search/gifu/hashimashi/gh076/" }, "geometry": { "type": "Point", "coordinates": [ 136.703063400000019, 35.314505 ] } },
{ "type": "Feature", "properties": { "内容": "グループホーム　すまいる水谷【認知症対応型共同生活介護】岐阜県羽島市下中町市之枝２丁目４０1番地", "url": "https://www.kaigokensaku.mhlw.go.jp/21/index.php?action_kouhyou_detail_004_kani=true&JigyosyoCd=2170400648-00&ServiceCd=320&Type=search", "url2": null }, "geometry": { "type": "Point", "coordinates": [ 136.696877582803381, 35.28836838186534 ] } },
{ "type": "Feature", "properties": { "内容": "ＮＰＯ法人グループホーム幸の里【認知症対応型共同生活介護】岐阜県羽島市下中町城屋敷579の1", "url": "https://www.kaigokensaku.mhlw.go.jp/21/index.php?action_kouhyou_detail_004_kani=true&JigyosyoCd=2170400606-00&ServiceCd=320&Type=search", "url2": "https://kadowaki19932017.wixsite.com/kounosato" }, "geometry": { "type": "Point", "coordinates": [ 136.7079218, 35.2897967 ] } },
{ "type": "Feature", "properties": { "内容": "グループホームめぐみ【認知症対応型共同生活介護】岐阜県恵那市長島町中野１228番地の361", "url": "https://www.kaigokensaku.mhlw.go.jp/21/index.php?action_kouhyou_detail_004_kani=true&JigyosyoCd=2171700103-00&ServiceCd=320&Type=search", "url2": null }, "geometry": { "type": "Point", "coordinates": [ 137.385674599999987, 35.4528152 ] } },
{ "type": "Feature", "properties": { "内容": "グループホーム　花の木【認知症対応型共同生活介護】岐阜県恵那市大井町２７０９－７２", "url": "https://www.kaigokensaku.mhlw.go.jp/21/index.php?action_kouhyou_detail_004_kani=true&JigyosyoCd=2171700509-00&ServiceCd=320&Type=search", "url2": "http://www.keiwakai.or.jp" }, "geometry": { "type": "Point", "coordinates": [ 137.403853499999968, 35.4754939 ] } },
{ "type": "Feature", "properties": { "内容": "グループホーム　くわのみ【認知症対応型共同生活介護】岐阜県恵那市岩村町飯羽間1621番地6", "url": "https://www.kaigokensaku.mhlw.go.jp/21/index.php?action_kouhyou_detail_004_kani=true&JigyosyoCd=2171700525-00&ServiceCd=320&Type=search", "url2": "http://www.kuwanomi-ena.co.jp" }, "geometry": { "type": "Point", "coordinates": [ 137.429195700000037, 35.379451900000014 ] } },
{ "type": "Feature", "properties": { "内容": "グループホーム　恵那苑【認知症対応型共同生活介護】岐阜県恵那市大井町丸池２７１４ー５４９", "url": "https://www.kaigokensaku.mhlw.go.jp/21/index.php?action_kouhyou_detail_004_kani=true&JigyosyoCd=2191700018-00&ServiceCd=320&Type=search", "url2": null }, "geometry": { "type": "Point", "coordinates": [ 137.393051399969522, 35.475657997322955 ] } },
{ "type": "Feature", "properties": { "内容": "グループホーム中野方めぐみ【認知症対応型共同生活介護】岐阜県恵那市中野方町3564番地３", "url": "https://www.kaigokensaku.mhlw.go.jp/21/index.php?action_kouhyou_detail_004_kani=true&JigyosyoCd=2191700026-00&ServiceCd=320&Type=search", "url2": "https://enacity.info/megumi/ghnam.html" }, "geometry": { "type": "Point", "coordinates": [ 137.319168799999943, 35.5261338 ] } },
{ "type": "Feature", "properties": { "内容": "グループホームいわむらの憩【認知症対応型共同生活介護】岐阜県恵那市岩村町730番地２", "url": "https://www.kaigokensaku.mhlw.go.jp/21/index.php?action_kouhyou_detail_004_kani=true&JigyosyoCd=2191700109-00&ServiceCd=320&Type=search", "url2": "http://www.frontier-gp.jp" }, "geometry": { "type": "Point", "coordinates": [ 137.43899220000003, 35.3644732 ] } },
{ "type": "Feature", "properties": { "内容": "グループホーム楓【認知症対応型共同生活介護】岐阜県恵那市三郷町野井亀ヶ沢1736-244グループホーム楓", "url": "https://www.kaigokensaku.mhlw.go.jp/21/index.php?action_kouhyou_detail_004_kani=true&JigyosyoCd=2191700117-00&ServiceCd=320&Type=search", "url2": "https://www.alive-gh.com" }, "geometry": { "type": "Point", "coordinates": [ 137.370548246998567, 35.42249370319071 ] } },
{ "type": "Feature", "properties": { "内容": "グループホーム　万年青【認知症対応型共同生活介護】岐阜県恵那市大井町　2709番地87", "url": "https://www.kaigokensaku.mhlw.go.jp/21/index.php?action_kouhyou_detail_004_kani=true&JigyosyoCd=2191700133-00&ServiceCd=320&Type=search", "url2": "http://www.keiwakai.or.jp" }, "geometry": { "type": "Point", "coordinates": [ 137.403475800000024, 35.4784296 ] } },
{ "type": "Feature", "properties": { "内容": "グループホーム椿【認知症対応型共同生活介護】岐阜県恵那市山岡町下手向1620-2", "url": "https://www.kaigokensaku.mhlw.go.jp/21/index.php?action_kouhyou_detail_004_kani=true&JigyosyoCd=2191700158-00&ServiceCd=320&Type=search", "url2": "https://www.alive-gh.com/" }, "geometry": { "type": "Point", "coordinates": [ 137.374084298425231, 35.34804195285691 ] } },
{ "type": "Feature", "properties": { "内容": "グループホームきらみの憩【認知症対応型共同生活介護】岐阜県恵那市明智町吉良見472-23", "url": "https://www.kaigokensaku.mhlw.go.jp/21/index.php?action_kouhyou_detail_004_kani=true&JigyosyoCd=2191700216-00&ServiceCd=320&Type=search", "url2": "https://www.frontier-gp.jp/nursing-home-search/detail/kirami_gh" }, "geometry": { "type": "Point", "coordinates": [ 137.355319099999946, 35.306547 ] } },
{ "type": "Feature", "properties": { "内容": "グループホームおひさま【認知症対応型共同生活介護】岐阜県恵那市大井町2372番地6", "url": "https://www.kaigokensaku.mhlw.go.jp/21/index.php?action_kouhyou_detail_004_kani=true&JigyosyoCd=2191700257-00&ServiceCd=320&Type=search", "url2": null }, "geometry": { "type": "Point", "coordinates": [ 137.4331467, 35.4670128 ] } },
{ "type": "Feature", "properties": { "内容": "さわやかグループホームみのかも【認知症対応型共同生活介護】岐阜県美濃加茂市下米田町東栃井　66－1", "url": "https://www.kaigokensaku.mhlw.go.jp/21/index.php?action_kouhyou_detail_004_kani=true&JigyosyoCd=2171200278-00&ServiceCd=320&Type=search", "url2": "http://www.jikeikai-sawayaka.jp" }, "geometry": { "type": "Point", "coordinates": [ 137.0664643, 35.4764881 ] } },
{ "type": "Feature", "properties": { "内容": "グループホームぬくもりの里かもの【認知症対応型共同生活介護】岐阜県美濃加茂市加茂野町鷹之巣2239番地", "url": "https://www.kaigokensaku.mhlw.go.jp/21/index.php?action_kouhyou_detail_004_kani=true&JigyosyoCd=2171200302-00&ServiceCd=320&Type=search", "url2": null }, "geometry": { "type": "Point", "coordinates": [ 136.966552500000034, 35.4685476 ] } },
{ "type": "Feature", "properties": { "内容": "さわやかグループホーム本郷【認知症対応型共同生活介護】岐阜県美濃加茂市本郷町3丁目20-15", "url": "https://www.kaigokensaku.mhlw.go.jp/21/index.php?action_kouhyou_detail_004_kani=true&JigyosyoCd=2171200344-00&ServiceCd=320&Type=search", "url2": "https://www.jikeikai-sawayaka.jp/facility/detail.php?id=14" }, "geometry": { "type": "Point", "coordinates": [ 137.0344735, 35.4501202 ] } },
{ "type": "Feature", "properties": { "内容": "グループホーム助一みのかも【認知症対応型共同生活介護】岐阜県美濃加茂市森山町５丁目２３番３号", "url": "https://www.kaigokensaku.mhlw.go.jp/21/index.php?action_kouhyou_detail_004_kani=true&JigyosyoCd=2171200393-00&ServiceCd=320&Type=search", "url2": null }, "geometry": { "type": "Point", "coordinates": [ 137.043486199999961, 35.4617836 ] } },
{ "type": "Feature", "properties": { "内容": "グループホーム百々　美濃加茂【認知症対応型共同生活介護】岐阜県美濃加茂市加茂野町今泉６０５番地", "url": "https://www.kaigokensaku.mhlw.go.jp/21/index.php?action_kouhyou_detail_004_kani=true&JigyosyoCd=2191200019-00&ServiceCd=320&Type=search", "url2": "https://g-momo.co.jp/" }, "geometry": { "type": "Point", "coordinates": [ 136.9754213, 35.462996 ] } },
{ "type": "Feature", "properties": { "内容": "グループホームみのかもの憩【認知症対応型共同生活介護】岐阜県美濃加茂市西町7丁目101番地2", "url": "https://www.kaigokensaku.mhlw.go.jp/21/index.php?action_kouhyou_detail_004_kani=true&JigyosyoCd=2191200035-00&ServiceCd=320&Type=search", "url2": "https://www.frontier-gp.jp/nursing-home-search/detail/minokamo_gh" }, "geometry": { "type": "Point", "coordinates": [ 136.9999091, 35.4517547 ] } },
{ "type": "Feature", "properties": { "内容": "グループホーム「和居和居」【認知症対応型共同生活介護】岐阜県土岐市泉町大富174", "url": "https://www.kaigokensaku.mhlw.go.jp/21/index.php?action_kouhyou_detail_004_kani=true&JigyosyoCd=2171800259-00&ServiceCd=320&Type=search", "url2": "http://goodseniorlife.jp" }, "geometry": { "type": "Point", "coordinates": [ 137.19303119999995, 35.3640686 ] } },
{ "type": "Feature", "properties": { "内容": "グループホーム　小春日和【認知症対応型共同生活介護】岐阜県土岐市泉町河合217番地", "url": "https://www.kaigokensaku.mhlw.go.jp/21/index.php?action_kouhyou_detail_004_kani=true&JigyosyoCd=2171800408-00&ServiceCd=320&Type=search", "url2": "http://koharu-biyori.jp/" }, "geometry": { "type": "Point", "coordinates": [ 137.212807099999964, 35.3666939 ] } },
{ "type": "Feature", "properties": { "内容": "土岐ケアセンターそよ風【認知症対応型共同生活介護】岐阜県土岐市肥田浅野元町２－２４", "url": "https://www.kaigokensaku.mhlw.go.jp/21/index.php?action_kouhyou_detail_004_kani=true&JigyosyoCd=2191800016-00&ServiceCd=320&Type=search", "url2": "http://www.unimat-rc.co.jp/" }, "geometry": { "type": "Point", "coordinates": [ 137.200929133135219, 35.362421289207603 ] } },
{ "type": "Feature", "properties": { "内容": "妻木グループホーム【認知症対応型共同生活介護】岐阜県土岐市妻木町４５０の１番地", "url": "https://www.kaigokensaku.mhlw.go.jp/21/index.php?action_kouhyou_detail_004_kani=true&JigyosyoCd=2191800024-00&ServiceCd=320&Type=search", "url2": "https://maruwakashouten.co.jp/" }, "geometry": { "type": "Point", "coordinates": [ 137.189887900000031, 35.3036693 ] } },
{ "type": "Feature", "properties": { "内容": "グループホーム小春日和第2【認知症対応型共同生活介護】岐阜県土岐市泉町河合1037-4", "url": "https://www.kaigokensaku.mhlw.go.jp/21/index.php?action_kouhyou_detail_004_kani=true&JigyosyoCd=2191800032-00&ServiceCd=320&Type=search", "url2": "http://koharu-biyori.jp/" }, "geometry": { "type": "Point", "coordinates": [ 137.211290735582054, 35.367803367633144 ] } },
{ "type": "Feature", "properties": { "内容": "愛の家グループホーム土岐河合【認知症対応型共同生活介護】岐阜県土岐市泉町河合５６０－２", "url": "https://www.kaigokensaku.mhlw.go.jp/21/index.php?action_kouhyou_detail_004_kani=true&JigyosyoCd=2191800040-00&ServiceCd=320&Type=search", "url2": "https://mcs-ainoie.com/gh232.html" }, "geometry": { "type": "Point", "coordinates": [ 137.203072, 35.3636634 ] } },
{ "type": "Feature", "properties": { "内容": "ぐるーぷほーむすまいる　とき【認知症対応型共同生活介護】岐阜県土岐市泉町定林寺962-76", "url": "https://www.kaigokensaku.mhlw.go.jp/21/index.php?action_kouhyou_detail_004_kani=true&JigyosyoCd=2191880091-00&ServiceCd=320&Type=search", "url2": null }, "geometry": { "type": "Point", "coordinates": [ 137.194161906745904, 35.382150668273539 ] } },
{ "type": "Feature", "properties": { "内容": "グループホーム　トリア吉野町【認知症対応型共同生活介護】岐阜県各務原市蘇原吉野町３丁目４３番１", "url": "https://www.kaigokensaku.mhlw.go.jp/21/index.php?action_kouhyou_detail_004_kani=true&JigyosyoCd=2190500302-00&ServiceCd=320&Type=search", "url2": null }, "geometry": { "type": "Point", "coordinates": [ 136.857628261230161, 35.414360361725095 ] } },
{ "type": "Feature", "properties": { "内容": "グループホームトリア希望町【認知症対応型共同生活介護】岐阜県各務原市蘇原希望町1-1-1", "url": "https://www.kaigokensaku.mhlw.go.jp/21/index.php?action_kouhyou_detail_004_kani=true&JigyosyoCd=2190500229-00&ServiceCd=320&Type=search", "url2": null }, "geometry": { "type": "Point", "coordinates": [ 136.855118800000014, 35.4033073 ] } },
{ "type": "Feature", "properties": { "内容": "グループホームやすらぎ【認知症対応型共同生活介護】岐阜県各務原市蘇原旭町１－８９", "url": "https://www.kaigokensaku.mhlw.go.jp/21/index.php?action_kouhyou_detail_004_kani=true&JigyosyoCd=2170500389-00&ServiceCd=320&Type=search", "url2": null }, "geometry": { "type": "Point", "coordinates": [ 136.865698400000042, 35.4037801 ] } },
{ "type": "Feature", "properties": { "内容": "グループホームハートいなば【認知症対応型共同生活介護】岐阜県各務原市大野町2-224-1", "url": "https://www.kaigokensaku.mhlw.go.jp/21/index.php?action_kouhyou_detail_004_kani=true&JigyosyoCd=2170500397-00&ServiceCd=320&Type=search", "url2": "http://www.heartlife-gifu.co.jp" }, "geometry": { "type": "Point", "coordinates": [ 136.818620900000042, 35.3878401 ] } },
{ "type": "Feature", "properties": { "内容": "グループホームゆず【認知症対応型共同生活介護】岐阜県各務原市那加西市場町５丁目１２０番地", "url": "https://www.kaigokensaku.mhlw.go.jp/21/index.php?action_kouhyou_detail_004_kani=true&JigyosyoCd=2170500645-00&ServiceCd=320&Type=search", "url2": null }, "geometry": { "type": "Point", "coordinates": [ 136.828257482864359, 35.413595257661598 ] } },
{ "type": "Feature", "properties": { "内容": "グループホーム　サニーテラス【認知症対応型共同生活介護】岐阜県各務原市鵜沼各務原町9丁目204番地3", "url": "https://www.kaigokensaku.mhlw.go.jp/21/index.php?action_kouhyou_detail_004_kani=true&JigyosyoCd=2170500769-00&ServiceCd=320&Type=search", "url2": "http://www.phoenix-g.jp" }, "geometry": { "type": "Point", "coordinates": [ 136.911511099999984, 35.3963652 ] } },
{ "type": "Feature", "properties": { "内容": "グループホーム菜の花【認知症対応型共同生活介護】岐阜県各務原市鵜沼東町6-8-1", "url": "https://www.kaigokensaku.mhlw.go.jp/21/index.php?action_kouhyou_detail_004_kani=true&JigyosyoCd=2170500819-00&ServiceCd=320&Type=search", "url2": "http://www.seidoukai.or.jp/" }, "geometry": { "type": "Point", "coordinates": [ 136.942919806745977, 35.401710765945509 ] } },
{ "type": "Feature", "properties": { "内容": "医療法人　聡仁会　グループホームさかい【認知症対応型共同生活介護】岐阜県各務原市蘇原沢上町２丁目４３番地", "url": "https://www.kaigokensaku.mhlw.go.jp/21/index.php?action_kouhyou_detail_004_kani=true&JigyosyoCd=2170500959-00&ServiceCd=320&Type=search", "url2": "https://sakaicl.com/" }, "geometry": { "type": "Point", "coordinates": [ 136.8616015, 35.4049658 ] } },
{ "type": "Feature", "properties": { "内容": "愛の家グループホームおがせ【認知症対応型共同生活介護】岐阜県各務原市各務西町2丁目201番地", "url": "https://www.kaigokensaku.mhlw.go.jp/21/index.php?action_kouhyou_detail_004_kani=true&JigyosyoCd=2190500039-00&ServiceCd=320&Type=search", "url2": "http://www.mcsg.co.jp" }, "geometry": { "type": "Point", "coordinates": [ 136.8943342, 35.418221 ] } },
{ "type": "Feature", "properties": { "内容": "愛の家グループホーム各務原三井町【認知症対応型共同生活介護】岐阜県各務原市三井町2丁目12番地", "url": "https://www.kaigokensaku.mhlw.go.jp/21/index.php?action_kouhyou_detail_004_kani=true&JigyosyoCd=2190500047-00&ServiceCd=320&Type=search", "url2": "http://mcs-ainoie.com/ins72.html" }, "geometry": { "type": "Point", "coordinates": [ 136.8346355, 35.3932227 ] } },
{ "type": "Feature", "properties": { "内容": "グループホーム百々各務原【認知症対応型共同生活介護】岐阜県各務原市那加桐野町7丁目44番1", "url": "https://www.kaigokensaku.mhlw.go.jp/21/index.php?action_kouhyou_detail_004_kani=true&JigyosyoCd=2190500153-00&ServiceCd=320&Type=search", "url2": "http://g-momo.co.jp" }, "geometry": { "type": "Point", "coordinates": [ 136.818425499999989, 35.4174333 ] } },
{ "type": "Feature", "properties": { "内容": "ﾒﾃﾞｨｶﾙ･ｹｱ･ｻｰﾋﾞｽ東海株式会社愛の家ｸﾞﾙｰﾌﾟﾎｰﾑ各務原前洞新町【認知症対応型共同生活介護】岐阜県各務原市那加前洞新町3丁目3番地", "url": "https://www.kaigokensaku.mhlw.go.jp/21/index.php?action_kouhyou_detail_004_kani=true&JigyosyoCd=2190500187-00&ServiceCd=320&Type=search", "url2": "http://www.mcsg.co.jp" }, "geometry": { "type": "Point", "coordinates": [ 136.8385707, 35.4062847 ] } },
{ "type": "Feature", "properties": { "内容": "愛の家グループホーム各務原鵜沼朝日【認知症対応型共同生活介護】岐阜県各務原市鵜沼朝日町3丁目154番地", "url": "https://www.kaigokensaku.mhlw.go.jp/21/index.php?action_kouhyou_detail_004_kani=true&JigyosyoCd=2190500211-00&ServiceCd=320&Type=search", "url2": "https://mcs-ainoie.com/gh214.html" }, "geometry": { "type": "Point", "coordinates": [ 136.900317680009465, 35.386493904866498 ] } },
{ "type": "Feature", "properties": { "内容": "グループホーム笑顔いちばん各務原【認知症対応型共同生活介護】岐阜県各務原市蘇原新栄町3-6グループホーム笑顔いちばん各務原", "url": "https://www.kaigokensaku.mhlw.go.jp/21/index.php?action_kouhyou_detail_004_kani=true&JigyosyoCd=2190500328-00&ServiceCd=320&Type=search", "url2": "http://gh-egao1ban.jp/" }, "geometry": { "type": "Point", "coordinates": [ 136.868286916894135, 35.409509981653549 ] } },
{ "type": "Feature", "properties": { "内容": "グループホーム　ジョイフル新那加【認知症対応型共同生活介護】岐阜県各務原市那加新那加28-2", "url": "https://www.kaigokensaku.mhlw.go.jp/21/index.php?action_kouhyou_detail_004_kani=true&JigyosyoCd=2190500419-00&ServiceCd=320&Type=search", "url2": "https://sun-vision.or.jp/" }, "geometry": { "type": "Point", "coordinates": [ 136.832846099999983, 35.3998798 ] } },
{ "type": "Feature", "properties": { "内容": "グループホームジョイフル各務原【認知症対応型共同生活介護】岐阜県各務原市鵜沼小伊木町3-170-1", "url": "https://www.kaigokensaku.mhlw.go.jp/21/index.php?action_kouhyou_detail_004_kani=true&JigyosyoCd=2190500427-00&ServiceCd=320&Type=search", "url2": "https://sun-vision.or.jp/" }, "geometry": { "type": "Point", "coordinates": [ 136.923102200000017, 35.3887208 ] } },
{ "type": "Feature", "properties": { "内容": "グループホームひだまり【認知症対応型共同生活介護】岐阜県各務原市鵜沼各務原町9丁目204番地4", "url": "https://www.kaigokensaku.mhlw.go.jp/21/index.php?action_kouhyou_detail_004_kani=true&JigyosyoCd=2190500534-00&ServiceCd=320&Type=search", "url2": "htpps://phoenix-g.jp" }, "geometry": { "type": "Point", "coordinates": [ 136.9118142, 35.3960002 ] } },
{ "type": "Feature", "properties": { "内容": "グループホームあかり（川島苑）【認知症対応型共同生活介護】岐阜県各務原市川島松倉町１４３５番地グループホームあかり（川島苑）", "url": "https://www.kaigokensaku.mhlw.go.jp/21/index.php?action_kouhyou_detail_004_kani=true&JigyosyoCd=2190500088-00&ServiceCd=320&Type=search", "url2": "http://www.akari-8.com" }, "geometry": { "type": "Point", "coordinates": [ 136.832142400000066, 35.3664099 ] } },
{ "type": "Feature", "properties": { "内容": "グループホームあかり【認知症対応型共同生活介護】岐阜県各務原市各務山の前町３丁目２３－１", "url": "https://www.kaigokensaku.mhlw.go.jp/21/index.php?action_kouhyou_detail_004_kani=true&JigyosyoCd=2170500801-00&ServiceCd=320&Type=search", "url2": "http://www.akari-8.com" }, "geometry": { "type": "Point", "coordinates": [ 136.899703499999987, 35.4069977 ] } },
{ "type": "Feature", "properties": { "内容": "グループホーム　私の部屋【認知症対応型共同生活介護】岐阜県各務原市須衛町3丁目151番地", "url": "https://www.kaigokensaku.mhlw.go.jp/21/index.php?action_kouhyou_detail_004_kani=true&JigyosyoCd=2170500660-00&ServiceCd=320&Type=search", "url2": "http://www.phoenix-g.jp" }, "geometry": { "type": "Point", "coordinates": [ 136.8849179, 35.4393762 ] } },
{ "type": "Feature", "properties": { "内容": "グループホーム花トピア可児【認知症対応型共同生活介護】岐阜県可児市瀬田1646-5", "url": "https://www.kaigokensaku.mhlw.go.jp/21/index.php?action_kouhyou_detail_004_kani=true&JigyosyoCd=2173100328-00&ServiceCd=320&Type=search", "url2": "http://www.fujikake-hospital.jp" }, "geometry": { "type": "Point", "coordinates": [ 137.104859900000065, 35.4201178 ] } },
{ "type": "Feature", "properties": { "内容": "さわやかグループホーム可児【認知症対応型共同生活介護】岐阜県可児市菅刈1389番地1", "url": "https://www.kaigokensaku.mhlw.go.jp/21/index.php?action_kouhyou_detail_004_kani=true&JigyosyoCd=2173100427-00&ServiceCd=320&Type=search", "url2": "http://www.jikeikai-sawayaka.jp" }, "geometry": { "type": "Point", "coordinates": [ 137.006182660713222, 35.39826709112284 ] } },
{ "type": "Feature", "properties": { "内容": "グループホームそよ風【認知症対応型共同生活介護】岐阜県可児市矢戸68番地", "url": "https://www.kaigokensaku.mhlw.go.jp/21/index.php?action_kouhyou_detail_004_kani=true&JigyosyoCd=2193100050-00&ServiceCd=320&Type=search", "url2": null }, "geometry": { "type": "Point", "coordinates": [ 137.022209193778963, 35.39945864543175 ] } },
{ "type": "Feature", "properties": { "内容": "愛の家グループホーム可児土田【認知症対応型共同生活介護】岐阜県可児市土田5651-1", "url": "https://www.kaigokensaku.mhlw.go.jp/21/index.php?action_kouhyou_detail_004_kani=true&JigyosyoCd=2193100068-00&ServiceCd=320&Type=search", "url2": "http://www.mcsg.co.jp" }, "geometry": { "type": "Point", "coordinates": [ 137.012465199999951, 35.4200749 ] } },
{ "type": "Feature", "properties": { "内容": "愛の家グループホーム　可児広見【認知症対応型共同生活介護】岐阜県可児市広見２１２９番地1", "url": "https://www.kaigokensaku.mhlw.go.jp/21/index.php?action_kouhyou_detail_004_kani=true&JigyosyoCd=2193100084-00&ServiceCd=320&Type=search", "url2": "gh-237@mcsg.co.jp" }, "geometry": { "type": "Point", "coordinates": [ 137.0658191, 35.4147805 ] } },
{ "type": "Feature", "properties": { "内容": "グループホーム耀きの里【認知症対応型共同生活介護】岐阜県可児市瀬田８０番地", "url": "https://www.kaigokensaku.mhlw.go.jp/21/index.php?action_kouhyou_detail_004_kani=true&JigyosyoCd=2193100092-00&ServiceCd=320&Type=search", "url2": "http://www.setano-mori.com" }, "geometry": { "type": "Point", "coordinates": [ 137.076908704224905, 35.424657223538169 ] } },
{ "type": "Feature", "properties": { "内容": "グループホームすみよしの憩【認知症対応型共同生活介護】岐阜県可児市今渡字鳴子２３４８番地２", "url": "https://www.kaigokensaku.mhlw.go.jp/21/index.php?action_kouhyou_detail_004_kani=true&JigyosyoCd=2193100100-00&ServiceCd=320&Type=search", "url2": "http://www.frontiernokaigo.jp/detail/sumiyoshi_gh.html" }, "geometry": { "type": "Point", "coordinates": [ 137.034568775671346, 35.422598744712843 ] } },
{ "type": "Feature", "properties": { "内容": "桜ヶ丘グループホーム【認知症対応型共同生活介護】岐阜県可児市桜ヶ丘6-73-11", "url": "https://www.kaigokensaku.mhlw.go.jp/21/index.php?action_kouhyou_detail_004_kani=true&JigyosyoCd=2193100217-00&ServiceCd=320&Type=search", "url2": null }, "geometry": { "type": "Point", "coordinates": [ 137.113641199999989, 35.3788239 ] } },
{ "type": "Feature", "properties": { "内容": "ほほえみグループホーム【認知症対応型共同生活介護】岐阜県可児市下恵土３００５番地", "url": "https://www.kaigokensaku.mhlw.go.jp/21/index.php?action_kouhyou_detail_004_kani=true&JigyosyoCd=2173100351-00&ServiceCd=320&Type=search", "url2": null }, "geometry": { "type": "Point", "coordinates": [ 137.047395199999983, 35.426834 ] } },
{ "type": "Feature", "properties": { "内容": "グループホーム　夢眠かに【認知症対応型共同生活介護】岐阜県可児市今渡1619-137", "url": "https://www.kaigokensaku.mhlw.go.jp/21/index.php?action_kouhyou_detail_004_kani=true&JigyosyoCd=2193100167-00&ServiceCd=320&Type=search", "url2": "http://kinkousya.jp" }, "geometry": { "type": "Point", "coordinates": [ 137.051189099999988, 35.4337947 ] } },
{ "type": "Feature", "properties": { "内容": "みやまの里【認知症対応型共同生活介護】岐阜県山県市富永７５４－５", "url": "https://www.kaigokensaku.mhlw.go.jp/21/index.php?action_kouhyou_detail_004_kani=true&JigyosyoCd=2190800033-00&ServiceCd=320&Type=search", "url2": null }, "geometry": { "type": "Point", "coordinates": [ 136.788890658055919, 35.561784639790872 ] } },
{ "type": "Feature", "properties": { "内容": "グループホーム虹の里伊自良【認知症対応型共同生活介護】岐阜県山県市松尾３４４－５", "url": "https://www.kaigokensaku.mhlw.go.jp/21/index.php?action_kouhyou_detail_004_kani=true&JigyosyoCd=2170800177-00&ServiceCd=320&Type=search", "url2": null }, "geometry": { "type": "Point", "coordinates": [ 136.7194852, 35.5446178 ] } },
{ "type": "Feature", "properties": { "内容": "グループホームみやまの憩【認知症対応型共同生活介護】岐阜県山県市富永７５４−５", "url": "https://www.kaigokensaku.mhlw.go.jp/21/index.php?action_kouhyou_detail_004_kani=true&JigyosyoCd=2190800082-00&ServiceCd=320&Type=search", "url2": "https://www.frontier-gp.jp/nursing-home-search/detail/miyama_gh" }, "geometry": { "type": "Point", "coordinates": [ 136.788914799999986, 35.5617535 ] } },
{ "type": "Feature", "properties": { "内容": "グループホーム　ききょう【認知症対応型共同生活介護】岐阜県山県市東深瀬５０５番地２", "url": "https://www.kaigokensaku.mhlw.go.jp/21/index.php?action_kouhyou_detail_004_kani=true&JigyosyoCd=2190800017-00&ServiceCd=320&Type=search", "url2": "http://heian-gifu.jp" }, "geometry": { "type": "Point", "coordinates": [ 136.791142400000012, 35.5199886 ] } },
{ "type": "Feature", "properties": { "内容": "グループホーム　オレンジヒルズやまがた【認知症対応型共同生活介護】岐阜県山県市高木1360-2オレンジヒルズやまがた", "url": "https://www.kaigokensaku.mhlw.go.jp/21/index.php?action_kouhyou_detail_004_kani=true&JigyosyoCd=2190800074-00&ServiceCd=320&Type=search", "url2": "http://miwakai.or.jp/" }, "geometry": { "type": "Point", "coordinates": [ 136.782917353768909, 35.506889855805632 ] } },
{ "type": "Feature", "properties": { "内容": "もやいの家しんせい【認知症対応型共同生活介護】岐阜県瑞穂市別府1193番地1", "url": "https://www.kaigokensaku.mhlw.go.jp/21/index.php?action_kouhyou_detail_004_kani=true&JigyosyoCd=2193200025-00&ServiceCd=320&Type=search", "url2": "https://www.sun-village.jp/" }, "geometry": { "type": "Point", "coordinates": [ 136.694340340475463, 35.392842334630885 ] } },
{ "type": "Feature", "properties": { "内容": "グループホーム　もやいの家　瑞穂【認知症対応型共同生活介護】岐阜県瑞穂市本田２０５０番地１", "url": "https://www.kaigokensaku.mhlw.go.jp/21/index.php?action_kouhyou_detail_004_kani=true&JigyosyoCd=2193200041-00&ServiceCd=320&Type=search", "url2": "https://www.sun-village.jp/" }, "geometry": { "type": "Point", "coordinates": [ 136.676818599999933, 35.4022943 ] } },
{ "type": "Feature", "properties": { "内容": "グループホーム喜楽【認知症対応型共同生活介護】岐阜県瑞穂市只越302番地1", "url": "https://www.kaigokensaku.mhlw.go.jp/21/index.php?action_kouhyou_detail_004_kani=true&JigyosyoCd=2193200074-00&ServiceCd=320&Type=search", "url2": "https://www.lifecreate-gifu.com/index.html" }, "geometry": { "type": "Point", "coordinates": [ 136.67262740000001, 35.3991224 ] } },
{ "type": "Feature", "properties": { "内容": "ファミリーケア巣南【認知症対応型共同生活介護】岐阜県瑞穂市古橋1357番地１", "url": "https://www.kaigokensaku.mhlw.go.jp/21/index.php?action_kouhyou_detail_004_kani=true&JigyosyoCd=2193200116-00&ServiceCd=320&Type=search", "url2": "https://www.wakokai.or.jp/search/nursing/familycare-sunami/" }, "geometry": { "type": "Point", "coordinates": [ 136.6570878, 35.3912099 ] } },
{ "type": "Feature", "properties": { "内容": "愛の家グループホームみずほ【認知症対応型共同生活介護】岐阜県瑞穂市横屋562-1", "url": "https://www.kaigokensaku.mhlw.go.jp/21/index.php?action_kouhyou_detail_004_kani=true&JigyosyoCd=2193200017-00&ServiceCd=320&Type=search", "url2": "http://www.mcsg.co.jp/" }, "geometry": { "type": "Point", "coordinates": [ 136.658573100000012, 35.382049 ] } },
{ "type": "Feature", "properties": { "内容": "しましまハウス寺林【認知症対応型共同生活介護】岐阜県飛騨市神岡町寺林１２４６", "url": "https://www.kaigokensaku.mhlw.go.jp/21/index.php?action_kouhyou_detail_004_kani=true&JigyosyoCd=2173300027-00&ServiceCd=320&Type=search", "url2": null }, "geometry": { "type": "Point", "coordinates": [ 137.278606299999979, 36.3177676 ] } },
{ "type": "Feature", "properties": { "内容": "しましまハウス宮川【認知症対応型共同生活介護】岐阜県飛騨市宮川町巣之内６３", "url": "https://www.kaigokensaku.mhlw.go.jp/21/index.php?action_kouhyou_detail_004_kani=true&JigyosyoCd=2173300043-00&ServiceCd=320&Type=search", "url2": null }, "geometry": { "type": "Point", "coordinates": [ 137.182882799999987, 36.3458788 ] } },
{ "type": "Feature", "properties": { "内容": "しましまハウス河合【認知症対応型共同生活介護】岐阜県飛騨市河合町稲越４９１－２", "url": "https://www.kaigokensaku.mhlw.go.jp/21/index.php?action_kouhyou_detail_004_kani=true&JigyosyoCd=2193300015-00&ServiceCd=320&Type=search", "url2": null }, "geometry": { "type": "Point", "coordinates": [ 137.097606600000063, 36.2561733 ] } },
{ "type": "Feature", "properties": { "内容": "岐阜県立飛騨寿楽苑　グループホーム輪【認知症対応型共同生活介護】岐阜県飛騨市古川町是重１０２", "url": "https://www.kaigokensaku.mhlw.go.jp/21/index.php?action_kouhyou_detail_004_kani=true&JigyosyoCd=2193300031-00&ServiceCd=320&Type=search", "url2": "http://www.gifu-fukushi.jp/" }, "geometry": { "type": "Point", "coordinates": [ 137.199501899999973, 36.225218 ] } },
{ "type": "Feature", "properties": { "内容": "グループホーム和【認知症対応型共同生活介護】岐阜県飛騨市古川町弐之町11番17号", "url": "https://www.kaigokensaku.mhlw.go.jp/21/index.php?action_kouhyou_detail_004_kani=true&JigyosyoCd=2193300049-00&ServiceCd=320&Type=search", "url2": null }, "geometry": { "type": "Point", "coordinates": [ 137.182752825131246, 36.236324516505682 ] } },
{ "type": "Feature", "properties": { "内容": "グループホームきりん飛騨【認知症対応型共同生活介護】岐阜県飛騨市古川町信包294", "url": "https://www.kaigokensaku.mhlw.go.jp/21/index.php?action_kouhyou_detail_004_kani=true&JigyosyoCd=2193300056-00&ServiceCd=320&Type=search", "url2": "http://www.kirin3.com" }, "geometry": { "type": "Point", "coordinates": [ 137.137978472383764, 36.254752000866922 ] } },
{ "type": "Feature", "properties": { "内容": "グループホームかんまち【認知症対応型共同生活介護】岐阜県飛騨市古川町上町459-1", "url": "https://www.kaigokensaku.mhlw.go.jp/21/index.php?action_kouhyou_detail_004_kani=true&JigyosyoCd=2193300098-00&ServiceCd=320&Type=search", "url2": "https://calm99.wixsite.com/calm" }, "geometry": { "type": "Point", "coordinates": [ 137.195172355792693, 36.220601092977411 ] } },
{ "type": "Feature", "properties": { "内容": "グループホームわかくさ【認知症対応型共同生活介護】岐阜県飛騨市古川町上町459-1", "url": "https://www.kaigokensaku.mhlw.go.jp/21/index.php?action_kouhyou_detail_004_kani=true&JigyosyoCd=2193300122-00&ServiceCd=320&Type=search", "url2": null }, "geometry": { "type": "Point", "coordinates": [ 137.1953775, 36.2205804 ] } },
{ "type": "Feature", "properties": { "内容": "グループホームマイハウスしんせい【認知症対応型共同生活介護】岐阜県本巣市十四条高田５５７番地", "url": "https://www.kaigokensaku.mhlw.go.jp/21/index.php?action_kouhyou_detail_004_kani=true&JigyosyoCd=2170700492-00&ServiceCd=320&Type=search", "url2": null }, "geometry": { "type": "Point", "coordinates": [ 136.67876560000002, 35.4830469 ] } },
{ "type": "Feature", "properties": { "内容": "サロン・ド・フレール本巣【認知症対応型共同生活介護】岐阜県本巣市文殊９５９－１", "url": "https://www.kaigokensaku.mhlw.go.jp/21/index.php?action_kouhyou_detail_004_kani=true&JigyosyoCd=2193400021-00&ServiceCd=320&Type=search", "url2": "http://estate15.com" }, "geometry": { "type": "Point", "coordinates": [ 136.687612574204991, 35.486753461676329 ] } },
{ "type": "Feature", "properties": { "内容": "ファミリーケア本巣【認知症対応型共同生活介護】岐阜県本巣市三橋鶴舞98番地", "url": "https://www.kaigokensaku.mhlw.go.jp/21/index.php?action_kouhyou_detail_004_kani=true&JigyosyoCd=2193400047-00&ServiceCd=320&Type=search", "url2": "https://www.wakokai.or.jp/search/nursing/familycare-motosu/" }, "geometry": { "type": "Point", "coordinates": [ 136.6758532, 35.4468413 ] } },
{ "type": "Feature", "properties": { "内容": "グループホーム　もとすの憩【認知症対応型共同生活介護】岐阜県本巣市七五三７０９番地１", "url": "https://www.kaigokensaku.mhlw.go.jp/21/index.php?action_kouhyou_detail_004_kani=true&JigyosyoCd=2193400096-00&ServiceCd=320&Type=search", "url2": "https://www.frontier-gp.jp/" }, "geometry": { "type": "Point", "coordinates": [ 136.6530027, 35.4513246 ] } },
{ "type": "Feature", "properties": { "内容": "木もれ陽の家　グループホーム【認知症対応型共同生活介護】岐阜県郡上市八幡町初納堂前430-1", "url": "https://www.kaigokensaku.mhlw.go.jp/21/index.php?action_kouhyou_detail_004_kani=true&JigyosyoCd=2191000047-00&ServiceCd=320&Type=search", "url2": null }, "geometry": { "type": "Point", "coordinates": [ 136.990072500202416, 35.772531569479511 ] } },
{ "type": "Feature", "properties": { "内容": "コスモス苑「赤とんぼ」【認知症対応型共同生活介護】岐阜県郡上市白鳥町白鳥405番地8", "url": "https://www.kaigokensaku.mhlw.go.jp/21/index.php?action_kouhyou_detail_004_kani=true&JigyosyoCd=2171000454-00&ServiceCd=320&Type=search", "url2": "https://www.fukuju-kai.com/" }, "geometry": { "type": "Point", "coordinates": [ 136.859332900000027, 35.8868766 ] } },
{ "type": "Feature", "properties": { "内容": "コスモス苑「夕焼け小焼け」【認知症対応型共同生活介護】岐阜県郡上市白鳥町白鳥409番地1", "url": "https://www.kaigokensaku.mhlw.go.jp/21/index.php?action_kouhyou_detail_004_kani=true&JigyosyoCd=2171000488-00&ServiceCd=320&Type=search", "url2": "https://www.fukuju-kai.com" }, "geometry": { "type": "Point", "coordinates": [ 136.858963499999959, 35.8869127 ] } },
{ "type": "Feature", "properties": { "内容": "グループホーム郡上八幡バラの家【認知症対応型共同生活介護】岐阜県郡上市八幡町初音１４０－１", "url": "https://www.kaigokensaku.mhlw.go.jp/21/index.php?action_kouhyou_detail_004_kani=true&JigyosyoCd=2171000645-00&ServiceCd=320&Type=search", "url2": "http://www.horiyaiin.or.jp" }, "geometry": { "type": "Point", "coordinates": [ 136.958199, 35.7550541 ] } },
{ "type": "Feature", "properties": { "内容": "コスモス苑「おおぞら」【認知症対応型共同生活介護】岐阜県郡上市白鳥町白鳥429番地6", "url": "https://www.kaigokensaku.mhlw.go.jp/21/index.php?action_kouhyou_detail_004_kani=true&JigyosyoCd=2191000062-00&ServiceCd=320&Type=search", "url2": "https://www.fukuju-kai.com" }, "geometry": { "type": "Point", "coordinates": [ 136.859199600000011, 35.8847213 ] } },
{ "type": "Feature", "properties": { "内容": "グループホーム　おひさまの大地【認知症対応型共同生活介護】岐阜県郡上市高鷲町鷲見５３９０－５", "url": "https://www.kaigokensaku.mhlw.go.jp/21/index.php?action_kouhyou_detail_004_kani=true&JigyosyoCd=2191000120-00&ServiceCd=320&Type=search", "url2": "http://ohisamanoegao.com/" }, "geometry": { "type": "Point", "coordinates": [ 136.920150239811704, 35.983967410888624 ] } },
{ "type": "Feature", "properties": { "内容": "郡上乃風グループホーム清流の家【認知症対応型共同生活介護】岐阜県郡上市八幡町初納397番地", "url": "https://www.kaigokensaku.mhlw.go.jp/21/index.php?action_kouhyou_detail_004_kani=true&JigyosyoCd=2191000096-00&ServiceCd=320&Type=search", "url2": "https://realize-wa-5582.com/" }, "geometry": { "type": "Point", "coordinates": [ 136.98895588067316, 35.771006322236495 ] } },
{ "type": "Feature", "properties": { "内容": "NPO　グループホーム　すずらんの木【認知症対応型共同生活介護】岐阜県下呂市萩原町羽根437-1", "url": "https://www.kaigokensaku.mhlw.go.jp/21/index.php?action_kouhyou_detail_004_kani=true&JigyosyoCd=2172800290-00&ServiceCd=320&Type=search", "url2": null }, "geometry": { "type": "Point", "coordinates": [ 137.2007797, 35.9026486 ] } },
{ "type": "Feature", "properties": { "内容": "グループホームうららびより金山【認知症対応型共同生活介護】岐阜県下呂市金山町金山988-1", "url": "https://www.kaigokensaku.mhlw.go.jp/21/index.php?action_kouhyou_detail_004_kani=true&JigyosyoCd=2172800548-00&ServiceCd=320&Type=search", "url2": "http://www.urarabiyori.com/kanayama.html" }, "geometry": { "type": "Point", "coordinates": [ 137.145770500000026, 35.6687362 ] } },
{ "type": "Feature", "properties": { "内容": "ファミリア下呂【認知症対応型共同生活介護】岐阜県下呂市森２２７３番地", "url": "https://www.kaigokensaku.mhlw.go.jp/21/index.php?action_kouhyou_detail_004_kani=true&JigyosyoCd=2192800015-00&ServiceCd=320&Type=search", "url2": "http://www.yuzankai.com" }, "geometry": { "type": "Point", "coordinates": [ 137.250908189347513, 35.805784556637583 ] } },
{ "type": "Feature", "properties": { "内容": "ファミリア小坂【認知症対応型共同生活介護】岐阜県下呂市小坂町坂下716-1", "url": "https://www.kaigokensaku.mhlw.go.jp/21/index.php?action_kouhyou_detail_004_kani=true&JigyosyoCd=2192800072-00&ServiceCd=320&Type=search", "url2": "http://www.yuzankai.com/" }, "geometry": { "type": "Point", "coordinates": [ 137.250223600000027, 35.93514540000001 ] } },
{ "type": "Feature", "properties": { "内容": "グループホーム萩原「福寿苑」【認知症対応型共同生活介護】岐阜県下呂市萩原町古関126-1", "url": "https://www.kaigokensaku.mhlw.go.jp/21/index.php?action_kouhyou_detail_004_kani=true&JigyosyoCd=2192800080-00&ServiceCd=320&Type=search", "url2": "http://kyojukai.jp/" }, "geometry": { "type": "Point", "coordinates": [ 137.210357052006515, 35.867631168147454 ] } },
{ "type": "Feature", "properties": { "内容": "馬瀬グループホームいきいき【認知症対応型共同生活介護】岐阜県下呂市馬瀬惣島1518番地粋いき・馬瀬の元気館", "url": "https://www.kaigokensaku.mhlw.go.jp/21/index.php?action_kouhyou_detail_004_kani=true&JigyosyoCd=2192800064-00&ServiceCd=320&Type=search", "url2": "http://koukeikai.jp" }, "geometry": { "type": "Point", "coordinates": [ 137.185197300000027, 35.8398168 ] } },
{ "type": "Feature", "properties": { "内容": "グループホーム馬瀬村【認知症対応型共同生活介護】岐阜県下呂市馬瀬名丸27番地1グループホーム馬瀬村", "url": "https://www.kaigokensaku.mhlw.go.jp/21/index.php?action_kouhyou_detail_004_kani=true&JigyosyoCd=2192800189-00&ServiceCd=320&Type=search", "url2": "http://koukeikai.jp" }, "geometry": { "type": "Point", "coordinates": [ 137.17467431696636, 35.886907496573201 ] } },
{ "type": "Feature", "properties": { "内容": "グループホーム　天の花【認知症対応型共同生活介護】岐阜県海津市平田町仏師川461", "url": "https://www.kaigokensaku.mhlw.go.jp/21/index.php?action_kouhyou_detail_004_kani=true&JigyosyoCd=2172200343-00&ServiceCd=320&Type=search", "url2": "http://www.funacli.jp" }, "geometry": { "type": "Point", "coordinates": [ 136.635275299999989, 35.2579077 ] } },
{ "type": "Feature", "properties": { "内容": "グループホーム南濃「福寿苑」【認知症対応型共同生活介護】岐阜県海津市南濃町松山字四番代４２６－１番地", "url": "https://www.kaigokensaku.mhlw.go.jp/21/index.php?action_kouhyou_detail_004_kani=true&JigyosyoCd=2192200018-00&ServiceCd=320&Type=search", "url2": null }, "geometry": { "type": "Point", "coordinates": [ 136.632620462010237, 35.155893955942645 ] } },
{ "type": "Feature", "properties": { "内容": "グループホーム木曽三川「福寿苑」【認知症対応型共同生活介護】岐阜県海津市海津町福江６２９－１番地", "url": "https://www.kaigokensaku.mhlw.go.jp/21/index.php?action_kouhyou_detail_004_kani=true&JigyosyoCd=2192200034-00&ServiceCd=320&Type=search", "url2": null }, "geometry": { "type": "Point", "coordinates": [ 136.660789499999964, 35.1741207 ] } },
{ "type": "Feature", "properties": { "内容": "グループホーム千本松「福寿苑」【認知症対応型共同生活介護】岐阜県海津市海津町福江639-1", "url": "https://www.kaigokensaku.mhlw.go.jp/21/index.php?action_kouhyou_detail_004_kani=true&JigyosyoCd=2192200026-00&ServiceCd=320&Type=search", "url2": null }, "geometry": { "type": "Point", "coordinates": [ 136.661070099999961, 35.1733819 ] } },
{ "type": "Feature", "properties": { "内容": "グループホーム海津「福寿苑」【認知症対応型共同生活介護】岐阜県海津市海津町福江627番地", "url": "https://www.kaigokensaku.mhlw.go.jp/21/index.php?action_kouhyou_detail_004_kani=true&JigyosyoCd=2172200210-00&ServiceCd=320&Type=search", "url2": null }, "geometry": { "type": "Point", "coordinates": [ 136.661199520237687, 35.174247103671277 ] } },
{ "type": "Feature", "properties": { "内容": "グループホームレガロ岐南【認知症対応型共同生活介護】岐阜県羽島郡岐南町平成2丁目139番地", "url": "https://www.kaigokensaku.mhlw.go.jp/21/index.php?action_kouhyou_detail_004_kani=true&JigyosyoCd=2190600128-00&ServiceCd=320&Type=search", "url2": "https://www.eirsupport.co.jp/yurikago" }, "geometry": { "type": "Point", "coordinates": [ 136.7807082, 35.385703200000016 ] } },
{ "type": "Feature", "properties": { "内容": "グループホーム百々【認知症対応型共同生活介護】岐阜県羽島郡岐南町上印食2-32", "url": "https://www.kaigokensaku.mhlw.go.jp/21/index.php?action_kouhyou_detail_004_kani=true&JigyosyoCd=2170600486-00&ServiceCd=320&Type=search", "url2": "https://g-momo.co.jp/" }, "geometry": { "type": "Point", "coordinates": [ 136.786832600000025, 35.3985987 ] } },
{ "type": "Feature", "properties": { "内容": "愛の家グループホーム岐南【認知症対応型共同生活介護】岐阜県羽島郡岐南町徳田７－７３－１", "url": "https://www.kaigokensaku.mhlw.go.jp/21/index.php?action_kouhyou_detail_004_kani=true&JigyosyoCd=2190600011-00&ServiceCd=320&Type=search", "url2": "http://www.mcsg.co.jp/" }, "geometry": { "type": "Point", "coordinates": [ 136.771493299999946, 35.3789596 ] } },
{ "type": "Feature", "properties": { "内容": "ハピネス岐南グループホーム【認知症対応型共同生活介護】岐阜県羽島郡岐南町薬師寺3丁目17-1", "url": "https://www.kaigokensaku.mhlw.go.jp/21/index.php?action_kouhyou_detail_004_kani=true&JigyosyoCd=2190600078-00&ServiceCd=320&Type=search", "url2": "http://www.g-suginai.com/" }, "geometry": { "type": "Point", "coordinates": [ 136.776484399999958, 35.3764253 ] } },
{ "type": "Feature", "properties": { "内容": "グループホーム昭和館まどか【認知症対応型共同生活介護】岐阜県羽島郡笠松町円城寺９４７－１", "url": "https://www.kaigokensaku.mhlw.go.jp/21/index.php?action_kouhyou_detail_004_kani=true&JigyosyoCd=2170600510-00&ServiceCd=320&Type=search", "url2": null }, "geometry": { "type": "Point", "coordinates": [ 136.790519099999983, 35.3738052 ] } },
{ "type": "Feature", "properties": { "内容": "高齢者介護施設グッデイすぎないグループホーム【認知症対応型共同生活介護】岐阜県羽島郡笠松町二見町15-1", "url": "https://www.kaigokensaku.mhlw.go.jp/21/index.php?action_kouhyou_detail_004_kani=true&JigyosyoCd=2190600086-00&ServiceCd=320&Type=search", "url2": "http://www.g-suginai.com/goodday-top.html" }, "geometry": { "type": "Point", "coordinates": [ 136.763363715309538, 35.371194873429324 ] } },
{ "type": "Feature", "properties": { "内容": "グループホームおあしす養老【認知症対応型共同生活介護】岐阜県養老郡養老町京ヶ脇１６０９－１０", "url": "https://www.kaigokensaku.mhlw.go.jp/21/index.php?action_kouhyou_detail_004_kani=true&JigyosyoCd=2172300168-00&ServiceCd=320&Type=search", "url2": null }, "geometry": { "type": "Point", "coordinates": [ 136.551743, 35.2815393 ] } },
{ "type": "Feature", "properties": { "内容": "グループホーム・柚子養老【認知症対応型共同生活介護】岐阜県養老郡養老町船附字大割田1421番地", "url": "https://www.kaigokensaku.mhlw.go.jp/21/index.php?action_kouhyou_detail_004_kani=true&JigyosyoCd=2192300032-00&ServiceCd=320&Type=search", "url2": "http://yuzuyoro.n-denken.co.jp" }, "geometry": { "type": "Point", "coordinates": [ 136.598736234996068, 35.282286521209073 ] } },
{ "type": "Feature", "properties": { "内容": "グループホームくるみ【認知症対応型共同生活介護】岐阜県養老郡養老町色目1017", "url": "https://www.kaigokensaku.mhlw.go.jp/21/index.php?action_kouhyou_detail_004_kani=true&JigyosyoCd=2192300115-00&ServiceCd=320&Type=search", "url2": null }, "geometry": { "type": "Point", "coordinates": [ 136.557921299999947, 35.3344133 ] } },
{ "type": "Feature", "properties": { "内容": "グループホーム　こすもすの森【認知症対応型共同生活介護】岐阜県養老郡養老町有尾88", "url": "https://www.kaigokensaku.mhlw.go.jp/21/index.php?action_kouhyou_detail_004_kani=true&JigyosyoCd=2192300024-00&ServiceCd=320&Type=search", "url2": null }, "geometry": { "type": "Point", "coordinates": [ 136.575540400000023, 35.2716196 ] } },
{ "type": "Feature", "properties": { "内容": "グループホーム　あったかホームI・II【認知症対応型共同生活介護】岐阜県不破郡垂井町宮代１１５３番地２博愛長寿苑美濃里", "url": "https://www.kaigokensaku.mhlw.go.jp/21/index.php?action_kouhyou_detail_004_kani=true&JigyosyoCd=2172400174-00&ServiceCd=320&Type=search", "url2": "http://www.hakuaikai.jp/choujuen.html" }, "geometry": { "type": "Point", "coordinates": [ 136.532937223942582, 35.352392614507075 ] } },
{ "type": "Feature", "properties": { "内容": "グループホーム垂井だいわ福寿の杜【認知症対応型共同生活介護】岐阜県不破郡垂井町栗原372-1", "url": "https://www.kaigokensaku.mhlw.go.jp/21/index.php?action_kouhyou_detail_004_kani=true&JigyosyoCd=2172400273-00&ServiceCd=320&Type=search", "url2": "http://www.fukujunomori.jp/" }, "geometry": { "type": "Point", "coordinates": [ 136.5419928, 35.33941 ] } },
{ "type": "Feature", "properties": { "内容": "愛の家グループホームたるい【認知症対応型共同生活介護】岐阜県不破郡垂井町綾戸895-8", "url": "https://www.kaigokensaku.mhlw.go.jp/21/index.php?action_kouhyou_detail_004_kani=true&JigyosyoCd=2192400014-00&ServiceCd=320&Type=search", "url2": "http://www.mcsg.co.jp/" }, "geometry": { "type": "Point", "coordinates": [ 136.547683099999972, 35.3753668 ] } },
{ "type": "Feature", "properties": { "内容": "グループホームうららびより関ヶ原【認知症対応型共同生活介護】岐阜県不破郡関ケ原町大字関ケ原３３８４－３", "url": "https://www.kaigokensaku.mhlw.go.jp/21/index.php?action_kouhyou_detail_004_kani=true&JigyosyoCd=2172400257-00&ServiceCd=320&Type=search", "url2": "http://www.urarabiyori.com/sekigahara.html" }, "geometry": { "type": "Point", "coordinates": [ 136.475247125795022, 35.362604956361245 ] } },
{ "type": "Feature", "properties": { "内容": "グループホーム　りんどう【認知症対応型共同生活介護】岐阜県安八郡神戸町北一色555-1", "url": "https://www.kaigokensaku.mhlw.go.jp/21/index.php?action_kouhyou_detail_004_kani=true&JigyosyoCd=2192500029-00&ServiceCd=320&Type=search", "url2": "https://zenshinkai.or.jp" }, "geometry": { "type": "Point", "coordinates": [ 136.59437980000007, 35.4295966 ] } },
{ "type": "Feature", "properties": { "内容": "グループホームごうどの憩【認知症対応型共同生活介護】岐阜県安八郡神戸町神戸178番地", "url": "https://www.kaigokensaku.mhlw.go.jp/21/index.php?action_kouhyou_detail_004_kani=true&JigyosyoCd=2192500102-00&ServiceCd=320&Type=search", "url2": "https://www.frontier-gp.jp/nursing-home-search/detail/goudo_gh" }, "geometry": { "type": "Point", "coordinates": [ 136.6102146, 35.4206688 ] } },
{ "type": "Feature", "properties": { "内容": "グループホーム夢の郷【認知症対応型共同生活介護】岐阜県安八郡神戸町大字丈六道村西59番地", "url": "https://www.kaigokensaku.mhlw.go.jp/21/index.php?action_kouhyou_detail_004_kani=true&JigyosyoCd=2192500110-00&ServiceCd=320&Type=search", "url2": "https://www.i-coltd-yumenosato.com/" }, "geometry": { "type": "Point", "coordinates": [ 136.604968604071786, 35.42633244954348 ] } },
{ "type": "Feature", "properties": { "内容": "グループホーム　ナンウェーブ【認知症対応型共同生活介護】岐阜県安八郡輪之内町南波380－１", "url": "https://www.kaigokensaku.mhlw.go.jp/21/index.php?action_kouhyou_detail_004_kani=true&JigyosyoCd=2172500205-00&ServiceCd=320&Type=search", "url2": "http://www.seiyou.co.jp/" }, "geometry": { "type": "Point", "coordinates": [ 136.634903240759741, 35.304809102987683 ] } },
{ "type": "Feature", "properties": { "内容": "さくら悠輪苑【認知症対応型共同生活介護】岐阜県安八郡輪之内町四郷288", "url": "https://www.kaigokensaku.mhlw.go.jp/21/index.php?action_kouhyou_detail_004_kani=true&JigyosyoCd=2192500060-00&ServiceCd=320&Type=search", "url2": "http://sakurayuuwaen.com/" }, "geometry": { "type": "Point", "coordinates": [ 136.6496836, 35.2942624 ] } },
{ "type": "Feature", "properties": { "内容": "グループホーム　まき【認知症対応型共同生活介護】岐阜県安八郡安八町牧字一番割１２７番１", "url": "https://www.kaigokensaku.mhlw.go.jp/21/index.php?action_kouhyou_detail_004_kani=true&JigyosyoCd=2192500052-00&ServiceCd=320&Type=search", "url2": null }, "geometry": { "type": "Point", "coordinates": [ 136.649135495106492, 35.336795787908848 ] } },
{ "type": "Feature", "properties": { "内容": "さくら悠輪苑　むすぶの家【認知症対応型共同生活介護】岐阜県安八郡安八町東結1065-1", "url": "https://www.kaigokensaku.mhlw.go.jp/21/index.php?action_kouhyou_detail_004_kani=true&JigyosyoCd=2192500094-00&ServiceCd=320&Type=search", "url2": null }, "geometry": { "type": "Point", "coordinates": [ 136.669486819049439, 35.359367745151097 ] } },
{ "type": "Feature", "properties": { "内容": "グループホーム　揖斐川げんき村【認知症対応型共同生活介護】岐阜県揖斐郡揖斐川町志津山378", "url": "https://www.kaigokensaku.mhlw.go.jp/21/index.php?action_kouhyou_detail_004_kani=true&JigyosyoCd=2192600217-00&ServiceCd=320&Type=search", "url2": "http://www.i-coltd.co.jp/ibigawa/" }, "geometry": { "type": "Point", "coordinates": [ 136.588856399999941, 35.4828358 ] } },
{ "type": "Feature", "properties": { "内容": "グループホームたにぐみの憩【認知症対応型共同生活介護】岐阜県揖斐郡揖斐川町谷汲長瀬1795番地9", "url": "https://www.kaigokensaku.mhlw.go.jp/21/index.php?action_kouhyou_detail_004_kani=true&JigyosyoCd=2192600233-00&ServiceCd=320&Type=search", "url2": "www.frontier-go.jp" }, "geometry": { "type": "Point", "coordinates": [ 136.6325177, 35.5238567 ] } },
{ "type": "Feature", "properties": { "内容": "グループホーム　ＩＢ【認知症対応型共同生活介護】岐阜県揖斐郡揖斐川町長良657番地1", "url": "https://www.kaigokensaku.mhlw.go.jp/21/index.php?action_kouhyou_detail_004_kani=true&JigyosyoCd=2192600134-00&ServiceCd=320&Type=search", "url2": "http://www.plaza21oono.jp/IB/index.html" }, "geometry": { "type": "Point", "coordinates": [ 136.584352922663072, 35.474642313581285 ] } },
{ "type": "Feature", "properties": { "内容": "グループホーム　ぬくもりの家　揖斐【認知症対応型共同生活介護】岐阜県揖斐郡揖斐川町島２９１－１", "url": "https://www.kaigokensaku.mhlw.go.jp/21/index.php?action_kouhyou_detail_004_kani=true&JigyosyoCd=2192600027-00&ServiceCd=320&Type=search", "url2": "http://www.nukumori-ie.com/" }, "geometry": { "type": "Point", "coordinates": [ 136.591797600000064, 35.4661698 ] } },
{ "type": "Feature", "properties": { "内容": "グループホーム　ぬくもりの家　島【認知症対応型共同生活介護】岐阜県揖斐郡揖斐川町島中島２８７－１", "url": "https://www.kaigokensaku.mhlw.go.jp/21/index.php?action_kouhyou_detail_004_kani=true&JigyosyoCd=2192600092-00&ServiceCd=320&Type=search", "url2": "http://www.nukumori-ie.com/" }, "geometry": { "type": "Point", "coordinates": [ 136.59166605334778, 35.466526082677561 ] } },
{ "type": "Feature", "properties": { "内容": "グループホーム　ぬくもりの家　藤橋【認知症対応型共同生活介護】岐阜県揖斐郡揖斐川町西横山橋場南４３６－２", "url": "https://www.kaigokensaku.mhlw.go.jp/21/index.php?action_kouhyou_detail_004_kani=true&JigyosyoCd=2192600100-00&ServiceCd=320&Type=search", "url2": "http://www.nukumori-ie.com/" }, "geometry": { "type": "Point", "coordinates": [ 136.457569687872336, 35.584045615125959 ] } },
{ "type": "Feature", "properties": { "内容": "グループホームひなたぼっこ【認知症対応型共同生活介護】岐阜県揖斐郡大野町稲富１１０８－３", "url": "https://www.kaigokensaku.mhlw.go.jp/21/index.php?action_kouhyou_detail_004_kani=true&JigyosyoCd=2192600225-00&ServiceCd=320&Type=search", "url2": "https://youmoresmile.com" }, "geometry": { "type": "Point", "coordinates": [ 136.652477785615645, 35.489921465378401 ] } },
{ "type": "Feature", "properties": { "内容": "認知症対応型共同生活介護　グループホーム　ケア・ガーデンおおの【認知症対応型共同生活介護】岐阜県揖斐郡大野町南方二度桜１９１番地", "url": "https://www.kaigokensaku.mhlw.go.jp/21/index.php?action_kouhyou_detail_004_kani=true&JigyosyoCd=2172600419-00&ServiceCd=320&Type=search", "url2": "http://www.plaza21oono.jp" }, "geometry": { "type": "Point", "coordinates": [ 136.620936499999971, 35.4534107 ] } },
{ "type": "Feature", "properties": { "内容": "サロン・ド・フレール大野【認知症対応型共同生活介護】岐阜県揖斐郡大野町大野７４２－１", "url": "https://www.kaigokensaku.mhlw.go.jp/21/index.php?action_kouhyou_detail_004_kani=true&JigyosyoCd=2172600765-00&ServiceCd=320&Type=search", "url2": null }, "geometry": { "type": "Point", "coordinates": [ 136.639655400000038, 35.4803297 ] } },
{ "type": "Feature", "properties": { "内容": "認知症対応型共同生活介護　グループホーム　ローズ・ガーデン　おおの【認知症対応型共同生活介護】岐阜県揖斐郡大野町瀬古２３２番地", "url": "https://www.kaigokensaku.mhlw.go.jp/21/index.php?action_kouhyou_detail_004_kani=true&JigyosyoCd=2172600906-00&ServiceCd=320&Type=search", "url2": "http://www.plaza21oono.jp" }, "geometry": { "type": "Point", "coordinates": [ 136.6110562, 35.4701415 ] } },
{ "type": "Feature", "properties": { "内容": "グループホーム　セント・ケア　おおの【認知症対応型共同生活介護】岐阜県揖斐郡大野町黒野190番地1", "url": "https://www.kaigokensaku.mhlw.go.jp/21/index.php?action_kouhyou_detail_004_kani=true&JigyosyoCd=2192600118-00&ServiceCd=320&Type=search", "url2": "http://www.plaza21oono.jp/st-care" }, "geometry": { "type": "Point", "coordinates": [ 136.630707, 35.4668395 ] } },
{ "type": "Feature", "properties": { "内容": "グループホーム　ぬくもりの家【認知症対応型共同生活介護】岐阜県揖斐郡大野町稲富７１２－１", "url": "https://www.kaigokensaku.mhlw.go.jp/21/index.php?action_kouhyou_detail_004_kani=true&JigyosyoCd=2172600559-00&ServiceCd=320&Type=search", "url2": "http://www.nukumori-ie.com/" }, "geometry": { "type": "Point", "coordinates": [ 136.648359600000049, 35.4906509 ] } },
{ "type": "Feature", "properties": { "内容": "グループホーム　木もれびの家【認知症対応型共同生活介護】岐阜県揖斐郡池田町本郷１５７２番地の２", "url": "https://www.kaigokensaku.mhlw.go.jp/21/index.php?action_kouhyou_detail_004_kani=true&JigyosyoCd=2172600468-00&ServiceCd=320&Type=search", "url2": "https://www.sun-village.jp/" }, "geometry": { "type": "Point", "coordinates": [ 136.575397800000019, 35.4453112 ] } },
{ "type": "Feature", "properties": { "内容": "グループホーム　弥生【認知症対応型共同生活介護】岐阜県揖斐郡池田町宮地１１７５番地", "url": "https://www.kaigokensaku.mhlw.go.jp/21/index.php?action_kouhyou_detail_004_kani=true&JigyosyoCd=2172600625-00&ServiceCd=320&Type=search", "url2": "https://www.sun-village.jp/" }, "geometry": { "type": "Point", "coordinates": [ 136.544189700000061, 35.4544431 ] } },
{ "type": "Feature", "properties": { "内容": "グループホーム　もやいの家　泉【認知症対応型共同生活介護】岐阜県揖斐郡池田町本郷１５０１番地", "url": "https://www.kaigokensaku.mhlw.go.jp/21/index.php?action_kouhyou_detail_004_kani=true&JigyosyoCd=2172600666-00&ServiceCd=320&Type=search", "url2": "https://www.sun-village.jp/" }, "geometry": { "type": "Point", "coordinates": [ 136.575547799999981, 35.4440335 ] } },
{ "type": "Feature", "properties": { "内容": "リハビリセンター白鳥【認知症対応型共同生活介護】岐阜県揖斐郡池田町白鳥386番地", "url": "https://www.kaigokensaku.mhlw.go.jp/21/index.php?action_kouhyou_detail_004_kani=true&JigyosyoCd=2192600142-00&ServiceCd=320&Type=search", "url2": "https://www.sun-village.jp/" }, "geometry": { "type": "Point", "coordinates": [ 136.590959883480878, 35.444752351869724 ] } },
{ "type": "Feature", "properties": { "内容": "グループホーム「あいリレー池田」【認知症対応型共同生活介護】岐阜県揖斐郡池田町藤代698-1", "url": "https://www.kaigokensaku.mhlw.go.jp/21/index.php?action_kouhyou_detail_004_kani=true&JigyosyoCd=2192600068-00&ServiceCd=320&Type=search", "url2": "http://i-relay.info." }, "geometry": { "type": "Point", "coordinates": [ 136.554169699999989, 35.4314656 ] } },
{ "type": "Feature", "properties": { "内容": "グループホーム　あいリレー八幡【認知症対応型共同生活介護】岐阜県揖斐郡池田町八幡３４３", "url": "https://www.kaigokensaku.mhlw.go.jp/21/index.php?action_kouhyou_detail_004_kani=true&JigyosyoCd=2192600084-00&ServiceCd=320&Type=search", "url2": "http://i-relay.info./" }, "geometry": { "type": "Point", "coordinates": [ 136.571227169065736, 35.426348459557445 ] } },
{ "type": "Feature", "properties": { "内容": "ファミリーケア北方【認知症対応型共同生活介護】岐阜県本巣郡北方町柱本3丁目88番地", "url": "https://www.kaigokensaku.mhlw.go.jp/21/index.php?action_kouhyou_detail_004_kani=true&JigyosyoCd=2170700476-00&ServiceCd=320&Type=search", "url2": "http://www.wakokai.or.jp" }, "geometry": { "type": "Point", "coordinates": [ 136.69358550000004, 35.4277163 ] } },
{ "type": "Feature", "properties": { "内容": "愛の家グループホームさかほぎ【認知症対応型共同生活介護】岐阜県加茂郡坂祝町酒倉1296-1", "url": "https://www.kaigokensaku.mhlw.go.jp/21/index.php?action_kouhyou_detail_004_kani=true&JigyosyoCd=2191300025-00&ServiceCd=320&Type=search", "url2": "http://mcs-ainoie.com/ins106.html" }, "geometry": { "type": "Point", "coordinates": [ 136.992861, 35.4398386 ] } },
{ "type": "Feature", "properties": { "内容": "さわやかグループホームさかほぎ【認知症対応型共同生活介護】岐阜県加茂郡坂祝町黒岩165番地の1", "url": "https://www.kaigokensaku.mhlw.go.jp/21/index.php?action_kouhyou_detail_004_kani=true&JigyosyoCd=2191300041-00&ServiceCd=320&Type=search", "url2": "http://www.jikeikai-sawayaka.jp" }, "geometry": { "type": "Point", "coordinates": [ 136.9788373, 35.4408711 ] } },
{ "type": "Feature", "properties": { "内容": "さわやかグループホーム川辺【認知症対応型共同生活介護】岐阜県加茂郡川辺町上川辺1033番地の3", "url": "https://www.kaigokensaku.mhlw.go.jp/21/index.php?action_kouhyou_detail_004_kani=true&JigyosyoCd=2171300649-00&ServiceCd=320&Type=search", "url2": "https://www.jikeikai-sawayaka.jp/facility/detail.php?id=23" }, "geometry": { "type": "Point", "coordinates": [ 137.080412700000011, 35.512123400000021 ] } },
{ "type": "Feature", "properties": { "内容": "さわやかグループホーム七宗【認知症対応型共同生活介護】岐阜県加茂郡七宗町川並６３０－１", "url": "https://www.kaigokensaku.mhlw.go.jp/21/index.php?action_kouhyou_detail_004_kani=true&JigyosyoCd=2171300680-00&ServiceCd=320&Type=search", "url2": "http://www.jikeikai-sawayaka.jp/" }, "geometry": { "type": "Point", "coordinates": [ 137.119785003956082, 35.537716584018845 ] } },
{ "type": "Feature", "properties": { "内容": "グループホーム　おおぞら【認知症対応型共同生活介護】岐阜県加茂郡八百津町錦織１５３０－３９", "url": "https://www.kaigokensaku.mhlw.go.jp/21/index.php?action_kouhyou_detail_004_kani=true&JigyosyoCd=2191300058-00&ServiceCd=320&Type=search", "url2": "http://www.isaji－daichikai.com/original10.html" }, "geometry": { "type": "Point", "coordinates": [ 137.1519872, 35.4735552 ] } },
{ "type": "Feature", "properties": { "内容": "グループホームかわばた荘【認知症対応型共同生活介護】岐阜県加茂郡白川町坂ノ東5467-1", "url": "https://www.kaigokensaku.mhlw.go.jp/21/index.php?action_kouhyou_detail_004_kani=true&JigyosyoCd=2191301080-00&ServiceCd=320&Type=search", "url2": "https://shirakawa-shakyo.or.jp" }, "geometry": { "type": "Point", "coordinates": [ 137.16602485092622, 35.601379196533834 ] } },
{ "type": "Feature", "properties": { "内容": "グループホーム　ほのぼの【認知症対応型共同生活介護】岐阜県加茂郡東白川村越原16-1-1", "url": "https://www.kaigokensaku.mhlw.go.jp/21/index.php?action_kouhyou_detail_004_kani=true&JigyosyoCd=2191300991-00&ServiceCd=320&Type=search", "url2": "https://youmoresmile.com" }, "geometry": { "type": "Point", "coordinates": [ 137.375551, 35.6531272 ] } },
{ "type": "Feature", "properties": { "内容": "さわやかグループホームみたけ【認知症対応型共同生活介護】岐阜県可児郡御嵩町井尻６５番地の１", "url": "https://www.kaigokensaku.mhlw.go.jp/21/index.php?action_kouhyou_detail_004_kani=true&JigyosyoCd=2171400118-00&ServiceCd=320&Type=search", "url2": "http://www.jikeikai-sawayaka.jp/" }, "geometry": { "type": "Point", "coordinates": [ 137.1483389, 35.4306906 ] } },
{ "type": "Feature", "properties": { "内容": "愛の家グループホームふしみ【認知症対応型共同生活介護】岐阜県可児郡御嵩町上恵土３３３番地", "url": "https://www.kaigokensaku.mhlw.go.jp/21/index.php?action_kouhyou_detail_004_kani=true&JigyosyoCd=2191400015-00&ServiceCd=320&Type=search", "url2": "http://mcs-ainoie.com/ins63.html" }, "geometry": { "type": "Point", "coordinates": [ 137.07833370000003, 35.4388312 ] } }
]
}
