{
"type": "FeatureCollection",
"name": "geo_21_5",
"crs": { "type": "name", "properties": { "name": "urn:ogc:def:crs:OGC:1.3:CRS84" } },
"features": [
{ "type": "Feature", "properties": { "ID": 2152101000004, "正式名称": "ヒロエ薬局", "機関区分": 5, "都道府県コード": 21, "市区町村コード": 201, "所在地": "岐阜県岐阜市加納東丸町１－９", "緯度": 35.402642, "経度": 136.764173, "url": "https://www.iryou.teikyouseido.mhlw.go.jp/znk-web/juminkanja/S2430/initialize?prefCd=21&kikanCd=2101000004&kikanKbn=5", "url2": null, "内容": "ヒロエ薬局【5:薬局】岐阜県岐阜市加納東丸町１－９" }, "geometry": { "type": "Point", "coordinates": [ 136.764173, 35.402642 ] } },
{ "type": "Feature", "properties": { "ID": 2152101000086, "正式名称": "合名会社飯沼薬局", "機関区分": 5, "都道府県コード": 21, "市区町村コード": 201, "所在地": "岐阜県岐阜市長良福光２６６７", "緯度": 35.445874, "経度": 136.774536, "url": "https://www.iryou.teikyouseido.mhlw.go.jp/znk-web/juminkanja/S2430/initialize?prefCd=21&kikanCd=2101000086&kikanKbn=5", "url2": null, "内容": "合名会社飯沼薬局【5:薬局】岐阜県岐阜市長良福光２６６７" }, "geometry": { "type": "Point", "coordinates": [ 136.774536, 35.445874 ] } },
{ "type": "Feature", "properties": { "ID": 2152101000102, "正式名称": "株式会社三共薬局", "機関区分": 5, "都道府県コード": 21, "市区町村コード": 201, "所在地": "岐阜県岐阜市美殿町９番地", "緯度": 35.419179, "経度": 136.761093, "url": "https://www.iryou.teikyouseido.mhlw.go.jp/znk-web/juminkanja/S2430/initialize?prefCd=21&kikanCd=2101000102&kikanKbn=5", "url2": null, "内容": "株式会社三共薬局【5:薬局】岐阜県岐阜市美殿町９番地" }, "geometry": { "type": "Point", "coordinates": [ 136.761093, 35.419179 ] } },
{ "type": "Feature", "properties": { "ID": 2152101000108, "正式名称": "立花屋薬局本店", "機関区分": 5, "都道府県コード": 21, "市区町村コード": 201, "所在地": "岐阜県岐阜市加納安良町４６番地", "緯度": 35.403909, "経度": 136.768143, "url": "https://www.iryou.teikyouseido.mhlw.go.jp/znk-web/juminkanja/S2430/initialize?prefCd=21&kikanCd=2101000108&kikanKbn=5", "url2": null, "内容": "立花屋薬局本店【5:薬局】岐阜県岐阜市加納安良町４６番地" }, "geometry": { "type": "Point", "coordinates": [ 136.768143, 35.403909 ] } },
{ "type": "Feature", "properties": { "ID": 2152101000109, "正式名称": "八風堂薬局", "機関区分": 5, "都道府県コード": 21, "市区町村コード": 201, "所在地": "岐阜県岐阜市柳津町宮東２丁目１６６番地", "緯度": 35.367509, "経度": 136.739043, "url": "https://www.iryou.teikyouseido.mhlw.go.jp/znk-web/juminkanja/S2430/initialize?prefCd=21&kikanCd=2101000109&kikanKbn=5", "url2": null, "内容": "八風堂薬局【5:薬局】岐阜県岐阜市柳津町宮東２丁目１６６番地" }, "geometry": { "type": "Point", "coordinates": [ 136.739043, 35.367509 ] } },
{ "type": "Feature", "properties": { "ID": 2152101000121, "正式名称": "かしま薬局", "機関区分": 5, "都道府県コード": 21, "市区町村コード": 201, "所在地": "岐阜県岐阜市鹿島町６−１５", "緯度": 35.413777, "経度": 136.736119, "url": "https://www.iryou.teikyouseido.mhlw.go.jp/znk-web/juminkanja/S2430/initialize?prefCd=21&kikanCd=2101000121&kikanKbn=5", "url2": null, "内容": "かしま薬局【5:薬局】岐阜県岐阜市鹿島町６−１５" }, "geometry": { "type": "Point", "coordinates": [ 136.736119, 35.413777 ] } },
{ "type": "Feature", "properties": { "ID": 2152101000127, "正式名称": "大学堂小川薬局", "機関区分": 5, "都道府県コード": 21, "市区町村コード": 201, "所在地": "岐阜県岐阜市七軒町１５－５", "緯度": 35.42579, "経度": 136.762529, "url": "https://www.iryou.teikyouseido.mhlw.go.jp/znk-web/juminkanja/S2430/initialize?prefCd=21&kikanCd=2101000127&kikanKbn=5", "url2": "http://www.daigakudo-hop.com/", "内容": "大学堂小川薬局【5:薬局】岐阜県岐阜市七軒町１５－５" }, "geometry": { "type": "Point", "coordinates": [ 136.762529, 35.42579 ] } },
{ "type": "Feature", "properties": { "ID": 2152101000322, "正式名称": "シノダ薬局", "機関区分": 5, "都道府県コード": 21, "市区町村コード": 201, "所在地": "岐阜県岐阜市都通１ー１８", "緯度": 35.420899, "経度": 136.746309, "url": "https://www.iryou.teikyouseido.mhlw.go.jp/znk-web/juminkanja/S2430/initialize?prefCd=21&kikanCd=2101000322&kikanKbn=5", "url2": "http://www.keyaki-namiki.jp/kusuri.html", "内容": "シノダ薬局【5:薬局】岐阜県岐阜市都通１ー１８" }, "geometry": { "type": "Point", "coordinates": [ 136.746309, 35.420899 ] } },
{ "type": "Feature", "properties": { "ID": 2152101000324, "正式名称": "株式会社　順天堂薬局日野店", "機関区分": 5, "都道府県コード": 21, "市区町村コード": 201, "所在地": "岐阜県岐阜市日野南３－５－１７", "緯度": 35.429842, "経度": 136.803706, "url": "https://www.iryou.teikyouseido.mhlw.go.jp/znk-web/juminkanja/S2430/initialize?prefCd=21&kikanCd=2101000324&kikanKbn=5", "url2": null, "内容": "株式会社　順天堂薬局日野店【5:薬局】岐阜県岐阜市日野南３－５－１７" }, "geometry": { "type": "Point", "coordinates": [ 136.803706, 35.429842 ] } },
{ "type": "Feature", "properties": { "ID": 2152101000377, "正式名称": "杉山薬局", "機関区分": 5, "都道府県コード": 21, "市区町村コード": 201, "所在地": "岐阜県岐阜市鏡島西２丁目４番４７号", "緯度": 35.409636, "経度": 136.71652, "url": "https://www.iryou.teikyouseido.mhlw.go.jp/znk-web/juminkanja/S2430/initialize?prefCd=21&kikanCd=2101000377&kikanKbn=5", "url2": "http://sugiyama-ph.com/", "内容": "杉山薬局【5:薬局】岐阜県岐阜市鏡島西２丁目４番４７号" }, "geometry": { "type": "Point", "coordinates": [ 136.71652, 35.409636 ] } },
{ "type": "Feature", "properties": { "ID": 2152101000383, "正式名称": "鷺山サカイ薬局", "機関区分": 5, "都道府県コード": 21, "市区町村コード": 201, "所在地": "岐阜県岐阜市鷺山緑ヶ丘新町２丁目１７６８－１０１", "緯度": 35.446492, "経度": 136.751609, "url": "https://www.iryou.teikyouseido.mhlw.go.jp/znk-web/juminkanja/S2430/initialize?prefCd=21&kikanCd=2101000383&kikanKbn=5", "url2": null, "内容": "鷺山サカイ薬局【5:薬局】岐阜県岐阜市鷺山緑ヶ丘新町２丁目１７６８－１０１" }, "geometry": { "type": "Point", "coordinates": [ 136.751609, 35.446492 ] } },
{ "type": "Feature", "properties": { "ID": 2152101000386, "正式名称": "有限会社のぞみ薬局市橋店", "機関区分": 5, "都道府県コード": 21, "市区町村コード": 201, "所在地": "岐阜県岐阜市市橋４－７－１", "緯度": 35.403094, "経度": 136.724636, "url": "https://www.iryou.teikyouseido.mhlw.go.jp/znk-web/juminkanja/S2430/initialize?prefCd=21&kikanCd=2101000386&kikanKbn=5", "url2": null, "内容": "有限会社のぞみ薬局市橋店【5:薬局】岐阜県岐阜市市橋４－７－１" }, "geometry": { "type": "Point", "coordinates": [ 136.724636, 35.403094 ] } },
{ "type": "Feature", "properties": { "ID": 2152101000389, "正式名称": "ユタカ調剤薬局本荘", "機関区分": 5, "都道府県コード": 21, "市区町村コード": 201, "所在地": "岐阜県岐阜市瑞穂町２７－１", "緯度": 35.414941, "経度": 136.735358, "url": "https://www.iryou.teikyouseido.mhlw.go.jp/znk-web/juminkanja/S2430/initialize?prefCd=21&kikanCd=2101000389&kikanKbn=5", "url2": "http://www.d-yutaka.co.jp", "内容": "ユタカ調剤薬局本荘【5:薬局】岐阜県岐阜市瑞穂町２７－１" }, "geometry": { "type": "Point", "coordinates": [ 136.735358, 35.414941 ] } },
{ "type": "Feature", "properties": { "ID": 2152101000393, "正式名称": "むつみ薬局", "機関区分": 5, "都道府県コード": 21, "市区町村コード": 201, "所在地": "岐阜県岐阜市鷺山１１７８－１", "緯度": 35.445806, "経度": 136.760672, "url": "https://www.iryou.teikyouseido.mhlw.go.jp/znk-web/juminkanja/S2430/initialize?prefCd=21&kikanCd=2101000393&kikanKbn=5", "url2": null, "内容": "むつみ薬局【5:薬局】岐阜県岐阜市鷺山１１７８－１" }, "geometry": { "type": "Point", "coordinates": [ 136.760672, 35.445806 ] } },
{ "type": "Feature", "properties": { "ID": 2152101000394, "正式名称": "若葉調剤薬局", "機関区分": 5, "都道府県コード": 21, "市区町村コード": 201, "所在地": "岐阜県岐阜市洞稲木９９４－２２", "緯度": 35.470405, "経度": 136.7148, "url": "https://www.iryou.teikyouseido.mhlw.go.jp/znk-web/juminkanja/S2430/initialize?prefCd=21&kikanCd=2101000394&kikanKbn=5", "url2": null, "内容": "若葉調剤薬局【5:薬局】岐阜県岐阜市洞稲木９９４－２２" }, "geometry": { "type": "Point", "coordinates": [ 136.7148, 35.470405 ] } },
{ "type": "Feature", "properties": { "ID": 2152101000453, "正式名称": "ホワイト調剤薬局", "機関区分": 5, "都道府県コード": 21, "市区町村コード": 201, "所在地": "岐阜県岐阜市切通５丁目６－２３", "緯度": 35.39551, "経度": 136.79557, "url": "https://www.iryou.teikyouseido.mhlw.go.jp/znk-web/juminkanja/S2430/initialize?prefCd=21&kikanCd=2101000453&kikanKbn=5", "url2": null, "内容": "ホワイト調剤薬局【5:薬局】岐阜県岐阜市切通５丁目６－２３" }, "geometry": { "type": "Point", "coordinates": [ 136.79557, 35.39551 ] } },
{ "type": "Feature", "properties": { "ID": 2152101000454, "正式名称": "とさき調剤薬局", "機関区分": 5, "都道府県コード": 21, "市区町村コード": 201, "所在地": "岐阜県岐阜市鏡島西２丁目１６番１５号", "緯度": 35.407888, "経度": 136.712744, "url": "https://www.iryou.teikyouseido.mhlw.go.jp/znk-web/juminkanja/S2430/initialize?prefCd=21&kikanCd=2101000454&kikanKbn=5", "url2": null, "内容": "とさき調剤薬局【5:薬局】岐阜県岐阜市鏡島西２丁目１６番１５号" }, "geometry": { "type": "Point", "coordinates": [ 136.712744, 35.407888 ] } },
{ "type": "Feature", "properties": { "ID": 2152101000455, "正式名称": "ワコウ薬局岐阜店", "機関区分": 5, "都道府県コード": 21, "市区町村コード": 201, "所在地": "岐阜県岐阜市神田町８丁目９－１　ダイマルビル１Ｆ", "緯度": 35.412394, "経度": 136.759904, "url": "https://www.iryou.teikyouseido.mhlw.go.jp/znk-web/juminkanja/S2430/initialize?prefCd=21&kikanCd=2101000455&kikanKbn=5", "url2": "http://www.wakou-yakkyoku.com/", "内容": "ワコウ薬局岐阜店【5:薬局】岐阜県岐阜市神田町８丁目９－１　ダイマルビル１Ｆ" }, "geometry": { "type": "Point", "coordinates": [ 136.759904, 35.412394 ] } },
{ "type": "Feature", "properties": { "ID": 2152101000458, "正式名称": "妙泉堂薬局", "機関区分": 5, "都道府県コード": 21, "市区町村コード": 201, "所在地": "岐阜県岐阜市茜部中島１−８１", "緯度": 35.392126, "経度": 136.751151, "url": "https://www.iryou.teikyouseido.mhlw.go.jp/znk-web/juminkanja/S2430/initialize?prefCd=21&kikanCd=2101000458&kikanKbn=5", "url2": "http://www.myosendo.com", "内容": "妙泉堂薬局【5:薬局】岐阜県岐阜市茜部中島１−８１" }, "geometry": { "type": "Point", "coordinates": [ 136.751151, 35.392126 ] } },
{ "type": "Feature", "properties": { "ID": 2152101000461, "正式名称": "オリーブ薬局", "機関区分": 5, "都道府県コード": 21, "市区町村コード": 201, "所在地": "岐阜県岐阜市野一色６ー７ー２３", "緯度": 35.414223, "経度": 136.804902, "url": "https://www.iryou.teikyouseido.mhlw.go.jp/znk-web/juminkanja/S2430/initialize?prefCd=21&kikanCd=2101000461&kikanKbn=5", "url2": null, "内容": "オリーブ薬局【5:薬局】岐阜県岐阜市野一色６ー７ー２３" }, "geometry": { "type": "Point", "coordinates": [ 136.804902, 35.414223 ] } },
{ "type": "Feature", "properties": { "ID": 2152101000467, "正式名称": "みゆき調剤薬局", "機関区分": 5, "都道府県コード": 21, "市区町村コード": 201, "所在地": "岐阜県岐阜市琴塚２－７－１５", "緯度": 35.416171, "経度": 136.809113, "url": "https://www.iryou.teikyouseido.mhlw.go.jp/znk-web/juminkanja/S2430/initialize?prefCd=21&kikanCd=2101000467&kikanKbn=5", "url2": null, "内容": "みゆき調剤薬局【5:薬局】岐阜県岐阜市琴塚２－７－１５" }, "geometry": { "type": "Point", "coordinates": [ 136.809113, 35.416171 ] } },
{ "type": "Feature", "properties": { "ID": 2152101000470, "正式名称": "ファースト調剤薬局　岐阜すごう店", "機関区分": 5, "都道府県コード": 21, "市区町村コード": 201, "所在地": "岐阜県岐阜市菅生７－５－２０", "緯度": 35.425734, "経度": 136.731364, "url": "https://www.iryou.teikyouseido.mhlw.go.jp/znk-web/juminkanja/S2430/initialize?prefCd=21&kikanCd=2101000470&kikanKbn=5", "url2": "https://www.first1.jp", "内容": "ファースト調剤薬局　岐阜すごう店【5:薬局】岐阜県岐阜市菅生７－５－２０" }, "geometry": { "type": "Point", "coordinates": [ 136.731364, 35.425734 ] } },
{ "type": "Feature", "properties": { "ID": 2152101000490, "正式名称": "平成調剤薬局　公園前店", "機関区分": 5, "都道府県コード": 21, "市区町村コード": 201, "所在地": "岐阜県岐阜市今町２－７", "緯度": 35.433972, "経度": 136.770215, "url": "https://www.iryou.teikyouseido.mhlw.go.jp/znk-web/juminkanja/S2430/initialize?prefCd=21&kikanCd=2101000490&kikanKbn=5", "url2": null, "内容": "平成調剤薬局　公園前店【5:薬局】岐阜県岐阜市今町２－７" }, "geometry": { "type": "Point", "coordinates": [ 136.770215, 35.433972 ] } },
{ "type": "Feature", "properties": { "ID": 2152101000502, "正式名称": "沢田薬局", "機関区分": 5, "都道府県コード": 21, "市区町村コード": 201, "所在地": "岐阜県岐阜市野一色３−１０−１", "緯度": 35.415802, "経度": 136.800562, "url": "https://www.iryou.teikyouseido.mhlw.go.jp/znk-web/juminkanja/S2430/initialize?prefCd=21&kikanCd=2101000502&kikanKbn=5", "url2": null, "内容": "沢田薬局【5:薬局】岐阜県岐阜市野一色３−１０−１" }, "geometry": { "type": "Point", "coordinates": [ 136.800562, 35.415802 ] } },
{ "type": "Feature", "properties": { "ID": 2152101000504, "正式名称": "ファースト調剤薬局　新岐阜店", "機関区分": 5, "都道府県コード": 21, "市区町村コード": 201, "所在地": "岐阜県岐阜市長住町１－２１", "緯度": 35.411775, "経度": 136.762948, "url": "https://www.iryou.teikyouseido.mhlw.go.jp/znk-web/juminkanja/S2430/initialize?prefCd=21&kikanCd=2101000504&kikanKbn=5", "url2": "https://www.first1.jp", "内容": "ファースト調剤薬局　新岐阜店【5:薬局】岐阜県岐阜市長住町１－２１" }, "geometry": { "type": "Point", "coordinates": [ 136.762948, 35.411775 ] } },
{ "type": "Feature", "properties": { "ID": 2152101000512, "正式名称": "市橋調剤薬局", "機関区分": 5, "都道府県コード": 21, "市区町村コード": 201, "所在地": "岐阜県岐阜市市橋６－１－１４", "緯度": 35.402256, "経度": 136.722518, "url": "https://www.iryou.teikyouseido.mhlw.go.jp/znk-web/juminkanja/S2430/initialize?prefCd=21&kikanCd=2101000512&kikanKbn=5", "url2": null, "内容": "市橋調剤薬局【5:薬局】岐阜県岐阜市市橋６－１－１４" }, "geometry": { "type": "Point", "coordinates": [ 136.722518, 35.402256 ] } },
{ "type": "Feature", "properties": { "ID": 2152101000521, "正式名称": "小川薬局", "機関区分": 5, "都道府県コード": 21, "市区町村コード": 201, "所在地": "岐阜県岐阜市世保６１５番地", "緯度": 35.484322, "経度": 136.837136, "url": "https://www.iryou.teikyouseido.mhlw.go.jp/znk-web/juminkanja/S2430/initialize?prefCd=21&kikanCd=2101000521&kikanKbn=5", "url2": null, "内容": "小川薬局【5:薬局】岐阜県岐阜市世保６１５番地" }, "geometry": { "type": "Point", "coordinates": [ 136.837136, 35.484322 ] } },
{ "type": "Feature", "properties": { "ID": 2152101000524, "正式名称": "シノダ薬局　岐阜駅前店", "機関区分": 5, "都道府県コード": 21, "市区町村コード": 201, "所在地": "岐阜県岐阜市加納清水町３丁目８番地１　日本泉ビル１階", "緯度": 35.408604, "経度": 136.758164, "url": "https://www.iryou.teikyouseido.mhlw.go.jp/znk-web/juminkanja/S2430/initialize?prefCd=21&kikanCd=2101000524&kikanKbn=5", "url2": "http://www.keyaki-namiki.jp/kusuri.html", "内容": "シノダ薬局　岐阜駅前店【5:薬局】岐阜県岐阜市加納清水町３丁目８番地１　日本泉ビル１階" }, "geometry": { "type": "Point", "coordinates": [ 136.758164, 35.408604 ] } },
{ "type": "Feature", "properties": { "ID": 2152101000533, "正式名称": "ハーズ黒野調剤薬局", "機関区分": 5, "都道府県コード": 21, "市区町村コード": 201, "所在地": "岐阜県岐阜市黒野南１－１－２", "緯度": 35.45809, "経度": 136.726866, "url": "https://www.iryou.teikyouseido.mhlw.go.jp/znk-web/juminkanja/S2430/initialize?prefCd=21&kikanCd=2101000533&kikanKbn=5", "url2": "https://www.hars.co.jp", "内容": "ハーズ黒野調剤薬局【5:薬局】岐阜県岐阜市黒野南１－１－２" }, "geometry": { "type": "Point", "coordinates": [ 136.726866, 35.45809 ] } },
{ "type": "Feature", "properties": { "ID": 2152101000538, "正式名称": "河合保険調剤薬局", "機関区分": 5, "都道府県コード": 21, "市区町村コード": 201, "所在地": "岐阜県岐阜市折立８９４", "緯度": 35.457553, "経度": 136.728641, "url": "https://www.iryou.teikyouseido.mhlw.go.jp/znk-web/juminkanja/S2430/initialize?prefCd=21&kikanCd=2101000538&kikanKbn=5", "url2": null, "内容": "河合保険調剤薬局【5:薬局】岐阜県岐阜市折立８９４" }, "geometry": { "type": "Point", "coordinates": [ 136.728641, 35.457553 ] } },
{ "type": "Feature", "properties": { "ID": 2152101000540, "正式名称": "ろくじょう薬局", "機関区分": 5, "都道府県コード": 21, "市区町村コード": 201, "所在地": "岐阜県岐阜市六条北２－１２－４", "緯度": 35.401337, "経度": 136.742315, "url": "https://www.iryou.teikyouseido.mhlw.go.jp/znk-web/juminkanja/S2430/initialize?prefCd=21&kikanCd=2101000540&kikanKbn=5", "url2": "http://www.wakaba-hldgs.co.jp/", "内容": "ろくじょう薬局【5:薬局】岐阜県岐阜市六条北２－１２－４" }, "geometry": { "type": "Point", "coordinates": [ 136.742315, 35.401337 ] } },
{ "type": "Feature", "properties": { "ID": 2152101000545, "正式名称": "村山薬局", "機関区分": 5, "都道府県コード": 21, "市区町村コード": 201, "所在地": "岐阜県岐阜市粟野東５丁目１３番地", "緯度": 35.480506, "経度": 136.783583, "url": "https://www.iryou.teikyouseido.mhlw.go.jp/znk-web/juminkanja/S2430/initialize?prefCd=21&kikanCd=2101000545&kikanKbn=5", "url2": null, "内容": "村山薬局【5:薬局】岐阜県岐阜市粟野東５丁目１３番地" }, "geometry": { "type": "Point", "coordinates": [ 136.783583, 35.480506 ] } },
{ "type": "Feature", "properties": { "ID": 2152101000551, "正式名称": "株式会社吉村薬局", "機関区分": 5, "都道府県コード": 21, "市区町村コード": 201, "所在地": "岐阜県岐阜市鹿島町６丁目２０番地", "緯度": 35.414247, "経度": 136.736294, "url": "https://www.iryou.teikyouseido.mhlw.go.jp/znk-web/juminkanja/S2430/initialize?prefCd=21&kikanCd=2101000551&kikanKbn=5", "url2": null, "内容": "株式会社吉村薬局【5:薬局】岐阜県岐阜市鹿島町６丁目２０番地" }, "geometry": { "type": "Point", "coordinates": [ 136.736294, 35.414247 ] } },
{ "type": "Feature", "properties": { "ID": 2152101000553, "正式名称": "（有）平野薬局", "機関区分": 5, "都道府県コード": 21, "市区町村コード": 201, "所在地": "岐阜県岐阜市黒野南１ー１", "緯度": 35.458087, "経度": 136.727017, "url": "https://www.iryou.teikyouseido.mhlw.go.jp/znk-web/juminkanja/S2430/initialize?prefCd=21&kikanCd=2101000553&kikanKbn=5", "url2": null, "内容": "（有）平野薬局【5:薬局】岐阜県岐阜市黒野南１ー１" }, "geometry": { "type": "Point", "coordinates": [ 136.727017, 35.458087 ] } },
{ "type": "Feature", "properties": { "ID": 2152101000559, "正式名称": "伯翠堂漢方薬局", "機関区分": 5, "都道府県コード": 21, "市区町村コード": 201, "所在地": "岐阜県岐阜市手力町２９－７", "緯度": 35.393644, "経度": 136.804377, "url": "https://www.iryou.teikyouseido.mhlw.go.jp/znk-web/juminkanja/S2430/initialize?prefCd=21&kikanCd=2101000559&kikanKbn=5", "url2": null, "内容": "伯翠堂漢方薬局【5:薬局】岐阜県岐阜市手力町２９－７" }, "geometry": { "type": "Point", "coordinates": [ 136.804377, 35.393644 ] } },
{ "type": "Feature", "properties": { "ID": 2152101000560, "正式名称": "愛情薬局", "機関区分": 5, "都道府県コード": 21, "市区町村コード": 201, "所在地": "岐阜県岐阜市日野南６丁目１番地３リバーリッチマンション", "緯度": 35.429525, "経度": 136.81433, "url": "https://www.iryou.teikyouseido.mhlw.go.jp/znk-web/juminkanja/S2430/initialize?prefCd=21&kikanCd=2101000560&kikanKbn=5", "url2": null, "内容": "愛情薬局【5:薬局】岐阜県岐阜市日野南６丁目１番地３リバーリッチマンション" }, "geometry": { "type": "Point", "coordinates": [ 136.81433, 35.429525 ] } },
{ "type": "Feature", "properties": { "ID": 2152101000564, "正式名称": "ハーズ調剤薬局早田美島店", "機関区分": 5, "都道府県コード": 21, "市区町村コード": 201, "所在地": "岐阜県岐阜市美島町３－１６", "緯度": 35.435625, "経度": 136.749426, "url": "https://www.iryou.teikyouseido.mhlw.go.jp/znk-web/juminkanja/S2430/initialize?prefCd=21&kikanCd=2101000564&kikanKbn=5", "url2": "https://www.hars.co.jp", "内容": "ハーズ調剤薬局早田美島店【5:薬局】岐阜県岐阜市美島町３－１６" }, "geometry": { "type": "Point", "coordinates": [ 136.749426, 35.435625 ] } },
{ "type": "Feature", "properties": { "ID": 2152101000568, "正式名称": "Ｖ・ｄｒｕｇ　正木薬局", "機関区分": 5, "都道府県コード": 21, "市区町村コード": 201, "所在地": "岐阜県岐阜市正木北町６ー３３", "緯度": 35.453389, "経度": 136.7497, "url": "https://www.iryou.teikyouseido.mhlw.go.jp/znk-web/juminkanja/S2430/initialize?prefCd=21&kikanCd=2101000568&kikanKbn=5", "url2": "https://vdrug.co.jp/pharmacy/", "内容": "Ｖ・ｄｒｕｇ　正木薬局【5:薬局】岐阜県岐阜市正木北町６ー３３" }, "geometry": { "type": "Point", "coordinates": [ 136.7497, 35.453389 ] } },
{ "type": "Feature", "properties": { "ID": 2152101000570, "正式名称": "ホップ金華薬局", "機関区分": 5, "都道府県コード": 21, "市区町村コード": 201, "所在地": "岐阜県岐阜市四屋町４１", "緯度": 35.43006, "経度": 136.760465, "url": "https://www.iryou.teikyouseido.mhlw.go.jp/znk-web/juminkanja/S2430/initialize?prefCd=21&kikanCd=2101000570&kikanKbn=5", "url2": "http://daigakudo-hop.com", "内容": "ホップ金華薬局【5:薬局】岐阜県岐阜市四屋町４１" }, "geometry": { "type": "Point", "coordinates": [ 136.760465, 35.43006 ] } },
{ "type": "Feature", "properties": { "ID": 2152101000572, "正式名称": "有限会社大氣　太平調剤薬局又丸店", "機関区分": 5, "都道府県コード": 21, "市区町村コード": 201, "所在地": "岐阜県岐阜市又丸宮東１９－３", "緯度": 35.366514, "経度": 136.73684, "url": "https://www.iryou.teikyouseido.mhlw.go.jp/znk-web/juminkanja/S2430/initialize?prefCd=21&kikanCd=2101000572&kikanKbn=5", "url2": "http://www.daiky.jp/", "内容": "有限会社大氣　太平調剤薬局又丸店【5:薬局】岐阜県岐阜市又丸宮東１９－３" }, "geometry": { "type": "Point", "coordinates": [ 136.73684, 35.366514 ] } },
{ "type": "Feature", "properties": { "ID": 2152101000574, "正式名称": "Ｖ・ｄｒｕｇ　長良薬局", "機関区分": 5, "都道府県コード": 21, "市区町村コード": 201, "所在地": "岐阜県岐阜市長良東２－６２", "緯度": 35.448178, "経度": 136.786742, "url": "https://www.iryou.teikyouseido.mhlw.go.jp/znk-web/juminkanja/S2430/initialize?prefCd=21&kikanCd=2101000574&kikanKbn=5", "url2": "https://vdrug.co.jp/pharmacy/", "内容": "Ｖ・ｄｒｕｇ　長良薬局【5:薬局】岐阜県岐阜市長良東２－６２" }, "geometry": { "type": "Point", "coordinates": [ 136.786742, 35.448178 ] } },
{ "type": "Feature", "properties": { "ID": 2152101000577, "正式名称": "ケイ調剤薬局　鹿島店", "機関区分": 5, "都道府県コード": 21, "市区町村コード": 201, "所在地": "岐阜県岐阜市鹿島町５丁目１３番", "緯度": 35.414663, "経度": 136.738348, "url": "https://www.iryou.teikyouseido.mhlw.go.jp/znk-web/juminkanja/S2430/initialize?prefCd=21&kikanCd=2101000577&kikanKbn=5", "url2": "https://kms-pharmacy.com/", "内容": "ケイ調剤薬局　鹿島店【5:薬局】岐阜県岐阜市鹿島町５丁目１３番" }, "geometry": { "type": "Point", "coordinates": [ 136.738348, 35.414663 ] } },
{ "type": "Feature", "properties": { "ID": 2152101000579, "正式名称": "シノダ薬局　菊地店", "機関区分": 5, "都道府県コード": 21, "市区町村コード": 201, "所在地": "岐阜県岐阜市菊地町２−４２", "緯度": 35.407156, "経度": 136.746395, "url": "https://www.iryou.teikyouseido.mhlw.go.jp/znk-web/juminkanja/S2430/initialize?prefCd=21&kikanCd=2101000579&kikanKbn=5", "url2": "http://www.keyaki-namiki.jp/kusuri.html", "内容": "シノダ薬局　菊地店【5:薬局】岐阜県岐阜市菊地町２−４２" }, "geometry": { "type": "Point", "coordinates": [ 136.746395, 35.407156 ] } },
{ "type": "Feature", "properties": { "ID": 2152101000580, "正式名称": "あおば薬局", "機関区分": 5, "都道府県コード": 21, "市区町村コード": 201, "所在地": "岐阜県岐阜市茜部野三丁目一三六番地二", "緯度": 35.373988, "経度": 136.745155, "url": "https://www.iryou.teikyouseido.mhlw.go.jp/znk-web/juminkanja/S2430/initialize?prefCd=21&kikanCd=2101000580&kikanKbn=5", "url2": null, "内容": "あおば薬局【5:薬局】岐阜県岐阜市茜部野三丁目一三六番地二" }, "geometry": { "type": "Point", "coordinates": [ 136.745155, 35.373988 ] } },
{ "type": "Feature", "properties": { "ID": 2152101000582, "正式名称": "たんぽぽ薬局　岐大前店", "機関区分": 5, "都道府県コード": 21, "市区町村コード": 201, "所在地": "岐阜県岐阜市大学西一丁目９１番地４", "緯度": 35.468195, "経度": 136.731851, "url": "https://www.iryou.teikyouseido.mhlw.go.jp/znk-web/juminkanja/S2430/initialize?prefCd=21&kikanCd=2101000582&kikanKbn=5", "url2": "http://www.tanpopo-ph.co.jp", "内容": "たんぽぽ薬局　岐大前店【5:薬局】岐阜県岐阜市大学西一丁目９１番地４" }, "geometry": { "type": "Point", "coordinates": [ 136.731851, 35.468195 ] } },
{ "type": "Feature", "properties": { "ID": 2152101000585, "正式名称": "ファイン総合薬局", "機関区分": 5, "都道府県コード": 21, "市区町村コード": 201, "所在地": "岐阜県岐阜市大学西一丁目９０番１", "緯度": 35.467881, "経度": 136.731851, "url": "https://www.iryou.teikyouseido.mhlw.go.jp/znk-web/juminkanja/S2430/initialize?prefCd=21&kikanCd=2101000585&kikanKbn=5", "url2": "http://phain.com", "内容": "ファイン総合薬局【5:薬局】岐阜県岐阜市大学西一丁目９０番１" }, "geometry": { "type": "Point", "coordinates": [ 136.731851, 35.467881 ] } },
{ "type": "Feature", "properties": { "ID": 2152101000607, "正式名称": "有限会社梅屋薬局", "機関区分": 5, "都道府県コード": 21, "市区町村コード": 201, "所在地": "岐阜県岐阜市金園町７ー１２", "緯度": 35.416799, "経度": 136.770995, "url": "https://www.iryou.teikyouseido.mhlw.go.jp/znk-web/juminkanja/S2430/initialize?prefCd=21&kikanCd=2101000607&kikanKbn=5", "url2": "http://umeya-gifu.com", "内容": "有限会社梅屋薬局【5:薬局】岐阜県岐阜市金園町７ー１２" }, "geometry": { "type": "Point", "coordinates": [ 136.770995, 35.416799 ] } },
{ "type": "Feature", "properties": { "ID": 2152101000610, "正式名称": "もり薬局", "機関区分": 5, "都道府県コード": 21, "市区町村コード": 201, "所在地": "岐阜県岐阜市切通３ー１５ー２", "緯度": 35.398502, "経度": 136.795834, "url": "https://www.iryou.teikyouseido.mhlw.go.jp/znk-web/juminkanja/S2430/initialize?prefCd=21&kikanCd=2101000610&kikanKbn=5", "url2": null, "内容": "もり薬局【5:薬局】岐阜県岐阜市切通３ー１５ー２" }, "geometry": { "type": "Point", "coordinates": [ 136.795834, 35.398502 ] } },
{ "type": "Feature", "properties": { "ID": 2152101000611, "正式名称": "森屋薬局", "機関区分": 5, "都道府県コード": 21, "市区町村コード": 201, "所在地": "岐阜県岐阜市鹿島町８丁目２７番地", "緯度": 35.412364, "経度": 136.729108, "url": "https://www.iryou.teikyouseido.mhlw.go.jp/znk-web/juminkanja/S2430/initialize?prefCd=21&kikanCd=2101000611&kikanKbn=5", "url2": null, "内容": "森屋薬局【5:薬局】岐阜県岐阜市鹿島町８丁目２７番地" }, "geometry": { "type": "Point", "coordinates": [ 136.729108, 35.412364 ] } },
{ "type": "Feature", "properties": { "ID": 2152101000620, "正式名称": "カガシマ調剤薬局", "機関区分": 5, "都道府県コード": 21, "市区町村コード": 201, "所在地": "岐阜県岐阜市鏡島西２ー１９ー２２", "緯度": 35.407965, "経度": 136.711791, "url": "https://www.iryou.teikyouseido.mhlw.go.jp/znk-web/juminkanja/S2430/initialize?prefCd=21&kikanCd=2101000620&kikanKbn=5", "url2": null, "内容": "カガシマ調剤薬局【5:薬局】岐阜県岐阜市鏡島西２ー１９ー２２" }, "geometry": { "type": "Point", "coordinates": [ 136.711791, 35.407965 ] } },
{ "type": "Feature", "properties": { "ID": 2152101000621, "正式名称": "ライフ調剤薬局", "機関区分": 5, "都道府県コード": 21, "市区町村コード": 201, "所在地": "岐阜県岐阜市加納朝日町３−４１", "緯度": 35.401582, "経度": 136.757654, "url": "https://www.iryou.teikyouseido.mhlw.go.jp/znk-web/juminkanja/S2430/initialize?prefCd=21&kikanCd=2101000621&kikanKbn=5", "url2": null, "内容": "ライフ調剤薬局【5:薬局】岐阜県岐阜市加納朝日町３−４１" }, "geometry": { "type": "Point", "coordinates": [ 136.757654, 35.401582 ] } },
{ "type": "Feature", "properties": { "ID": 2152101000629, "正式名称": "ファースト調剤薬局　つきおか店", "機関区分": 5, "都道府県コード": 21, "市区町村コード": 201, "所在地": "岐阜県岐阜市月丘町４－２５", "緯度": 35.415841, "経度": 136.782523, "url": "https://www.iryou.teikyouseido.mhlw.go.jp/znk-web/juminkanja/S2430/initialize?prefCd=21&kikanCd=2101000629&kikanKbn=5", "url2": "https://www.first1.jp", "内容": "ファースト調剤薬局　つきおか店【5:薬局】岐阜県岐阜市月丘町４－２５" }, "geometry": { "type": "Point", "coordinates": [ 136.782523, 35.415841 ] } },
{ "type": "Feature", "properties": { "ID": 2152101000631, "正式名称": "のぞみ薬局　北一色店", "機関区分": 5, "都道府県コード": 21, "市区町村コード": 201, "所在地": "岐阜県岐阜市北一色８－８－１５－１０２", "緯度": 35.416589, "経度": 136.797061, "url": "https://www.iryou.teikyouseido.mhlw.go.jp/znk-web/juminkanja/S2430/initialize?prefCd=21&kikanCd=2101000631&kikanKbn=5", "url2": null, "内容": "のぞみ薬局　北一色店【5:薬局】岐阜県岐阜市北一色８－８－１５－１０２" }, "geometry": { "type": "Point", "coordinates": [ 136.797061, 35.416589 ] } },
{ "type": "Feature", "properties": { "ID": 2152101000633, "正式名称": "あかつき薬局", "機関区分": 5, "都道府県コード": 21, "市区町村コード": 201, "所在地": "岐阜県岐阜市岩倉町２－６４", "緯度": 35.433306, "経度": 136.755386, "url": "https://www.iryou.teikyouseido.mhlw.go.jp/znk-web/juminkanja/S2430/initialize?prefCd=21&kikanCd=2101000633&kikanKbn=5", "url2": "http://www.e-classa.net/akatsuki2004/", "内容": "あかつき薬局【5:薬局】岐阜県岐阜市岩倉町２－６４" }, "geometry": { "type": "Point", "coordinates": [ 136.755386, 35.433306 ] } },
{ "type": "Feature", "properties": { "ID": 2152101000636, "正式名称": "ハーズ調剤薬局　忠節店", "機関区分": 5, "都道府県コード": 21, "市区町村コード": 201, "所在地": "岐阜県岐阜市光町２－９", "緯度": 35.434527, "経度": 136.746921, "url": "https://www.iryou.teikyouseido.mhlw.go.jp/znk-web/juminkanja/S2430/initialize?prefCd=21&kikanCd=2101000636&kikanKbn=5", "url2": "https://www.hars.co.jp", "内容": "ハーズ調剤薬局　忠節店【5:薬局】岐阜県岐阜市光町２－９" }, "geometry": { "type": "Point", "coordinates": [ 136.746921, 35.434527 ] } },
{ "type": "Feature", "properties": { "ID": 2152101000639, "正式名称": "平成調剤薬局　太郎丸店", "機関区分": 5, "都道府県コード": 21, "市区町村コード": 201, "所在地": "岐阜県岐阜市太郎丸新屋敷２０７－３", "緯度": 35.492486, "経度": 136.827464, "url": "https://www.iryou.teikyouseido.mhlw.go.jp/znk-web/juminkanja/S2430/initialize?prefCd=21&kikanCd=2101000639&kikanKbn=5", "url2": "http://www.heisei-ph.com/", "内容": "平成調剤薬局　太郎丸店【5:薬局】岐阜県岐阜市太郎丸新屋敷２０７－３" }, "geometry": { "type": "Point", "coordinates": [ 136.827464, 35.492486 ] } },
{ "type": "Feature", "properties": { "ID": 2152101000646, "正式名称": "寺島薬局", "機関区分": 5, "都道府県コード": 21, "市区町村コード": 201, "所在地": "岐阜県岐阜市元住町８", "緯度": 35.412738, "経度": 136.762566, "url": "https://www.iryou.teikyouseido.mhlw.go.jp/znk-web/juminkanja/S2430/initialize?prefCd=21&kikanCd=2101000646&kikanKbn=5", "url2": null, "内容": "寺島薬局【5:薬局】岐阜県岐阜市元住町８" }, "geometry": { "type": "Point", "coordinates": [ 136.762566, 35.412738 ] } },
{ "type": "Feature", "properties": { "ID": 2152101000652, "正式名称": "丹羽薬局", "機関区分": 5, "都道府県コード": 21, "市区町村コード": 201, "所在地": "岐阜県岐阜市新興町２４ー１", "緯度": 35.415609, "経度": 136.735178, "url": "https://www.iryou.teikyouseido.mhlw.go.jp/znk-web/juminkanja/S2430/initialize?prefCd=21&kikanCd=2101000652&kikanKbn=5", "url2": null, "内容": "丹羽薬局【5:薬局】岐阜県岐阜市新興町２４ー１" }, "geometry": { "type": "Point", "coordinates": [ 136.735178, 35.415609 ] } },
{ "type": "Feature", "properties": { "ID": 2152101000653, "正式名称": "朝日堂薬局", "機関区分": 5, "都道府県コード": 21, "市区町村コード": 201, "所在地": "岐阜県岐阜市加納上本町三丁目二十九番地の二", "緯度": 35.40492, "経度": 136.75754, "url": "https://www.iryou.teikyouseido.mhlw.go.jp/znk-web/juminkanja/S2430/initialize?prefCd=21&kikanCd=2101000653&kikanKbn=5", "url2": null, "内容": "朝日堂薬局【5:薬局】岐阜県岐阜市加納上本町三丁目二十九番地の二" }, "geometry": { "type": "Point", "coordinates": [ 136.75754, 35.40492 ] } },
{ "type": "Feature", "properties": { "ID": 2152101000656, "正式名称": "東洋薬局三里店", "機関区分": 5, "都道府県コード": 21, "市区町村コード": 201, "所在地": "岐阜県岐阜市清本１丁目２８番地", "緯度": 35.407764, "経度": 136.742749, "url": "https://www.iryou.teikyouseido.mhlw.go.jp/znk-web/juminkanja/S2430/initialize?prefCd=21&kikanCd=2101000656&kikanKbn=5", "url2": null, "内容": "東洋薬局三里店【5:薬局】岐阜県岐阜市清本１丁目２８番地" }, "geometry": { "type": "Point", "coordinates": [ 136.742749, 35.407764 ] } },
{ "type": "Feature", "properties": { "ID": 2152101000657, "正式名称": "たんぽぽ薬局　長良八代店", "機関区分": 5, "都道府県コード": 21, "市区町村コード": 201, "所在地": "岐阜県岐阜市八代３丁目８番１２号", "緯度": 35.460348, "経度": 136.775304, "url": "https://www.iryou.teikyouseido.mhlw.go.jp/znk-web/juminkanja/S2430/initialize?prefCd=21&kikanCd=2101000657&kikanKbn=5", "url2": "http://www.tanpopo-ph.co.jp/", "内容": "たんぽぽ薬局　長良八代店【5:薬局】岐阜県岐阜市八代３丁目８番１２号" }, "geometry": { "type": "Point", "coordinates": [ 136.775304, 35.460348 ] } },
{ "type": "Feature", "properties": { "ID": 2152101000663, "正式名称": "（有）漢方の野崎薬局", "機関区分": 5, "都道府県コード": 21, "市区町村コード": 201, "所在地": "岐阜県岐阜市芥見大般若２－３４－３", "緯度": 35.438995, "経度": 136.84933, "url": "https://www.iryou.teikyouseido.mhlw.go.jp/znk-web/juminkanja/S2430/initialize?prefCd=21&kikanCd=2101000663&kikanKbn=5", "url2": "http://www.nozaki-kanpou.com/", "内容": "（有）漢方の野崎薬局【5:薬局】岐阜県岐阜市芥見大般若２－３４－３" }, "geometry": { "type": "Point", "coordinates": [ 136.84933, 35.438995 ] } },
{ "type": "Feature", "properties": { "ID": 2152101000664, "正式名称": "なかま薬局うずら北店", "機関区分": 5, "都道府県コード": 21, "市区町村コード": 201, "所在地": "岐阜県岐阜市中鶉７－１８－４", "緯度": 35.378474, "経度": 136.731511, "url": "https://www.iryou.teikyouseido.mhlw.go.jp/znk-web/juminkanja/S2430/initialize?prefCd=21&kikanCd=2101000664&kikanKbn=5", "url2": null, "内容": "なかま薬局うずら北店【5:薬局】岐阜県岐阜市中鶉７－１８－４" }, "geometry": { "type": "Point", "coordinates": [ 136.731511, 35.378474 ] } },
{ "type": "Feature", "properties": { "ID": 2152101000666, "正式名称": "こまくさ薬局", "機関区分": 5, "都道府県コード": 21, "市区町村コード": 201, "所在地": "岐阜県岐阜市薮田南１－４－７", "緯度": 35.394984, "経度": 136.725022, "url": "https://www.iryou.teikyouseido.mhlw.go.jp/znk-web/juminkanja/S2430/initialize?prefCd=21&kikanCd=2101000666&kikanKbn=5", "url2": null, "内容": "こまくさ薬局【5:薬局】岐阜県岐阜市薮田南１－４－７" }, "geometry": { "type": "Point", "coordinates": [ 136.725022, 35.394984 ] } },
{ "type": "Feature", "properties": { "ID": 2152101000667, "正式名称": "たんぽぽ薬局　長良センター店", "機関区分": 5, "都道府県コード": 21, "市区町村コード": 201, "所在地": "岐阜県岐阜市長良１３００番地１７", "緯度": 35.451217, "経度": 136.787856, "url": "https://www.iryou.teikyouseido.mhlw.go.jp/znk-web/juminkanja/S2430/initialize?prefCd=21&kikanCd=2101000667&kikanKbn=5", "url2": "http://www.tanpopo-ph.co.jp/", "内容": "たんぽぽ薬局　長良センター店【5:薬局】岐阜県岐阜市長良１３００番地１７" }, "geometry": { "type": "Point", "coordinates": [ 136.787856, 35.451217 ] } },
{ "type": "Feature", "properties": { "ID": 2152101000669, "正式名称": "ベル薬局", "機関区分": 5, "都道府県コード": 21, "市区町村コード": 201, "所在地": "岐阜県岐阜市早苗町１ー２４ベルハウスＤ室", "緯度": 35.415172, "経度": 136.74373, "url": "https://www.iryou.teikyouseido.mhlw.go.jp/znk-web/juminkanja/S2430/initialize?prefCd=21&kikanCd=2101000669&kikanKbn=5", "url2": null, "内容": "ベル薬局【5:薬局】岐阜県岐阜市早苗町１ー２４ベルハウスＤ室" }, "geometry": { "type": "Point", "coordinates": [ 136.74373, 35.415172 ] } },
{ "type": "Feature", "properties": { "ID": 2152101000671, "正式名称": "ピノキオ薬局　加野店", "機関区分": 5, "都道府県コード": 21, "市区町村コード": 201, "所在地": "岐阜県岐阜市向加野２－１６－５", "緯度": 35.461722, "経度": 136.830676, "url": "https://www.iryou.teikyouseido.mhlw.go.jp/znk-web/juminkanja/S2430/initialize?prefCd=21&kikanCd=2101000671&kikanKbn=5", "url2": "http://www.pinokio-pharmacy.jp/", "内容": "ピノキオ薬局　加野店【5:薬局】岐阜県岐阜市向加野２－１６－５" }, "geometry": { "type": "Point", "coordinates": [ 136.830676, 35.461722 ] } },
{ "type": "Feature", "properties": { "ID": 2152101000673, "正式名称": "日本調剤　岐阜中央薬局", "機関区分": 5, "都道府県コード": 21, "市区町村コード": 201, "所在地": "岐阜県岐阜市鹿島町６－１６", "緯度": 35.414115, "経度": 136.735997, "url": "https://www.iryou.teikyouseido.mhlw.go.jp/znk-web/juminkanja/S2430/initialize?prefCd=21&kikanCd=2101000673&kikanKbn=5", "url2": "http://www.nicho.co.jp/", "内容": "日本調剤　岐阜中央薬局【5:薬局】岐阜県岐阜市鹿島町６－１６" }, "geometry": { "type": "Point", "coordinates": [ 136.735997, 35.414115 ] } },
{ "type": "Feature", "properties": { "ID": 2152101000674, "正式名称": "長谷川薬局", "機関区分": 5, "都道府県コード": 21, "市区町村コード": 201, "所在地": "岐阜県岐阜市光明町２－１", "緯度": 35.415262, "経度": 136.748737, "url": "https://www.iryou.teikyouseido.mhlw.go.jp/znk-web/juminkanja/S2430/initialize?prefCd=21&kikanCd=2101000674&kikanKbn=5", "url2": null, "内容": "長谷川薬局【5:薬局】岐阜県岐阜市光明町２－１" }, "geometry": { "type": "Point", "coordinates": [ 136.748737, 35.415262 ] } },
{ "type": "Feature", "properties": { "ID": 2152101000684, "正式名称": "エーワン薬局", "機関区分": 5, "都道府県コード": 21, "市区町村コード": 201, "所在地": "岐阜県岐阜市蔵前７－１９－２２", "緯度": 35.39936, "経度": 136.806916, "url": "https://www.iryou.teikyouseido.mhlw.go.jp/znk-web/juminkanja/S2430/initialize?prefCd=21&kikanCd=2101000684&kikanKbn=5", "url2": null, "内容": "エーワン薬局【5:薬局】岐阜県岐阜市蔵前７－１９－２２" }, "geometry": { "type": "Point", "coordinates": [ 136.806916, 35.39936 ] } },
{ "type": "Feature", "properties": { "ID": 2152101000691, "正式名称": "マイ調剤薬局", "機関区分": 5, "都道府県コード": 21, "市区町村コード": 201, "所在地": "岐阜県岐阜市中鶉３丁目１２", "緯度": 35.383442, "経度": 136.734042, "url": "https://www.iryou.teikyouseido.mhlw.go.jp/znk-web/juminkanja/S2430/initialize?prefCd=21&kikanCd=2101000691&kikanKbn=5", "url2": "http://www.mychyoo.com", "内容": "マイ調剤薬局【5:薬局】岐阜県岐阜市中鶉３丁目１２" }, "geometry": { "type": "Point", "coordinates": [ 136.734042, 35.383442 ] } },
{ "type": "Feature", "properties": { "ID": 2152101000692, "正式名称": "たんぽぽ薬局西改田店", "機関区分": 5, "都道府県コード": 21, "市区町村コード": 201, "所在地": "岐阜県岐阜市西改田上の町６１－１", "緯度": 35.45057, "経度": 136.702175, "url": "https://www.iryou.teikyouseido.mhlw.go.jp/znk-web/juminkanja/S2430/initialize?prefCd=21&kikanCd=2101000692&kikanKbn=5", "url2": "http://www.tanpopo-ph.co.jp/", "内容": "たんぽぽ薬局西改田店【5:薬局】岐阜県岐阜市西改田上の町６１－１" }, "geometry": { "type": "Point", "coordinates": [ 136.702175, 35.45057 ] } },
{ "type": "Feature", "properties": { "ID": 2152101000700, "正式名称": "有限会社岐東薬局", "機関区分": 5, "都道府県コード": 21, "市区町村コード": 201, "所在地": "岐阜県岐阜市東興町１７", "緯度": 35.416663, "経度": 136.78415, "url": "https://www.iryou.teikyouseido.mhlw.go.jp/znk-web/juminkanja/S2430/initialize?prefCd=21&kikanCd=2101000700&kikanKbn=5", "url2": "http://www.gitou.net", "内容": "有限会社岐東薬局【5:薬局】岐阜県岐阜市東興町１７" }, "geometry": { "type": "Point", "coordinates": [ 136.78415, 35.416663 ] } },
{ "type": "Feature", "properties": { "ID": 2152101000703, "正式名称": "ビタミン堂薬局", "機関区分": 5, "都道府県コード": 21, "市区町村コード": 201, "所在地": "岐阜県岐阜市織田町１－１", "緯度": 35.442884, "経度": 136.773439, "url": "https://www.iryou.teikyouseido.mhlw.go.jp/znk-web/juminkanja/S2430/initialize?prefCd=21&kikanCd=2101000703&kikanKbn=5", "url2": null, "内容": "ビタミン堂薬局【5:薬局】岐阜県岐阜市織田町１－１" }, "geometry": { "type": "Point", "coordinates": [ 136.773439, 35.442884 ] } },
{ "type": "Feature", "properties": { "ID": 2152101000704, "正式名称": "（有）新岐阜薬局", "機関区分": 5, "都道府県コード": 21, "市区町村コード": 201, "所在地": "岐阜県岐阜市西問屋町１４", "緯度": 35.411657, "経度": 136.753206, "url": "https://www.iryou.teikyouseido.mhlw.go.jp/znk-web/juminkanja/S2430/initialize?prefCd=21&kikanCd=2101000704&kikanKbn=5", "url2": null, "内容": "（有）新岐阜薬局【5:薬局】岐阜県岐阜市西問屋町１４" }, "geometry": { "type": "Point", "coordinates": [ 136.753206, 35.411657 ] } },
{ "type": "Feature", "properties": { "ID": 2152101000709, "正式名称": "真砂町薬局", "機関区分": 5, "都道府県コード": 21, "市区町村コード": 201, "所在地": "岐阜県岐阜市真砂町９ー１８", "緯度": 35.418119, "経度": 136.753044, "url": "https://www.iryou.teikyouseido.mhlw.go.jp/znk-web/juminkanja/S2430/initialize?prefCd=21&kikanCd=2101000709&kikanKbn=5", "url2": null, "内容": "真砂町薬局【5:薬局】岐阜県岐阜市真砂町９ー１８" }, "geometry": { "type": "Point", "coordinates": [ 136.753044, 35.418119 ] } },
{ "type": "Feature", "properties": { "ID": 2152101000713, "正式名称": "有限会社調剤薬局カトレア", "機関区分": 5, "都道府県コード": 21, "市区町村コード": 201, "所在地": "岐阜県岐阜市上尻毛日吉１２３－３", "緯度": 35.444718, "経度": 136.709582, "url": "https://www.iryou.teikyouseido.mhlw.go.jp/znk-web/juminkanja/S2430/initialize?prefCd=21&kikanCd=2101000713&kikanKbn=5", "url2": null, "内容": "有限会社調剤薬局カトレア【5:薬局】岐阜県岐阜市上尻毛日吉１２３－３" }, "geometry": { "type": "Point", "coordinates": [ 136.709582, 35.444718 ] } },
{ "type": "Feature", "properties": { "ID": 2152101000714, "正式名称": "株式会社ひかり薬局", "機関区分": 5, "都道府県コード": 21, "市区町村コード": 201, "所在地": "岐阜県岐阜市如月町６－３６－３", "緯度": 35.411651, "経度": 136.734873, "url": "https://www.iryou.teikyouseido.mhlw.go.jp/znk-web/juminkanja/S2430/initialize?prefCd=21&kikanCd=2101000714&kikanKbn=5", "url2": null, "内容": "株式会社ひかり薬局【5:薬局】岐阜県岐阜市如月町６－３６－３" }, "geometry": { "type": "Point", "coordinates": [ 136.734873, 35.411651 ] } },
{ "type": "Feature", "properties": { "ID": 2152101000717, "正式名称": "たんぽぽ薬局岐阜中央店", "機関区分": 5, "都道府県コード": 21, "市区町村コード": 201, "所在地": "岐阜県岐阜市野一色四丁目５番１４", "緯度": 35.411588, "経度": 136.798784, "url": "https://www.iryou.teikyouseido.mhlw.go.jp/znk-web/juminkanja/S2430/initialize?prefCd=21&kikanCd=2101000717&kikanKbn=5", "url2": "http://www.tanpopo-ph.co.jp", "内容": "たんぽぽ薬局岐阜中央店【5:薬局】岐阜県岐阜市野一色四丁目５番１４" }, "geometry": { "type": "Point", "coordinates": [ 136.798784, 35.411588 ] } },
{ "type": "Feature", "properties": { "ID": 2152101000718, "正式名称": "たんぽぽ薬局早田店", "機関区分": 5, "都道府県コード": 21, "市区町村コード": 201, "所在地": "岐阜県岐阜市岩倉町２丁目７０", "緯度": 35.433286, "経度": 136.7555, "url": "https://www.iryou.teikyouseido.mhlw.go.jp/znk-web/juminkanja/S2430/initialize?prefCd=21&kikanCd=2101000718&kikanKbn=5", "url2": "https//www.tanpopo-ph.co.jp/", "内容": "たんぽぽ薬局早田店【5:薬局】岐阜県岐阜市岩倉町２丁目７０" }, "geometry": { "type": "Point", "coordinates": [ 136.7555, 35.433286 ] } },
{ "type": "Feature", "properties": { "ID": 2152101000719, "正式名称": "朝日堂薬局本店", "機関区分": 5, "都道府県コード": 21, "市区町村コード": 201, "所在地": "岐阜県岐阜市加納桜道１－１３", "緯度": 35.406917, "経度": 136.759597, "url": "https://www.iryou.teikyouseido.mhlw.go.jp/znk-web/juminkanja/S2430/initialize?prefCd=21&kikanCd=2101000719&kikanKbn=5", "url2": null, "内容": "朝日堂薬局本店【5:薬局】岐阜県岐阜市加納桜道１－１３" }, "geometry": { "type": "Point", "coordinates": [ 136.759597, 35.406917 ] } },
{ "type": "Feature", "properties": { "ID": 2152101000720, "正式名称": "白山薬局", "機関区分": 5, "都道府県コード": 21, "市区町村コード": 201, "所在地": "岐阜県岐阜市白山町２－１６－２", "緯度": 35.411667, "経度": 136.766803, "url": "https://www.iryou.teikyouseido.mhlw.go.jp/znk-web/juminkanja/S2430/initialize?prefCd=21&kikanCd=2101000720&kikanKbn=5", "url2": null, "内容": "白山薬局【5:薬局】岐阜県岐阜市白山町２－１６－２" }, "geometry": { "type": "Point", "coordinates": [ 136.766803, 35.411667 ] } },
{ "type": "Feature", "properties": { "ID": 2152101000726, "正式名称": "橋本薬局", "機関区分": 5, "都道府県コード": 21, "市区町村コード": 201, "所在地": "岐阜県岐阜市大菅北９－２３", "緯度": 35.407816, "経度": 136.709587, "url": "https://www.iryou.teikyouseido.mhlw.go.jp/znk-web/juminkanja/S2430/initialize?prefCd=21&kikanCd=2101000726&kikanKbn=5", "url2": "https://hashimoto-yakkoku.com", "内容": "橋本薬局【5:薬局】岐阜県岐阜市大菅北９－２３" }, "geometry": { "type": "Point", "coordinates": [ 136.709587, 35.407816 ] } },
{ "type": "Feature", "properties": { "ID": 2152101000728, "正式名称": "長森薬局", "機関区分": 5, "都道府県コード": 21, "市区町村コード": 201, "所在地": "岐阜県岐阜市長森本町１－２１－１９", "緯度": 35.418207, "経度": 136.798459, "url": "https://www.iryou.teikyouseido.mhlw.go.jp/znk-web/juminkanja/S2430/initialize?prefCd=21&kikanCd=2101000728&kikanKbn=5", "url2": null, "内容": "長森薬局【5:薬局】岐阜県岐阜市長森本町１－２１－１９" }, "geometry": { "type": "Point", "coordinates": [ 136.798459, 35.418207 ] } },
{ "type": "Feature", "properties": { "ID": 2152101000729, "正式名称": "（有）艸皇園太田薬局", "機関区分": 5, "都道府県コード": 21, "市区町村コード": 201, "所在地": "岐阜県岐阜市加納南広江町５６", "緯度": 35.405829, "経度": 136.762557, "url": "https://www.iryou.teikyouseido.mhlw.go.jp/znk-web/juminkanja/S2430/initialize?prefCd=21&kikanCd=2101000729&kikanKbn=5", "url2": "https://hiroekanpo.co.jp", "内容": "（有）艸皇園太田薬局【5:薬局】岐阜県岐阜市加納南広江町５６" }, "geometry": { "type": "Point", "coordinates": [ 136.762557, 35.405829 ] } },
{ "type": "Feature", "properties": { "ID": 2152101000734, "正式名称": "まみや調剤薬局　鏡島店", "機関区分": 5, "都道府県コード": 21, "市区町村コード": 201, "所在地": "岐阜県岐阜市西荘２ー５－４７", "緯度": 35.410245, "経度": 136.723409, "url": "https://www.iryou.teikyouseido.mhlw.go.jp/znk-web/juminkanja/S2430/initialize?prefCd=21&kikanCd=2101000734&kikanKbn=5", "url2": "http://broad-goto-5807.catfood.jp/", "内容": "まみや調剤薬局　鏡島店【5:薬局】岐阜県岐阜市西荘２ー５－４７" }, "geometry": { "type": "Point", "coordinates": [ 136.723409, 35.410245 ] } },
{ "type": "Feature", "properties": { "ID": 2152101000735, "正式名称": "伊佐地薬局　白菊店", "機関区分": 5, "都道府県コード": 21, "市区町村コード": 201, "所在地": "岐阜県岐阜市白菊町２－２８", "緯度": 35.432806, "経度": 136.737852, "url": "https://www.iryou.teikyouseido.mhlw.go.jp/znk-web/juminkanja/S2430/initialize?prefCd=21&kikanCd=2101000735&kikanKbn=5", "url2": "https://www.isaji-pharma.com", "内容": "伊佐地薬局　白菊店【5:薬局】岐阜県岐阜市白菊町２－２８" }, "geometry": { "type": "Point", "coordinates": [ 136.737852, 35.432806 ] } },
{ "type": "Feature", "properties": { "ID": 2152101000741, "正式名称": "たんぽぽ薬局　長森店", "機関区分": 5, "都道府県コード": 21, "市区町村コード": 201, "所在地": "岐阜県岐阜市北一色１０丁目２３番６号", "緯度": 35.410852, "経度": 136.797044, "url": "https://www.iryou.teikyouseido.mhlw.go.jp/znk-web/juminkanja/S2430/initialize?prefCd=21&kikanCd=2101000741&kikanKbn=5", "url2": "http://www.tanpopo-ph.co.jp", "内容": "たんぽぽ薬局　長森店【5:薬局】岐阜県岐阜市北一色１０丁目２３番６号" }, "geometry": { "type": "Point", "coordinates": [ 136.797044, 35.410852 ] } },
{ "type": "Feature", "properties": { "ID": 2152101000743, "正式名称": "ピノキオ薬局　中央店", "機関区分": 5, "都道府県コード": 21, "市区町村コード": 201, "所在地": "岐阜県岐阜市野一色４丁目７番２号", "緯度": 35.409674, "経度": 136.796747, "url": "https://www.iryou.teikyouseido.mhlw.go.jp/znk-web/juminkanja/S2430/initialize?prefCd=21&kikanCd=2101000743&kikanKbn=5", "url2": "http://www.pinokio-pharmacy.jp", "内容": "ピノキオ薬局　中央店【5:薬局】岐阜県岐阜市野一色４丁目７番２号" }, "geometry": { "type": "Point", "coordinates": [ 136.796747, 35.409674 ] } },
{ "type": "Feature", "properties": { "ID": 2152101000748, "正式名称": "ハーズ川部調剤薬局", "機関区分": 5, "都道府県コード": 21, "市区町村コード": 201, "所在地": "岐阜県岐阜市川部２－１５４", "緯度": 35.436557, "経度": 136.70793, "url": "https://www.iryou.teikyouseido.mhlw.go.jp/znk-web/juminkanja/S2430/initialize?prefCd=21&kikanCd=2101000748&kikanKbn=5", "url2": "https://www.hars.co.jp", "内容": "ハーズ川部調剤薬局【5:薬局】岐阜県岐阜市川部２－１５４" }, "geometry": { "type": "Point", "coordinates": [ 136.70793, 35.436557 ] } },
{ "type": "Feature", "properties": { "ID": 2152101000750, "正式名称": "たんぽぽ薬局　シティタワー店", "機関区分": 5, "都道府県コード": 21, "市区町村コード": 201, "所在地": "岐阜県岐阜市橋本町２丁目５２番　岐阜シティタワー４３", "緯度": 35.41075, "経度": 136.754176, "url": "https://www.iryou.teikyouseido.mhlw.go.jp/znk-web/juminkanja/S2430/initialize?prefCd=21&kikanCd=2101000750&kikanKbn=5", "url2": "https://www.tanpopo-ph.co.jp/", "内容": "たんぽぽ薬局　シティタワー店【5:薬局】岐阜県岐阜市橋本町２丁目５２番　岐阜シティタワー４３" }, "geometry": { "type": "Point", "coordinates": [ 136.754176, 35.41075 ] } },
{ "type": "Feature", "properties": { "ID": 2152101000756, "正式名称": "スギヤマ薬局長良店", "機関区分": 5, "都道府県コード": 21, "市区町村コード": 201, "所在地": "岐阜県岐阜市福光東３－１－１", "緯度": 35.454649, "経度": 136.775172, "url": "https://www.iryou.teikyouseido.mhlw.go.jp/znk-web/juminkanja/S2430/initialize?prefCd=21&kikanCd=2101000756&kikanKbn=5", "url2": "http://sugiyama-club.jp/", "内容": "スギヤマ薬局長良店【5:薬局】岐阜県岐阜市福光東３－１－１" }, "geometry": { "type": "Point", "coordinates": [ 136.775172, 35.454649 ] } },
{ "type": "Feature", "properties": { "ID": 2152101000759, "正式名称": "Ｖ・ｄｒｕｇ　三田洞薬局", "機関区分": 5, "都道府県コード": 21, "市区町村コード": 201, "所在地": "岐阜県岐阜市三田洞８８９－１", "緯度": 35.478609, "経度": 136.783753, "url": "https://www.iryou.teikyouseido.mhlw.go.jp/znk-web/juminkanja/S2430/initialize?prefCd=21&kikanCd=2101000759&kikanKbn=5", "url2": "https://vdrug.co.jp/pharmacy/", "内容": "Ｖ・ｄｒｕｇ　三田洞薬局【5:薬局】岐阜県岐阜市三田洞８８９－１" }, "geometry": { "type": "Point", "coordinates": [ 136.783753, 35.478609 ] } },
{ "type": "Feature", "properties": { "ID": 2152101000763, "正式名称": "まみや調剤薬局　清住店", "機関区分": 5, "都道府県コード": 21, "市区町村コード": 201, "所在地": "岐阜県岐阜市清住町２丁目　１５番地　安西ビル１階", "緯度": 35.410776, "経度": 136.762224, "url": "https://www.iryou.teikyouseido.mhlw.go.jp/znk-web/juminkanja/S2430/initialize?prefCd=21&kikanCd=2101000763&kikanKbn=5", "url2": "http://mamiya89.web.fc2.com/", "内容": "まみや調剤薬局　清住店【5:薬局】岐阜県岐阜市清住町２丁目　１５番地　安西ビル１階" }, "geometry": { "type": "Point", "coordinates": [ 136.762224, 35.410776 ] } },
{ "type": "Feature", "properties": { "ID": 2152101000764, "正式名称": "しょうなん調剤薬局茜部店", "機関区分": 5, "都道府県コード": 21, "市区町村コード": 201, "所在地": "岐阜県岐阜市茜部大川１－９－１", "緯度": 35.385019, "経度": 136.747561, "url": "https://www.iryou.teikyouseido.mhlw.go.jp/znk-web/juminkanja/S2430/initialize?prefCd=21&kikanCd=2101000764&kikanKbn=5", "url2": null, "内容": "しょうなん調剤薬局茜部店【5:薬局】岐阜県岐阜市茜部大川１－９－１" }, "geometry": { "type": "Point", "coordinates": [ 136.747561, 35.385019 ] } },
{ "type": "Feature", "properties": { "ID": 2152101000769, "正式名称": "スギ薬局　中鶉店", "機関区分": 5, "都道府県コード": 21, "市区町村コード": 201, "所在地": "岐阜県岐阜市中鶉３－５０－１", "緯度": 35.383019, "経度": 136.73085, "url": "https://www.iryou.teikyouseido.mhlw.go.jp/znk-web/juminkanja/S2430/initialize?prefCd=21&kikanCd=2101000769&kikanKbn=5", "url2": "http://www.drug-sugi.co.jp/", "内容": "スギ薬局　中鶉店【5:薬局】岐阜県岐阜市中鶉３－５０－１" }, "geometry": { "type": "Point", "coordinates": [ 136.73085, 35.383019 ] } },
{ "type": "Feature", "properties": { "ID": 2152101000770, "正式名称": "スギ薬局　鏡島店", "機関区分": 5, "都道府県コード": 21, "市区町村コード": 201, "所在地": "岐阜県岐阜市西荘４－６－１", "緯度": 35.40861, "経度": 136.720092, "url": "https://www.iryou.teikyouseido.mhlw.go.jp/znk-web/juminkanja/S2430/initialize?prefCd=21&kikanCd=2101000770&kikanKbn=5", "url2": "http://www.drug-sugi.co.jp/", "内容": "スギ薬局　鏡島店【5:薬局】岐阜県岐阜市西荘４－６－１" }, "geometry": { "type": "Point", "coordinates": [ 136.720092, 35.40861 ] } },
{ "type": "Feature", "properties": { "ID": 2152101000771, "正式名称": "スギ薬局　忠節店", "機関区分": 5, "都道府県コード": 21, "市区町村コード": 201, "所在地": "岐阜県岐阜市島栄町１丁目４５番地４", "緯度": 35.433851, "経度": 136.747773, "url": "https://www.iryou.teikyouseido.mhlw.go.jp/znk-web/juminkanja/S2430/initialize?prefCd=21&kikanCd=2101000771&kikanKbn=5", "url2": "http://www.drug-sugi.co.jp/", "内容": "スギ薬局　忠節店【5:薬局】岐阜県岐阜市島栄町１丁目４５番地４" }, "geometry": { "type": "Point", "coordinates": [ 136.747773, 35.433851 ] } },
{ "type": "Feature", "properties": { "ID": 2152101000773, "正式名称": "スギ薬局　又丸店", "機関区分": 5, "都道府県コード": 21, "市区町村コード": 201, "所在地": "岐阜県岐阜市又丸村中４７－１", "緯度": 35.437823, "経度": 136.704259, "url": "https://www.iryou.teikyouseido.mhlw.go.jp/znk-web/juminkanja/S2430/initialize?prefCd=21&kikanCd=2101000773&kikanKbn=5", "url2": "http://www.drug-sugi.co.jp/", "内容": "スギ薬局　又丸店【5:薬局】岐阜県岐阜市又丸村中４７－１" }, "geometry": { "type": "Point", "coordinates": [ 136.704259, 35.437823 ] } },
{ "type": "Feature", "properties": { "ID": 2152101000777, "正式名称": "スギ薬局　長良店", "機関区分": 5, "都道府県コード": 21, "市区町村コード": 201, "所在地": "岐阜県岐阜市八代１丁目６番２０", "緯度": 35.457811, "経度": 136.774113, "url": "https://www.iryou.teikyouseido.mhlw.go.jp/znk-web/juminkanja/S2430/initialize?prefCd=21&kikanCd=2101000777&kikanKbn=5", "url2": "http://www.drug-sugi.co.jp/", "内容": "スギ薬局　長良店【5:薬局】岐阜県岐阜市八代１丁目６番２０" }, "geometry": { "type": "Point", "coordinates": [ 136.774113, 35.457811 ] } },
{ "type": "Feature", "properties": { "ID": 2152101000779, "正式名称": "スギ薬局　島店", "機関区分": 5, "都道府県コード": 21, "市区町村コード": 201, "所在地": "岐阜県岐阜市北島７－３－８", "緯度": 35.429407, "経度": 136.733018, "url": "https://www.iryou.teikyouseido.mhlw.go.jp/znk-web/juminkanja/S2430/initialize?prefCd=21&kikanCd=2101000779&kikanKbn=5", "url2": "http://www.drug-sugi.co.jp/", "内容": "スギ薬局　島店【5:薬局】岐阜県岐阜市北島７－３－８" }, "geometry": { "type": "Point", "coordinates": [ 136.733018, 35.429407 ] } },
{ "type": "Feature", "properties": { "ID": 2152101000780, "正式名称": "スギ薬局　笠松店", "機関区分": 5, "都道府県コード": 21, "市区町村コード": 201, "所在地": "岐阜県岐阜市柳津町栄町２０２番地", "緯度": 35.365232, "経度": 136.756652, "url": "https://www.iryou.teikyouseido.mhlw.go.jp/znk-web/juminkanja/S2430/initialize?prefCd=21&kikanCd=2101000780&kikanKbn=5", "url2": "http://www.drug-sugi.co.jp/", "内容": "スギ薬局　笠松店【5:薬局】岐阜県岐阜市柳津町栄町２０２番地" }, "geometry": { "type": "Point", "coordinates": [ 136.756652, 35.365232 ] } },
{ "type": "Feature", "properties": { "ID": 2152101000781, "正式名称": "スギ薬局　鶴田店", "機関区分": 5, "都道府県コード": 21, "市区町村コード": 201, "所在地": "岐阜県岐阜市鶴田町２丁目１ー１", "緯度": 35.414611, "経度": 136.76767, "url": "https://www.iryou.teikyouseido.mhlw.go.jp/znk-web/juminkanja/S2430/initialize?prefCd=21&kikanCd=2101000781&kikanKbn=5", "url2": "http://www.drug-sugi.co.jp", "内容": "スギ薬局　鶴田店【5:薬局】岐阜県岐阜市鶴田町２丁目１ー１" }, "geometry": { "type": "Point", "coordinates": [ 136.76767, 35.414611 ] } },
{ "type": "Feature", "properties": { "ID": 2152101000783, "正式名称": "シトラス薬局　長森店", "機関区分": 5, "都道府県コード": 21, "市区町村コード": 201, "所在地": "岐阜県岐阜市長森本町１－１８－１０", "緯度": 35.41919, "経度": 136.797845, "url": "https://www.iryou.teikyouseido.mhlw.go.jp/znk-web/juminkanja/S2430/initialize?prefCd=21&kikanCd=2101000783&kikanKbn=5", "url2": null, "内容": "シトラス薬局　長森店【5:薬局】岐阜県岐阜市長森本町１－１８－１０" }, "geometry": { "type": "Point", "coordinates": [ 136.797845, 35.41919 ] } },
{ "type": "Feature", "properties": { "ID": 2152101000788, "正式名称": "平成調剤薬局　岐大前店", "機関区分": 5, "都道府県コード": 21, "市区町村コード": 201, "所在地": "岐阜県岐阜市古市場神田８５番地", "緯度": 35.462388, "経度": 136.730489, "url": "https://www.iryou.teikyouseido.mhlw.go.jp/znk-web/juminkanja/S2430/initialize?prefCd=21&kikanCd=2101000788&kikanKbn=5", "url2": "http://www.heisei-ph.com", "内容": "平成調剤薬局　岐大前店【5:薬局】岐阜県岐阜市古市場神田８５番地" }, "geometry": { "type": "Point", "coordinates": [ 136.730489, 35.462388 ] } },
{ "type": "Feature", "properties": { "ID": 2152101000790, "正式名称": "ハート調剤薬局", "機関区分": 5, "都道府県コード": 21, "市区町村コード": 201, "所在地": "岐阜県岐阜市長旗町２－１０－１", "緯度": 35.414391, "経度": 136.762189, "url": "https://www.iryou.teikyouseido.mhlw.go.jp/znk-web/juminkanja/S2430/initialize?prefCd=21&kikanCd=2101000790&kikanKbn=5", "url2": "https://univcolt.com", "内容": "ハート調剤薬局【5:薬局】岐阜県岐阜市長旗町２－１０－１" }, "geometry": { "type": "Point", "coordinates": [ 136.762189, 35.414391 ] } },
{ "type": "Feature", "properties": { "ID": 2152101000791, "正式名称": "Ｖ・ｄｒｕｇ　北一色薬局", "機関区分": 5, "都道府県コード": 21, "市区町村コード": 201, "所在地": "岐阜県岐阜市北一色６丁目２０番３４号", "緯度": 35.413684, "経度": 136.788895, "url": "https://www.iryou.teikyouseido.mhlw.go.jp/znk-web/juminkanja/S2430/initialize?prefCd=21&kikanCd=2101000791&kikanKbn=5", "url2": "https://www.vdrug.co.jp/pharmacy/", "内容": "Ｖ・ｄｒｕｇ　北一色薬局【5:薬局】岐阜県岐阜市北一色６丁目２０番３４号" }, "geometry": { "type": "Point", "coordinates": [ 136.788895, 35.413684 ] } },
{ "type": "Feature", "properties": { "ID": 2152101000794, "正式名称": "マイ調剤薬局　長良店", "機関区分": 5, "都道府県コード": 21, "市区町村コード": 201, "所在地": "岐阜県岐阜市八代２丁目１２ー１", "緯度": 35.459991, "経度": 136.771061, "url": "https://www.iryou.teikyouseido.mhlw.go.jp/znk-web/juminkanja/S2430/initialize?prefCd=21&kikanCd=2101000794&kikanKbn=5", "url2": "http://mychyoo.com", "内容": "マイ調剤薬局　長良店【5:薬局】岐阜県岐阜市八代２丁目１２ー１" }, "geometry": { "type": "Point", "coordinates": [ 136.771061, 35.459991 ] } },
{ "type": "Feature", "properties": { "ID": 2152101000797, "正式名称": "なにわ薬局", "機関区分": 5, "都道府県コード": 21, "市区町村コード": 201, "所在地": "岐阜県岐阜市浪花町２－６", "緯度": 35.423108, "経度": 136.750121, "url": "https://www.iryou.teikyouseido.mhlw.go.jp/znk-web/juminkanja/S2430/initialize?prefCd=21&kikanCd=2101000797&kikanKbn=5", "url2": "https://www.e-classa.net/naniwayakkyoku/index.html", "内容": "なにわ薬局【5:薬局】岐阜県岐阜市浪花町２－６" }, "geometry": { "type": "Point", "coordinates": [ 136.750121, 35.423108 ] } },
{ "type": "Feature", "properties": { "ID": 2152101000798, "正式名称": "ファースト調剤薬局　東島店", "機関区分": 5, "都道府県コード": 21, "市区町村コード": 201, "所在地": "岐阜県岐阜市東島３丁目９－２４", "緯度": 35.427568, "経度": 136.734954, "url": "https://www.iryou.teikyouseido.mhlw.go.jp/znk-web/juminkanja/S2430/initialize?prefCd=21&kikanCd=2101000798&kikanKbn=5", "url2": "https://www.first1.jp", "内容": "ファースト調剤薬局　東島店【5:薬局】岐阜県岐阜市東島３丁目９－２４" }, "geometry": { "type": "Point", "coordinates": [ 136.734954, 35.427568 ] } },
{ "type": "Feature", "properties": { "ID": 2152101000799, "正式名称": "ユタカ薬局黒野", "機関区分": 5, "都道府県コード": 21, "市区町村コード": 201, "所在地": "岐阜県岐阜市折立字村前８７３－３", "緯度": 35.458037, "経度": 136.7301, "url": "https://www.iryou.teikyouseido.mhlw.go.jp/znk-web/juminkanja/S2430/initialize?prefCd=21&kikanCd=2101000799&kikanKbn=5", "url2": "http://www.d-yutaka.co.jp", "内容": "ユタカ薬局黒野【5:薬局】岐阜県岐阜市折立字村前８７３－３" }, "geometry": { "type": "Point", "coordinates": [ 136.7301, 35.458037 ] } },
{ "type": "Feature", "properties": { "ID": 2152101000800, "正式名称": "みお薬局", "機関区分": 5, "都道府県コード": 21, "市区町村コード": 201, "所在地": "岐阜県岐阜市山吹町６－１９－１", "緯度": 35.432245, "経度": 136.746639, "url": "https://www.iryou.teikyouseido.mhlw.go.jp/znk-web/juminkanja/S2430/initialize?prefCd=21&kikanCd=2101000800&kikanKbn=5", "url2": null, "内容": "みお薬局【5:薬局】岐阜県岐阜市山吹町６－１９－１" }, "geometry": { "type": "Point", "coordinates": [ 136.746639, 35.432245 ] } },
{ "type": "Feature", "properties": { "ID": 2152101000802, "正式名称": "ファミリー薬局あくたみ店", "機関区分": 5, "都道府県コード": 21, "市区町村コード": 201, "所在地": "岐阜県岐阜市芥見野畑２丁目５３番地", "緯度": 35.441014, "経度": 136.844051, "url": "https://www.iryou.teikyouseido.mhlw.go.jp/znk-web/juminkanja/S2430/initialize?prefCd=21&kikanCd=2101000802&kikanKbn=5", "url2": null, "内容": "ファミリー薬局あくたみ店【5:薬局】岐阜県岐阜市芥見野畑２丁目５３番地" }, "geometry": { "type": "Point", "coordinates": [ 136.844051, 35.441014 ] } },
{ "type": "Feature", "properties": { "ID": 2152101000805, "正式名称": "プラス薬局　河渡店", "機関区分": 5, "都道府県コード": 21, "市区町村コード": 201, "所在地": "岐阜県岐阜市河渡３丁目１５８番地２", "緯度": 35.409874, "経度": 136.698127, "url": "https://www.iryou.teikyouseido.mhlw.go.jp/znk-web/juminkanja/S2430/initialize?prefCd=21&kikanCd=2101000805&kikanKbn=5", "url2": "http://www.plus-pharm.jp", "内容": "プラス薬局　河渡店【5:薬局】岐阜県岐阜市河渡３丁目１５８番地２" }, "geometry": { "type": "Point", "coordinates": [ 136.698127, 35.409874 ] } },
{ "type": "Feature", "properties": { "ID": 2152101000808, "正式名称": "シノダ薬局　中央店", "機関区分": 5, "都道府県コード": 21, "市区町村コード": 201, "所在地": "岐阜県岐阜市沖ノ橋町２ー９ー２", "緯度": 35.418712, "経度": 136.749842, "url": "https://www.iryou.teikyouseido.mhlw.go.jp/znk-web/juminkanja/S2430/initialize?prefCd=21&kikanCd=2101000808&kikanKbn=5", "url2": "http://www.keyaki-namiki.jp/kusuri.html", "内容": "シノダ薬局　中央店【5:薬局】岐阜県岐阜市沖ノ橋町２ー９ー２" }, "geometry": { "type": "Point", "coordinates": [ 136.749842, 35.418712 ] } },
{ "type": "Feature", "properties": { "ID": 2152101000809, "正式名称": "ひだまり調剤薬局", "機関区分": 5, "都道府県コード": 21, "市区町村コード": 201, "所在地": "岐阜県岐阜市中西郷４丁目６７ー２", "緯度": 35.468604, "経度": 136.698881, "url": "https://www.iryou.teikyouseido.mhlw.go.jp/znk-web/juminkanja/S2430/initialize?prefCd=21&kikanCd=2101000809&kikanKbn=5", "url2": null, "内容": "ひだまり調剤薬局【5:薬局】岐阜県岐阜市中西郷４丁目６７ー２" }, "geometry": { "type": "Point", "coordinates": [ 136.698881, 35.468604 ] } },
{ "type": "Feature", "properties": { "ID": 2152101000810, "正式名称": "Ｖ・ｄｒｕｇ　則武中央薬局", "機関区分": 5, "都道府県コード": 21, "市区町村コード": 201, "所在地": "岐阜県岐阜市則武東２ー１５ー１２", "緯度": 35.44006, "経度": 136.747414, "url": "https://www.iryou.teikyouseido.mhlw.go.jp/znk-web/juminkanja/S2430/initialize?prefCd=21&kikanCd=2101000810&kikanKbn=5", "url2": "https://www.vdrug.co.jp/pharmacy/", "内容": "Ｖ・ｄｒｕｇ　則武中央薬局【5:薬局】岐阜県岐阜市則武東２ー１５ー１２" }, "geometry": { "type": "Point", "coordinates": [ 136.747414, 35.44006 ] } },
{ "type": "Feature", "properties": { "ID": 2152101000811, "正式名称": "平成調剤薬局　八代店", "機関区分": 5, "都道府県コード": 21, "市区町村コード": 201, "所在地": "岐阜県岐阜市八代１－２－２８", "緯度": 35.458104, "経度": 136.774813, "url": "https://www.iryou.teikyouseido.mhlw.go.jp/znk-web/juminkanja/S2430/initialize?prefCd=21&kikanCd=2101000811&kikanKbn=5", "url2": "http://www.heisei-ph.com/", "内容": "平成調剤薬局　八代店【5:薬局】岐阜県岐阜市八代１－２－２８" }, "geometry": { "type": "Point", "coordinates": [ 136.774813, 35.458104 ] } },
{ "type": "Feature", "properties": { "ID": 2152101000812, "正式名称": "好古堂薬局", "機関区分": 5, "都道府県コード": 21, "市区町村コード": 201, "所在地": "岐阜県岐阜市鷺山向井町２５６３ー６２", "緯度": 35.442289, "経度": 136.757288, "url": "https://www.iryou.teikyouseido.mhlw.go.jp/znk-web/juminkanja/S2430/initialize?prefCd=21&kikanCd=2101000812&kikanKbn=5", "url2": null, "内容": "好古堂薬局【5:薬局】岐阜県岐阜市鷺山向井町２５６３ー６２" }, "geometry": { "type": "Point", "coordinates": [ 136.757288, 35.442289 ] } },
{ "type": "Feature", "properties": { "ID": 2152101000814, "正式名称": "みんなの薬局", "機関区分": 5, "都道府県コード": 21, "市区町村コード": 201, "所在地": "岐阜県岐阜市本荘西３丁目１３２－２", "緯度": 35.410639, "経度": 136.73058, "url": "https://www.iryou.teikyouseido.mhlw.go.jp/znk-web/juminkanja/S2430/initialize?prefCd=21&kikanCd=2101000814&kikanKbn=5", "url2": null, "内容": "みんなの薬局【5:薬局】岐阜県岐阜市本荘西３丁目１３２－２" }, "geometry": { "type": "Point", "coordinates": [ 136.73058, 35.410639 ] } },
{ "type": "Feature", "properties": { "ID": 2152101000816, "正式名称": "なの花薬局　駒爪店", "機関区分": 5, "都道府県コード": 21, "市区町村コード": 201, "所在地": "岐阜県岐阜市西駒爪町１９", "緯度": 35.416072, "経度": 136.763139, "url": "https://www.iryou.teikyouseido.mhlw.go.jp/znk-web/juminkanja/S2430/initialize?prefCd=21&kikanCd=2101000816&kikanKbn=5", "url2": "https://www.nanohana-ph.jp/", "内容": "なの花薬局　駒爪店【5:薬局】岐阜県岐阜市西駒爪町１９" }, "geometry": { "type": "Point", "coordinates": [ 136.763139, 35.416072 ] } },
{ "type": "Feature", "properties": { "ID": 2152101000818, "正式名称": "あらた町調剤薬局", "機関区分": 5, "都道府県コード": 21, "市区町村コード": 201, "所在地": "岐阜県岐阜市安良田町２丁目１１番地", "緯度": 35.409957, "経度": 136.76477, "url": "https://www.iryou.teikyouseido.mhlw.go.jp/znk-web/juminkanja/S2430/initialize?prefCd=21&kikanCd=2101000818&kikanKbn=5", "url2": null, "内容": "あらた町調剤薬局【5:薬局】岐阜県岐阜市安良田町２丁目１１番地" }, "geometry": { "type": "Point", "coordinates": [ 136.76477, 35.409957 ] } },
{ "type": "Feature", "properties": { "ID": 2152101000819, "正式名称": "しま調剤薬局", "機関区分": 5, "都道府県コード": 21, "市区町村コード": 201, "所在地": "岐阜県岐阜市西中島７－５－１２", "緯度": 35.430059, "経度": 136.72134, "url": "https://www.iryou.teikyouseido.mhlw.go.jp/znk-web/juminkanja/S2430/initialize?prefCd=21&kikanCd=2101000819&kikanKbn=5", "url2": "https://univcolt.com", "内容": "しま調剤薬局【5:薬局】岐阜県岐阜市西中島７－５－１２" }, "geometry": { "type": "Point", "coordinates": [ 136.72134, 35.430059 ] } },
{ "type": "Feature", "properties": { "ID": 2152101000820, "正式名称": "まみや調剤薬局芥見店", "機関区分": 5, "都道府県コード": 21, "市区町村コード": 201, "所在地": "岐阜県岐阜市芥見南山２丁目６番３５", "緯度": 35.456628, "経度": 136.857794, "url": "https://www.iryou.teikyouseido.mhlw.go.jp/znk-web/juminkanja/S2430/initialize?prefCd=21&kikanCd=2101000820&kikanKbn=5", "url2": "broad-goto-5807.catfood.jp", "内容": "まみや調剤薬局芥見店【5:薬局】岐阜県岐阜市芥見南山２丁目６番３５" }, "geometry": { "type": "Point", "coordinates": [ 136.857794, 35.456628 ] } },
{ "type": "Feature", "properties": { "ID": 2152101000821, "正式名称": "ユタカ薬局鏡島", "機関区分": 5, "都道府県コード": 21, "市区町村コード": 201, "所在地": "岐阜県岐阜市西荘３丁目１番１１号", "緯度": 35.409345, "経度": 136.722745, "url": "https://www.iryou.teikyouseido.mhlw.go.jp/znk-web/juminkanja/S2430/initialize?prefCd=21&kikanCd=2101000821&kikanKbn=5", "url2": "http://www.d-yutaka.co.jp/shop/237.html", "内容": "ユタカ薬局鏡島【5:薬局】岐阜県岐阜市西荘３丁目１番１１号" }, "geometry": { "type": "Point", "coordinates": [ 136.722745, 35.409345 ] } },
{ "type": "Feature", "properties": { "ID": 2152101000826, "正式名称": "スマイル薬局　よしちょう店", "機関区分": 5, "都道府県コード": 21, "市区町村コード": 201, "所在地": "岐阜県岐阜市葭町２丁目１１番１", "緯度": 35.412392, "経度": 136.743698, "url": "https://www.iryou.teikyouseido.mhlw.go.jp/znk-web/juminkanja/S2430/initialize?prefCd=21&kikanCd=2101000826&kikanKbn=5", "url2": null, "内容": "スマイル薬局　よしちょう店【5:薬局】岐阜県岐阜市葭町２丁目１１番１" }, "geometry": { "type": "Point", "coordinates": [ 136.743698, 35.412392 ] } },
{ "type": "Feature", "properties": { "ID": 2152101000830, "正式名称": "ふれあい薬局", "機関区分": 5, "都道府県コード": 21, "市区町村コード": 201, "所在地": "岐阜県岐阜市神室町４丁目２９番地３", "緯度": 35.41806, "経度": 136.754478, "url": "https://www.iryou.teikyouseido.mhlw.go.jp/znk-web/juminkanja/S2430/initialize?prefCd=21&kikanCd=2101000830&kikanKbn=5", "url2": "https://www.fureai-pharmacy.com/company", "内容": "ふれあい薬局【5:薬局】岐阜県岐阜市神室町４丁目２９番地３" }, "geometry": { "type": "Point", "coordinates": [ 136.754478, 35.41806 ] } },
{ "type": "Feature", "properties": { "ID": 2152101000831, "正式名称": "ハーズ八代調剤薬局", "機関区分": 5, "都道府県コード": 21, "市区町村コード": 201, "所在地": "岐阜県岐阜市八代１－６－１８", "緯度": 35.45785, "経度": 136.773886, "url": "https://www.iryou.teikyouseido.mhlw.go.jp/znk-web/juminkanja/S2430/initialize?prefCd=21&kikanCd=2101000831&kikanKbn=5", "url2": "https://www.hars.co.jp", "内容": "ハーズ八代調剤薬局【5:薬局】岐阜県岐阜市八代１－６－１８" }, "geometry": { "type": "Point", "coordinates": [ 136.773886, 35.45785 ] } },
{ "type": "Feature", "properties": { "ID": 2152101000834, "正式名称": "康華堂　長良漢方薬局", "機関区分": 5, "都道府県コード": 21, "市区町村コード": 201, "所在地": "岐阜県岐阜市道三町７５番地", "緯度": 35.446531, "経度": 136.764796, "url": "https://www.iryou.teikyouseido.mhlw.go.jp/znk-web/juminkanja/S2430/initialize?prefCd=21&kikanCd=2101000834&kikanKbn=5", "url2": "http://www.koukado.com/", "内容": "康華堂　長良漢方薬局【5:薬局】岐阜県岐阜市道三町７５番地" }, "geometry": { "type": "Point", "coordinates": [ 136.764796, 35.446531 ] } },
{ "type": "Feature", "properties": { "ID": 2152101000836, "正式名称": "箕浦薬局", "機関区分": 5, "都道府県コード": 21, "市区町村コード": 201, "所在地": "岐阜県岐阜市東材木町２２", "緯度": 35.434014, "経度": 136.769194, "url": "https://www.iryou.teikyouseido.mhlw.go.jp/znk-web/juminkanja/S2430/initialize?prefCd=21&kikanCd=2101000836&kikanKbn=5", "url2": null, "内容": "箕浦薬局【5:薬局】岐阜県岐阜市東材木町２２" }, "geometry": { "type": "Point", "coordinates": [ 136.769194, 35.434014 ] } },
{ "type": "Feature", "properties": { "ID": 2152101000839, "正式名称": "やしの実薬局", "機関区分": 5, "都道府県コード": 21, "市区町村コード": 201, "所在地": "岐阜県岐阜市西改田川向１２９－１", "緯度": 35.449855, "経度": 136.705457, "url": "https://www.iryou.teikyouseido.mhlw.go.jp/znk-web/juminkanja/S2430/initialize?prefCd=21&kikanCd=2101000839&kikanKbn=5", "url2": "http://will-well.com/", "内容": "やしの実薬局【5:薬局】岐阜県岐阜市西改田川向１２９－１" }, "geometry": { "type": "Point", "coordinates": [ 136.705457, 35.449855 ] } },
{ "type": "Feature", "properties": { "ID": 2152101000840, "正式名称": "Ｖ・ｄｒｕｇ　本荘薬局", "機関区分": 5, "都道府県コード": 21, "市区町村コード": 201, "所在地": "岐阜県岐阜市鹿島町５－１６", "緯度": 35.414719, "経度": 136.738593, "url": "https://www.iryou.teikyouseido.mhlw.go.jp/znk-web/juminkanja/S2430/initialize?prefCd=21&kikanCd=2101000840&kikanKbn=5", "url2": "https://www.vdrug.co.jp/", "内容": "Ｖ・ｄｒｕｇ　本荘薬局【5:薬局】岐阜県岐阜市鹿島町５－１６" }, "geometry": { "type": "Point", "coordinates": [ 136.738593, 35.414719 ] } },
{ "type": "Feature", "properties": { "ID": 2152101000841, "正式名称": "麒麟堂薬局", "機関区分": 5, "都道府県コード": 21, "市区町村コード": 201, "所在地": "岐阜県岐阜市金屋町１－１９", "緯度": 35.422569, "経度": 136.763417, "url": "https://www.iryou.teikyouseido.mhlw.go.jp/znk-web/juminkanja/S2430/initialize?prefCd=21&kikanCd=2101000841&kikanKbn=5", "url2": "kirindouyakkyoku.jimdofree.com", "内容": "麒麟堂薬局【5:薬局】岐阜県岐阜市金屋町１－１９" }, "geometry": { "type": "Point", "coordinates": [ 136.763417, 35.422569 ] } },
{ "type": "Feature", "properties": { "ID": 2152101000842, "正式名称": "平成調剤薬局　本店", "機関区分": 5, "都道府県コード": 21, "市区町村コード": 201, "所在地": "岐阜県岐阜市八代１ー３ー３", "緯度": 35.457356, "経度": 136.774189, "url": "https://www.iryou.teikyouseido.mhlw.go.jp/znk-web/juminkanja/S2430/initialize?prefCd=21&kikanCd=2101000842&kikanKbn=5", "url2": "http://www.heisei-ph.com", "内容": "平成調剤薬局　本店【5:薬局】岐阜県岐阜市八代１ー３ー３" }, "geometry": { "type": "Point", "coordinates": [ 136.774189, 35.457356 ] } },
{ "type": "Feature", "properties": { "ID": 2152101000843, "正式名称": "アイワ薬局かみつちい店", "機関区分": 5, "都道府県コード": 21, "市区町村コード": 201, "所在地": "岐阜県岐阜市上土居１－１０－７", "緯度": 35.455576, "経度": 136.764014, "url": "https://www.iryou.teikyouseido.mhlw.go.jp/znk-web/juminkanja/S2430/initialize?prefCd=21&kikanCd=2101000843&kikanKbn=5", "url2": "http://www.aiwa-pharmacy.com/original4.html#anc01_3", "内容": "アイワ薬局かみつちい店【5:薬局】岐阜県岐阜市上土居１－１０－７" }, "geometry": { "type": "Point", "coordinates": [ 136.764014, 35.455576 ] } },
{ "type": "Feature", "properties": { "ID": 2152101000844, "正式名称": "（株）順天堂薬局", "機関区分": 5, "都道府県コード": 21, "市区町村コード": 201, "所在地": "岐阜県岐阜市今小町１４番地", "緯度": 35.425712, "経度": 136.762037, "url": "https://www.iryou.teikyouseido.mhlw.go.jp/znk-web/juminkanja/S2430/initialize?prefCd=21&kikanCd=2101000844&kikanKbn=5", "url2": null, "内容": "（株）順天堂薬局【5:薬局】岐阜県岐阜市今小町１４番地" }, "geometry": { "type": "Point", "coordinates": [ 136.762037, 35.425712 ] } },
{ "type": "Feature", "properties": { "ID": 2152101000846, "正式名称": "さんあい薬局株式会社　コアラ店", "機関区分": 5, "都道府県コード": 21, "市区町村コード": 201, "所在地": "岐阜県岐阜市古市場３２１－１６", "緯度": 35.466809, "経度": 136.724185, "url": "https://www.iryou.teikyouseido.mhlw.go.jp/znk-web/juminkanja/S2430/initialize?prefCd=21&kikanCd=2101000846&kikanKbn=5", "url2": "http:/www.sun-ai-ph.co.jp", "内容": "さんあい薬局株式会社　コアラ店【5:薬局】岐阜県岐阜市古市場３２１－１６" }, "geometry": { "type": "Point", "coordinates": [ 136.724185, 35.466809 ] } },
{ "type": "Feature", "properties": { "ID": 2152101000847, "正式名称": "ライン調剤薬局　粟野店", "機関区分": 5, "都道府県コード": 21, "市区町村コード": 201, "所在地": "岐阜県岐阜市粟野東４－２６－６", "緯度": 35.48797, "経度": 136.784366, "url": "https://www.iryou.teikyouseido.mhlw.go.jp/znk-web/juminkanja/S2430/initialize?prefCd=21&kikanCd=2101000847&kikanKbn=5", "url2": null, "内容": "ライン調剤薬局　粟野店【5:薬局】岐阜県岐阜市粟野東４－２６－６" }, "geometry": { "type": "Point", "coordinates": [ 136.784366, 35.48797 ] } },
{ "type": "Feature", "properties": { "ID": 2152101000848, "正式名称": "ナガラ調剤薬局", "機関区分": 5, "都道府県コード": 21, "市区町村コード": 201, "所在地": "岐阜県岐阜市長良５－１", "緯度": 35.450259, "経度": 136.779954, "url": "https://www.iryou.teikyouseido.mhlw.go.jp/znk-web/juminkanja/S2430/initialize?prefCd=21&kikanCd=2101000848&kikanKbn=5", "url2": "https://www.kokolo-ph.com/", "内容": "ナガラ調剤薬局【5:薬局】岐阜県岐阜市長良５－１" }, "geometry": { "type": "Point", "coordinates": [ 136.779954, 35.450259 ] } },
{ "type": "Feature", "properties": { "ID": 2152101000850, "正式名称": "あかね薬局", "機関区分": 5, "都道府県コード": 21, "市区町村コード": 201, "所在地": "岐阜県岐阜市茜部菱野二丁目１５", "緯度": 35.386519, "経度": 136.752137, "url": "https://www.iryou.teikyouseido.mhlw.go.jp/znk-web/juminkanja/S2430/initialize?prefCd=21&kikanCd=2101000850&kikanKbn=5", "url2": null, "内容": "あかね薬局【5:薬局】岐阜県岐阜市茜部菱野二丁目１５" }, "geometry": { "type": "Point", "coordinates": [ 136.752137, 35.386519 ] } },
{ "type": "Feature", "properties": { "ID": 2152101000851, "正式名称": "ジップファーマシー白沢　粟野調剤薬局", "機関区分": 5, "都道府県コード": 21, "市区町村コード": 201, "所在地": "岐阜県岐阜市粟野西１丁目３９７番３", "緯度": 35.480074, "経度": 136.780114, "url": "https://www.iryou.teikyouseido.mhlw.go.jp/znk-web/juminkanja/S2430/initialize?prefCd=21&kikanCd=2101000851&kikanKbn=5", "url2": "https://www.matsukiyococokara-online.com/", "内容": "ジップファーマシー白沢　粟野調剤薬局【5:薬局】岐阜県岐阜市粟野西１丁目３９７番３" }, "geometry": { "type": "Point", "coordinates": [ 136.780114, 35.480074 ] } },
{ "type": "Feature", "properties": { "ID": 2152101000852, "正式名称": "クスリのアオキ岐阜県庁南薬局", "機関区分": 5, "都道府県コード": 21, "市区町村コード": 201, "所在地": "岐阜県岐阜市薮田南５丁目７番６号", "緯度": 35.388895, "経度": 136.71705, "url": "https://www.iryou.teikyouseido.mhlw.go.jp/znk-web/juminkanja/S2430/initialize?prefCd=21&kikanCd=2101000852&kikanKbn=5", "url2": "http://www.kusuri-aoki.co.jp/", "内容": "クスリのアオキ岐阜県庁南薬局【5:薬局】岐阜県岐阜市薮田南５丁目７番６号" }, "geometry": { "type": "Point", "coordinates": [ 136.71705, 35.388895 ] } },
{ "type": "Feature", "properties": { "ID": 2152101000857, "正式名称": "ハーズ市橋調剤薬局", "機関区分": 5, "都道府県コード": 21, "市区町村コード": 201, "所在地": "岐阜県岐阜市市橋３－７－１２", "緯度": 35.398829, "経度": 136.724846, "url": "https://www.iryou.teikyouseido.mhlw.go.jp/znk-web/juminkanja/S2430/initialize?prefCd=21&kikanCd=2101000857&kikanKbn=5", "url2": "https://www.hars.co.jp", "内容": "ハーズ市橋調剤薬局【5:薬局】岐阜県岐阜市市橋３－７－１２" }, "geometry": { "type": "Point", "coordinates": [ 136.724846, 35.398829 ] } },
{ "type": "Feature", "properties": { "ID": 2152101000859, "正式名称": "Ｖ・ｄｒｕｇ　茜部北薬局", "機関区分": 5, "都道府県コード": 21, "市区町村コード": 201, "所在地": "岐阜県岐阜市茜部中島一丁目１‐２", "緯度": 35.394404, "経度": 136.751797, "url": "https://www.iryou.teikyouseido.mhlw.go.jp/znk-web/juminkanja/S2430/initialize?prefCd=21&kikanCd=2101000859&kikanKbn=5", "url2": "https://www.vdrug.co.jp/", "内容": "Ｖ・ｄｒｕｇ　茜部北薬局【5:薬局】岐阜県岐阜市茜部中島一丁目１‐２" }, "geometry": { "type": "Point", "coordinates": [ 136.751797, 35.394404 ] } },
{ "type": "Feature", "properties": { "ID": 2152101000860, "正式名称": "なの花薬局　岐阜東島店", "機関区分": 5, "都道府県コード": 21, "市区町村コード": 201, "所在地": "岐阜県岐阜市東島２丁目１４番６号ハイム山王１Ｆ", "緯度": 35.426185, "経度": 136.737155, "url": "https://www.iryou.teikyouseido.mhlw.go.jp/znk-web/juminkanja/S2430/initialize?prefCd=21&kikanCd=2101000860&kikanKbn=5", "url2": "http://www.nanohana-ph.jp", "内容": "なの花薬局　岐阜東島店【5:薬局】岐阜県岐阜市東島２丁目１４番６号ハイム山王１Ｆ" }, "geometry": { "type": "Point", "coordinates": [ 136.737155, 35.426185 ] } },
{ "type": "Feature", "properties": { "ID": 2152101000861, "正式名称": "たんぽぽ薬局　市橋店", "機関区分": 5, "都道府県コード": 21, "市区町村コード": 201, "所在地": "岐阜県岐阜市市橋３丁目８番２号", "緯度": 35.399274, "経度": 136.724465, "url": "https://www.iryou.teikyouseido.mhlw.go.jp/znk-web/juminkanja/S2430/initialize?prefCd=21&kikanCd=2101000861&kikanKbn=5", "url2": "http://www.tanpopo-ph.co.jp", "内容": "たんぽぽ薬局　市橋店【5:薬局】岐阜県岐阜市市橋３丁目８番２号" }, "geometry": { "type": "Point", "coordinates": [ 136.724465, 35.399274 ] } },
{ "type": "Feature", "properties": { "ID": 2152101000863, "正式名称": "プラス薬局　ＦＣ芥見店", "機関区分": 5, "都道府県コード": 21, "市区町村コード": 201, "所在地": "岐阜県岐阜市芥見南山二丁目８番１９号", "緯度": 35.456836, "経度": 136.856901, "url": "https://www.iryou.teikyouseido.mhlw.go.jp/znk-web/juminkanja/S2430/initialize?prefCd=21&kikanCd=2101000863&kikanKbn=5", "url2": null, "内容": "プラス薬局　ＦＣ芥見店【5:薬局】岐阜県岐阜市芥見南山二丁目８番１９号" }, "geometry": { "type": "Point", "coordinates": [ 136.856901, 35.456836 ] } },
{ "type": "Feature", "properties": { "ID": 2152101000864, "正式名称": "たんぽぽ薬局名鉄岐阜店", "機関区分": 5, "都道府県コード": 21, "市区町村コード": 201, "所在地": "岐阜県岐阜市神田町９丁目６番地", "緯度": 35.410913, "経度": 136.759085, "url": "https://www.iryou.teikyouseido.mhlw.go.jp/znk-web/juminkanja/S2430/initialize?prefCd=21&kikanCd=2101000864&kikanKbn=5", "url2": "http://www.tanpopo-ph.co.jp/", "内容": "たんぽぽ薬局名鉄岐阜店【5:薬局】岐阜県岐阜市神田町９丁目６番地" }, "geometry": { "type": "Point", "coordinates": [ 136.759085, 35.410913 ] } },
{ "type": "Feature", "properties": { "ID": 2152101000873, "正式名称": "平成調剤薬局日野店", "機関区分": 5, "都道府県コード": 21, "市区町村コード": 201, "所在地": "岐阜県岐阜市日野東３－１２－１４", "緯度": 35.433262, "経度": 136.816808, "url": "https://www.iryou.teikyouseido.mhlw.go.jp/znk-web/juminkanja/S2430/initialize?prefCd=21&kikanCd=2101000873&kikanKbn=5", "url2": "http://www.heisei-ph.com", "内容": "平成調剤薬局日野店【5:薬局】岐阜県岐阜市日野東３－１２－１４" }, "geometry": { "type": "Point", "coordinates": [ 136.816808, 35.433262 ] } },
{ "type": "Feature", "properties": { "ID": 2152101000874, "正式名称": "かのう調剤薬局", "機関区分": 5, "都道府県コード": 21, "市区町村コード": 201, "所在地": "岐阜県岐阜市加納本町一丁目２１番", "緯度": 35.404611, "経度": 136.760919, "url": "https://www.iryou.teikyouseido.mhlw.go.jp/znk-web/juminkanja/S2430/initialize?prefCd=21&kikanCd=2101000874&kikanKbn=5", "url2": null, "内容": "かのう調剤薬局【5:薬局】岐阜県岐阜市加納本町一丁目２１番" }, "geometry": { "type": "Point", "coordinates": [ 136.760919, 35.404611 ] } },
{ "type": "Feature", "properties": { "ID": 2152101000878, "正式名称": "ピノキオ薬局　忠節店", "機関区分": 5, "都道府県コード": 21, "市区町村コード": 201, "所在地": "岐阜県岐阜市島栄町３－１２－１", "緯度": 35.429497, "経度": 136.740669, "url": "https://www.iryou.teikyouseido.mhlw.go.jp/znk-web/juminkanja/S2430/initialize?prefCd=21&kikanCd=2101000878&kikanKbn=5", "url2": "https://www.pinokio-pharmacy.jp/", "内容": "ピノキオ薬局　忠節店【5:薬局】岐阜県岐阜市島栄町３－１２－１" }, "geometry": { "type": "Point", "coordinates": [ 136.740669, 35.429497 ] } },
{ "type": "Feature", "properties": { "ID": 2152101000879, "正式名称": "ファミリー薬局安江病院前店", "機関区分": 5, "都道府県コード": 21, "市区町村コード": 201, "所在地": "岐阜県岐阜市鏡島西２丁目６番４１", "緯度": 35.409883, "経度": 136.716444, "url": "https://www.iryou.teikyouseido.mhlw.go.jp/znk-web/juminkanja/S2430/initialize?prefCd=21&kikanCd=2101000879&kikanKbn=5", "url2": null, "内容": "ファミリー薬局安江病院前店【5:薬局】岐阜県岐阜市鏡島西２丁目６番４１" }, "geometry": { "type": "Point", "coordinates": [ 136.716444, 35.409883 ] } },
{ "type": "Feature", "properties": { "ID": 2152101000880, "正式名称": "スギ薬局　岐阜都通店", "機関区分": 5, "都道府県コード": 21, "市区町村コード": 201, "所在地": "岐阜県岐阜市弁天町三丁目３８番地", "緯度": 35.419633, "経度": 136.748, "url": "https://www.iryou.teikyouseido.mhlw.go.jp/znk-web/juminkanja/S2430/initialize?prefCd=21&kikanCd=2101000880&kikanKbn=5", "url2": "http://www.drug-sugi.co.jp", "内容": "スギ薬局　岐阜都通店【5:薬局】岐阜県岐阜市弁天町三丁目３８番地" }, "geometry": { "type": "Point", "coordinates": [ 136.748, 35.419633 ] } },
{ "type": "Feature", "properties": { "ID": 2152101000882, "正式名称": "ウエルシア薬局岐阜加納本石町店", "機関区分": 5, "都道府県コード": 21, "市区町村コード": 201, "所在地": "岐阜県岐阜市加納本石町１丁目１", "緯度": 35.406179, "経度": 136.749111, "url": "https://www.iryou.teikyouseido.mhlw.go.jp/znk-web/juminkanja/S2430/initialize?prefCd=21&kikanCd=2101000882&kikanKbn=5", "url2": "https://stores.welcia.co.jp/7222D", "内容": "ウエルシア薬局岐阜加納本石町店【5:薬局】岐阜県岐阜市加納本石町１丁目１" }, "geometry": { "type": "Point", "coordinates": [ 136.749111, 35.406179 ] } },
{ "type": "Feature", "properties": { "ID": 2152101000885, "正式名称": "宮下薬局", "機関区分": 5, "都道府県コード": 21, "市区町村コード": 201, "所在地": "岐阜県岐阜市六条南１－１７－１７", "緯度": 35.40047, "経度": 136.742349, "url": "https://www.iryou.teikyouseido.mhlw.go.jp/znk-web/juminkanja/S2430/initialize?prefCd=21&kikanCd=2101000885&kikanKbn=5", "url2": "https://miya-p.com", "内容": "宮下薬局【5:薬局】岐阜県岐阜市六条南１－１７－１７" }, "geometry": { "type": "Point", "coordinates": [ 136.742349, 35.40047 ] } },
{ "type": "Feature", "properties": { "ID": 2152101000886, "正式名称": "日野坂の下薬局", "機関区分": 5, "都道府県コード": 21, "市区町村コード": 201, "所在地": "岐阜県岐阜市日野東三丁目１２番８号", "緯度": 35.432166, "経度": 136.815097, "url": "https://www.iryou.teikyouseido.mhlw.go.jp/znk-web/juminkanja/S2430/initialize?prefCd=21&kikanCd=2101000886&kikanKbn=5", "url2": "http://www.pinokio-pharmacy.jp", "内容": "日野坂の下薬局【5:薬局】岐阜県岐阜市日野東三丁目１２番８号" }, "geometry": { "type": "Point", "coordinates": [ 136.815097, 35.432166 ] } },
{ "type": "Feature", "properties": { "ID": 2152101000887, "正式名称": "ウエルシア薬局岐阜鷺山店", "機関区分": 5, "都道府県コード": 21, "市区町村コード": 201, "所在地": "岐阜県岐阜市下土居２丁目８番１１号", "緯度": 35.451747, "経度": 136.754725, "url": "https://www.iryou.teikyouseido.mhlw.go.jp/znk-web/juminkanja/S2430/initialize?prefCd=21&kikanCd=2101000887&kikanKbn=5", "url2": "https://www.welcia-yakkyoku.co.jp/stores/stores/detail/7226", "内容": "ウエルシア薬局岐阜鷺山店【5:薬局】岐阜県岐阜市下土居２丁目８番１１号" }, "geometry": { "type": "Point", "coordinates": [ 136.754725, 35.451747 ] } },
{ "type": "Feature", "properties": { "ID": 2152101000890, "正式名称": "ユタカ薬局長森", "機関区分": 5, "都道府県コード": 21, "市区町村コード": 201, "所在地": "岐阜県岐阜市水海道５丁目２－５", "緯度": 35.407422, "経度": 136.813248, "url": "https://www.iryou.teikyouseido.mhlw.go.jp/znk-web/juminkanja/S2430/initialize?prefCd=21&kikanCd=2101000890&kikanKbn=5", "url2": "http://www.d-yutaka.co.jp", "内容": "ユタカ薬局長森【5:薬局】岐阜県岐阜市水海道５丁目２－５" }, "geometry": { "type": "Point", "coordinates": [ 136.813248, 35.407422 ] } },
{ "type": "Feature", "properties": { "ID": 2152101000891, "正式名称": "Ｖ・ｄｒｕｇ　今嶺薬局", "機関区分": 5, "都道府県コード": 21, "市区町村コード": 201, "所在地": "岐阜県岐阜市今嶺１－２８－１５", "緯度": 35.400046, "経度": 136.71533, "url": "https://www.iryou.teikyouseido.mhlw.go.jp/znk-web/juminkanja/S2430/initialize?prefCd=21&kikanCd=2101000891&kikanKbn=5", "url2": "https://www.vdrug.co.jp/", "内容": "Ｖ・ｄｒｕｇ　今嶺薬局【5:薬局】岐阜県岐阜市今嶺１－２８－１５" }, "geometry": { "type": "Point", "coordinates": [ 136.71533, 35.400046 ] } },
{ "type": "Feature", "properties": { "ID": 2152101000893, "正式名称": "プラス薬局　岩滝店", "機関区分": 5, "都道府県コード": 21, "市区町村コード": 201, "所在地": "岐阜県岐阜市岩滝西三丁目７８番２", "緯度": 35.426642, "経度": 136.849714, "url": "https://www.iryou.teikyouseido.mhlw.go.jp/znk-web/juminkanja/S2430/initialize?prefCd=21&kikanCd=2101000893&kikanKbn=5", "url2": "https://www.plus-pharm.jp", "内容": "プラス薬局　岩滝店【5:薬局】岐阜県岐阜市岩滝西三丁目７８番２" }, "geometry": { "type": "Point", "coordinates": [ 136.849714, 35.426642 ] } },
{ "type": "Feature", "properties": { "ID": 2152101000894, "正式名称": "平成調剤薬局　鏡島店", "機関区分": 5, "都道府県コード": 21, "市区町村コード": 201, "所在地": "岐阜県岐阜市鏡島精華三丁目７番１２号", "緯度": 35.411966, "経度": 136.720319, "url": "https://www.iryou.teikyouseido.mhlw.go.jp/znk-web/juminkanja/S2430/initialize?prefCd=21&kikanCd=2101000894&kikanKbn=5", "url2": "https://heisei-ph.com", "内容": "平成調剤薬局　鏡島店【5:薬局】岐阜県岐阜市鏡島精華三丁目７番１２号" }, "geometry": { "type": "Point", "coordinates": [ 136.720319, 35.411966 ] } },
{ "type": "Feature", "properties": { "ID": 2152101000895, "正式名称": "クスリのアオキ鷺山薬局", "機関区分": 5, "都道府県コード": 21, "市区町村コード": 201, "所在地": "岐阜県岐阜市鷺山１３３７番地", "緯度": 35.447387, "経度": 136.756373, "url": "https://www.iryou.teikyouseido.mhlw.go.jp/znk-web/juminkanja/S2430/initialize?prefCd=21&kikanCd=2101000895&kikanKbn=5", "url2": "http://www.kusuri-aoki.co.jp/", "内容": "クスリのアオキ鷺山薬局【5:薬局】岐阜県岐阜市鷺山１３３７番地" }, "geometry": { "type": "Point", "coordinates": [ 136.756373, 35.447387 ] } },
{ "type": "Feature", "properties": { "ID": 2152101000896, "正式名称": "こころ調剤薬局　長良店", "機関区分": 5, "都道府県コード": 21, "市区町村コード": 201, "所在地": "岐阜県岐阜市福光東ニ丁目４番８", "緯度": 35.454177, "経度": 136.773244, "url": "https://www.iryou.teikyouseido.mhlw.go.jp/znk-web/juminkanja/S2430/initialize?prefCd=21&kikanCd=2101000896&kikanKbn=5", "url2": "https://www.kokolo-ph.com/", "内容": "こころ調剤薬局　長良店【5:薬局】岐阜県岐阜市福光東ニ丁目４番８" }, "geometry": { "type": "Point", "coordinates": [ 136.773244, 35.454177 ] } },
{ "type": "Feature", "properties": { "ID": 2152101000897, "正式名称": "しょうなん調剤薬局　大福店", "機関区分": 5, "都道府県コード": 21, "市区町村コード": 201, "所在地": "岐阜県岐阜市大福町８－７４－１", "緯度": 35.438017, "経度": 136.735697, "url": "https://www.iryou.teikyouseido.mhlw.go.jp/znk-web/juminkanja/S2430/initialize?prefCd=21&kikanCd=2101000897&kikanKbn=5", "url2": null, "内容": "しょうなん調剤薬局　大福店【5:薬局】岐阜県岐阜市大福町８－７４－１" }, "geometry": { "type": "Point", "coordinates": [ 136.735697, 35.438017 ] } },
{ "type": "Feature", "properties": { "ID": 2152101000899, "正式名称": "大洞薬局", "機関区分": 5, "都道府県コード": 21, "市区町村コード": 201, "所在地": "岐阜県岐阜市芥見南山３－８－５", "緯度": 35.455549, "経度": 136.862023, "url": "https://www.iryou.teikyouseido.mhlw.go.jp/znk-web/juminkanja/S2430/initialize?prefCd=21&kikanCd=2101000899&kikanKbn=5", "url2": "http://www.obora-cph.co.jp/", "内容": "大洞薬局【5:薬局】岐阜県岐阜市芥見南山３－８－５" }, "geometry": { "type": "Point", "coordinates": [ 136.862023, 35.455549 ] } },
{ "type": "Feature", "properties": { "ID": 2152101000900, "正式名称": "Ｖ・ｄｒｕｇ　ぎふ西調剤薬局", "機関区分": 5, "都道府県コード": 21, "市区町村コード": 201, "所在地": "岐阜県岐阜市鹿島町７－３４", "緯度": 35.41373, "経度": 136.735714, "url": "https://www.iryou.teikyouseido.mhlw.go.jp/znk-web/juminkanja/S2430/initialize?prefCd=21&kikanCd=2101000900&kikanKbn=5", "url2": "https://www.vdrug.co.jp/", "内容": "Ｖ・ｄｒｕｇ　ぎふ西調剤薬局【5:薬局】岐阜県岐阜市鹿島町７－３４" }, "geometry": { "type": "Point", "coordinates": [ 136.735714, 35.41373 ] } },
{ "type": "Feature", "properties": { "ID": 2152101000903, "正式名称": "のりたけ薬局", "機関区分": 5, "都道府県コード": 21, "市区町村コード": 201, "所在地": "岐阜県岐阜市則武東２丁目１９番１３号", "緯度": 35.440708, "経度": 136.747327, "url": "https://www.iryou.teikyouseido.mhlw.go.jp/znk-web/juminkanja/S2430/initialize?prefCd=21&kikanCd=2101000903&kikanKbn=5", "url2": null, "内容": "のりたけ薬局【5:薬局】岐阜県岐阜市則武東２丁目１９番１３号" }, "geometry": { "type": "Point", "coordinates": [ 136.747327, 35.440708 ] } },
{ "type": "Feature", "properties": { "ID": 2152101000904, "正式名称": "アイセイ薬局　石原店", "機関区分": 5, "都道府県コード": 21, "市区町村コード": 201, "所在地": "岐阜県岐阜市森西２９－１", "緯度": 35.487441, "経度": 136.834157, "url": "https://www.iryou.teikyouseido.mhlw.go.jp/znk-web/juminkanja/S2430/initialize?prefCd=21&kikanCd=2101000904&kikanKbn=5", "url2": "http://www.aisei.co.jp", "内容": "アイセイ薬局　石原店【5:薬局】岐阜県岐阜市森西２９－１" }, "geometry": { "type": "Point", "coordinates": [ 136.834157, 35.487441 ] } },
{ "type": "Feature", "properties": { "ID": 2152101000905, "正式名称": "貴船薬局", "機関区分": 5, "都道府県コード": 21, "市区町村コード": 201, "所在地": "岐阜県岐阜市日光町九丁目７－２", "緯度": 35.436683, "経度": 136.744106, "url": "https://www.iryou.teikyouseido.mhlw.go.jp/znk-web/juminkanja/S2430/initialize?prefCd=21&kikanCd=2101000905&kikanKbn=5", "url2": "http://www.e-classa.net/kifune_gifu/", "内容": "貴船薬局【5:薬局】岐阜県岐阜市日光町九丁目７－２" }, "geometry": { "type": "Point", "coordinates": [ 136.744106, 35.436683 ] } },
{ "type": "Feature", "properties": { "ID": 2152101000907, "正式名称": "スギ薬局　岐阜駅西店", "機関区分": 5, "都道府県コード": 21, "市区町村コード": 201, "所在地": "岐阜県岐阜市橋本町三丁目５番地", "緯度": 35.411235, "経度": 136.750512, "url": "https://www.iryou.teikyouseido.mhlw.go.jp/znk-web/juminkanja/S2430/initialize?prefCd=21&kikanCd=2101000907&kikanKbn=5", "url2": "http://www.drug-sugi.co.jp", "内容": "スギ薬局　岐阜駅西店【5:薬局】岐阜県岐阜市橋本町三丁目５番地" }, "geometry": { "type": "Point", "coordinates": [ 136.750512, 35.411235 ] } },
{ "type": "Feature", "properties": { "ID": 2152101000911, "正式名称": "スギ薬局　茜部店", "機関区分": 5, "都道府県コード": 21, "市区町村コード": 201, "所在地": "岐阜県岐阜市水主町一丁目１６２番地２", "緯度": 35.395063, "経度": 136.7561, "url": "https://www.iryou.teikyouseido.mhlw.go.jp/znk-web/juminkanja/S2430/initialize?prefCd=21&kikanCd=2101000911&kikanKbn=5", "url2": "http://www.drug-sugi.co.jp", "内容": "スギ薬局　茜部店【5:薬局】岐阜県岐阜市水主町一丁目１６２番地２" }, "geometry": { "type": "Point", "coordinates": [ 136.7561, 35.395063 ] } },
{ "type": "Feature", "properties": { "ID": 2152101000912, "正式名称": "ライン調剤薬局　須賀店", "機関区分": 5, "都道府県コード": 21, "市区町村コード": 201, "所在地": "岐阜県岐阜市須賀４丁目１８番地１１", "緯度": 35.387832, "経度": 136.714296, "url": "https://www.iryou.teikyouseido.mhlw.go.jp/znk-web/juminkanja/S2430/initialize?prefCd=21&kikanCd=2101000912&kikanKbn=5", "url2": null, "内容": "ライン調剤薬局　須賀店【5:薬局】岐阜県岐阜市須賀４丁目１８番地１１" }, "geometry": { "type": "Point", "coordinates": [ 136.714296, 35.387832 ] } },
{ "type": "Feature", "properties": { "ID": 2152101000915, "正式名称": "スギ薬局　粟野東店", "機関区分": 5, "都道府県コード": 21, "市区町村コード": 201, "所在地": "岐阜県岐阜市粟野東４丁目１７２番地", "緯度": 35.489244, "経度": 136.785312, "url": "https://www.iryou.teikyouseido.mhlw.go.jp/znk-web/juminkanja/S2430/initialize?prefCd=21&kikanCd=2101000915&kikanKbn=5", "url2": "http://www.drug-sugi.co.jp", "内容": "スギ薬局　粟野東店【5:薬局】岐阜県岐阜市粟野東４丁目１７２番地" }, "geometry": { "type": "Point", "coordinates": [ 136.785312, 35.489244 ] } },
{ "type": "Feature", "properties": { "ID": 2152101000916, "正式名称": "リリーフ薬局　芥見店", "機関区分": 5, "都道府県コード": 21, "市区町村コード": 201, "所在地": "岐阜県岐阜市芥見３―３１９―３", "緯度": 35.452016, "経度": 136.845976, "url": "https://www.iryou.teikyouseido.mhlw.go.jp/znk-web/juminkanja/S2430/initialize?prefCd=21&kikanCd=2101000916&kikanKbn=5", "url2": null, "内容": "リリーフ薬局　芥見店【5:薬局】岐阜県岐阜市芥見３―３１９―３" }, "geometry": { "type": "Point", "coordinates": [ 136.845976, 35.452016 ] } },
{ "type": "Feature", "properties": { "ID": 2152101000918, "正式名称": "ユタカ薬局　則武", "機関区分": 5, "都道府県コード": 21, "市区町村コード": 201, "所在地": "岐阜県岐阜市則武中４丁目３番６", "緯度": 35.440977, "経度": 136.743693, "url": "https://www.iryou.teikyouseido.mhlw.go.jp/znk-web/juminkanja/S2430/initialize?prefCd=21&kikanCd=2101000918&kikanKbn=5", "url2": "http://www.d-yutaka.co.jp/", "内容": "ユタカ薬局　則武【5:薬局】岐阜県岐阜市則武中４丁目３番６" }, "geometry": { "type": "Point", "coordinates": [ 136.743693, 35.440977 ] } },
{ "type": "Feature", "properties": { "ID": 2152101000919, "正式名称": "クスリのアオキ岐阜県庁前薬局", "機関区分": 5, "都道府県コード": 21, "市区町村コード": 201, "所在地": "岐阜県岐阜市今嶺２丁目５番３２号", "緯度": 35.398927, "経度": 136.720742, "url": "https://www.iryou.teikyouseido.mhlw.go.jp/znk-web/juminkanja/S2430/initialize?prefCd=21&kikanCd=2101000919&kikanKbn=5", "url2": "https://www.kusuri-aoki.co.jp/", "内容": "クスリのアオキ岐阜県庁前薬局【5:薬局】岐阜県岐阜市今嶺２丁目５番３２号" }, "geometry": { "type": "Point", "coordinates": [ 136.720742, 35.398927 ] } },
{ "type": "Feature", "properties": { "ID": 2152101000920, "正式名称": "平成調剤薬局　東長良店", "機関区分": 5, "都道府県コード": 21, "市区町村コード": 201, "所在地": "岐阜県岐阜市長良東３丁目４３番地", "緯度": 35.448738, "経度": 136.78778, "url": "https://www.iryou.teikyouseido.mhlw.go.jp/znk-web/juminkanja/S2430/initialize?prefCd=21&kikanCd=2101000920&kikanKbn=5", "url2": "http://www.heisei-ph.com", "内容": "平成調剤薬局　東長良店【5:薬局】岐阜県岐阜市長良東３丁目４３番地" }, "geometry": { "type": "Point", "coordinates": [ 136.78778, 35.448738 ] } },
{ "type": "Feature", "properties": { "ID": 2152101000921, "正式名称": "平成調剤薬局茜部店", "機関区分": 5, "都道府県コード": 21, "市区町村コード": 201, "所在地": "岐阜県岐阜市茜部新所４丁目１３３番地", "緯度": 35.380451, "経度": 136.754291, "url": "https://www.iryou.teikyouseido.mhlw.go.jp/znk-web/juminkanja/S2430/initialize?prefCd=21&kikanCd=2101000921&kikanKbn=5", "url2": "http://www.heisei-ph.com", "内容": "平成調剤薬局茜部店【5:薬局】岐阜県岐阜市茜部新所４丁目１３３番地" }, "geometry": { "type": "Point", "coordinates": [ 136.754291, 35.380451 ] } },
{ "type": "Feature", "properties": { "ID": 2152101000922, "正式名称": "平成調剤薬局長良店", "機関区分": 5, "都道府県コード": 21, "市区町村コード": 201, "所在地": "岐阜県岐阜市長良東郷町１－１１", "緯度": 35.444603, "経度": 136.778166, "url": "https://www.iryou.teikyouseido.mhlw.go.jp/znk-web/juminkanja/S2430/initialize?prefCd=21&kikanCd=2101000922&kikanKbn=5", "url2": "http://www.heisei-ph.com", "内容": "平成調剤薬局長良店【5:薬局】岐阜県岐阜市長良東郷町１－１１" }, "geometry": { "type": "Point", "coordinates": [ 136.778166, 35.444603 ] } },
{ "type": "Feature", "properties": { "ID": 2152101000927, "正式名称": "スギ薬局　岐阜入舟店", "機関区分": 5, "都道府県コード": 21, "市区町村コード": 201, "所在地": "岐阜県岐阜市入舟町５丁目３１番地１", "緯度": 35.410897, "経度": 136.784267, "url": "https://www.iryou.teikyouseido.mhlw.go.jp/znk-web/juminkanja/S2430/initialize?prefCd=21&kikanCd=2101000927&kikanKbn=5", "url2": "http://www.drug-sugi.co.jp/", "内容": "スギ薬局　岐阜入舟店【5:薬局】岐阜県岐阜市入舟町５丁目３１番地１" }, "geometry": { "type": "Point", "coordinates": [ 136.784267, 35.410897 ] } },
{ "type": "Feature", "properties": { "ID": 2152101000928, "正式名称": "しいのみセンター薬局", "機関区分": 5, "都道府県コード": 21, "市区町村コード": 201, "所在地": "岐阜県岐阜市北山１－１４－２７", "緯度": 35.457917, "経度": 136.854056, "url": "https://www.iryou.teikyouseido.mhlw.go.jp/znk-web/juminkanja/S2430/initialize?prefCd=21&kikanCd=2101000928&kikanKbn=5", "url2": "http://gifu-min.jp/pharma/page_516.html", "内容": "しいのみセンター薬局【5:薬局】岐阜県岐阜市北山１－１４－２７" }, "geometry": { "type": "Point", "coordinates": [ 136.854056, 35.457917 ] } },
{ "type": "Feature", "properties": { "ID": 2152101000929, "正式名称": "南しいのみ薬局", "機関区分": 5, "都道府県コード": 21, "市区町村コード": 201, "所在地": "岐阜県岐阜市芥見南山２－８－４７", "緯度": 35.456859, "経度": 136.855431, "url": "https://www.iryou.teikyouseido.mhlw.go.jp/znk-web/juminkanja/S2430/initialize?prefCd=21&kikanCd=2101000929&kikanKbn=5", "url2": "http://www.gifu-min.jp/pharma/page_305.html", "内容": "南しいのみ薬局【5:薬局】岐阜県岐阜市芥見南山２－８－４７" }, "geometry": { "type": "Point", "coordinates": [ 136.855431, 35.456859 ] } },
{ "type": "Feature", "properties": { "ID": 2152101000930, "正式名称": "華陽しいのみ薬局", "機関区分": 5, "都道府県コード": 21, "市区町村コード": 201, "所在地": "岐阜県岐阜市祈年町１丁目１９番地の２", "緯度": 35.405689, "経度": 136.7694, "url": "https://www.iryou.teikyouseido.mhlw.go.jp/znk-web/juminkanja/S2430/initialize?prefCd=21&kikanCd=2101000930&kikanKbn=5", "url2": "http://gifu-min.jp/pharma/page_304.html", "内容": "華陽しいのみ薬局【5:薬局】岐阜県岐阜市祈年町１丁目１９番地の２" }, "geometry": { "type": "Point", "coordinates": [ 136.7694, 35.405689 ] } },
{ "type": "Feature", "properties": { "ID": 2152101000931, "正式名称": "スマイル北一色薬局", "機関区分": 5, "都道府県コード": 21, "市区町村コード": 201, "所在地": "岐阜県岐阜市北一色６丁目３番１４号", "緯度": 35.416332, "経度": 136.792768, "url": "https://www.iryou.teikyouseido.mhlw.go.jp/znk-web/juminkanja/S2430/initialize?prefCd=21&kikanCd=2101000931&kikanKbn=5", "url2": "https://pharmalink.jp", "内容": "スマイル北一色薬局【5:薬局】岐阜県岐阜市北一色６丁目３番１４号" }, "geometry": { "type": "Point", "coordinates": [ 136.792768, 35.416332 ] } },
{ "type": "Feature", "properties": { "ID": 2152101000932, "正式名称": "しょうなん調剤薬局　昭和ライン店", "機関区分": 5, "都道府県コード": 21, "市区町村コード": 201, "所在地": "岐阜県岐阜市昭和町２－９", "緯度": 35.415084, "経度": 136.751121, "url": "https://www.iryou.teikyouseido.mhlw.go.jp/znk-web/juminkanja/S2430/initialize?prefCd=21&kikanCd=2101000932&kikanKbn=5", "url2": null, "内容": "しょうなん調剤薬局　昭和ライン店【5:薬局】岐阜県岐阜市昭和町２－９" }, "geometry": { "type": "Point", "coordinates": [ 136.751121, 35.415084 ] } },
{ "type": "Feature", "properties": { "ID": 2152101000933, "正式名称": "Ｖ・ｄｒｕｇ　柳津佐波薬局", "機関区分": 5, "都道府県コード": 21, "市区町村コード": 201, "所在地": "岐阜県岐阜市柳津町下佐波１丁目１番", "緯度": 35.364921, "経度": 136.719804, "url": "https://www.iryou.teikyouseido.mhlw.go.jp/znk-web/juminkanja/S2430/initialize?prefCd=21&kikanCd=2101000933&kikanKbn=5", "url2": "https://www.vdrug.co.jp", "内容": "Ｖ・ｄｒｕｇ　柳津佐波薬局【5:薬局】岐阜県岐阜市柳津町下佐波１丁目１番" }, "geometry": { "type": "Point", "coordinates": [ 136.719804, 35.364921 ] } },
{ "type": "Feature", "properties": { "ID": 2152101000934, "正式名称": "日本調剤岐大前薬局", "機関区分": 5, "都道府県コード": 21, "市区町村コード": 201, "所在地": "岐阜県岐阜市古市場老ノ上９３番１", "緯度": 35.464783, "経度": 136.732418, "url": "https://www.iryou.teikyouseido.mhlw.go.jp/znk-web/juminkanja/S2430/initialize?prefCd=21&kikanCd=2101000934&kikanKbn=5", "url2": "https://www.nicho.co.jp/tenpo/gidaimae/", "内容": "日本調剤岐大前薬局【5:薬局】岐阜県岐阜市古市場老ノ上９３番１" }, "geometry": { "type": "Point", "coordinates": [ 136.732418, 35.464783 ] } },
{ "type": "Feature", "properties": { "ID": 2152101000936, "正式名称": "ホップながもり薬局", "機関区分": 5, "都道府県コード": 21, "市区町村コード": 201, "所在地": "岐阜県岐阜市北一色４－３－３", "緯度": 35.409979, "経度": 136.788909, "url": "https://www.iryou.teikyouseido.mhlw.go.jp/znk-web/juminkanja/S2430/initialize?prefCd=21&kikanCd=2101000936&kikanKbn=5", "url2": "http://www.daigakudo-hop.com", "内容": "ホップながもり薬局【5:薬局】岐阜県岐阜市北一色４－３－３" }, "geometry": { "type": "Point", "coordinates": [ 136.788909, 35.409979 ] } },
{ "type": "Feature", "properties": { "ID": 2152101000937, "正式名称": "スギ薬局　柳ヶ瀬中央店", "機関区分": 5, "都道府県コード": 21, "市区町村コード": 201, "所在地": "岐阜県岐阜市日ノ出町二丁目２０番地　ＣＩＮＥＸビル内", "緯度": 35.418543, "経度": 136.758374, "url": "https://www.iryou.teikyouseido.mhlw.go.jp/znk-web/juminkanja/S2430/initialize?prefCd=21&kikanCd=2101000937&kikanKbn=5", "url2": "http://www.drug-sugi.co.jp/", "内容": "スギ薬局　柳ヶ瀬中央店【5:薬局】岐阜県岐阜市日ノ出町二丁目２０番地　ＣＩＮＥＸビル内" }, "geometry": { "type": "Point", "coordinates": [ 136.758374, 35.418543 ] } },
{ "type": "Feature", "properties": { "ID": 2152101000939, "正式名称": "日本調剤一色薬局", "機関区分": 5, "都道府県コード": 21, "市区町村コード": 201, "所在地": "岐阜県岐阜市北一色１０－２３－７", "緯度": 35.410766, "経度": 136.797034, "url": "https://www.iryou.teikyouseido.mhlw.go.jp/znk-web/juminkanja/S2430/initialize?prefCd=21&kikanCd=2101000939&kikanKbn=5", "url2": "https://www.nicho.co.jp/tenpo/issiki/", "内容": "日本調剤一色薬局【5:薬局】岐阜県岐阜市北一色１０－２３－７" }, "geometry": { "type": "Point", "coordinates": [ 136.797034, 35.410766 ] } },
{ "type": "Feature", "properties": { "ID": 2152101000940, "正式名称": "スギ薬局　長良東店", "機関区分": 5, "都道府県コード": 21, "市区町村コード": 201, "所在地": "岐阜県岐阜市長良東２丁目１３番地", "緯度": 35.448421, "経度": 136.785486, "url": "https://www.iryou.teikyouseido.mhlw.go.jp/znk-web/juminkanja/S2430/initialize?prefCd=21&kikanCd=2101000940&kikanKbn=5", "url2": "http://www.drug-sugi.co.jp/", "内容": "スギ薬局　長良東店【5:薬局】岐阜県岐阜市長良東２丁目１３番地" }, "geometry": { "type": "Point", "coordinates": [ 136.785486, 35.448421 ] } },
{ "type": "Feature", "properties": { "ID": 2152101000941, "正式名称": "クスリのアオキ則武薬局", "機関区分": 5, "都道府県コード": 21, "市区町村コード": 201, "所在地": "岐阜県岐阜市則武西Ⅰ丁目２番８号", "緯度": 35.440324, "経度": 136.738075, "url": "https://www.iryou.teikyouseido.mhlw.go.jp/znk-web/juminkanja/S2430/initialize?prefCd=21&kikanCd=2101000941&kikanKbn=5", "url2": "http://www.kusuri-aoki.co.jp/", "内容": "クスリのアオキ則武薬局【5:薬局】岐阜県岐阜市則武西Ⅰ丁目２番８号" }, "geometry": { "type": "Point", "coordinates": [ 136.738075, 35.440324 ] } },
{ "type": "Feature", "properties": { "ID": 2152101000942, "正式名称": "総合医療支援薬局", "機関区分": 5, "都道府県コード": 21, "市区町村コード": 201, "所在地": "岐阜県岐阜市切通３－１－１", "緯度": 35.399681, "経度": 136.791288, "url": "https://www.iryou.teikyouseido.mhlw.go.jp/znk-web/juminkanja/S2430/initialize?prefCd=21&kikanCd=2101000942&kikanKbn=5", "url2": "http://www.gm99.jp/", "内容": "総合医療支援薬局【5:薬局】岐阜県岐阜市切通３－１－１" }, "geometry": { "type": "Point", "coordinates": [ 136.791288, 35.399681 ] } },
{ "type": "Feature", "properties": { "ID": 2152101000944, "正式名称": "スギ薬局　柳津店", "機関区分": 5, "都道府県コード": 21, "市区町村コード": 201, "所在地": "岐阜県岐阜市柳津町蓮池三丁目４番地", "緯度": 35.368506, "経度": 136.746347, "url": "https://www.iryou.teikyouseido.mhlw.go.jp/znk-web/juminkanja/S2430/initialize?prefCd=21&kikanCd=2101000944&kikanKbn=5", "url2": "http://www.drug-sugi.co.jp", "内容": "スギ薬局　柳津店【5:薬局】岐阜県岐阜市柳津町蓮池三丁目４番地" }, "geometry": { "type": "Point", "coordinates": [ 136.746347, 35.368506 ] } },
{ "type": "Feature", "properties": { "ID": 2152101000945, "正式名称": "たんぽぽ薬局　岐阜県庁南店", "機関区分": 5, "都道府県コード": 21, "市区町村コード": 201, "所在地": "岐阜県岐阜市薮田南３丁目１３－１", "緯度": 35.390542, "経度": 136.720793, "url": "https://www.iryou.teikyouseido.mhlw.go.jp/znk-web/juminkanja/S2430/initialize?prefCd=21&kikanCd=2101000945&kikanKbn=5", "url2": "http://www.tanpopo-ph.co.jp", "内容": "たんぽぽ薬局　岐阜県庁南店【5:薬局】岐阜県岐阜市薮田南３丁目１３－１" }, "geometry": { "type": "Point", "coordinates": [ 136.720793, 35.390542 ] } },
{ "type": "Feature", "properties": { "ID": 2152101000946, "正式名称": "サルビア薬局", "機関区分": 5, "都道府県コード": 21, "市区町村コード": 201, "所在地": "岐阜県岐阜市西改田川向１３８－２", "緯度": 35.45012, "経度": 136.703612, "url": "https://www.iryou.teikyouseido.mhlw.go.jp/znk-web/juminkanja/S2430/initialize?prefCd=21&kikanCd=2101000946&kikanKbn=5", "url2": "https://naru-medi-ikoi.com/", "内容": "サルビア薬局【5:薬局】岐阜県岐阜市西改田川向１３８－２" }, "geometry": { "type": "Point", "coordinates": [ 136.703612, 35.45012 ] } },
{ "type": "Feature", "properties": { "ID": 2152101000948, "正式名称": "平成調剤薬局加納店", "機関区分": 5, "都道府県コード": 21, "市区町村コード": 201, "所在地": "岐阜県岐阜市加納栄町通５丁目１６番地", "緯度": 35.403412, "経度": 136.754636, "url": "https://www.iryou.teikyouseido.mhlw.go.jp/znk-web/juminkanja/S2430/initialize?prefCd=21&kikanCd=2101000948&kikanKbn=5", "url2": "http://www.heisei-ph.com/", "内容": "平成調剤薬局加納店【5:薬局】岐阜県岐阜市加納栄町通５丁目１６番地" }, "geometry": { "type": "Point", "coordinates": [ 136.754636, 35.403412 ] } },
{ "type": "Feature", "properties": { "ID": 2152101000949, "正式名称": "平成調剤薬局　川部店", "機関区分": 5, "都道府県コード": 21, "市区町村コード": 201, "所在地": "岐阜県岐阜市川部２丁目１４８番", "緯度": 35.436522, "経度": 136.709114, "url": "https://www.iryou.teikyouseido.mhlw.go.jp/znk-web/juminkanja/S2430/initialize?prefCd=21&kikanCd=2101000949&kikanKbn=5", "url2": "http://www.heisei-ph.com/kawabe.html", "内容": "平成調剤薬局　川部店【5:薬局】岐阜県岐阜市川部２丁目１４８番" }, "geometry": { "type": "Point", "coordinates": [ 136.709114, 35.436522 ] } },
{ "type": "Feature", "properties": { "ID": 2152101000950, "正式名称": "アイン薬局岐阜大学店", "機関区分": 5, "都道府県コード": 21, "市区町村コード": 201, "所在地": "岐阜県岐阜市大学西１丁目１０８－４", "緯度": 35.468578, "経度": 136.731927, "url": "https://www.iryou.teikyouseido.mhlw.go.jp/znk-web/juminkanja/S2430/initialize?prefCd=21&kikanCd=2101000950&kikanKbn=5", "url2": "https://www.ainj.co.jp/", "内容": "アイン薬局岐阜大学店【5:薬局】岐阜県岐阜市大学西１丁目１０８－４" }, "geometry": { "type": "Point", "coordinates": [ 136.731927, 35.468578 ] } },
{ "type": "Feature", "properties": { "ID": 2152101000953, "正式名称": "スギ薬局　岐阜城東店", "機関区分": 5, "都道府県コード": 21, "市区町村コード": 201, "所在地": "岐阜県岐阜市城東通一丁目４番地１", "緯度": 35.402213, "経度": 136.766586, "url": "https://www.iryou.teikyouseido.mhlw.go.jp/znk-web/juminkanja/S2430/initialize?prefCd=21&kikanCd=2101000953&kikanKbn=5", "url2": "https://www.sugi-net.jp/stores/001391", "内容": "スギ薬局　岐阜城東店【5:薬局】岐阜県岐阜市城東通一丁目４番地１" }, "geometry": { "type": "Point", "coordinates": [ 136.766586, 35.402213 ] } },
{ "type": "Feature", "properties": { "ID": 2152101000954, "正式名称": "なかま薬局　島田東店", "機関区分": 5, "都道府県コード": 21, "市区町村コード": 201, "所在地": "岐阜県岐阜市島田東町４４", "緯度": 35.416186, "経度": 136.74186, "url": "https://www.iryou.teikyouseido.mhlw.go.jp/znk-web/juminkanja/S2430/initialize?prefCd=21&kikanCd=2101000954&kikanKbn=5", "url2": "https://nakama-ph.com/", "内容": "なかま薬局　島田東店【5:薬局】岐阜県岐阜市島田東町４４" }, "geometry": { "type": "Point", "coordinates": [ 136.74186, 35.416186 ] } },
{ "type": "Feature", "properties": { "ID": 2152101000955, "正式名称": "わかば薬局　六条店", "機関区分": 5, "都道府県コード": 21, "市区町村コード": 201, "所在地": "岐阜県岐阜市六条北２－１０－９六条メディカルモール１Ｆ", "緯度": 35.401168, "経度": 136.742826, "url": "https://www.iryou.teikyouseido.mhlw.go.jp/znk-web/juminkanja/S2430/initialize?prefCd=21&kikanCd=2101000955&kikanKbn=5", "url2": "http://www.wakaba-hldgs.co.jp/", "内容": "わかば薬局　六条店【5:薬局】岐阜県岐阜市六条北２－１０－９六条メディカルモール１Ｆ" }, "geometry": { "type": "Point", "coordinates": [ 136.742826, 35.401168 ] } },
{ "type": "Feature", "properties": { "ID": 2152101000956, "正式名称": "青木薬局", "機関区分": 5, "都道府県コード": 21, "市区町村コード": 201, "所在地": "岐阜県岐阜市加納新本町２－２８", "緯度": 35.406253, "経度": 136.751881, "url": "https://www.iryou.teikyouseido.mhlw.go.jp/znk-web/juminkanja/S2430/initialize?prefCd=21&kikanCd=2101000956&kikanKbn=5", "url2": "https://www.aoki-ph.jp", "内容": "青木薬局【5:薬局】岐阜県岐阜市加納新本町２－２８" }, "geometry": { "type": "Point", "coordinates": [ 136.751881, 35.406253 ] } },
{ "type": "Feature", "properties": { "ID": 2152101000957, "正式名称": "ライン調剤薬局　琴塚店", "機関区分": 5, "都道府県コード": 21, "市区町村コード": 201, "所在地": "岐阜県岐阜市琴塚２丁目１３－２", "緯度": 35.415345, "経度": 136.811352, "url": "https://www.iryou.teikyouseido.mhlw.go.jp/znk-web/juminkanja/S2430/initialize?prefCd=21&kikanCd=2101000957&kikanKbn=5", "url2": null, "内容": "ライン調剤薬局　琴塚店【5:薬局】岐阜県岐阜市琴塚２丁目１３－２" }, "geometry": { "type": "Point", "coordinates": [ 136.811352, 35.415345 ] } },
{ "type": "Feature", "properties": { "ID": 2152101000958, "正式名称": "ユタカ薬局岐阜福光南", "機関区分": 5, "都道府県コード": 21, "市区町村コード": 201, "所在地": "岐阜県岐阜市福光南町２２－２１", "緯度": 35.449678, "経度": 136.769105, "url": "https://www.iryou.teikyouseido.mhlw.go.jp/znk-web/juminkanja/S2430/initialize?prefCd=21&kikanCd=2101000958&kikanKbn=5", "url2": "https://www.d-yutaka.co.jp/", "内容": "ユタカ薬局岐阜福光南【5:薬局】岐阜県岐阜市福光南町２２－２１" }, "geometry": { "type": "Point", "coordinates": [ 136.769105, 35.449678 ] } },
{ "type": "Feature", "properties": { "ID": 2152101000959, "正式名称": "大洞薬局　加野店", "機関区分": 5, "都道府県コード": 21, "市区町村コード": 201, "所在地": "岐阜県岐阜市向加野３－６－１２", "緯度": 35.465362, "経度": 136.827533, "url": "https://www.iryou.teikyouseido.mhlw.go.jp/znk-web/juminkanja/S2430/initialize?prefCd=21&kikanCd=2101000959&kikanKbn=5", "url2": "obora-cph.co.jp", "内容": "大洞薬局　加野店【5:薬局】岐阜県岐阜市向加野３－６－１２" }, "geometry": { "type": "Point", "coordinates": [ 136.827533, 35.465362 ] } },
{ "type": "Feature", "properties": { "ID": 2152101000960, "正式名称": "ウエルシア薬局岐阜福光西店", "機関区分": 5, "都道府県コード": 21, "市区町村コード": 201, "所在地": "岐阜県岐阜市福光西３丁目１１番地１号", "緯度": 35.456363, "経度": 136.770637, "url": "https://www.iryou.teikyouseido.mhlw.go.jp/znk-web/juminkanja/S2430/initialize?prefCd=21&kikanCd=2101000960&kikanKbn=5", "url2": "http://stores.welcia.co.jp/7280D", "内容": "ウエルシア薬局岐阜福光西店【5:薬局】岐阜県岐阜市福光西３丁目１１番地１号" }, "geometry": { "type": "Point", "coordinates": [ 136.770637, 35.456363 ] } },
{ "type": "Feature", "properties": { "ID": 2152101000961, "正式名称": "ライフ在宅支援薬局", "機関区分": 5, "都道府県コード": 21, "市区町村コード": 201, "所在地": "岐阜県岐阜市福光南町１２－１５", "緯度": 35.448589, "経度": 136.765892, "url": "https://www.iryou.teikyouseido.mhlw.go.jp/znk-web/juminkanja/S2430/initialize?prefCd=21&kikanCd=2101000961&kikanKbn=5", "url2": "https://univcolt.com", "内容": "ライフ在宅支援薬局【5:薬局】岐阜県岐阜市福光南町１２－１５" }, "geometry": { "type": "Point", "coordinates": [ 136.765892, 35.448589 ] } },
{ "type": "Feature", "properties": { "ID": 2152101000962, "正式名称": "平成調剤薬局市役所前店", "機関区分": 5, "都道府県コード": 21, "市区町村コード": 201, "所在地": "岐阜県岐阜市江川町２２", "緯度": 35.422826, "経度": 136.76006, "url": "https://www.iryou.teikyouseido.mhlw.go.jp/znk-web/juminkanja/S2430/initialize?prefCd=21&kikanCd=2101000962&kikanKbn=5", "url2": "http://www.heisei-ph.com/", "内容": "平成調剤薬局市役所前店【5:薬局】岐阜県岐阜市江川町２２" }, "geometry": { "type": "Point", "coordinates": [ 136.76006, 35.422826 ] } },
{ "type": "Feature", "properties": { "ID": 2152101000963, "正式名称": "スギ薬局市橋店", "機関区分": 5, "都道府県コード": 21, "市区町村コード": 201, "所在地": "岐阜県岐阜市市橋二丁目８番５号", "緯度": 35.401002, "経度": 136.72698, "url": "https://www.iryou.teikyouseido.mhlw.go.jp/znk-web/juminkanja/S2430/initialize?prefCd=21&kikanCd=2101000963&kikanKbn=5", "url2": "http://www.drug-sugi.co.jp", "内容": "スギ薬局市橋店【5:薬局】岐阜県岐阜市市橋二丁目８番５号" }, "geometry": { "type": "Point", "coordinates": [ 136.72698, 35.401002 ] } },
{ "type": "Feature", "properties": { "ID": 2152101000968, "正式名称": "スギ薬局　岐阜正木店", "機関区分": 5, "都道府県コード": 21, "市区町村コード": 201, "所在地": "岐阜県岐阜市正木１２５７番地２", "緯度": 35.450573, "経度": 136.746326, "url": "https://www.iryou.teikyouseido.mhlw.go.jp/znk-web/juminkanja/S2430/initialize?prefCd=21&kikanCd=2101000968&kikanKbn=5", "url2": "http://www.drug-sugi.co.jp/", "内容": "スギ薬局　岐阜正木店【5:薬局】岐阜県岐阜市正木１２５７番地２" }, "geometry": { "type": "Point", "coordinates": [ 136.746326, 35.450573 ] } },
{ "type": "Feature", "properties": { "ID": 2152101000974, "正式名称": "トーカイ薬局　岐北店", "機関区分": 5, "都道府県コード": 21, "市区町村コード": 201, "所在地": "岐阜県岐阜市三田洞９０２－１", "緯度": 35.479471, "経度": 136.784869, "url": "https://www.iryou.teikyouseido.mhlw.go.jp/znk-web/juminkanja/S2430/initialize?prefCd=21&kikanCd=2101000974&kikanKbn=5", "url2": "http://www.t-phas.com", "内容": "トーカイ薬局　岐北店【5:薬局】岐阜県岐阜市三田洞９０２－１" }, "geometry": { "type": "Point", "coordinates": [ 136.784869, 35.479471 ] } },
{ "type": "Feature", "properties": { "ID": 2152101000975, "正式名称": "つかさファーマシー", "機関区分": 5, "都道府県コード": 21, "市区町村コード": 201, "所在地": "岐阜県岐阜市川部１－６７－１", "緯度": 35.440401, "経度": 136.708834, "url": "https://www.iryou.teikyouseido.mhlw.go.jp/znk-web/juminkanja/S2430/initialize?prefCd=21&kikanCd=2101000975&kikanKbn=5", "url2": "https://www.kusurinomadoguchi.com/gifu/s1000116596", "内容": "つかさファーマシー【5:薬局】岐阜県岐阜市川部１－６７－１" }, "geometry": { "type": "Point", "coordinates": [ 136.708834, 35.440401 ] } },
{ "type": "Feature", "properties": { "ID": 2152101000977, "正式名称": "ピノキオ薬局　佐波店", "機関区分": 5, "都道府県コード": 21, "市区町村コード": 201, "所在地": "岐阜県岐阜市柳津町上佐波西３－１４９", "緯度": 35.374491, "経度": 136.71414, "url": "https://www.iryou.teikyouseido.mhlw.go.jp/znk-web/juminkanja/S2430/initialize?prefCd=21&kikanCd=2101000977&kikanKbn=5", "url2": "www.pinokio-pharmacy.jp", "内容": "ピノキオ薬局　佐波店【5:薬局】岐阜県岐阜市柳津町上佐波西３－１４９" }, "geometry": { "type": "Point", "coordinates": [ 136.71414, 35.374491 ] } },
{ "type": "Feature", "properties": { "ID": 2152101000979, "正式名称": "ウエルシア薬局岐阜琴塚店", "機関区分": 5, "都道府県コード": 21, "市区町村コード": 201, "所在地": "岐阜県岐阜市琴塚４－３－２０", "緯度": 35.421321, "経度": 136.814311, "url": "https://www.iryou.teikyouseido.mhlw.go.jp/znk-web/juminkanja/S2430/initialize?prefCd=21&kikanCd=2101000979&kikanKbn=5", "url2": "https://stores.welcia.co.jp/7241D", "内容": "ウエルシア薬局岐阜琴塚店【5:薬局】岐阜県岐阜市琴塚４－３－２０" }, "geometry": { "type": "Point", "coordinates": [ 136.814311, 35.421321 ] } },
{ "type": "Feature", "properties": { "ID": 2152101000980, "正式名称": "クスリのアオキ　野一色薬局", "機関区分": 5, "都道府県コード": 21, "市区町村コード": 201, "所在地": "岐阜県岐阜市野一色５丁目１１番１号", "緯度": 35.413334, "経度": 136.806837, "url": "https://www.iryou.teikyouseido.mhlw.go.jp/znk-web/juminkanja/S2430/initialize?prefCd=21&kikanCd=2101000980&kikanKbn=5", "url2": "http://www.kusuru-aoki.co.jp", "内容": "クスリのアオキ　野一色薬局【5:薬局】岐阜県岐阜市野一色５丁目１１番１号" }, "geometry": { "type": "Point", "coordinates": [ 136.806837, 35.413334 ] } },
{ "type": "Feature", "properties": { "ID": 2152101000981, "正式名称": "クスリのアオキ　細畑薬局", "機関区分": 5, "都道府県コード": 21, "市区町村コード": 201, "所在地": "岐阜県岐阜市細畑３丁目２１番２８号", "緯度": 35.402034, "経度": 136.79131, "url": "https://www.iryou.teikyouseido.mhlw.go.jp/znk-web/juminkanja/S2430/initialize?prefCd=21&kikanCd=2101000981&kikanKbn=5", "url2": "http://www.kusuri-aoki.co.jp", "内容": "クスリのアオキ　細畑薬局【5:薬局】岐阜県岐阜市細畑３丁目２１番２８号" }, "geometry": { "type": "Point", "coordinates": [ 136.79131, 35.402034 ] } },
{ "type": "Feature", "properties": { "ID": 2152101000982, "正式名称": "スギ薬局　早田東店", "機関区分": 5, "都道府県コード": 21, "市区町村コード": 201, "所在地": "岐阜県岐阜市早田東町十丁目４５番地", "緯度": 35.439158, "経度": 136.760582, "url": "https://www.iryou.teikyouseido.mhlw.go.jp/znk-web/juminkanja/S2430/initialize?prefCd=21&kikanCd=2101000982&kikanKbn=5", "url2": "http://www.drug-sugi.co.jp/", "内容": "スギ薬局　早田東店【5:薬局】岐阜県岐阜市早田東町十丁目４５番地" }, "geometry": { "type": "Point", "coordinates": [ 136.760582, 35.439158 ] } },
{ "type": "Feature", "properties": { "ID": 2152101000984, "正式名称": "Ｖ・ｄｒｕｇ　茜部新所薬局", "機関区分": 5, "都道府県コード": 21, "市区町村コード": 201, "所在地": "岐阜県岐阜市茜部新所三丁目１４２番地", "緯度": 35.382338, "経度": 136.75941, "url": "https://www.iryou.teikyouseido.mhlw.go.jp/znk-web/juminkanja/S2430/initialize?prefCd=21&kikanCd=2101000984&kikanKbn=5", "url2": "https://vdrug.co.jp/pharmacy/", "内容": "Ｖ・ｄｒｕｇ　茜部新所薬局【5:薬局】岐阜県岐阜市茜部新所三丁目１４２番地" }, "geometry": { "type": "Point", "coordinates": [ 136.75941, 35.382338 ] } },
{ "type": "Feature", "properties": { "ID": 2152101000985, "正式名称": "ユニファーマシーユウ薬局", "機関区分": 5, "都道府県コード": 21, "市区町村コード": 201, "所在地": "岐阜県岐阜市長良校前町４－８－３", "緯度": 35.445427, "経度": 136.781579, "url": "https://www.iryou.teikyouseido.mhlw.go.jp/znk-web/juminkanja/S2430/initialize?prefCd=21&kikanCd=2101000985&kikanKbn=5", "url2": "https://univcolt.com", "内容": "ユニファーマシーユウ薬局【5:薬局】岐阜県岐阜市長良校前町４－８－３" }, "geometry": { "type": "Point", "coordinates": [ 136.781579, 35.445427 ] } },
{ "type": "Feature", "properties": { "ID": 2152101000986, "正式名称": "スギ薬局　鏡島東店", "機関区分": 5, "都道府県コード": 21, "市区町村コード": 201, "所在地": "岐阜県岐阜市鏡島精華一丁目１番６号", "緯度": 35.412694, "経度": 136.726969, "url": "https://www.iryou.teikyouseido.mhlw.go.jp/znk-web/juminkanja/S2430/initialize?prefCd=21&kikanCd=2101000986&kikanKbn=5", "url2": "http://www.drug-sugi.co.jp/", "内容": "スギ薬局　鏡島東店【5:薬局】岐阜県岐阜市鏡島精華一丁目１番６号" }, "geometry": { "type": "Point", "coordinates": [ 136.726969, 35.412694 ] } },
{ "type": "Feature", "properties": { "ID": 2152101000989, "正式名称": "なかま薬局うずら店", "機関区分": 5, "都道府県コード": 21, "市区町村コード": 201, "所在地": "岐阜県岐阜市中鶉７丁目７３－３", "緯度": 35.377422, "経度": 136.730794, "url": "https://www.iryou.teikyouseido.mhlw.go.jp/znk-web/juminkanja/S2430/initialize?prefCd=21&kikanCd=2101000989&kikanKbn=5", "url2": "https://nakama-ph.com", "内容": "なかま薬局うずら店【5:薬局】岐阜県岐阜市中鶉７丁目７３－３" }, "geometry": { "type": "Point", "coordinates": [ 136.730794, 35.377422 ] } },
{ "type": "Feature", "properties": { "ID": 2152101000990, "正式名称": "Ｖ・ｄｒｕｇ　領下中央薬局", "機関区分": 5, "都道府県コード": 21, "市区町村コード": 201, "所在地": "岐阜県岐阜市領下６－２６－１", "緯度": 35.403875, "経度": 136.780173, "url": "https://www.iryou.teikyouseido.mhlw.go.jp/znk-web/juminkanja/S2430/initialize?prefCd=21&kikanCd=2101000990&kikanKbn=5", "url2": "https://www.vdrug.co.jp", "内容": "Ｖ・ｄｒｕｇ　領下中央薬局【5:薬局】岐阜県岐阜市領下６－２６－１" }, "geometry": { "type": "Point", "coordinates": [ 136.780173, 35.403875 ] } },
{ "type": "Feature", "properties": { "ID": 2152101000991, "正式名称": "ふたば調剤薬局", "機関区分": 5, "都道府県コード": 21, "市区町村コード": 201, "所在地": "岐阜県岐阜市福光東１－２７－８", "緯度": 35.451658, "経度": 136.772799, "url": "https://www.iryou.teikyouseido.mhlw.go.jp/znk-web/juminkanja/S2430/initialize?prefCd=21&kikanCd=2101000991&kikanKbn=5", "url2": "https://nagase-group.com", "内容": "ふたば調剤薬局【5:薬局】岐阜県岐阜市福光東１－２７－８" }, "geometry": { "type": "Point", "coordinates": [ 136.772799, 35.451658 ] } },
{ "type": "Feature", "properties": { "ID": 2152101000992, "正式名称": "平成調剤薬局金町店", "機関区分": 5, "都道府県コード": 21, "市区町村コード": 201, "所在地": "岐阜県岐阜市金町５丁目１０番３号", "緯度": 35.41718, "経度": 136.756671, "url": "https://www.iryou.teikyouseido.mhlw.go.jp/znk-web/juminkanja/S2430/initialize?prefCd=21&kikanCd=2101000992&kikanKbn=5", "url2": "http://www.heisei-ph.com", "内容": "平成調剤薬局金町店【5:薬局】岐阜県岐阜市金町５丁目１０番３号" }, "geometry": { "type": "Point", "coordinates": [ 136.756671, 35.41718 ] } },
{ "type": "Feature", "properties": { "ID": 2152101000994, "正式名称": "有限会社　大野元一郎薬局", "機関区分": 5, "都道府県コード": 21, "市区町村コード": 201, "所在地": "岐阜県岐阜市加納大黒町", "緯度": 35.399019, "経度": 136.752214, "url": "https://www.iryou.teikyouseido.mhlw.go.jp/znk-web/juminkanja/S2430/initialize?prefCd=21&kikanCd=2101000994&kikanKbn=5", "url2": "https://www.motoichiro.net", "内容": "有限会社　大野元一郎薬局【5:薬局】岐阜県岐阜市加納大黒町" }, "geometry": { "type": "Point", "coordinates": [ 136.752214, 35.399019 ] } },
{ "type": "Feature", "properties": { "ID": 2152101000996, "正式名称": "またまる薬局", "機関区分": 5, "都道府県コード": 21, "市区町村コード": 201, "所在地": "岐阜県岐阜市又丸町畑１２番１", "緯度": 35.440553, "経度": 136.704876, "url": "https://www.iryou.teikyouseido.mhlw.go.jp/znk-web/juminkanja/S2430/initialize?prefCd=21&kikanCd=2101000996&kikanKbn=5", "url2": "https://matamaru-ph.com", "内容": "またまる薬局【5:薬局】岐阜県岐阜市又丸町畑１２番１" }, "geometry": { "type": "Point", "coordinates": [ 136.704876, 35.440553 ] } },
{ "type": "Feature", "properties": { "ID": 2152101000998, "正式名称": "八ツ草調剤薬局", "機関区分": 5, "都道府県コード": 21, "市区町村コード": 201, "所在地": "岐阜県岐阜市本荘中ノ町１０－２９－２", "緯度": 35.402915, "経度": 136.732408, "url": "https://www.iryou.teikyouseido.mhlw.go.jp/znk-web/juminkanja/S2430/initialize?prefCd=21&kikanCd=2101000998&kikanKbn=5", "url2": "https://www.apocreat.co.jp", "内容": "八ツ草調剤薬局【5:薬局】岐阜県岐阜市本荘中ノ町１０－２９－２" }, "geometry": { "type": "Point", "coordinates": [ 136.732408, 35.402915 ] } },
{ "type": "Feature", "properties": { "ID": 2152101001000, "正式名称": "Ｖ・ｄｒｕｇ　領下薬局", "機関区分": 5, "都道府県コード": 21, "市区町村コード": 201, "所在地": "岐阜県岐阜市領下５－５７－１", "緯度": 35.407877, "経度": 136.78118, "url": "https://www.iryou.teikyouseido.mhlw.go.jp/znk-web/juminkanja/S2430/initialize?prefCd=21&kikanCd=2101001000&kikanKbn=5", "url2": "https://vdrug.co.jp/pharmacy/", "内容": "Ｖ・ｄｒｕｇ　領下薬局【5:薬局】岐阜県岐阜市領下５－５７－１" }, "geometry": { "type": "Point", "coordinates": [ 136.78118, 35.407877 ] } },
{ "type": "Feature", "properties": { "ID": 2152101001001, "正式名称": "クスリのアオキ北島薬局", "機関区分": 5, "都道府県コード": 21, "市区町村コード": 201, "所在地": "岐阜県岐阜市北島３丁目１番５号", "緯度": 35.427111, "経度": 136.726018, "url": "https://www.iryou.teikyouseido.mhlw.go.jp/znk-web/juminkanja/S2430/initialize?prefCd=21&kikanCd=2101001001&kikanKbn=5", "url2": "https://www.kusuri-aoki.co.jp/", "内容": "クスリのアオキ北島薬局【5:薬局】岐阜県岐阜市北島３丁目１番５号" }, "geometry": { "type": "Point", "coordinates": [ 136.726018, 35.427111 ] } },
{ "type": "Feature", "properties": { "ID": 2152101001003, "正式名称": "クスリのアオキ　芥見薬局", "機関区分": 5, "都道府県コード": 21, "市区町村コード": 201, "所在地": "岐阜県岐阜市芥見南山２丁目８番４４号", "緯度": 35.456958, "経度": 136.856245, "url": "https://www.iryou.teikyouseido.mhlw.go.jp/znk-web/juminkanja/S2430/initialize?prefCd=21&kikanCd=2101001003&kikanKbn=5", "url2": "https://www.kusuri-aoki.co.jp/", "内容": "クスリのアオキ　芥見薬局【5:薬局】岐阜県岐阜市芥見南山２丁目８番４４号" }, "geometry": { "type": "Point", "coordinates": [ 136.856245, 35.456958 ] } },
{ "type": "Feature", "properties": { "ID": 2152101001004, "正式名称": "クスリのアオキ　上尻毛薬局", "機関区分": 5, "都道府県コード": 21, "市区町村コード": 201, "所在地": "岐阜県岐阜市上尻毛八幡６０番地１", "緯度": 35.443724, "経度": 136.705908, "url": "https://www.iryou.teikyouseido.mhlw.go.jp/znk-web/juminkanja/S2430/initialize?prefCd=21&kikanCd=2101001004&kikanKbn=5", "url2": "https://www.kusuri-aoki.co.jp/", "内容": "クスリのアオキ　上尻毛薬局【5:薬局】岐阜県岐阜市上尻毛八幡６０番地１" }, "geometry": { "type": "Point", "coordinates": [ 136.705908, 35.443724 ] } },
{ "type": "Feature", "properties": { "ID": 2152101001005, "正式名称": "クスリのアオキ　加納桜道薬局", "機関区分": 5, "都道府県コード": 21, "市区町村コード": 201, "所在地": "岐阜県岐阜市加納桜道２丁目１番地１", "緯度": 35.405662, "経度": 136.75958, "url": "https://www.iryou.teikyouseido.mhlw.go.jp/znk-web/juminkanja/S2430/initialize?prefCd=21&kikanCd=2101001005&kikanKbn=5", "url2": "https://app.kusuri-aoki.co.jp/html/Index.php", "内容": "クスリのアオキ　加納桜道薬局【5:薬局】岐阜県岐阜市加納桜道２丁目１番地１" }, "geometry": { "type": "Point", "coordinates": [ 136.75958, 35.405662 ] } },
{ "type": "Feature", "properties": { "ID": 2152101001006, "正式名称": "ナナ調剤薬局祈年町店", "機関区分": 5, "都道府県コード": 21, "市区町村コード": 201, "所在地": "岐阜県岐阜市祈年町１０ー１５－１", "緯度": 35.40454, "経度": 136.773002, "url": "https://www.iryou.teikyouseido.mhlw.go.jp/znk-web/juminkanja/S2430/initialize?prefCd=21&kikanCd=2101001006&kikanKbn=5", "url2": "https://ggwh.jp", "内容": "ナナ調剤薬局祈年町店【5:薬局】岐阜県岐阜市祈年町１０ー１５－１" }, "geometry": { "type": "Point", "coordinates": [ 136.773002, 35.40454 ] } },
{ "type": "Feature", "properties": { "ID": 2152101001007, "正式名称": "くすりのアオキ上川手薬局", "機関区分": 5, "都道府県コード": 21, "市区町村コード": 201, "所在地": "岐阜県岐阜市上川手５６６番地", "緯度": 35.404136, "経度": 136.774976, "url": "https://www.iryou.teikyouseido.mhlw.go.jp/znk-web/juminkanja/S2430/initialize?prefCd=21&kikanCd=2101001007&kikanKbn=5", "url2": "http://www.kusuri-aoki.co.jp/", "内容": "くすりのアオキ上川手薬局【5:薬局】岐阜県岐阜市上川手５６６番地" }, "geometry": { "type": "Point", "coordinates": [ 136.774976, 35.404136 ] } },
{ "type": "Feature", "properties": { "ID": 2152101001008, "正式名称": "Ｖ・ｄｒｕｇ　岐阜大学病院前薬局", "機関区分": 5, "都道府県コード": 21, "市区町村コード": 201, "所在地": "岐阜県岐阜市柳戸１番１", "緯度": 35.468649, "経度": 136.732967, "url": "https://www.iryou.teikyouseido.mhlw.go.jp/znk-web/juminkanja/S2430/initialize?prefCd=21&kikanCd=2101001008&kikanKbn=5", "url2": "https://www.vdrug.co.jp/", "内容": "Ｖ・ｄｒｕｇ　岐阜大学病院前薬局【5:薬局】岐阜県岐阜市柳戸１番１" }, "geometry": { "type": "Point", "coordinates": [ 136.732967, 35.468649 ] } },
{ "type": "Feature", "properties": { "ID": 2152101001009, "正式名称": "Ｖ・ｄｒｕｇ　岐阜県庁西薬局", "機関区分": 5, "都道府県コード": 21, "市区町村コード": 201, "所在地": "岐阜県岐阜市下奈良２ー３ー３", "緯度": 35.390189, "経度": 136.713408, "url": "https://www.iryou.teikyouseido.mhlw.go.jp/znk-web/juminkanja/S2430/initialize?prefCd=21&kikanCd=2101001009&kikanKbn=5", "url2": "https://www.vdrug.co.jp/", "内容": "Ｖ・ｄｒｕｇ　岐阜県庁西薬局【5:薬局】岐阜県岐阜市下奈良２ー３ー３" }, "geometry": { "type": "Point", "coordinates": [ 136.713408, 35.390189 ] } },
{ "type": "Feature", "properties": { "ID": 2152101001011, "正式名称": "平成調剤薬局　福光店", "機関区分": 5, "都道府県コード": 21, "市区町村コード": 201, "所在地": "岐阜県岐阜市福光東３－９－１１", "緯度": 35.455899, "経度": 136.771184, "url": "https://www.iryou.teikyouseido.mhlw.go.jp/znk-web/juminkanja/S2430/initialize?prefCd=21&kikanCd=2101001011&kikanKbn=5", "url2": "http://www.heisei-ph.com", "内容": "平成調剤薬局　福光店【5:薬局】岐阜県岐阜市福光東３－９－１１" }, "geometry": { "type": "Point", "coordinates": [ 136.771184, 35.455899 ] } },
{ "type": "Feature", "properties": { "ID": 2152101001013, "正式名称": "ルル六条南薬局", "機関区分": 5, "都道府県コード": 21, "市区町村コード": 201, "所在地": "岐阜県岐阜市六条南２－８－１８", "緯度": 35.396583, "経度": 136.74139, "url": "https://www.iryou.teikyouseido.mhlw.go.jp/znk-web/juminkanja/S2430/initialize?prefCd=21&kikanCd=2101001013&kikanKbn=5", "url2": "http://pharma-as.com/lulu.group/", "内容": "ルル六条南薬局【5:薬局】岐阜県岐阜市六条南２－８－１８" }, "geometry": { "type": "Point", "coordinates": [ 136.74139, 35.396583 ] } },
{ "type": "Feature", "properties": { "ID": 2152101001014, "正式名称": "たんぽぽ薬局　あじき店", "機関区分": 5, "都道府県コード": 21, "市区町村コード": 201, "所在地": "岐阜県岐阜市安食１－８６－３", "緯度": 35.48978, "経度": 136.722298, "url": "https://www.iryou.teikyouseido.mhlw.go.jp/znk-web/juminkanja/S2430/initialize?prefCd=21&kikanCd=2101001014&kikanKbn=5", "url2": "https://www.tanpopo-ph.co.jp", "内容": "たんぽぽ薬局　あじき店【5:薬局】岐阜県岐阜市安食１－８６－３" }, "geometry": { "type": "Point", "coordinates": [ 136.722298, 35.48978 ] } },
{ "type": "Feature", "properties": { "ID": 2152101001015, "正式名称": "太陽堂薬局", "機関区分": 5, "都道府県コード": 21, "市区町村コード": 201, "所在地": "岐阜県岐阜市矢島町２－５４", "緯度": 35.429046, "経度": 136.763313, "url": "https://www.iryou.teikyouseido.mhlw.go.jp/znk-web/juminkanja/S2430/initialize?prefCd=21&kikanCd=2101001015&kikanKbn=5", "url2": "https://univcolt.com", "内容": "太陽堂薬局【5:薬局】岐阜県岐阜市矢島町２－５４" }, "geometry": { "type": "Point", "coordinates": [ 136.763313, 35.429046 ] } },
{ "type": "Feature", "properties": { "ID": 2152101001016, "正式名称": "ユニスマイル薬局岐阜市民病院前店", "機関区分": 5, "都道府県コード": 21, "市区町村コード": 201, "所在地": "岐阜県岐阜市瑞穂町３３番５", "緯度": 35.414702, "経度": 136.734193, "url": "https://www.iryou.teikyouseido.mhlw.go.jp/znk-web/juminkanja/S2430/initialize?prefCd=21&kikanCd=2101001016&kikanKbn=5", "url2": "https://unismile.co.jp/", "内容": "ユニスマイル薬局岐阜市民病院前店【5:薬局】岐阜県岐阜市瑞穂町３３番５" }, "geometry": { "type": "Point", "coordinates": [ 136.734193, 35.414702 ] } },
{ "type": "Feature", "properties": { "ID": 2152101001017, "正式名称": "ユニスマイル薬局　芥見店", "機関区分": 5, "都道府県コード": 21, "市区町村コード": 201, "所在地": "岐阜県岐阜市芥見大般若１丁目７７番２", "緯度": 35.438776, "経度": 136.844609, "url": "https://www.iryou.teikyouseido.mhlw.go.jp/znk-web/juminkanja/S2430/initialize?prefCd=21&kikanCd=2101001017&kikanKbn=5", "url2": "https://unismile.co.jp/", "内容": "ユニスマイル薬局　芥見店【5:薬局】岐阜県岐阜市芥見大般若１丁目７７番２" }, "geometry": { "type": "Point", "coordinates": [ 136.844609, 35.438776 ] } },
{ "type": "Feature", "properties": { "ID": 2152101001018, "正式名称": "サニー薬局", "機関区分": 5, "都道府県コード": 21, "市区町村コード": 201, "所在地": "岐阜県岐阜市加納御車町７番", "緯度": 35.396955, "経度": 136.757975, "url": "https://www.iryou.teikyouseido.mhlw.go.jp/znk-web/juminkanja/S2430/initialize?prefCd=21&kikanCd=2101001018&kikanKbn=5", "url2": "http://www.sun-west-ogaki.com/oguruma", "内容": "サニー薬局【5:薬局】岐阜県岐阜市加納御車町７番" }, "geometry": { "type": "Point", "coordinates": [ 136.757975, 35.396955 ] } },
{ "type": "Feature", "properties": { "ID": 2152101001019, "正式名称": "しん薬局", "機関区分": 5, "都道府県コード": 21, "市区町村コード": 201, "所在地": "岐阜県岐阜市金園町１０－４－３", "緯度": 35.416509, "経度": 136.777256, "url": "https://www.iryou.teikyouseido.mhlw.go.jp/znk-web/juminkanja/S2430/initialize?prefCd=21&kikanCd=2101001019&kikanKbn=5", "url2": null, "内容": "しん薬局【5:薬局】岐阜県岐阜市金園町１０－４－３" }, "geometry": { "type": "Point", "coordinates": [ 136.777256, 35.416509 ] } },
{ "type": "Feature", "properties": { "ID": 2152101001022, "正式名称": "あまがさき調剤薬局", "機関区分": 5, "都道府県コード": 21, "市区町村コード": 201, "所在地": "岐阜県岐阜市永楽町１－２４－１０", "緯度": 35.418845, "経度": 136.778521, "url": "https://www.iryou.teikyouseido.mhlw.go.jp/znk-web/juminkanja/S2430/initialize?prefCd=21&kikanCd=2101001022&kikanKbn=5", "url2": null, "内容": "あまがさき調剤薬局【5:薬局】岐阜県岐阜市永楽町１－２４－１０" }, "geometry": { "type": "Point", "coordinates": [ 136.778521, 35.418845 ] } },
{ "type": "Feature", "properties": { "ID": 2152101001024, "正式名称": "クスリのアオキ西郷薬局", "機関区分": 5, "都道府県コード": 21, "市区町村コード": 201, "所在地": "岐阜県岐阜市中２丁目１７７番", "緯度": 35.469171, "経度": 136.703816, "url": "https://www.iryou.teikyouseido.mhlw.go.jp/znk-web/juminkanja/S2430/initialize?prefCd=21&kikanCd=2101001024&kikanKbn=5", "url2": "https://www.kusuri-aoki.co.jp/", "内容": "クスリのアオキ西郷薬局【5:薬局】岐阜県岐阜市中２丁目１７７番" }, "geometry": { "type": "Point", "coordinates": [ 136.703816, 35.469171 ] } },
{ "type": "Feature", "properties": { "ID": 2152101001026, "正式名称": "旦島調剤薬局", "機関区分": 5, "都道府県コード": 21, "市区町村コード": 201, "所在地": "岐阜県岐阜市旦島１－６－１３", "緯度": 35.432585, "経度": 136.720071, "url": "https://www.iryou.teikyouseido.mhlw.go.jp/znk-web/juminkanja/S2430/initialize?prefCd=21&kikanCd=2101001026&kikanKbn=5", "url2": "https://medi-fare.jp/", "内容": "旦島調剤薬局【5:薬局】岐阜県岐阜市旦島１－６－１３" }, "geometry": { "type": "Point", "coordinates": [ 136.720071, 35.432585 ] } },
{ "type": "Feature", "properties": { "ID": 2152101001027, "正式名称": "イオン薬局岐阜店", "機関区分": 5, "都道府県コード": 21, "市区町村コード": 201, "所在地": "岐阜県岐阜市正木中１丁目２番１号", "緯度": 35.44797, "経度": 136.745114, "url": "https://www.iryou.teikyouseido.mhlw.go.jp/znk-web/juminkanja/S2430/initialize?prefCd=21&kikanCd=2101001027&kikanKbn=5", "url2": null, "内容": "イオン薬局岐阜店【5:薬局】岐阜県岐阜市正木中１丁目２番１号" }, "geometry": { "type": "Point", "coordinates": [ 136.745114, 35.44797 ] } },
{ "type": "Feature", "properties": { "ID": 2152101001028, "正式名称": "アイワ薬局　柳津店", "機関区分": 5, "都道府県コード": 21, "市区町村コード": 201, "所在地": "岐阜県岐阜市柳津町高桑東３ー１５", "緯度": 35.361071, "経度": 136.712784, "url": "https://www.iryou.teikyouseido.mhlw.go.jp/znk-web/juminkanja/S2430/initialize?prefCd=21&kikanCd=2101001028&kikanKbn=5", "url2": "http://www.aiwa-pharmacy.com/original4.html#anc01_1", "内容": "アイワ薬局　柳津店【5:薬局】岐阜県岐阜市柳津町高桑東３ー１５" }, "geometry": { "type": "Point", "coordinates": [ 136.712784, 35.361071 ] } },
{ "type": "Feature", "properties": { "ID": 2152101001029, "正式名称": "たんぽぽ薬局　神田町店", "機関区分": 5, "都道府県コード": 21, "市区町村コード": 201, "所在地": "岐阜県岐阜市神田町７丁目１番地", "緯度": 35.414848, "経度": 136.760072, "url": "https://www.iryou.teikyouseido.mhlw.go.jp/znk-web/juminkanja/S2430/initialize?prefCd=21&kikanCd=2101001029&kikanKbn=5", "url2": "https://www.tanpopo-ph.co.jp/", "内容": "たんぽぽ薬局　神田町店【5:薬局】岐阜県岐阜市神田町７丁目１番地" }, "geometry": { "type": "Point", "coordinates": [ 136.760072, 35.414848 ] } },
{ "type": "Feature", "properties": { "ID": 2152101001030, "正式名称": "たんぽぽ薬局　寺田店", "機関区分": 5, "都道府県コード": 21, "市区町村コード": 201, "所在地": "岐阜県岐阜市寺田７丁目１０６番２", "緯度": 35.418466, "経度": 136.700763, "url": "https://www.iryou.teikyouseido.mhlw.go.jp/znk-web/juminkanja/S2430/initialize?prefCd=21&kikanCd=2101001030&kikanKbn=5", "url2": "https://www.tanpopo-ph.co.jp/", "内容": "たんぽぽ薬局　寺田店【5:薬局】岐阜県岐阜市寺田７丁目１０６番２" }, "geometry": { "type": "Point", "coordinates": [ 136.700763, 35.418466 ] } },
{ "type": "Feature", "properties": { "ID": 2152101001031, "正式名称": "ユニファーマシーほほえみ薬局", "機関区分": 5, "都道府県コード": 21, "市区町村コード": 201, "所在地": "岐阜県岐阜市平和通１－１２", "緯度": 35.446336, "経度": 136.772355, "url": "https://www.iryou.teikyouseido.mhlw.go.jp/znk-web/juminkanja/S2430/initialize?prefCd=21&kikanCd=2101001031&kikanKbn=5", "url2": "https://univcolt.com", "内容": "ユニファーマシーほほえみ薬局【5:薬局】岐阜県岐阜市平和通１－１２" }, "geometry": { "type": "Point", "coordinates": [ 136.772355, 35.446336 ] } },
{ "type": "Feature", "properties": { "ID": 2152101001032, "正式名称": "ユニファーマシー千手堂薬局", "機関区分": 5, "都道府県コード": 21, "市区町村コード": 201, "所在地": "岐阜県岐阜市梅河町２－５－３", "緯度": 35.421502, "経度": 136.754896, "url": "https://www.iryou.teikyouseido.mhlw.go.jp/znk-web/juminkanja/S2430/initialize?prefCd=21&kikanCd=2101001032&kikanKbn=5", "url2": "https://univcolt.com", "内容": "ユニファーマシー千手堂薬局【5:薬局】岐阜県岐阜市梅河町２－５－３" }, "geometry": { "type": "Point", "coordinates": [ 136.754896, 35.421502 ] } },
{ "type": "Feature", "properties": { "ID": 2152101001033, "正式名称": "しょうなん調剤薬局やぶた店", "機関区分": 5, "都道府県コード": 21, "市区町村コード": 201, "所在地": "岐阜県岐阜市薮田南３丁目６－８", "緯度": 35.389145, "経度": 136.724228, "url": "https://www.iryou.teikyouseido.mhlw.go.jp/znk-web/juminkanja/S2430/initialize?prefCd=21&kikanCd=2101001033&kikanKbn=5", "url2": "https://www.shonan-yabuta.jp", "内容": "しょうなん調剤薬局やぶた店【5:薬局】岐阜県岐阜市薮田南３丁目６－８" }, "geometry": { "type": "Point", "coordinates": [ 136.724228, 35.389145 ] } },
{ "type": "Feature", "properties": { "ID": 2152101001034, "正式名称": "メディカルサロンＭ岐阜調剤・漢方センター", "機関区分": 5, "都道府県コード": 21, "市区町村コード": 201, "所在地": "岐阜県岐阜市梅ケ枝町３－１９－１", "緯度": 35.424374, "経度": 136.753004, "url": "https://www.iryou.teikyouseido.mhlw.go.jp/znk-web/juminkanja/S2430/initialize?prefCd=21&kikanCd=2101001034&kikanKbn=5", "url2": "https://lin.ee/igjsmIz", "内容": "メディカルサロンＭ岐阜調剤・漢方センター【5:薬局】岐阜県岐阜市梅ケ枝町３－１９－１" }, "geometry": { "type": "Point", "coordinates": [ 136.753004, 35.424374 ] } },
{ "type": "Feature", "properties": { "ID": 2152101001035, "正式名称": "スギ薬局　在宅調剤センター岐阜南店", "機関区分": 5, "都道府県コード": 21, "市区町村コード": 201, "所在地": "岐阜県岐阜市柳津町蓮池３丁目４番地　スギ薬局柳津店２階", "緯度": 35.368607, "経度": 136.746416, "url": "https://www.iryou.teikyouseido.mhlw.go.jp/znk-web/juminkanja/S2430/initialize?prefCd=21&kikanCd=2101001035&kikanKbn=5", "url2": "http://www.drug-sugi.co.jp", "内容": "スギ薬局　在宅調剤センター岐阜南店【5:薬局】岐阜県岐阜市柳津町蓮池３丁目４番地　スギ薬局柳津店２階" }, "geometry": { "type": "Point", "coordinates": [ 136.746416, 35.368607 ] } },
{ "type": "Feature", "properties": { "ID": 2152101001039, "正式名称": "宮下薬局神田町店", "機関区分": 5, "都道府県コード": 21, "市区町村コード": 201, "所在地": "岐阜県岐阜市神田町２－６光山グリーンビル１Ｆ", "緯度": 35.420257, "経度": 136.76071, "url": "https://www.iryou.teikyouseido.mhlw.go.jp/znk-web/juminkanja/S2430/initialize?prefCd=21&kikanCd=2101001039&kikanKbn=5", "url2": "https://miya-p.com/", "内容": "宮下薬局神田町店【5:薬局】岐阜県岐阜市神田町２－６光山グリーンビル１Ｆ" }, "geometry": { "type": "Point", "coordinates": [ 136.76071, 35.420257 ] } },
{ "type": "Feature", "properties": { "ID": 2152101001040, "正式名称": "Ｖ・ｄｒｕｇ　柳ケ瀬薬局", "機関区分": 5, "都道府県コード": 21, "市区町村コード": 201, "所在地": "岐阜県岐阜市徹明通２－１８　柳ケ瀬グラッスル３５　１階", "緯度": 35.417572, "経度": 136.757392, "url": "https://www.iryou.teikyouseido.mhlw.go.jp/znk-web/juminkanja/S2430/initialize?prefCd=21&kikanCd=2101001040&kikanKbn=5", "url2": "https://www.vdrug.co.jp/", "内容": "Ｖ・ｄｒｕｇ　柳ケ瀬薬局【5:薬局】岐阜県岐阜市徹明通２－１８　柳ケ瀬グラッスル３５　１階" }, "geometry": { "type": "Point", "coordinates": [ 136.757392, 35.417572 ] } },
{ "type": "Feature", "properties": { "ID": 2152101001043, "正式名称": "ミント調剤薬局", "機関区分": 5, "都道府県コード": 21, "市区町村コード": 201, "所在地": "岐阜県岐阜市岩地１－１１－２１", "緯度": 35.407952, "経度": 136.806349, "url": "https://www.iryou.teikyouseido.mhlw.go.jp/znk-web/juminkanja/S2430/initialize?prefCd=21&kikanCd=2101001043&kikanKbn=5", "url2": null, "内容": "ミント調剤薬局【5:薬局】岐阜県岐阜市岩地１－１１－２１" }, "geometry": { "type": "Point", "coordinates": [ 136.806349, 35.407952 ] } },
{ "type": "Feature", "properties": { "ID": 2152101001044, "正式名称": "ＳＡＫＵＲＡ薬局　鹿島町店", "機関区分": 5, "都道府県コード": 21, "市区町村コード": 201, "所在地": "岐阜県岐阜市鹿島町６－１６－８", "緯度": 35.414151, "経度": 136.736042, "url": "https://www.iryou.teikyouseido.mhlw.go.jp/znk-web/juminkanja/S2430/initialize?prefCd=21&kikanCd=2101001044&kikanKbn=5", "url2": null, "内容": "ＳＡＫＵＲＡ薬局　鹿島町店【5:薬局】岐阜県岐阜市鹿島町６－１６－８" }, "geometry": { "type": "Point", "coordinates": [ 136.736042, 35.414151 ] } },
{ "type": "Feature", "properties": { "ID": 2152101001045, "正式名称": "たんぽぽ薬局　澤田病院店", "機関区分": 5, "都道府県コード": 21, "市区町村コード": 201, "所在地": "岐阜県岐阜市野一色７丁目１番２１号", "緯度": 35.357347, "経度": 136.719152, "url": "https://www.iryou.teikyouseido.mhlw.go.jp/znk-web/juminkanja/S2430/initialize?prefCd=21&kikanCd=2101001045&kikanKbn=5", "url2": "https://www.tanpopo-ph.co.jp/", "内容": "たんぽぽ薬局　澤田病院店【5:薬局】岐阜県岐阜市野一色７丁目１番２１号" }, "geometry": { "type": "Point", "coordinates": [ 136.719152, 35.357347 ] } },
{ "type": "Feature", "properties": { "ID": 2152101001046, "正式名称": "ながせ薬局にしぎふ店", "機関区分": 5, "都道府県コード": 21, "市区町村コード": 201, "所在地": "岐阜県岐阜市西荘４丁目６ー４３", "緯度": 35.408259, "経度": 136.719899, "url": "https://www.iryou.teikyouseido.mhlw.go.jp/znk-web/juminkanja/S2430/initialize?prefCd=21&kikanCd=2101001046&kikanKbn=5", "url2": "https://nagase-group.com/", "内容": "ながせ薬局にしぎふ店【5:薬局】岐阜県岐阜市西荘４丁目６ー４３" }, "geometry": { "type": "Point", "coordinates": [ 136.719899, 35.408259 ] } },
{ "type": "Feature", "properties": { "ID": 2152101001047, "正式名称": "クスリのアオキ茜部薬局", "機関区分": 5, "都道府県コード": 21, "市区町村コード": 201, "所在地": "岐阜県岐阜市茜部本郷二丁目１３８番地１", "緯度": 35.391638, "経度": 136.754499, "url": "https://www.iryou.teikyouseido.mhlw.go.jp/znk-web/juminkanja/S2430/initialize?prefCd=21&kikanCd=2101001047&kikanKbn=5", "url2": "https://www.kusuri-aoki.co.jp/", "内容": "クスリのアオキ茜部薬局【5:薬局】岐阜県岐阜市茜部本郷二丁目１３８番地１" }, "geometry": { "type": "Point", "coordinates": [ 136.754499, 35.391638 ] } },
{ "type": "Feature", "properties": { "ID": 2152101001048, "正式名称": "ピノキオ薬局市橋店", "機関区分": 5, "都道府県コード": 21, "市区町村コード": 201, "所在地": "岐阜県岐阜市市橋３丁目４番２８号", "緯度": 35.400449, "経度": 136.725135, "url": "https://www.iryou.teikyouseido.mhlw.go.jp/znk-web/juminkanja/S2430/initialize?prefCd=21&kikanCd=2101001048&kikanKbn=5", "url2": "https://www.pinokio-pharmacy.jp", "内容": "ピノキオ薬局市橋店【5:薬局】岐阜県岐阜市市橋３丁目４番２８号" }, "geometry": { "type": "Point", "coordinates": [ 136.725135, 35.400449 ] } },
{ "type": "Feature", "properties": { "ID": 2152101001050, "正式名称": "ユニファーマシー梅林薬局", "機関区分": 5, "都道府県コード": 21, "市区町村コード": 201, "所在地": "岐阜県岐阜市南殿町３−５", "緯度": 35.417667, "経度": 136.766434, "url": "https://www.iryou.teikyouseido.mhlw.go.jp/znk-web/juminkanja/S2430/initialize?prefCd=21&kikanCd=2101001050&kikanKbn=5", "url2": "https://univcolt.com/", "内容": "ユニファーマシー梅林薬局【5:薬局】岐阜県岐阜市南殿町３−５" }, "geometry": { "type": "Point", "coordinates": [ 136.766434, 35.417667 ] } },
{ "type": "Feature", "properties": { "ID": 2152101001051, "正式名称": "ユニファーマシーステラ薬局", "機関区分": 5, "都道府県コード": 21, "市区町村コード": 201, "所在地": "岐阜県岐阜市八代３丁目２３ー９", "緯度": 35.461864, "経度": 136.772968, "url": "https://www.iryou.teikyouseido.mhlw.go.jp/znk-web/juminkanja/S2430/initialize?prefCd=21&kikanCd=2101001051&kikanKbn=5", "url2": "https://univcolt.com/", "内容": "ユニファーマシーステラ薬局【5:薬局】岐阜県岐阜市八代３丁目２３ー９" }, "geometry": { "type": "Point", "coordinates": [ 136.772968, 35.461864 ] } },
{ "type": "Feature", "properties": { "ID": 2152101001052, "正式名称": "Ｖ・ｄｒｕｇ　岐阜大福薬局", "機関区分": 5, "都道府県コード": 21, "市区町村コード": 201, "所在地": "岐阜県岐阜市大福町６丁目１８ー２", "緯度": 35.436676, "経度": 136.738214, "url": "https://www.iryou.teikyouseido.mhlw.go.jp/znk-web/juminkanja/S2430/initialize?prefCd=21&kikanCd=2101001052&kikanKbn=5", "url2": "https://vdrug.co.jp/pharmacy/", "内容": "Ｖ・ｄｒｕｇ　岐阜大福薬局【5:薬局】岐阜県岐阜市大福町６丁目１８ー２" }, "geometry": { "type": "Point", "coordinates": [ 136.738214, 35.436676 ] } },
{ "type": "Feature", "properties": { "ID": 2152101001054, "正式名称": "ピノキオ薬局　新岐阜店", "機関区分": 5, "都道府県コード": 21, "市区町村コード": 201, "所在地": "岐阜県岐阜市長住町２丁目３番地　岐阜ビル４階", "緯度": 35.412366, "経度": 136.760281, "url": "https://www.iryou.teikyouseido.mhlw.go.jp/znk-web/juminkanja/S2430/initialize?prefCd=21&kikanCd=2101001054&kikanKbn=5", "url2": "https://www.pinokio-pharmacy.jp/", "内容": "ピノキオ薬局　新岐阜店【5:薬局】岐阜県岐阜市長住町２丁目３番地　岐阜ビル４階" }, "geometry": { "type": "Point", "coordinates": [ 136.760281, 35.412366 ] } },
{ "type": "Feature", "properties": { "ID": 2152101001055, "正式名称": "やないづ薬局", "機関区分": 5, "都道府県コード": 21, "市区町村コード": 201, "所在地": "岐阜県岐阜市柳津町蓮池２丁目２５番地", "緯度": 35.367412, "経度": 136.746961, "url": "https://www.iryou.teikyouseido.mhlw.go.jp/znk-web/juminkanja/S2430/initialize?prefCd=21&kikanCd=2101001055&kikanKbn=5", "url2": null, "内容": "やないづ薬局【5:薬局】岐阜県岐阜市柳津町蓮池２丁目２５番地" }, "geometry": { "type": "Point", "coordinates": [ 136.746961, 35.367412 ] } },
{ "type": "Feature", "properties": { "ID": 2152101001056, "正式名称": "クスリのアオキ六条北薬局", "機関区分": 5, "都道府県コード": 21, "市区町村コード": 201, "所在地": "岐阜県岐阜市柳森町二丁目４３番地１", "緯度": 35.401035, "経度": 136.737499, "url": "https://www.iryou.teikyouseido.mhlw.go.jp/znk-web/juminkanja/S2430/initialize?prefCd=21&kikanCd=2101001056&kikanKbn=5", "url2": "https://www.kusuri-aoki.co.jp/", "内容": "クスリのアオキ六条北薬局【5:薬局】岐阜県岐阜市柳森町二丁目４３番地１" }, "geometry": { "type": "Point", "coordinates": [ 136.737499, 35.401035 ] } },
{ "type": "Feature", "properties": { "ID": 2152101001057, "正式名称": "ながせ薬局ぎふ中央店", "機関区分": 5, "都道府県コード": 21, "市区町村コード": 201, "所在地": "岐阜県岐阜市北島３丁目２番地２", "緯度": 35.428013, "経度": 136.725584, "url": "https://www.iryou.teikyouseido.mhlw.go.jp/znk-web/juminkanja/S2430/initialize?prefCd=21&kikanCd=2101001057&kikanKbn=5", "url2": null, "内容": "ながせ薬局ぎふ中央店【5:薬局】岐阜県岐阜市北島３丁目２番地２" }, "geometry": { "type": "Point", "coordinates": [ 136.725584, 35.428013 ] } },
{ "type": "Feature", "properties": { "ID": 2152101001058, "正式名称": "ホップ調剤薬局", "機関区分": 5, "都道府県コード": 21, "市区町村コード": 201, "所在地": "岐阜県岐阜市加納栄町通４－２", "緯度": 35.405545, "経度": 136.755368, "url": "https://www.iryou.teikyouseido.mhlw.go.jp/znk-web/juminkanja/S2430/initialize?prefCd=21&kikanCd=2101001058&kikanKbn=5", "url2": null, "内容": "ホップ調剤薬局【5:薬局】岐阜県岐阜市加納栄町通４－２" }, "geometry": { "type": "Point", "coordinates": [ 136.755368, 35.405545 ] } },
{ "type": "Feature", "properties": { "ID": 2152101001059, "正式名称": "うさぎ薬局", "機関区分": 5, "都道府県コード": 21, "市区町村コード": 201, "所在地": "岐阜県岐阜市福光東１－２４－１０", "緯度": 35.450667, "経度": 136.773872, "url": "https://www.iryou.teikyouseido.mhlw.go.jp/znk-web/juminkanja/S2430/initialize?prefCd=21&kikanCd=2101001059&kikanKbn=5", "url2": null, "内容": "うさぎ薬局【5:薬局】岐阜県岐阜市福光東１－２４－１０" }, "geometry": { "type": "Point", "coordinates": [ 136.773872, 35.450667 ] } },
{ "type": "Feature", "properties": { "ID": 2152101001061, "正式名称": "ピノキオ薬局三笠店", "機関区分": 5, "都道府県コード": 21, "市区町村コード": 201, "所在地": "岐阜県岐阜市三笠町１丁目９番地２", "緯度": 35.413323, "経度": 136.773718, "url": "https://www.iryou.teikyouseido.mhlw.go.jp/znk-web/juminkanja/S2430/initialize?prefCd=21&kikanCd=2101001061&kikanKbn=5", "url2": null, "内容": "ピノキオ薬局三笠店【5:薬局】岐阜県岐阜市三笠町１丁目９番地２" }, "geometry": { "type": "Point", "coordinates": [ 136.773718, 35.413323 ] } },
{ "type": "Feature", "properties": { "ID": 2152101001062, "正式名称": "アピス薬局河渡店", "機関区分": 5, "都道府県コード": 21, "市区町村コード": 201, "所在地": "岐阜県岐阜市河渡３丁目１１１－１", "緯度": 35.410747, "経度": 136.699939, "url": "https://www.iryou.teikyouseido.mhlw.go.jp/znk-web/juminkanja/S2430/initialize?prefCd=21&kikanCd=2101001062&kikanKbn=5", "url2": null, "内容": "アピス薬局河渡店【5:薬局】岐阜県岐阜市河渡３丁目１１１－１" }, "geometry": { "type": "Point", "coordinates": [ 136.699939, 35.410747 ] } },
{ "type": "Feature", "properties": { "ID": 2152101001063, "正式名称": "あくたみ薬局", "機関区分": 5, "都道府県コード": 21, "市区町村コード": 201, "所在地": "岐阜県岐阜市芥見長山３－１８－１", "緯度": 35.453073, "経度": 136.848177, "url": "https://www.iryou.teikyouseido.mhlw.go.jp/znk-web/juminkanja/S2430/initialize?prefCd=21&kikanCd=2101001063&kikanKbn=5", "url2": "https://e-bond.info/withs/", "内容": "あくたみ薬局【5:薬局】岐阜県岐阜市芥見長山３－１８－１" }, "geometry": { "type": "Point", "coordinates": [ 136.848177, 35.453073 ] } },
{ "type": "Feature", "properties": { "ID": 2152101001064, "正式名称": "アピス薬局金竜店", "機関区分": 5, "都道府県コード": 21, "市区町村コード": 201, "所在地": "岐阜県岐阜市金竜町１丁目８番", "緯度": 35.415526, "経度": 136.764225, "url": "https://www.iryou.teikyouseido.mhlw.go.jp/znk-web/juminkanja/S2430/initialize?prefCd=21&kikanCd=2101001064&kikanKbn=5", "url2": "https://www.apis.co.jp/stores/558/", "内容": "アピス薬局金竜店【5:薬局】岐阜県岐阜市金竜町１丁目８番" }, "geometry": { "type": "Point", "coordinates": [ 136.764225, 35.415526 ] } },
{ "type": "Feature", "properties": { "ID": 2152101001065, "正式名称": "アピス薬局竜田店", "機関区分": 5, "都道府県コード": 21, "市区町村コード": 201, "所在地": "岐阜県岐阜市竜田町７丁目７－３", "緯度": 35.408347, "経度": 136.767819, "url": "https://www.iryou.teikyouseido.mhlw.go.jp/znk-web/juminkanja/S2430/initialize?prefCd=21&kikanCd=2101001065&kikanKbn=5", "url2": null, "内容": "アピス薬局竜田店【5:薬局】岐阜県岐阜市竜田町７丁目７－３" }, "geometry": { "type": "Point", "coordinates": [ 136.767819, 35.408347 ] } },
{ "type": "Feature", "properties": { "ID": 2152101001066, "正式名称": "クスリのアオキ南鶉薬局", "機関区分": 5, "都道府県コード": 21, "市区町村コード": 201, "所在地": "岐阜県岐阜市南鶉四丁目７番地１", "緯度": 35.376756, "経度": 136.732708, "url": "https://www.iryou.teikyouseido.mhlw.go.jp/znk-web/juminkanja/S2430/initialize?prefCd=21&kikanCd=2101001066&kikanKbn=5", "url2": "https://www.kusuri-aoki.co.jp/", "内容": "クスリのアオキ南鶉薬局【5:薬局】岐阜県岐阜市南鶉四丁目７番地１" }, "geometry": { "type": "Point", "coordinates": [ 136.732708, 35.376756 ] } },
{ "type": "Feature", "properties": { "ID": 2152101001067, "正式名称": "ハロー薬局さぎ山店", "機関区分": 5, "都道府県コード": 21, "市区町村コード": 201, "所在地": "岐阜県岐阜市鷺山北町８－３１", "緯度": 35.451392, "経度": 136.753689, "url": "https://www.iryou.teikyouseido.mhlw.go.jp/znk-web/juminkanja/S2430/initialize?prefCd=21&kikanCd=2101001067&kikanKbn=5", "url2": "https://shop.sogo-pharmacy.jp/detail/151/", "内容": "ハロー薬局さぎ山店【5:薬局】岐阜県岐阜市鷺山北町８－３１" }, "geometry": { "type": "Point", "coordinates": [ 136.753689, 35.451392 ] } },
{ "type": "Feature", "properties": { "ID": 2152101001068, "正式名称": "ハロー薬局　福光店", "機関区分": 5, "都道府県コード": 21, "市区町村コード": 201, "所在地": "岐阜県岐阜市福光西３－９－１２", "緯度": 35.456663, "経度": 136.767987, "url": "https://www.iryou.teikyouseido.mhlw.go.jp/znk-web/juminkanja/S2430/initialize?prefCd=21&kikanCd=2101001068&kikanKbn=5", "url2": "https://shop.sogo-pharmacy.jp/detail/153/", "内容": "ハロー薬局　福光店【5:薬局】岐阜県岐阜市福光西３－９－１２" }, "geometry": { "type": "Point", "coordinates": [ 136.767987, 35.456663 ] } },
{ "type": "Feature", "properties": { "ID": 2152101001069, "正式名称": "ハロー薬局　カラフルタウン岐阜店", "機関区分": 5, "都道府県コード": 21, "市区町村コード": 201, "所在地": "岐阜県岐阜市柳津町丸野３丁目３－６カラフルタウン　レインボーモール館　１階", "緯度": 35.365411, "経度": 136.729128, "url": "https://www.iryou.teikyouseido.mhlw.go.jp/znk-web/juminkanja/S2430/initialize?prefCd=21&kikanCd=2101001069&kikanKbn=5", "url2": "https://www.sogo-medical.co.jp/sogopharmacy/shop/view/480", "内容": "ハロー薬局　カラフルタウン岐阜店【5:薬局】岐阜県岐阜市柳津町丸野３丁目３－６カラフルタウン　レインボーモール館　１階" }, "geometry": { "type": "Point", "coordinates": [ 136.729128, 35.365411 ] } },
{ "type": "Feature", "properties": { "ID": 2152101001070, "正式名称": "ハロー薬局則武店", "機関区分": 5, "都道府県コード": 21, "市区町村コード": 201, "所在地": "岐阜県岐阜市則武中３ー５－１１", "緯度": 35.44161, "経度": 136.74223, "url": "https://www.iryou.teikyouseido.mhlw.go.jp/znk-web/juminkanja/S2430/initialize?prefCd=21&kikanCd=2101001070&kikanKbn=5", "url2": "https://www.sogo-medical.co.jp/", "内容": "ハロー薬局則武店【5:薬局】岐阜県岐阜市則武中３ー５－１１" }, "geometry": { "type": "Point", "coordinates": [ 136.74223, 35.44161 ] } },
{ "type": "Feature", "properties": { "ID": 2152101001071, "正式名称": "Ｖ・ｄｒｕｇ岐阜西中島薬局", "機関区分": 5, "都道府県コード": 21, "市区町村コード": 201, "所在地": "岐阜県岐阜市西中島５－６－１９", "緯度": 35.428072, "経度": 136.720508, "url": "https://www.iryou.teikyouseido.mhlw.go.jp/znk-web/juminkanja/S2430/initialize?prefCd=21&kikanCd=2101001071&kikanKbn=5", "url2": null, "内容": "Ｖ・ｄｒｕｇ岐阜西中島薬局【5:薬局】岐阜県岐阜市西中島５－６－１９" }, "geometry": { "type": "Point", "coordinates": [ 136.720508, 35.428072 ] } },
{ "type": "Feature", "properties": { "ID": 2152101001072, "正式名称": "阪神調剤薬局岐阜城南店", "機関区分": 5, "都道府県コード": 21, "市区町村コード": 201, "所在地": "岐阜県岐阜市加納竜興町１－９", "緯度": 35.400332, "経度": 136.751031, "url": "https://www.iryou.teikyouseido.mhlw.go.jp/znk-web/juminkanja/S2430/initialize?prefCd=21&kikanCd=2101001072&kikanKbn=5", "url2": "https://www.sugi-net.jp/stores/005037", "内容": "阪神調剤薬局岐阜城南店【5:薬局】岐阜県岐阜市加納竜興町１－９" }, "geometry": { "type": "Point", "coordinates": [ 136.751031, 35.400332 ] } },
{ "type": "Feature", "properties": { "ID": 2152101001073, "正式名称": "コトブキ調剤薬局", "機関区分": 5, "都道府県コード": 21, "市区町村コード": 201, "所在地": "岐阜県岐阜市加納城南通１－２４", "緯度": 35.398088, "経度": 136.759543, "url": "https://www.iryou.teikyouseido.mhlw.go.jp/znk-web/juminkanja/S2430/initialize?prefCd=21&kikanCd=2101001073&kikanKbn=5", "url2": "sugi-net.jp", "内容": "コトブキ調剤薬局【5:薬局】岐阜県岐阜市加納城南通１－２４" }, "geometry": { "type": "Point", "coordinates": [ 136.759543, 35.398088 ] } },
{ "type": "Feature", "properties": { "ID": 2152101001074, "正式名称": "きらら調剤薬局", "機関区分": 5, "都道府県コード": 21, "市区町村コード": 201, "所在地": "岐阜県岐阜市北一色十丁目１１番１２号", "緯度": 35.411844, "経度": 136.797125, "url": "https://www.iryou.teikyouseido.mhlw.go.jp/znk-web/juminkanja/S2430/initialize?prefCd=21&kikanCd=2101001074&kikanKbn=5", "url2": "https://wellifepharmacy.wepage.com/company", "内容": "きらら調剤薬局【5:薬局】岐阜県岐阜市北一色十丁目１１番１２号" }, "geometry": { "type": "Point", "coordinates": [ 136.797125, 35.411844 ] } },
{ "type": "Feature", "properties": { "ID": 2152101001077, "正式名称": "ファミリー薬局ゆきみ店", "機関区分": 5, "都道府県コード": 21, "市区町村コード": 201, "所在地": "岐阜県岐阜市雪見町２－２９", "緯度": 35.417087, "経度": 136.784109, "url": "https://www.iryou.teikyouseido.mhlw.go.jp/znk-web/juminkanja/S2430/initialize?prefCd=21&kikanCd=2101001077&kikanKbn=5", "url2": null, "内容": "ファミリー薬局ゆきみ店【5:薬局】岐阜県岐阜市雪見町２－２９" }, "geometry": { "type": "Point", "coordinates": [ 136.784109, 35.417087 ] } },
{ "type": "Feature", "properties": { "ID": 2152101001078, "正式名称": "ファミリー薬局ながもり店", "機関区分": 5, "都道府県コード": 21, "市区町村コード": 201, "所在地": "岐阜県岐阜市野一色５－６－２５", "緯度": 35.410817, "経度": 136.807133, "url": "https://www.iryou.teikyouseido.mhlw.go.jp/znk-web/juminkanja/S2430/initialize?prefCd=21&kikanCd=2101001078&kikanKbn=5", "url2": null, "内容": "ファミリー薬局ながもり店【5:薬局】岐阜県岐阜市野一色５－６－２５" }, "geometry": { "type": "Point", "coordinates": [ 136.807133, 35.410817 ] } },
{ "type": "Feature", "properties": { "ID": 2152101001079, "正式名称": "トラスト薬局　六条店", "機関区分": 5, "都道府県コード": 21, "市区町村コード": 201, "所在地": "岐阜県岐阜市六条南３－１２－４", "緯度": 35.392905, "経度": 136.738474, "url": "https://www.iryou.teikyouseido.mhlw.go.jp/znk-web/juminkanja/S2430/initialize?prefCd=21&kikanCd=2101001079&kikanKbn=5", "url2": null, "内容": "トラスト薬局　六条店【5:薬局】岐阜県岐阜市六条南３－１２－４" }, "geometry": { "type": "Point", "coordinates": [ 136.738474, 35.392905 ] } },
{ "type": "Feature", "properties": { "ID": 2152101001080, "正式名称": "艸木園カサイ薬局", "機関区分": 5, "都道府県コード": 21, "市区町村コード": 201, "所在地": "岐阜県岐阜市敷島町九丁目７７番地", "緯度": 35.406829, "経度": 136.730928, "url": "https://www.iryou.teikyouseido.mhlw.go.jp/znk-web/juminkanja/S2430/initialize?prefCd=21&kikanCd=2101001080&kikanKbn=5", "url2": null, "内容": "艸木園カサイ薬局【5:薬局】岐阜県岐阜市敷島町九丁目７７番地" }, "geometry": { "type": "Point", "coordinates": [ 136.730928, 35.406829 ] } },
{ "type": "Feature", "properties": { "ID": 2152101001082, "正式名称": "ユニファーマシーおはな薬局", "機関区分": 5, "都道府県コード": 21, "市区町村コード": 201, "所在地": "岐阜県岐阜市則武東３－１７－３２", "緯度": 35.442858, "経度": 136.749144, "url": "https://www.iryou.teikyouseido.mhlw.go.jp/znk-web/juminkanja/S2430/initialize?prefCd=21&kikanCd=2101001082&kikanKbn=5", "url2": "https://univcolt.com/", "内容": "ユニファーマシーおはな薬局【5:薬局】岐阜県岐阜市則武東３－１７－３２" }, "geometry": { "type": "Point", "coordinates": [ 136.749144, 35.442858 ] } },
{ "type": "Feature", "properties": { "ID": 2152101001083, "正式名称": "トラスト薬局岐阜本店", "機関区分": 5, "都道府県コード": 21, "市区町村コード": 201, "所在地": "岐阜県岐阜市本荘西４丁目８４番２", "緯度": 35.410069, "経度": 136.729558, "url": "https://www.iryou.teikyouseido.mhlw.go.jp/znk-web/juminkanja/S2430/initialize?prefCd=21&kikanCd=2101001083&kikanKbn=5", "url2": "https://www.kusurinomadoguchi.com/gifu/s1000124520", "内容": "トラスト薬局岐阜本店【5:薬局】岐阜県岐阜市本荘西４丁目８４番２" }, "geometry": { "type": "Point", "coordinates": [ 136.729558, 35.410069 ] } },
{ "type": "Feature", "properties": { "ID": 2152101001084, "正式名称": "わこう調剤薬局　宇佐南店", "機関区分": 5, "都道府県コード": 21, "市区町村コード": 201, "所在地": "岐阜県岐阜市宇佐南２－９－９", "緯度": 35.393531, "経度": 136.735417, "url": "https://www.iryou.teikyouseido.mhlw.go.jp/znk-web/juminkanja/S2430/initialize?prefCd=21&kikanCd=2101001084&kikanKbn=5", "url2": null, "内容": "わこう調剤薬局　宇佐南店【5:薬局】岐阜県岐阜市宇佐南２－９－９" }, "geometry": { "type": "Point", "coordinates": [ 136.735417, 35.393531 ] } },
{ "type": "Feature", "properties": { "ID": 2152101001085, "正式名称": "ルナファーマシーかやば薬局", "機関区分": 5, "都道府県コード": 21, "市区町村コード": 201, "所在地": "岐阜県岐阜市萱場南２丁目１２－１８", "緯度": 35.434491, "経度": 136.73131, "url": "https://www.iryou.teikyouseido.mhlw.go.jp/znk-web/juminkanja/S2430/initialize?prefCd=21&kikanCd=2101001085&kikanKbn=5", "url2": "https://new.suzuka-pharmacy.com/index.html", "内容": "ルナファーマシーかやば薬局【5:薬局】岐阜県岐阜市萱場南２丁目１２－１８" }, "geometry": { "type": "Point", "coordinates": [ 136.73131, 35.434491 ] } },
{ "type": "Feature", "properties": { "ID": 2152101001086, "正式名称": "サンド調剤薬局", "機関区分": 5, "都道府県コード": 21, "市区町村コード": 201, "所在地": "岐阜県岐阜市長住町９丁目２４番地　小林ビル１階", "緯度": 35.412428, "経度": 136.748222, "url": "https://www.iryou.teikyouseido.mhlw.go.jp/znk-web/juminkanja/S2430/initialize?prefCd=21&kikanCd=2101001086&kikanKbn=5", "url2": "http://new.suzuka-pharmacy.com/index.html", "内容": "サンド調剤薬局【5:薬局】岐阜県岐阜市長住町９丁目２４番地　小林ビル１階" }, "geometry": { "type": "Point", "coordinates": [ 136.748222, 35.412428 ] } },
{ "type": "Feature", "properties": { "ID": 2152101001089, "正式名称": "ことり薬局", "機関区分": 5, "都道府県コード": 21, "市区町村コード": 201, "所在地": "岐阜県岐阜市鷺山１７６８－５９１", "緯度": 35.446306, "経度": 136.750757, "url": "https://www.iryou.teikyouseido.mhlw.go.jp/znk-web/juminkanja/S2430/initialize?prefCd=21&kikanCd=2101001089&kikanKbn=5", "url2": null, "内容": "ことり薬局【5:薬局】岐阜県岐阜市鷺山１７６８－５９１" }, "geometry": { "type": "Point", "coordinates": [ 136.750757, 35.446306 ] } },
{ "type": "Feature", "properties": { "ID": 2152101001093, "正式名称": "平成調剤薬局西野町店", "機関区分": 5, "都道府県コード": 21, "市区町村コード": 201, "所在地": "岐阜県岐阜市千石町２丁目２１－３", "緯度": 35.42512, "経度": 136.753412, "url": "https://www.iryou.teikyouseido.mhlw.go.jp/znk-web/juminkanja/S2430/initialize?prefCd=21&kikanCd=2101001093&kikanKbn=5", "url2": "https://heisei-ph.com/", "内容": "平成調剤薬局西野町店【5:薬局】岐阜県岐阜市千石町２丁目２１－３" }, "geometry": { "type": "Point", "coordinates": [ 136.753412, 35.42512 ] } },
{ "type": "Feature", "properties": { "ID": 2152101001094, "正式名称": "ノムラ漢方薬局", "機関区分": 5, "都道府県コード": 21, "市区町村コード": 201, "所在地": "岐阜県岐阜市香蘭３−５", "緯度": 35.410877, "経度": 136.74399, "url": "https://www.iryou.teikyouseido.mhlw.go.jp/znk-web/juminkanja/S2430/initialize?prefCd=21&kikanCd=2101001094&kikanKbn=5", "url2": null, "内容": "ノムラ漢方薬局【5:薬局】岐阜県岐阜市香蘭３−５" }, "geometry": { "type": "Point", "coordinates": [ 136.74399, 35.410877 ] } },
{ "type": "Feature", "properties": { "ID": 2152101010002, "正式名称": "松井薬局", "機関区分": 5, "都道府県コード": 21, "市区町村コード": 213, "所在地": "岐阜県各務原市那加野畑町１−１１８", "緯度": 35.407073, "経度": 136.832046, "url": "https://www.iryou.teikyouseido.mhlw.go.jp/znk-web/juminkanja/S2430/initialize?prefCd=21&kikanCd=2101010002&kikanKbn=5", "url2": null, "内容": "松井薬局【5:薬局】岐阜県各務原市那加野畑町１−１１８" }, "geometry": { "type": "Point", "coordinates": [ 136.832046, 35.407073 ] } },
{ "type": "Feature", "properties": { "ID": 2152101010007, "正式名称": "マキタ漢方薬局", "機関区分": 5, "都道府県コード": 21, "市区町村コード": 213, "所在地": "岐阜県各務原市那加住吉町３−７", "緯度": 35.398281, "経度": 136.852273, "url": "https://www.iryou.teikyouseido.mhlw.go.jp/znk-web/juminkanja/S2430/initialize?prefCd=21&kikanCd=2101010007&kikanKbn=5", "url2": null, "内容": "マキタ漢方薬局【5:薬局】岐阜県各務原市那加住吉町３−７" }, "geometry": { "type": "Point", "coordinates": [ 136.852273, 35.398281 ] } },
{ "type": "Feature", "properties": { "ID": 2152101010018, "正式名称": "山岡薬局", "機関区分": 5, "都道府県コード": 21, "市区町村コード": 303, "所在地": "岐阜県羽島郡笠松町上新町１８８", "緯度": 35.37244, "経度": 136.762047, "url": "https://www.iryou.teikyouseido.mhlw.go.jp/znk-web/juminkanja/S2430/initialize?prefCd=21&kikanCd=2101010018&kikanKbn=5", "url2": null, "内容": "山岡薬局【5:薬局】岐阜県羽島郡笠松町上新町１８８" }, "geometry": { "type": "Point", "coordinates": [ 136.762047, 35.37244 ] } },
{ "type": "Feature", "properties": { "ID": 2152101010019, "正式名称": "調剤薬局羽島", "機関区分": 5, "都道府県コード": 21, "市区町村コード": 209, "所在地": "岐阜県羽島市竹鼻町狐穴３４２３−１", "緯度": 35.328091, "経度": 136.710152, "url": "https://www.iryou.teikyouseido.mhlw.go.jp/znk-web/juminkanja/S2430/initialize?prefCd=21&kikanCd=2101010019&kikanKbn=5", "url2": null, "内容": "調剤薬局羽島【5:薬局】岐阜県羽島市竹鼻町狐穴３４２３−１" }, "geometry": { "type": "Point", "coordinates": [ 136.710152, 35.328091 ] } },
{ "type": "Feature", "properties": { "ID": 2152101010024, "正式名称": "エース薬局", "機関区分": 5, "都道府県コード": 21, "市区町村コード": 303, "所在地": "岐阜県羽島郡笠松町門前町６２", "緯度": 35.367326, "経度": 136.758183, "url": "https://www.iryou.teikyouseido.mhlw.go.jp/znk-web/juminkanja/S2430/initialize?prefCd=21&kikanCd=2101010024&kikanKbn=5", "url2": "http://www.seiyou.co.jp/html/yakkyoku/yakkyoku_kasamatu.html", "内容": "エース薬局【5:薬局】岐阜県羽島郡笠松町門前町６２" }, "geometry": { "type": "Point", "coordinates": [ 136.758183, 35.367326 ] } },
{ "type": "Feature", "properties": { "ID": 2152101010033, "正式名称": "あいしんどう薬局", "機関区分": 5, "都道府県コード": 21, "市区町村コード": 213, "所在地": "岐阜県各務原市緑苑中２－９６", "緯度": 35.412612, "経度": 136.948004, "url": "https://www.iryou.teikyouseido.mhlw.go.jp/znk-web/juminkanja/S2430/initialize?prefCd=21&kikanCd=2101010033&kikanKbn=5", "url2": "www.aishindo-ph.com", "内容": "あいしんどう薬局【5:薬局】岐阜県各務原市緑苑中２－９６" }, "geometry": { "type": "Point", "coordinates": [ 136.948004, 35.412612 ] } },
{ "type": "Feature", "properties": { "ID": 2152101010048, "正式名称": "竹内薬局　ノバ店", "機関区分": 5, "都道府県コード": 21, "市区町村コード": 213, "所在地": "岐阜県各務原市鵜沼山崎町６－８－１", "緯度": 35.400428, "経度": 136.948452, "url": "https://www.iryou.teikyouseido.mhlw.go.jp/znk-web/juminkanja/S2430/initialize?prefCd=21&kikanCd=2101010048&kikanKbn=5", "url2": null, "内容": "竹内薬局　ノバ店【5:薬局】岐阜県各務原市鵜沼山崎町６－８－１" }, "geometry": { "type": "Point", "coordinates": [ 136.948452, 35.400428 ] } },
{ "type": "Feature", "properties": { "ID": 2152101010055, "正式名称": "あおぞら薬局", "機関区分": 5, "都道府県コード": 21, "市区町村コード": 213, "所在地": "岐阜県各務原市鵜沼東町２－２", "緯度": 35.405888, "経度": 136.941156, "url": "https://www.iryou.teikyouseido.mhlw.go.jp/znk-web/juminkanja/S2430/initialize?prefCd=21&kikanCd=2101010055&kikanKbn=5", "url2": "https://aozora5125.com/", "内容": "あおぞら薬局【5:薬局】岐阜県各務原市鵜沼東町２－２" }, "geometry": { "type": "Point", "coordinates": [ 136.941156, 35.405888 ] } },
{ "type": "Feature", "properties": { "ID": 2152101010056, "正式名称": "たんぽぽ薬局　蘇原店", "機関区分": 5, "都道府県コード": 21, "市区町村コード": 213, "所在地": "岐阜県各務原市蘇原栄町２－８", "緯度": 35.404817, "経度": 136.868047, "url": "https://www.iryou.teikyouseido.mhlw.go.jp/znk-web/juminkanja/S2430/initialize?prefCd=21&kikanCd=2101010056&kikanKbn=5", "url2": "http://www.tanpopo-ph.co.jp/", "内容": "たんぽぽ薬局　蘇原店【5:薬局】岐阜県各務原市蘇原栄町２－８" }, "geometry": { "type": "Point", "coordinates": [ 136.868047, 35.404817 ] } },
{ "type": "Feature", "properties": { "ID": 2152101010058, "正式名称": "ききょう薬局", "機関区分": 5, "都道府県コード": 21, "市区町村コード": 213, "所在地": "岐阜県各務原市蘇原東門町二丁目７８番地２", "緯度": 35.420265, "経度": 136.880074, "url": "https://www.iryou.teikyouseido.mhlw.go.jp/znk-web/juminkanja/S2430/initialize?prefCd=21&kikanCd=2101010058&kikanKbn=5", "url2": "https://kikyou-pharmacy.com", "内容": "ききょう薬局【5:薬局】岐阜県各務原市蘇原東門町二丁目７８番地２" }, "geometry": { "type": "Point", "coordinates": [ 136.880074, 35.420265 ] } },
{ "type": "Feature", "properties": { "ID": 2152101010067, "正式名称": "永井薬局", "機関区分": 5, "都道府県コード": 21, "市区町村コード": 213, "所在地": "岐阜県各務原市那加東那加町４０－２", "緯度": 35.397224, "経度": 136.83709, "url": "https://www.iryou.teikyouseido.mhlw.go.jp/znk-web/juminkanja/S2430/initialize?prefCd=21&kikanCd=2101010067&kikanKbn=5", "url2": null, "内容": "永井薬局【5:薬局】岐阜県各務原市那加東那加町４０－２" }, "geometry": { "type": "Point", "coordinates": [ 136.83709, 35.397224 ] } },
{ "type": "Feature", "properties": { "ID": 2152101010070, "正式名称": "愛進堂三ツ池薬局", "機関区分": 5, "都道府県コード": 21, "市区町村コード": 213, "所在地": "岐阜県各務原市鵜沼三ツ池町５−２３９−１", "緯度": 35.398352, "経度": 136.89645, "url": "https://www.iryou.teikyouseido.mhlw.go.jp/znk-web/juminkanja/S2430/initialize?prefCd=21&kikanCd=2101010070&kikanKbn=5", "url2": "http://www.aishindo-ph.com", "内容": "愛進堂三ツ池薬局【5:薬局】岐阜県各務原市鵜沼三ツ池町５−２３９−１" }, "geometry": { "type": "Point", "coordinates": [ 136.89645, 35.398352 ] } },
{ "type": "Feature", "properties": { "ID": 2152101010078, "正式名称": "薬局ウヌマドラッグ", "機関区分": 5, "都道府県コード": 21, "市区町村コード": 213, "所在地": "岐阜県各務原市鵜沼西町２－１６５", "緯度": 35.407008, "経度": 136.939215, "url": "https://www.iryou.teikyouseido.mhlw.go.jp/znk-web/juminkanja/S2430/initialize?prefCd=21&kikanCd=2101010078&kikanKbn=5", "url2": "http://www.unuma-drug-gifu.com", "内容": "薬局ウヌマドラッグ【5:薬局】岐阜県各務原市鵜沼西町２－１６５" }, "geometry": { "type": "Point", "coordinates": [ 136.939215, 35.407008 ] } },
{ "type": "Feature", "properties": { "ID": 2152101010085, "正式名称": "ファースト調剤薬局　そはら店", "機関区分": 5, "都道府県コード": 21, "市区町村コード": 213, "所在地": "岐阜県各務原市蘇原花園町一丁目５７－２", "緯度": 35.411364, "経度": 136.845835, "url": "https://www.iryou.teikyouseido.mhlw.go.jp/znk-web/juminkanja/S2430/initialize?prefCd=21&kikanCd=2101010085&kikanKbn=5", "url2": "https://www.first1.jp", "内容": "ファースト調剤薬局　そはら店【5:薬局】岐阜県各務原市蘇原花園町一丁目５７－２" }, "geometry": { "type": "Point", "coordinates": [ 136.845835, 35.411364 ] } },
{ "type": "Feature", "properties": { "ID": 2152101010088, "正式名称": "梁山泊漢方薬局そはら店", "機関区分": 5, "都道府県コード": 21, "市区町村コード": 213, "所在地": "岐阜県各務原市蘇原菊園町４ー２１", "緯度": 35.407594, "経度": 136.866564, "url": "https://www.iryou.teikyouseido.mhlw.go.jp/znk-web/juminkanja/S2430/initialize?prefCd=21&kikanCd=2101010088&kikanKbn=5", "url2": "http://www.kit.hi-ho.ne.jp/rouzanpaku/", "内容": "梁山泊漢方薬局そはら店【5:薬局】岐阜県各務原市蘇原菊園町４ー２１" }, "geometry": { "type": "Point", "coordinates": [ 136.866564, 35.407594 ] } },
{ "type": "Feature", "properties": { "ID": 2152101010091, "正式名称": "有限会社　羽島調剤薬局", "機関区分": 5, "都道府県コード": 21, "市区町村コード": 303, "所在地": "岐阜県羽島郡笠松町円城寺９６６", "緯度": 35.375239, "経度": 136.789255, "url": "https://www.iryou.teikyouseido.mhlw.go.jp/znk-web/juminkanja/S2430/initialize?prefCd=21&kikanCd=2101010091&kikanKbn=5", "url2": null, "内容": "有限会社　羽島調剤薬局【5:薬局】岐阜県羽島郡笠松町円城寺９６６" }, "geometry": { "type": "Point", "coordinates": [ 136.789255, 35.375239 ] } },
{ "type": "Feature", "properties": { "ID": 2152101010092, "正式名称": "羽島薬局", "機関区分": 5, "都道府県コード": 21, "市区町村コード": 209, "所在地": "岐阜県羽島市江吉良町９１０", "緯度": 35.314952, "経度": 136.700691, "url": "https://www.iryou.teikyouseido.mhlw.go.jp/znk-web/juminkanja/S2430/initialize?prefCd=21&kikanCd=2101010092&kikanKbn=5", "url2": null, "内容": "羽島薬局【5:薬局】岐阜県羽島市江吉良町９１０" }, "geometry": { "type": "Point", "coordinates": [ 136.700691, 35.314952 ] } },
{ "type": "Feature", "properties": { "ID": 2152101010096, "正式名称": "ひかり薬局　三井店", "機関区分": 5, "都道府県コード": 21, "市区町村コード": 213, "所在地": "岐阜県各務原市三井町１－７５－２", "緯度": 35.394064, "経度": 136.833868, "url": "https://www.iryou.teikyouseido.mhlw.go.jp/znk-web/juminkanja/S2430/initialize?prefCd=21&kikanCd=2101010096&kikanKbn=5", "url2": null, "内容": "ひかり薬局　三井店【5:薬局】岐阜県各務原市三井町１－７５－２" }, "geometry": { "type": "Point", "coordinates": [ 136.833868, 35.394064 ] } },
{ "type": "Feature", "properties": { "ID": 2152101010099, "正式名称": "しょうなん調剤薬局　羽島店", "機関区分": 5, "都道府県コード": 21, "市区町村コード": 209, "所在地": "岐阜県羽島市竹鼻町狐穴１０９３－４", "緯度": 35.322143, "経度": 136.71572, "url": "https://www.iryou.teikyouseido.mhlw.go.jp/znk-web/juminkanja/S2430/initialize?prefCd=21&kikanCd=2101010099&kikanKbn=5", "url2": "https://www.syounanyakkyoku.com", "内容": "しょうなん調剤薬局　羽島店【5:薬局】岐阜県羽島市竹鼻町狐穴１０９３－４" }, "geometry": { "type": "Point", "coordinates": [ 136.71572, 35.322143 ] } },
{ "type": "Feature", "properties": { "ID": 2152101010100, "正式名称": "梅本薬局", "機関区分": 5, "都道府県コード": 21, "市区町村コード": 213, "所在地": "岐阜県各務原市鵜沼東町７－７２", "緯度": 35.400438, "経度": 136.946912, "url": "https://www.iryou.teikyouseido.mhlw.go.jp/znk-web/juminkanja/S2430/initialize?prefCd=21&kikanCd=2101010100&kikanKbn=5", "url2": null, "内容": "梅本薬局【5:薬局】岐阜県各務原市鵜沼東町７－７２" }, "geometry": { "type": "Point", "coordinates": [ 136.946912, 35.400438 ] } },
{ "type": "Feature", "properties": { "ID": 2152101010101, "正式名称": "中田薬局", "機関区分": 5, "都道府県コード": 21, "市区町村コード": 213, "所在地": "岐阜県各務原市那加昭南町９９－１", "緯度": 35.403359, "経度": 136.852483, "url": "https://www.iryou.teikyouseido.mhlw.go.jp/znk-web/juminkanja/S2430/initialize?prefCd=21&kikanCd=2101010101&kikanKbn=5", "url2": null, "内容": "中田薬局【5:薬局】岐阜県各務原市那加昭南町９９－１" }, "geometry": { "type": "Point", "coordinates": [ 136.852483, 35.403359 ] } },
{ "type": "Feature", "properties": { "ID": 2152101010104, "正式名称": "赤い実調剤薬局", "機関区分": 5, "都道府県コード": 21, "市区町村コード": 213, "所在地": "岐阜県各務原市鵜沼各務原町３－５５０－９", "緯度": 35.399041, "経度": 136.904902, "url": "https://www.iryou.teikyouseido.mhlw.go.jp/znk-web/juminkanja/S2430/initialize?prefCd=21&kikanCd=2101010104&kikanKbn=5", "url2": null, "内容": "赤い実調剤薬局【5:薬局】岐阜県各務原市鵜沼各務原町３－５５０－９" }, "geometry": { "type": "Point", "coordinates": [ 136.904902, 35.399041 ] } },
{ "type": "Feature", "properties": { "ID": 2152101010105, "正式名称": "ひかり薬局蘇原店", "機関区分": 5, "都道府県コード": 21, "市区町村コード": 213, "所在地": "岐阜県各務原市蘇原新栄町１－６７－３", "緯度": 35.412112, "経度": 136.865384, "url": "https://www.iryou.teikyouseido.mhlw.go.jp/znk-web/juminkanja/S2430/initialize?prefCd=21&kikanCd=2101010105&kikanKbn=5", "url2": null, "内容": "ひかり薬局蘇原店【5:薬局】岐阜県各務原市蘇原新栄町１－６７－３" }, "geometry": { "type": "Point", "coordinates": [ 136.865384, 35.412112 ] } },
{ "type": "Feature", "properties": { "ID": 2152101010106, "正式名称": "土屋薬局", "機関区分": 5, "都道府県コード": 21, "市区町村コード": 213, "所在地": "岐阜県各務原市蘇原吉野町３－５８－１", "緯度": 35.417495, "経度": 136.858268, "url": "https://www.iryou.teikyouseido.mhlw.go.jp/znk-web/juminkanja/S2430/initialize?prefCd=21&kikanCd=2101010106&kikanKbn=5", "url2": null, "内容": "土屋薬局【5:薬局】岐阜県各務原市蘇原吉野町３－５８－１" }, "geometry": { "type": "Point", "coordinates": [ 136.858268, 35.417495 ] } },
{ "type": "Feature", "properties": { "ID": 2152101010110, "正式名称": "カトウ薬局新井店", "機関区分": 5, "都道府県コード": 21, "市区町村コード": 209, "所在地": "岐阜県羽島市正木町新井４０４", "緯度": 35.32084, "経度": 136.728768, "url": "https://www.iryou.teikyouseido.mhlw.go.jp/znk-web/juminkanja/S2430/initialize?prefCd=21&kikanCd=2101010110&kikanKbn=5", "url2": null, "内容": "カトウ薬局新井店【5:薬局】岐阜県羽島市正木町新井４０４" }, "geometry": { "type": "Point", "coordinates": [ 136.728768, 35.32084 ] } },
{ "type": "Feature", "properties": { "ID": 2152101010115, "正式名称": "はば薬局", "機関区分": 5, "都道府県コード": 21, "市区町村コード": 213, "所在地": "岐阜県各務原市鵜沼羽場町４－１１７－３", "緯度": 35.402485, "経度": 136.921731, "url": "https://www.iryou.teikyouseido.mhlw.go.jp/znk-web/juminkanja/S2430/initialize?prefCd=21&kikanCd=2101010115&kikanKbn=5", "url2": "http://www.seiko-pharma.com/", "内容": "はば薬局【5:薬局】岐阜県各務原市鵜沼羽場町４－１１７－３" }, "geometry": { "type": "Point", "coordinates": [ 136.921731, 35.402485 ] } },
{ "type": "Feature", "properties": { "ID": 2152101010119, "正式名称": "合名会社だるまや薬局", "機関区分": 5, "都道府県コード": 21, "市区町村コード": 303, "所在地": "岐阜県羽島郡笠松町上本町８０", "緯度": 35.367793, "経度": 136.762226, "url": "https://www.iryou.teikyouseido.mhlw.go.jp/znk-web/juminkanja/S2430/initialize?prefCd=21&kikanCd=2101010119&kikanKbn=5", "url2": "http://kanpou-daruma.com", "内容": "合名会社だるまや薬局【5:薬局】岐阜県羽島郡笠松町上本町８０" }, "geometry": { "type": "Point", "coordinates": [ 136.762226, 35.367793 ] } },
{ "type": "Feature", "properties": { "ID": 2152101010121, "正式名称": "有限会社　ホープ薬局", "機関区分": 5, "都道府県コード": 21, "市区町村コード": 209, "所在地": "岐阜県羽島市竹鼻町２７２番地の５", "緯度": 35.321425, "経度": 136.700638, "url": "https://www.iryou.teikyouseido.mhlw.go.jp/znk-web/juminkanja/S2430/initialize?prefCd=21&kikanCd=2101010121&kikanKbn=5", "url2": null, "内容": "有限会社　ホープ薬局【5:薬局】岐阜県羽島市竹鼻町２７２番地の５" }, "geometry": { "type": "Point", "coordinates": [ 136.700638, 35.321425 ] } },
{ "type": "Feature", "properties": { "ID": 2152101010122, "正式名称": "安藤薬局", "機関区分": 5, "都道府県コード": 21, "市区町村コード": 213, "所在地": "岐阜県各務原市蘇原清住町２－７１", "緯度": 35.426563, "経度": 136.87774, "url": "https://www.iryou.teikyouseido.mhlw.go.jp/znk-web/juminkanja/S2430/initialize?prefCd=21&kikanCd=2101010122&kikanKbn=5", "url2": null, "内容": "安藤薬局【5:薬局】岐阜県各務原市蘇原清住町２－７１" }, "geometry": { "type": "Point", "coordinates": [ 136.87774, 35.426563 ] } },
{ "type": "Feature", "properties": { "ID": 2152101010131, "正式名称": "みずほ薬局", "機関区分": 5, "都道府県コード": 21, "市区町村コード": 213, "所在地": "岐阜県各務原市蘇原瑞穂町３－７６－２", "緯度": 35.412772, "経度": 136.849183, "url": "https://www.iryou.teikyouseido.mhlw.go.jp/znk-web/juminkanja/S2430/initialize?prefCd=21&kikanCd=2101010131&kikanKbn=5", "url2": null, "内容": "みずほ薬局【5:薬局】岐阜県各務原市蘇原瑞穂町３－７６－２" }, "geometry": { "type": "Point", "coordinates": [ 136.849183, 35.412772 ] } },
{ "type": "Feature", "properties": { "ID": 2152101010134, "正式名称": "笠松こすもす薬局", "機関区分": 5, "都道府県コード": 21, "市区町村コード": 303, "所在地": "岐阜県羽島郡笠松町田代天神３２１", "緯度": 35.363935, "経度": 136.756187, "url": "https://www.iryou.teikyouseido.mhlw.go.jp/znk-web/juminkanja/S2430/initialize?prefCd=21&kikanCd=2101010134&kikanKbn=5", "url2": "https://www.kasamatsu-cosmos-pharmacy.com", "内容": "笠松こすもす薬局【5:薬局】岐阜県羽島郡笠松町田代天神３２１" }, "geometry": { "type": "Point", "coordinates": [ 136.756187, 35.363935 ] } },
{ "type": "Feature", "properties": { "ID": 2152101010135, "正式名称": "メイプル調剤薬局", "機関区分": 5, "都道府県コード": 21, "市区町村コード": 213, "所在地": "岐阜県各務原市蘇原新生町２丁目４７番地２", "緯度": 35.419352, "経度": 136.880905, "url": "https://www.iryou.teikyouseido.mhlw.go.jp/znk-web/juminkanja/S2430/initialize?prefCd=21&kikanCd=2101010135&kikanKbn=5", "url2": null, "内容": "メイプル調剤薬局【5:薬局】岐阜県各務原市蘇原新生町２丁目４７番地２" }, "geometry": { "type": "Point", "coordinates": [ 136.880905, 35.419352 ] } },
{ "type": "Feature", "properties": { "ID": 2152101010140, "正式名称": "シトラス薬局　笠松店", "機関区分": 5, "都道府県コード": 21, "市区町村コード": 303, "所在地": "岐阜県羽島郡笠松町美笠通３ー２２ー４", "緯度": 35.369303, "経度": 136.755909, "url": "https://www.iryou.teikyouseido.mhlw.go.jp/znk-web/juminkanja/S2430/initialize?prefCd=21&kikanCd=2101010140&kikanKbn=5", "url2": null, "内容": "シトラス薬局　笠松店【5:薬局】岐阜県羽島郡笠松町美笠通３ー２２ー４" }, "geometry": { "type": "Point", "coordinates": [ 136.755909, 35.369303 ] } },
{ "type": "Feature", "properties": { "ID": 2152101010142, "正式名称": "スギヤマ薬局羽島店", "機関区分": 5, "都道府県コード": 21, "市区町村コード": 209, "所在地": "岐阜県羽島市竹鼻町狐穴小堤１０６０－１", "緯度": 35.323474, "経度": 136.715092, "url": "https://www.iryou.teikyouseido.mhlw.go.jp/znk-web/juminkanja/S2430/initialize?prefCd=21&kikanCd=2101010142&kikanKbn=5", "url2": "http://sugiyama-club.jp", "内容": "スギヤマ薬局羽島店【5:薬局】岐阜県羽島市竹鼻町狐穴小堤１０６０－１" }, "geometry": { "type": "Point", "coordinates": [ 136.715092, 35.323474 ] } },
{ "type": "Feature", "properties": { "ID": 2152101010143, "正式名称": "たんぽぽ薬局　羽島店", "機関区分": 5, "都道府県コード": 21, "市区町村コード": 209, "所在地": "岐阜県羽島市新生町３－２６４－４", "緯度": 35.328354, "経度": 136.710178, "url": "https://www.iryou.teikyouseido.mhlw.go.jp/znk-web/juminkanja/S2430/initialize?prefCd=21&kikanCd=2101010143&kikanKbn=5", "url2": "http://www.tanpopo-ph.co.jp/", "内容": "たんぽぽ薬局　羽島店【5:薬局】岐阜県羽島市新生町３－２６４－４" }, "geometry": { "type": "Point", "coordinates": [ 136.710178, 35.328354 ] } },
{ "type": "Feature", "properties": { "ID": 2152101010146, "正式名称": "ピノキオ薬局　那加店", "機関区分": 5, "都道府県コード": 21, "市区町村コード": 213, "所在地": "岐阜県各務原市那加西野町１３０番地トングビル１階", "緯度": 35.398413, "経度": 136.834334, "url": "https://www.iryou.teikyouseido.mhlw.go.jp/znk-web/juminkanja/S2430/initialize?prefCd=21&kikanCd=2101010146&kikanKbn=5", "url2": "http://www.pinokio-pharmacy.jp", "内容": "ピノキオ薬局　那加店【5:薬局】岐阜県各務原市那加西野町１３０番地トングビル１階" }, "geometry": { "type": "Point", "coordinates": [ 136.834334, 35.398413 ] } },
{ "type": "Feature", "properties": { "ID": 2152101010147, "正式名称": "かとう薬局", "機関区分": 5, "都道府県コード": 21, "市区町村コード": 213, "所在地": "岐阜県各務原市鵜沼東町６－７９", "緯度": 35.399682, "経度": 136.945794, "url": "https://www.iryou.teikyouseido.mhlw.go.jp/znk-web/juminkanja/S2430/initialize?prefCd=21&kikanCd=2101010147&kikanKbn=5", "url2": "http://www.p-kato.co.jp/", "内容": "かとう薬局【5:薬局】岐阜県各務原市鵜沼東町６－７９" }, "geometry": { "type": "Point", "coordinates": [ 136.945794, 35.399682 ] } },
{ "type": "Feature", "properties": { "ID": 2152101010148, "正式名称": "マイはーと薬局", "機関区分": 5, "都道府県コード": 21, "市区町村コード": 209, "所在地": "岐阜県羽島市竹鼻町飯柄１１０－１", "緯度": 35.319829, "経度": 136.715, "url": "https://www.iryou.teikyouseido.mhlw.go.jp/znk-web/juminkanja/S2430/initialize?prefCd=21&kikanCd=2101010148&kikanKbn=5", "url2": "http://www.trinitygroup.co.jp/", "内容": "マイはーと薬局【5:薬局】岐阜県羽島市竹鼻町飯柄１１０－１" }, "geometry": { "type": "Point", "coordinates": [ 136.715, 35.319829 ] } },
{ "type": "Feature", "properties": { "ID": 2152101010150, "正式名称": "株式会社ウラタ薬局　新町店", "機関区分": 5, "都道府県コード": 21, "市区町村コード": 213, "所在地": "岐阜県各務原市那加前洞新町４－１７９", "緯度": 35.407233, "経度": 136.841598, "url": "https://www.iryou.teikyouseido.mhlw.go.jp/znk-web/juminkanja/S2430/initialize?prefCd=21&kikanCd=2101010150&kikanKbn=5", "url2": "http://urata-no-genkimura.com/", "内容": "株式会社ウラタ薬局　新町店【5:薬局】岐阜県各務原市那加前洞新町４－１７９" }, "geometry": { "type": "Point", "coordinates": [ 136.841598, 35.407233 ] } },
{ "type": "Feature", "properties": { "ID": 2152101010154, "正式名称": "イオン薬局各務原店", "機関区分": 5, "都道府県コード": 21, "市区町村コード": 213, "所在地": "岐阜県各務原市那加萱場町３－８", "緯度": 35.391329, "経度": 136.824359, "url": "https://www.iryou.teikyouseido.mhlw.go.jp/znk-web/juminkanja/S2430/initialize?prefCd=21&kikanCd=2101010154&kikanKbn=5", "url2": null, "内容": "イオン薬局各務原店【5:薬局】岐阜県各務原市那加萱場町３－８" }, "geometry": { "type": "Point", "coordinates": [ 136.824359, 35.391329 ] } },
{ "type": "Feature", "properties": { "ID": 2152101010158, "正式名称": "スギ薬局　舟橋店", "機関区分": 5, "都道府県コード": 21, "市区町村コード": 209, "所在地": "岐阜県羽島市舟橋町１１番地", "緯度": 35.318222, "経度": 136.698192, "url": "https://www.iryou.teikyouseido.mhlw.go.jp/znk-web/juminkanja/S2430/initialize?prefCd=21&kikanCd=2101010158&kikanKbn=5", "url2": "http://www.drug-sugi.co.jp/", "内容": "スギ薬局　舟橋店【5:薬局】岐阜県羽島市舟橋町１１番地" }, "geometry": { "type": "Point", "coordinates": [ 136.698192, 35.318222 ] } },
{ "type": "Feature", "properties": { "ID": 2152101010159, "正式名称": "スギ薬局　各務原店", "機関区分": 5, "都道府県コード": 21, "市区町村コード": 213, "所在地": "岐阜県各務原市蘇原花園町２－１６", "緯度": 35.410795, "経度": 136.848492, "url": "https://www.iryou.teikyouseido.mhlw.go.jp/znk-web/juminkanja/S2430/initialize?prefCd=21&kikanCd=2101010159&kikanKbn=5", "url2": "http://www.drug-sugi.co.jp/", "内容": "スギ薬局　各務原店【5:薬局】岐阜県各務原市蘇原花園町２－１６" }, "geometry": { "type": "Point", "coordinates": [ 136.848492, 35.410795 ] } },
{ "type": "Feature", "properties": { "ID": 2152101010160, "正式名称": "はなぞの薬局", "機関区分": 5, "都道府県コード": 21, "市区町村コード": 213, "所在地": "岐阜県各務原市蘇原花園町３－４", "緯度": 35.411482, "経度": 136.849646, "url": "https://www.iryou.teikyouseido.mhlw.go.jp/znk-web/juminkanja/S2430/initialize?prefCd=21&kikanCd=2101010160&kikanKbn=5", "url2": "http://www.seiko-pharma.com", "内容": "はなぞの薬局【5:薬局】岐阜県各務原市蘇原花園町３－４" }, "geometry": { "type": "Point", "coordinates": [ 136.849646, 35.411482 ] } },
{ "type": "Feature", "properties": { "ID": 2152101010161, "正式名称": "かわむら薬局", "機関区分": 5, "都道府県コード": 21, "市区町村コード": 209, "所在地": "岐阜県羽島市福寿町浅平３丁目３２番地の６", "緯度": 35.31957, "経度": 136.690455, "url": "https://www.iryou.teikyouseido.mhlw.go.jp/znk-web/juminkanja/S2430/initialize?prefCd=21&kikanCd=2101010161&kikanKbn=5", "url2": null, "内容": "かわむら薬局【5:薬局】岐阜県羽島市福寿町浅平３丁目３２番地の６" }, "geometry": { "type": "Point", "coordinates": [ 136.690455, 35.31957 ] } },
{ "type": "Feature", "properties": { "ID": 2152101010162, "正式名称": "明日香調剤薬局", "機関区分": 5, "都道府県コード": 21, "市区町村コード": 213, "所在地": "岐阜県各務原市鵜沼南町５丁目３６番地", "緯度": 35.396759, "経度": 136.94281, "url": "https://www.iryou.teikyouseido.mhlw.go.jp/znk-web/juminkanja/S2430/initialize?prefCd=21&kikanCd=2101010162&kikanKbn=5", "url2": "https://www.medical-hikari.jp", "内容": "明日香調剤薬局【5:薬局】岐阜県各務原市鵜沼南町５丁目３６番地" }, "geometry": { "type": "Point", "coordinates": [ 136.94281, 35.396759 ] } },
{ "type": "Feature", "properties": { "ID": 2152101010168, "正式名称": "ファミリー薬局　のなか店", "機関区分": 5, "都道府県コード": 21, "市区町村コード": 302, "所在地": "岐阜県羽島郡岐南町野中３丁目３４番地４", "緯度": 35.385187, "経度": 136.802457, "url": "https://www.iryou.teikyouseido.mhlw.go.jp/znk-web/juminkanja/S2430/initialize?prefCd=21&kikanCd=2101010168&kikanKbn=5", "url2": null, "内容": "ファミリー薬局　のなか店【5:薬局】岐阜県羽島郡岐南町野中３丁目３４番地４" }, "geometry": { "type": "Point", "coordinates": [ 136.802457, 35.385187 ] } },
{ "type": "Feature", "properties": { "ID": 2152101010170, "正式名称": "ピノキオ薬局　各務原店", "機関区分": 5, "都道府県コード": 21, "市区町村コード": 213, "所在地": "岐阜県各務原市那加野畑町２丁目１０５番３", "緯度": 35.405995, "経度": 136.82954, "url": "https://www.iryou.teikyouseido.mhlw.go.jp/znk-web/juminkanja/S2430/initialize?prefCd=21&kikanCd=2101010170&kikanKbn=5", "url2": "http://www.pinokio-pharmacy.jp/", "内容": "ピノキオ薬局　各務原店【5:薬局】岐阜県各務原市那加野畑町２丁目１０５番３" }, "geometry": { "type": "Point", "coordinates": [ 136.82954, 35.405995 ] } },
{ "type": "Feature", "properties": { "ID": 2152101010174, "正式名称": "つつじ薬局", "機関区分": 5, "都道府県コード": 21, "市区町村コード": 213, "所在地": "岐阜県各務原市前渡西町三丁目２１番２", "緯度": 35.384412, "経度": 136.873349, "url": "https://www.iryou.teikyouseido.mhlw.go.jp/znk-web/juminkanja/S2430/initialize?prefCd=21&kikanCd=2101010174&kikanKbn=5", "url2": "https://kikyou-pharmacy.com", "内容": "つつじ薬局【5:薬局】岐阜県各務原市前渡西町三丁目２１番２" }, "geometry": { "type": "Point", "coordinates": [ 136.873349, 35.384412 ] } },
{ "type": "Feature", "properties": { "ID": 2152101010176, "正式名称": "ピノキオ薬局　蘇原店", "機関区分": 5, "都道府県コード": 21, "市区町村コード": 213, "所在地": "岐阜県各務原市蘇原柿沢町１－４１－１", "緯度": 35.405004, "経度": 136.86214, "url": "https://www.iryou.teikyouseido.mhlw.go.jp/znk-web/juminkanja/S2430/initialize?prefCd=21&kikanCd=2101010176&kikanKbn=5", "url2": "http://www.pinokio-pharmacy.jp/", "内容": "ピノキオ薬局　蘇原店【5:薬局】岐阜県各務原市蘇原柿沢町１－４１－１" }, "geometry": { "type": "Point", "coordinates": [ 136.86214, 35.405004 ] } },
{ "type": "Feature", "properties": { "ID": 2152101010179, "正式名称": "アイランド薬局　羽島店", "機関区分": 5, "都道府県コード": 21, "市区町村コード": 209, "所在地": "岐阜県羽島市正木町坂丸三丁目４７－２", "緯度": 35.331762, "経度": 136.732749, "url": "https://www.iryou.teikyouseido.mhlw.go.jp/znk-web/juminkanja/S2430/initialize?prefCd=21&kikanCd=2101010179&kikanKbn=5", "url2": "http://www.apocreat.co.jp/", "内容": "アイランド薬局　羽島店【5:薬局】岐阜県羽島市正木町坂丸三丁目４７－２" }, "geometry": { "type": "Point", "coordinates": [ 136.732749, 35.331762 ] } },
{ "type": "Feature", "properties": { "ID": 2152101010180, "正式名称": "グッド調剤薬局", "機関区分": 5, "都道府県コード": 21, "市区町村コード": 209, "所在地": "岐阜県羽島市小熊町島２－１２　メディカルプラザ岐阜羽島", "緯度": 35.333809, "経度": 136.706804, "url": "https://www.iryou.teikyouseido.mhlw.go.jp/znk-web/juminkanja/S2430/initialize?prefCd=21&kikanCd=2101010180&kikanKbn=5", "url2": "sankou-medical.co.jp", "内容": "グッド調剤薬局【5:薬局】岐阜県羽島市小熊町島２－１２　メディカルプラザ岐阜羽島" }, "geometry": { "type": "Point", "coordinates": [ 136.706804, 35.333809 ] } },
{ "type": "Feature", "properties": { "ID": 2152101010184, "正式名称": "スマイル薬局いしやま店", "機関区分": 5, "都道府県コード": 21, "市区町村コード": 213, "所在地": "岐阜県各務原市那加石山町１丁目１３２番１", "緯度": 35.407194, "経度": 136.827393, "url": "https://www.iryou.teikyouseido.mhlw.go.jp/znk-web/juminkanja/S2430/initialize?prefCd=21&kikanCd=2101010184&kikanKbn=5", "url2": null, "内容": "スマイル薬局いしやま店【5:薬局】岐阜県各務原市那加石山町１丁目１３２番１" }, "geometry": { "type": "Point", "coordinates": [ 136.827393, 35.407194 ] } },
{ "type": "Feature", "properties": { "ID": 2152101010186, "正式名称": "みなみ薬局", "機関区分": 5, "都道府県コード": 21, "市区町村コード": 213, "所在地": "岐阜県各務原市鵜沼南町２丁目１２７番１", "緯度": 35.396138, "経度": 136.941444, "url": "https://www.iryou.teikyouseido.mhlw.go.jp/znk-web/juminkanja/S2430/initialize?prefCd=21&kikanCd=2101010186&kikanKbn=5", "url2": "http://www.seiko-pharma.com", "内容": "みなみ薬局【5:薬局】岐阜県各務原市鵜沼南町２丁目１２７番１" }, "geometry": { "type": "Point", "coordinates": [ 136.941444, 35.396138 ] } },
{ "type": "Feature", "properties": { "ID": 2152101010188, "正式名称": "日本調剤笠松薬局", "機関区分": 5, "都道府県コード": 21, "市区町村コード": 303, "所在地": "岐阜県羽島郡笠松町田代２１５番３", "緯度": 35.364043, "経度": 136.757792, "url": "https://www.iryou.teikyouseido.mhlw.go.jp/znk-web/juminkanja/S2430/initialize?prefCd=21&kikanCd=2101010188&kikanKbn=5", "url2": "http://www.nicho.co.jp/tenpo/kasamatu/", "内容": "日本調剤笠松薬局【5:薬局】岐阜県羽島郡笠松町田代２１５番３" }, "geometry": { "type": "Point", "coordinates": [ 136.757792, 35.364043 ] } },
{ "type": "Feature", "properties": { "ID": 2152101010191, "正式名称": "グリーン薬局　東海中央病院前店", "機関区分": 5, "都道府県コード": 21, "市区町村コード": 213, "所在地": "岐阜県各務原市蘇原東島町４丁目５６番地１　Ｊ・ＡＲＴビル１階", "緯度": 35.409221, "経度": 136.87707, "url": "https://www.iryou.teikyouseido.mhlw.go.jp/znk-web/juminkanja/S2430/initialize?prefCd=21&kikanCd=2101010191&kikanKbn=5", "url2": "http://www.tanpopo-ph.co.jp", "内容": "グリーン薬局　東海中央病院前店【5:薬局】岐阜県各務原市蘇原東島町４丁目５６番地１　Ｊ・ＡＲＴビル１階" }, "geometry": { "type": "Point", "coordinates": [ 136.87707, 35.409221 ] } },
{ "type": "Feature", "properties": { "ID": 2152101010194, "正式名称": "明正堂薬局", "機関区分": 5, "都道府県コード": 21, "市区町村コード": 209, "所在地": "岐阜県羽島市竹鼻町狐穴１５６８", "緯度": 35.32156, "経度": 136.706213, "url": "https://www.iryou.teikyouseido.mhlw.go.jp/znk-web/juminkanja/S2430/initialize?prefCd=21&kikanCd=2101010194&kikanKbn=5", "url2": null, "内容": "明正堂薬局【5:薬局】岐阜県羽島市竹鼻町狐穴１５６８" }, "geometry": { "type": "Point", "coordinates": [ 136.706213, 35.32156 ] } },
{ "type": "Feature", "properties": { "ID": 2152101010195, "正式名称": "かかみの中央薬局", "機関区分": 5, "都道府県コード": 21, "市区町村コード": 213, "所在地": "岐阜県各務原市蘇原東島町４丁目９－２、１０－１", "緯度": 35.409267, "経度": 136.87566, "url": "https://www.iryou.teikyouseido.mhlw.go.jp/znk-web/juminkanja/S2430/initialize?prefCd=21&kikanCd=2101010195&kikanKbn=5", "url2": null, "内容": "かかみの中央薬局【5:薬局】岐阜県各務原市蘇原東島町４丁目９－２、１０－１" }, "geometry": { "type": "Point", "coordinates": [ 136.87566, 35.409267 ] } },
{ "type": "Feature", "properties": { "ID": 2152101010196, "正式名称": "呉藍漢方薬局", "機関区分": 5, "都道府県コード": 21, "市区町村コード": 213, "所在地": "岐阜県各務原市新鵜沼台１－１４４", "緯度": 35.405233, "経度": 136.950178, "url": "https://www.iryou.teikyouseido.mhlw.go.jp/znk-web/juminkanja/S2430/initialize?prefCd=21&kikanCd=2101010196&kikanKbn=5", "url2": "https://www.kureaikanpou.com", "内容": "呉藍漢方薬局【5:薬局】岐阜県各務原市新鵜沼台１－１４４" }, "geometry": { "type": "Point", "coordinates": [ 136.950178, 35.405233 ] } },
{ "type": "Feature", "properties": { "ID": 2152101010197, "正式名称": "スギヤマ調剤薬局　羽島市民病院前店", "機関区分": 5, "都道府県コード": 21, "市区町村コード": 209, "所在地": "岐阜県羽島市竹鼻町狐穴字東百石３４２４番１", "緯度": 35.328181, "経度": 136.710087, "url": "https://www.iryou.teikyouseido.mhlw.go.jp/znk-web/juminkanja/S2430/initialize?prefCd=21&kikanCd=2101010197&kikanKbn=5", "url2": "https://sugiyama-club.jp/", "内容": "スギヤマ調剤薬局　羽島市民病院前店【5:薬局】岐阜県羽島市竹鼻町狐穴字東百石３４２４番１" }, "geometry": { "type": "Point", "coordinates": [ 136.710087, 35.328181 ] } },
{ "type": "Feature", "properties": { "ID": 2152101010199, "正式名称": "Ｖ・ｄｒｕｇ　各務原中央薬局", "機関区分": 5, "都道府県コード": 21, "市区町村コード": 213, "所在地": "岐阜県各務原市蘇原新栄町１－１", "緯度": 35.411542, "経度": 136.864065, "url": "https://www.iryou.teikyouseido.mhlw.go.jp/znk-web/juminkanja/S2430/initialize?prefCd=21&kikanCd=2101010199&kikanKbn=5", "url2": "https://www.vdrug.co.jp/", "内容": "Ｖ・ｄｒｕｇ　各務原中央薬局【5:薬局】岐阜県各務原市蘇原新栄町１－１" }, "geometry": { "type": "Point", "coordinates": [ 136.864065, 35.411542 ] } },
{ "type": "Feature", "properties": { "ID": 2152101010202, "正式名称": "こころ調剤薬局　羽島店", "機関区分": 5, "都道府県コード": 21, "市区町村コード": 209, "所在地": "岐阜県羽島市竹鼻町丸の内８丁目７４－３", "緯度": 35.325013, "経度": 136.695778, "url": "https://www.iryou.teikyouseido.mhlw.go.jp/znk-web/juminkanja/S2430/initialize?prefCd=21&kikanCd=2101010202&kikanKbn=5", "url2": "https://www.kokolo-ph.com/", "内容": "こころ調剤薬局　羽島店【5:薬局】岐阜県羽島市竹鼻町丸の内８丁目７４－３" }, "geometry": { "type": "Point", "coordinates": [ 136.695778, 35.325013 ] } },
{ "type": "Feature", "properties": { "ID": 2152101010203, "正式名称": "竹鼻調剤薬局", "機関区分": 5, "都道府県コード": 21, "市区町村コード": 209, "所在地": "岐阜県羽島市竹鼻町丸の内丸の内５－３３", "緯度": 35.328159, "経度": 136.700512, "url": "https://www.iryou.teikyouseido.mhlw.go.jp/znk-web/juminkanja/S2430/initialize?prefCd=21&kikanCd=2101010203&kikanKbn=5", "url2": "https://www.kokolo-ph.com/", "内容": "竹鼻調剤薬局【5:薬局】岐阜県羽島市竹鼻町丸の内丸の内５－３３" }, "geometry": { "type": "Point", "coordinates": [ 136.700512, 35.328159 ] } },
{ "type": "Feature", "properties": { "ID": 2152101010205, "正式名称": "ホップおおしま薬局", "機関区分": 5, "都道府県コード": 21, "市区町村コード": 213, "所在地": "岐阜県各務原市蘇原大島町６－８８－２", "緯度": 35.417994, "経度": 136.84953, "url": "https://www.iryou.teikyouseido.mhlw.go.jp/znk-web/juminkanja/S2430/initialize?prefCd=21&kikanCd=2101010205&kikanKbn=5", "url2": "http://www.daigakudo-hop.com", "内容": "ホップおおしま薬局【5:薬局】岐阜県各務原市蘇原大島町６－８８－２" }, "geometry": { "type": "Point", "coordinates": [ 136.84953, 35.417994 ] } },
{ "type": "Feature", "properties": { "ID": 2152101010213, "正式名称": "ファミリー薬局にんじん通り店", "機関区分": 5, "都道府県コード": 21, "市区町村コード": 213, "所在地": "岐阜県各務原市鵜沼各務原町４－３１５－８", "緯度": 35.399896, "経度": 136.905888, "url": "https://www.iryou.teikyouseido.mhlw.go.jp/znk-web/juminkanja/S2430/initialize?prefCd=21&kikanCd=2101010213&kikanKbn=5", "url2": null, "内容": "ファミリー薬局にんじん通り店【5:薬局】岐阜県各務原市鵜沼各務原町４－３１５－８" }, "geometry": { "type": "Point", "coordinates": [ 136.905888, 35.399896 ] } },
{ "type": "Feature", "properties": { "ID": 2152101010214, "正式名称": "こころ調剤薬局とやま", "機関区分": 5, "都道府県コード": 21, "市区町村コード": 213, "所在地": "岐阜県各務原市蘇原外山町２－７１－５", "緯度": 35.420312, "経度": 136.872785, "url": "https://www.iryou.teikyouseido.mhlw.go.jp/znk-web/juminkanja/S2430/initialize?prefCd=21&kikanCd=2101010214&kikanKbn=5", "url2": "https://www.kokolo9383.co.jp", "内容": "こころ調剤薬局とやま【5:薬局】岐阜県各務原市蘇原外山町２－７１－５" }, "geometry": { "type": "Point", "coordinates": [ 136.872785, 35.420312 ] } },
{ "type": "Feature", "properties": { "ID": 2152101010215, "正式名称": "トーカイ薬局　各務原中央店", "機関区分": 5, "都道府県コード": 21, "市区町村コード": 213, "所在地": "岐阜県各務原市那加桜町３丁目２８２", "緯度": 35.402635, "経度": 136.848001, "url": "https://www.iryou.teikyouseido.mhlw.go.jp/znk-web/juminkanja/S2430/initialize?prefCd=21&kikanCd=2101010215&kikanKbn=5", "url2": "http://www.tokai-pharmacy.com", "内容": "トーカイ薬局　各務原中央店【5:薬局】岐阜県各務原市那加桜町３丁目２８２" }, "geometry": { "type": "Point", "coordinates": [ 136.848001, 35.402635 ] } },
{ "type": "Feature", "properties": { "ID": 2152101010217, "正式名称": "たんぽぽ薬局　新笠松店", "機関区分": 5, "都道府県コード": 21, "市区町村コード": 303, "所在地": "岐阜県羽島郡笠松町田代２７９番地の２", "緯度": 35.364263, "経度": 136.756558, "url": "https://www.iryou.teikyouseido.mhlw.go.jp/znk-web/juminkanja/S2430/initialize?prefCd=21&kikanCd=2101010217&kikanKbn=5", "url2": "http://www.tanpopo-ph.co.jp", "内容": "たんぽぽ薬局　新笠松店【5:薬局】岐阜県羽島郡笠松町田代２７９番地の２" }, "geometry": { "type": "Point", "coordinates": [ 136.756558, 35.364263 ] } },
{ "type": "Feature", "properties": { "ID": 2152101010219, "正式名称": "クスリのアオキ福寿薬局", "機関区分": 5, "都道府県コード": 21, "市区町村コード": 209, "所在地": "岐阜県羽島市福寿町間島７丁目１７番地", "緯度": 35.332217, "経度": 136.696776, "url": "https://www.iryou.teikyouseido.mhlw.go.jp/znk-web/juminkanja/S2430/initialize?prefCd=21&kikanCd=2101010219&kikanKbn=5", "url2": "http://ww.kusuri-aoki.co.jp", "内容": "クスリのアオキ福寿薬局【5:薬局】岐阜県羽島市福寿町間島７丁目１７番地" }, "geometry": { "type": "Point", "coordinates": [ 136.696776, 35.332217 ] } },
{ "type": "Feature", "properties": { "ID": 2152101010222, "正式名称": "クスリのアオキ東島薬局", "機関区分": 5, "都道府県コード": 21, "市区町村コード": 213, "所在地": "岐阜県各務原市蘇原東島町三丁目５７番地１", "緯度": 35.414886, "経度": 136.876554, "url": "https://www.iryou.teikyouseido.mhlw.go.jp/znk-web/juminkanja/S2430/initialize?prefCd=21&kikanCd=2101010222&kikanKbn=5", "url2": "http://www.kusuri-aoki.co.jp", "内容": "クスリのアオキ東島薬局【5:薬局】岐阜県各務原市蘇原東島町三丁目５７番地１" }, "geometry": { "type": "Point", "coordinates": [ 136.876554, 35.414886 ] } },
{ "type": "Feature", "properties": { "ID": 2152101010223, "正式名称": "アポロ調剤薬局　蘇原店", "機関区分": 5, "都道府県コード": 21, "市区町村コード": 213, "所在地": "岐阜県各務原市蘇原申子町二丁目１１番１０", "緯度": 35.412828, "経度": 136.855584, "url": "https://www.iryou.teikyouseido.mhlw.go.jp/znk-web/juminkanja/S2430/initialize?prefCd=21&kikanCd=2101010223&kikanKbn=5", "url2": "http://web.km-medical.co.jp", "内容": "アポロ調剤薬局　蘇原店【5:薬局】岐阜県各務原市蘇原申子町二丁目１１番１０" }, "geometry": { "type": "Point", "coordinates": [ 136.855584, 35.412828 ] } },
{ "type": "Feature", "properties": { "ID": 2152101010224, "正式名称": "まみや調剤薬局　岐南店", "機関区分": 5, "都道府県コード": 21, "市区町村コード": 302, "所在地": "岐阜県羽島郡岐南町下印食三丁目１４番３", "緯度": 35.389343, "経度": 136.769521, "url": "https://www.iryou.teikyouseido.mhlw.go.jp/znk-web/juminkanja/S2430/initialize?prefCd=21&kikanCd=2101010224&kikanKbn=5", "url2": "http://mamiya89.web.fc2.com", "内容": "まみや調剤薬局　岐南店【5:薬局】岐阜県羽島郡岐南町下印食三丁目１４番３" }, "geometry": { "type": "Point", "coordinates": [ 136.769521, 35.389343 ] } },
{ "type": "Feature", "properties": { "ID": 2152101010225, "正式名称": "ピノキオ薬局　岐南店", "機関区分": 5, "都道府県コード": 21, "市区町村コード": 302, "所在地": "岐阜県羽島郡岐南町八剣一丁目２２番地", "緯度": 35.393669, "経度": 136.782409, "url": "https://www.iryou.teikyouseido.mhlw.go.jp/znk-web/juminkanja/S2430/initialize?prefCd=21&kikanCd=2101010225&kikanKbn=5", "url2": "http://www.pinokio-pharmacy.jp", "内容": "ピノキオ薬局　岐南店【5:薬局】岐阜県羽島郡岐南町八剣一丁目２２番地" }, "geometry": { "type": "Point", "coordinates": [ 136.782409, 35.393669 ] } },
{ "type": "Feature", "properties": { "ID": 2152101010226, "正式名称": "ひだまり薬局", "機関区分": 5, "都道府県コード": 21, "市区町村コード": 213, "所在地": "岐阜県各務原市蘇原希望町４－３１－１", "緯度": 35.407542, "経度": 136.855689, "url": "https://www.iryou.teikyouseido.mhlw.go.jp/znk-web/juminkanja/S2430/initialize?prefCd=21&kikanCd=2101010226&kikanKbn=5", "url2": "https://medit-pharmacy.jp/pharmacy/hidamari/", "内容": "ひだまり薬局【5:薬局】岐阜県各務原市蘇原希望町４－３１－１" }, "geometry": { "type": "Point", "coordinates": [ 136.855689, 35.407542 ] } },
{ "type": "Feature", "properties": { "ID": 2152101010228, "正式名称": "さくら薬局　羽島岐南店", "機関区分": 5, "都道府県コード": 21, "市区町村コード": 302, "所在地": "岐阜県羽島郡岐南町八剣１丁目１７８番地", "緯度": 35.391165, "経度": 136.783742, "url": "https://www.iryou.teikyouseido.mhlw.go.jp/znk-web/juminkanja/S2430/initialize?prefCd=21&kikanCd=2101010228&kikanKbn=5", "url2": "https://www.kraft-net.co.jp/sakura/store/3888/", "内容": "さくら薬局　羽島岐南店【5:薬局】岐阜県羽島郡岐南町八剣１丁目１７８番地" }, "geometry": { "type": "Point", "coordinates": [ 136.783742, 35.391165 ] } },
{ "type": "Feature", "properties": { "ID": 2152101010229, "正式名称": "クスリのアオキにんじん通り薬局", "機関区分": 5, "都道府県コード": 21, "市区町村コード": 213, "所在地": "岐阜県各務原市鵜沼各務原町４丁目３２７番地１", "緯度": 35.400342, "経度": 136.908523, "url": "https://www.iryou.teikyouseido.mhlw.go.jp/znk-web/juminkanja/S2430/initialize?prefCd=21&kikanCd=2101010229&kikanKbn=5", "url2": "http://www.kusuri-aoki.co.jp", "内容": "クスリのアオキにんじん通り薬局【5:薬局】岐阜県各務原市鵜沼各務原町４丁目３２７番地１" }, "geometry": { "type": "Point", "coordinates": [ 136.908523, 35.400342 ] } },
{ "type": "Feature", "properties": { "ID": 2152101010230, "正式名称": "コストコホールセール岐阜羽島倉庫店　薬局", "機関区分": 5, "都道府県コード": 21, "市区町村コード": 209, "所在地": "岐阜県羽島市上中町長間２４２２ー１", "緯度": 35.304096, "経度": 136.698822, "url": "https://www.iryou.teikyouseido.mhlw.go.jp/znk-web/juminkanja/S2430/initialize?prefCd=21&kikanCd=2101010230&kikanKbn=5", "url2": "https://www.costco.co.jp/store-finder/Gifu%20Hashima", "内容": "コストコホールセール岐阜羽島倉庫店　薬局【5:薬局】岐阜県羽島市上中町長間２４２２ー１" }, "geometry": { "type": "Point", "coordinates": [ 136.698822, 35.304096 ] } },
{ "type": "Feature", "properties": { "ID": 2152101010231, "正式名称": "いるか調剤薬局　蘇原東島店", "機関区分": 5, "都道府県コード": 21, "市区町村コード": 213, "所在地": "岐阜県各務原市蘇原東島町３－１６３－４", "緯度": 35.412873, "経度": 136.877634, "url": "https://www.iryou.teikyouseido.mhlw.go.jp/znk-web/juminkanja/S2430/initialize?prefCd=21&kikanCd=2101010231&kikanKbn=5", "url2": null, "内容": "いるか調剤薬局　蘇原東島店【5:薬局】岐阜県各務原市蘇原東島町３－１６３－４" }, "geometry": { "type": "Point", "coordinates": [ 136.877634, 35.412873 ] } },
{ "type": "Feature", "properties": { "ID": 2152101010233, "正式名称": "ろっけん薬局", "機関区分": 5, "都道府県コード": 21, "市区町村コード": 213, "所在地": "岐阜県各務原市那加東新町２丁目１５３番地", "緯度": 35.40226, "経度": 136.854825, "url": "https://www.iryou.teikyouseido.mhlw.go.jp/znk-web/juminkanja/S2430/initialize?prefCd=21&kikanCd=2101010233&kikanKbn=5", "url2": "https://6kenpharmacy.wixsite.com/my-site-14", "内容": "ろっけん薬局【5:薬局】岐阜県各務原市那加東新町２丁目１５３番地" }, "geometry": { "type": "Point", "coordinates": [ 136.854825, 35.40226 ] } },
{ "type": "Feature", "properties": { "ID": 2152101010235, "正式名称": "スギ薬局　各務原市役所前店", "機関区分": 5, "都道府県コード": 21, "市区町村コード": 213, "所在地": "岐阜県各務原市那加住吉町一丁目二番地一", "緯度": 35.397703, "経度": 136.84815, "url": "https://www.iryou.teikyouseido.mhlw.go.jp/znk-web/juminkanja/S2430/initialize?prefCd=21&kikanCd=2101010235&kikanKbn=5", "url2": "http://www.drug-sugi.co.jp", "内容": "スギ薬局　各務原市役所前店【5:薬局】岐阜県各務原市那加住吉町一丁目二番地一" }, "geometry": { "type": "Point", "coordinates": [ 136.84815, 35.397703 ] } },
{ "type": "Feature", "properties": { "ID": 2152101010236, "正式名称": "Ｖ・ｄｒｕｇ羽島南薬局", "機関区分": 5, "都道府県コード": 21, "市区町村コード": 209, "所在地": "岐阜県羽島市江吉良町９３８", "緯度": 35.313794, "経度": 136.70346, "url": "https://www.iryou.teikyouseido.mhlw.go.jp/znk-web/juminkanja/S2430/initialize?prefCd=21&kikanCd=2101010236&kikanKbn=5", "url2": "https://vdrug.co.jp/pharmacy/", "内容": "Ｖ・ｄｒｕｇ羽島南薬局【5:薬局】岐阜県羽島市江吉良町９３８" }, "geometry": { "type": "Point", "coordinates": [ 136.70346, 35.313794 ] } },
{ "type": "Feature", "properties": { "ID": 2152101010237, "正式名称": "かかみの調剤薬局", "機関区分": 5, "都道府県コード": 21, "市区町村コード": 213, "所在地": "岐阜県各務原市鵜沼各務原町６丁目１０６番地の２", "緯度": 35.39934, "経度": 136.911184, "url": "https://www.iryou.teikyouseido.mhlw.go.jp/znk-web/juminkanja/S2430/initialize?prefCd=21&kikanCd=2101010237&kikanKbn=5", "url2": "https://6kenpharmacy.wixsite.com/website-1", "内容": "かかみの調剤薬局【5:薬局】岐阜県各務原市鵜沼各務原町６丁目１０６番地の２" }, "geometry": { "type": "Point", "coordinates": [ 136.911184, 35.39934 ] } },
{ "type": "Feature", "properties": { "ID": 2152101010238, "正式名称": "ピノキオ薬局　三宅店", "機関区分": 5, "都道府県コード": 21, "市区町村コード": 302, "所在地": "岐阜県羽島郡岐南町三宅八丁目１３８番地", "緯度": 35.389373, "経度": 136.800789, "url": "https://www.iryou.teikyouseido.mhlw.go.jp/znk-web/juminkanja/S2430/initialize?prefCd=21&kikanCd=2101010238&kikanKbn=5", "url2": "http://www.pinokio-pharmacy.jp", "内容": "ピノキオ薬局　三宅店【5:薬局】岐阜県羽島郡岐南町三宅八丁目１３８番地" }, "geometry": { "type": "Point", "coordinates": [ 136.800789, 35.389373 ] } },
{ "type": "Feature", "properties": { "ID": 2152101010239, "正式名称": "奈良漢方薬局", "機関区分": 5, "都道府県コード": 21, "市区町村コード": 209, "所在地": "岐阜県羽島市竹鼻町丸の内５丁目１３０", "緯度": 35.32833, "経度": 136.701079, "url": "https://www.iryou.teikyouseido.mhlw.go.jp/znk-web/juminkanja/S2430/initialize?prefCd=21&kikanCd=2101010239&kikanKbn=5", "url2": "https://nara-kampo.com/", "内容": "奈良漢方薬局【5:薬局】岐阜県羽島市竹鼻町丸の内５丁目１３０" }, "geometry": { "type": "Point", "coordinates": [ 136.701079, 35.32833 ] } },
{ "type": "Feature", "properties": { "ID": 2152101010240, "正式名称": "ピノキオ薬局　新加納店", "機関区分": 5, "都道府県コード": 21, "市区町村コード": 213, "所在地": "岐阜県各務原市那加新加納町字坂下１９９０番", "緯度": 35.396063, "経度": 136.826617, "url": "https://www.iryou.teikyouseido.mhlw.go.jp/znk-web/juminkanja/S2430/initialize?prefCd=21&kikanCd=2101010240&kikanKbn=5", "url2": "http://www.pinokio-pharmacy.jp/", "内容": "ピノキオ薬局　新加納店【5:薬局】岐阜県各務原市那加新加納町字坂下１９９０番" }, "geometry": { "type": "Point", "coordinates": [ 136.826617, 35.396063 ] } },
{ "type": "Feature", "properties": { "ID": 2152101010242, "正式名称": "平成調剤薬局笠松店", "機関区分": 5, "都道府県コード": 21, "市区町村コード": 303, "所在地": "岐阜県羽島郡笠松町北及１６７２－１", "緯度": 35.353943, "経度": 136.744543, "url": "https://www.iryou.teikyouseido.mhlw.go.jp/znk-web/juminkanja/S2430/initialize?prefCd=21&kikanCd=2101010242&kikanKbn=5", "url2": "http://www.heisei-ph.com", "内容": "平成調剤薬局笠松店【5:薬局】岐阜県羽島郡笠松町北及１６７２－１" }, "geometry": { "type": "Point", "coordinates": [ 136.744543, 35.353943 ] } },
{ "type": "Feature", "properties": { "ID": 2152101010245, "正式名称": "Ｖ・ｄｒｕｇ　那加薬局", "機関区分": 5, "都道府県コード": 21, "市区町村コード": 213, "所在地": "岐阜県各務原市那加前野町３－１６７－１", "緯度": 35.406556, "経度": 136.833667, "url": "https://www.iryou.teikyouseido.mhlw.go.jp/znk-web/juminkanja/S2430/initialize?prefCd=21&kikanCd=2101010245&kikanKbn=5", "url2": "https://vdrug.co.jp/pharmacy/", "内容": "Ｖ・ｄｒｕｇ　那加薬局【5:薬局】岐阜県各務原市那加前野町３－１６７－１" }, "geometry": { "type": "Point", "coordinates": [ 136.833667, 35.406556 ] } },
{ "type": "Feature", "properties": { "ID": 2152101010246, "正式名称": "ピノキオ薬局　伊木山店", "機関区分": 5, "都道府県コード": 21, "市区町村コード": 213, "所在地": "岐阜県各務原市鵜沼大伊木町１－８９－５", "緯度": 35.388163, "経度": 136.910934, "url": "https://www.iryou.teikyouseido.mhlw.go.jp/znk-web/juminkanja/S2430/initialize?prefCd=21&kikanCd=2101010246&kikanKbn=5", "url2": "http://www.pinokio-pharmacy.jp/", "内容": "ピノキオ薬局　伊木山店【5:薬局】岐阜県各務原市鵜沼大伊木町１－８９－５" }, "geometry": { "type": "Point", "coordinates": [ 136.910934, 35.388163 ] } },
{ "type": "Feature", "properties": { "ID": 2152101010247, "正式名称": "コメノ薬局", "機関区分": 5, "都道府県コード": 21, "市区町村コード": 303, "所在地": "岐阜県羽島郡笠松町米野２４１－１", "緯度": 35.381076, "経度": 136.807862, "url": "https://www.iryou.teikyouseido.mhlw.go.jp/znk-web/juminkanja/S2430/initialize?prefCd=21&kikanCd=2101010247&kikanKbn=5", "url2": "https://www.commu.phm.co.jp/", "内容": "コメノ薬局【5:薬局】岐阜県羽島郡笠松町米野２４１－１" }, "geometry": { "type": "Point", "coordinates": [ 136.807862, 35.381076 ] } },
{ "type": "Feature", "properties": { "ID": 2152101010248, "正式名称": "うぬま薬局", "機関区分": 5, "都道府県コード": 21, "市区町村コード": 213, "所在地": "岐阜県各務原市鵜沼東町４丁目１７７－３", "緯度": 35.400178, "経度": 136.937602, "url": "https://www.iryou.teikyouseido.mhlw.go.jp/znk-web/juminkanja/S2430/initialize?prefCd=21&kikanCd=2101010248&kikanKbn=5", "url2": null, "内容": "うぬま薬局【5:薬局】岐阜県各務原市鵜沼東町４丁目１７７－３" }, "geometry": { "type": "Point", "coordinates": [ 136.937602, 35.400178 ] } },
{ "type": "Feature", "properties": { "ID": 2152101010253, "正式名称": "クオールぎなん薬局", "機関区分": 5, "都道府県コード": 21, "市区町村コード": 302, "所在地": "岐阜県羽島郡岐南町野中３－２１１", "緯度": 35.383887, "経度": 136.799283, "url": "https://www.iryou.teikyouseido.mhlw.go.jp/znk-web/juminkanja/S2430/initialize?prefCd=21&kikanCd=2101010253&kikanKbn=5", "url2": "http:/www.qol-net.co.jp", "内容": "クオールぎなん薬局【5:薬局】岐阜県羽島郡岐南町野中３－２１１" }, "geometry": { "type": "Point", "coordinates": [ 136.799283, 35.383887 ] } },
{ "type": "Feature", "properties": { "ID": 2152101010254, "正式名称": "スギ薬局　蘇原店", "機関区分": 5, "都道府県コード": 21, "市区町村コード": 213, "所在地": "岐阜県各務原市蘇原花園町４丁目１０番地１", "緯度": 35.412271, "経度": 136.852195, "url": "https://www.iryou.teikyouseido.mhlw.go.jp/znk-web/juminkanja/S2430/initialize?prefCd=21&kikanCd=2101010254&kikanKbn=5", "url2": "http://www.drug-sugi.co.jp/", "内容": "スギ薬局　蘇原店【5:薬局】岐阜県各務原市蘇原花園町４丁目１０番地１" }, "geometry": { "type": "Point", "coordinates": [ 136.852195, 35.412271 ] } },
{ "type": "Feature", "properties": { "ID": 2152101010255, "正式名称": "アイン薬局那加店", "機関区分": 5, "都道府県コード": 21, "市区町村コード": 213, "所在地": "岐阜県各務原市那加西市場町７丁目２８８番地３", "緯度": 35.416165, "経度": 136.837447, "url": "https://www.iryou.teikyouseido.mhlw.go.jp/znk-web/juminkanja/S2430/initialize?prefCd=21&kikanCd=2101010255&kikanKbn=5", "url2": "https://www.ainj.co.jp/", "内容": "アイン薬局那加店【5:薬局】岐阜県各務原市那加西市場町７丁目２８８番地３" }, "geometry": { "type": "Point", "coordinates": [ 136.837447, 35.416165 ] } },
{ "type": "Feature", "properties": { "ID": 2152101010256, "正式名称": "クスリのアオキ鵜沼東薬局", "機関区分": 5, "都道府県コード": 21, "市区町村コード": 213, "所在地": "岐阜県各務原市鵜沼東町一丁目１１２番地１", "緯度": 35.403553, "経度": 136.939222, "url": "https://www.iryou.teikyouseido.mhlw.go.jp/znk-web/juminkanja/S2430/initialize?prefCd=21&kikanCd=2101010256&kikanKbn=5", "url2": "http://www.kusuri-aoki.co.jp/", "内容": "クスリのアオキ鵜沼東薬局【5:薬局】岐阜県各務原市鵜沼東町一丁目１１２番地１" }, "geometry": { "type": "Point", "coordinates": [ 136.939222, 35.403553 ] } },
{ "type": "Feature", "properties": { "ID": 2152101010257, "正式名称": "スギ薬局　竹鼻店", "機関区分": 5, "都道府県コード": 21, "市区町村コード": 209, "所在地": "岐阜県羽島市竹鼻町飯柄２３６番地１", "緯度": 35.315018, "経度": 136.715226, "url": "https://www.iryou.teikyouseido.mhlw.go.jp/znk-web/juminkanja/S2430/initialize?prefCd=21&kikanCd=2101010257&kikanKbn=5", "url2": "http://www.drug-sugi.co.jp/", "内容": "スギ薬局　竹鼻店【5:薬局】岐阜県羽島市竹鼻町飯柄２３６番地１" }, "geometry": { "type": "Point", "coordinates": [ 136.715226, 35.315018 ] } },
{ "type": "Feature", "properties": { "ID": 2152101010258, "正式名称": "なかま薬局　笠松店", "機関区分": 5, "都道府県コード": 21, "市区町村コード": 303, "所在地": "岐阜県羽島郡笠松町田代１０９８－１", "緯度": 35.360302, "経度": 136.745648, "url": "https://www.iryou.teikyouseido.mhlw.go.jp/znk-web/juminkanja/S2430/initialize?prefCd=21&kikanCd=2101010258&kikanKbn=5", "url2": "https://nakama-ph.com", "内容": "なかま薬局　笠松店【5:薬局】岐阜県羽島郡笠松町田代１０９８－１" }, "geometry": { "type": "Point", "coordinates": [ 136.745648, 35.360302 ] } },
{ "type": "Feature", "properties": { "ID": 2152101010259, "正式名称": "ファーマライズ薬局　鵜沼川崎店", "機関区分": 5, "都道府県コード": 21, "市区町村コード": 213, "所在地": "岐阜県各務原市鵜沼川崎町２－１２８－１", "緯度": 35.403587, "経度": 136.87956, "url": "https://www.iryou.teikyouseido.mhlw.go.jp/znk-web/juminkanja/S2430/initialize?prefCd=21&kikanCd=2101010259&kikanKbn=5", "url2": "http://www.pharmarise.com", "内容": "ファーマライズ薬局　鵜沼川崎店【5:薬局】岐阜県各務原市鵜沼川崎町２－１２８－１" }, "geometry": { "type": "Point", "coordinates": [ 136.87956, 35.403587 ] } },
{ "type": "Feature", "properties": { "ID": 2152101010260, "正式名称": "ぎなん薬局", "機関区分": 5, "都道府県コード": 21, "市区町村コード": 302, "所在地": "岐阜県羽島郡岐南町平島５－１２０－１", "緯度": 35.387121, "経度": 136.806928, "url": "https://www.iryou.teikyouseido.mhlw.go.jp/znk-web/juminkanja/S2430/initialize?prefCd=21&kikanCd=2101010260&kikanKbn=5", "url2": "https://ginanpharmacyjapan.wixsite.com/website", "内容": "ぎなん薬局【5:薬局】岐阜県羽島郡岐南町平島５－１２０－１" }, "geometry": { "type": "Point", "coordinates": [ 136.806928, 35.387121 ] } },
{ "type": "Feature", "properties": { "ID": 2152101010262, "正式名称": "クスリのアオキ蘇原申子薬局", "機関区分": 5, "都道府県コード": 21, "市区町村コード": 213, "所在地": "岐阜県各務原市蘇原申子町２丁目１番地１", "緯度": 35.412545, "経度": 136.854963, "url": "https://www.iryou.teikyouseido.mhlw.go.jp/znk-web/juminkanja/S2430/initialize?prefCd=21&kikanCd=2101010262&kikanKbn=5", "url2": "https://www.kusuri-aoki.co.jp/", "内容": "クスリのアオキ蘇原申子薬局【5:薬局】岐阜県各務原市蘇原申子町２丁目１番地１" }, "geometry": { "type": "Point", "coordinates": [ 136.854963, 35.412545 ] } },
{ "type": "Feature", "properties": { "ID": 2152101010264, "正式名称": "宮川薬局", "機関区分": 5, "都道府県コード": 21, "市区町村コード": 303, "所在地": "岐阜県羽島郡笠松町奈良町１１６", "緯度": 35.372499, "経度": 136.763124, "url": "https://www.iryou.teikyouseido.mhlw.go.jp/znk-web/juminkanja/S2430/initialize?prefCd=21&kikanCd=2101010264&kikanKbn=5", "url2": "https://www.miyagawa-ph.jp", "内容": "宮川薬局【5:薬局】岐阜県羽島郡笠松町奈良町１１６" }, "geometry": { "type": "Point", "coordinates": [ 136.763124, 35.372499 ] } },
{ "type": "Feature", "properties": { "ID": 2152101010265, "正式名称": "クスリのアオキ川島薬局", "機関区分": 5, "都道府県コード": 21, "市区町村コード": 213, "所在地": "岐阜県各務原市川島河田町３７８番地１", "緯度": 35.364078, "経度": 136.827119, "url": "https://www.iryou.teikyouseido.mhlw.go.jp/znk-web/juminkanja/S2430/initialize?prefCd=21&kikanCd=2101010265&kikanKbn=5", "url2": "https://www.kusuri-aoki.co.jp/", "内容": "クスリのアオキ川島薬局【5:薬局】岐阜県各務原市川島河田町３７８番地１" }, "geometry": { "type": "Point", "coordinates": [ 136.827119, 35.364078 ] } },
{ "type": "Feature", "properties": { "ID": 2152101010268, "正式名称": "ピノキオ薬局　鵜沼東店", "機関区分": 5, "都道府県コード": 21, "市区町村コード": 213, "所在地": "岐阜県各務原市鵜沼東町１－９３－１", "緯度": 35.403538, "経度": 136.939344, "url": "https://www.iryou.teikyouseido.mhlw.go.jp/znk-web/juminkanja/S2430/initialize?prefCd=21&kikanCd=2101010268&kikanKbn=5", "url2": "http://www.pinokio-pharmacy.jp/", "内容": "ピノキオ薬局　鵜沼東店【5:薬局】岐阜県各務原市鵜沼東町１－９３－１" }, "geometry": { "type": "Point", "coordinates": [ 136.939344, 35.403538 ] } },
{ "type": "Feature", "properties": { "ID": 2152101010270, "正式名称": "Ｖ・ｄｒｕｇ　蘇原薬局", "機関区分": 5, "都道府県コード": 21, "市区町村コード": 213, "所在地": "岐阜県各務原市蘇原東栄町２－９２－１", "緯度": 35.408153, "経度": 136.87486, "url": "https://www.iryou.teikyouseido.mhlw.go.jp/znk-web/juminkanja/S2430/initialize?prefCd=21&kikanCd=2101010270&kikanKbn=5", "url2": "https://www.vdrug.co.jp/", "内容": "Ｖ・ｄｒｕｇ　蘇原薬局【5:薬局】岐阜県各務原市蘇原東栄町２－９２－１" }, "geometry": { "type": "Point", "coordinates": [ 136.87486, 35.408153 ] } },
{ "type": "Feature", "properties": { "ID": 2152101010271, "正式名称": "トーカイ薬局　各務原西店", "機関区分": 5, "都道府県コード": 21, "市区町村コード": 213, "所在地": "岐阜県各務原市那加西市場町４－１－１", "緯度": 35.416387, "経度": 136.823248, "url": "https://www.iryou.teikyouseido.mhlw.go.jp/znk-web/juminkanja/S2430/initialize?prefCd=21&kikanCd=2101010271&kikanKbn=5", "url2": "http://www.t-phas.com", "内容": "トーカイ薬局　各務原西店【5:薬局】岐阜県各務原市那加西市場町４－１－１" }, "geometry": { "type": "Point", "coordinates": [ 136.823248, 35.416387 ] } },
{ "type": "Feature", "properties": { "ID": 2152101010272, "正式名称": "クスリのアオキ竹鼻薬局", "機関区分": 5, "都道府県コード": 21, "市区町村コード": 209, "所在地": "岐阜県羽島市竹鼻町狐穴１３２１番地", "緯度": 35.323302, "経度": 136.710288, "url": "https://www.iryou.teikyouseido.mhlw.go.jp/znk-web/juminkanja/S2430/initialize?prefCd=21&kikanCd=2101010272&kikanKbn=5", "url2": "https://www.kusuri-aoki.co.jp/", "内容": "クスリのアオキ竹鼻薬局【5:薬局】岐阜県羽島市竹鼻町狐穴１３２１番地" }, "geometry": { "type": "Point", "coordinates": [ 136.710288, 35.323302 ] } },
{ "type": "Feature", "properties": { "ID": 2152101010273, "正式名称": "Ｖ・ｄｒｕｇ　岐南上印食薬局", "機関区分": 5, "都道府県コード": 21, "市区町村コード": 302, "所在地": "岐阜県羽島郡岐南町上印食五丁目５３番２", "緯度": 35.394116, "経度": 136.789361, "url": "https://www.iryou.teikyouseido.mhlw.go.jp/znk-web/juminkanja/S2430/initialize?prefCd=21&kikanCd=2101010273&kikanKbn=5", "url2": "https://vdrug.co.jp/pharmacy/", "内容": "Ｖ・ｄｒｕｇ　岐南上印食薬局【5:薬局】岐阜県羽島郡岐南町上印食五丁目５３番２" }, "geometry": { "type": "Point", "coordinates": [ 136.789361, 35.394116 ] } },
{ "type": "Feature", "properties": { "ID": 2152101010274, "正式名称": "プラス薬局　鵜沼店", "機関区分": 5, "都道府県コード": 21, "市区町村コード": 213, "所在地": "岐阜県各務原市鵜沼羽場町一丁目２１２番１", "緯度": 35.405075, "経度": 136.921456, "url": "https://www.iryou.teikyouseido.mhlw.go.jp/znk-web/juminkanja/S2430/initialize?prefCd=21&kikanCd=2101010274&kikanKbn=5", "url2": "https://www.plus-pharm.jp/", "内容": "プラス薬局　鵜沼店【5:薬局】岐阜県各務原市鵜沼羽場町一丁目２１２番１" }, "geometry": { "type": "Point", "coordinates": [ 136.921456, 35.405075 ] } },
{ "type": "Feature", "properties": { "ID": 2152101010275, "正式名称": "たんぽぽ薬局　那加店", "機関区分": 5, "都道府県コード": 21, "市区町村コード": 213, "所在地": "岐阜県各務原市那加土山町２丁目２２９番地", "緯度": 35.414877, "経度": 136.819086, "url": "https://www.iryou.teikyouseido.mhlw.go.jp/znk-web/juminkanja/S2430/initialize?prefCd=21&kikanCd=2101010275&kikanKbn=5", "url2": "https://www.tanpopo-ph.co.jp/", "内容": "たんぽぽ薬局　那加店【5:薬局】岐阜県各務原市那加土山町２丁目２２９番地" }, "geometry": { "type": "Point", "coordinates": [ 136.819086, 35.414877 ] } },
{ "type": "Feature", "properties": { "ID": 2152101010276, "正式名称": "スギ薬局　岐南店", "機関区分": 5, "都道府県コード": 21, "市区町村コード": 302, "所在地": "岐阜県羽島郡岐南町八剣５丁目７ー１", "緯度": 35.392248, "経度": 136.780885, "url": "https://www.iryou.teikyouseido.mhlw.go.jp/znk-web/juminkanja/S2430/initialize?prefCd=21&kikanCd=2101010276&kikanKbn=5", "url2": "https://www.drug-sugi.co.jp", "内容": "スギ薬局　岐南店【5:薬局】岐阜県羽島郡岐南町八剣５丁目７ー１" }, "geometry": { "type": "Point", "coordinates": [ 136.780885, 35.392248 ] } },
{ "type": "Feature", "properties": { "ID": 2152101010277, "正式名称": "クルーズ薬局　岐南店", "機関区分": 5, "都道府県コード": 21, "市区町村コード": 302, "所在地": "岐阜県羽島郡岐南町八剣北４丁目８８", "緯度": 35.394844, "経度": 136.783373, "url": "https://www.iryou.teikyouseido.mhlw.go.jp/znk-web/juminkanja/S2430/initialize?prefCd=21&kikanCd=2101010277&kikanKbn=5", "url2": "https://shop.sogo-pharmacy.jp/detail/952/", "内容": "クルーズ薬局　岐南店【5:薬局】岐阜県羽島郡岐南町八剣北４丁目８８" }, "geometry": { "type": "Point", "coordinates": [ 136.783373, 35.394844 ] } },
{ "type": "Feature", "properties": { "ID": 2152101010278, "正式名称": "スギ薬局　鵜沼店", "機関区分": 5, "都道府県コード": 21, "市区町村コード": 213, "所在地": "岐阜県各務原市鵜沼西町一丁目３６４番地１", "緯度": 35.403931, "経度": 136.931307, "url": "https://www.iryou.teikyouseido.mhlw.go.jp/znk-web/juminkanja/S2430/initialize?prefCd=21&kikanCd=2101010278&kikanKbn=5", "url2": "http://www.drug-sugi.co.jp/", "内容": "スギ薬局　鵜沼店【5:薬局】岐阜県各務原市鵜沼西町一丁目３６４番地１" }, "geometry": { "type": "Point", "coordinates": [ 136.931307, 35.403931 ] } },
{ "type": "Feature", "properties": { "ID": 2152101010279, "正式名称": "やながせ薬局", "機関区分": 5, "都道府県コード": 21, "市区町村コード": 213, "所在地": "岐阜県各務原市那加桜町１丁目１１５番２", "緯度": 35.398343, "経度": 136.846318, "url": "https://www.iryou.teikyouseido.mhlw.go.jp/znk-web/juminkanja/S2430/initialize?prefCd=21&kikanCd=2101010279&kikanKbn=5", "url2": null, "内容": "やながせ薬局【5:薬局】岐阜県各務原市那加桜町１丁目１１５番２" }, "geometry": { "type": "Point", "coordinates": [ 136.846318, 35.398343 ] } },
{ "type": "Feature", "properties": { "ID": 2152101010281, "正式名称": "リアン薬局　各務原店", "機関区分": 5, "都道府県コード": 21, "市区町村コード": 213, "所在地": "岐阜県各務原市大野町４丁目１５６－５", "緯度": 35.387792, "経度": 136.823308, "url": "https://www.iryou.teikyouseido.mhlw.go.jp/znk-web/juminkanja/S2430/initialize?prefCd=21&kikanCd=2101010281&kikanKbn=5", "url2": "lien-ph.com", "内容": "リアン薬局　各務原店【5:薬局】岐阜県各務原市大野町４丁目１５６－５" }, "geometry": { "type": "Point", "coordinates": [ 136.823308, 35.387792 ] } },
{ "type": "Feature", "properties": { "ID": 2152101010287, "正式名称": "コスモス調剤薬局　岐南店", "機関区分": 5, "都道府県コード": 21, "市区町村コード": 302, "所在地": "岐阜県羽島郡岐南町下印食２丁目４５", "緯度": 35.390956, "経度": 136.771136, "url": "https://www.iryou.teikyouseido.mhlw.go.jp/znk-web/juminkanja/S2430/initialize?prefCd=21&kikanCd=2101010287&kikanKbn=5", "url2": "https://www.cosmos-ph.co.jp/", "内容": "コスモス調剤薬局　岐南店【5:薬局】岐阜県羽島郡岐南町下印食２丁目４５" }, "geometry": { "type": "Point", "coordinates": [ 136.771136, 35.390956 ] } },
{ "type": "Feature", "properties": { "ID": 2152101010288, "正式名称": "みんなの薬局　各務原", "機関区分": 5, "都道府県コード": 21, "市区町村コード": 213, "所在地": "岐阜県各務原市三井町三丁目１０番２", "緯度": 35.390704, "経度": 136.834725, "url": "https://www.iryou.teikyouseido.mhlw.go.jp/znk-web/juminkanja/S2430/initialize?prefCd=21&kikanCd=2101010288&kikanKbn=5", "url2": "http://medical-brain.jp/", "内容": "みんなの薬局　各務原【5:薬局】岐阜県各務原市三井町三丁目１０番２" }, "geometry": { "type": "Point", "coordinates": [ 136.834725, 35.390704 ] } },
{ "type": "Feature", "properties": { "ID": 2152101010289, "正式名称": "くすのき薬局", "機関区分": 5, "都道府県コード": 21, "市区町村コード": 213, "所在地": "岐阜県各務原市那加楠町４５", "緯度": 35.397207, "経度": 136.842128, "url": "https://www.iryou.teikyouseido.mhlw.go.jp/znk-web/juminkanja/S2430/initialize?prefCd=21&kikanCd=2101010289&kikanKbn=5", "url2": null, "内容": "くすのき薬局【5:薬局】岐阜県各務原市那加楠町４５" }, "geometry": { "type": "Point", "coordinates": [ 136.842128, 35.397207 ] } },
{ "type": "Feature", "properties": { "ID": 2152101010290, "正式名称": "クスリのアオキ三ツ池薬局", "機関区分": 5, "都道府県コード": 21, "市区町村コード": 213, "所在地": "岐阜県各務原市鵜沼三ツ池町２‐２５９‐１", "緯度": 35.401766, "経度": 136.88352, "url": "https://www.iryou.teikyouseido.mhlw.go.jp/znk-web/juminkanja/S2430/initialize?prefCd=21&kikanCd=2101010290&kikanKbn=5", "url2": "https://www.kusuri-aoki.co.jp/", "内容": "クスリのアオキ三ツ池薬局【5:薬局】岐阜県各務原市鵜沼三ツ池町２‐２５９‐１" }, "geometry": { "type": "Point", "coordinates": [ 136.88352, 35.401766 ] } },
{ "type": "Feature", "properties": { "ID": 2152101010291, "正式名称": "たんぽぽ薬局　東海中央病院店", "機関区分": 5, "都道府県コード": 21, "市区町村コード": 213, "所在地": "岐阜県各務原市蘇原東島町４－６－２", "緯度": 35.409954, "経度": 136.87518, "url": "https://www.iryou.teikyouseido.mhlw.go.jp/znk-web/juminkanja/S2430/initialize?prefCd=21&kikanCd=2101010291&kikanKbn=5", "url2": "https://www.tanpopo-ph.co.jp/", "内容": "たんぽぽ薬局　東海中央病院店【5:薬局】岐阜県各務原市蘇原東島町４－６－２" }, "geometry": { "type": "Point", "coordinates": [ 136.87518, 35.409954 ] } },
{ "type": "Feature", "properties": { "ID": 2152101010292, "正式名称": "ルナ羽島薬局", "機関区分": 5, "都道府県コード": 21, "市区町村コード": 209, "所在地": "岐阜県羽島市福寿町浅平一丁目１１番地", "緯度": 35.31696, "経度": 136.687572, "url": "https://www.iryou.teikyouseido.mhlw.go.jp/znk-web/juminkanja/S2430/initialize?prefCd=21&kikanCd=2101010292&kikanKbn=5", "url2": null, "内容": "ルナ羽島薬局【5:薬局】岐阜県羽島市福寿町浅平一丁目１１番地" }, "geometry": { "type": "Point", "coordinates": [ 136.687572, 35.31696 ] } },
{ "type": "Feature", "properties": { "ID": 2152101010293, "正式名称": "アイン薬局まつなみ健康増進クリニック店", "機関区分": 5, "都道府県コード": 21, "市区町村コード": 303, "所在地": "岐阜県羽島郡笠松町泉町１０", "緯度": 35.364305, "経度": 136.757842, "url": "https://www.iryou.teikyouseido.mhlw.go.jp/znk-web/juminkanja/S2430/initialize?prefCd=21&kikanCd=2101010293&kikanKbn=5", "url2": "https://www.ainj.co.jp", "内容": "アイン薬局まつなみ健康増進クリニック店【5:薬局】岐阜県羽島郡笠松町泉町１０" }, "geometry": { "type": "Point", "coordinates": [ 136.757842, 35.364305 ] } },
{ "type": "Feature", "properties": { "ID": 2152101010294, "正式名称": "Ｖ・ｄｒｕｇ　那加日新薬局", "機関区分": 5, "都道府県コード": 21, "市区町村コード": 213, "所在地": "岐阜県各務原市那加日新町５－４９－１", "緯度": 35.393157, "経度": 136.81887, "url": "https://www.iryou.teikyouseido.mhlw.go.jp/znk-web/juminkanja/S2430/initialize?prefCd=21&kikanCd=2101010294&kikanKbn=5", "url2": "https://www.vdrug.co,jp/", "内容": "Ｖ・ｄｒｕｇ　那加日新薬局【5:薬局】岐阜県各務原市那加日新町５－４９－１" }, "geometry": { "type": "Point", "coordinates": [ 136.81887, 35.393157 ] } },
{ "type": "Feature", "properties": { "ID": 2152101010295, "正式名称": "ユニスマイル薬局　各務原店", "機関区分": 5, "都道府県コード": 21, "市区町村コード": 213, "所在地": "岐阜県各務原市蘇原持田町三丁目５３番１", "緯度": 35.430932, "経度": 136.881373, "url": "https://www.iryou.teikyouseido.mhlw.go.jp/znk-web/juminkanja/S2430/initialize?prefCd=21&kikanCd=2101010295&kikanKbn=5", "url2": "https://unismile.co.jp/", "内容": "ユニスマイル薬局　各務原店【5:薬局】岐阜県各務原市蘇原持田町三丁目５３番１" }, "geometry": { "type": "Point", "coordinates": [ 136.881373, 35.430932 ] } },
{ "type": "Feature", "properties": { "ID": 2152101010296, "正式名称": "ユニスマイル薬局　蘇原店", "機関区分": 5, "都道府県コード": 21, "市区町村コード": 213, "所在地": "岐阜県各務原市蘇原東栄町２丁目１００ー２", "緯度": 35.408271, "経度": 136.87524, "url": "https://www.iryou.teikyouseido.mhlw.go.jp/znk-web/juminkanja/S2430/initialize?prefCd=21&kikanCd=2101010296&kikanKbn=5", "url2": "https://unismile.co.jp/", "内容": "ユニスマイル薬局　蘇原店【5:薬局】岐阜県各務原市蘇原東栄町２丁目１００ー２" }, "geometry": { "type": "Point", "coordinates": [ 136.87524, 35.408271 ] } },
{ "type": "Feature", "properties": { "ID": 2152101010297, "正式名称": "Ｖ・ｄｒｕｇ　松波総合病院前薬局", "機関区分": 5, "都道府県コード": 21, "市区町村コード": 303, "所在地": "岐阜県羽島郡笠松町田代字天神", "緯度": 35.363954, "経度": 136.757413, "url": "https://www.iryou.teikyouseido.mhlw.go.jp/znk-web/juminkanja/S2430/initialize?prefCd=21&kikanCd=2101010297&kikanKbn=5", "url2": "https://www.vdrug.co,jp/", "内容": "Ｖ・ｄｒｕｇ　松波総合病院前薬局【5:薬局】岐阜県羽島郡笠松町田代字天神" }, "geometry": { "type": "Point", "coordinates": [ 136.757413, 35.363954 ] } },
{ "type": "Feature", "properties": { "ID": 2152101010299, "正式名称": "アイン薬局松波総合病院店", "機関区分": 5, "都道府県コード": 21, "市区町村コード": 303, "所在地": "岐阜県羽島郡笠松町田代１８５－１", "緯度": 35.364532, "経度": 136.757091, "url": "https://www.iryou.teikyouseido.mhlw.go.jp/znk-web/juminkanja/S2430/initialize?prefCd=21&kikanCd=2101010299&kikanKbn=5", "url2": "https://www.aini.co.jp/network/detail.html?pdid=2078", "内容": "アイン薬局松波総合病院店【5:薬局】岐阜県羽島郡笠松町田代１８５－１" }, "geometry": { "type": "Point", "coordinates": [ 136.757091, 35.364532 ] } },
{ "type": "Feature", "properties": { "ID": 2152101010300, "正式名称": "いるか薬局", "機関区分": 5, "都道府県コード": 21, "市区町村コード": 209, "所在地": "岐阜県羽島市福寿町浅平５丁目２６番地", "緯度": 35.321697, "経度": 136.692134, "url": "https://www.iryou.teikyouseido.mhlw.go.jp/znk-web/juminkanja/S2430/initialize?prefCd=21&kikanCd=2101010300&kikanKbn=5", "url2": null, "内容": "いるか薬局【5:薬局】岐阜県羽島市福寿町浅平５丁目２６番地" }, "geometry": { "type": "Point", "coordinates": [ 136.692134, 35.321697 ] } },
{ "type": "Feature", "properties": { "ID": 2152101010301, "正式名称": "なかま薬局　岐阜羽島店", "機関区分": 5, "都道府県コード": 21, "市区町村コード": 209, "所在地": "岐阜県羽島市舟橋町宮北１丁目３０番地", "緯度": 35.316345, "経度": 136.687898, "url": "https://www.iryou.teikyouseido.mhlw.go.jp/znk-web/juminkanja/S2430/initialize?prefCd=21&kikanCd=2101010301&kikanKbn=5", "url2": "https://nakama-ph.com/", "内容": "なかま薬局　岐阜羽島店【5:薬局】岐阜県羽島市舟橋町宮北１丁目３０番地" }, "geometry": { "type": "Point", "coordinates": [ 136.687898, 35.316345 ] } },
{ "type": "Feature", "properties": { "ID": 2152101010302, "正式名称": "かわしま調剤薬局", "機関区分": 5, "都道府県コード": 21, "市区町村コード": 213, "所在地": "岐阜県各務原市川島松倉町２３５０−７０", "緯度": 35.365599, "経度": 136.83486, "url": "https://www.iryou.teikyouseido.mhlw.go.jp/znk-web/juminkanja/S2430/initialize?prefCd=21&kikanCd=2101010302&kikanKbn=5", "url2": "https://seiko-pharma.com", "内容": "かわしま調剤薬局【5:薬局】岐阜県各務原市川島松倉町２３５０−７０" }, "geometry": { "type": "Point", "coordinates": [ 136.83486, 35.365599 ] } },
{ "type": "Feature", "properties": { "ID": 2152101010303, "正式名称": "うぬま調剤薬局", "機関区分": 5, "都道府県コード": 21, "市区町村コード": 213, "所在地": "岐阜県各務原市鵜沼三ツ池町３－４２６－３", "緯度": 35.401581, "経度": 136.895215, "url": "https://www.iryou.teikyouseido.mhlw.go.jp/znk-web/juminkanja/S2430/initialize?prefCd=21&kikanCd=2101010303&kikanKbn=5", "url2": null, "内容": "うぬま調剤薬局【5:薬局】岐阜県各務原市鵜沼三ツ池町３－４２６－３" }, "geometry": { "type": "Point", "coordinates": [ 136.895215, 35.401581 ] } },
{ "type": "Feature", "properties": { "ID": 2152101010304, "正式名称": "漢方相談　花凜堂薬局", "機関区分": 5, "都道府県コード": 21, "市区町村コード": 302, "所在地": "岐阜県羽島郡岐南町徳田５－１０８", "緯度": 35.380262, "経度": 136.774407, "url": "https://www.iryou.teikyouseido.mhlw.go.jp/znk-web/juminkanja/S2430/initialize?prefCd=21&kikanCd=2101010304&kikanKbn=5", "url2": "https://kanpo-karin.com", "内容": "漢方相談　花凜堂薬局【5:薬局】岐阜県羽島郡岐南町徳田５－１０８" }, "geometry": { "type": "Point", "coordinates": [ 136.774407, 35.380262 ] } },
{ "type": "Feature", "properties": { "ID": 2152101010305, "正式名称": "アクア薬局各務原店", "機関区分": 5, "都道府県コード": 21, "市区町村コード": 213, "所在地": "岐阜県各務原市那加桐野町２－３３", "緯度": 35.423488, "経度": 136.816203, "url": "https://www.iryou.teikyouseido.mhlw.go.jp/znk-web/juminkanja/S2430/initialize?prefCd=21&kikanCd=2101010305&kikanKbn=5", "url2": "http://aquamedical.net", "内容": "アクア薬局各務原店【5:薬局】岐阜県各務原市那加桐野町２－３３" }, "geometry": { "type": "Point", "coordinates": [ 136.816203, 35.423488 ] } },
{ "type": "Feature", "properties": { "ID": 2152101010306, "正式名称": "しょうなん調剤薬局竹鼻店", "機関区分": 5, "都道府県コード": 21, "市区町村コード": 209, "所在地": "岐阜県羽島市竹鼻町狐穴２５０ー２", "緯度": 35.315241, "経度": 136.708412, "url": "https://www.iryou.teikyouseido.mhlw.go.jp/znk-web/juminkanja/S2430/initialize?prefCd=21&kikanCd=2101010306&kikanKbn=5", "url2": null, "内容": "しょうなん調剤薬局竹鼻店【5:薬局】岐阜県羽島市竹鼻町狐穴２５０ー２" }, "geometry": { "type": "Point", "coordinates": [ 136.708412, 35.315241 ] } },
{ "type": "Feature", "properties": { "ID": 2152101010307, "正式名称": "りんどう薬局", "機関区分": 5, "都道府県コード": 21, "市区町村コード": 302, "所在地": "岐阜県羽島郡岐南町伏屋四丁目６４番地１", "緯度": 35.384874, "経度": 136.789752, "url": "https://www.iryou.teikyouseido.mhlw.go.jp/znk-web/juminkanja/S2430/initialize?prefCd=21&kikanCd=2101010307&kikanKbn=5", "url2": "https://medit-pharmacy.jp/", "内容": "りんどう薬局【5:薬局】岐阜県羽島郡岐南町伏屋四丁目６４番地１" }, "geometry": { "type": "Point", "coordinates": [ 136.789752, 35.384874 ] } },
{ "type": "Feature", "properties": { "ID": 2152101010308, "正式名称": "トラスト薬局　羽島店", "機関区分": 5, "都道府県コード": 21, "市区町村コード": 209, "所在地": "岐阜県羽島市竹鼻町狐穴１０５７－１", "緯度": 35.323903, "経度": 136.714539, "url": "https://www.iryou.teikyouseido.mhlw.go.jp/znk-web/juminkanja/S2430/initialize?prefCd=21&kikanCd=2101010308&kikanKbn=5", "url2": null, "内容": "トラスト薬局　羽島店【5:薬局】岐阜県羽島市竹鼻町狐穴１０５７－１" }, "geometry": { "type": "Point", "coordinates": [ 136.714539, 35.323903 ] } },
{ "type": "Feature", "properties": { "ID": 2152101010309, "正式名称": "そはら薬局", "機関区分": 5, "都道府県コード": 21, "市区町村コード": 213, "所在地": "岐阜県各務原市蘇原吉野町１－５２－２", "緯度": 35.413833, "経度": 136.853525, "url": "https://www.iryou.teikyouseido.mhlw.go.jp/znk-web/juminkanja/S2430/initialize?prefCd=21&kikanCd=2101010309&kikanKbn=5", "url2": null, "内容": "そはら薬局【5:薬局】岐阜県各務原市蘇原吉野町１－５２－２" }, "geometry": { "type": "Point", "coordinates": [ 136.853525, 35.413833 ] } },
{ "type": "Feature", "properties": { "ID": 2152101010310, "正式名称": "ハロー薬局　いなば店", "機関区分": 5, "都道府県コード": 21, "市区町村コード": 213, "所在地": "岐阜県各務原市小佐野町６－８４－３", "緯度": 35.385125, "経度": 136.83405, "url": "https://www.iryou.teikyouseido.mhlw.go.jp/znk-web/juminkanja/S2430/initialize?prefCd=21&kikanCd=2101010310&kikanKbn=5", "url2": "https://www.sogo-medical.co.jp/", "内容": "ハロー薬局　いなば店【5:薬局】岐阜県各務原市小佐野町６－８４－３" }, "geometry": { "type": "Point", "coordinates": [ 136.83405, 35.385125 ] } },
{ "type": "Feature", "properties": { "ID": 2152101010311, "正式名称": "しょうなん調剤薬局笠松店", "機関区分": 5, "都道府県コード": 21, "市区町村コード": 303, "所在地": "岐阜県羽島郡笠松町門間８４８", "緯度": 35.355317, "経度": 136.734956, "url": "https://www.iryou.teikyouseido.mhlw.go.jp/znk-web/juminkanja/S2430/initialize?prefCd=21&kikanCd=2101010311&kikanKbn=5", "url2": "https://www.syounanyakkyoku.com/news/507988.html", "内容": "しょうなん調剤薬局笠松店【5:薬局】岐阜県羽島郡笠松町門間８４８" }, "geometry": { "type": "Point", "coordinates": [ 136.734956, 35.355317 ] } },
{ "type": "Feature", "properties": { "ID": 2152101010312, "正式名称": "まみや調剤薬局各務原店", "機関区分": 5, "都道府県コード": 21, "市区町村コード": 213, "所在地": "岐阜県各務原市各務山の前町４－２８２－１", "緯度": 35.405764, "経度": 136.904147, "url": "https://www.iryou.teikyouseido.mhlw.go.jp/znk-web/juminkanja/S2430/initialize?prefCd=21&kikanCd=2101010312&kikanKbn=5", "url2": "broad-goto-5807.catfood.jp", "内容": "まみや調剤薬局各務原店【5:薬局】岐阜県各務原市各務山の前町４－２８２－１" }, "geometry": { "type": "Point", "coordinates": [ 136.904147, 35.405764 ] } },
{ "type": "Feature", "properties": { "ID": 2152101010313, "正式名称": "Ｖ・ｄｒｕｇ各務原西薬局", "機関区分": 5, "都道府県コード": 21, "市区町村コード": 213, "所在地": "岐阜県各務原市那加日新町７丁目１４", "緯度": 35.395394, "経度": 136.823806, "url": "https://www.iryou.teikyouseido.mhlw.go.jp/znk-web/juminkanja/S2430/initialize?prefCd=21&kikanCd=2101010313&kikanKbn=5", "url2": null, "内容": "Ｖ・ｄｒｕｇ各務原西薬局【5:薬局】岐阜県各務原市那加日新町７丁目１４" }, "geometry": { "type": "Point", "coordinates": [ 136.823806, 35.395394 ] } },
{ "type": "Feature", "properties": { "ID": 2152101010314, "正式名称": "クスリのアオキ大佐野薬局", "機関区分": 5, "都道府県コード": 21, "市区町村コード": 213, "所在地": "岐阜県各務原市大佐野町２丁目１３６番地１", "緯度": 35.384502, "経度": 136.84094, "url": "https://www.iryou.teikyouseido.mhlw.go.jp/znk-web/juminkanja/S2430/initialize?prefCd=21&kikanCd=2101010314&kikanKbn=5", "url2": "https://www.kusuri-aoki.co.jp/", "内容": "クスリのアオキ大佐野薬局【5:薬局】岐阜県各務原市大佐野町２丁目１３６番地１" }, "geometry": { "type": "Point", "coordinates": [ 136.84094, 35.384502 ] } },
{ "type": "Feature", "properties": { "ID": 2152101010316, "正式名称": "調剤薬局オハナファーマＷＥＳＴ", "機関区分": 5, "都道府県コード": 21, "市区町村コード": 213, "所在地": "岐阜県各務原市鵜沼西町３－１２２－２", "緯度": 35.40059, "経度": 136.933297, "url": "https://www.iryou.teikyouseido.mhlw.go.jp/znk-web/juminkanja/S2430/initialize?prefCd=21&kikanCd=2101010316&kikanKbn=5", "url2": null, "内容": "調剤薬局オハナファーマＷＥＳＴ【5:薬局】岐阜県各務原市鵜沼西町３－１２２－２" }, "geometry": { "type": "Point", "coordinates": [ 136.933297, 35.40059 ] } },
{ "type": "Feature", "properties": { "ID": 2152101020001, "正式名称": "寺島調剤薬局糸貫店", "機関区分": 5, "都道府県コード": 21, "市区町村コード": 218, "所在地": "岐阜県本巣市仏生寺村東１３－３", "緯度": 35.444442, "経度": 136.689248, "url": "https://www.iryou.teikyouseido.mhlw.go.jp/znk-web/juminkanja/S2430/initialize?prefCd=21&kikanCd=2101020001&kikanKbn=5", "url2": null, "内容": "寺島調剤薬局糸貫店【5:薬局】岐阜県本巣市仏生寺村東１３－３" }, "geometry": { "type": "Point", "coordinates": [ 136.689248, 35.444442 ] } },
{ "type": "Feature", "properties": { "ID": 2152101020002, "正式名称": "みずほ薬局", "機関区分": 5, "都道府県コード": 21, "市区町村コード": 216, "所在地": "岐阜県瑞穂市別府堤内三の町７２４－１", "緯度": 35.395298, "経度": 136.689919, "url": "https://www.iryou.teikyouseido.mhlw.go.jp/znk-web/juminkanja/S2430/initialize?prefCd=21&kikanCd=2101020002&kikanKbn=5", "url2": null, "内容": "みずほ薬局【5:薬局】岐阜県瑞穂市別府堤内三の町７２４－１" }, "geometry": { "type": "Point", "coordinates": [ 136.689919, 35.395298 ] } },
{ "type": "Feature", "properties": { "ID": 2152101020003, "正式名称": "ドラッグストアＨ２Ｏタカダ薬局糸貫店", "機関区分": 5, "都道府県コード": 21, "市区町村コード": 218, "所在地": "岐阜県本巣市三橋１１０１", "緯度": 35.454044, "経度": 136.675218, "url": "https://www.iryou.teikyouseido.mhlw.go.jp/znk-web/juminkanja/S2430/initialize?prefCd=21&kikanCd=2101020003&kikanKbn=5", "url2": null, "内容": "ドラッグストアＨ２Ｏタカダ薬局糸貫店【5:薬局】岐阜県本巣市三橋１１０１" }, "geometry": { "type": "Point", "coordinates": [ 136.675218, 35.454044 ] } },
{ "type": "Feature", "properties": { "ID": 2152101020009, "正式名称": "ハラタ健康堂薬局", "機関区分": 5, "都道府県コード": 21, "市区町村コード": 215, "所在地": "岐阜県山県市東深瀬戸羽１０－５", "緯度": 35.506049, "経度": 136.781349, "url": "https://www.iryou.teikyouseido.mhlw.go.jp/znk-web/juminkanja/S2430/initialize?prefCd=21&kikanCd=2101020009&kikanKbn=5", "url2": null, "内容": "ハラタ健康堂薬局【5:薬局】岐阜県山県市東深瀬戸羽１０－５" }, "geometry": { "type": "Point", "coordinates": [ 136.781349, 35.506049 ] } },
{ "type": "Feature", "properties": { "ID": 2152101020014, "正式名称": "アルファ調剤薬局", "機関区分": 5, "都道府県コード": 21, "市区町村コード": 421, "所在地": "岐阜県本巣郡北方町柱本字小栗分５９５ー１", "緯度": 35.427542, "経度": 136.686544, "url": "https://www.iryou.teikyouseido.mhlw.go.jp/znk-web/juminkanja/S2430/initialize?prefCd=21&kikanCd=2101020014&kikanKbn=5", "url2": null, "内容": "アルファ調剤薬局【5:薬局】岐阜県本巣郡北方町柱本字小栗分５９５ー１" }, "geometry": { "type": "Point", "coordinates": [ 136.686544, 35.427542 ] } },
{ "type": "Feature", "properties": { "ID": 2152101020017, "正式名称": "なかま薬局　ほづみ店", "機関区分": 5, "都道府県コード": 21, "市区町村コード": 216, "所在地": "岐阜県瑞穂市別府７９０－１", "緯度": 35.394891, "経度": 136.688024, "url": "https://www.iryou.teikyouseido.mhlw.go.jp/znk-web/juminkanja/S2430/initialize?prefCd=21&kikanCd=2101020017&kikanKbn=5", "url2": "https://nakama-ph.com/", "内容": "なかま薬局　ほづみ店【5:薬局】岐阜県瑞穂市別府７９０－１" }, "geometry": { "type": "Point", "coordinates": [ 136.688024, 35.394891 ] } },
{ "type": "Feature", "properties": { "ID": 2152101020027, "正式名称": "ユタカ調剤薬局真正", "機関区分": 5, "都道府県コード": 21, "市区町村コード": 218, "所在地": "岐阜県本巣市軽海４９６", "緯度": 35.428737, "経度": 136.656586, "url": "https://www.iryou.teikyouseido.mhlw.go.jp/znk-web/juminkanja/S2430/initialize?prefCd=21&kikanCd=2101020027&kikanKbn=5", "url2": "http://www.d-yutaka.co.jp", "内容": "ユタカ調剤薬局真正【5:薬局】岐阜県本巣市軽海４９６" }, "geometry": { "type": "Point", "coordinates": [ 136.656586, 35.428737 ] } },
{ "type": "Feature", "properties": { "ID": 2152101020028, "正式名称": "ミズホ調剤薬局", "機関区分": 5, "都道府県コード": 21, "市区町村コード": 216, "所在地": "岐阜県瑞穂市古橋１０７３－２", "緯度": 35.391916, "経度": 136.650281, "url": "https://www.iryou.teikyouseido.mhlw.go.jp/znk-web/juminkanja/S2430/initialize?prefCd=21&kikanCd=2101020028&kikanKbn=5", "url2": "https://www.kokolo-ph.com/", "内容": "ミズホ調剤薬局【5:薬局】岐阜県瑞穂市古橋１０７３－２" }, "geometry": { "type": "Point", "coordinates": [ 136.650281, 35.391916 ] } },
{ "type": "Feature", "properties": { "ID": 2152101020037, "正式名称": "森薬局グリーンロード店", "機関区分": 5, "都道府県コード": 21, "市区町村コード": 421, "所在地": "岐阜県本巣郡北方町小柳１－１１７", "緯度": 35.434118, "経度": 136.693005, "url": "https://www.iryou.teikyouseido.mhlw.go.jp/znk-web/juminkanja/S2430/initialize?prefCd=21&kikanCd=2101020037&kikanKbn=5", "url2": null, "内容": "森薬局グリーンロード店【5:薬局】岐阜県本巣郡北方町小柳１－１１７" }, "geometry": { "type": "Point", "coordinates": [ 136.693005, 35.434118 ] } },
{ "type": "Feature", "properties": { "ID": 2152101020038, "正式名称": "ファースト調剤薬局　みずほ店", "機関区分": 5, "都道府県コード": 21, "市区町村コード": 216, "所在地": "岐阜県瑞穂市十九条２４７－１", "緯度": 35.394997, "経度": 136.664035, "url": "https://www.iryou.teikyouseido.mhlw.go.jp/znk-web/juminkanja/S2430/initialize?prefCd=21&kikanCd=2101020038&kikanKbn=5", "url2": "https://www.first1.jp", "内容": "ファースト調剤薬局　みずほ店【5:薬局】岐阜県瑞穂市十九条２４７－１" }, "geometry": { "type": "Point", "coordinates": [ 136.664035, 35.394997 ] } },
{ "type": "Feature", "properties": { "ID": 2152101020040, "正式名称": "ファイン調剤薬局　みずほ局", "機関区分": 5, "都道府県コード": 21, "市区町村コード": 216, "所在地": "岐阜県瑞穂市馬場前畑町３丁目４１", "緯度": 35.41413, "経度": 136.682346, "url": "https://www.iryou.teikyouseido.mhlw.go.jp/znk-web/juminkanja/S2430/initialize?prefCd=21&kikanCd=2101020040&kikanKbn=5", "url2": "http://phain.com", "内容": "ファイン調剤薬局　みずほ局【5:薬局】岐阜県瑞穂市馬場前畑町３丁目４１" }, "geometry": { "type": "Point", "coordinates": [ 136.682346, 35.41413 ] } },
{ "type": "Feature", "properties": { "ID": 2152101020045, "正式名称": "たんぽぽ薬局ほづみ駅前店", "機関区分": 5, "都道府県コード": 21, "市区町村コード": 216, "所在地": "岐阜県瑞穂市別府字堤内三ノ町９９５", "緯度": 35.393748, "経度": 136.691876, "url": "https://www.iryou.teikyouseido.mhlw.go.jp/znk-web/juminkanja/S2430/initialize?prefCd=21&kikanCd=2101020045&kikanKbn=5", "url2": "https://www.tanpopo-ph.co.jp/", "内容": "たんぽぽ薬局ほづみ駅前店【5:薬局】岐阜県瑞穂市別府字堤内三ノ町９９５" }, "geometry": { "type": "Point", "coordinates": [ 136.691876, 35.393748 ] } },
{ "type": "Feature", "properties": { "ID": 2152101020050, "正式名称": "太平調剤薬局　緑町店", "機関区分": 5, "都道府県コード": 21, "市区町村コード": 216, "所在地": "岐阜県瑞穂市本田１０１８－１", "緯度": 35.406013, "経度": 136.676002, "url": "https://www.iryou.teikyouseido.mhlw.go.jp/znk-web/juminkanja/S2430/initialize?prefCd=21&kikanCd=2101020050&kikanKbn=5", "url2": "http://www.daiky.jp/", "内容": "太平調剤薬局　緑町店【5:薬局】岐阜県瑞穂市本田１０１８－１" }, "geometry": { "type": "Point", "coordinates": [ 136.676002, 35.406013 ] } },
{ "type": "Feature", "properties": { "ID": 2152101020053, "正式名称": "香於里薬局", "機関区分": 5, "都道府県コード": 21, "市区町村コード": 215, "所在地": "岐阜県山県市高富１１９０－１", "緯度": 35.492498, "経度": 136.786428, "url": "https://www.iryou.teikyouseido.mhlw.go.jp/znk-web/juminkanja/S2430/initialize?prefCd=21&kikanCd=2101020053&kikanKbn=5", "url2": null, "内容": "香於里薬局【5:薬局】岐阜県山県市高富１１９０－１" }, "geometry": { "type": "Point", "coordinates": [ 136.786428, 35.492498 ] } },
{ "type": "Feature", "properties": { "ID": 2152101020060, "正式名称": "れんげ薬局", "機関区分": 5, "都道府県コード": 21, "市区町村コード": 216, "所在地": "岐阜県瑞穂市重里高瀬２００１", "緯度": 35.418129, "経度": 136.662084, "url": "https://www.iryou.teikyouseido.mhlw.go.jp/znk-web/juminkanja/S2430/initialize?prefCd=21&kikanCd=2101020060&kikanKbn=5", "url2": null, "内容": "れんげ薬局【5:薬局】岐阜県瑞穂市重里高瀬２００１" }, "geometry": { "type": "Point", "coordinates": [ 136.662084, 35.418129 ] } },
{ "type": "Feature", "properties": { "ID": 2152101020061, "正式名称": "スギ薬局　穂積店", "機関区分": 5, "都道府県コード": 21, "市区町村コード": 216, "所在地": "岐阜県瑞穂市稲里中通６８１", "緯度": 35.383404, "経度": 136.686529, "url": "https://www.iryou.teikyouseido.mhlw.go.jp/znk-web/juminkanja/S2430/initialize?prefCd=21&kikanCd=2101020061&kikanKbn=5", "url2": "http://www.drug-sugi.co.jp/", "内容": "スギ薬局　穂積店【5:薬局】岐阜県瑞穂市稲里中通６８１" }, "geometry": { "type": "Point", "coordinates": [ 136.686529, 35.383404 ] } },
{ "type": "Feature", "properties": { "ID": 2152101020062, "正式名称": "たなせ調剤薬局", "機関区分": 5, "都道府県コード": 21, "市区町村コード": 216, "所在地": "岐阜県瑞穂市唐栗２７５－３", "緯度": 35.412265, "経度": 136.640983, "url": "https://www.iryou.teikyouseido.mhlw.go.jp/znk-web/juminkanja/S2430/initialize?prefCd=21&kikanCd=2101020062&kikanKbn=5", "url2": null, "内容": "たなせ調剤薬局【5:薬局】岐阜県瑞穂市唐栗２７５－３" }, "geometry": { "type": "Point", "coordinates": [ 136.640983, 35.412265 ] } },
{ "type": "Feature", "properties": { "ID": 2152101020063, "正式名称": "アイランド薬局　穂積店", "機関区分": 5, "都道府県コード": 21, "市区町村コード": 216, "所在地": "岐阜県瑞穂市牛牧８１６－５", "緯度": 35.386536, "経度": 136.666969, "url": "https://www.iryou.teikyouseido.mhlw.go.jp/znk-web/juminkanja/S2430/initialize?prefCd=21&kikanCd=2101020063&kikanKbn=5", "url2": "https://www.apocreat.co.jp/", "内容": "アイランド薬局　穂積店【5:薬局】岐阜県瑞穂市牛牧８１６－５" }, "geometry": { "type": "Point", "coordinates": [ 136.666969, 35.386536 ] } },
{ "type": "Feature", "properties": { "ID": 2152101020065, "正式名称": "ホップ芝原薬局", "機関区分": 5, "都道府県コード": 21, "市区町村コード": 421, "所在地": "岐阜県本巣郡北方町芝原東町３丁目５２番地２", "緯度": 35.445301, "経度": 136.696907, "url": "https://www.iryou.teikyouseido.mhlw.go.jp/znk-web/juminkanja/S2430/initialize?prefCd=21&kikanCd=2101020065&kikanKbn=5", "url2": "http://www.daigakudo-hop.com/", "内容": "ホップ芝原薬局【5:薬局】岐阜県本巣郡北方町芝原東町３丁目５２番地２" }, "geometry": { "type": "Point", "coordinates": [ 136.696907, 35.445301 ] } },
{ "type": "Feature", "properties": { "ID": 2152101020068, "正式名称": "ライン調剤薬局　高屋店", "機関区分": 5, "都道府県コード": 21, "市区町村コード": 421, "所在地": "岐阜県本巣郡北方町高屋伊勢田２－１０７－２", "緯度": 35.411781, "経度": 136.691681, "url": "https://www.iryou.teikyouseido.mhlw.go.jp/znk-web/juminkanja/S2430/initialize?prefCd=21&kikanCd=2101020068&kikanKbn=5", "url2": null, "内容": "ライン調剤薬局　高屋店【5:薬局】岐阜県本巣郡北方町高屋伊勢田２－１０７－２" }, "geometry": { "type": "Point", "coordinates": [ 136.691681, 35.411781 ] } },
{ "type": "Feature", "properties": { "ID": 2152101020069, "正式名称": "さくら調剤薬局", "機関区分": 5, "都道府県コード": 21, "市区町村コード": 216, "所在地": "岐阜県瑞穂市只越９０７番地３", "緯度": 35.398604, "経度": 136.68808, "url": "https://www.iryou.teikyouseido.mhlw.go.jp/znk-web/juminkanja/S2430/initialize?prefCd=21&kikanCd=2101020069&kikanKbn=5", "url2": null, "内容": "さくら調剤薬局【5:薬局】岐阜県瑞穂市只越９０７番地３" }, "geometry": { "type": "Point", "coordinates": [ 136.68808, 35.398604 ] } },
{ "type": "Feature", "properties": { "ID": 2152101020070, "正式名称": "杏林堂漢方薬局", "機関区分": 5, "都道府県コード": 21, "市区町村コード": 421, "所在地": "岐阜県本巣郡北方町高屋白木３－４５－１", "緯度": 35.415583, "経度": 136.691117, "url": "https://www.iryou.teikyouseido.mhlw.go.jp/znk-web/juminkanja/S2430/initialize?prefCd=21&kikanCd=2101020070&kikanKbn=5", "url2": "http://kodakarainfo.com", "内容": "杏林堂漢方薬局【5:薬局】岐阜県本巣郡北方町高屋白木３－４５－１" }, "geometry": { "type": "Point", "coordinates": [ 136.691117, 35.415583 ] } },
{ "type": "Feature", "properties": { "ID": 2152101020074, "正式名称": "ハーズみずほ調剤薬局", "機関区分": 5, "都道府県コード": 21, "市区町村コード": 216, "所在地": "岐阜県瑞穂市別府２３０－１", "緯度": 35.396854, "経度": 136.689908, "url": "https://www.iryou.teikyouseido.mhlw.go.jp/znk-web/juminkanja/S2430/initialize?prefCd=21&kikanCd=2101020074&kikanKbn=5", "url2": "https://www.hars.co.jp", "内容": "ハーズみずほ調剤薬局【5:薬局】岐阜県瑞穂市別府２３０－１" }, "geometry": { "type": "Point", "coordinates": [ 136.689908, 35.396854 ] } },
{ "type": "Feature", "properties": { "ID": 2152101020075, "正式名称": "ライン調剤薬局　高富店", "機関区分": 5, "都道府県コード": 21, "市区町村コード": 215, "所在地": "岐阜県山県市高富２４５１－６", "緯度": 35.503137, "経度": 136.790127, "url": "https://www.iryou.teikyouseido.mhlw.go.jp/znk-web/juminkanja/S2430/initialize?prefCd=21&kikanCd=2101020075&kikanKbn=5", "url2": null, "内容": "ライン調剤薬局　高富店【5:薬局】岐阜県山県市高富２４５１－６" }, "geometry": { "type": "Point", "coordinates": [ 136.790127, 35.503137 ] } },
{ "type": "Feature", "properties": { "ID": 2152101020077, "正式名称": "薬局はーばす高富店", "機関区分": 5, "都道府県コード": 21, "市区町村コード": 215, "所在地": "岐阜県山県市高富１２５７番地２", "緯度": 35.492618, "経度": 136.787052, "url": "https://www.iryou.teikyouseido.mhlw.go.jp/znk-web/juminkanja/S2430/initialize?prefCd=21&kikanCd=2101020077&kikanKbn=5", "url2": null, "内容": "薬局はーばす高富店【5:薬局】岐阜県山県市高富１２５７番地２" }, "geometry": { "type": "Point", "coordinates": [ 136.787052, 35.492618 ] } },
{ "type": "Feature", "properties": { "ID": 2152101020080, "正式名称": "しょうなん調剤薬局　山県店", "機関区分": 5, "都道府県コード": 21, "市区町村コード": 215, "所在地": "岐阜県山県市東深瀬１７５－１", "緯度": 35.518857, "経度": 136.788922, "url": "https://www.iryou.teikyouseido.mhlw.go.jp/znk-web/juminkanja/S2430/initialize?prefCd=21&kikanCd=2101020080&kikanKbn=5", "url2": "https://www.syounan-ph.co.jp/store/gifu/pg715.html", "内容": "しょうなん調剤薬局　山県店【5:薬局】岐阜県山県市東深瀬１７５－１" }, "geometry": { "type": "Point", "coordinates": [ 136.788922, 35.518857 ] } },
{ "type": "Feature", "properties": { "ID": 2152101020081, "正式名称": "ピノキオ薬局　北方店", "機関区分": 5, "都道府県コード": 21, "市区町村コード": 421, "所在地": "岐阜県本巣郡北方町北方１７５２－４", "緯度": 35.438396, "経度": 136.683749, "url": "https://www.iryou.teikyouseido.mhlw.go.jp/znk-web/juminkanja/S2430/initialize?prefCd=21&kikanCd=2101020081&kikanKbn=5", "url2": "http://www.pinokio-pharmacy.jp", "内容": "ピノキオ薬局　北方店【5:薬局】岐阜県本巣郡北方町北方１７５２－４" }, "geometry": { "type": "Point", "coordinates": [ 136.683749, 35.438396 ] } },
{ "type": "Feature", "properties": { "ID": 2152101020082, "正式名称": "こころ調剤薬局　高富店", "機関区分": 5, "都道府県コード": 21, "市区町村コード": 215, "所在地": "岐阜県山県市高富２０９２ー４", "緯度": 35.499331, "経度": 136.788962, "url": "https://www.iryou.teikyouseido.mhlw.go.jp/znk-web/juminkanja/S2430/initialize?prefCd=21&kikanCd=2101020082&kikanKbn=5", "url2": "https://www.kokolo-ph.com/", "内容": "こころ調剤薬局　高富店【5:薬局】岐阜県山県市高富２０９２ー４" }, "geometry": { "type": "Point", "coordinates": [ 136.788962, 35.499331 ] } },
{ "type": "Feature", "properties": { "ID": 2152101020083, "正式名称": "ピノキオ薬局　文殊店", "機関区分": 5, "都道府県コード": 21, "市区町村コード": 218, "所在地": "岐阜県本巣市文殊８８０", "緯度": 35.484769, "経度": 136.678965, "url": "https://www.iryou.teikyouseido.mhlw.go.jp/znk-web/juminkanja/S2430/initialize?prefCd=21&kikanCd=2101020083&kikanKbn=5", "url2": "http://www.pinokio-pharmacy.jp", "内容": "ピノキオ薬局　文殊店【5:薬局】岐阜県本巣市文殊８８０" }, "geometry": { "type": "Point", "coordinates": [ 136.678965, 35.484769 ] } },
{ "type": "Feature", "properties": { "ID": 2152101020085, "正式名称": "たかや調剤薬局", "機関区分": 5, "都道府県コード": 21, "市区町村コード": 421, "所在地": "岐阜県本巣郡北方町高屋白木２丁目６０番地", "緯度": 35.417228, "経度": 136.692167, "url": "https://www.iryou.teikyouseido.mhlw.go.jp/znk-web/juminkanja/S2430/initialize?prefCd=21&kikanCd=2101020085&kikanKbn=5", "url2": null, "内容": "たかや調剤薬局【5:薬局】岐阜県本巣郡北方町高屋白木２丁目６０番地" }, "geometry": { "type": "Point", "coordinates": [ 136.692167, 35.417228 ] } },
{ "type": "Feature", "properties": { "ID": 2152101020086, "正式名称": "ふかせ調剤薬局", "機関区分": 5, "都道府県コード": 21, "市区町村コード": 215, "所在地": "岐阜県山県市東深瀬６６４番地６", "緯度": 35.510856, "経度": 136.790918, "url": "https://www.iryou.teikyouseido.mhlw.go.jp/znk-web/juminkanja/S2430/initialize?prefCd=21&kikanCd=2101020086&kikanKbn=5", "url2": "http://www.e-classa.net./cure-suport/", "内容": "ふかせ調剤薬局【5:薬局】岐阜県山県市東深瀬６６４番地６" }, "geometry": { "type": "Point", "coordinates": [ 136.790918, 35.510856 ] } },
{ "type": "Feature", "properties": { "ID": 2152101020088, "正式名称": "さかえ調剤薬局", "機関区分": 5, "都道府県コード": 21, "市区町村コード": 421, "所在地": "岐阜県本巣郡北方町栄町１－３７", "緯度": 35.439785, "経度": 136.686748, "url": "https://www.iryou.teikyouseido.mhlw.go.jp/znk-web/juminkanja/S2430/initialize?prefCd=21&kikanCd=2101020088&kikanKbn=5", "url2": null, "内容": "さかえ調剤薬局【5:薬局】岐阜県本巣郡北方町栄町１－３７" }, "geometry": { "type": "Point", "coordinates": [ 136.686748, 35.439785 ] } },
{ "type": "Feature", "properties": { "ID": 2152101020090, "正式名称": "敬愛薬局", "機関区分": 5, "都道府県コード": 21, "市区町村コード": 216, "所在地": "岐阜県瑞穂市別府７３８番地４", "緯度": 35.39547, "経度": 136.687416, "url": "https://www.iryou.teikyouseido.mhlw.go.jp/znk-web/juminkanja/S2430/initialize?prefCd=21&kikanCd=2101020090&kikanKbn=5", "url2": null, "内容": "敬愛薬局【5:薬局】岐阜県瑞穂市別府７３８番地４" }, "geometry": { "type": "Point", "coordinates": [ 136.687416, 35.39547 ] } },
{ "type": "Feature", "properties": { "ID": 2152101020091, "正式名称": "杉山薬局　瑞穂店", "機関区分": 5, "都道府県コード": 21, "市区町村コード": 216, "所在地": "岐阜県瑞穂市稲里６９０－８", "緯度": 35.38308, "経度": 136.686889, "url": "https://www.iryou.teikyouseido.mhlw.go.jp/znk-web/juminkanja/S2430/initialize?prefCd=21&kikanCd=2101020091&kikanKbn=5", "url2": "http://sugiyama-ph.com", "内容": "杉山薬局　瑞穂店【5:薬局】岐阜県瑞穂市稲里６９０－８" }, "geometry": { "type": "Point", "coordinates": [ 136.686889, 35.38308 ] } },
{ "type": "Feature", "properties": { "ID": 2152101020092, "正式名称": "こころ調剤薬局　北方店", "機関区分": 5, "都道府県コード": 21, "市区町村コード": 421, "所在地": "岐阜県本巣郡北方町曲路三丁目２１番１", "緯度": 35.429953, "経度": 136.693685, "url": "https://www.iryou.teikyouseido.mhlw.go.jp/znk-web/juminkanja/S2430/initialize?prefCd=21&kikanCd=2101020092&kikanKbn=5", "url2": "https://www.kokolo-ph.com/", "内容": "こころ調剤薬局　北方店【5:薬局】岐阜県本巣郡北方町曲路三丁目２１番１" }, "geometry": { "type": "Point", "coordinates": [ 136.693685, 35.429953 ] } },
{ "type": "Feature", "properties": { "ID": 2152101020093, "正式名称": "クスリのアオキ高富薬局", "機関区分": 5, "都道府県コード": 21, "市区町村コード": 215, "所在地": "岐阜県山県市高富２３６７番地", "緯度": 35.504381, "経度": 136.787383, "url": "https://www.iryou.teikyouseido.mhlw.go.jp/znk-web/juminkanja/S2430/initialize?prefCd=21&kikanCd=2101020093&kikanKbn=5", "url2": "http://www.kusuri-aoki.co.jp/", "内容": "クスリのアオキ高富薬局【5:薬局】岐阜県山県市高富２３６７番地" }, "geometry": { "type": "Point", "coordinates": [ 136.787383, 35.504381 ] } },
{ "type": "Feature", "properties": { "ID": 2152101020094, "正式名称": "スギ薬局　穂積駅西店", "機関区分": 5, "都道府県コード": 21, "市区町村コード": 216, "所在地": "岐阜県瑞穂市別府８７８番地１", "緯度": 35.394222, "経度": 136.690117, "url": "https://www.iryou.teikyouseido.mhlw.go.jp/znk-web/juminkanja/S2430/initialize?prefCd=21&kikanCd=2101020094&kikanKbn=5", "url2": "http://www.drgu-sugi.co.jp/", "内容": "スギ薬局　穂積駅西店【5:薬局】岐阜県瑞穂市別府８７８番地１" }, "geometry": { "type": "Point", "coordinates": [ 136.690117, 35.394222 ] } },
{ "type": "Feature", "properties": { "ID": 2152101020095, "正式名称": "クスリのアオキ北方中央薬局", "機関区分": 5, "都道府県コード": 21, "市区町村コード": 421, "所在地": "岐阜県本巣郡北方町長谷川１丁目４７番地１", "緯度": 35.435057, "経度": 136.685132, "url": "https://www.iryou.teikyouseido.mhlw.go.jp/znk-web/juminkanja/S2430/initialize?prefCd=21&kikanCd=2101020095&kikanKbn=5", "url2": "https://www.kusuri-aoki.co.jp/", "内容": "クスリのアオキ北方中央薬局【5:薬局】岐阜県本巣郡北方町長谷川１丁目４７番地１" }, "geometry": { "type": "Point", "coordinates": [ 136.685132, 35.435057 ] } },
{ "type": "Feature", "properties": { "ID": 2152101020096, "正式名称": "アイセイ薬局　本巣店", "機関区分": 5, "都道府県コード": 21, "市区町村コード": 218, "所在地": "岐阜県本巣市早野字一本松６５３－２", "緯度": 35.45419, "経度": 136.65849, "url": "https://www.iryou.teikyouseido.mhlw.go.jp/znk-web/juminkanja/S2430/initialize?prefCd=21&kikanCd=2101020096&kikanKbn=5", "url2": "www.aisei.co.jp/shop/tabid/188/pdid/414/Default.aspx", "内容": "アイセイ薬局　本巣店【5:薬局】岐阜県本巣市早野字一本松６５３－２" }, "geometry": { "type": "Point", "coordinates": [ 136.65849, 35.45419 ] } },
{ "type": "Feature", "properties": { "ID": 2152101020099, "正式名称": "ペンギン薬局", "機関区分": 5, "都道府県コード": 21, "市区町村コード": 215, "所在地": "岐阜県山県市高富２１１８番地１", "緯度": 35.499603, "経度": 136.786646, "url": "https://www.iryou.teikyouseido.mhlw.go.jp/znk-web/juminkanja/S2430/initialize?prefCd=21&kikanCd=2101020099&kikanKbn=5", "url2": "https://www.penginyg.com/", "内容": "ペンギン薬局【5:薬局】岐阜県山県市高富２１１８番地１" }, "geometry": { "type": "Point", "coordinates": [ 136.786646, 35.499603 ] } },
{ "type": "Feature", "properties": { "ID": 2152101020100, "正式名称": "アクア薬局北方店", "機関区分": 5, "都道府県コード": 21, "市区町村コード": 421, "所在地": "岐阜県本巣郡北方町柱本１－２００", "緯度": 35.428554, "経度": 136.689247, "url": "https://www.iryou.teikyouseido.mhlw.go.jp/znk-web/juminkanja/S2430/initialize?prefCd=21&kikanCd=2101020100&kikanKbn=5", "url2": "http://aquamedical.net", "内容": "アクア薬局北方店【5:薬局】岐阜県本巣郡北方町柱本１－２００" }, "geometry": { "type": "Point", "coordinates": [ 136.689247, 35.428554 ] } },
{ "type": "Feature", "properties": { "ID": 2152101020101, "正式名称": "クスリのアオキ北方高屋薬局", "機関区分": 5, "都道府県コード": 21, "市区町村コード": 421, "所在地": "岐阜県本巣郡北方町高屋伊勢田１丁目６番", "緯度": 35.413695, "経度": 136.689663, "url": "https://www.iryou.teikyouseido.mhlw.go.jp/znk-web/juminkanja/S2430/initialize?prefCd=21&kikanCd=2101020101&kikanKbn=5", "url2": "http://www.Kusuri-aoki.co.jp/", "内容": "クスリのアオキ北方高屋薬局【5:薬局】岐阜県本巣郡北方町高屋伊勢田１丁目６番" }, "geometry": { "type": "Point", "coordinates": [ 136.689663, 35.413695 ] } },
{ "type": "Feature", "properties": { "ID": 2152101020102, "正式名称": "オリーブ薬局　北方店", "機関区分": 5, "都道府県コード": 21, "市区町村コード": 421, "所在地": "岐阜県本巣郡北方町若宮１丁目１１番地", "緯度": 35.441354, "経度": 136.689467, "url": "https://www.iryou.teikyouseido.mhlw.go.jp/znk-web/juminkanja/S2430/initialize?prefCd=21&kikanCd=2101020102&kikanKbn=5", "url2": "http://olivu.co.jp", "内容": "オリーブ薬局　北方店【5:薬局】岐阜県本巣郡北方町若宮１丁目１１番地" }, "geometry": { "type": "Point", "coordinates": [ 136.689467, 35.441354 ] } },
{ "type": "Feature", "properties": { "ID": 2152101020105, "正式名称": "ペンギン薬局　高富本町店", "機関区分": 5, "都道府県コード": 21, "市区町村コード": 215, "所在地": "岐阜県山県市高富１１７８番地８", "緯度": 35.491439, "経度": 136.785619, "url": "https://www.iryou.teikyouseido.mhlw.go.jp/znk-web/juminkanja/S2430/initialize?prefCd=21&kikanCd=2101020105&kikanKbn=5", "url2": "https//pengin-pharmacy.jimdofree.com/", "内容": "ペンギン薬局　高富本町店【5:薬局】岐阜県山県市高富１１７８番地８" }, "geometry": { "type": "Point", "coordinates": [ 136.785619, 35.491439 ] } },
{ "type": "Feature", "properties": { "ID": 2152101020106, "正式名称": "みやび調剤薬局", "機関区分": 5, "都道府県コード": 21, "市区町村コード": 218, "所在地": "岐阜県本巣市三橋３－６４", "緯度": 35.449559, "経度": 136.676588, "url": "https://www.iryou.teikyouseido.mhlw.go.jp/znk-web/juminkanja/S2430/initialize?prefCd=21&kikanCd=2101020106&kikanKbn=5", "url2": null, "内容": "みやび調剤薬局【5:薬局】岐阜県本巣市三橋３－６４" }, "geometry": { "type": "Point", "coordinates": [ 136.676588, 35.449559 ] } },
{ "type": "Feature", "properties": { "ID": 2152101020107, "正式名称": "キョーワ薬局　北方店", "機関区分": 5, "都道府県コード": 21, "市区町村コード": 421, "所在地": "岐阜県本巣郡北方町加茂字野田４７４番１", "緯度": 35.439598, "経度": 136.682931, "url": "https://www.iryou.teikyouseido.mhlw.go.jp/znk-web/juminkanja/S2430/initialize?prefCd=21&kikanCd=2101020107&kikanKbn=5", "url2": "http://www.kyowa-chemical.co.jp", "内容": "キョーワ薬局　北方店【5:薬局】岐阜県本巣郡北方町加茂字野田４７４番１" }, "geometry": { "type": "Point", "coordinates": [ 136.682931, 35.439598 ] } },
{ "type": "Feature", "properties": { "ID": 2152101020108, "正式名称": "パール調剤薬局　みずほ店", "機関区分": 5, "都道府県コード": 21, "市区町村コード": 216, "所在地": "岐阜県瑞穂市本田１６５－２", "緯度": 35.415423, "経度": 136.673966, "url": "https://www.iryou.teikyouseido.mhlw.go.jp/znk-web/juminkanja/S2430/initialize?prefCd=21&kikanCd=2101020108&kikanKbn=5", "url2": "https://kazuihou.biz/", "内容": "パール調剤薬局　みずほ店【5:薬局】岐阜県瑞穂市本田１６５－２" }, "geometry": { "type": "Point", "coordinates": [ 136.673966, 35.415423 ] } },
{ "type": "Feature", "properties": { "ID": 2152101020109, "正式名称": "たんぽぽ薬局　岐北病院店", "機関区分": 5, "都道府県コード": 21, "市区町村コード": 215, "所在地": "岐阜県山県市高富１１８７番地３", "緯度": 35.492251, "経度": 136.787456, "url": "https://www.iryou.teikyouseido.mhlw.go.jp/znk-web/juminkanja/S2430/initialize?prefCd=21&kikanCd=2101020109&kikanKbn=5", "url2": "https://www.tanpopo-ph.co.jp", "内容": "たんぽぽ薬局　岐北病院店【5:薬局】岐阜県山県市高富１１８７番地３" }, "geometry": { "type": "Point", "coordinates": [ 136.787456, 35.492251 ] } },
{ "type": "Feature", "properties": { "ID": 2152101020110, "正式名称": "プラス薬局十九条店", "機関区分": 5, "都道府県コード": 21, "市区町村コード": 216, "所在地": "岐阜県瑞穂市十九条２５８番地６", "緯度": 35.394316, "経度": 136.662492, "url": "https://www.iryou.teikyouseido.mhlw.go.jp/znk-web/juminkanja/S2430/initialize?prefCd=21&kikanCd=2101020110&kikanKbn=5", "url2": "https://www.plus-pharm.jp/", "内容": "プラス薬局十九条店【5:薬局】岐阜県瑞穂市十九条２５８番地６" }, "geometry": { "type": "Point", "coordinates": [ 136.662492, 35.394316 ] } },
{ "type": "Feature", "properties": { "ID": 2152101020111, "正式名称": "真正調剤薬局", "機関区分": 5, "都道府県コード": 21, "市区町村コード": 218, "所在地": "岐阜県本巣市下真桑５４４－２", "緯度": 35.438822, "経度": 136.6586, "url": "https://www.iryou.teikyouseido.mhlw.go.jp/znk-web/juminkanja/S2430/initialize?prefCd=21&kikanCd=2101020111&kikanKbn=5", "url2": "https://www.kokolo-ph.com/", "内容": "真正調剤薬局【5:薬局】岐阜県本巣市下真桑５４４－２" }, "geometry": { "type": "Point", "coordinates": [ 136.6586, 35.438822 ] } },
{ "type": "Feature", "properties": { "ID": 2152101020112, "正式名称": "しょうなん調剤薬局瑞穂店", "機関区分": 5, "都道府県コード": 21, "市区町村コード": 216, "所在地": "岐阜県瑞穂市馬場小城町１丁目２２", "緯度": 35.409105, "経度": 136.689115, "url": "https://www.iryou.teikyouseido.mhlw.go.jp/znk-web/juminkanja/S2430/initialize?prefCd=21&kikanCd=2101020112&kikanKbn=5", "url2": "https://www.shonan-yabuta.jp", "内容": "しょうなん調剤薬局瑞穂店【5:薬局】岐阜県瑞穂市馬場小城町１丁目２２" }, "geometry": { "type": "Point", "coordinates": [ 136.689115, 35.409105 ] } },
{ "type": "Feature", "properties": { "ID": 2152101020113, "正式名称": "本巣調剤薬局", "機関区分": 5, "都道府県コード": 21, "市区町村コード": 218, "所在地": "岐阜県本巣市曽井中島１０１７－４", "緯度": 35.486399, "経度": 136.670788, "url": "https://www.iryou.teikyouseido.mhlw.go.jp/znk-web/juminkanja/S2430/initialize?prefCd=21&kikanCd=2101020113&kikanKbn=5", "url2": "https://www.marinegroup.jp/detail/%E6%9C%AC%E5%B7%A3%E8%AA%BF%E5%89%A4%E8%96%AC%E5%B1%80/", "内容": "本巣調剤薬局【5:薬局】岐阜県本巣市曽井中島１０１７－４" }, "geometry": { "type": "Point", "coordinates": [ 136.670788, 35.486399 ] } },
{ "type": "Feature", "properties": { "ID": 2152101020114, "正式名称": "きたがた調剤薬局", "機関区分": 5, "都道府県コード": 21, "市区町村コード": 421, "所在地": "岐阜県本巣郡北方町北方地下前５８２－１４", "緯度": 35.434458, "経度": 136.692521, "url": "https://www.iryou.teikyouseido.mhlw.go.jp/znk-web/juminkanja/S2430/initialize?prefCd=21&kikanCd=2101020114&kikanKbn=5", "url2": "https://e-bond.info/withs/", "内容": "きたがた調剤薬局【5:薬局】岐阜県本巣郡北方町北方地下前５８２－１４" }, "geometry": { "type": "Point", "coordinates": [ 136.692521, 35.434458 ] } },
{ "type": "Feature", "properties": { "ID": 2152101020115, "正式名称": "たかとみ薬局", "機関区分": 5, "都道府県コード": 21, "市区町村コード": 215, "所在地": "岐阜県山県市高富９２７－２", "緯度": 35.493774, "経度": 136.790333, "url": "https://www.iryou.teikyouseido.mhlw.go.jp/znk-web/juminkanja/S2430/initialize?prefCd=21&kikanCd=2101020115&kikanKbn=5", "url2": "https://e-bond.info/withs/", "内容": "たかとみ薬局【5:薬局】岐阜県山県市高富９２７－２" }, "geometry": { "type": "Point", "coordinates": [ 136.790333, 35.493774 ] } },
{ "type": "Feature", "properties": { "ID": 2152101020116, "正式名称": "アピス薬局　みずほ店", "機関区分": 5, "都道府県コード": 21, "市区町村コード": 216, "所在地": "岐阜県瑞穂市本田５５６ー１ー１", "緯度": 35.410702, "経度": 136.673724, "url": "https://www.iryou.teikyouseido.mhlw.go.jp/znk-web/juminkanja/S2430/initialize?prefCd=21&kikanCd=2101020116&kikanKbn=5", "url2": null, "内容": "アピス薬局　みずほ店【5:薬局】岐阜県瑞穂市本田５５６ー１ー１" }, "geometry": { "type": "Point", "coordinates": [ 136.673724, 35.410702 ] } },
{ "type": "Feature", "properties": { "ID": 2152101020117, "正式名称": "宮川薬局なごみ店", "機関区分": 5, "都道府県コード": 21, "市区町村コード": 218, "所在地": "岐阜県本巣市七五三３１９－８", "緯度": 35.453228, "経度": 136.656842, "url": "https://www.iryou.teikyouseido.mhlw.go.jp/znk-web/juminkanja/S2430/initialize?prefCd=21&kikanCd=2101020117&kikanKbn=5", "url2": "https://www.miyagawa-ph.jp", "内容": "宮川薬局なごみ店【5:薬局】岐阜県本巣市七五三３１９－８" }, "geometry": { "type": "Point", "coordinates": [ 136.656842, 35.453228 ] } },
{ "type": "Feature", "properties": { "ID": 2152101020118, "正式名称": "瑞穂マイ調剤薬局", "機関区分": 5, "都道府県コード": 21, "市区町村コード": 216, "所在地": "岐阜県瑞穂市馬場小城町１丁目７１番２", "緯度": 35.40918, "経度": 136.690831, "url": "https://www.iryou.teikyouseido.mhlw.go.jp/znk-web/juminkanja/S2430/initialize?prefCd=21&kikanCd=2101020118&kikanKbn=5", "url2": "https://www.mychyoo.com/", "内容": "瑞穂マイ調剤薬局【5:薬局】岐阜県瑞穂市馬場小城町１丁目７１番２" }, "geometry": { "type": "Point", "coordinates": [ 136.690831, 35.40918 ] } },
{ "type": "Feature", "properties": { "ID": 2152101030002, "正式名称": "三和薬局", "機関区分": 5, "都道府県コード": 21, "市区町村コード": 202, "所在地": "岐阜県大垣市新田町３丁目１２４６−２", "緯度": 35.345244, "経度": 136.622178, "url": "https://www.iryou.teikyouseido.mhlw.go.jp/znk-web/juminkanja/S2430/initialize?prefCd=21&kikanCd=2101030002&kikanKbn=5", "url2": null, "内容": "三和薬局【5:薬局】岐阜県大垣市新田町３丁目１２４６−２" }, "geometry": { "type": "Point", "coordinates": [ 136.622178, 35.345244 ] } },
{ "type": "Feature", "properties": { "ID": 2152101030005, "正式名称": "有限会社三笠堂薬局", "機関区分": 5, "都道府県コード": 21, "市区町村コード": 202, "所在地": "岐阜県大垣市林町２－２２", "緯度": 35.368963, "経度": 136.621123, "url": "https://www.iryou.teikyouseido.mhlw.go.jp/znk-web/juminkanja/S2430/initialize?prefCd=21&kikanCd=2101030005&kikanKbn=5", "url2": null, "内容": "有限会社三笠堂薬局【5:薬局】岐阜県大垣市林町２－２２" }, "geometry": { "type": "Point", "coordinates": [ 136.621123, 35.368963 ] } },
{ "type": "Feature", "properties": { "ID": 2152101030006, "正式名称": "株式会社大橋薬局", "機関区分": 5, "都道府県コード": 21, "市区町村コード": 202, "所在地": "岐阜県大垣市郭町１－３５", "緯度": 35.361974, "経度": 136.617561, "url": "https://www.iryou.teikyouseido.mhlw.go.jp/znk-web/juminkanja/S2430/initialize?prefCd=21&kikanCd=2101030006&kikanKbn=5", "url2": "www.ohashi-d.co.jp", "内容": "株式会社大橋薬局【5:薬局】岐阜県大垣市郭町１－３５" }, "geometry": { "type": "Point", "coordinates": [ 136.617561, 35.361974 ] } },
{ "type": "Feature", "properties": { "ID": 2152101030023, "正式名称": "ユタカ調剤薬局広幡", "機関区分": 5, "都道府県コード": 21, "市区町村コード": 341, "所在地": "岐阜県養老郡養老町大跡５３６", "緯度": 35.287784, "経度": 136.575469, "url": "https://www.iryou.teikyouseido.mhlw.go.jp/znk-web/juminkanja/S2430/initialize?prefCd=21&kikanCd=2101030023&kikanKbn=5", "url2": "http://www.d-yutaka.co.jp/shop/264.html", "内容": "ユタカ調剤薬局広幡【5:薬局】岐阜県養老郡養老町大跡５３６" }, "geometry": { "type": "Point", "coordinates": [ 136.575469, 35.287784 ] } },
{ "type": "Feature", "properties": { "ID": 2152101030035, "正式名称": "サニー調剤薬局", "機関区分": 5, "都道府県コード": 21, "市区町村コード": 202, "所在地": "岐阜県大垣市荒尾玉池１－４７", "緯度": 35.376724, "経度": 136.575432, "url": "https://www.iryou.teikyouseido.mhlw.go.jp/znk-web/juminkanja/S2430/initialize?prefCd=21&kikanCd=2101030035&kikanKbn=5", "url2": "http://www.sun-west-ogaki.com", "内容": "サニー調剤薬局【5:薬局】岐阜県大垣市荒尾玉池１－４７" }, "geometry": { "type": "Point", "coordinates": [ 136.575432, 35.376724 ] } },
{ "type": "Feature", "properties": { "ID": 2152101030043, "正式名称": "金の鈴薬局", "機関区分": 5, "都道府県コード": 21, "市区町村コード": 202, "所在地": "岐阜県大垣市長松町字小柳１２６２－３", "緯度": 35.361902, "経度": 136.568901, "url": "https://www.iryou.teikyouseido.mhlw.go.jp/znk-web/juminkanja/S2430/initialize?prefCd=21&kikanCd=2101030043&kikanKbn=5", "url2": null, "内容": "金の鈴薬局【5:薬局】岐阜県大垣市長松町字小柳１２６２－３" }, "geometry": { "type": "Point", "coordinates": [ 136.568901, 35.361902 ] } },
{ "type": "Feature", "properties": { "ID": 2152101030044, "正式名称": "ユタカ調剤薬局　禾森", "機関区分": 5, "都道府県コード": 21, "市区町村コード": 202, "所在地": "岐阜県大垣市禾森町４丁目２３番地", "緯度": 35.35185, "経度": 136.621919, "url": "https://www.iryou.teikyouseido.mhlw.go.jp/znk-web/juminkanja/S2430/initialize?prefCd=21&kikanCd=2101030044&kikanKbn=5", "url2": "http://www.d-yutaka.co.jp/shop/shop_view.asp?id=6", "内容": "ユタカ調剤薬局　禾森【5:薬局】岐阜県大垣市禾森町４丁目２３番地" }, "geometry": { "type": "Point", "coordinates": [ 136.621919, 35.35185 ] } },
{ "type": "Feature", "properties": { "ID": 2152101030045, "正式名称": "ユニスマイル薬局　東神田店", "機関区分": 5, "都道府県コード": 21, "市区町村コード": 361, "所在地": "岐阜県不破郡垂井町東神田２－２３－２", "緯度": 35.367813, "経度": 136.531475, "url": "https://www.iryou.teikyouseido.mhlw.go.jp/znk-web/juminkanja/S2430/initialize?prefCd=21&kikanCd=2101030045&kikanKbn=5", "url2": "http://www.unismile.co.jp", "内容": "ユニスマイル薬局　東神田店【5:薬局】岐阜県不破郡垂井町東神田２－２３－２" }, "geometry": { "type": "Point", "coordinates": [ 136.531475, 35.367813 ] } },
{ "type": "Feature", "properties": { "ID": 2152101030047, "正式名称": "中日調剤薬局　大垣店", "機関区分": 5, "都道府県コード": 21, "市区町村コード": 202, "所在地": "岐阜県大垣市林町８丁目８５－４", "緯度": 35.373966, "経度": 136.621108, "url": "https://www.iryou.teikyouseido.mhlw.go.jp/znk-web/juminkanja/S2430/initialize?prefCd=21&kikanCd=2101030047&kikanKbn=5", "url2": null, "内容": "中日調剤薬局　大垣店【5:薬局】岐阜県大垣市林町８丁目８５－４" }, "geometry": { "type": "Point", "coordinates": [ 136.621108, 35.373966 ] } },
{ "type": "Feature", "properties": { "ID": 2152101030052, "正式名称": "ハーズ大垣調剤薬局　笠木店", "機関区分": 5, "都道府県コード": 21, "市区町村コード": 202, "所在地": "岐阜県大垣市笠木町６５１ー３", "緯度": 35.377056, "経度": 136.595681, "url": "https://www.iryou.teikyouseido.mhlw.go.jp/znk-web/juminkanja/S2430/initialize?prefCd=21&kikanCd=2101030052&kikanKbn=5", "url2": "https://www.hars.co.jp", "内容": "ハーズ大垣調剤薬局　笠木店【5:薬局】岐阜県大垣市笠木町６５１ー３" }, "geometry": { "type": "Point", "coordinates": [ 136.595681, 35.377056 ] } },
{ "type": "Feature", "properties": { "ID": 2152101030056, "正式名称": "ハーモニー調剤薬局", "機関区分": 5, "都道府県コード": 21, "市区町村コード": 202, "所在地": "岐阜県大垣市鶴見町７２２－５", "緯度": 35.360374, "経度": 136.639771, "url": "https://www.iryou.teikyouseido.mhlw.go.jp/znk-web/juminkanja/S2430/initialize?prefCd=21&kikanCd=2101030056&kikanKbn=5", "url2": "https://harmony-gifu.com/company/", "内容": "ハーモニー調剤薬局【5:薬局】岐阜県大垣市鶴見町７２２－５" }, "geometry": { "type": "Point", "coordinates": [ 136.639771, 35.360374 ] } },
{ "type": "Feature", "properties": { "ID": 2152101030057, "正式名称": "すずの木薬局", "機関区分": 5, "都道府県コード": 21, "市区町村コード": 202, "所在地": "岐阜県大垣市桧町８９５番地３", "緯度": 35.368237, "経度": 136.587886, "url": "https://www.iryou.teikyouseido.mhlw.go.jp/znk-web/juminkanja/S2430/initialize?prefCd=21&kikanCd=2101030057&kikanKbn=5", "url2": "https://xn--88jc4d850w3nlhg7b.com/", "内容": "すずの木薬局【5:薬局】岐阜県大垣市桧町８９５番地３" }, "geometry": { "type": "Point", "coordinates": [ 136.587886, 35.368237 ] } },
{ "type": "Feature", "properties": { "ID": 2152101030058, "正式名称": "アクシス調剤薬局", "機関区分": 5, "都道府県コード": 21, "市区町村コード": 202, "所在地": "岐阜県大垣市本今町１８７番地１", "緯度": 35.35071, "経度": 136.609918, "url": "https://www.iryou.teikyouseido.mhlw.go.jp/znk-web/juminkanja/S2430/initialize?prefCd=21&kikanCd=2101030058&kikanKbn=5", "url2": null, "内容": "アクシス調剤薬局【5:薬局】岐阜県大垣市本今町１８７番地１" }, "geometry": { "type": "Point", "coordinates": [ 136.609918, 35.35071 ] } },
{ "type": "Feature", "properties": { "ID": 2152101030059, "正式名称": "ピノキオ薬局　大垣店", "機関区分": 5, "都道府県コード": 21, "市区町村コード": 202, "所在地": "岐阜県大垣市林町四丁目６４－１　中央タワーズＲｉｈｏ大垣", "緯度": 35.368321, "経度": 136.620426, "url": "https://www.iryou.teikyouseido.mhlw.go.jp/znk-web/juminkanja/S2430/initialize?prefCd=21&kikanCd=2101030059&kikanKbn=5", "url2": "http://www.pinokio-pharmacy.jp", "内容": "ピノキオ薬局　大垣店【5:薬局】岐阜県大垣市林町四丁目６４－１　中央タワーズＲｉｈｏ大垣" }, "geometry": { "type": "Point", "coordinates": [ 136.620426, 35.368321 ] } },
{ "type": "Feature", "properties": { "ID": 2152101030061, "正式名称": "くれよん薬局", "機関区分": 5, "都道府県コード": 21, "市区町村コード": 202, "所在地": "岐阜県大垣市北方町４丁目１００－１", "緯度": 35.39352, "経度": 136.617581, "url": "https://www.iryou.teikyouseido.mhlw.go.jp/znk-web/juminkanja/S2430/initialize?prefCd=21&kikanCd=2101030061&kikanKbn=5", "url2": null, "内容": "くれよん薬局【5:薬局】岐阜県大垣市北方町４丁目１００－１" }, "geometry": { "type": "Point", "coordinates": [ 136.617581, 35.39352 ] } },
{ "type": "Feature", "properties": { "ID": 2152101030062, "正式名称": "なんのう調剤薬局", "機関区分": 5, "都道府県コード": 21, "市区町村コード": 221, "所在地": "岐阜県海津市南濃町太田２６６－６", "緯度": 35.181794, "経度": 136.626361, "url": "https://www.iryou.teikyouseido.mhlw.go.jp/znk-web/juminkanja/S2430/initialize?prefCd=21&kikanCd=2101030062&kikanKbn=5", "url2": null, "内容": "なんのう調剤薬局【5:薬局】岐阜県海津市南濃町太田２６６－６" }, "geometry": { "type": "Point", "coordinates": [ 136.626361, 35.181794 ] } },
{ "type": "Feature", "properties": { "ID": 2152101030064, "正式名称": "丸善薬局", "機関区分": 5, "都道府県コード": 21, "市区町村コード": 381, "所在地": "岐阜県安八郡神戸町大字神戸１１９－１０", "緯度": 35.419622, "経度": 136.602833, "url": "https://www.iryou.teikyouseido.mhlw.go.jp/znk-web/juminkanja/S2430/initialize?prefCd=21&kikanCd=2101030064&kikanKbn=5", "url2": "http://www.kusuri365.net/", "内容": "丸善薬局【5:薬局】岐阜県安八郡神戸町大字神戸１１９－１０" }, "geometry": { "type": "Point", "coordinates": [ 136.602833, 35.419622 ] } },
{ "type": "Feature", "properties": { "ID": 2152101030066, "正式名称": "駅前薬局", "機関区分": 5, "都道府県コード": 21, "市区町村コード": 202, "所在地": "岐阜県大垣市高屋町１－１５", "緯度": 35.365844, "経度": 136.618023, "url": "https://www.iryou.teikyouseido.mhlw.go.jp/znk-web/juminkanja/S2430/initialize?prefCd=21&kikanCd=2101030066&kikanKbn=5", "url2": null, "内容": "駅前薬局【5:薬局】岐阜県大垣市高屋町１－１５" }, "geometry": { "type": "Point", "coordinates": [ 136.618023, 35.365844 ] } },
{ "type": "Feature", "properties": { "ID": 2152101030067, "正式名称": "（有）中野薬局大垣店", "機関区分": 5, "都道府県コード": 21, "市区町村コード": 202, "所在地": "岐阜県大垣市桧町笠毛６６９－１", "緯度": 35.360227, "経度": 136.582606, "url": "https://www.iryou.teikyouseido.mhlw.go.jp/znk-web/juminkanja/S2430/initialize?prefCd=21&kikanCd=2101030067&kikanKbn=5", "url2": null, "内容": "（有）中野薬局大垣店【5:薬局】岐阜県大垣市桧町笠毛６６９－１" }, "geometry": { "type": "Point", "coordinates": [ 136.582606, 35.360227 ] } },
{ "type": "Feature", "properties": { "ID": 2152101030068, "正式名称": "林薬局", "機関区分": 5, "都道府県コード": 21, "市区町村コード": 202, "所在地": "岐阜県大垣市長松町１２２４の１", "緯度": 35.36316, "経度": 136.56873, "url": "https://www.iryou.teikyouseido.mhlw.go.jp/znk-web/juminkanja/S2430/initialize?prefCd=21&kikanCd=2101030068&kikanKbn=5", "url2": "http://riepyon.net/", "内容": "林薬局【5:薬局】岐阜県大垣市長松町１２２４の１" }, "geometry": { "type": "Point", "coordinates": [ 136.56873, 35.36316 ] } },
{ "type": "Feature", "properties": { "ID": 2152101030076, "正式名称": "ユタカ調剤薬局　新田", "機関区分": 5, "都道府県コード": 21, "市区町村コード": 202, "所在地": "岐阜県大垣市新田町１－１２", "緯度": 35.343855, "経度": 136.626869, "url": "https://www.iryou.teikyouseido.mhlw.go.jp/znk-web/juminkanja/S2430/initialize?prefCd=21&kikanCd=2101030076&kikanKbn=5", "url2": "http://www.d-yutaka.co.jp/home/shop/shop_view.asp?id=4", "内容": "ユタカ調剤薬局　新田【5:薬局】岐阜県大垣市新田町１－１２" }, "geometry": { "type": "Point", "coordinates": [ 136.626869, 35.343855 ] } },
{ "type": "Feature", "properties": { "ID": 2152101030087, "正式名称": "杉﨑薬局", "機関区分": 5, "都道府県コード": 21, "市区町村コード": 202, "所在地": "岐阜県大垣市赤坂町４０２１", "緯度": 35.390145, "経度": 136.579498, "url": "https://www.iryou.teikyouseido.mhlw.go.jp/znk-web/juminkanja/S2430/initialize?prefCd=21&kikanCd=2101030087&kikanKbn=5", "url2": null, "内容": "杉﨑薬局【5:薬局】岐阜県大垣市赤坂町４０２１" }, "geometry": { "type": "Point", "coordinates": [ 136.579498, 35.390145 ] } },
{ "type": "Feature", "properties": { "ID": 2152101030092, "正式名称": "ハーモニー調剤薬局　桐ヶ崎店", "機関区分": 5, "都道府県コード": 21, "市区町村コード": 202, "所在地": "岐阜県大垣市桐ケ崎町４４番", "緯度": 35.364553, "経度": 136.614914, "url": "https://www.iryou.teikyouseido.mhlw.go.jp/znk-web/juminkanja/S2430/initialize?prefCd=21&kikanCd=2101030092&kikanKbn=5", "url2": "https://harmony-gifu.com/company/", "内容": "ハーモニー調剤薬局　桐ヶ崎店【5:薬局】岐阜県大垣市桐ケ崎町４４番" }, "geometry": { "type": "Point", "coordinates": [ 136.614914, 35.364553 ] } },
{ "type": "Feature", "properties": { "ID": 2152101030097, "正式名称": "ラブダイイチ東薬局", "機関区分": 5, "都道府県コード": 21, "市区町村コード": 202, "所在地": "岐阜県大垣市東町２丁目１番地１", "緯度": 35.368829, "経度": 136.649753, "url": "https://www.iryou.teikyouseido.mhlw.go.jp/znk-web/juminkanja/S2430/initialize?prefCd=21&kikanCd=2101030097&kikanKbn=5", "url2": "http://www.ody.co.jp", "内容": "ラブダイイチ東薬局【5:薬局】岐阜県大垣市東町２丁目１番地１" }, "geometry": { "type": "Point", "coordinates": [ 136.649753, 35.368829 ] } },
{ "type": "Feature", "properties": { "ID": 2152101030100, "正式名称": "豊田薬局安八店", "機関区分": 5, "都道府県コード": 21, "市区町村コード": 383, "所在地": "岐阜県安八郡安八町南今ケ渕４８０−１", "緯度": 35.336475, "経度": 136.668534, "url": "https://www.iryou.teikyouseido.mhlw.go.jp/znk-web/juminkanja/S2430/initialize?prefCd=21&kikanCd=2101030100&kikanKbn=5", "url2": null, "内容": "豊田薬局安八店【5:薬局】岐阜県安八郡安八町南今ケ渕４８０−１" }, "geometry": { "type": "Point", "coordinates": [ 136.668534, 35.336475 ] } },
{ "type": "Feature", "properties": { "ID": 2152101030102, "正式名称": "三輪薬局小池店", "機関区分": 5, "都道府県コード": 21, "市区町村コード": 362, "所在地": "岐阜県不破郡関ケ原町９７７－８", "緯度": 35.367768, "経度": 136.462092, "url": "https://www.iryou.teikyouseido.mhlw.go.jp/znk-web/juminkanja/S2430/initialize?prefCd=21&kikanCd=2101030102&kikanKbn=5", "url2": null, "内容": "三輪薬局小池店【5:薬局】岐阜県不破郡関ケ原町９７７－８" }, "geometry": { "type": "Point", "coordinates": [ 136.462092, 35.367768 ] } },
{ "type": "Feature", "properties": { "ID": 2152101030103, "正式名称": "小島大黒堂薬局", "機関区分": 5, "都道府県コード": 21, "市区町村コード": 221, "所在地": "岐阜県海津市平田町三郷１１９０", "緯度": 35.262213, "経度": 136.6457, "url": "https://www.iryou.teikyouseido.mhlw.go.jp/znk-web/juminkanja/S2430/initialize?prefCd=21&kikanCd=2101030103&kikanKbn=5", "url2": null, "内容": "小島大黒堂薬局【5:薬局】岐阜県海津市平田町三郷１１９０" }, "geometry": { "type": "Point", "coordinates": [ 136.6457, 35.262213 ] } },
{ "type": "Feature", "properties": { "ID": 2152101030105, "正式名称": "ユタカ調剤薬局養老", "機関区分": 5, "都道府県コード": 21, "市区町村コード": 341, "所在地": "岐阜県養老郡養老町押越村前１２３７－４", "緯度": 35.302678, "経度": 136.55491, "url": "https://www.iryou.teikyouseido.mhlw.go.jp/znk-web/juminkanja/S2430/initialize?prefCd=21&kikanCd=2101030105&kikanKbn=5", "url2": "http://www.d-yutaka.co.jp/home/shop/shop_view.asp?id=8", "内容": "ユタカ調剤薬局養老【5:薬局】岐阜県養老郡養老町押越村前１２３７－４" }, "geometry": { "type": "Point", "coordinates": [ 136.55491, 35.302678 ] } },
{ "type": "Feature", "properties": { "ID": 2152101030108, "正式名称": "おおはし薬局旭町店", "機関区分": 5, "都道府県コード": 21, "市区町村コード": 202, "所在地": "岐阜県大垣市旭町８－１１", "緯度": 35.359535, "経度": 136.634069, "url": "https://www.iryou.teikyouseido.mhlw.go.jp/znk-web/juminkanja/S2430/initialize?prefCd=21&kikanCd=2101030108&kikanKbn=5", "url2": "https://www.ohashi-d.co.jp/", "内容": "おおはし薬局旭町店【5:薬局】岐阜県大垣市旭町８－１１" }, "geometry": { "type": "Point", "coordinates": [ 136.634069, 35.359535 ] } },
{ "type": "Feature", "properties": { "ID": 2152101030110, "正式名称": "大垣北調剤薬局", "機関区分": 5, "都道府県コード": 21, "市区町村コード": 202, "所在地": "岐阜県大垣市領家町", "緯度": 35.385656, "経度": 136.618372, "url": "https://www.iryou.teikyouseido.mhlw.go.jp/znk-web/juminkanja/S2430/initialize?prefCd=21&kikanCd=2101030110&kikanKbn=5", "url2": "https://yakkenogakikita.wixsite.com/kita3/", "内容": "大垣北調剤薬局【5:薬局】岐阜県大垣市領家町" }, "geometry": { "type": "Point", "coordinates": [ 136.618372, 35.385656 ] } },
{ "type": "Feature", "properties": { "ID": 2152101030111, "正式名称": "漢方の喜望堂薬局", "機関区分": 5, "都道府県コード": 21, "市区町村コード": 202, "所在地": "岐阜県大垣市丸の内１－３１", "緯度": 35.362832, "経度": 136.613618, "url": "https://www.iryou.teikyouseido.mhlw.go.jp/znk-web/juminkanja/S2430/initialize?prefCd=21&kikanCd=2101030111&kikanKbn=5", "url2": "https://www.kibodo-kanpo.com/", "内容": "漢方の喜望堂薬局【5:薬局】岐阜県大垣市丸の内１－３１" }, "geometry": { "type": "Point", "coordinates": [ 136.613618, 35.362832 ] } },
{ "type": "Feature", "properties": { "ID": 2152101030112, "正式名称": "ないき調剤薬局", "機関区分": 5, "都道府県コード": 21, "市区町村コード": 221, "所在地": "岐阜県海津市海津町内記２０７－３", "緯度": 35.216745, "経度": 136.648646, "url": "https://www.iryou.teikyouseido.mhlw.go.jp/znk-web/juminkanja/S2430/initialize?prefCd=21&kikanCd=2101030112&kikanKbn=5", "url2": null, "内容": "ないき調剤薬局【5:薬局】岐阜県海津市海津町内記２０７－３" }, "geometry": { "type": "Point", "coordinates": [ 136.648646, 35.216745 ] } },
{ "type": "Feature", "properties": { "ID": 2152101030115, "正式名称": "金の鈴薬局　安八店", "機関区分": 5, "都道府県コード": 21, "市区町村コード": 383, "所在地": "岐阜県安八郡安八町東結１５２０－１", "緯度": 35.360388, "経度": 136.667686, "url": "https://www.iryou.teikyouseido.mhlw.go.jp/znk-web/juminkanja/S2430/initialize?prefCd=21&kikanCd=2101030115&kikanKbn=5", "url2": "medilop.co.jp", "内容": "金の鈴薬局　安八店【5:薬局】岐阜県安八郡安八町東結１５２０－１" }, "geometry": { "type": "Point", "coordinates": [ 136.667686, 35.360388 ] } },
{ "type": "Feature", "properties": { "ID": 2152101030118, "正式名称": "イノウエ漢方薬局", "機関区分": 5, "都道府県コード": 21, "市区町村コード": 341, "所在地": "岐阜県養老郡養老町押越５１９－４", "緯度": 35.302626, "経度": 136.558398, "url": "https://www.iryou.teikyouseido.mhlw.go.jp/znk-web/juminkanja/S2430/initialize?prefCd=21&kikanCd=2101030118&kikanKbn=5", "url2": null, "内容": "イノウエ漢方薬局【5:薬局】岐阜県養老郡養老町押越５１９－４" }, "geometry": { "type": "Point", "coordinates": [ 136.558398, 35.302626 ] } },
{ "type": "Feature", "properties": { "ID": 2152101030128, "正式名称": "合資会社　キク薬局", "機関区分": 5, "都道府県コード": 21, "市区町村コード": 202, "所在地": "岐阜県大垣市郭町東２－８５", "緯度": 35.360263, "経度": 136.61761, "url": "https://www.iryou.teikyouseido.mhlw.go.jp/znk-web/juminkanja/S2430/initialize?prefCd=21&kikanCd=2101030128&kikanKbn=5", "url2": null, "内容": "合資会社　キク薬局【5:薬局】岐阜県大垣市郭町東２－８５" }, "geometry": { "type": "Point", "coordinates": [ 136.61761, 35.360263 ] } },
{ "type": "Feature", "properties": { "ID": 2152101030133, "正式名称": "ユニスマイル薬局垂井店", "機関区分": 5, "都道府県コード": 21, "市区町村コード": 361, "所在地": "岐阜県不破郡垂井町杢録２２１０番４５", "緯度": 35.372543, "経度": 136.53823, "url": "https://www.iryou.teikyouseido.mhlw.go.jp/znk-web/juminkanja/S2430/initialize?prefCd=21&kikanCd=2101030133&kikanKbn=5", "url2": "https://www.unismile.co.jp", "内容": "ユニスマイル薬局垂井店【5:薬局】岐阜県不破郡垂井町杢録２２１０番４５" }, "geometry": { "type": "Point", "coordinates": [ 136.53823, 35.372543 ] } },
{ "type": "Feature", "properties": { "ID": 2152101030134, "正式名称": "たんぽぽ薬局　垂井店", "機関区分": 5, "都道府県コード": 21, "市区町村コード": 361, "所在地": "岐阜県不破郡垂井町２２１０番４５", "緯度": 35.372594, "経度": 136.538102, "url": "https://www.iryou.teikyouseido.mhlw.go.jp/znk-web/juminkanja/S2430/initialize?prefCd=21&kikanCd=2101030134&kikanKbn=5", "url2": "http://www.tanpopo-ph.co.jp/", "内容": "たんぽぽ薬局　垂井店【5:薬局】岐阜県不破郡垂井町２２１０番４５" }, "geometry": { "type": "Point", "coordinates": [ 136.538102, 35.372594 ] } },
{ "type": "Feature", "properties": { "ID": 2152101030136, "正式名称": "ヒグチ薬局", "機関区分": 5, "都道府県コード": 21, "市区町村コード": 361, "所在地": "岐阜県不破郡垂井町表佐５１６番地の１", "緯度": 35.366, "経度": 136.543834, "url": "https://www.iryou.teikyouseido.mhlw.go.jp/znk-web/juminkanja/S2430/initialize?prefCd=21&kikanCd=2101030136&kikanKbn=5", "url2": null, "内容": "ヒグチ薬局【5:薬局】岐阜県不破郡垂井町表佐５１６番地の１" }, "geometry": { "type": "Point", "coordinates": [ 136.543834, 35.366 ] } },
{ "type": "Feature", "properties": { "ID": 2152101030140, "正式名称": "イオン薬局　大垣店", "機関区分": 5, "都道府県コード": 21, "市区町村コード": 202, "所在地": "岐阜県大垣市外野２丁目１００番地", "緯度": 35.336776, "経度": 136.613474, "url": "https://www.iryou.teikyouseido.mhlw.go.jp/znk-web/juminkanja/S2430/initialize?prefCd=21&kikanCd=2101030140&kikanKbn=5", "url2": null, "内容": "イオン薬局　大垣店【5:薬局】岐阜県大垣市外野２丁目１００番地" }, "geometry": { "type": "Point", "coordinates": [ 136.613474, 35.336776 ] } },
{ "type": "Feature", "properties": { "ID": 2152101030143, "正式名称": "スギ薬局　垂井店", "機関区分": 5, "都道府県コード": 21, "市区町村コード": 361, "所在地": "岐阜県不破郡垂井町字追分２２８６－１", "緯度": 35.373421, "経度": 136.53507, "url": "https://www.iryou.teikyouseido.mhlw.go.jp/znk-web/juminkanja/S2430/initialize?prefCd=21&kikanCd=2101030143&kikanKbn=5", "url2": "http://www.drug-sugi.co.jp/", "内容": "スギ薬局　垂井店【5:薬局】岐阜県不破郡垂井町字追分２２８６－１" }, "geometry": { "type": "Point", "coordinates": [ 136.53507, 35.373421 ] } },
{ "type": "Feature", "properties": { "ID": 2152101030144, "正式名称": "スギ薬局　中野店", "機関区分": 5, "都道府県コード": 21, "市区町村コード": 202, "所在地": "岐阜県大垣市中野町３－４", "緯度": 35.385112, "経度": 136.606187, "url": "https://www.iryou.teikyouseido.mhlw.go.jp/znk-web/juminkanja/S2430/initialize?prefCd=21&kikanCd=2101030144&kikanKbn=5", "url2": "http://www.drug-sugi.co.jp/", "内容": "スギ薬局　中野店【5:薬局】岐阜県大垣市中野町３－４" }, "geometry": { "type": "Point", "coordinates": [ 136.606187, 35.385112 ] } },
{ "type": "Feature", "properties": { "ID": 2152101030148, "正式名称": "いちご薬局", "機関区分": 5, "都道府県コード": 21, "市区町村コード": 202, "所在地": "岐阜県大垣市友江２－１２８", "緯度": 35.32399, "経度": 136.604441, "url": "https://www.iryou.teikyouseido.mhlw.go.jp/znk-web/juminkanja/S2430/initialize?prefCd=21&kikanCd=2101030148&kikanKbn=5", "url2": null, "内容": "いちご薬局【5:薬局】岐阜県大垣市友江２－１２８" }, "geometry": { "type": "Point", "coordinates": [ 136.604441, 35.32399 ] } },
{ "type": "Feature", "properties": { "ID": 2152101030153, "正式名称": "さくら薬局　海津店", "機関区分": 5, "都道府県コード": 21, "市区町村コード": 221, "所在地": "岐阜県海津市海津町福江６５６‐１", "緯度": 35.172629, "経度": 136.661069, "url": "https://www.iryou.teikyouseido.mhlw.go.jp/znk-web/juminkanja/S2430/initialize?prefCd=21&kikanCd=2101030153&kikanKbn=5", "url2": "http://www.kraft-net.co.jp/search/3502/", "内容": "さくら薬局　海津店【5:薬局】岐阜県海津市海津町福江６５６‐１" }, "geometry": { "type": "Point", "coordinates": [ 136.661069, 35.172629 ] } },
{ "type": "Feature", "properties": { "ID": 2152101030154, "正式名称": "シノダ薬局　大垣店", "機関区分": 5, "都道府県コード": 21, "市区町村コード": 202, "所在地": "岐阜県大垣市和合新町１−７８−３", "緯度": 35.373957, "経度": 136.651506, "url": "https://www.iryou.teikyouseido.mhlw.go.jp/znk-web/juminkanja/S2430/initialize?prefCd=21&kikanCd=2101030154&kikanKbn=5", "url2": "http://www.keyaki-namiki.jp/kusuri.html", "内容": "シノダ薬局　大垣店【5:薬局】岐阜県大垣市和合新町１−７８−３" }, "geometry": { "type": "Point", "coordinates": [ 136.651506, 35.373957 ] } },
{ "type": "Feature", "properties": { "ID": 2152101030155, "正式名称": "こころ調剤薬局　大垣店", "機関区分": 5, "都道府県コード": 21, "市区町村コード": 202, "所在地": "岐阜県大垣市小野３丁目９３番地４", "緯度": 35.367251, "経度": 136.643588, "url": "https://www.iryou.teikyouseido.mhlw.go.jp/znk-web/juminkanja/S2430/initialize?prefCd=21&kikanCd=2101030155&kikanKbn=5", "url2": "https://kkkokoro.com", "内容": "こころ調剤薬局　大垣店【5:薬局】岐阜県大垣市小野３丁目９３番地４" }, "geometry": { "type": "Point", "coordinates": [ 136.643588, 35.367251 ] } },
{ "type": "Feature", "properties": { "ID": 2152101030156, "正式名称": "しろくま薬局", "機関区分": 5, "都道府県コード": 21, "市区町村コード": 202, "所在地": "岐阜県大垣市北切石町３丁目１番地２", "緯度": 35.359655, "経度": 136.606094, "url": "https://www.iryou.teikyouseido.mhlw.go.jp/znk-web/juminkanja/S2430/initialize?prefCd=21&kikanCd=2101030156&kikanKbn=5", "url2": null, "内容": "しろくま薬局【5:薬局】岐阜県大垣市北切石町３丁目１番地２" }, "geometry": { "type": "Point", "coordinates": [ 136.606094, 35.359655 ] } },
{ "type": "Feature", "properties": { "ID": 2152101030157, "正式名称": "ユタカ薬局大垣旭町", "機関区分": 5, "都道府県コード": 21, "市区町村コード": 202, "所在地": "岐阜県大垣市旭町２丁目２番地", "緯度": 35.359709, "経度": 136.62603, "url": "https://www.iryou.teikyouseido.mhlw.go.jp/znk-web/juminkanja/S2430/initialize?prefCd=21&kikanCd=2101030157&kikanKbn=5", "url2": "https://www.d-yutaka.co.jp/shop/233.html", "内容": "ユタカ薬局大垣旭町【5:薬局】岐阜県大垣市旭町２丁目２番地" }, "geometry": { "type": "Point", "coordinates": [ 136.62603, 35.359709 ] } },
{ "type": "Feature", "properties": { "ID": 2152101030158, "正式名称": "ハーモニー調剤薬局宮代店", "機関区分": 5, "都道府県コード": 21, "市区町村コード": 361, "所在地": "岐阜県不破郡垂井町宮代１６７４－１", "緯度": 35.360134, "経度": 136.527563, "url": "https://www.iryou.teikyouseido.mhlw.go.jp/znk-web/juminkanja/S2430/initialize?prefCd=21&kikanCd=2101030158&kikanKbn=5", "url2": "https://harmony-gifu.com/company/", "内容": "ハーモニー調剤薬局宮代店【5:薬局】岐阜県不破郡垂井町宮代１６７４－１" }, "geometry": { "type": "Point", "coordinates": [ 136.527563, 35.360134 ] } },
{ "type": "Feature", "properties": { "ID": 2152101030164, "正式名称": "ひない調剤薬局", "機関区分": 5, "都道府県コード": 21, "市区町村コード": 202, "所在地": "岐阜県大垣市青墓町１－１３３－１", "緯度": 35.383316, "経度": 136.564866, "url": "https://www.iryou.teikyouseido.mhlw.go.jp/znk-web/juminkanja/S2430/initialize?prefCd=21&kikanCd=2101030164&kikanKbn=5", "url2": "https://www.hars.co.jp", "内容": "ひない調剤薬局【5:薬局】岐阜県大垣市青墓町１－１３３－１" }, "geometry": { "type": "Point", "coordinates": [ 136.564866, 35.383316 ] } },
{ "type": "Feature", "properties": { "ID": 2152101030166, "正式名称": "ケンコー薬局　はやし町店", "機関区分": 5, "都道府県コード": 21, "市区町村コード": 202, "所在地": "岐阜県大垣市林町１０丁目７２番３", "緯度": 35.376939, "経度": 136.618697, "url": "https://www.iryou.teikyouseido.mhlw.go.jp/znk-web/juminkanja/S2430/initialize?prefCd=21&kikanCd=2101030166&kikanKbn=5", "url2": null, "内容": "ケンコー薬局　はやし町店【5:薬局】岐阜県大垣市林町１０丁目７２番３" }, "geometry": { "type": "Point", "coordinates": [ 136.618697, 35.376939 ] } },
{ "type": "Feature", "properties": { "ID": 2152101030167, "正式名称": "中日調剤薬局　寺内店", "機関区分": 5, "都道府県コード": 21, "市区町村コード": 202, "所在地": "岐阜県大垣市寺内町３丁目６２番地４", "緯度": 35.35569, "経度": 136.615657, "url": "https://www.iryou.teikyouseido.mhlw.go.jp/znk-web/juminkanja/S2430/initialize?prefCd=21&kikanCd=2101030167&kikanKbn=5", "url2": null, "内容": "中日調剤薬局　寺内店【5:薬局】岐阜県大垣市寺内町３丁目６２番地４" }, "geometry": { "type": "Point", "coordinates": [ 136.615657, 35.35569 ] } },
{ "type": "Feature", "properties": { "ID": 2152101030168, "正式名称": "まもる薬局", "機関区分": 5, "都道府県コード": 21, "市区町村コード": 382, "所在地": "岐阜県安八郡輪之内町大吉新田１０７６番１", "緯度": 35.268088, "経度": 136.616243, "url": "https://www.iryou.teikyouseido.mhlw.go.jp/znk-web/juminkanja/S2430/initialize?prefCd=21&kikanCd=2101030168&kikanKbn=5", "url2": null, "内容": "まもる薬局【5:薬局】岐阜県安八郡輪之内町大吉新田１０７６番１" }, "geometry": { "type": "Point", "coordinates": [ 136.616243, 35.268088 ] } },
{ "type": "Feature", "properties": { "ID": 2152101030169, "正式名称": "エース薬局　船附店", "機関区分": 5, "都道府県コード": 21, "市区町村コード": 341, "所在地": "岐阜県養老郡養老町船附中代１３４３", "緯度": 35.283876, "経度": 136.600909, "url": "https://www.iryou.teikyouseido.mhlw.go.jp/znk-web/juminkanja/S2430/initialize?prefCd=21&kikanCd=2101030169&kikanKbn=5", "url2": "www.seiyou.co.jp/yakkyoku.html", "内容": "エース薬局　船附店【5:薬局】岐阜県養老郡養老町船附中代１３４３" }, "geometry": { "type": "Point", "coordinates": [ 136.600909, 35.283876 ] } },
{ "type": "Feature", "properties": { "ID": 2152101030171, "正式名称": "さくら薬局　大垣稲葉店", "機関区分": 5, "都道府県コード": 21, "市区町村コード": 202, "所在地": "岐阜県大垣市稲葉東三丁目１７番地", "緯度": 35.375304, "経度": 136.554809, "url": "https://www.iryou.teikyouseido.mhlw.go.jp/znk-web/juminkanja/S2430/initialize?prefCd=21&kikanCd=2101030171&kikanKbn=5", "url2": "http://www.kraft-net.co.jp/sakura/store/3650/", "内容": "さくら薬局　大垣稲葉店【5:薬局】岐阜県大垣市稲葉東三丁目１７番地" }, "geometry": { "type": "Point", "coordinates": [ 136.554809, 35.375304 ] } },
{ "type": "Feature", "properties": { "ID": 2152101030173, "正式名称": "赤坂調剤薬局", "機関区分": 5, "都道府県コード": 21, "市区町村コード": 202, "所在地": "岐阜県大垣市赤坂新田１－１３４－２", "緯度": 35.385737, "経度": 136.587331, "url": "https://www.iryou.teikyouseido.mhlw.go.jp/znk-web/juminkanja/S2430/initialize?prefCd=21&kikanCd=2101030173&kikanKbn=5", "url2": "http://www.trinitygroup.co.jp", "内容": "赤坂調剤薬局【5:薬局】岐阜県大垣市赤坂新田１－１３４－２" }, "geometry": { "type": "Point", "coordinates": [ 136.587331, 35.385737 ] } },
{ "type": "Feature", "properties": { "ID": 2152101030177, "正式名称": "なもり薬局", "機関区分": 5, "都道府県コード": 21, "市区町村コード": 383, "所在地": "岐阜県安八郡安八町城２丁目４７", "緯度": 35.331841, "経度": 136.659463, "url": "https://www.iryou.teikyouseido.mhlw.go.jp/znk-web/juminkanja/S2430/initialize?prefCd=21&kikanCd=2101030177&kikanKbn=5", "url2": "http://www.seiko-pharma.com/", "内容": "なもり薬局【5:薬局】岐阜県安八郡安八町城２丁目４７" }, "geometry": { "type": "Point", "coordinates": [ 136.659463, 35.331841 ] } },
{ "type": "Feature", "properties": { "ID": 2152101030178, "正式名称": "綾里薬局", "機関区分": 5, "都道府県コード": 21, "市区町村コード": 202, "所在地": "岐阜県大垣市綾野５丁目３１番地５", "緯度": 35.339209, "経度": 136.584906, "url": "https://www.iryou.teikyouseido.mhlw.go.jp/znk-web/juminkanja/S2430/initialize?prefCd=21&kikanCd=2101030178&kikanKbn=5", "url2": null, "内容": "綾里薬局【5:薬局】岐阜県大垣市綾野５丁目３１番地５" }, "geometry": { "type": "Point", "coordinates": [ 136.584906, 35.339209 ] } },
{ "type": "Feature", "properties": { "ID": 2152101030179, "正式名称": "バイパス調剤薬局", "機関区分": 5, "都道府県コード": 21, "市区町村コード": 202, "所在地": "岐阜県大垣市中野町５丁目４２１番地１", "緯度": 35.378831, "経度": 136.6107, "url": "https://www.iryou.teikyouseido.mhlw.go.jp/znk-web/juminkanja/S2430/initialize?prefCd=21&kikanCd=2101030179&kikanKbn=5", "url2": "http://www.trinitygroup.co.jp", "内容": "バイパス調剤薬局【5:薬局】岐阜県大垣市中野町５丁目４２１番地１" }, "geometry": { "type": "Point", "coordinates": [ 136.6107, 35.378831 ] } },
{ "type": "Feature", "properties": { "ID": 2152101030180, "正式名称": "ピノキオ薬局　三津屋店", "機関区分": 5, "都道府県コード": 21, "市区町村コード": 202, "所在地": "岐阜県大垣市三津屋町５丁目１番５", "緯度": 35.392797, "経度": 136.616978, "url": "https://www.iryou.teikyouseido.mhlw.go.jp/znk-web/juminkanja/S2430/initialize?prefCd=21&kikanCd=2101030180&kikanKbn=5", "url2": "http://www.pinokio-pharmacy.jp", "内容": "ピノキオ薬局　三津屋店【5:薬局】岐阜県大垣市三津屋町５丁目１番５" }, "geometry": { "type": "Point", "coordinates": [ 136.616978, 35.392797 ] } },
{ "type": "Feature", "properties": { "ID": 2152101030181, "正式名称": "クスリのアオキ中野薬局", "機関区分": 5, "都道府県コード": 21, "市区町村コード": 202, "所在地": "岐阜県大垣市中野町３丁目３６番地", "緯度": 35.383095, "経度": 136.606221, "url": "https://www.iryou.teikyouseido.mhlw.go.jp/znk-web/juminkanja/S2430/initialize?prefCd=21&kikanCd=2101030181&kikanKbn=5", "url2": "https://www.kusuri-aoki.co.jp/", "内容": "クスリのアオキ中野薬局【5:薬局】岐阜県大垣市中野町３丁目３６番地" }, "geometry": { "type": "Point", "coordinates": [ 136.606221, 35.383095 ] } },
{ "type": "Feature", "properties": { "ID": 2152101030184, "正式名称": "サンセイ調剤薬局　神戸店", "機関区分": 5, "都道府県コード": 21, "市区町村コード": 381, "所在地": "岐阜県安八郡神戸町神戸９６７－１", "緯度": 35.421438, "経度": 136.610355, "url": "https://www.iryou.teikyouseido.mhlw.go.jp/znk-web/juminkanja/S2430/initialize?prefCd=21&kikanCd=2101030184&kikanKbn=5", "url2": "www.sansei.com", "内容": "サンセイ調剤薬局　神戸店【5:薬局】岐阜県安八郡神戸町神戸９６７－１" }, "geometry": { "type": "Point", "coordinates": [ 136.610355, 35.421438 ] } },
{ "type": "Feature", "properties": { "ID": 2152101030185, "正式名称": "しょうなん調剤薬局　輪之内店", "機関区分": 5, "都道府県コード": 21, "市区町村コード": 382, "所在地": "岐阜県安八郡輪之内町下大榑新田字小坪４２７番８", "緯度": 35.272663, "経度": 136.631325, "url": "https://www.iryou.teikyouseido.mhlw.go.jp/znk-web/juminkanja/S2430/initialize?prefCd=21&kikanCd=2101030185&kikanKbn=5", "url2": null, "内容": "しょうなん調剤薬局　輪之内店【5:薬局】岐阜県安八郡輪之内町下大榑新田字小坪４２７番８" }, "geometry": { "type": "Point", "coordinates": [ 136.631325, 35.272663 ] } },
{ "type": "Feature", "properties": { "ID": 2152101030186, "正式名称": "しょうなん調剤薬局　神戸店", "機関区分": 5, "都道府県コード": 21, "市区町村コード": 381, "所在地": "岐阜県安八郡神戸町神戸１７０６－１", "緯度": 35.414388, "経度": 136.604575, "url": "https://www.iryou.teikyouseido.mhlw.go.jp/znk-web/juminkanja/S2430/initialize?prefCd=21&kikanCd=2101030186&kikanKbn=5", "url2": "http://syounan-goudo.jp", "内容": "しょうなん調剤薬局　神戸店【5:薬局】岐阜県安八郡神戸町神戸１７０６－１" }, "geometry": { "type": "Point", "coordinates": [ 136.604575, 35.414388 ] } },
{ "type": "Feature", "properties": { "ID": 2152101030188, "正式名称": "さくら薬局　大垣東前店", "機関区分": 5, "都道府県コード": 21, "市区町村コード": 202, "所在地": "岐阜県大垣市東前三丁目４番地２", "緯度": 35.348512, "経度": 136.633836, "url": "https://www.iryou.teikyouseido.mhlw.go.jp/znk-web/juminkanja/S2430/initialize?prefCd=21&kikanCd=2101030188&kikanKbn=5", "url2": "http://www.kraft-net.co.jp/sakura/store/3778", "内容": "さくら薬局　大垣東前店【5:薬局】岐阜県大垣市東前三丁目４番地２" }, "geometry": { "type": "Point", "coordinates": [ 136.633836, 35.348512 ] } },
{ "type": "Feature", "properties": { "ID": 2152101030189, "正式名称": "貴船薬局　平田店", "機関区分": 5, "都道府県コード": 21, "市区町村コード": 221, "所在地": "岐阜県海津市平田町三郷６２３－１", "緯度": 35.257483, "経度": 136.639647, "url": "https://www.iryou.teikyouseido.mhlw.go.jp/znk-web/juminkanja/S2430/initialize?prefCd=21&kikanCd=2101030189&kikanKbn=5", "url2": "http://tai-yu.co.jp/", "内容": "貴船薬局　平田店【5:薬局】岐阜県海津市平田町三郷６２３－１" }, "geometry": { "type": "Point", "coordinates": [ 136.639647, 35.257483 ] } },
{ "type": "Feature", "properties": { "ID": 2152101030190, "正式名称": "大和屋薬局", "機関区分": 5, "都道府県コード": 21, "市区町村コード": 221, "所在地": "岐阜県海津市平田町今尾３０４１", "緯度": 35.250898, "経度": 136.626173, "url": "https://www.iryou.teikyouseido.mhlw.go.jp/znk-web/juminkanja/S2430/initialize?prefCd=21&kikanCd=2101030190&kikanKbn=5", "url2": "https://sites.google.com/view/yamatoya365/%E3%83%9B%E3%83%BC%E3%83%A0", "内容": "大和屋薬局【5:薬局】岐阜県海津市平田町今尾３０４１" }, "geometry": { "type": "Point", "coordinates": [ 136.626173, 35.250898 ] } },
{ "type": "Feature", "properties": { "ID": 2152101030191, "正式名称": "割田薬局", "機関区分": 5, "都道府県コード": 21, "市区町村コード": 202, "所在地": "岐阜県大垣市割田２丁目１３３番地１", "緯度": 35.341461, "経度": 136.606727, "url": "https://www.iryou.teikyouseido.mhlw.go.jp/znk-web/juminkanja/S2430/initialize?prefCd=21&kikanCd=2101030191&kikanKbn=5", "url2": null, "内容": "割田薬局【5:薬局】岐阜県大垣市割田２丁目１３３番地１" }, "geometry": { "type": "Point", "coordinates": [ 136.606727, 35.341461 ] } },
{ "type": "Feature", "properties": { "ID": 2152101030194, "正式名称": "ももの木薬局", "機関区分": 5, "都道府県コード": 21, "市区町村コード": 381, "所在地": "岐阜県安八郡神戸町北一色５８２－３", "緯度": 35.42807, "経度": 136.595932, "url": "https://www.iryou.teikyouseido.mhlw.go.jp/znk-web/juminkanja/S2430/initialize?prefCd=21&kikanCd=2101030194&kikanKbn=5", "url2": null, "内容": "ももの木薬局【5:薬局】岐阜県安八郡神戸町北一色５８２－３" }, "geometry": { "type": "Point", "coordinates": [ 136.595932, 35.42807 ] } },
{ "type": "Feature", "properties": { "ID": 2152101030196, "正式名称": "ホップきどまち薬局", "機関区分": 5, "都道府県コード": 21, "市区町村コード": 202, "所在地": "岐阜県大垣市木戸町２丁目７９番地", "緯度": 35.366745, "経度": 136.606553, "url": "https://www.iryou.teikyouseido.mhlw.go.jp/znk-web/juminkanja/S2430/initialize?prefCd=21&kikanCd=2101030196&kikanKbn=5", "url2": "daigakudo-hop.com", "内容": "ホップきどまち薬局【5:薬局】岐阜県大垣市木戸町２丁目７９番地" }, "geometry": { "type": "Point", "coordinates": [ 136.606553, 35.366745 ] } },
{ "type": "Feature", "properties": { "ID": 2152101030200, "正式名称": "アイセイ薬局　南濃店", "機関区分": 5, "都道府県コード": 21, "市区町村コード": 221, "所在地": "岐阜県海津市南濃町松山１９５－１", "緯度": 35.161964, "経度": 136.630771, "url": "https://www.iryou.teikyouseido.mhlw.go.jp/znk-web/juminkanja/S2430/initialize?prefCd=21&kikanCd=2101030200&kikanKbn=5", "url2": "http://www.aisei.co.jp/", "内容": "アイセイ薬局　南濃店【5:薬局】岐阜県海津市南濃町松山１９５－１" }, "geometry": { "type": "Point", "coordinates": [ 136.630771, 35.161964 ] } },
{ "type": "Feature", "properties": { "ID": 2152101030202, "正式名称": "アイセイ薬局　大垣赤坂新田店", "機関区分": 5, "都道府県コード": 21, "市区町村コード": 202, "所在地": "岐阜県大垣市赤坂新田一丁目７２番２", "緯度": 35.382575, "経度": 136.586379, "url": "https://www.iryou.teikyouseido.mhlw.go.jp/znk-web/juminkanja/S2430/initialize?prefCd=21&kikanCd=2101030202&kikanKbn=5", "url2": "www.aisei.co.jp", "内容": "アイセイ薬局　大垣赤坂新田店【5:薬局】岐阜県大垣市赤坂新田一丁目７２番２" }, "geometry": { "type": "Point", "coordinates": [ 136.586379, 35.382575 ] } },
{ "type": "Feature", "properties": { "ID": 2152101030203, "正式名称": "アピス薬局　大垣店", "機関区分": 5, "都道府県コード": 21, "市区町村コード": 202, "所在地": "岐阜県大垣市禾森町５－５０", "緯度": 35.350847, "経度": 136.622276, "url": "https://www.iryou.teikyouseido.mhlw.go.jp/znk-web/juminkanja/S2430/initialize?prefCd=21&kikanCd=2101030203&kikanKbn=5", "url2": "https://www.mychyoo.com", "内容": "アピス薬局　大垣店【5:薬局】岐阜県大垣市禾森町５－５０" }, "geometry": { "type": "Point", "coordinates": [ 136.622276, 35.350847 ] } },
{ "type": "Feature", "properties": { "ID": 2152101030204, "正式名称": "瑠璃光薬局", "機関区分": 5, "都道府県コード": 21, "市区町村コード": 341, "所在地": "岐阜県養老郡養老町船附１３４３番地", "緯度": 35.283738, "経度": 136.601078, "url": "https://www.iryou.teikyouseido.mhlw.go.jp/znk-web/juminkanja/S2430/initialize?prefCd=21&kikanCd=2101030204&kikanKbn=5", "url2": "http://tanpopo-ph.co.jp", "内容": "瑠璃光薬局【5:薬局】岐阜県養老郡養老町船附１３４３番地" }, "geometry": { "type": "Point", "coordinates": [ 136.601078, 35.283738 ] } },
{ "type": "Feature", "properties": { "ID": 2152101030206, "正式名称": "かさぬい薬局", "機関区分": 5, "都道府県コード": 21, "市区町村コード": 202, "所在地": "岐阜県大垣市笠縫町字奥屋敷４５９−１", "緯度": 35.377646, "経度": 136.606736, "url": "https://www.iryou.teikyouseido.mhlw.go.jp/znk-web/juminkanja/S2430/initialize?prefCd=21&kikanCd=2101030206&kikanKbn=5", "url2": "http://www.seiko-pharma.com/", "内容": "かさぬい薬局【5:薬局】岐阜県大垣市笠縫町字奥屋敷４５９−１" }, "geometry": { "type": "Point", "coordinates": [ 136.606736, 35.377646 ] } },
{ "type": "Feature", "properties": { "ID": 2152101030208, "正式名称": "なの花薬局関ケ原店", "機関区分": 5, "都道府県コード": 21, "市区町村コード": 362, "所在地": "岐阜県不破郡関ケ原町関ケ原２４９０ー２９", "緯度": 35.359224, "経度": 136.466365, "url": "https://www.iryou.teikyouseido.mhlw.go.jp/znk-web/juminkanja/S2430/initialize?prefCd=21&kikanCd=2101030208&kikanKbn=5", "url2": "http://www.nanohana-ph.jp", "内容": "なの花薬局関ケ原店【5:薬局】岐阜県不破郡関ケ原町関ケ原２４９０ー２９" }, "geometry": { "type": "Point", "coordinates": [ 136.466365, 35.359224 ] } },
{ "type": "Feature", "properties": { "ID": 2152101030215, "正式名称": "おおい調剤薬局", "機関区分": 5, "都道府県コード": 21, "市区町村コード": 202, "所在地": "岐阜県大垣市東前１－５８－２", "緯度": 35.351562, "経度": 136.630261, "url": "https://www.iryou.teikyouseido.mhlw.go.jp/znk-web/juminkanja/S2430/initialize?prefCd=21&kikanCd=2101030215&kikanKbn=5", "url2": null, "内容": "おおい調剤薬局【5:薬局】岐阜県大垣市東前１－５８－２" }, "geometry": { "type": "Point", "coordinates": [ 136.630261, 35.351562 ] } },
{ "type": "Feature", "properties": { "ID": 2152101030216, "正式名称": "クオール薬局ようなん店", "機関区分": 5, "都道府県コード": 21, "市区町村コード": 221, "所在地": "岐阜県海津市南濃町津屋１４９１－４", "緯度": 35.258212, "経度": 136.557309, "url": "https://www.iryou.teikyouseido.mhlw.go.jp/znk-web/juminkanja/S2430/initialize?prefCd=21&kikanCd=2101030216&kikanKbn=5", "url2": "http://www.qol-net.co.jp/", "内容": "クオール薬局ようなん店【5:薬局】岐阜県海津市南濃町津屋１４９１－４" }, "geometry": { "type": "Point", "coordinates": [ 136.557309, 35.258212 ] } },
{ "type": "Feature", "properties": { "ID": 2152101030217, "正式名称": "ムスカリ薬局", "機関区分": 5, "都道府県コード": 21, "市区町村コード": 202, "所在地": "岐阜県大垣市墨俣町上宿字高島８７６ー６", "緯度": 35.357465, "経度": 136.681399, "url": "https://www.iryou.teikyouseido.mhlw.go.jp/znk-web/juminkanja/S2430/initialize?prefCd=21&kikanCd=2101030217&kikanKbn=5", "url2": "https://medical-pharma.co.jp/", "内容": "ムスカリ薬局【5:薬局】岐阜県大垣市墨俣町上宿字高島８７６ー６" }, "geometry": { "type": "Point", "coordinates": [ 136.681399, 35.357465 ] } },
{ "type": "Feature", "properties": { "ID": 2152101030218, "正式名称": "アイン薬局大垣南店", "機関区分": 5, "都道府県コード": 21, "市区町村コード": 202, "所在地": "岐阜県大垣市南若森町２５２－２", "緯度": 35.351582, "経度": 136.60477, "url": "https://www.iryou.teikyouseido.mhlw.go.jp/znk-web/juminkanja/S2430/initialize?prefCd=21&kikanCd=2101030218&kikanKbn=5", "url2": "https://www.ainj.co.jp/", "内容": "アイン薬局大垣南店【5:薬局】岐阜県大垣市南若森町２５２－２" }, "geometry": { "type": "Point", "coordinates": [ 136.60477, 35.351582 ] } },
{ "type": "Feature", "properties": { "ID": 2152101030219, "正式名称": "クスリのアオキ大井薬局", "機関区分": 5, "都道府県コード": 21, "市区町村コード": 202, "所在地": "岐阜県大垣市大井２丁目４７番地１", "緯度": 35.348086, "経度": 136.630095, "url": "https://www.iryou.teikyouseido.mhlw.go.jp/znk-web/juminkanja/S2430/initialize?prefCd=21&kikanCd=2101030219&kikanKbn=5", "url2": "https://www.kusuri-aoki.co.jp/", "内容": "クスリのアオキ大井薬局【5:薬局】岐阜県大垣市大井２丁目４７番地１" }, "geometry": { "type": "Point", "coordinates": [ 136.630095, 35.348086 ] } },
{ "type": "Feature", "properties": { "ID": 2152101030222, "正式名称": "ラブダイイチながさわ薬局", "機関区分": 5, "都道府県コード": 21, "市区町村コード": 202, "所在地": "岐阜県大垣市長沢町５－１７－１", "緯度": 35.354686, "経度": 136.642419, "url": "https://www.iryou.teikyouseido.mhlw.go.jp/znk-web/juminkanja/S2430/initialize?prefCd=21&kikanCd=2101030222&kikanKbn=5", "url2": "http://www.ody.co.jp", "内容": "ラブダイイチながさわ薬局【5:薬局】岐阜県大垣市長沢町５－１７－１" }, "geometry": { "type": "Point", "coordinates": [ 136.642419, 35.354686 ] } },
{ "type": "Feature", "properties": { "ID": 2152101030223, "正式名称": "しょうなん調剤薬局　大垣店", "機関区分": 5, "都道府県コード": 21, "市区町村コード": 202, "所在地": "岐阜県大垣市開発町三丁目９－２", "緯度": 35.38363, "経度": 136.638521, "url": "https://www.iryou.teikyouseido.mhlw.go.jp/znk-web/juminkanja/S2430/initialize?prefCd=21&kikanCd=2101030223&kikanKbn=5", "url2": "http://www.syounan-ph.co/jp", "内容": "しょうなん調剤薬局　大垣店【5:薬局】岐阜県大垣市開発町三丁目９－２" }, "geometry": { "type": "Point", "coordinates": [ 136.638521, 35.38363 ] } },
{ "type": "Feature", "properties": { "ID": 2152101030224, "正式名称": "Ｖ・ｄｒｕｇ　大垣築捨薬局", "機関区分": 5, "都道府県コード": 21, "市区町村コード": 202, "所在地": "岐阜県大垣市築捨町２丁目９４番地", "緯度": 35.338747, "経度": 136.622633, "url": "https://www.iryou.teikyouseido.mhlw.go.jp/znk-web/juminkanja/S2430/initialize?prefCd=21&kikanCd=2101030224&kikanKbn=5", "url2": "https://vdrug.co.jp/pharmacy/", "内容": "Ｖ・ｄｒｕｇ　大垣築捨薬局【5:薬局】岐阜県大垣市築捨町２丁目９４番地" }, "geometry": { "type": "Point", "coordinates": [ 136.622633, 35.338747 ] } },
{ "type": "Feature", "properties": { "ID": 2152101030225, "正式名称": "ファースト調剤薬局　大垣西店", "機関区分": 5, "都道府県コード": 21, "市区町村コード": 202, "所在地": "岐阜県大垣市桧町７９６番地１", "緯度": 35.362933, "経度": 136.583452, "url": "https://www.iryou.teikyouseido.mhlw.go.jp/znk-web/juminkanja/S2430/initialize?prefCd=21&kikanCd=2101030225&kikanKbn=5", "url2": "http://www.first1.jp", "内容": "ファースト調剤薬局　大垣西店【5:薬局】岐阜県大垣市桧町７９６番地１" }, "geometry": { "type": "Point", "coordinates": [ 136.583452, 35.362933 ] } },
{ "type": "Feature", "properties": { "ID": 2152101030227, "正式名称": "トーカイ薬局　安八店", "機関区分": 5, "都道府県コード": 21, "市区町村コード": 383, "所在地": "岐阜県安八郡安八町南今ケ渕字中筋４２９－２", "緯度": 35.338679, "経度": 136.669326, "url": "https://www.iryou.teikyouseido.mhlw.go.jp/znk-web/juminkanja/S2430/initialize?prefCd=21&kikanCd=2101030227&kikanKbn=5", "url2": "http://www.t-phas.com", "内容": "トーカイ薬局　安八店【5:薬局】岐阜県安八郡安八町南今ケ渕字中筋４２９－２" }, "geometry": { "type": "Point", "coordinates": [ 136.669326, 35.338679 ] } },
{ "type": "Feature", "properties": { "ID": 2152101030228, "正式名称": "Ｖ・ｄｒｕｇ　大垣林町薬局", "機関区分": 5, "都道府県コード": 21, "市区町村コード": 202, "所在地": "岐阜県大垣市林町７丁目字藪下６７１番地", "緯度": 35.373723, "経度": 136.622846, "url": "https://www.iryou.teikyouseido.mhlw.go.jp/znk-web/juminkanja/S2430/initialize?prefCd=21&kikanCd=2101030228&kikanKbn=5", "url2": "https//www.vdrug.co.jp/", "内容": "Ｖ・ｄｒｕｇ　大垣林町薬局【5:薬局】岐阜県大垣市林町７丁目字藪下６７１番地" }, "geometry": { "type": "Point", "coordinates": [ 136.622846, 35.373723 ] } },
{ "type": "Feature", "properties": { "ID": 2152101030229, "正式名称": "田中平和堂薬局", "機関区分": 5, "都道府県コード": 21, "市区町村コード": 221, "所在地": "岐阜県海津市南濃町駒野６８８－１", "緯度": 35.224319, "経度": 136.604318, "url": "https://www.iryou.teikyouseido.mhlw.go.jp/znk-web/juminkanja/S2430/initialize?prefCd=21&kikanCd=2101030229&kikanKbn=5", "url2": null, "内容": "田中平和堂薬局【5:薬局】岐阜県海津市南濃町駒野６８８－１" }, "geometry": { "type": "Point", "coordinates": [ 136.604318, 35.224319 ] } },
{ "type": "Feature", "properties": { "ID": 2152101030230, "正式名称": "Ｖ・ｄｒｕｇ　養老押越薬局", "機関区分": 5, "都道府県コード": 21, "市区町村コード": 341, "所在地": "岐阜県養老郡養老町押越字村内４１９－１", "緯度": 35.303657, "経度": 136.556701, "url": "https://www.iryou.teikyouseido.mhlw.go.jp/znk-web/juminkanja/S2430/initialize?prefCd=21&kikanCd=2101030230&kikanKbn=5", "url2": "https://www.vdrug.co.jp", "内容": "Ｖ・ｄｒｕｇ　養老押越薬局【5:薬局】岐阜県養老郡養老町押越字村内４１９－１" }, "geometry": { "type": "Point", "coordinates": [ 136.556701, 35.303657 ] } },
{ "type": "Feature", "properties": { "ID": 2152101030231, "正式名称": "アピア薬局　大垣店", "機関区分": 5, "都道府県コード": 21, "市区町村コード": 202, "所在地": "岐阜県大垣市宿地町掘割９４４－１", "緯度": 35.37409, "経度": 136.608062, "url": "https://www.iryou.teikyouseido.mhlw.go.jp/znk-web/juminkanja/S2430/initialize?prefCd=21&kikanCd=2101030231&kikanKbn=5", "url2": "http://www.abic-g.co.jp", "内容": "アピア薬局　大垣店【5:薬局】岐阜県大垣市宿地町掘割９４４－１" }, "geometry": { "type": "Point", "coordinates": [ 136.608062, 35.37409 ] } },
{ "type": "Feature", "properties": { "ID": 2152101030232, "正式名称": "しまざと調剤薬局", "機関区分": 5, "都道府県コード": 21, "市区町村コード": 202, "所在地": "岐阜県大垣市島里１丁目１６２", "緯度": 35.319728, "経度": 136.618272, "url": "https://www.iryou.teikyouseido.mhlw.go.jp/znk-web/juminkanja/S2430/initialize?prefCd=21&kikanCd=2101030232&kikanKbn=5", "url2": "https://www.apocreat.co.jp", "内容": "しまざと調剤薬局【5:薬局】岐阜県大垣市島里１丁目１６２" }, "geometry": { "type": "Point", "coordinates": [ 136.618272, 35.319728 ] } },
{ "type": "Feature", "properties": { "ID": 2152101030233, "正式名称": "おおがき南調剤薬局", "機関区分": 5, "都道府県コード": 21, "市区町村コード": 202, "所在地": "岐阜県大垣市築捨町２丁目４番", "緯度": 35.342872, "経度": 136.622722, "url": "https://www.iryou.teikyouseido.mhlw.go.jp/znk-web/juminkanja/S2430/initialize?prefCd=21&kikanCd=2101030233&kikanKbn=5", "url2": "https://emdpharmacy.com/gifu/ogaki", "内容": "おおがき南調剤薬局【5:薬局】岐阜県大垣市築捨町２丁目４番" }, "geometry": { "type": "Point", "coordinates": [ 136.622722, 35.342872 ] } },
{ "type": "Feature", "properties": { "ID": 2152101030235, "正式名称": "荒尾薬局", "機関区分": 5, "都道府県コード": 21, "市区町村コード": 202, "所在地": "岐阜県大垣市荒尾玉池１丁目３５番１", "緯度": 35.376592, "経度": 136.574461, "url": "https://www.iryou.teikyouseido.mhlw.go.jp/znk-web/juminkanja/S2430/initialize?prefCd=21&kikanCd=2101030235&kikanKbn=5", "url2": null, "内容": "荒尾薬局【5:薬局】岐阜県大垣市荒尾玉池１丁目３５番１" }, "geometry": { "type": "Point", "coordinates": [ 136.574461, 35.376592 ] } },
{ "type": "Feature", "properties": { "ID": 2152101030236, "正式名称": "エムハート薬局　関ヶ原店", "機関区分": 5, "都道府県コード": 21, "市区町村コード": 362, "所在地": "岐阜県不破郡関ケ原町関ケ原１１０２－２", "緯度": 35.369865, "経度": 136.466177, "url": "https://www.iryou.teikyouseido.mhlw.go.jp/znk-web/juminkanja/S2430/initialize?prefCd=21&kikanCd=2101030236&kikanKbn=5", "url2": "https://unismile.co.jp/", "内容": "エムハート薬局　関ヶ原店【5:薬局】岐阜県不破郡関ケ原町関ケ原１１０２－２" }, "geometry": { "type": "Point", "coordinates": [ 136.466177, 35.369865 ] } },
{ "type": "Feature", "properties": { "ID": 2152101030237, "正式名称": "ユタカ薬局林町", "機関区分": 5, "都道府県コード": 21, "市区町村コード": 202, "所在地": "岐阜県大垣市林町十丁目１３３９－１", "緯度": 35.375906, "経度": 136.618877, "url": "https://www.iryou.teikyouseido.mhlw.go.jp/znk-web/juminkanja/S2430/initialize?prefCd=21&kikanCd=2101030237&kikanKbn=5", "url2": "https://www.d-yutaka.co.jp/", "内容": "ユタカ薬局林町【5:薬局】岐阜県大垣市林町十丁目１３３９－１" }, "geometry": { "type": "Point", "coordinates": [ 136.618877, 35.375906 ] } },
{ "type": "Feature", "properties": { "ID": 2152101030239, "正式名称": "みき薬局", "機関区分": 5, "都道府県コード": 21, "市区町村コード": 202, "所在地": "岐阜県大垣市上面２丁目５７番地６", "緯度": 35.362323, "経度": 136.644228, "url": "https://www.iryou.teikyouseido.mhlw.go.jp/znk-web/juminkanja/S2430/initialize?prefCd=21&kikanCd=2101030239&kikanKbn=5", "url2": null, "内容": "みき薬局【5:薬局】岐阜県大垣市上面２丁目５７番地６" }, "geometry": { "type": "Point", "coordinates": [ 136.644228, 35.362323 ] } },
{ "type": "Feature", "properties": { "ID": 2152101030240, "正式名称": "クスリのアオキ垂井薬局", "機関区分": 5, "都道府県コード": 21, "市区町村コード": 361, "所在地": "岐阜県不破郡垂井町２３４３番地", "緯度": 35.370349, "経度": 136.52694, "url": "https://www.iryou.teikyouseido.mhlw.go.jp/znk-web/juminkanja/S2430/initialize?prefCd=21&kikanCd=2101030240&kikanKbn=5", "url2": "https://www.kusuri-aoki.co.jp/", "内容": "クスリのアオキ垂井薬局【5:薬局】岐阜県不破郡垂井町２３４３番地" }, "geometry": { "type": "Point", "coordinates": [ 136.52694, 35.370349 ] } },
{ "type": "Feature", "properties": { "ID": 2152101030241, "正式名称": "ユタカ薬局大垣南", "機関区分": 5, "都道府県コード": 21, "市区町村コード": 202, "所在地": "岐阜県大垣市寺内町２丁目３７番地", "緯度": 35.35425, "経度": 136.616444, "url": "https://www.iryou.teikyouseido.mhlw.go.jp/znk-web/juminkanja/S2430/initialize?prefCd=21&kikanCd=2101030241&kikanKbn=5", "url2": "https://www.d-yutaka.co.jp/shop/131.html", "内容": "ユタカ薬局大垣南【5:薬局】岐阜県大垣市寺内町２丁目３７番地" }, "geometry": { "type": "Point", "coordinates": [ 136.616444, 35.35425 ] } },
{ "type": "Feature", "properties": { "ID": 2152101030242, "正式名称": "クスリのアオキ大垣丸の内薬局", "機関区分": 5, "都道府県コード": 21, "市区町村コード": 202, "所在地": "岐阜県大垣市丸の内１丁目１８番地", "緯度": 35.362788, "経度": 136.613904, "url": "https://www.iryou.teikyouseido.mhlw.go.jp/znk-web/juminkanja/S2430/initialize?prefCd=21&kikanCd=2101030242&kikanKbn=5", "url2": "https://www.kusuri-aoki.co.jp/", "内容": "クスリのアオキ大垣丸の内薬局【5:薬局】岐阜県大垣市丸の内１丁目１８番地" }, "geometry": { "type": "Point", "coordinates": [ 136.613904, 35.362788 ] } },
{ "type": "Feature", "properties": { "ID": 2152101030243, "正式名称": "日本調剤　養老町薬局", "機関区分": 5, "都道府県コード": 21, "市区町村コード": 341, "所在地": "岐阜県養老郡養老町押越九一一の七", "緯度": 35.30311, "経度": 136.55614, "url": "https://www.iryou.teikyouseido.mhlw.go.jp/znk-web/juminkanja/S2430/initialize?prefCd=21&kikanCd=2101030243&kikanKbn=5", "url2": "https://www.nicho.co.jp/tenpo/yorocho/", "内容": "日本調剤　養老町薬局【5:薬局】岐阜県養老郡養老町押越九一一の七" }, "geometry": { "type": "Point", "coordinates": [ 136.55614, 35.30311 ] } },
{ "type": "Feature", "properties": { "ID": 2152101030244, "正式名称": "スギ薬局大垣市民病院前店", "機関区分": 5, "都道府県コード": 21, "市区町村コード": 202, "所在地": "岐阜県大垣市禾森町５丁目１７２番地", "緯度": 35.351, "経度": 136.622913, "url": "https://www.iryou.teikyouseido.mhlw.go.jp/znk-web/juminkanja/S2430/initialize?prefCd=21&kikanCd=2101030244&kikanKbn=5", "url2": "https://www.sugi-net.jp/stores/002106", "内容": "スギ薬局大垣市民病院前店【5:薬局】岐阜県大垣市禾森町５丁目１７２番地" }, "geometry": { "type": "Point", "coordinates": [ 136.622913, 35.351 ] } },
{ "type": "Feature", "properties": { "ID": 2152101030245, "正式名称": "スペード薬局　大垣清水店", "機関区分": 5, "都道府県コード": 21, "市区町村コード": 202, "所在地": "岐阜県大垣市清水町２８－１シャローＦ１階", "緯度": 35.36085, "経度": 136.620442, "url": "https://www.iryou.teikyouseido.mhlw.go.jp/znk-web/juminkanja/S2430/initialize?prefCd=21&kikanCd=2101030245&kikanKbn=5", "url2": null, "内容": "スペード薬局　大垣清水店【5:薬局】岐阜県大垣市清水町２８－１シャローＦ１階" }, "geometry": { "type": "Point", "coordinates": [ 136.620442, 35.36085 ] } },
{ "type": "Feature", "properties": { "ID": 2152101030246, "正式名称": "あやど調剤薬局", "機関区分": 5, "都道府県コード": 21, "市区町村コード": 361, "所在地": "岐阜県不破郡垂井町綾戸一本松９０２－１", "緯度": 35.36918, "経度": 136.55275, "url": "https://www.iryou.teikyouseido.mhlw.go.jp/znk-web/juminkanja/S2430/initialize?prefCd=21&kikanCd=2101030246&kikanKbn=5", "url2": null, "内容": "あやど調剤薬局【5:薬局】岐阜県不破郡垂井町綾戸一本松９０２－１" }, "geometry": { "type": "Point", "coordinates": [ 136.55275, 35.36918 ] } },
{ "type": "Feature", "properties": { "ID": 2152101030249, "正式名称": "ながせ薬局　墨俣店", "機関区分": 5, "都道府県コード": 21, "市区町村コード": 202, "所在地": "岐阜県大垣市墨俣町墨俣５４４番地７", "緯度": 35.364346, "経度": 136.68205, "url": "https://www.iryou.teikyouseido.mhlw.go.jp/znk-web/juminkanja/S2430/initialize?prefCd=21&kikanCd=2101030249&kikanKbn=5", "url2": "https://nagase-group.com/", "内容": "ながせ薬局　墨俣店【5:薬局】岐阜県大垣市墨俣町墨俣５４４番地７" }, "geometry": { "type": "Point", "coordinates": [ 136.68205, 35.364346 ] } },
{ "type": "Feature", "properties": { "ID": 2152101030250, "正式名称": "平田調剤薬局", "機関区分": 5, "都道府県コード": 21, "市区町村コード": 221, "所在地": "岐阜県海津市平田町幡長５６６番地", "緯度": 35.269205, "経度": 136.662005, "url": "https://www.iryou.teikyouseido.mhlw.go.jp/znk-web/juminkanja/S2430/initialize?prefCd=21&kikanCd=2101030250&kikanKbn=5", "url2": null, "内容": "平田調剤薬局【5:薬局】岐阜県海津市平田町幡長５６６番地" }, "geometry": { "type": "Point", "coordinates": [ 136.662005, 35.269205 ] } },
{ "type": "Feature", "properties": { "ID": 2152101030251, "正式名称": "イマオ調剤薬局", "機関区分": 5, "都道府県コード": 21, "市区町村コード": 221, "所在地": "岐阜県海津市平田町今尾７９９‐６", "緯度": 35.253613, "経度": 136.632759, "url": "https://www.iryou.teikyouseido.mhlw.go.jp/znk-web/juminkanja/S2430/initialize?prefCd=21&kikanCd=2101030251&kikanKbn=5", "url2": null, "内容": "イマオ調剤薬局【5:薬局】岐阜県海津市平田町今尾７９９‐６" }, "geometry": { "type": "Point", "coordinates": [ 136.632759, 35.253613 ] } },
{ "type": "Feature", "properties": { "ID": 2152101030252, "正式名称": "ユニファーマシーアルエント薬局", "機関区分": 5, "都道府県コード": 21, "市区町村コード": 202, "所在地": "岐阜県大垣市大井２丁目４４ー２", "緯度": 35.348061, "経度": 136.631575, "url": "https://www.iryou.teikyouseido.mhlw.go.jp/znk-web/juminkanja/S2430/initialize?prefCd=21&kikanCd=2101030252&kikanKbn=5", "url2": "https://univcolt.com/", "内容": "ユニファーマシーアルエント薬局【5:薬局】岐阜県大垣市大井２丁目４４ー２" }, "geometry": { "type": "Point", "coordinates": [ 136.631575, 35.348061 ] } },
{ "type": "Feature", "properties": { "ID": 2152101030253, "正式名称": "Ｖ・ｄｒｕｇ　大垣北薬局", "機関区分": 5, "都道府県コード": 21, "市区町村コード": 202, "所在地": "岐阜県大垣市林町７－８４１－１", "緯度": 35.376684, "経度": 136.623905, "url": "https://www.iryou.teikyouseido.mhlw.go.jp/znk-web/juminkanja/S2430/initialize?prefCd=21&kikanCd=2101030253&kikanKbn=5", "url2": "https://vdrug.co.jp/pharmacy", "内容": "Ｖ・ｄｒｕｇ　大垣北薬局【5:薬局】岐阜県大垣市林町７－８４１－１" }, "geometry": { "type": "Point", "coordinates": [ 136.623905, 35.376684 ] } },
{ "type": "Feature", "properties": { "ID": 2152101030254, "正式名称": "イシイ薬局　関ケ原店", "機関区分": 5, "都道府県コード": 21, "市区町村コード": 362, "所在地": "岐阜県不破郡関ケ原町大字関ケ原３０９８－２", "緯度": 35.359245, "経度": 136.47273, "url": "https://www.iryou.teikyouseido.mhlw.go.jp/znk-web/juminkanja/S2430/initialize?prefCd=21&kikanCd=2101030254&kikanKbn=5", "url2": "https://e-bond.info/withs/", "内容": "イシイ薬局　関ケ原店【5:薬局】岐阜県不破郡関ケ原町大字関ケ原３０９８－２" }, "geometry": { "type": "Point", "coordinates": [ 136.47273, 35.359245 ] } },
{ "type": "Feature", "properties": { "ID": 2152101030255, "正式名称": "ごうど調剤薬局", "機関区分": 5, "都道府県コード": 21, "市区町村コード": 381, "所在地": "岐阜県安八郡神戸町神戸１６７", "緯度": 35.418382, "経度": 136.60389, "url": "https://www.iryou.teikyouseido.mhlw.go.jp/znk-web/juminkanja/S2430/initialize?prefCd=21&kikanCd=2101030255&kikanKbn=5", "url2": null, "内容": "ごうど調剤薬局【5:薬局】岐阜県安八郡神戸町神戸１６７" }, "geometry": { "type": "Point", "coordinates": [ 136.60389, 35.418382 ] } },
{ "type": "Feature", "properties": { "ID": 2152101030256, "正式名称": "いしづ薬局", "機関区分": 5, "都道府県コード": 21, "市区町村コード": 221, "所在地": "岐阜県海津市南濃町太田字南条６５２－３", "緯度": 35.179026, "経度": 136.62679, "url": "https://www.iryou.teikyouseido.mhlw.go.jp/znk-web/juminkanja/S2430/initialize?prefCd=21&kikanCd=2101030256&kikanKbn=5", "url2": null, "内容": "いしづ薬局【5:薬局】岐阜県海津市南濃町太田字南条６５２－３" }, "geometry": { "type": "Point", "coordinates": [ 136.62679, 35.179026 ] } },
{ "type": "Feature", "properties": { "ID": 2152101030257, "正式名称": "ファーマライズ薬局　大垣店", "機関区分": 5, "都道府県コード": 21, "市区町村コード": 202, "所在地": "岐阜県大垣市南頬町４丁目８５－２", "緯度": 35.354176, "経度": 136.622664, "url": "https://www.iryou.teikyouseido.mhlw.go.jp/znk-web/juminkanja/S2430/initialize?prefCd=21&kikanCd=2101030257&kikanKbn=5", "url2": "https://www.pharmarise.com/company/store/store.php?store_id=612", "内容": "ファーマライズ薬局　大垣店【5:薬局】岐阜県大垣市南頬町４丁目８５－２" }, "geometry": { "type": "Point", "coordinates": [ 136.622664, 35.354176 ] } },
{ "type": "Feature", "properties": { "ID": 2152101030258, "正式名称": "ハロー薬局海津店", "機関区分": 5, "都道府県コード": 21, "市区町村コード": 221, "所在地": "岐阜県海津市海津町馬目６１番１", "緯度": 35.223899, "経度": 136.638594, "url": "https://www.iryou.teikyouseido.mhlw.go.jp/znk-web/juminkanja/S2430/initialize?prefCd=21&kikanCd=2101030258&kikanKbn=5", "url2": "https://shop.sogo-pharmacy.jp/detail/361/", "内容": "ハロー薬局海津店【5:薬局】岐阜県海津市海津町馬目６１番１" }, "geometry": { "type": "Point", "coordinates": [ 136.638594, 35.223899 ] } },
{ "type": "Feature", "properties": { "ID": 2152101030259, "正式名称": "ハロー薬局　大垣中央店", "機関区分": 5, "都道府県コード": 21, "市区町村コード": 202, "所在地": "岐阜県大垣市宮町１丁目１１番地宮町ビル１階", "緯度": 35.365566, "経度": 136.614634, "url": "https://www.iryou.teikyouseido.mhlw.go.jp/znk-web/juminkanja/S2430/initialize?prefCd=21&kikanCd=2101030259&kikanKbn=5", "url2": "https://shop.sogo-pharmacy.jp/detail/742/", "内容": "ハロー薬局　大垣中央店【5:薬局】岐阜県大垣市宮町１丁目１１番地宮町ビル１階" }, "geometry": { "type": "Point", "coordinates": [ 136.614634, 35.365566 ] } },
{ "type": "Feature", "properties": { "ID": 2152101030260, "正式名称": "ハロー薬局　大垣駅前店", "機関区分": 5, "都道府県コード": 21, "市区町村コード": 202, "所在地": "岐阜県大垣市宮町１丁目１番地スイトテラス２階", "緯度": 35.365811, "経度": 136.616064, "url": "https://www.iryou.teikyouseido.mhlw.go.jp/znk-web/juminkanja/S2430/initialize?prefCd=21&kikanCd=2101030260&kikanKbn=5", "url2": "https://shop.sogo-pharmacy.jp/detail/642/", "内容": "ハロー薬局　大垣駅前店【5:薬局】岐阜県大垣市宮町１丁目１番地スイトテラス２階" }, "geometry": { "type": "Point", "coordinates": [ 136.616064, 35.365811 ] } },
{ "type": "Feature", "properties": { "ID": 2152101030261, "正式名称": "ハーモニー調剤薬局　御殿町店", "機関区分": 5, "都道府県コード": 21, "市区町村コード": 202, "所在地": "岐阜県大垣市御殿町２－２４", "緯度": 35.359037, "経度": 136.614721, "url": "https://www.iryou.teikyouseido.mhlw.go.jp/znk-web/juminkanja/S2430/initialize?prefCd=21&kikanCd=2101030261&kikanKbn=5", "url2": "https://harmony-gifu.com/", "内容": "ハーモニー調剤薬局　御殿町店【5:薬局】岐阜県大垣市御殿町２－２４" }, "geometry": { "type": "Point", "coordinates": [ 136.614721, 35.359037 ] } },
{ "type": "Feature", "properties": { "ID": 2152101030262, "正式名称": "あおぞら薬局", "機関区分": 5, "都道府県コード": 21, "市区町村コード": 341, "所在地": "岐阜県養老郡養老町飯ノ木２１３－１", "緯度": 35.292624, "経度": 136.563705, "url": "https://www.iryou.teikyouseido.mhlw.go.jp/znk-web/juminkanja/S2430/initialize?prefCd=21&kikanCd=2101030262&kikanKbn=5", "url2": null, "内容": "あおぞら薬局【5:薬局】岐阜県養老郡養老町飯ノ木２１３－１" }, "geometry": { "type": "Point", "coordinates": [ 136.563705, 35.292624 ] } },
{ "type": "Feature", "properties": { "ID": 2152101030263, "正式名称": "さつき薬局", "機関区分": 5, "都道府県コード": 21, "市区町村コード": 202, "所在地": "岐阜県大垣市世安町２丁目４３－２", "緯度": 35.350567, "経度": 136.613718, "url": "https://www.iryou.teikyouseido.mhlw.go.jp/znk-web/juminkanja/S2430/initialize?prefCd=21&kikanCd=2101030263&kikanKbn=5", "url2": "https://new.suzuka-pharmacy.com/custom56.html", "内容": "さつき薬局【5:薬局】岐阜県大垣市世安町２丁目４３－２" }, "geometry": { "type": "Point", "coordinates": [ 136.613718, 35.350567 ] } },
{ "type": "Feature", "properties": { "ID": 2152101030264, "正式名称": "サンファーマシー養老薬局", "機関区分": 5, "都道府県コード": 21, "市区町村コード": 341, "所在地": "岐阜県養老郡養老町押越５４４－２", "緯度": 35.306406, "経度": 136.554735, "url": "https://www.iryou.teikyouseido.mhlw.go.jp/znk-web/juminkanja/S2430/initialize?prefCd=21&kikanCd=2101030264&kikanKbn=5", "url2": "https://new.suzuka-pharmacy.com/index.html", "内容": "サンファーマシー養老薬局【5:薬局】岐阜県養老郡養老町押越５４４－２" }, "geometry": { "type": "Point", "coordinates": [ 136.554735, 35.306406 ] } },
{ "type": "Feature", "properties": { "ID": 2152101030265, "正式名称": "じゃいけ薬局", "機関区分": 5, "都道府県コード": 21, "市区町村コード": 221, "所在地": "岐阜県海津市平田町三郷８９１番地１", "緯度": 35.259241, "経度": 136.646209, "url": "https://www.iryou.teikyouseido.mhlw.go.jp/znk-web/juminkanja/S2430/initialize?prefCd=21&kikanCd=2101030265&kikanKbn=5", "url2": null, "内容": "じゃいけ薬局【5:薬局】岐阜県海津市平田町三郷８９１番地１" }, "geometry": { "type": "Point", "coordinates": [ 136.646209, 35.259241 ] } },
{ "type": "Feature", "properties": { "ID": 2152101030266, "正式名称": "静里しいのみ薬局", "機関区分": 5, "都道府県コード": 21, "市区町村コード": 202, "所在地": "岐阜県大垣市桧町字坂井１４８８番地３", "緯度": 35.365765, "経度": 136.591034, "url": "https://www.iryou.teikyouseido.mhlw.go.jp/znk-web/juminkanja/S2430/initialize?prefCd=21&kikanCd=2101030266&kikanKbn=5", "url2": "https://www.gifu-min.jp/pharma/page_667.html", "内容": "静里しいのみ薬局【5:薬局】岐阜県大垣市桧町字坂井１４８８番地３" }, "geometry": { "type": "Point", "coordinates": [ 136.591034, 35.365765 ] } },
{ "type": "Feature", "properties": { "ID": 2152101030267, "正式名称": "ユタカ薬局大垣本今", "機関区分": 5, "都道府県コード": 21, "市区町村コード": 202, "所在地": "岐阜県大垣市本今３丁目１０９ー２", "緯度": 35.350181, "経度": 136.607283, "url": "https://www.iryou.teikyouseido.mhlw.go.jp/znk-web/juminkanja/S2430/initialize?prefCd=21&kikanCd=2101030267&kikanKbn=5", "url2": "https://www.d-yutaka.co.jp/shop/15599.html", "内容": "ユタカ薬局大垣本今【5:薬局】岐阜県大垣市本今３丁目１０９ー２" }, "geometry": { "type": "Point", "coordinates": [ 136.607283, 35.350181 ] } },
{ "type": "Feature", "properties": { "ID": 2152101030268, "正式名称": "クスリのアオキ関ケ原薬局", "機関区分": 5, "都道府県コード": 21, "市区町村コード": 362, "所在地": "岐阜県不破郡関ケ原町大字関ケ原３０９８番地１", "緯度": 35.359361, "経度": 136.473226, "url": "https://www.iryou.teikyouseido.mhlw.go.jp/znk-web/juminkanja/S2430/initialize?prefCd=21&kikanCd=2101030268&kikanKbn=5", "url2": "https://www.kusuri-aoki.co.jp/", "内容": "クスリのアオキ関ケ原薬局【5:薬局】岐阜県不破郡関ケ原町大字関ケ原３０９８番地１" }, "geometry": { "type": "Point", "coordinates": [ 136.473226, 35.359361 ] } },
{ "type": "Feature", "properties": { "ID": 2152101030269, "正式名称": "アクア薬局赤坂店", "機関区分": 5, "都道府県コード": 21, "市区町村コード": 202, "所在地": "岐阜県大垣市草道島町５０９－２", "緯度": 35.394013, "経度": 136.592455, "url": "https://www.iryou.teikyouseido.mhlw.go.jp/znk-web/juminkanja/S2430/initialize?prefCd=21&kikanCd=2101030269&kikanKbn=5", "url2": "https://aquamedical.net/", "内容": "アクア薬局赤坂店【5:薬局】岐阜県大垣市草道島町５０９－２" }, "geometry": { "type": "Point", "coordinates": [ 136.592455, 35.394013 ] } },
{ "type": "Feature", "properties": { "ID": 2152101030270, "正式名称": "Ｖ・ｄｒｕｇ　養老中央薬局", "機関区分": 5, "都道府県コード": 21, "市区町村コード": 341, "所在地": "岐阜県養老郡養老町押越１２４１－１", "緯度": 35.302832, "経度": 136.554734, "url": "https://www.iryou.teikyouseido.mhlw.go.jp/znk-web/juminkanja/S2430/initialize?prefCd=21&kikanCd=2101030270&kikanKbn=5", "url2": "https://vdrug.co.jp/pharmacy/", "内容": "Ｖ・ｄｒｕｇ　養老中央薬局【5:薬局】岐阜県養老郡養老町押越１２４１－１" }, "geometry": { "type": "Point", "coordinates": [ 136.554734, 35.302832 ] } },
{ "type": "Feature", "properties": { "ID": 2152101030271, "正式名称": "ユタカ薬局木戸", "機関区分": 5, "都道府県コード": 21, "市区町村コード": 202, "所在地": "岐阜県大垣市木戸北出４２５", "緯度": 35.366207, "経度": 136.600761, "url": "https://www.iryou.teikyouseido.mhlw.go.jp/znk-web/juminkanja/S2430/initialize?prefCd=21&kikanCd=2101030271&kikanKbn=5", "url2": "https://www.d-yutaka.co.jp/", "内容": "ユタカ薬局木戸【5:薬局】岐阜県大垣市木戸北出４２５" }, "geometry": { "type": "Point", "coordinates": [ 136.600761, 35.366207 ] } },
{ "type": "Feature", "properties": { "ID": 2152101030272, "正式名称": "ピノキオ薬局　養老店", "機関区分": 5, "都道府県コード": 21, "市区町村コード": 341, "所在地": "岐阜県養老郡養老町宇田３９９‐１", "緯度": 35.328795, "経度": 136.560066, "url": "https://www.iryou.teikyouseido.mhlw.go.jp/znk-web/juminkanja/S2430/initialize?prefCd=21&kikanCd=2101030272&kikanKbn=5", "url2": "https://www.pinokio-pharmacy.jp/", "内容": "ピノキオ薬局　養老店【5:薬局】岐阜県養老郡養老町宇田３９９‐１" }, "geometry": { "type": "Point", "coordinates": [ 136.560066, 35.328795 ] } },
{ "type": "Feature", "properties": { "ID": 2152101040001, "正式名称": "みのや萩薬局", "機関区分": 5, "都道府県コード": 21, "市区町村コード": 401, "所在地": "岐阜県揖斐郡揖斐川町三輪６２９－２", "緯度": 35.487562, "経度": 136.574302, "url": "https://www.iryou.teikyouseido.mhlw.go.jp/znk-web/juminkanja/S2430/initialize?prefCd=21&kikanCd=2101040001&kikanKbn=5", "url2": null, "内容": "みのや萩薬局【5:薬局】岐阜県揖斐郡揖斐川町三輪６２９－２" }, "geometry": { "type": "Point", "coordinates": [ 136.574302, 35.487562 ] } },
{ "type": "Feature", "properties": { "ID": 2152101040005, "正式名称": "ピノキオ薬局揖斐店", "機関区分": 5, "都道府県コード": 21, "市区町村コード": 403, "所在地": "岐阜県揖斐郡大野町中之元１１１４－１", "緯度": 35.467029, "経度": 136.619797, "url": "https://www.iryou.teikyouseido.mhlw.go.jp/znk-web/juminkanja/S2430/initialize?prefCd=21&kikanCd=2101040005&kikanKbn=5", "url2": "http://www.pinokio-pharmacy.jp/", "内容": "ピノキオ薬局揖斐店【5:薬局】岐阜県揖斐郡大野町中之元１１１４－１" }, "geometry": { "type": "Point", "coordinates": [ 136.619797, 35.467029 ] } },
{ "type": "Feature", "properties": { "ID": 2152101040006, "正式名称": "オオノ調剤薬局", "機関区分": 5, "都道府県コード": 21, "市区町村コード": 403, "所在地": "岐阜県揖斐郡大野町大字黒野字十一番地６４６ー２１", "緯度": 35.466423, "経度": 136.635611, "url": "https://www.iryou.teikyouseido.mhlw.go.jp/znk-web/juminkanja/S2430/initialize?prefCd=21&kikanCd=2101040006&kikanKbn=5", "url2": null, "内容": "オオノ調剤薬局【5:薬局】岐阜県揖斐郡大野町大字黒野字十一番地６４６ー２１" }, "geometry": { "type": "Point", "coordinates": [ 136.635611, 35.466423 ] } },
{ "type": "Feature", "properties": { "ID": 2152101040009, "正式名称": "和漢薬のみわ薬局", "機関区分": 5, "都道府県コード": 21, "市区町村コード": 401, "所在地": "岐阜県揖斐郡揖斐川町三輪８７８−１", "緯度": 35.486233, "経度": 136.574349, "url": "https://www.iryou.teikyouseido.mhlw.go.jp/znk-web/juminkanja/S2430/initialize?prefCd=21&kikanCd=2101040009&kikanKbn=5", "url2": null, "内容": "和漢薬のみわ薬局【5:薬局】岐阜県揖斐郡揖斐川町三輪８７８−１" }, "geometry": { "type": "Point", "coordinates": [ 136.574349, 35.486233 ] } },
{ "type": "Feature", "properties": { "ID": 2152101040010, "正式名称": "ピノキオ薬局大野店", "機関区分": 5, "都道府県コード": 21, "市区町村コード": 403, "所在地": "岐阜県揖斐郡大野町南方二度桜１９０", "緯度": 35.453063, "経度": 136.622236, "url": "https://www.iryou.teikyouseido.mhlw.go.jp/znk-web/juminkanja/S2430/initialize?prefCd=21&kikanCd=2101040010&kikanKbn=5", "url2": "http://www.pinokio-pharmacy.jp", "内容": "ピノキオ薬局大野店【5:薬局】岐阜県揖斐郡大野町南方二度桜１９０" }, "geometry": { "type": "Point", "coordinates": [ 136.622236, 35.453063 ] } },
{ "type": "Feature", "properties": { "ID": 2152101040015, "正式名称": "ピノキオ薬局　三輪店", "機関区分": 5, "都道府県コード": 21, "市区町村コード": 401, "所在地": "岐阜県揖斐郡揖斐川町上ミ野７３－３７", "緯度": 35.482573, "経度": 136.573526, "url": "https://www.iryou.teikyouseido.mhlw.go.jp/znk-web/juminkanja/S2430/initialize?prefCd=21&kikanCd=2101040015&kikanKbn=5", "url2": "http://www.pinokio-pharmacy.jp/", "内容": "ピノキオ薬局　三輪店【5:薬局】岐阜県揖斐郡揖斐川町上ミ野７３－３７" }, "geometry": { "type": "Point", "coordinates": [ 136.573526, 35.482573 ] } },
{ "type": "Feature", "properties": { "ID": 2152101040019, "正式名称": "サンセイ調剤薬局　揖斐病院前店", "機関区分": 5, "都道府県コード": 21, "市区町村コード": 401, "所在地": "岐阜県揖斐郡揖斐川町三輪２５２０", "緯度": 35.484632, "経度": 136.572868, "url": "https://www.iryou.teikyouseido.mhlw.go.jp/znk-web/juminkanja/S2430/initialize?prefCd=21&kikanCd=2101040019&kikanKbn=5", "url2": "http://www.sannsei.com/store.html", "内容": "サンセイ調剤薬局　揖斐病院前店【5:薬局】岐阜県揖斐郡揖斐川町三輪２５２０" }, "geometry": { "type": "Point", "coordinates": [ 136.572868, 35.484632 ] } },
{ "type": "Feature", "properties": { "ID": 2152101040023, "正式名称": "下磯調剤薬局", "機関区分": 5, "都道府県コード": 21, "市区町村コード": 403, "所在地": "岐阜県揖斐郡大野町下磯４９９", "緯度": 35.433202, "経度": 136.627002, "url": "https://www.iryou.teikyouseido.mhlw.go.jp/znk-web/juminkanja/S2430/initialize?prefCd=21&kikanCd=2101040023&kikanKbn=5", "url2": null, "内容": "下磯調剤薬局【5:薬局】岐阜県揖斐郡大野町下磯４９９" }, "geometry": { "type": "Point", "coordinates": [ 136.627002, 35.433202 ] } },
{ "type": "Feature", "properties": { "ID": 2152101040024, "正式名称": "池田薬局", "機関区分": 5, "都道府県コード": 21, "市区町村コード": 404, "所在地": "岐阜県揖斐郡池田町八幡１７２９－１", "緯度": 35.427908, "経度": 136.576467, "url": "https://www.iryou.teikyouseido.mhlw.go.jp/znk-web/juminkanja/S2430/initialize?prefCd=21&kikanCd=2101040024&kikanKbn=5", "url2": null, "内容": "池田薬局【5:薬局】岐阜県揖斐郡池田町八幡１７２９－１" }, "geometry": { "type": "Point", "coordinates": [ 136.576467, 35.427908 ] } },
{ "type": "Feature", "properties": { "ID": 2152101040038, "正式名称": "オオノ調剤薬局北店", "機関区分": 5, "都道府県コード": 21, "市区町村コード": 403, "所在地": "岐阜県揖斐郡大野町大野９７７", "緯度": 35.478634, "経度": 136.636227, "url": "https://www.iryou.teikyouseido.mhlw.go.jp/znk-web/juminkanja/S2430/initialize?prefCd=21&kikanCd=2101040038&kikanKbn=5", "url2": null, "内容": "オオノ調剤薬局北店【5:薬局】岐阜県揖斐郡大野町大野９７７" }, "geometry": { "type": "Point", "coordinates": [ 136.636227, 35.478634 ] } },
{ "type": "Feature", "properties": { "ID": 2152101040039, "正式名称": "コスモス薬局揖斐店", "機関区分": 5, "都道府県コード": 21, "市区町村コード": 401, "所在地": "岐阜県揖斐郡揖斐川町上ミ野野々宮７３－１３", "緯度": 35.477483, "経度": 136.580082, "url": "https://www.iryou.teikyouseido.mhlw.go.jp/znk-web/juminkanja/S2430/initialize?prefCd=21&kikanCd=2101040039&kikanKbn=5", "url2": null, "内容": "コスモス薬局揖斐店【5:薬局】岐阜県揖斐郡揖斐川町上ミ野野々宮７３－１３" }, "geometry": { "type": "Point", "coordinates": [ 136.580082, 35.477483 ] } },
{ "type": "Feature", "properties": { "ID": 2152101040040, "正式名称": "ピノキオ薬局　池田店", "機関区分": 5, "都道府県コード": 21, "市区町村コード": 404, "所在地": "岐阜県揖斐郡池田町池野字深池道上７番６", "緯度": 35.442847, "経度": 136.575668, "url": "https://www.iryou.teikyouseido.mhlw.go.jp/znk-web/juminkanja/S2430/initialize?prefCd=21&kikanCd=2101040040&kikanKbn=5", "url2": "http://www.pinokio-pharmacy.jp/", "内容": "ピノキオ薬局　池田店【5:薬局】岐阜県揖斐郡池田町池野字深池道上７番６" }, "geometry": { "type": "Point", "coordinates": [ 136.575668, 35.442847 ] } },
{ "type": "Feature", "properties": { "ID": 2152101040042, "正式名称": "ピノキオ薬局　三町店", "機関区分": 5, "都道府県コード": 21, "市区町村コード": 401, "所在地": "岐阜県揖斐郡揖斐川町長良字上新田６５７番地", "緯度": 35.474697, "経度": 136.584637, "url": "https://www.iryou.teikyouseido.mhlw.go.jp/znk-web/juminkanja/S2430/initialize?prefCd=21&kikanCd=2101040042&kikanKbn=5", "url2": "http://www.pinokio-pharmacy.jp", "内容": "ピノキオ薬局　三町店【5:薬局】岐阜県揖斐郡揖斐川町長良字上新田６５７番地" }, "geometry": { "type": "Point", "coordinates": [ 136.584637, 35.474697 ] } },
{ "type": "Feature", "properties": { "ID": 2152101040043, "正式名称": "ヤナセ薬局", "機関区分": 5, "都道府県コード": 21, "市区町村コード": 404, "所在地": "岐阜県揖斐郡池田町六之井１４７３－５", "緯度": 35.442593, "経度": 136.572006, "url": "https://www.iryou.teikyouseido.mhlw.go.jp/znk-web/juminkanja/S2430/initialize?prefCd=21&kikanCd=2101040043&kikanKbn=5", "url2": null, "内容": "ヤナセ薬局【5:薬局】岐阜県揖斐郡池田町六之井１４７３－５" }, "geometry": { "type": "Point", "coordinates": [ 136.572006, 35.442593 ] } },
{ "type": "Feature", "properties": { "ID": 2152101040047, "正式名称": "ファースト調剤薬局　いび池野店", "機関区分": 5, "都道府県コード": 21, "市区町村コード": 404, "所在地": "岐阜県揖斐郡池田町池野３００－２", "緯度": 35.437549, "経度": 136.57803, "url": "https://www.iryou.teikyouseido.mhlw.go.jp/znk-web/juminkanja/S2430/initialize?prefCd=21&kikanCd=2101040047&kikanKbn=5", "url2": "http://www.first1.jp", "内容": "ファースト調剤薬局　いび池野店【5:薬局】岐阜県揖斐郡池田町池野３００－２" }, "geometry": { "type": "Point", "coordinates": [ 136.57803, 35.437549 ] } },
{ "type": "Feature", "properties": { "ID": 2152101040048, "正式名称": "サンセイ調剤薬局清水店", "機関区分": 5, "都道府県コード": 21, "市区町村コード": 401, "所在地": "岐阜県揖斐郡揖斐川町清水１６７０", "緯度": 35.472837, "経度": 136.593656, "url": "https://www.iryou.teikyouseido.mhlw.go.jp/znk-web/juminkanja/S2430/initialize?prefCd=21&kikanCd=2101040048&kikanKbn=5", "url2": "sannsei.com", "内容": "サンセイ調剤薬局清水店【5:薬局】岐阜県揖斐郡揖斐川町清水１６７０" }, "geometry": { "type": "Point", "coordinates": [ 136.593656, 35.472837 ] } },
{ "type": "Feature", "properties": { "ID": 2152101040049, "正式名称": "ながせ薬局", "機関区分": 5, "都道府県コード": 21, "市区町村コード": 401, "所在地": "岐阜県揖斐郡揖斐川町谷汲長瀬１５０８－３", "緯度": 35.522093, "経度": 136.635181, "url": "https://www.iryou.teikyouseido.mhlw.go.jp/znk-web/juminkanja/S2430/initialize?prefCd=21&kikanCd=2101040049&kikanKbn=5", "url2": "https://www.nagase-group.com", "内容": "ながせ薬局【5:薬局】岐阜県揖斐郡揖斐川町谷汲長瀬１５０８－３" }, "geometry": { "type": "Point", "coordinates": [ 136.635181, 35.522093 ] } },
{ "type": "Feature", "properties": { "ID": 2152101040051, "正式名称": "谷汲調剤薬局", "機関区分": 5, "都道府県コード": 21, "市区町村コード": 401, "所在地": "岐阜県揖斐郡揖斐川町谷汲名礼２５２－２", "緯度": 35.526958, "経度": 136.610189, "url": "https://www.iryou.teikyouseido.mhlw.go.jp/znk-web/juminkanja/S2430/initialize?prefCd=21&kikanCd=2101040051&kikanKbn=5", "url2": null, "内容": "谷汲調剤薬局【5:薬局】岐阜県揖斐郡揖斐川町谷汲名礼２５２－２" }, "geometry": { "type": "Point", "coordinates": [ 136.610189, 35.526958 ] } },
{ "type": "Feature", "properties": { "ID": 2152101040052, "正式名称": "アイセイ薬局　揖斐川店", "機関区分": 5, "都道府県コード": 21, "市区町村コード": 401, "所在地": "岐阜県揖斐郡揖斐川町三輪１０５番", "緯度": 35.487976, "経度": 136.566585, "url": "https://www.iryou.teikyouseido.mhlw.go.jp/znk-web/juminkanja/S2430/initialize?prefCd=21&kikanCd=2101040052&kikanKbn=5", "url2": "http://www.aisei.co.jp", "内容": "アイセイ薬局　揖斐川店【5:薬局】岐阜県揖斐郡揖斐川町三輪１０５番" }, "geometry": { "type": "Point", "coordinates": [ 136.566585, 35.487976 ] } },
{ "type": "Feature", "properties": { "ID": 2152101040053, "正式名称": "しょうなん調剤薬局　久瀬店", "機関区分": 5, "都道府県コード": 21, "市区町村コード": 401, "所在地": "岐阜県揖斐郡揖斐川町東津汲９７０ー４", "緯度": 35.556698, "経度": 136.50779, "url": "https://www.iryou.teikyouseido.mhlw.go.jp/znk-web/juminkanja/S2430/initialize?prefCd=21&kikanCd=2101040053&kikanKbn=5", "url2": null, "内容": "しょうなん調剤薬局　久瀬店【5:薬局】岐阜県揖斐郡揖斐川町東津汲９７０ー４" }, "geometry": { "type": "Point", "coordinates": [ 136.50779, 35.556698 ] } },
{ "type": "Feature", "properties": { "ID": 2152101040054, "正式名称": "Ｖ・ｄｒｕｇ　池田調剤薬局", "機関区分": 5, "都道府県コード": 21, "市区町村コード": 404, "所在地": "岐阜県揖斐郡池田町本郷９１７－１", "緯度": 35.448732, "経度": 136.563912, "url": "https://www.iryou.teikyouseido.mhlw.go.jp/znk-web/juminkanja/S2430/initialize?prefCd=21&kikanCd=2101040054&kikanKbn=5", "url2": "https://vdrug.co.jp/pharmacy/", "内容": "Ｖ・ｄｒｕｇ　池田調剤薬局【5:薬局】岐阜県揖斐郡池田町本郷９１７－１" }, "geometry": { "type": "Point", "coordinates": [ 136.563912, 35.448732 ] } },
{ "type": "Feature", "properties": { "ID": 2152101040055, "正式名称": "しょうなん調剤薬局　大野店", "機関区分": 5, "都道府県コード": 21, "市区町村コード": 403, "所在地": "岐阜県揖斐郡大野町大字黒野字若宮裏７３８番９", "緯度": 35.467145, "経度": 136.634333, "url": "https://www.iryou.teikyouseido.mhlw.go.jp/znk-web/juminkanja/S2430/initialize?prefCd=21&kikanCd=2101040055&kikanKbn=5", "url2": null, "内容": "しょうなん調剤薬局　大野店【5:薬局】岐阜県揖斐郡大野町大字黒野字若宮裏７３８番９" }, "geometry": { "type": "Point", "coordinates": [ 136.634333, 35.467145 ] } },
{ "type": "Feature", "properties": { "ID": 2152101040058, "正式名称": "かきのみ薬局　大野店", "機関区分": 5, "都道府県コード": 21, "市区町村コード": 403, "所在地": "岐阜県揖斐郡大野町下磯２９３番地１", "緯度": 35.429166, "経度": 136.629547, "url": "https://www.iryou.teikyouseido.mhlw.go.jp/znk-web/juminkanja/S2430/initialize?prefCd=21&kikanCd=2101040058&kikanKbn=5", "url2": "kakinomi.co.jp", "内容": "かきのみ薬局　大野店【5:薬局】岐阜県揖斐郡大野町下磯２９３番地１" }, "geometry": { "type": "Point", "coordinates": [ 136.629547, 35.429166 ] } },
{ "type": "Feature", "properties": { "ID": 2152101040060, "正式名称": "竹中カズミ薬局", "機関区分": 5, "都道府県コード": 21, "市区町村コード": 404, "所在地": "岐阜県揖斐郡池田町池野４３９", "緯度": 35.433018, "経度": 136.574095, "url": "https://www.iryou.teikyouseido.mhlw.go.jp/znk-web/juminkanja/S2430/initialize?prefCd=21&kikanCd=2101040060&kikanKbn=5", "url2": null, "内容": "竹中カズミ薬局【5:薬局】岐阜県揖斐郡池田町池野４３９" }, "geometry": { "type": "Point", "coordinates": [ 136.574095, 35.433018 ] } },
{ "type": "Feature", "properties": { "ID": 2152101040061, "正式名称": "粕川調剤薬局", "機関区分": 5, "都道府県コード": 21, "市区町村コード": 401, "所在地": "岐阜県揖斐郡揖斐川町黒田４４２", "緯度": 35.472191, "経度": 136.548579, "url": "https://www.iryou.teikyouseido.mhlw.go.jp/znk-web/juminkanja/S2430/initialize?prefCd=21&kikanCd=2101040061&kikanKbn=5", "url2": null, "内容": "粕川調剤薬局【5:薬局】岐阜県揖斐郡揖斐川町黒田４４２" }, "geometry": { "type": "Point", "coordinates": [ 136.548579, 35.472191 ] } },
{ "type": "Feature", "properties": { "ID": 2152101040063, "正式名称": "いび薬局", "機関区分": 5, "都道府県コード": 21, "市区町村コード": 404, "所在地": "岐阜県揖斐郡池田町八幡字神明ノ木２６９５－２", "緯度": 35.429201, "経度": 136.585093, "url": "https://www.iryou.teikyouseido.mhlw.go.jp/znk-web/juminkanja/S2430/initialize?prefCd=21&kikanCd=2101040063&kikanKbn=5", "url2": null, "内容": "いび薬局【5:薬局】岐阜県揖斐郡池田町八幡字神明ノ木２６９５－２" }, "geometry": { "type": "Point", "coordinates": [ 136.585093, 35.429201 ] } },
{ "type": "Feature", "properties": { "ID": 2152101050002, "正式名称": "株式会社ウラタ薬局", "機関区分": 5, "都道府県コード": 21, "市区町村コード": 205, "所在地": "岐阜県関市鋳物師屋３－２－７", "緯度": 35.475544, "経度": 136.933126, "url": "https://www.iryou.teikyouseido.mhlw.go.jp/znk-web/juminkanja/S2430/initialize?prefCd=21&kikanCd=2101050002&kikanKbn=5", "url2": "urata-no-genkimura.com", "内容": "株式会社ウラタ薬局【5:薬局】岐阜県関市鋳物師屋３－２－７" }, "geometry": { "type": "Point", "coordinates": [ 136.933126, 35.475544 ] } },
{ "type": "Feature", "properties": { "ID": 2152101050016, "正式名称": "きぢや薬局", "機関区分": 5, "都道府県コード": 21, "市区町村コード": 205, "所在地": "岐阜県関市本町１丁目８番地", "緯度": 35.48577, "経度": 136.920344, "url": "https://www.iryou.teikyouseido.mhlw.go.jp/znk-web/juminkanja/S2430/initialize?prefCd=21&kikanCd=2101050016&kikanKbn=5", "url2": "http://www.ne.jp/asahi/kidiya/kusuri/", "内容": "きぢや薬局【5:薬局】岐阜県関市本町１丁目８番地" }, "geometry": { "type": "Point", "coordinates": [ 136.920344, 35.48577 ] } },
{ "type": "Feature", "properties": { "ID": 2152101050060, "正式名称": "ファースト調剤薬局関店", "機関区分": 5, "都道府県コード": 21, "市区町村コード": 205, "所在地": "岐阜県関市池田町９１", "緯度": 35.494823, "経度": 136.898005, "url": "https://www.iryou.teikyouseido.mhlw.go.jp/znk-web/juminkanja/S2430/initialize?prefCd=21&kikanCd=2101050060&kikanKbn=5", "url2": "https://www.first1.jp", "内容": "ファースト調剤薬局関店【5:薬局】岐阜県関市池田町９１" }, "geometry": { "type": "Point", "coordinates": [ 136.898005, 35.494823 ] } },
{ "type": "Feature", "properties": { "ID": 2152101050070, "正式名称": "いるか調剤薬局", "機関区分": 5, "都道府県コード": 21, "市区町村コード": 205, "所在地": "岐阜県関市北福野町１－１－１０", "緯度": 35.488889, "経度": 136.901844, "url": "https://www.iryou.teikyouseido.mhlw.go.jp/znk-web/juminkanja/S2430/initialize?prefCd=21&kikanCd=2101050070&kikanKbn=5", "url2": "http://www.trinitygroup.co.jp/", "内容": "いるか調剤薬局【5:薬局】岐阜県関市北福野町１－１－１０" }, "geometry": { "type": "Point", "coordinates": [ 136.901844, 35.488889 ] } },
{ "type": "Feature", "properties": { "ID": 2152101050071, "正式名称": "ホソノ薬局", "機関区分": 5, "都道府県コード": 21, "市区町村コード": 205, "所在地": "岐阜県関市出来町１３－３", "緯度": 35.485868, "経度": 136.922699, "url": "https://www.iryou.teikyouseido.mhlw.go.jp/znk-web/juminkanja/S2430/initialize?prefCd=21&kikanCd=2101050071&kikanKbn=5", "url2": null, "内容": "ホソノ薬局【5:薬局】岐阜県関市出来町１３－３" }, "geometry": { "type": "Point", "coordinates": [ 136.922699, 35.485868 ] } },
{ "type": "Feature", "properties": { "ID": 2152101050072, "正式名称": "Ｖ・ｄｒｕｇ　関中央薬局", "機関区分": 5, "都道府県コード": 21, "市区町村コード": 205, "所在地": "岐阜県関市緑町２ー１－１０", "緯度": 35.489555, "経度": 136.907158, "url": "https://www.iryou.teikyouseido.mhlw.go.jp/znk-web/juminkanja/S2430/initialize?prefCd=21&kikanCd=2101050072&kikanKbn=5", "url2": "https://www.vdrug.co.jp/", "内容": "Ｖ・ｄｒｕｇ　関中央薬局【5:薬局】岐阜県関市緑町２ー１－１０" }, "geometry": { "type": "Point", "coordinates": [ 136.907158, 35.489555 ] } },
{ "type": "Feature", "properties": { "ID": 2152101050073, "正式名称": "ふうせん薬局　関店", "機関区分": 5, "都道府県コード": 21, "市区町村コード": 205, "所在地": "岐阜県関市平成通１－３－２８サンライズ２１", "緯度": 35.470979, "経度": 136.93542, "url": "https://www.iryou.teikyouseido.mhlw.go.jp/znk-web/juminkanja/S2430/initialize?prefCd=21&kikanCd=2101050073&kikanKbn=5", "url2": "http://kanon-fuusen.com/", "内容": "ふうせん薬局　関店【5:薬局】岐阜県関市平成通１－３－２８サンライズ２１" }, "geometry": { "type": "Point", "coordinates": [ 136.93542, 35.470979 ] } },
{ "type": "Feature", "properties": { "ID": 2152101050077, "正式名称": "スマイル薬局　関店", "機関区分": 5, "都道府県コード": 21, "市区町村コード": 205, "所在地": "岐阜県関市西本郷通　６－７－４４", "緯度": 35.491311, "経度": 136.921922, "url": "https://www.iryou.teikyouseido.mhlw.go.jp/znk-web/juminkanja/S2430/initialize?prefCd=21&kikanCd=2101050077&kikanKbn=5", "url2": null, "内容": "スマイル薬局　関店【5:薬局】岐阜県関市西本郷通　６－７－４４" }, "geometry": { "type": "Point", "coordinates": [ 136.921922, 35.491311 ] } },
{ "type": "Feature", "properties": { "ID": 2152101050080, "正式名称": "恩田橋本屋薬局", "機関区分": 5, "都道府県コード": 21, "市区町村コード": 205, "所在地": "岐阜県関市武芸川町宇多院１２６１－２", "緯度": 35.541095, "経度": 136.82691, "url": "https://www.iryou.teikyouseido.mhlw.go.jp/znk-web/juminkanja/S2430/initialize?prefCd=21&kikanCd=2101050080&kikanKbn=5", "url2": null, "内容": "恩田橋本屋薬局【5:薬局】岐阜県関市武芸川町宇多院１２６１－２" }, "geometry": { "type": "Point", "coordinates": [ 136.82691, 35.541095 ] } },
{ "type": "Feature", "properties": { "ID": 2152101050083, "正式名称": "中津屋薬局", "機関区分": 5, "都道府県コード": 21, "市区町村コード": 205, "所在地": "岐阜県関市仲町１４－８", "緯度": 35.485498, "経度": 136.929279, "url": "https://www.iryou.teikyouseido.mhlw.go.jp/znk-web/juminkanja/S2430/initialize?prefCd=21&kikanCd=2101050083&kikanKbn=5", "url2": null, "内容": "中津屋薬局【5:薬局】岐阜県関市仲町１４－８" }, "geometry": { "type": "Point", "coordinates": [ 136.929279, 35.485498 ] } },
{ "type": "Feature", "properties": { "ID": 2152101050089, "正式名称": "野口薬局", "機関区分": 5, "都道府県コード": 21, "市区町村コード": 205, "所在地": "岐阜県関市向山町２－１１－１４", "緯度": 35.454485, "経度": 136.903159, "url": "https://www.iryou.teikyouseido.mhlw.go.jp/znk-web/juminkanja/S2430/initialize?prefCd=21&kikanCd=2101050089&kikanKbn=5", "url2": null, "内容": "野口薬局【5:薬局】岐阜県関市向山町２－１１－１４" }, "geometry": { "type": "Point", "coordinates": [ 136.903159, 35.454485 ] } },
{ "type": "Feature", "properties": { "ID": 2152101050092, "正式名称": "神明調剤薬局", "機関区分": 5, "都道府県コード": 21, "市区町村コード": 205, "所在地": "岐阜県関市寿町一丁目１番２０号", "緯度": 35.477386, "経度": 136.922377, "url": "https://www.iryou.teikyouseido.mhlw.go.jp/znk-web/juminkanja/S2430/initialize?prefCd=21&kikanCd=2101050092&kikanKbn=5", "url2": null, "内容": "神明調剤薬局【5:薬局】岐阜県関市寿町一丁目１番２０号" }, "geometry": { "type": "Point", "coordinates": [ 136.922377, 35.477386 ] } },
{ "type": "Feature", "properties": { "ID": 2152101050098, "正式名称": "調剤薬局　ついきファーマシー", "機関区分": 5, "都道府県コード": 21, "市区町村コード": 205, "所在地": "岐阜県関市北仙房３６番地", "緯度": 35.493003, "経度": 136.906145, "url": "https://www.iryou.teikyouseido.mhlw.go.jp/znk-web/juminkanja/S2430/initialize?prefCd=21&kikanCd=2101050098&kikanKbn=5", "url2": null, "内容": "調剤薬局　ついきファーマシー【5:薬局】岐阜県関市北仙房３６番地" }, "geometry": { "type": "Point", "coordinates": [ 136.906145, 35.493003 ] } },
{ "type": "Feature", "properties": { "ID": 2152101050103, "正式名称": "くすりのはるか", "機関区分": 5, "都道府県コード": 21, "市区町村コード": 205, "所在地": "岐阜県関市西神野１９８－１", "緯度": 35.518809, "経度": 136.972096, "url": "https://www.iryou.teikyouseido.mhlw.go.jp/znk-web/juminkanja/S2430/initialize?prefCd=21&kikanCd=2101050103&kikanKbn=5", "url2": null, "内容": "くすりのはるか【5:薬局】岐阜県関市西神野１９８－１" }, "geometry": { "type": "Point", "coordinates": [ 136.972096, 35.518809 ] } },
{ "type": "Feature", "properties": { "ID": 2152101050105, "正式名称": "有限会社丹羽薬局", "機関区分": 5, "都道府県コード": 21, "市区町村コード": 205, "所在地": "岐阜県関市栄町１丁目３番地１", "緯度": 35.487083, "経度": 136.911725, "url": "https://www.iryou.teikyouseido.mhlw.go.jp/znk-web/juminkanja/S2430/initialize?prefCd=21&kikanCd=2101050105&kikanKbn=5", "url2": null, "内容": "有限会社丹羽薬局【5:薬局】岐阜県関市栄町１丁目３番地１" }, "geometry": { "type": "Point", "coordinates": [ 136.911725, 35.487083 ] } },
{ "type": "Feature", "properties": { "ID": 2152101050106, "正式名称": "みどり調剤薬局", "機関区分": 5, "都道府県コード": 21, "市区町村コード": 205, "所在地": "岐阜県関市辻井戸町１－５６", "緯度": 35.488039, "経度": 136.910171, "url": "https://www.iryou.teikyouseido.mhlw.go.jp/znk-web/juminkanja/S2430/initialize?prefCd=21&kikanCd=2101050106&kikanKbn=5", "url2": null, "内容": "みどり調剤薬局【5:薬局】岐阜県関市辻井戸町１－５６" }, "geometry": { "type": "Point", "coordinates": [ 136.910171, 35.488039 ] } },
{ "type": "Feature", "properties": { "ID": 2152101050107, "正式名称": "（有）手嶋薬局", "機関区分": 5, "都道府県コード": 21, "市区町村コード": 207, "所在地": "岐阜県美濃市１９７７", "緯度": 35.545802, "経度": 136.911154, "url": "https://www.iryou.teikyouseido.mhlw.go.jp/znk-web/juminkanja/S2430/initialize?prefCd=21&kikanCd=2101050107&kikanKbn=5", "url2": null, "内容": "（有）手嶋薬局【5:薬局】岐阜県美濃市１９７７" }, "geometry": { "type": "Point", "coordinates": [ 136.911154, 35.545802 ] } },
{ "type": "Feature", "properties": { "ID": 2152101050109, "正式名称": "たんぽぽ薬局　関店", "機関区分": 5, "都道府県コード": 21, "市区町村コード": 205, "所在地": "岐阜県関市西本郷字笹島１３０ー１", "緯度": 35.494438, "経度": 136.919836, "url": "https://www.iryou.teikyouseido.mhlw.go.jp/znk-web/juminkanja/S2430/initialize?prefCd=21&kikanCd=2101050109&kikanKbn=5", "url2": "http://www.tanpopo-ph.co.jp/", "内容": "たんぽぽ薬局　関店【5:薬局】岐阜県関市西本郷字笹島１３０ー１" }, "geometry": { "type": "Point", "coordinates": [ 136.919836, 35.494438 ] } },
{ "type": "Feature", "properties": { "ID": 2152101050110, "正式名称": "Ｖ・ｄｒｕｇ　中濃厚生病院前薬局", "機関区分": 5, "都道府県コード": 21, "市区町村コード": 205, "所在地": "岐阜県関市西本郷１３１－１", "緯度": 35.494286, "経度": 136.919439, "url": "https://www.iryou.teikyouseido.mhlw.go.jp/znk-web/juminkanja/S2430/initialize?prefCd=21&kikanCd=2101050110&kikanKbn=5", "url2": "https://www.vdrug.co.jp/", "内容": "Ｖ・ｄｒｕｇ　中濃厚生病院前薬局【5:薬局】岐阜県関市西本郷１３１－１" }, "geometry": { "type": "Point", "coordinates": [ 136.919439, 35.494286 ] } },
{ "type": "Feature", "properties": { "ID": 2152101050114, "正式名称": "ピノキオ薬局　関店", "機関区分": 5, "都道府県コード": 21, "市区町村コード": 205, "所在地": "岐阜県関市大字東本郷字名無木１７６", "緯度": 35.494196, "経度": 136.922392, "url": "https://www.iryou.teikyouseido.mhlw.go.jp/znk-web/juminkanja/S2430/initialize?prefCd=21&kikanCd=2101050114&kikanKbn=5", "url2": "http://www.pinokio-pharmacy.jp", "内容": "ピノキオ薬局　関店【5:薬局】岐阜県関市大字東本郷字名無木１７６" }, "geometry": { "type": "Point", "coordinates": [ 136.922392, 35.494196 ] } },
{ "type": "Feature", "properties": { "ID": 2152101050119, "正式名称": "ハーズ美濃調剤薬局", "機関区分": 5, "都道府県コード": 21, "市区町村コード": 207, "所在地": "岐阜県美濃市中央４ー３ー１７", "緯度": 35.539708, "経度": 136.901683, "url": "https://www.iryou.teikyouseido.mhlw.go.jp/znk-web/juminkanja/S2430/initialize?prefCd=21&kikanCd=2101050119&kikanKbn=5", "url2": "https://www.hars.co.jp", "内容": "ハーズ美濃調剤薬局【5:薬局】岐阜県美濃市中央４ー３ー１７" }, "geometry": { "type": "Point", "coordinates": [ 136.901683, 35.539708 ] } },
{ "type": "Feature", "properties": { "ID": 2152101050123, "正式名称": "スギ薬局　関店", "機関区分": 5, "都道府県コード": 21, "市区町村コード": 205, "所在地": "岐阜県関市倉知字祭場下４２３番地", "緯度": 35.478671, "経度": 136.902348, "url": "https://www.iryou.teikyouseido.mhlw.go.jp/znk-web/juminkanja/S2430/initialize?prefCd=21&kikanCd=2101050123&kikanKbn=5", "url2": "http://www.drug-sugi.co.jp/", "内容": "スギ薬局　関店【5:薬局】岐阜県関市倉知字祭場下４２３番地" }, "geometry": { "type": "Point", "coordinates": [ 136.902348, 35.478671 ] } },
{ "type": "Feature", "properties": { "ID": 2152101050124, "正式名称": "いもじや薬局", "機関区分": 5, "都道府県コード": 21, "市区町村コード": 205, "所在地": "岐阜県関市鋳物師屋６丁目１５５番地", "緯度": 35.471056, "経度": 136.932506, "url": "https://www.iryou.teikyouseido.mhlw.go.jp/znk-web/juminkanja/S2430/initialize?prefCd=21&kikanCd=2101050124&kikanKbn=5", "url2": null, "内容": "いもじや薬局【5:薬局】岐阜県関市鋳物師屋６丁目１５５番地" }, "geometry": { "type": "Point", "coordinates": [ 136.932506, 35.471056 ] } },
{ "type": "Feature", "properties": { "ID": 2152101050125, "正式名称": "すこやか漢方調剤薬局", "機関区分": 5, "都道府県コード": 21, "市区町村コード": 205, "所在地": "岐阜県関市山田８２３－２", "緯度": 35.469316, "経度": 136.861224, "url": "https://www.iryou.teikyouseido.mhlw.go.jp/znk-web/juminkanja/S2430/initialize?prefCd=21&kikanCd=2101050125&kikanKbn=5", "url2": null, "内容": "すこやか漢方調剤薬局【5:薬局】岐阜県関市山田８２３－２" }, "geometry": { "type": "Point", "coordinates": [ 136.861224, 35.469316 ] } },
{ "type": "Feature", "properties": { "ID": 2152101050126, "正式名称": "松前屋調剤薬局", "機関区分": 5, "都道府県コード": 21, "市区町村コード": 205, "所在地": "岐阜県関市本町５－１５－１０", "緯度": 35.485518, "経度": 136.915203, "url": "https://www.iryou.teikyouseido.mhlw.go.jp/znk-web/juminkanja/S2430/initialize?prefCd=21&kikanCd=2101050126&kikanKbn=5", "url2": null, "内容": "松前屋調剤薬局【5:薬局】岐阜県関市本町５－１５－１０" }, "geometry": { "type": "Point", "coordinates": [ 136.915203, 35.485518 ] } },
{ "type": "Feature", "properties": { "ID": 2152101050128, "正式名称": "株式会社ウラタ薬局　仲町店", "機関区分": 5, "都道府県コード": 21, "市区町村コード": 205, "所在地": "岐阜県関市仲町１２１－３", "緯度": 35.485679, "経度": 136.928917, "url": "https://www.iryou.teikyouseido.mhlw.go.jp/znk-web/juminkanja/S2430/initialize?prefCd=21&kikanCd=2101050128&kikanKbn=5", "url2": "http://uata-no-genkimura.com/", "内容": "株式会社ウラタ薬局　仲町店【5:薬局】岐阜県関市仲町１２１－３" }, "geometry": { "type": "Point", "coordinates": [ 136.928917, 35.485679 ] } },
{ "type": "Feature", "properties": { "ID": 2152101050130, "正式名称": "Ｖ・ｄｒｕｇ　美濃インター薬局", "機関区分": 5, "都道府県コード": 21, "市区町村コード": 207, "所在地": "岐阜県美濃市中央十丁目１５２番地", "緯度": 35.530873, "経度": 136.900874, "url": "https://www.iryou.teikyouseido.mhlw.go.jp/znk-web/juminkanja/S2430/initialize?prefCd=21&kikanCd=2101050130&kikanKbn=5", "url2": "https://www.vdrug.co.jp/", "内容": "Ｖ・ｄｒｕｇ　美濃インター薬局【5:薬局】岐阜県美濃市中央十丁目１５２番地" }, "geometry": { "type": "Point", "coordinates": [ 136.900874, 35.530873 ] } },
{ "type": "Feature", "properties": { "ID": 2152101050135, "正式名称": "ふうせん薬局　田原店", "機関区分": 5, "都道府県コード": 21, "市区町村コード": 205, "所在地": "岐阜県関市西田原１３２２−２", "緯度": 35.458445, "経度": 136.946722, "url": "https://www.iryou.teikyouseido.mhlw.go.jp/znk-web/juminkanja/S2430/initialize?prefCd=21&kikanCd=2101050135&kikanKbn=5", "url2": "http://kanon-fuusen.com/", "内容": "ふうせん薬局　田原店【5:薬局】岐阜県関市西田原１３２２−２" }, "geometry": { "type": "Point", "coordinates": [ 136.946722, 35.458445 ] } },
{ "type": "Feature", "properties": { "ID": 2152101050137, "正式名称": "Ｖ・ｄｒｕｇ　関みなみ薬局", "機関区分": 5, "都道府県コード": 21, "市区町村コード": 205, "所在地": "岐阜県関市神明町３丁目６－１７", "緯度": 35.473453, "経度": 136.924159, "url": "https://www.iryou.teikyouseido.mhlw.go.jp/znk-web/juminkanja/S2430/initialize?prefCd=21&kikanCd=2101050137&kikanKbn=5", "url2": "https://www.vdrug.co.jp/", "内容": "Ｖ・ｄｒｕｇ　関みなみ薬局【5:薬局】岐阜県関市神明町３丁目６－１７" }, "geometry": { "type": "Point", "coordinates": [ 136.924159, 35.473453 ] } },
{ "type": "Feature", "properties": { "ID": 2152101050139, "正式名称": "旭ヶ丘調剤薬局", "機関区分": 5, "都道府県コード": 21, "市区町村コード": 205, "所在地": "岐阜県関市旭ケ丘２－２－２１", "緯度": 35.482581, "経度": 136.927929, "url": "https://www.iryou.teikyouseido.mhlw.go.jp/znk-web/juminkanja/S2430/initialize?prefCd=21&kikanCd=2101050139&kikanKbn=5", "url2": null, "内容": "旭ヶ丘調剤薬局【5:薬局】岐阜県関市旭ケ丘２－２－２１" }, "geometry": { "type": "Point", "coordinates": [ 136.927929, 35.482581 ] } },
{ "type": "Feature", "properties": { "ID": 2152101050140, "正式名称": "つぼ川薬局", "機関区分": 5, "都道府県コード": 21, "市区町村コード": 205, "所在地": "岐阜県関市富之保２００１番地１", "緯度": 35.583244, "経度": 137.014319, "url": "https://www.iryou.teikyouseido.mhlw.go.jp/znk-web/juminkanja/S2430/initialize?prefCd=21&kikanCd=2101050140&kikanKbn=5", "url2": "http://renka-kifune-ikoi.com", "内容": "つぼ川薬局【5:薬局】岐阜県関市富之保２００１番地１" }, "geometry": { "type": "Point", "coordinates": [ 137.014319, 35.583244 ] } },
{ "type": "Feature", "properties": { "ID": 2152101050141, "正式名称": "オレンジ薬局", "機関区分": 5, "都道府県コード": 21, "市区町村コード": 205, "所在地": "岐阜県関市中福野町１０－２", "緯度": 35.487965, "経度": 136.904353, "url": "https://www.iryou.teikyouseido.mhlw.go.jp/znk-web/juminkanja/S2430/initialize?prefCd=21&kikanCd=2101050141&kikanKbn=5", "url2": "http://sankou-medical.jp/", "内容": "オレンジ薬局【5:薬局】岐阜県関市中福野町１０－２" }, "geometry": { "type": "Point", "coordinates": [ 136.904353, 35.487965 ] } },
{ "type": "Feature", "properties": { "ID": 2152101050142, "正式名称": "クスリのアオキ鋳物師屋薬局", "機関区分": 5, "都道府県コード": 21, "市区町村コード": 205, "所在地": "岐阜県関市笠屋１丁目７５番地", "緯度": 35.477413, "経度": 136.938195, "url": "https://www.iryou.teikyouseido.mhlw.go.jp/znk-web/juminkanja/S2430/initialize?prefCd=21&kikanCd=2101050142&kikanKbn=5", "url2": "http://www.kusuri-aoki.co.jp/", "内容": "クスリのアオキ鋳物師屋薬局【5:薬局】岐阜県関市笠屋１丁目７５番地" }, "geometry": { "type": "Point", "coordinates": [ 136.938195, 35.477413 ] } },
{ "type": "Feature", "properties": { "ID": 2152101050143, "正式名称": "かえで調剤薬局", "機関区分": 5, "都道府県コード": 21, "市区町村コード": 207, "所在地": "岐阜県美濃市松栄町５－１", "緯度": 35.530615, "経度": 136.911203, "url": "https://www.iryou.teikyouseido.mhlw.go.jp/znk-web/juminkanja/S2430/initialize?prefCd=21&kikanCd=2101050143&kikanKbn=5", "url2": null, "内容": "かえで調剤薬局【5:薬局】岐阜県美濃市松栄町５－１" }, "geometry": { "type": "Point", "coordinates": [ 136.911203, 35.530615 ] } },
{ "type": "Feature", "properties": { "ID": 2152101050145, "正式名称": "しいのみ薬局", "機関区分": 5, "都道府県コード": 21, "市区町村コード": 205, "所在地": "岐阜県関市上白金１０５ー１", "緯度": 35.482791, "経度": 136.862769, "url": "https://www.iryou.teikyouseido.mhlw.go.jp/znk-web/juminkanja/S2430/initialize?prefCd=21&kikanCd=2101050145&kikanKbn=5", "url2": "https://www.gifu-min.jp/pharma/page_303.html", "内容": "しいのみ薬局【5:薬局】岐阜県関市上白金１０５ー１" }, "geometry": { "type": "Point", "coordinates": [ 136.862769, 35.482791 ] } },
{ "type": "Feature", "properties": { "ID": 2152101050146, "正式名称": "アイン薬局美濃店", "機関区分": 5, "都道府県コード": 21, "市区町村コード": 207, "所在地": "岐阜県美濃市中央４丁目３番１６", "緯度": 35.539683, "経度": 136.901897, "url": "https://www.iryou.teikyouseido.mhlw.go.jp/znk-web/juminkanja/S2430/initialize?prefCd=21&kikanCd=2101050146&kikanKbn=5", "url2": "https://www.ainj.co.jp/", "内容": "アイン薬局美濃店【5:薬局】岐阜県美濃市中央４丁目３番１６" }, "geometry": { "type": "Point", "coordinates": [ 136.901897, 35.539683 ] } },
{ "type": "Feature", "properties": { "ID": 2152101050148, "正式名称": "海薬局", "機関区分": 5, "都道府県コード": 21, "市区町村コード": 205, "所在地": "岐阜県関市下有知５２２８－１", "緯度": 35.506531, "経度": 136.911045, "url": "https://www.iryou.teikyouseido.mhlw.go.jp/znk-web/juminkanja/S2430/initialize?prefCd=21&kikanCd=2101050148&kikanKbn=5", "url2": "nagase-group.com", "内容": "海薬局【5:薬局】岐阜県関市下有知５２２８－１" }, "geometry": { "type": "Point", "coordinates": [ 136.911045, 35.506531 ] } },
{ "type": "Feature", "properties": { "ID": 2152101050150, "正式名称": "日本調剤　関薬局", "機関区分": 5, "都道府県コード": 21, "市区町村コード": 205, "所在地": "岐阜県関市東本郷１７７－４", "緯度": 35.493925, "経度": 136.922353, "url": "https://www.iryou.teikyouseido.mhlw.go.jp/znk-web/juminkanja/S2430/initialize?prefCd=21&kikanCd=2101050150&kikanKbn=5", "url2": "http://www.nicho.co.jp", "内容": "日本調剤　関薬局【5:薬局】岐阜県関市東本郷１７７－４" }, "geometry": { "type": "Point", "coordinates": [ 136.922353, 35.493925 ] } },
{ "type": "Feature", "properties": { "ID": 2152101050151, "正式名称": "Ｖ・ｄｒｕｇ　美濃わらび薬局", "機関区分": 5, "都道府県コード": 21, "市区町村コード": 207, "所在地": "岐阜県美濃市大字蕨生字浅野１３９番地１", "緯度": 35.582226, "経度": 136.894078, "url": "https://www.iryou.teikyouseido.mhlw.go.jp/znk-web/juminkanja/S2430/initialize?prefCd=21&kikanCd=2101050151&kikanKbn=5", "url2": "https://www.vdrug.co.jp/pharmacy/", "内容": "Ｖ・ｄｒｕｇ　美濃わらび薬局【5:薬局】岐阜県美濃市大字蕨生字浅野１３９番地１" }, "geometry": { "type": "Point", "coordinates": [ 136.894078, 35.582226 ] } },
{ "type": "Feature", "properties": { "ID": 2152101050152, "正式名称": "Ｖ・ｄｒｕｇ　稲口薬局", "機関区分": 5, "都道府県コード": 21, "市区町村コード": 205, "所在地": "岐阜県関市稲口柳洞７７３番地１", "緯度": 35.470073, "経度": 136.925287, "url": "https://www.iryou.teikyouseido.mhlw.go.jp/znk-web/juminkanja/S2430/initialize?prefCd=21&kikanCd=2101050152&kikanKbn=5", "url2": "https://www.vdrug.co.jp/", "内容": "Ｖ・ｄｒｕｇ　稲口薬局【5:薬局】岐阜県関市稲口柳洞７７３番地１" }, "geometry": { "type": "Point", "coordinates": [ 136.925287, 35.470073 ] } },
{ "type": "Feature", "properties": { "ID": 2152101050154, "正式名称": "マリーン薬局関店", "機関区分": 5, "都道府県コード": 21, "市区町村コード": 205, "所在地": "岐阜県関市小屋名８５０番地１", "緯度": 35.488459, "経度": 136.871724, "url": "https://www.iryou.teikyouseido.mhlw.go.jp/znk-web/juminkanja/S2430/initialize?prefCd=21&kikanCd=2101050154&kikanKbn=5", "url2": "https://www.marinegroup.jp/", "内容": "マリーン薬局関店【5:薬局】岐阜県関市小屋名８５０番地１" }, "geometry": { "type": "Point", "coordinates": [ 136.871724, 35.488459 ] } },
{ "type": "Feature", "properties": { "ID": 2152101050155, "正式名称": "調剤薬局　Ｇ・Ｐファルマ武芸川店", "機関区分": 5, "都道府県コード": 21, "市区町村コード": 205, "所在地": "岐阜県関市武芸川町高野５８５番地", "緯度": 35.522907, "経度": 136.857589, "url": "https://www.iryou.teikyouseido.mhlw.go.jp/znk-web/juminkanja/S2430/initialize?prefCd=21&kikanCd=2101050155&kikanKbn=5", "url2": null, "内容": "調剤薬局　Ｇ・Ｐファルマ武芸川店【5:薬局】岐阜県関市武芸川町高野５８５番地" }, "geometry": { "type": "Point", "coordinates": [ 136.857589, 35.522907 ] } },
{ "type": "Feature", "properties": { "ID": 2152101050158, "正式名称": "Ｖ・ｄｒｕｇ関緑ヶ丘薬局", "機関区分": 5, "都道府県コード": 21, "市区町村コード": 205, "所在地": "岐阜県関市緑ケ丘２丁目４番７号", "緯度": 35.493506, "経度": 136.89994, "url": "https://www.iryou.teikyouseido.mhlw.go.jp/znk-web/juminkanja/S2430/initialize?prefCd=21&kikanCd=2101050158&kikanKbn=5", "url2": "https://vdrug.co.jp/pharmacy/", "内容": "Ｖ・ｄｒｕｇ関緑ヶ丘薬局【5:薬局】岐阜県関市緑ケ丘２丁目４番７号" }, "geometry": { "type": "Point", "coordinates": [ 136.89994, 35.493506 ] } },
{ "type": "Feature", "properties": { "ID": 2152101050159, "正式名称": "あおい薬局美濃店", "機関区分": 5, "都道府県コード": 21, "市区町村コード": 207, "所在地": "岐阜県美濃市松森２１５－６", "緯度": 35.529119, "経度": 136.905585, "url": "https://www.iryou.teikyouseido.mhlw.go.jp/znk-web/juminkanja/S2430/initialize?prefCd=21&kikanCd=2101050159&kikanKbn=5", "url2": "https://www.aoigroup.jp/", "内容": "あおい薬局美濃店【5:薬局】岐阜県美濃市松森２１５－６" }, "geometry": { "type": "Point", "coordinates": [ 136.905585, 35.529119 ] } },
{ "type": "Feature", "properties": { "ID": 2152101050160, "正式名称": "Ｖ・ｄｒｕｇ　関おぜ薬局", "機関区分": 5, "都道府県コード": 21, "市区町村コード": 205, "所在地": "岐阜県関市小瀬字河戸前５５７－２", "緯度": 35.50055, "経度": 136.89128, "url": "https://www.iryou.teikyouseido.mhlw.go.jp/znk-web/juminkanja/S2430/initialize?prefCd=21&kikanCd=2101050160&kikanKbn=5", "url2": null, "内容": "Ｖ・ｄｒｕｇ　関おぜ薬局【5:薬局】岐阜県関市小瀬字河戸前５５７－２" }, "geometry": { "type": "Point", "coordinates": [ 136.89128, 35.50055 ] } },
{ "type": "Feature", "properties": { "ID": 2152101050161, "正式名称": "株式会社ウラタ薬局　関山田店", "機関区分": 5, "都道府県コード": 21, "市区町村コード": 205, "所在地": "岐阜県関市山田９７７－４", "緯度": 35.467384, "経度": 136.876165, "url": "https://www.iryou.teikyouseido.mhlw.go.jp/znk-web/juminkanja/S2430/initialize?prefCd=21&kikanCd=2101050161&kikanKbn=5", "url2": "https://urata-no-genkimura.com", "内容": "株式会社ウラタ薬局　関山田店【5:薬局】岐阜県関市山田９７７－４" }, "geometry": { "type": "Point", "coordinates": [ 136.876165, 35.467384 ] } },
{ "type": "Feature", "properties": { "ID": 2152101050162, "正式名称": "Ｖ・ｄｒｕｇ　関西福野薬局", "機関区分": 5, "都道府県コード": 21, "市区町村コード": 205, "所在地": "岐阜県関市西福野町２丁目１５－７", "緯度": 35.486535, "経度": 136.899973, "url": "https://www.iryou.teikyouseido.mhlw.go.jp/znk-web/juminkanja/S2430/initialize?prefCd=21&kikanCd=2101050162&kikanKbn=5", "url2": "http://www.vdrug.co.jp", "内容": "Ｖ・ｄｒｕｇ　関西福野薬局【5:薬局】岐阜県関市西福野町２丁目１５－７" }, "geometry": { "type": "Point", "coordinates": [ 136.899973, 35.486535 ] } },
{ "type": "Feature", "properties": { "ID": 2152101050163, "正式名称": "だん調剤薬局", "機関区分": 5, "都道府県コード": 21, "市区町村コード": 207, "所在地": "岐阜県美濃市広岡町２９３２－１０", "緯度": 35.543022, "経度": 136.91216, "url": "https://www.iryou.teikyouseido.mhlw.go.jp/znk-web/juminkanja/S2430/initialize?prefCd=21&kikanCd=2101050163&kikanKbn=5", "url2": null, "内容": "だん調剤薬局【5:薬局】岐阜県美濃市広岡町２９３２－１０" }, "geometry": { "type": "Point", "coordinates": [ 136.91216, 35.543022 ] } },
{ "type": "Feature", "properties": { "ID": 2152101050164, "正式名称": "きらら調剤薬局　倉知店", "機関区分": 5, "都道府県コード": 21, "市区町村コード": 205, "所在地": "岐阜県関市倉知８３０番地", "緯度": 35.479676, "経度": 136.898854, "url": "https://www.iryou.teikyouseido.mhlw.go.jp/znk-web/juminkanja/S2430/initialize?prefCd=21&kikanCd=2101050164&kikanKbn=5", "url2": "https://wellifepharmacy.wepage.com/page4", "内容": "きらら調剤薬局　倉知店【5:薬局】岐阜県関市倉知８３０番地" }, "geometry": { "type": "Point", "coordinates": [ 136.898854, 35.479676 ] } },
{ "type": "Feature", "properties": { "ID": 2152101050165, "正式名称": "Ｖ・ｄｒｕｇ　美濃生櫛薬局", "機関区分": 5, "都道府県コード": 21, "市区町村コード": 207, "所在地": "岐阜県美濃市大字生櫛字東河原１６１４－１８０", "緯度": 35.52582, "経度": 136.899851, "url": "https://www.iryou.teikyouseido.mhlw.go.jp/znk-web/juminkanja/S2430/initialize?prefCd=21&kikanCd=2101050165&kikanKbn=5", "url2": "https://store.vdrug.co.jp/detail/30241/", "内容": "Ｖ・ｄｒｕｇ　美濃生櫛薬局【5:薬局】岐阜県美濃市大字生櫛字東河原１６１４－１８０" }, "geometry": { "type": "Point", "coordinates": [ 136.899851, 35.52582 ] } },
{ "type": "Feature", "properties": { "ID": 2152101060011, "正式名称": "ユタカ調剤薬局山手", "機関区分": 5, "都道府県コード": 21, "市区町村コード": 211, "所在地": "岐阜県美濃加茂市前平町１ー１００ー３", "緯度": 35.451743, "経度": 137.006813, "url": "https://www.iryou.teikyouseido.mhlw.go.jp/znk-web/juminkanja/S2430/initialize?prefCd=21&kikanCd=2101060011&kikanKbn=5", "url2": "http://www.d-yutaka.co.jp", "内容": "ユタカ調剤薬局山手【5:薬局】岐阜県美濃加茂市前平町１ー１００ー３" }, "geometry": { "type": "Point", "coordinates": [ 137.006813, 35.451743 ] } },
{ "type": "Feature", "properties": { "ID": 2152101060013, "正式名称": "フジサワ薬局　北町調剤センター", "機関区分": 5, "都道府県コード": 21, "市区町村コード": 211, "所在地": "岐阜県美濃加茂市太田町１８８２－７", "緯度": 35.443458, "経度": 137.016175, "url": "https://www.iryou.teikyouseido.mhlw.go.jp/znk-web/juminkanja/S2430/initialize?prefCd=21&kikanCd=2101060013&kikanKbn=5", "url2": "sankou-medical.co.jp", "内容": "フジサワ薬局　北町調剤センター【5:薬局】岐阜県美濃加茂市太田町１８８２－７" }, "geometry": { "type": "Point", "coordinates": [ 137.016175, 35.443458 ] } },
{ "type": "Feature", "properties": { "ID": 2152101060023, "正式名称": "スマイル薬局　田島店", "機関区分": 5, "都道府県コード": 21, "市区町村コード": 211, "所在地": "岐阜県美濃加茂市田島町四丁目－８－７", "緯度": 35.448156, "経度": 137.027312, "url": "https://www.iryou.teikyouseido.mhlw.go.jp/znk-web/juminkanja/S2430/initialize?prefCd=21&kikanCd=2101060023&kikanKbn=5", "url2": null, "内容": "スマイル薬局　田島店【5:薬局】岐阜県美濃加茂市田島町四丁目－８－７" }, "geometry": { "type": "Point", "coordinates": [ 137.027312, 35.448156 ] } },
{ "type": "Feature", "properties": { "ID": 2152101060026, "正式名称": "有限会社　まみや調剤薬局", "機関区分": 5, "都道府県コード": 21, "市区町村コード": 214, "所在地": "岐阜県可児市広見８４７－１０", "緯度": 35.420698, "経度": 137.062622, "url": "https://www.iryou.teikyouseido.mhlw.go.jp/znk-web/juminkanja/S2430/initialize?prefCd=21&kikanCd=2101060026&kikanKbn=5", "url2": "http://mamiya89.web.fc2.com/", "内容": "有限会社　まみや調剤薬局【5:薬局】岐阜県可児市広見８４７－１０" }, "geometry": { "type": "Point", "coordinates": [ 137.062622, 35.420698 ] } },
{ "type": "Feature", "properties": { "ID": 2152101060027, "正式名称": "エース薬局　広見店", "機関区分": 5, "都道府県コード": 21, "市区町村コード": 214, "所在地": "岐阜県可児市広見８４７－１０", "緯度": 35.420698, "経度": 137.062622, "url": "https://www.iryou.teikyouseido.mhlw.go.jp/znk-web/juminkanja/S2430/initialize?prefCd=21&kikanCd=2101060027&kikanKbn=5", "url2": "http://www.seiyou.co.jp", "内容": "エース薬局　広見店【5:薬局】岐阜県可児市広見８４７－１０" }, "geometry": { "type": "Point", "coordinates": [ 137.062622, 35.420698 ] } },
{ "type": "Feature", "properties": { "ID": 2152101060029, "正式名称": "シンコー薬局　みのかも店", "機関区分": 5, "都道府県コード": 21, "市区町村コード": 211, "所在地": "岐阜県美濃加茂市本郷町７－１３４－４", "緯度": 35.457852, "経度": 137.041996, "url": "https://www.iryou.teikyouseido.mhlw.go.jp/znk-web/juminkanja/S2430/initialize?prefCd=21&kikanCd=2101060029&kikanKbn=5", "url2": "http://www.shinko-pharmacy.com/", "内容": "シンコー薬局　みのかも店【5:薬局】岐阜県美濃加茂市本郷町７－１３４－４" }, "geometry": { "type": "Point", "coordinates": [ 137.041996, 35.457852 ] } },
{ "type": "Feature", "properties": { "ID": 2152101060038, "正式名称": "Ｖ・ｄｒｕｇ　かたびら薬局", "機関区分": 5, "都道府県コード": 21, "市区町村コード": 214, "所在地": "岐阜県可児市帷子新町２－８１", "緯度": 35.402631, "経度": 137.011887, "url": "https://www.iryou.teikyouseido.mhlw.go.jp/znk-web/juminkanja/S2430/initialize?prefCd=21&kikanCd=2101060038&kikanKbn=5", "url2": "https://www.vdrug.co.jp/", "内容": "Ｖ・ｄｒｕｇ　かたびら薬局【5:薬局】岐阜県可児市帷子新町２－８１" }, "geometry": { "type": "Point", "coordinates": [ 137.011887, 35.402631 ] } },
{ "type": "Feature", "properties": { "ID": 2152101060041, "正式名称": "きりん薬局", "機関区分": 5, "都道府県コード": 21, "市区町村コード": 211, "所在地": "岐阜県美濃加茂市太田町２８１９－５", "緯度": 35.441442, "経度": 137.015112, "url": "https://www.iryou.teikyouseido.mhlw.go.jp/znk-web/juminkanja/S2430/initialize?prefCd=21&kikanCd=2101060041&kikanKbn=5", "url2": "sankou-medical.co.jp", "内容": "きりん薬局【5:薬局】岐阜県美濃加茂市太田町２８１９－５" }, "geometry": { "type": "Point", "coordinates": [ 137.015112, 35.441442 ] } },
{ "type": "Feature", "properties": { "ID": 2152101060044, "正式名称": "美加登調剤薬局", "機関区分": 5, "都道府県コード": 21, "市区町村コード": 503, "所在地": "岐阜県加茂郡川辺町石神２５７番３", "緯度": 35.495325, "経度": 137.067922, "url": "https://www.iryou.teikyouseido.mhlw.go.jp/znk-web/juminkanja/S2430/initialize?prefCd=21&kikanCd=2101060044&kikanKbn=5", "url2": null, "内容": "美加登調剤薬局【5:薬局】岐阜県加茂郡川辺町石神２５７番３" }, "geometry": { "type": "Point", "coordinates": [ 137.067922, 35.495325 ] } },
{ "type": "Feature", "properties": { "ID": 2152101060046, "正式名称": "あいかわ薬局", "機関区分": 5, "都道府県コード": 21, "市区町村コード": 211, "所在地": "岐阜県美濃加茂市大手町２－２０", "緯度": 35.447342, "経度": 137.018308, "url": "https://www.iryou.teikyouseido.mhlw.go.jp/znk-web/juminkanja/S2430/initialize?prefCd=21&kikanCd=2101060046&kikanKbn=5", "url2": "https://aikawa.hongoufukusikai.com", "内容": "あいかわ薬局【5:薬局】岐阜県美濃加茂市大手町２－２０" }, "geometry": { "type": "Point", "coordinates": [ 137.018308, 35.447342 ] } },
{ "type": "Feature", "properties": { "ID": 2152101060048, "正式名称": "（有）ワコウ薬局", "機関区分": 5, "都道府県コード": 21, "市区町村コード": 214, "所在地": "岐阜県可児市長坂１－５７", "緯度": 35.399623, "経度": 137.0072, "url": "https://www.iryou.teikyouseido.mhlw.go.jp/znk-web/juminkanja/S2430/initialize?prefCd=21&kikanCd=2101060048&kikanKbn=5", "url2": "http://www.wakou-yakkyoku.com/", "内容": "（有）ワコウ薬局【5:薬局】岐阜県可児市長坂１－５７" }, "geometry": { "type": "Point", "coordinates": [ 137.0072, 35.399623 ] } },
{ "type": "Feature", "properties": { "ID": 2152101060049, "正式名称": "フジサワ薬局中町調剤センター", "機関区分": 5, "都道府県コード": 21, "市区町村コード": 211, "所在地": "岐阜県美濃加茂市太田町２８２４ー２", "緯度": 35.440055, "経度": 137.014982, "url": "https://www.iryou.teikyouseido.mhlw.go.jp/znk-web/juminkanja/S2430/initialize?prefCd=21&kikanCd=2101060049&kikanKbn=5", "url2": "sankou-medical.co.jp", "内容": "フジサワ薬局中町調剤センター【5:薬局】岐阜県美濃加茂市太田町２８２４ー２" }, "geometry": { "type": "Point", "coordinates": [ 137.014982, 35.440055 ] } },
{ "type": "Feature", "properties": { "ID": 2152101060055, "正式名称": "中央薬局", "機関区分": 5, "都道府県コード": 21, "市区町村コード": 521, "所在地": "岐阜県可児郡御嵩町中切８７１－１", "緯度": 35.426687, "経度": 137.156675, "url": "https://www.iryou.teikyouseido.mhlw.go.jp/znk-web/juminkanja/S2430/initialize?prefCd=21&kikanCd=2101060055&kikanKbn=5", "url2": null, "内容": "中央薬局【5:薬局】岐阜県可児郡御嵩町中切８７１－１" }, "geometry": { "type": "Point", "coordinates": [ 137.156675, 35.426687 ] } },
{ "type": "Feature", "properties": { "ID": 2152101060060, "正式名称": "コスモス調剤薬局", "機関区分": 5, "都道府県コード": 21, "市区町村コード": 506, "所在地": "岐阜県加茂郡白川町赤河１０６３－１", "緯度": 35.5475, "経度": 137.263444, "url": "https://www.iryou.teikyouseido.mhlw.go.jp/znk-web/juminkanja/S2430/initialize?prefCd=21&kikanCd=2101060060&kikanKbn=5", "url2": "https://www.nagano-me.jp", "内容": "コスモス調剤薬局【5:薬局】岐阜県加茂郡白川町赤河１０６３－１" }, "geometry": { "type": "Point", "coordinates": [ 137.263444, 35.5475 ] } },
{ "type": "Feature", "properties": { "ID": 2152101060064, "正式名称": "プラスワン薬局", "機関区分": 5, "都道府県コード": 21, "市区町村コード": 503, "所在地": "岐阜県加茂郡川辺町西栃井東小島３７１－１", "緯度": 35.482922, "経度": 137.064324, "url": "https://www.iryou.teikyouseido.mhlw.go.jp/znk-web/juminkanja/S2430/initialize?prefCd=21&kikanCd=2101060064&kikanKbn=5", "url2": null, "内容": "プラスワン薬局【5:薬局】岐阜県加茂郡川辺町西栃井東小島３７１－１" }, "geometry": { "type": "Point", "coordinates": [ 137.064324, 35.482922 ] } },
{ "type": "Feature", "properties": { "ID": 2152101060067, "正式名称": "大丸薬局", "機関区分": 5, "都道府県コード": 21, "市区町村コード": 211, "所在地": "岐阜県美濃加茂市加茂野町木野４６８－２８", "緯度": 35.45561, "経度": 136.989715, "url": "https://www.iryou.teikyouseido.mhlw.go.jp/znk-web/juminkanja/S2430/initialize?prefCd=21&kikanCd=2101060067&kikanKbn=5", "url2": null, "内容": "大丸薬局【5:薬局】岐阜県美濃加茂市加茂野町木野４６８－２８" }, "geometry": { "type": "Point", "coordinates": [ 136.989715, 35.45561 ] } },
{ "type": "Feature", "properties": { "ID": 2152101060070, "正式名称": "徳野薬局", "機関区分": 5, "都道府県コード": 21, "市区町村コード": 214, "所在地": "岐阜県可児市徳野南１ー１４６", "緯度": 35.420247, "経度": 137.039282, "url": "https://www.iryou.teikyouseido.mhlw.go.jp/znk-web/juminkanja/S2430/initialize?prefCd=21&kikanCd=2101060070&kikanKbn=5", "url2": null, "内容": "徳野薬局【5:薬局】岐阜県可児市徳野南１ー１４６" }, "geometry": { "type": "Point", "coordinates": [ 137.039282, 35.420247 ] } },
{ "type": "Feature", "properties": { "ID": 2152101060073, "正式名称": "コーヨー調剤薬局", "機関区分": 5, "都道府県コード": 21, "市区町村コード": 521, "所在地": "岐阜県可児郡御嵩町中２３４８－８", "緯度": 35.432767, "経度": 137.12474, "url": "https://www.iryou.teikyouseido.mhlw.go.jp/znk-web/juminkanja/S2430/initialize?prefCd=21&kikanCd=2101060073&kikanKbn=5", "url2": "https://www.e-classa.net/koyotyouzai/information.html", "内容": "コーヨー調剤薬局【5:薬局】岐阜県可児郡御嵩町中２３４８－８" }, "geometry": { "type": "Point", "coordinates": [ 137.12474, 35.432767 ] } },
{ "type": "Feature", "properties": { "ID": 2152101060079, "正式名称": "シンコー薬局", "機関区分": 5, "都道府県コード": 21, "市区町村コード": 214, "所在地": "岐阜県可児市菅刈８３９ー５", "緯度": 35.40483, "経度": 137.00309, "url": "https://www.iryou.teikyouseido.mhlw.go.jp/znk-web/juminkanja/S2430/initialize?prefCd=21&kikanCd=2101060079&kikanKbn=5", "url2": "http://www.shinko-pharmacy.com", "内容": "シンコー薬局【5:薬局】岐阜県可児市菅刈８３９ー５" }, "geometry": { "type": "Point", "coordinates": [ 137.00309, 35.40483 ] } },
{ "type": "Feature", "properties": { "ID": 2152101060080, "正式名称": "シンコー薬局可児店", "機関区分": 5, "都道府県コード": 21, "市区町村コード": 214, "所在地": "岐阜県可児市広見１５６２－１", "緯度": 35.417429, "経度": 137.06258, "url": "https://www.iryou.teikyouseido.mhlw.go.jp/znk-web/juminkanja/S2430/initialize?prefCd=21&kikanCd=2101060080&kikanKbn=5", "url2": "http://www.shinko-pharmacy.com/", "内容": "シンコー薬局可児店【5:薬局】岐阜県可児市広見１５６２－１" }, "geometry": { "type": "Point", "coordinates": [ 137.06258, 35.417429 ] } },
{ "type": "Feature", "properties": { "ID": 2152101060082, "正式名称": "たんぽぽ薬局可児店", "機関区分": 5, "都道府県コード": 21, "市区町村コード": 214, "所在地": "岐阜県可児市土田北割田１３５６－６", "緯度": 35.418484, "経度": 137.017004, "url": "https://www.iryou.teikyouseido.mhlw.go.jp/znk-web/juminkanja/S2430/initialize?prefCd=21&kikanCd=2101060082&kikanKbn=5", "url2": "http://www.tanpopo-ph.co.jp/", "内容": "たんぽぽ薬局可児店【5:薬局】岐阜県可児市土田北割田１３５６－６" }, "geometry": { "type": "Point", "coordinates": [ 137.017004, 35.418484 ] } },
{ "type": "Feature", "properties": { "ID": 2152101060083, "正式名称": "Ｖ・ｄｒｕｇ　可児薬局", "機関区分": 5, "都道府県コード": 21, "市区町村コード": 214, "所在地": "岐阜県可児市土田１３５６－３３", "緯度": 35.418629, "経度": 137.016715, "url": "https://www.iryou.teikyouseido.mhlw.go.jp/znk-web/juminkanja/S2430/initialize?prefCd=21&kikanCd=2101060083&kikanKbn=5", "url2": "https://www.vdrug.co.jp/", "内容": "Ｖ・ｄｒｕｇ　可児薬局【5:薬局】岐阜県可児市土田１３５６－３３" }, "geometry": { "type": "Point", "coordinates": [ 137.016715, 35.418629 ] } },
{ "type": "Feature", "properties": { "ID": 2152101060084, "正式名称": "シンコー薬局土田店", "機関区分": 5, "都道府県コード": 21, "市区町村コード": 214, "所在地": "岐阜県可児市土田１３５６－７杉山ビル１０３号", "緯度": 35.418451, "経度": 137.017193, "url": "https://www.iryou.teikyouseido.mhlw.go.jp/znk-web/juminkanja/S2430/initialize?prefCd=21&kikanCd=2101060084&kikanKbn=5", "url2": "http://www.shinko-pharmacy.com", "内容": "シンコー薬局土田店【5:薬局】岐阜県可児市土田１３５６－７杉山ビル１０３号" }, "geometry": { "type": "Point", "coordinates": [ 137.017193, 35.418451 ] } },
{ "type": "Feature", "properties": { "ID": 2152101060085, "正式名称": "フジサワ薬局下恵土調剤センター", "機関区分": 5, "都道府県コード": 21, "市区町村コード": 214, "所在地": "岐阜県可児市下恵土南林３４４０－６８１", "緯度": 35.416346, "経度": 137.045551, "url": "https://www.iryou.teikyouseido.mhlw.go.jp/znk-web/juminkanja/S2430/initialize?prefCd=21&kikanCd=2101060085&kikanKbn=5", "url2": "sankou-medical.co.jp", "内容": "フジサワ薬局下恵土調剤センター【5:薬局】岐阜県可児市下恵土南林３４４０－６８１" }, "geometry": { "type": "Point", "coordinates": [ 137.045551, 35.416346 ] } },
{ "type": "Feature", "properties": { "ID": 2152101060086, "正式名称": "アイリス調剤薬局", "機関区分": 5, "都道府県コード": 21, "市区町村コード": 211, "所在地": "岐阜県美濃加茂市蜂屋町中蜂屋４４８２ー２", "緯度": 35.470018, "経度": 137.011054, "url": "https://www.iryou.teikyouseido.mhlw.go.jp/znk-web/juminkanja/S2430/initialize?prefCd=21&kikanCd=2101060086&kikanKbn=5", "url2": null, "内容": "アイリス調剤薬局【5:薬局】岐阜県美濃加茂市蜂屋町中蜂屋４４８２ー２" }, "geometry": { "type": "Point", "coordinates": [ 137.011054, 35.470018 ] } },
{ "type": "Feature", "properties": { "ID": 2152101060089, "正式名称": "まつのや薬局", "機関区分": 5, "都道府県コード": 21, "市区町村コード": 505, "所在地": "岐阜県加茂郡八百津町久田見２８３４－７", "緯度": 35.519704, "経度": 137.191344, "url": "https://www.iryou.teikyouseido.mhlw.go.jp/znk-web/juminkanja/S2430/initialize?prefCd=21&kikanCd=2101060089&kikanKbn=5", "url2": null, "内容": "まつのや薬局【5:薬局】岐阜県加茂郡八百津町久田見２８３４－７" }, "geometry": { "type": "Point", "coordinates": [ 137.191344, 35.519704 ] } },
{ "type": "Feature", "properties": { "ID": 2152101060090, "正式名称": "株式会社早川寿伸堂薬局", "機関区分": 5, "都道府県コード": 21, "市区町村コード": 214, "所在地": "岐阜県可児市広見８４８−１１", "緯度": 35.420415, "経度": 137.062773, "url": "https://www.iryou.teikyouseido.mhlw.go.jp/znk-web/juminkanja/S2430/initialize?prefCd=21&kikanCd=2101060090&kikanKbn=5", "url2": null, "内容": "株式会社早川寿伸堂薬局【5:薬局】岐阜県可児市広見８４８−１１" }, "geometry": { "type": "Point", "coordinates": [ 137.062773, 35.420415 ] } },
{ "type": "Feature", "properties": { "ID": 2152101060094, "正式名称": "タグチ薬局", "機関区分": 5, "都道府県コード": 21, "市区町村コード": 214, "所在地": "岐阜県可児市今渡２８８－１", "緯度": 35.433187, "経度": 137.035928, "url": "https://www.iryou.teikyouseido.mhlw.go.jp/znk-web/juminkanja/S2430/initialize?prefCd=21&kikanCd=2101060094&kikanKbn=5", "url2": null, "内容": "タグチ薬局【5:薬局】岐阜県可児市今渡２８８－１" }, "geometry": { "type": "Point", "coordinates": [ 137.035928, 35.433187 ] } },
{ "type": "Feature", "properties": { "ID": 2152101060095, "正式名称": "かえで調剤薬局", "機関区分": 5, "都道府県コード": 21, "市区町村コード": 211, "所在地": "岐阜県美濃加茂市深田町３－４３－１", "緯度": 35.436035, "経度": 137.004199, "url": "https://www.iryou.teikyouseido.mhlw.go.jp/znk-web/juminkanja/S2430/initialize?prefCd=21&kikanCd=2101060095&kikanKbn=5", "url2": "sankou-medical.co.jp", "内容": "かえで調剤薬局【5:薬局】岐阜県美濃加茂市深田町３－４３－１" }, "geometry": { "type": "Point", "coordinates": [ 137.004199, 35.436035 ] } },
{ "type": "Feature", "properties": { "ID": 2152101060096, "正式名称": "貴船薬局　下恵土店", "機関区分": 5, "都道府県コード": 21, "市区町村コード": 214, "所在地": "岐阜県可児市下恵土４０２８ー３", "緯度": 35.425995, "経度": 137.044925, "url": "https://www.iryou.teikyouseido.mhlw.go.jp/znk-web/juminkanja/S2430/initialize?prefCd=21&kikanCd=2101060096&kikanKbn=5", "url2": "http://rennka-kifune-ikoi.jp/", "内容": "貴船薬局　下恵土店【5:薬局】岐阜県可児市下恵土４０２８ー３" }, "geometry": { "type": "Point", "coordinates": [ 137.044925, 35.425995 ] } },
{ "type": "Feature", "properties": { "ID": 2152101060102, "正式名称": "さつき調剤薬局", "機関区分": 5, "都道府県コード": 21, "市区町村コード": 214, "所在地": "岐阜県可児市塩９１８－１３", "緯度": 35.413457, "経度": 137.024962, "url": "https://www.iryou.teikyouseido.mhlw.go.jp/znk-web/juminkanja/S2430/initialize?prefCd=21&kikanCd=2101060102&kikanKbn=5", "url2": "sankou-medical.co.jp", "内容": "さつき調剤薬局【5:薬局】岐阜県可児市塩９１８－１３" }, "geometry": { "type": "Point", "coordinates": [ 137.024962, 35.413457 ] } },
{ "type": "Feature", "properties": { "ID": 2152101060103, "正式名称": "ピノキオ薬局　可児店", "機関区分": 5, "都道府県コード": 21, "市区町村コード": 214, "所在地": "岐阜県可児市中恵土字東欠１３０７－１", "緯度": 35.42887, "経度": 137.06259, "url": "https://www.iryou.teikyouseido.mhlw.go.jp/znk-web/juminkanja/S2430/initialize?prefCd=21&kikanCd=2101060103&kikanKbn=5", "url2": "http://www.pinokio-pharmacy.jp/", "内容": "ピノキオ薬局　可児店【5:薬局】岐阜県可児市中恵土字東欠１３０７－１" }, "geometry": { "type": "Point", "coordinates": [ 137.06259, 35.42887 ] } },
{ "type": "Feature", "properties": { "ID": 2152101060106, "正式名称": "ひまわり調剤薬局", "機関区分": 5, "都道府県コード": 21, "市区町村コード": 211, "所在地": "岐阜県美濃加茂市加茂野町市橋北里１０６９－２", "緯度": 35.467352, "経度": 136.964723, "url": "https://www.iryou.teikyouseido.mhlw.go.jp/znk-web/juminkanja/S2430/initialize?prefCd=21&kikanCd=2101060106&kikanKbn=5", "url2": "sankou-medical.co.jp", "内容": "ひまわり調剤薬局【5:薬局】岐阜県美濃加茂市加茂野町市橋北里１０６９－２" }, "geometry": { "type": "Point", "coordinates": [ 136.964723, 35.467352 ] } },
{ "type": "Feature", "properties": { "ID": 2152101060108, "正式名称": "さくら調剤薬局", "機関区分": 5, "都道府県コード": 21, "市区町村コード": 503, "所在地": "岐阜県加茂郡川辺町下川辺４７５－１", "緯度": 35.472475, "経度": 137.054253, "url": "https://www.iryou.teikyouseido.mhlw.go.jp/znk-web/juminkanja/S2430/initialize?prefCd=21&kikanCd=2101060108&kikanKbn=5", "url2": "sankou-medical.co.jp", "内容": "さくら調剤薬局【5:薬局】岐阜県加茂郡川辺町下川辺４７５－１" }, "geometry": { "type": "Point", "coordinates": [ 137.054253, 35.472475 ] } },
{ "type": "Feature", "properties": { "ID": 2152101060111, "正式名称": "すみれ調剤薬局", "機関区分": 5, "都道府県コード": 21, "市区町村コード": 214, "所在地": "岐阜県可児市下恵土５５００番の１", "緯度": 35.417748, "経度": 137.051397, "url": "https://www.iryou.teikyouseido.mhlw.go.jp/znk-web/juminkanja/S2430/initialize?prefCd=21&kikanCd=2101060111&kikanKbn=5", "url2": null, "内容": "すみれ調剤薬局【5:薬局】岐阜県可児市下恵土５５００番の１" }, "geometry": { "type": "Point", "coordinates": [ 137.051397, 35.417748 ] } },
{ "type": "Feature", "properties": { "ID": 2152101060114, "正式名称": "スギ薬局　可児店", "機関区分": 5, "都道府県コード": 21, "市区町村コード": 214, "所在地": "岐阜県可児市下恵土字針田４１３５番", "緯度": 35.424487, "経度": 137.043113, "url": "https://www.iryou.teikyouseido.mhlw.go.jp/znk-web/juminkanja/S2430/initialize?prefCd=21&kikanCd=2101060114&kikanKbn=5", "url2": "http://www.drug-sugi.co.jp/", "内容": "スギ薬局　可児店【5:薬局】岐阜県可児市下恵土字針田４１３５番" }, "geometry": { "type": "Point", "coordinates": [ 137.043113, 35.424487 ] } },
{ "type": "Feature", "properties": { "ID": 2152101060120, "正式名称": "あおい調剤薬局", "機関区分": 5, "都道府県コード": 21, "市区町村コード": 214, "所在地": "岐阜県可児市羽崎２４５番地４", "緯度": 35.417696, "経度": 137.073227, "url": "https://www.iryou.teikyouseido.mhlw.go.jp/znk-web/juminkanja/S2430/initialize?prefCd=21&kikanCd=2101060120&kikanKbn=5", "url2": null, "内容": "あおい調剤薬局【5:薬局】岐阜県可児市羽崎２４５番地４" }, "geometry": { "type": "Point", "coordinates": [ 137.073227, 35.417696 ] } },
{ "type": "Feature", "properties": { "ID": 2152101060121, "正式名称": "ひがし調剤薬局", "機関区分": 5, "都道府県コード": 21, "市区町村コード": 211, "所在地": "岐阜県美濃加茂市本郷町９－１８－４７", "緯度": 35.448436, "経度": 137.042358, "url": "https://www.iryou.teikyouseido.mhlw.go.jp/znk-web/juminkanja/S2430/initialize?prefCd=21&kikanCd=2101060121&kikanKbn=5", "url2": "http://sankou-medical.co.jp", "内容": "ひがし調剤薬局【5:薬局】岐阜県美濃加茂市本郷町９－１８－４７" }, "geometry": { "type": "Point", "coordinates": [ 137.042358, 35.448436 ] } },
{ "type": "Feature", "properties": { "ID": 2152101060123, "正式名称": "山本薬局　桜ヶ丘店", "機関区分": 5, "都道府県コード": 21, "市区町村コード": 214, "所在地": "岐阜県可児市桜ケ丘６－７４", "緯度": 35.377834, "経度": 137.113735, "url": "https://www.iryou.teikyouseido.mhlw.go.jp/znk-web/juminkanja/S2430/initialize?prefCd=21&kikanCd=2101060123&kikanKbn=5", "url2": null, "内容": "山本薬局　桜ヶ丘店【5:薬局】岐阜県可児市桜ケ丘６－７４" }, "geometry": { "type": "Point", "coordinates": [ 137.113735, 35.377834 ] } },
{ "type": "Feature", "properties": { "ID": 2152101060127, "正式名称": "ヒロミ薬局　あおき店", "機関区分": 5, "都道府県コード": 21, "市区町村コード": 214, "所在地": "岐阜県可児市下切３８１１－１", "緯度": 35.393057, "経度": 137.063882, "url": "https://www.iryou.teikyouseido.mhlw.go.jp/znk-web/juminkanja/S2430/initialize?prefCd=21&kikanCd=2101060127&kikanKbn=5", "url2": "http://shinko-pharmacy.com", "内容": "ヒロミ薬局　あおき店【5:薬局】岐阜県可児市下切３８１１－１" }, "geometry": { "type": "Point", "coordinates": [ 137.063882, 35.393057 ] } },
{ "type": "Feature", "properties": { "ID": 2152101060128, "正式名称": "中島薬局", "機関区分": 5, "都道府県コード": 21, "市区町村コード": 505, "所在地": "岐阜県加茂郡八百津町八百津４１３４番地３の１の２", "緯度": 35.477056, "経度": 137.139871, "url": "https://www.iryou.teikyouseido.mhlw.go.jp/znk-web/juminkanja/S2430/initialize?prefCd=21&kikanCd=2101060128&kikanKbn=5", "url2": null, "内容": "中島薬局【5:薬局】岐阜県加茂郡八百津町八百津４１３４番地３の１の２" }, "geometry": { "type": "Point", "coordinates": [ 137.139871, 35.477056 ] } },
{ "type": "Feature", "properties": { "ID": 2152101060129, "正式名称": "ほほえみ薬局", "機関区分": 5, "都道府県コード": 21, "市区町村コード": 211, "所在地": "岐阜県美濃加茂市太田町３４３８－２", "緯度": 35.440829, "経度": 137.015674, "url": "https://www.iryou.teikyouseido.mhlw.go.jp/znk-web/juminkanja/S2430/initialize?prefCd=21&kikanCd=2101060129&kikanKbn=5", "url2": null, "内容": "ほほえみ薬局【5:薬局】岐阜県美濃加茂市太田町３４３８－２" }, "geometry": { "type": "Point", "coordinates": [ 137.015674, 35.440829 ] } },
{ "type": "Feature", "properties": { "ID": 2152101060130, "正式名称": "Ｖ・ｄｒｕｇ　八百津薬局", "機関区分": 5, "都道府県コード": 21, "市区町村コード": 505, "所在地": "岐阜県加茂郡八百津町和知１０３２－５２", "緯度": 35.464746, "経度": 137.099905, "url": "https://www.iryou.teikyouseido.mhlw.go.jp/znk-web/juminkanja/S2430/initialize?prefCd=21&kikanCd=2101060130&kikanKbn=5", "url2": "https://vdrug.co.jp/pharmacy/", "内容": "Ｖ・ｄｒｕｇ　八百津薬局【5:薬局】岐阜県加茂郡八百津町和知１０３２－５２" }, "geometry": { "type": "Point", "coordinates": [ 137.099905, 35.464746 ] } },
{ "type": "Feature", "properties": { "ID": 2152101060133, "正式名称": "Ｖ・ｄｒｕｇ　かたびら南薬局", "機関区分": 5, "都道府県コード": 21, "市区町村コード": 214, "所在地": "岐阜県可児市帷子新町２－１１８－１", "緯度": 35.401917, "経度": 137.012075, "url": "https://www.iryou.teikyouseido.mhlw.go.jp/znk-web/juminkanja/S2430/initialize?prefCd=21&kikanCd=2101060133&kikanKbn=5", "url2": "https://vdrug.co.jp/pharmacy/", "内容": "Ｖ・ｄｒｕｇ　かたびら南薬局【5:薬局】岐阜県可児市帷子新町２－１１８－１" }, "geometry": { "type": "Point", "coordinates": [ 137.012075, 35.401917 ] } },
{ "type": "Feature", "properties": { "ID": 2152101060135, "正式名称": "はちや薬局", "機関区分": 5, "都道府県コード": 21, "市区町村コード": 211, "所在地": "岐阜県美濃加茂市蜂屋町下蜂屋１６３２－８", "緯度": 35.473522, "経度": 136.987885, "url": "https://www.iryou.teikyouseido.mhlw.go.jp/znk-web/juminkanja/S2430/initialize?prefCd=21&kikanCd=2101060135&kikanKbn=5", "url2": null, "内容": "はちや薬局【5:薬局】岐阜県美濃加茂市蜂屋町下蜂屋１６３２－８" }, "geometry": { "type": "Point", "coordinates": [ 136.987885, 35.473522 ] } },
{ "type": "Feature", "properties": { "ID": 2152101060136, "正式名称": "可児薬局", "機関区分": 5, "都道府県コード": 21, "市区町村コード": 214, "所在地": "岐阜県可児市下恵土４１１２", "緯度": 35.426126, "経度": 137.043605, "url": "https://www.iryou.teikyouseido.mhlw.go.jp/znk-web/juminkanja/S2430/initialize?prefCd=21&kikanCd=2101060136&kikanKbn=5", "url2": null, "内容": "可児薬局【5:薬局】岐阜県可児市下恵土４１１２" }, "geometry": { "type": "Point", "coordinates": [ 137.043605, 35.426126 ] } },
{ "type": "Feature", "properties": { "ID": 2152101060137, "正式名称": "ココカラファイン薬局　下米田店", "機関区分": 5, "都道府県コード": 21, "市区町村コード": 211, "所在地": "岐阜県美濃加茂市下米田町小山１０４４番地", "緯度": 35.452939, "経度": 137.058972, "url": "https://www.iryou.teikyouseido.mhlw.go.jp/znk-web/juminkanja/S2430/initialize?prefCd=21&kikanCd=2101060137&kikanKbn=5", "url2": null, "内容": "ココカラファイン薬局　下米田店【5:薬局】岐阜県美濃加茂市下米田町小山１０４４番地" }, "geometry": { "type": "Point", "coordinates": [ 137.058972, 35.452939 ] } },
{ "type": "Feature", "properties": { "ID": 2152101060139, "正式名称": "きらら調剤薬局", "機関区分": 5, "都道府県コード": 21, "市区町村コード": 521, "所在地": "岐阜県可児郡御嵩町上恵土１１５１－５", "緯度": 35.432085, "経度": 137.072568, "url": "https://www.iryou.teikyouseido.mhlw.go.jp/znk-web/juminkanja/S2430/initialize?prefCd=21&kikanCd=2101060139&kikanKbn=5", "url2": null, "内容": "きらら調剤薬局【5:薬局】岐阜県可児郡御嵩町上恵土１１５１－５" }, "geometry": { "type": "Point", "coordinates": [ 137.072568, 35.432085 ] } },
{ "type": "Feature", "properties": { "ID": 2152101060140, "正式名称": "Ｖ・ｄｒｕｇ　可児瀬田薬局", "機関区分": 5, "都道府県コード": 21, "市区町村コード": 214, "所在地": "岐阜県可児市瀬田字神田８４７－１", "緯度": 35.428579, "経度": 137.085571, "url": "https://www.iryou.teikyouseido.mhlw.go.jp/znk-web/juminkanja/S2430/initialize?prefCd=21&kikanCd=2101060140&kikanKbn=5", "url2": "https:/www.vdrug.co.jp/", "内容": "Ｖ・ｄｒｕｇ　可児瀬田薬局【5:薬局】岐阜県可児市瀬田字神田８４７－１" }, "geometry": { "type": "Point", "coordinates": [ 137.085571, 35.428579 ] } },
{ "type": "Feature", "properties": { "ID": 2152101060141, "正式名称": "ユニファーマシーおんさい薬局", "機関区分": 5, "都道府県コード": 21, "市区町村コード": 211, "所在地": "岐阜県美濃加茂市西町５－３３７－２", "緯度": 35.445835, "経度": 136.996133, "url": "https://www.iryou.teikyouseido.mhlw.go.jp/znk-web/juminkanja/S2430/initialize?prefCd=21&kikanCd=2101060141&kikanKbn=5", "url2": "https://univcolt.com", "内容": "ユニファーマシーおんさい薬局【5:薬局】岐阜県美濃加茂市西町５－３３７－２" }, "geometry": { "type": "Point", "coordinates": [ 136.996133, 35.445835 ] } },
{ "type": "Feature", "properties": { "ID": 2152101060143, "正式名称": "グッドワン調剤薬局", "機関区分": 5, "都道府県コード": 21, "市区町村コード": 211, "所在地": "岐阜県美濃加茂市太田町２５９１－１　朝日プラザ美濃加茂ステーションコア１Ｆ", "緯度": 35.444633, "経度": 137.017949, "url": "https://www.iryou.teikyouseido.mhlw.go.jp/znk-web/juminkanja/S2430/initialize?prefCd=21&kikanCd=2101060143&kikanKbn=5", "url2": "http://sankou-medical.co.jp", "内容": "グッドワン調剤薬局【5:薬局】岐阜県美濃加茂市太田町２５９１－１　朝日プラザ美濃加茂ステーションコア１Ｆ" }, "geometry": { "type": "Point", "coordinates": [ 137.017949, 35.444633 ] } },
{ "type": "Feature", "properties": { "ID": 2152101060144, "正式名称": "貴船薬局　坂祝店", "機関区分": 5, "都道府県コード": 21, "市区町村コード": 501, "所在地": "岐阜県加茂郡坂祝町大針尾橋７４８ー１", "緯度": 35.447932, "経度": 136.992151, "url": "https://www.iryou.teikyouseido.mhlw.go.jp/znk-web/juminkanja/S2430/initialize?prefCd=21&kikanCd=2101060144&kikanKbn=5", "url2": "tai-yu.co.jp/", "内容": "貴船薬局　坂祝店【5:薬局】岐阜県加茂郡坂祝町大針尾橋７４８ー１" }, "geometry": { "type": "Point", "coordinates": [ 136.992151, 35.447932 ] } },
{ "type": "Feature", "properties": { "ID": 2152101060146, "正式名称": "Ｖ・ｄｒｕｇ　広見薬局", "機関区分": 5, "都道府県コード": 21, "市区町村コード": 214, "所在地": "岐阜県可児市広見１９９９ー１", "緯度": 35.415058, "経度": 137.060518, "url": "https://www.iryou.teikyouseido.mhlw.go.jp/znk-web/juminkanja/S2430/initialize?prefCd=21&kikanCd=2101060146&kikanKbn=5", "url2": "https://www.vdrug.co.jp/", "内容": "Ｖ・ｄｒｕｇ　広見薬局【5:薬局】岐阜県可児市広見１９９９ー１" }, "geometry": { "type": "Point", "coordinates": [ 137.060518, 35.415058 ] } },
{ "type": "Feature", "properties": { "ID": 2152101060153, "正式名称": "アイセイ薬局　みたけ店", "機関区分": 5, "都道府県コード": 21, "市区町村コード": 521, "所在地": "岐阜県可児郡御嵩町中２４１０", "緯度": 35.432685, "経度": 137.127795, "url": "https://www.iryou.teikyouseido.mhlw.go.jp/znk-web/juminkanja/S2430/initialize?prefCd=21&kikanCd=2101060153&kikanKbn=5", "url2": "http://www.aisei.co.jp", "内容": "アイセイ薬局　みたけ店【5:薬局】岐阜県可児郡御嵩町中２４１０" }, "geometry": { "type": "Point", "coordinates": [ 137.127795, 35.432685 ] } },
{ "type": "Feature", "properties": { "ID": 2152101060154, "正式名称": "好生堂薬局", "機関区分": 5, "都道府県コード": 21, "市区町村コード": 505, "所在地": "岐阜県加茂郡八百津町八百津３８８８－５", "緯度": 35.476045, "経度": 137.140305, "url": "https://www.iryou.teikyouseido.mhlw.go.jp/znk-web/juminkanja/S2430/initialize?prefCd=21&kikanCd=2101060154&kikanKbn=5", "url2": null, "内容": "好生堂薬局【5:薬局】岐阜県加茂郡八百津町八百津３８８８－５" }, "geometry": { "type": "Point", "coordinates": [ 137.140305, 35.476045 ] } },
{ "type": "Feature", "properties": { "ID": 2152101060155, "正式名称": "アイセイ薬局　可児店", "機関区分": 5, "都道府県コード": 21, "市区町村コード": 214, "所在地": "岐阜県可児市川合２３４２ー３", "緯度": 35.440269, "経度": 137.058591, "url": "https://www.iryou.teikyouseido.mhlw.go.jp/znk-web/juminkanja/S2430/initialize?prefCd=21&kikanCd=2101060155&kikanKbn=5", "url2": "https://www.aisei.co.jp/", "内容": "アイセイ薬局　可児店【5:薬局】岐阜県可児市川合２３４２ー３" }, "geometry": { "type": "Point", "coordinates": [ 137.058591, 35.440269 ] } },
{ "type": "Feature", "properties": { "ID": 2152101060157, "正式名称": "かもの薬局", "機関区分": 5, "都道府県コード": 21, "市区町村コード": 211, "所在地": "岐阜県美濃加茂市加茂野町今泉１２６７", "緯度": 35.460813, "経度": 136.979307, "url": "https://www.iryou.teikyouseido.mhlw.go.jp/znk-web/juminkanja/S2430/initialize?prefCd=21&kikanCd=2101060157&kikanKbn=5", "url2": null, "内容": "かもの薬局【5:薬局】岐阜県美濃加茂市加茂野町今泉１２６７" }, "geometry": { "type": "Point", "coordinates": [ 136.979307, 35.460813 ] } },
{ "type": "Feature", "properties": { "ID": 2152101060160, "正式名称": "クオールみどり薬局", "機関区分": 5, "都道府県コード": 21, "市区町村コード": 211, "所在地": "岐阜県美濃加茂市蜂屋町上蜂屋３５５５－６０", "緯度": 35.453822, "経度": 137.013067, "url": "https://www.iryou.teikyouseido.mhlw.go.jp/znk-web/juminkanja/S2430/initialize?prefCd=21&kikanCd=2101060160&kikanKbn=5", "url2": "http://www.qol-net.co.jp/", "内容": "クオールみどり薬局【5:薬局】岐阜県美濃加茂市蜂屋町上蜂屋３５５５－６０" }, "geometry": { "type": "Point", "coordinates": [ 137.013067, 35.453822 ] } },
{ "type": "Feature", "properties": { "ID": 2152101060163, "正式名称": "クオール薬局加茂店", "機関区分": 5, "都道府県コード": 21, "市区町村コード": 211, "所在地": "岐阜県美濃加茂市古井町下古井６０８", "緯度": 35.440395, "経度": 137.023063, "url": "https://www.iryou.teikyouseido.mhlw.go.jp/znk-web/juminkanja/S2430/initialize?prefCd=21&kikanCd=2101060163&kikanKbn=5", "url2": "https://www.qol-net.co.jp/pharmacy/map/detail.php?id=66", "内容": "クオール薬局加茂店【5:薬局】岐阜県美濃加茂市古井町下古井６０８" }, "geometry": { "type": "Point", "coordinates": [ 137.023063, 35.440395 ] } },
{ "type": "Feature", "properties": { "ID": 2152101060164, "正式名称": "せた薬局", "機関区分": 5, "都道府県コード": 21, "市区町村コード": 214, "所在地": "岐阜県可児市瀬田３３３－４", "緯度": 35.427371, "経度": 137.076836, "url": "https://www.iryou.teikyouseido.mhlw.go.jp/znk-web/juminkanja/S2430/initialize?prefCd=21&kikanCd=2101060164&kikanKbn=5", "url2": "https://seta12a65fc2bfb.wordpress.com/", "内容": "せた薬局【5:薬局】岐阜県可児市瀬田３３３－４" }, "geometry": { "type": "Point", "coordinates": [ 137.076836, 35.427371 ] } },
{ "type": "Feature", "properties": { "ID": 2152101060165, "正式名称": "ファーマライズ薬局　川辺町店", "機関区分": 5, "都道府県コード": 21, "市区町村コード": 503, "所在地": "岐阜県加茂郡川辺町西栃井１２３２－２", "緯度": 35.481472, "経度": 137.065719, "url": "https://www.iryou.teikyouseido.mhlw.go.jp/znk-web/juminkanja/S2430/initialize?prefCd=21&kikanCd=2101060165&kikanKbn=5", "url2": "https://www.pharmarise.com", "内容": "ファーマライズ薬局　川辺町店【5:薬局】岐阜県加茂郡川辺町西栃井１２３２－２" }, "geometry": { "type": "Point", "coordinates": [ 137.065719, 35.481472 ] } },
{ "type": "Feature", "properties": { "ID": 2152101060166, "正式名称": "クスリのアオキ新池薬局", "機関区分": 5, "都道府県コード": 21, "市区町村コード": 211, "所在地": "岐阜県美濃加茂市新池町２丁目３番２０号", "緯度": 35.453542, "経度": 137.026301, "url": "https://www.iryou.teikyouseido.mhlw.go.jp/znk-web/juminkanja/S2430/initialize?prefCd=21&kikanCd=2101060166&kikanKbn=5", "url2": "https://www.kusuri-aoki.co.jp/", "内容": "クスリのアオキ新池薬局【5:薬局】岐阜県美濃加茂市新池町２丁目３番２０号" }, "geometry": { "type": "Point", "coordinates": [ 137.026301, 35.453542 ] } },
{ "type": "Feature", "properties": { "ID": 2152101070016, "正式名称": "セガミ薬局", "機関区分": 5, "都道府県コード": 21, "市区町村コード": 219, "所在地": "岐阜県郡上市白鳥町白鳥北条河原１１７９－１３", "緯度": 35.884865, "経度": 136.85823, "url": "https://www.iryou.teikyouseido.mhlw.go.jp/znk-web/juminkanja/S2430/initialize?prefCd=21&kikanCd=2101070016&kikanKbn=5", "url2": null, "内容": "セガミ薬局【5:薬局】岐阜県郡上市白鳥町白鳥北条河原１１７９－１３" }, "geometry": { "type": "Point", "coordinates": [ 136.85823, 35.884865 ] } },
{ "type": "Feature", "properties": { "ID": 2152101070020, "正式名称": "有限会社石丸薬局", "機関区分": 5, "都道府県コード": 21, "市区町村コード": 219, "所在地": "岐阜県郡上市八幡町島谷７４５", "緯度": 35.748688, "経度": 136.959037, "url": "https://www.iryou.teikyouseido.mhlw.go.jp/znk-web/juminkanja/S2430/initialize?prefCd=21&kikanCd=2101070020&kikanKbn=5", "url2": null, "内容": "有限会社石丸薬局【5:薬局】岐阜県郡上市八幡町島谷７４５" }, "geometry": { "type": "Point", "coordinates": [ 136.959037, 35.748688 ] } },
{ "type": "Feature", "properties": { "ID": 2152101070025, "正式名称": "たんぽぽ薬局八幡桜町店", "機関区分": 5, "都道府県コード": 21, "市区町村コード": 219, "所在地": "岐阜県郡上市八幡町桜町３３０", "緯度": 35.750928, "経度": 136.96054, "url": "https://www.iryou.teikyouseido.mhlw.go.jp/znk-web/juminkanja/S2430/initialize?prefCd=21&kikanCd=2101070025&kikanKbn=5", "url2": "http://www.tanpopo-ph.co.jp/", "内容": "たんぽぽ薬局八幡桜町店【5:薬局】岐阜県郡上市八幡町桜町３３０" }, "geometry": { "type": "Point", "coordinates": [ 136.96054, 35.750928 ] } },
{ "type": "Feature", "properties": { "ID": 2152101070034, "正式名称": "カトー薬局", "機関区分": 5, "都道府県コード": 21, "市区町村コード": 219, "所在地": "岐阜県郡上市大和町徳永", "緯度": 35.805007, "経度": 136.901306, "url": "https://www.iryou.teikyouseido.mhlw.go.jp/znk-web/juminkanja/S2430/initialize?prefCd=21&kikanCd=2101070034&kikanKbn=5", "url2": "http://www.kato-drug.com", "内容": "カトー薬局【5:薬局】岐阜県郡上市大和町徳永" }, "geometry": { "type": "Point", "coordinates": [ 136.901306, 35.805007 ] } },
{ "type": "Feature", "properties": { "ID": 2152101070038, "正式名称": "たかだや薬局白鳥病院前店", "機関区分": 5, "都道府県コード": 21, "市区町村コード": 219, "所在地": "岐阜県郡上市白鳥町為真１１９９－６", "緯度": 35.879326, "経度": 136.859729, "url": "https://www.iryou.teikyouseido.mhlw.go.jp/znk-web/juminkanja/S2430/initialize?prefCd=21&kikanCd=2101070038&kikanKbn=5", "url2": null, "内容": "たかだや薬局白鳥病院前店【5:薬局】岐阜県郡上市白鳥町為真１１９９－６" }, "geometry": { "type": "Point", "coordinates": [ 136.859729, 35.879326 ] } },
{ "type": "Feature", "properties": { "ID": 2152101070042, "正式名称": "高田屋伊東薬局", "機関区分": 5, "都道府県コード": 21, "市区町村コード": 219, "所在地": "岐阜県郡上市白鳥町白鳥９５４－３", "緯度": 35.885426, "経度": 136.858422, "url": "https://www.iryou.teikyouseido.mhlw.go.jp/znk-web/juminkanja/S2430/initialize?prefCd=21&kikanCd=2101070042&kikanKbn=5", "url2": "http://takadayaitou.com", "内容": "高田屋伊東薬局【5:薬局】岐阜県郡上市白鳥町白鳥９５４－３" }, "geometry": { "type": "Point", "coordinates": [ 136.858422, 35.885426 ] } },
{ "type": "Feature", "properties": { "ID": 2152101070045, "正式名称": "たんぽぽ薬局　郡上店", "機関区分": 5, "都道府県コード": 21, "市区町村コード": 219, "所在地": "岐阜県郡上市八幡町島谷１２６５－１", "緯度": 35.747015, "経度": 136.950819, "url": "https://www.iryou.teikyouseido.mhlw.go.jp/znk-web/juminkanja/S2430/initialize?prefCd=21&kikanCd=2101070045&kikanKbn=5", "url2": "http://www.tanpopo-ph.co.jp/", "内容": "たんぽぽ薬局　郡上店【5:薬局】岐阜県郡上市八幡町島谷１２６５－１" }, "geometry": { "type": "Point", "coordinates": [ 136.950819, 35.747015 ] } },
{ "type": "Feature", "properties": { "ID": 2152101070047, "正式名称": "ピノキオ薬局　八幡店", "機関区分": 5, "都道府県コード": 21, "市区町村コード": 219, "所在地": "岐阜県郡上市八幡町島谷字吉田町１２６５－２", "緯度": 35.746837, "経度": 136.950987, "url": "https://www.iryou.teikyouseido.mhlw.go.jp/znk-web/juminkanja/S2430/initialize?prefCd=21&kikanCd=2101070047&kikanKbn=5", "url2": "http://www.pinokio-pharmacy.jp/", "内容": "ピノキオ薬局　八幡店【5:薬局】岐阜県郡上市八幡町島谷字吉田町１２６５－２" }, "geometry": { "type": "Point", "coordinates": [ 136.950987, 35.746837 ] } },
{ "type": "Feature", "properties": { "ID": 2152101070049, "正式名称": "八幡薬局", "機関区分": 5, "都道府県コード": 21, "市区町村コード": 219, "所在地": "岐阜県郡上市八幡町島谷１３１１－２４", "緯度": 35.746791, "経度": 136.952753, "url": "https://www.iryou.teikyouseido.mhlw.go.jp/znk-web/juminkanja/S2430/initialize?prefCd=21&kikanCd=2101070049&kikanKbn=5", "url2": null, "内容": "八幡薬局【5:薬局】岐阜県郡上市八幡町島谷１３１１－２４" }, "geometry": { "type": "Point", "coordinates": [ 136.952753, 35.746791 ] } },
{ "type": "Feature", "properties": { "ID": 2152101070050, "正式名称": "名古屋薬局", "機関区分": 5, "都道府県コード": 21, "市区町村コード": 219, "所在地": "岐阜県郡上市八幡町島谷１４４７", "緯度": 35.746275, "経度": 136.951568, "url": "https://www.iryou.teikyouseido.mhlw.go.jp/znk-web/juminkanja/S2430/initialize?prefCd=21&kikanCd=2101070050&kikanKbn=5", "url2": null, "内容": "名古屋薬局【5:薬局】岐阜県郡上市八幡町島谷１４４７" }, "geometry": { "type": "Point", "coordinates": [ 136.951568, 35.746275 ] } },
{ "type": "Feature", "properties": { "ID": 2152101070055, "正式名称": "ファースト調剤薬局郡上八幡店", "機関区分": 5, "都道府県コード": 21, "市区町村コード": 219, "所在地": "岐阜県郡上市八幡町中１－８－３", "緯度": 35.76094, "経度": 136.953796, "url": "https://www.iryou.teikyouseido.mhlw.go.jp/znk-web/juminkanja/S2430/initialize?prefCd=21&kikanCd=2101070055&kikanKbn=5", "url2": "https://www.first1.jp", "内容": "ファースト調剤薬局郡上八幡店【5:薬局】岐阜県郡上市八幡町中１－８－３" }, "geometry": { "type": "Point", "coordinates": [ 136.953796, 35.76094 ] } },
{ "type": "Feature", "properties": { "ID": 2152101070057, "正式名称": "山田薬局", "機関区分": 5, "都道府県コード": 21, "市区町村コード": 219, "所在地": "岐阜県郡上市白鳥町白鳥１２３－２", "緯度": 35.883934, "経度": 136.859944, "url": "https://www.iryou.teikyouseido.mhlw.go.jp/znk-web/juminkanja/S2430/initialize?prefCd=21&kikanCd=2101070057&kikanKbn=5", "url2": null, "内容": "山田薬局【5:薬局】岐阜県郡上市白鳥町白鳥１２３－２" }, "geometry": { "type": "Point", "coordinates": [ 136.859944, 35.883934 ] } },
{ "type": "Feature", "properties": { "ID": 2152101070063, "正式名称": "ピノキオ薬局　為真店", "機関区分": 5, "都道府県コード": 21, "市区町村コード": 219, "所在地": "岐阜県郡上市白鳥町為真字欠田１２０１番地", "緯度": 35.877057, "経度": 136.868893, "url": "https://www.iryou.teikyouseido.mhlw.go.jp/znk-web/juminkanja/S2430/initialize?prefCd=21&kikanCd=2101070063&kikanKbn=5", "url2": "http://www.pinokio-pharmacy.jp/", "内容": "ピノキオ薬局　為真店【5:薬局】岐阜県郡上市白鳥町為真字欠田１２０１番地" }, "geometry": { "type": "Point", "coordinates": [ 136.868893, 35.877057 ] } },
{ "type": "Feature", "properties": { "ID": 2152101070064, "正式名称": "ユタカ調剤薬局五町", "機関区分": 5, "都道府県コード": 21, "市区町村コード": 219, "所在地": "岐阜県郡上市八幡町五町３丁目１番地２４", "緯度": 35.756538, "経度": 136.94327, "url": "https://www.iryou.teikyouseido.mhlw.go.jp/znk-web/juminkanja/S2430/initialize?prefCd=21&kikanCd=2101070064&kikanKbn=5", "url2": "http://www.d-yutaka.co.jp", "内容": "ユタカ調剤薬局五町【5:薬局】岐阜県郡上市八幡町五町３丁目１番地２４" }, "geometry": { "type": "Point", "coordinates": [ 136.94327, 35.756538 ] } },
{ "type": "Feature", "properties": { "ID": 2152101070065, "正式名称": "アポロン薬局　五町店", "機関区分": 5, "都道府県コード": 21, "市区町村コード": 219, "所在地": "岐阜県郡上市八幡町五町３－１５－１７", "緯度": 35.756762, "経度": 136.94346, "url": "https://www.iryou.teikyouseido.mhlw.go.jp/znk-web/juminkanja/S2430/initialize?prefCd=21&kikanCd=2101070065&kikanKbn=5", "url2": null, "内容": "アポロン薬局　五町店【5:薬局】岐阜県郡上市八幡町五町３－１５－１７" }, "geometry": { "type": "Point", "coordinates": [ 136.94346, 35.756762 ] } },
{ "type": "Feature", "properties": { "ID": 2152101070066, "正式名称": "郡上薬局", "機関区分": 5, "都道府県コード": 21, "市区町村コード": 219, "所在地": "岐阜県郡上市八幡町大正町５６", "緯度": 35.747974, "経度": 136.950857, "url": "https://www.iryou.teikyouseido.mhlw.go.jp/znk-web/juminkanja/S2430/initialize?prefCd=21&kikanCd=2101070066&kikanKbn=5", "url2": null, "内容": "郡上薬局【5:薬局】岐阜県郡上市八幡町大正町５６" }, "geometry": { "type": "Point", "coordinates": [ 136.950857, 35.747974 ] } },
{ "type": "Feature", "properties": { "ID": 2152101070069, "正式名称": "ピノキオ薬局　大和店", "機関区分": 5, "都道府県コード": 21, "市区町村コード": 219, "所在地": "岐阜県郡上市大和町剣字川添８８－３", "緯度": 35.813389, "経度": 136.89962, "url": "https://www.iryou.teikyouseido.mhlw.go.jp/znk-web/juminkanja/S2430/initialize?prefCd=21&kikanCd=2101070069&kikanKbn=5", "url2": "http://www.pinokio-pharmacy.jp", "内容": "ピノキオ薬局　大和店【5:薬局】岐阜県郡上市大和町剣字川添８８－３" }, "geometry": { "type": "Point", "coordinates": [ 136.89962, 35.813389 ] } },
{ "type": "Feature", "properties": { "ID": 2152101070070, "正式名称": "古田調剤薬局", "機関区分": 5, "都道府県コード": 21, "市区町村コード": 219, "所在地": "岐阜県郡上市美並町白山７８３－１", "緯度": 35.661101, "経度": 136.955646, "url": "https://www.iryou.teikyouseido.mhlw.go.jp/znk-web/juminkanja/S2430/initialize?prefCd=21&kikanCd=2101070070&kikanKbn=5", "url2": null, "内容": "古田調剤薬局【5:薬局】岐阜県郡上市美並町白山７８３－１" }, "geometry": { "type": "Point", "coordinates": [ 136.955646, 35.661101 ] } },
{ "type": "Feature", "properties": { "ID": 2152101070073, "正式名称": "Ｖ・ｄｒｕｇ　和良診療所前薬局", "機関区分": 5, "都道府県コード": 21, "市区町村コード": 219, "所在地": "岐阜県郡上市和良町沢８６８番地１", "緯度": 35.747281, "経度": 137.083073, "url": "https://www.iryou.teikyouseido.mhlw.go.jp/znk-web/juminkanja/S2430/initialize?prefCd=21&kikanCd=2101070073&kikanKbn=5", "url2": "https://www.vdrug.co.jp", "内容": "Ｖ・ｄｒｕｇ　和良診療所前薬局【5:薬局】岐阜県郡上市和良町沢８６８番地１" }, "geometry": { "type": "Point", "coordinates": [ 137.083073, 35.747281 ] } },
{ "type": "Feature", "properties": { "ID": 2152101070075, "正式名称": "Ｖ・ｄｒｕｇ　高鷲薬局", "機関区分": 5, "都道府県コード": 21, "市区町村コード": 219, "所在地": "岐阜県郡上市高鷲町大鷲２０５１－４", "緯度": 35.94558, "経度": 136.874971, "url": "https://www.iryou.teikyouseido.mhlw.go.jp/znk-web/juminkanja/S2430/initialize?prefCd=21&kikanCd=2101070075&kikanKbn=5", "url2": "https://www.vdrug.co.jp/", "内容": "Ｖ・ｄｒｕｇ　高鷲薬局【5:薬局】岐阜県郡上市高鷲町大鷲２０５１－４" }, "geometry": { "type": "Point", "coordinates": [ 136.874971, 35.94558 ] } },
{ "type": "Feature", "properties": { "ID": 2152101070076, "正式名称": "Ｖ・ｄｒｕｇ　郡上市民病院前薬局", "機関区分": 5, "都道府県コード": 21, "市区町村コード": 219, "所在地": "岐阜県郡上市八幡町島谷字古川１５２２－１", "緯度": 35.747428, "経度": 136.949318, "url": "https://www.iryou.teikyouseido.mhlw.go.jp/znk-web/juminkanja/S2430/initialize?prefCd=21&kikanCd=2101070076&kikanKbn=5", "url2": "https://vdrug.co.jp/pharmacy/", "内容": "Ｖ・ｄｒｕｇ　郡上市民病院前薬局【5:薬局】岐阜県郡上市八幡町島谷字古川１５２２－１" }, "geometry": { "type": "Point", "coordinates": [ 136.949318, 35.747428 ] } },
{ "type": "Feature", "properties": { "ID": 2152101070077, "正式名称": "たんぽぽ薬局　せせらぎ街道店", "機関区分": 5, "都道府県コード": 21, "市区町村コード": 219, "所在地": "岐阜県郡上市八幡町小野３丁目１２９－４", "緯度": 35.75387, "経度": 136.964638, "url": "https://www.iryou.teikyouseido.mhlw.go.jp/znk-web/juminkanja/S2430/initialize?prefCd=21&kikanCd=2101070077&kikanKbn=5", "url2": "http://www.tanpopo-ph.co.jp/", "内容": "たんぽぽ薬局　せせらぎ街道店【5:薬局】岐阜県郡上市八幡町小野３丁目１２９－４" }, "geometry": { "type": "Point", "coordinates": [ 136.964638, 35.75387 ] } },
{ "type": "Feature", "properties": { "ID": 2152101070078, "正式名称": "柏友堂薬局", "機関区分": 5, "都道府県コード": 21, "市区町村コード": 219, "所在地": "岐阜県郡上市白鳥町白鳥２０－１", "緯度": 35.87955, "経度": 136.857867, "url": "https://www.iryou.teikyouseido.mhlw.go.jp/znk-web/juminkanja/S2430/initialize?prefCd=21&kikanCd=2101070078&kikanKbn=5", "url2": null, "内容": "柏友堂薬局【5:薬局】岐阜県郡上市白鳥町白鳥２０－１" }, "geometry": { "type": "Point", "coordinates": [ 136.857867, 35.87955 ] } },
{ "type": "Feature", "properties": { "ID": 2152101080003, "正式名称": "やまむら薬局", "機関区分": 5, "都道府県コード": 21, "市区町村コード": 212, "所在地": "岐阜県土岐市泉大沼町３−１９", "緯度": 35.35882, "経度": 137.177136, "url": "https://www.iryou.teikyouseido.mhlw.go.jp/znk-web/juminkanja/S2430/initialize?prefCd=21&kikanCd=2101080003&kikanKbn=5", "url2": null, "内容": "やまむら薬局【5:薬局】岐阜県土岐市泉大沼町３−１９" }, "geometry": { "type": "Point", "coordinates": [ 137.177136, 35.35882 ] } },
{ "type": "Feature", "properties": { "ID": 2152101080013, "正式名称": "伊藤薬局", "機関区分": 5, "都道府県コード": 21, "市区町村コード": 208, "所在地": "岐阜県瑞浪市寺河戸町８８５－２", "緯度": 35.367851, "経度": 137.250107, "url": "https://www.iryou.teikyouseido.mhlw.go.jp/znk-web/juminkanja/S2430/initialize?prefCd=21&kikanCd=2101080013&kikanKbn=5", "url2": null, "内容": "伊藤薬局【5:薬局】岐阜県瑞浪市寺河戸町８８５－２" }, "geometry": { "type": "Point", "coordinates": [ 137.250107, 35.367851 ] } },
{ "type": "Feature", "properties": { "ID": 2152101080018, "正式名称": "服部仁慶堂薬局", "機関区分": 5, "都道府県コード": 21, "市区町村コード": 208, "所在地": "岐阜県瑞浪市寺河戸町１１９３", "緯度": 35.368562, "経度": 137.251565, "url": "https://www.iryou.teikyouseido.mhlw.go.jp/znk-web/juminkanja/S2430/initialize?prefCd=21&kikanCd=2101080018&kikanKbn=5", "url2": null, "内容": "服部仁慶堂薬局【5:薬局】岐阜県瑞浪市寺河戸町１１９３" }, "geometry": { "type": "Point", "coordinates": [ 137.251565, 35.368562 ] } },
{ "type": "Feature", "properties": { "ID": 2152101080022, "正式名称": "服部薬局宮前店", "機関区分": 5, "都道府県コード": 21, "市区町村コード": 208, "所在地": "岐阜県瑞浪市宮前町２－３６", "緯度": 35.36485, "経度": 137.247367, "url": "https://www.iryou.teikyouseido.mhlw.go.jp/znk-web/juminkanja/S2430/initialize?prefCd=21&kikanCd=2101080022&kikanKbn=5", "url2": null, "内容": "服部薬局宮前店【5:薬局】岐阜県瑞浪市宮前町２－３６" }, "geometry": { "type": "Point", "coordinates": [ 137.247367, 35.36485 ] } },
{ "type": "Feature", "properties": { "ID": 2152101080029, "正式名称": "トーカイ薬局　土岐中央店", "機関区分": 5, "都道府県コード": 21, "市区町村コード": 212, "所在地": "岐阜県土岐市泉町久尻３２－１６", "緯度": 35.357867, "経度": 137.184328, "url": "https://www.iryou.teikyouseido.mhlw.go.jp/znk-web/juminkanja/S2430/initialize?prefCd=21&kikanCd=2101080029&kikanKbn=5", "url2": "http://www.tokai-pharmacy.com", "内容": "トーカイ薬局　土岐中央店【5:薬局】岐阜県土岐市泉町久尻３２－１６" }, "geometry": { "type": "Point", "coordinates": [ 137.184328, 35.357867 ] } },
{ "type": "Feature", "properties": { "ID": 2152101080030, "正式名称": "なかまち薬局", "機関区分": 5, "都道府県コード": 21, "市区町村コード": 212, "所在地": "岐阜県土岐市土岐口中町１－７４", "緯度": 35.347059, "経度": 137.176412, "url": "https://www.iryou.teikyouseido.mhlw.go.jp/znk-web/juminkanja/S2430/initialize?prefCd=21&kikanCd=2101080030&kikanKbn=5", "url2": "https://www.mizuno-pha1999.jp", "内容": "なかまち薬局【5:薬局】岐阜県土岐市土岐口中町１－７４" }, "geometry": { "type": "Point", "coordinates": [ 137.176412, 35.347059 ] } },
{ "type": "Feature", "properties": { "ID": 2152101080038, "正式名称": "駄知薬局", "機関区分": 5, "都道府県コード": 21, "市区町村コード": 212, "所在地": "岐阜県土岐市駄知町１９７６－１－１", "緯度": 35.325583, "経度": 137.227807, "url": "https://www.iryou.teikyouseido.mhlw.go.jp/znk-web/juminkanja/S2430/initialize?prefCd=21&kikanCd=2101080038&kikanKbn=5", "url2": null, "内容": "駄知薬局【5:薬局】岐阜県土岐市駄知町１９７６－１－１" }, "geometry": { "type": "Point", "coordinates": [ 137.227807, 35.325583 ] } },
{ "type": "Feature", "properties": { "ID": 2152101080043, "正式名称": "おりべ調剤薬局", "機関区分": 5, "都道府県コード": 21, "市区町村コード": 204, "所在地": "岐阜県多治見市太平町１－１３－１", "緯度": 35.333165, "経度": 137.113093, "url": "https://www.iryou.teikyouseido.mhlw.go.jp/znk-web/juminkanja/S2430/initialize?prefCd=21&kikanCd=2101080043&kikanKbn=5", "url2": null, "内容": "おりべ調剤薬局【5:薬局】岐阜県多治見市太平町１－１３－１" }, "geometry": { "type": "Point", "coordinates": [ 137.113093, 35.333165 ] } },
{ "type": "Feature", "properties": { "ID": 2152101080045, "正式名称": "メール調剤薬局　日ノ出店", "機関区分": 5, "都道府県コード": 21, "市区町村コード": 204, "所在地": "岐阜県多治見市日ノ出町１－４０－５", "緯度": 35.333326, "経度": 137.132338, "url": "https://www.iryou.teikyouseido.mhlw.go.jp/znk-web/juminkanja/S2430/initialize?prefCd=21&kikanCd=2101080045&kikanKbn=5", "url2": null, "内容": "メール調剤薬局　日ノ出店【5:薬局】岐阜県多治見市日ノ出町１－４０－５" }, "geometry": { "type": "Point", "coordinates": [ 137.132338, 35.333326 ] } },
{ "type": "Feature", "properties": { "ID": 2152101080046, "正式名称": "穂並調剤薬局", "機関区分": 5, "都道府県コード": 21, "市区町村コード": 208, "所在地": "岐阜県瑞浪市穂並２丁目１２０番地", "緯度": 35.354862, "経度": 137.24565, "url": "https://www.iryou.teikyouseido.mhlw.go.jp/znk-web/juminkanja/S2430/initialize?prefCd=21&kikanCd=2101080046&kikanKbn=5", "url2": "No", "内容": "穂並調剤薬局【5:薬局】岐阜県瑞浪市穂並２丁目１２０番地" }, "geometry": { "type": "Point", "coordinates": [ 137.24565, 35.354862 ] } },
{ "type": "Feature", "properties": { "ID": 2152101080047, "正式名称": "Ｖ・ｄｒｕｇ　南土岐薬局", "機関区分": 5, "都道府県コード": 21, "市区町村コード": 212, "所在地": "岐阜県土岐市妻木町大沼１６５０－２", "緯度": 35.317494, "経度": 137.191321, "url": "https://www.iryou.teikyouseido.mhlw.go.jp/znk-web/juminkanja/S2430/initialize?prefCd=21&kikanCd=2101080047&kikanKbn=5", "url2": "https://www.vdrug.co.jp/", "内容": "Ｖ・ｄｒｕｇ　南土岐薬局【5:薬局】岐阜県土岐市妻木町大沼１６５０－２" }, "geometry": { "type": "Point", "coordinates": [ 137.191321, 35.317494 ] } },
{ "type": "Feature", "properties": { "ID": 2152101080050, "正式名称": "松坂薬局", "機関区分": 5, "都道府県コード": 21, "市区町村コード": 204, "所在地": "岐阜県多治見市旭ケ丘８丁目２９－４５", "緯度": 35.365219, "経度": 137.105434, "url": "https://www.iryou.teikyouseido.mhlw.go.jp/znk-web/juminkanja/S2430/initialize?prefCd=21&kikanCd=2101080050&kikanKbn=5", "url2": null, "内容": "松坂薬局【5:薬局】岐阜県多治見市旭ケ丘８丁目２９－４５" }, "geometry": { "type": "Point", "coordinates": [ 137.105434, 35.365219 ] } },
{ "type": "Feature", "properties": { "ID": 2152101080051, "正式名称": "トーカイ薬局多治見店", "機関区分": 5, "都道府県コード": 21, "市区町村コード": 204, "所在地": "岐阜県多治見市明和町６－５４－２", "緯度": 35.356889, "経度": 137.106851, "url": "https://www.iryou.teikyouseido.mhlw.go.jp/znk-web/juminkanja/S2430/initialize?prefCd=21&kikanCd=2101080051&kikanKbn=5", "url2": "http://www.tokai-pharmacy.com", "内容": "トーカイ薬局多治見店【5:薬局】岐阜県多治見市明和町６－５４－２" }, "geometry": { "type": "Point", "coordinates": [ 137.106851, 35.356889 ] } },
{ "type": "Feature", "properties": { "ID": 2152101080055, "正式名称": "たんぽぽ薬局多治見中央店", "機関区分": 5, "都道府県コード": 21, "市区町村コード": 204, "所在地": "岐阜県多治見市前畑町５－１０８", "緯度": 35.328716, "経度": 137.112062, "url": "https://www.iryou.teikyouseido.mhlw.go.jp/znk-web/juminkanja/S2430/initialize?prefCd=21&kikanCd=2101080055&kikanKbn=5", "url2": "http://www.tanpopo-ph.co.jp", "内容": "たんぽぽ薬局多治見中央店【5:薬局】岐阜県多治見市前畑町５－１０８" }, "geometry": { "type": "Point", "coordinates": [ 137.112062, 35.328716 ] } },
{ "type": "Feature", "properties": { "ID": 2152101080078, "正式名称": "フジサワ薬局瑞浪調剤センター", "機関区分": 5, "都道府県コード": 21, "市区町村コード": 208, "所在地": "岐阜県瑞浪市北小田町２－２００", "緯度": 35.359437, "経度": 137.244389, "url": "https://www.iryou.teikyouseido.mhlw.go.jp/znk-web/juminkanja/S2430/initialize?prefCd=21&kikanCd=2101080078&kikanKbn=5", "url2": "http://sankou-medical.co.jp/", "内容": "フジサワ薬局瑞浪調剤センター【5:薬局】岐阜県瑞浪市北小田町２－２００" }, "geometry": { "type": "Point", "coordinates": [ 137.244389, 35.359437 ] } },
{ "type": "Feature", "properties": { "ID": 2152101080081, "正式名称": "にこにこ薬局", "機関区分": 5, "都道府県コード": 21, "市区町村コード": 204, "所在地": "岐阜県多治見市宝町８－６１", "緯度": 35.343435, "経度": 137.109794, "url": "https://www.iryou.teikyouseido.mhlw.go.jp/znk-web/juminkanja/S2430/initialize?prefCd=21&kikanCd=2101080081&kikanKbn=5", "url2": null, "内容": "にこにこ薬局【5:薬局】岐阜県多治見市宝町８－６１" }, "geometry": { "type": "Point", "coordinates": [ 137.109794, 35.343435 ] } },
{ "type": "Feature", "properties": { "ID": 2152101080082, "正式名称": "ハーズ多治見調剤薬局豊岡店", "機関区分": 5, "都道府県コード": 21, "市区町村コード": 204, "所在地": "岐阜県多治見市豊岡町３ー６９", "緯度": 35.334822, "経度": 137.127532, "url": "https://www.iryou.teikyouseido.mhlw.go.jp/znk-web/juminkanja/S2430/initialize?prefCd=21&kikanCd=2101080082&kikanKbn=5", "url2": "https://www.hars.co.jp", "内容": "ハーズ多治見調剤薬局豊岡店【5:薬局】岐阜県多治見市豊岡町３ー６９" }, "geometry": { "type": "Point", "coordinates": [ 137.127532, 35.334822 ] } },
{ "type": "Feature", "properties": { "ID": 2152101080084, "正式名称": "調剤薬局　大樹", "機関区分": 5, "都道府県コード": 21, "市区町村コード": 204, "所在地": "岐阜県多治見市太平町３－６", "緯度": 35.336064, "経度": 137.109138, "url": "https://www.iryou.teikyouseido.mhlw.go.jp/znk-web/juminkanja/S2430/initialize?prefCd=21&kikanCd=2101080084&kikanKbn=5", "url2": "https://kenko-dai1.jp/", "内容": "調剤薬局　大樹【5:薬局】岐阜県多治見市太平町３－６" }, "geometry": { "type": "Point", "coordinates": [ 137.109138, 35.336064 ] } },
{ "type": "Feature", "properties": { "ID": 2152101080085, "正式名称": "シモダ薬局", "機関区分": 5, "都道府県コード": 21, "市区町村コード": 204, "所在地": "岐阜県多治見市宝町３－３２－１", "緯度": 35.340392, "経度": 137.108019, "url": "https://www.iryou.teikyouseido.mhlw.go.jp/znk-web/juminkanja/S2430/initialize?prefCd=21&kikanCd=2101080085&kikanKbn=5", "url2": "https://www.p-shimoda.jp", "内容": "シモダ薬局【5:薬局】岐阜県多治見市宝町３－３２－１" }, "geometry": { "type": "Point", "coordinates": [ 137.108019, 35.340392 ] } },
{ "type": "Feature", "properties": { "ID": 2152101080088, "正式名称": "山中薬局太平店", "機関区分": 5, "都道府県コード": 21, "市区町村コード": 204, "所在地": "岐阜県多治見市太平町５－２９", "緯度": 35.337684, "経度": 137.112619, "url": "https://www.iryou.teikyouseido.mhlw.go.jp/znk-web/juminkanja/S2430/initialize?prefCd=21&kikanCd=2101080088&kikanKbn=5", "url2": null, "内容": "山中薬局太平店【5:薬局】岐阜県多治見市太平町５－２９" }, "geometry": { "type": "Point", "coordinates": [ 137.112619, 35.337684 ] } },
{ "type": "Feature", "properties": { "ID": 2152101080091, "正式名称": "Ｖ・ｄｒｕｇ　多治見インター薬局", "機関区分": 5, "都道府県コード": 21, "市区町村コード": 204, "所在地": "岐阜県多治見市若松町２－４８", "緯度": 35.341684, "経度": 137.115429, "url": "https://www.iryou.teikyouseido.mhlw.go.jp/znk-web/juminkanja/S2430/initialize?prefCd=21&kikanCd=2101080091&kikanKbn=5", "url2": "https://www.vdrug.co.jp/", "内容": "Ｖ・ｄｒｕｇ　多治見インター薬局【5:薬局】岐阜県多治見市若松町２－４８" }, "geometry": { "type": "Point", "coordinates": [ 137.115429, 35.341684 ] } },
{ "type": "Feature", "properties": { "ID": 2152101080092, "正式名称": "トーカイ薬局多治見根本店", "機関区分": 5, "都道府県コード": 21, "市区町村コード": 204, "所在地": "岐阜県多治見市高根町２－１１１－１", "緯度": 35.362324, "経度": 137.089806, "url": "https://www.iryou.teikyouseido.mhlw.go.jp/znk-web/juminkanja/S2430/initialize?prefCd=21&kikanCd=2101080092&kikanKbn=5", "url2": "http://www.tokai-pharmacy.com", "内容": "トーカイ薬局多治見根本店【5:薬局】岐阜県多治見市高根町２－１１１－１" }, "geometry": { "type": "Point", "coordinates": [ 137.089806, 35.362324 ] } },
{ "type": "Feature", "properties": { "ID": 2152101080093, "正式名称": "やまと調剤薬局", "機関区分": 5, "都道府県コード": 21, "市区町村コード": 204, "所在地": "岐阜県多治見市太平町４－５３－２", "緯度": 35.334943, "経度": 137.113334, "url": "https://www.iryou.teikyouseido.mhlw.go.jp/znk-web/juminkanja/S2430/initialize?prefCd=21&kikanCd=2101080093&kikanKbn=5", "url2": "http://yamato-p.com/", "内容": "やまと調剤薬局【5:薬局】岐阜県多治見市太平町４－５３－２" }, "geometry": { "type": "Point", "coordinates": [ 137.113334, 35.334943 ] } },
{ "type": "Feature", "properties": { "ID": 2152101080097, "正式名称": "ペンギン堂薬局", "機関区分": 5, "都道府県コード": 21, "市区町村コード": 212, "所在地": "岐阜県土岐市泉が丘町１－１６１", "緯度": 35.372154, "経度": 137.172792, "url": "https://www.iryou.teikyouseido.mhlw.go.jp/znk-web/juminkanja/S2430/initialize?prefCd=21&kikanCd=2101080097&kikanKbn=5", "url2": null, "内容": "ペンギン堂薬局【5:薬局】岐阜県土岐市泉が丘町１－１６１" }, "geometry": { "type": "Point", "coordinates": [ 137.172792, 35.372154 ] } },
{ "type": "Feature", "properties": { "ID": 2152101080103, "正式名称": "コグマ薬局", "機関区分": 5, "都道府県コード": 21, "市区町村コード": 212, "所在地": "岐阜県土岐市泉岩畑町３－３こまどりビル１Ｆ", "緯度": 35.361549, "経度": 137.183175, "url": "https://www.iryou.teikyouseido.mhlw.go.jp/znk-web/juminkanja/S2430/initialize?prefCd=21&kikanCd=2101080103&kikanKbn=5", "url2": null, "内容": "コグマ薬局【5:薬局】岐阜県土岐市泉岩畑町３－３こまどりビル１Ｆ" }, "geometry": { "type": "Point", "coordinates": [ 137.183175, 35.361549 ] } },
{ "type": "Feature", "properties": { "ID": 2152101080104, "正式名称": "メール調剤薬局　稲津店", "機関区分": 5, "都道府県コード": 21, "市区町村コード": 208, "所在地": "岐阜県瑞浪市稲津町小里７２７ー４", "緯度": 35.348667, "経度": 137.274082, "url": "https://www.iryou.teikyouseido.mhlw.go.jp/znk-web/juminkanja/S2430/initialize?prefCd=21&kikanCd=2101080104&kikanKbn=5", "url2": null, "内容": "メール調剤薬局　稲津店【5:薬局】岐阜県瑞浪市稲津町小里７２７ー４" }, "geometry": { "type": "Point", "coordinates": [ 137.274082, 35.348667 ] } },
{ "type": "Feature", "properties": { "ID": 2152101080109, "正式名称": "株式会社小松屋・小松屋薬局", "機関区分": 5, "都道府県コード": 21, "市区町村コード": 208, "所在地": "岐阜県瑞浪市釜戸町３２０５", "緯度": 35.410536, "経度": 137.305661, "url": "https://www.iryou.teikyouseido.mhlw.go.jp/znk-web/juminkanja/S2430/initialize?prefCd=21&kikanCd=2101080109&kikanKbn=5", "url2": null, "内容": "株式会社小松屋・小松屋薬局【5:薬局】岐阜県瑞浪市釜戸町３２０５" }, "geometry": { "type": "Point", "coordinates": [ 137.305661, 35.410536 ] } },
{ "type": "Feature", "properties": { "ID": 2152101080112, "正式名称": "トーカイ薬局多治見北店", "機関区分": 5, "都道府県コード": 21, "市区町村コード": 204, "所在地": "岐阜県多治見市小田町五丁目二十六の一", "緯度": 35.340176, "経度": 137.13073, "url": "https://www.iryou.teikyouseido.mhlw.go.jp/znk-web/juminkanja/S2430/initialize?prefCd=21&kikanCd=2101080112&kikanKbn=5", "url2": "http://www.tokai-medical.com/", "内容": "トーカイ薬局多治見北店【5:薬局】岐阜県多治見市小田町五丁目二十六の一" }, "geometry": { "type": "Point", "coordinates": [ 137.13073, 35.340176 ] } },
{ "type": "Feature", "properties": { "ID": 2152101080119, "正式名称": "有限会社　イズミ薬局", "機関区分": 5, "都道府県コード": 21, "市区町村コード": 212, "所在地": "岐阜県土岐市泉大坪町１−２２", "緯度": 35.362896, "経度": 137.181118, "url": "https://www.iryou.teikyouseido.mhlw.go.jp/znk-web/juminkanja/S2430/initialize?prefCd=21&kikanCd=2101080119&kikanKbn=5", "url2": null, "内容": "有限会社　イズミ薬局【5:薬局】岐阜県土岐市泉大坪町１−２２" }, "geometry": { "type": "Point", "coordinates": [ 137.181118, 35.362896 ] } },
{ "type": "Feature", "properties": { "ID": 2152101080124, "正式名称": "サンエイ薬局", "機関区分": 5, "都道府県コード": 21, "市区町村コード": 204, "所在地": "岐阜県多治見市栄町２－２９", "緯度": 35.333273, "経度": 137.122223, "url": "https://www.iryou.teikyouseido.mhlw.go.jp/znk-web/juminkanja/S2430/initialize?prefCd=21&kikanCd=2101080124&kikanKbn=5", "url2": null, "内容": "サンエイ薬局【5:薬局】岐阜県多治見市栄町２－２９" }, "geometry": { "type": "Point", "coordinates": [ 137.122223, 35.333273 ] } },
{ "type": "Feature", "properties": { "ID": 2152101080131, "正式名称": "トーカイ薬局　多治見白山店", "機関区分": 5, "都道府県コード": 21, "市区町村コード": 204, "所在地": "岐阜県多治見市白山町１丁目２３１番地", "緯度": 35.336632, "経度": 137.122027, "url": "https://www.iryou.teikyouseido.mhlw.go.jp/znk-web/juminkanja/S2430/initialize?prefCd=21&kikanCd=2101080131&kikanKbn=5", "url2": "http://www.tokai-pharmacy.com/", "内容": "トーカイ薬局　多治見白山店【5:薬局】岐阜県多治見市白山町１丁目２３１番地" }, "geometry": { "type": "Point", "coordinates": [ 137.122027, 35.336632 ] } },
{ "type": "Feature", "properties": { "ID": 2152101080134, "正式名称": "ささゆり薬局　大畑店", "機関区分": 5, "都道府県コード": 21, "市区町村コード": 204, "所在地": "岐阜県多治見市大畑町大洞２１－５", "緯度": 35.314944, "経度": 137.128617, "url": "https://www.iryou.teikyouseido.mhlw.go.jp/znk-web/juminkanja/S2430/initialize?prefCd=21&kikanCd=2101080134&kikanKbn=5", "url2": "http://www.sasayuri.co.jp/", "内容": "ささゆり薬局　大畑店【5:薬局】岐阜県多治見市大畑町大洞２１－５" }, "geometry": { "type": "Point", "coordinates": [ 137.128617, 35.314944 ] } },
{ "type": "Feature", "properties": { "ID": 2152101080137, "正式名称": "澤田調剤薬局", "機関区分": 5, "都道府県コード": 21, "市区町村コード": 212, "所在地": "岐阜県土岐市妻木町１４１９－１", "緯度": 35.313359, "経度": 137.191026, "url": "https://www.iryou.teikyouseido.mhlw.go.jp/znk-web/juminkanja/S2430/initialize?prefCd=21&kikanCd=2101080137&kikanKbn=5", "url2": "https://www.sawada-p.com/", "内容": "澤田調剤薬局【5:薬局】岐阜県土岐市妻木町１４１９－１" }, "geometry": { "type": "Point", "coordinates": [ 137.191026, 35.313359 ] } },
{ "type": "Feature", "properties": { "ID": 2152101080139, "正式名称": "ジェーシーエス調剤薬局　幸店", "機関区分": 5, "都道府県コード": 21, "市区町村コード": 204, "所在地": "岐阜県多治見市幸町８－５８－３", "緯度": 35.3548, "経度": 137.091289, "url": "https://www.iryou.teikyouseido.mhlw.go.jp/znk-web/juminkanja/S2430/initialize?prefCd=21&kikanCd=2101080139&kikanKbn=5", "url2": "https://www.jcs-tajimi-pharmacy.jp", "内容": "ジェーシーエス調剤薬局　幸店【5:薬局】岐阜県多治見市幸町８－５８－３" }, "geometry": { "type": "Point", "coordinates": [ 137.091289, 35.3548 ] } },
{ "type": "Feature", "properties": { "ID": 2152101080140, "正式名称": "ユニファーマシーマツバラ薬局", "機関区分": 5, "都道府県コード": 21, "市区町村コード": 212, "所在地": "岐阜県土岐市土岐口南町４－７０", "緯度": 35.337921, "経度": 137.182737, "url": "https://www.iryou.teikyouseido.mhlw.go.jp/znk-web/juminkanja/S2430/initialize?prefCd=21&kikanCd=2101080140&kikanKbn=5", "url2": null, "内容": "ユニファーマシーマツバラ薬局【5:薬局】岐阜県土岐市土岐口南町４－７０" }, "geometry": { "type": "Point", "coordinates": [ 137.182737, 35.337921 ] } },
{ "type": "Feature", "properties": { "ID": 2152101080142, "正式名称": "スギヤマ薬局滝呂店", "機関区分": 5, "都道府県コード": 21, "市区町村コード": 204, "所在地": "岐阜県多治見市滝呂町６－１２７", "緯度": 35.312483, "経度": 137.14246, "url": "https://www.iryou.teikyouseido.mhlw.go.jp/znk-web/juminkanja/S2430/initialize?prefCd=21&kikanCd=2101080142&kikanKbn=5", "url2": "http://sugiyama-club.jp/", "内容": "スギヤマ薬局滝呂店【5:薬局】岐阜県多治見市滝呂町６－１２７" }, "geometry": { "type": "Point", "coordinates": [ 137.14246, 35.312483 ] } },
{ "type": "Feature", "properties": { "ID": 2152101080143, "正式名称": "スギヤマ薬局土岐店", "機関区分": 5, "都道府県コード": 21, "市区町村コード": 212, "所在地": "岐阜県土岐市土岐口中町４―７８―１", "緯度": 35.344433, "経度": 137.176469, "url": "https://www.iryou.teikyouseido.mhlw.go.jp/znk-web/juminkanja/S2430/initialize?prefCd=21&kikanCd=2101080143&kikanKbn=5", "url2": "https://sugiyama-club.jp/", "内容": "スギヤマ薬局土岐店【5:薬局】岐阜県土岐市土岐口中町４―７８―１" }, "geometry": { "type": "Point", "coordinates": [ 137.176469, 35.344433 ] } },
{ "type": "Feature", "properties": { "ID": 2152101080144, "正式名称": "キマタ薬局", "機関区分": 5, "都道府県コード": 21, "市区町村コード": 208, "所在地": "岐阜県瑞浪市上平町４丁目９番地の２", "緯度": 35.357836, "経度": 137.253434, "url": "https://www.iryou.teikyouseido.mhlw.go.jp/znk-web/juminkanja/S2430/initialize?prefCd=21&kikanCd=2101080144&kikanKbn=5", "url2": "https://www.kimata-ph.co.jp/", "内容": "キマタ薬局【5:薬局】岐阜県瑞浪市上平町４丁目９番地の２" }, "geometry": { "type": "Point", "coordinates": [ 137.253434, 35.357836 ] } },
{ "type": "Feature", "properties": { "ID": 2152101080147, "正式名称": "スギ薬局　多治見南店", "機関区分": 5, "都道府県コード": 21, "市区町村コード": 204, "所在地": "岐阜県多治見市三笠町１－８－１", "緯度": 35.328332, "経度": 137.124602, "url": "https://www.iryou.teikyouseido.mhlw.go.jp/znk-web/juminkanja/S2430/initialize?prefCd=21&kikanCd=2101080147&kikanKbn=5", "url2": "http://www.drug-sugi.co.jp/", "内容": "スギ薬局　多治見南店【5:薬局】岐阜県多治見市三笠町１－８－１" }, "geometry": { "type": "Point", "coordinates": [ 137.124602, 35.328332 ] } },
{ "type": "Feature", "properties": { "ID": 2152101080149, "正式名称": "ささゆり薬局　松坂店", "機関区分": 5, "都道府県コード": 21, "市区町村コード": 204, "所在地": "岐阜県多治見市松坂町１－１－５", "緯度": 35.366265, "経度": 137.093483, "url": "https://www.iryou.teikyouseido.mhlw.go.jp/znk-web/juminkanja/S2430/initialize?prefCd=21&kikanCd=2101080149&kikanKbn=5", "url2": "http://www.sasayuri.co.jp/", "内容": "ささゆり薬局　松坂店【5:薬局】岐阜県多治見市松坂町１－１－５" }, "geometry": { "type": "Point", "coordinates": [ 137.093483, 35.366265 ] } },
{ "type": "Feature", "properties": { "ID": 2152101080152, "正式名称": "ささゆり薬局　土岐店", "機関区分": 5, "都道府県コード": 21, "市区町村コード": 212, "所在地": "岐阜県土岐市肥田浅野笠神町２－１２", "緯度": 35.361404, "経度": 137.197982, "url": "https://www.iryou.teikyouseido.mhlw.go.jp/znk-web/juminkanja/S2430/initialize?prefCd=21&kikanCd=2101080152&kikanKbn=5", "url2": "http://www.sasayuri.co.jp/", "内容": "ささゆり薬局　土岐店【5:薬局】岐阜県土岐市肥田浅野笠神町２－１２" }, "geometry": { "type": "Point", "coordinates": [ 137.197982, 35.361404 ] } },
{ "type": "Feature", "properties": { "ID": 2152101080154, "正式名称": "たから調剤薬局", "機関区分": 5, "都道府県コード": 21, "市区町村コード": 204, "所在地": "岐阜県多治見市宝町１０丁目１７－１", "緯度": 35.34423, "経度": 137.107424, "url": "https://www.iryou.teikyouseido.mhlw.go.jp/znk-web/juminkanja/S2430/initialize?prefCd=21&kikanCd=2101080154&kikanKbn=5", "url2": "https://www.takara-p-tajimi.com", "内容": "たから調剤薬局【5:薬局】岐阜県多治見市宝町１０丁目１７－１" }, "geometry": { "type": "Point", "coordinates": [ 137.107424, 35.34423 ] } },
{ "type": "Feature", "properties": { "ID": 2152101080157, "正式名称": "北小田薬局", "機関区分": 5, "都道府県コード": 21, "市区町村コード": 208, "所在地": "岐阜県瑞浪市北小田町二丁目２９６番地４", "緯度": 35.360083, "経度": 137.24346, "url": "https://www.iryou.teikyouseido.mhlw.go.jp/znk-web/juminkanja/S2430/initialize?prefCd=21&kikanCd=2101080157&kikanKbn=5", "url2": null, "内容": "北小田薬局【5:薬局】岐阜県瑞浪市北小田町二丁目２９６番地４" }, "geometry": { "type": "Point", "coordinates": [ 137.24346, 35.360083 ] } },
{ "type": "Feature", "properties": { "ID": 2152101080158, "正式名称": "Ｖ・ｄｒｕｇ　多治見旭ヶ丘薬局", "機関区分": 5, "都道府県コード": 21, "市区町村コード": 204, "所在地": "岐阜県多治見市小名田町西ケ洞１－３２５", "緯度": 35.366001, "経度": 137.117584, "url": "https://www.iryou.teikyouseido.mhlw.go.jp/znk-web/juminkanja/S2430/initialize?prefCd=21&kikanCd=2101080158&kikanKbn=5", "url2": "https://www.vdrug.co.jp/", "内容": "Ｖ・ｄｒｕｇ　多治見旭ヶ丘薬局【5:薬局】岐阜県多治見市小名田町西ケ洞１－３２５" }, "geometry": { "type": "Point", "coordinates": [ 137.117584, 35.366001 ] } },
{ "type": "Feature", "properties": { "ID": 2152101080159, "正式名称": "トーカイ薬局　多治見中央店", "機関区分": 5, "都道府県コード": 21, "市区町村コード": 204, "所在地": "岐阜県多治見市小名田町西ケ洞１９－５", "緯度": 35.36556, "経度": 137.118665, "url": "https://www.iryou.teikyouseido.mhlw.go.jp/znk-web/juminkanja/S2430/initialize?prefCd=21&kikanCd=2101080159&kikanKbn=5", "url2": "http://www.tokai-pharmacy.com", "内容": "トーカイ薬局　多治見中央店【5:薬局】岐阜県多治見市小名田町西ケ洞１９－５" }, "geometry": { "type": "Point", "coordinates": [ 137.118665, 35.36556 ] } },
{ "type": "Feature", "properties": { "ID": 2152101080160, "正式名称": "有限会社　近藤薬局", "機関区分": 5, "都道府県コード": 21, "市区町村コード": 212, "所在地": "岐阜県土岐市泉岩畑町４－１２", "緯度": 35.362805, "経度": 137.181905, "url": "https://www.iryou.teikyouseido.mhlw.go.jp/znk-web/juminkanja/S2430/initialize?prefCd=21&kikanCd=2101080160&kikanKbn=5", "url2": "https://www.kondo-yakkyoku.com/", "内容": "有限会社　近藤薬局【5:薬局】岐阜県土岐市泉岩畑町４－１２" }, "geometry": { "type": "Point", "coordinates": [ 137.181905, 35.362805 ] } },
{ "type": "Feature", "properties": { "ID": 2152101080162, "正式名称": "にしむら調剤薬局", "機関区分": 5, "都道府県コード": 21, "市区町村コード": 212, "所在地": "岐阜県土岐市妻木平成町１－２０", "緯度": 35.318208, "経度": 137.19044, "url": "https://www.iryou.teikyouseido.mhlw.go.jp/znk-web/juminkanja/S2430/initialize?prefCd=21&kikanCd=2101080162&kikanKbn=5", "url2": null, "内容": "にしむら調剤薬局【5:薬局】岐阜県土岐市妻木平成町１－２０" }, "geometry": { "type": "Point", "coordinates": [ 137.19044, 35.318208 ] } },
{ "type": "Feature", "properties": { "ID": 2152101080163, "正式名称": "シモダ薬局平和店", "機関区分": 5, "都道府県コード": 21, "市区町村コード": 204, "所在地": "岐阜県多治見市平和町７丁目７６番地", "緯度": 35.327228, "経度": 137.116514, "url": "https://www.iryou.teikyouseido.mhlw.go.jp/znk-web/juminkanja/S2430/initialize?prefCd=21&kikanCd=2101080163&kikanKbn=5", "url2": "https://www.p-shimoda.jp/home", "内容": "シモダ薬局平和店【5:薬局】岐阜県多治見市平和町７丁目７６番地" }, "geometry": { "type": "Point", "coordinates": [ 137.116514, 35.327228 ] } },
{ "type": "Feature", "properties": { "ID": 2152101080168, "正式名称": "貴船薬局　広小路店", "機関区分": 5, "都道府県コード": 21, "市区町村コード": 204, "所在地": "岐阜県多治見市広小路２丁目１２", "緯度": 35.332016, "経度": 137.127285, "url": "https://www.iryou.teikyouseido.mhlw.go.jp/znk-web/juminkanja/S2430/initialize?prefCd=21&kikanCd=2101080168&kikanKbn=5", "url2": "https://tai-yu.co.jp/campany/kihuneyakkyoku-hirokoji/", "内容": "貴船薬局　広小路店【5:薬局】岐阜県多治見市広小路２丁目１２" }, "geometry": { "type": "Point", "coordinates": [ 137.127285, 35.332016 ] } },
{ "type": "Feature", "properties": { "ID": 2152101080169, "正式名称": "すずらん調剤薬局", "機関区分": 5, "都道府県コード": 21, "市区町村コード": 204, "所在地": "岐阜県多治見市明和町５丁目５７－７", "緯度": 35.354591, "経度": 137.105589, "url": "https://www.iryou.teikyouseido.mhlw.go.jp/znk-web/juminkanja/S2430/initialize?prefCd=21&kikanCd=2101080169&kikanKbn=5", "url2": "http//medit.co.jp", "内容": "すずらん調剤薬局【5:薬局】岐阜県多治見市明和町５丁目５７－７" }, "geometry": { "type": "Point", "coordinates": [ 137.105589, 35.354591 ] } },
{ "type": "Feature", "properties": { "ID": 2152101080170, "正式名称": "エール調剤薬局瑞浪店", "機関区分": 5, "都道府県コード": 21, "市区町村コード": 208, "所在地": "岐阜県瑞浪市山田町６７１－１２", "緯度": 35.348814, "経度": 137.249434, "url": "https://www.iryou.teikyouseido.mhlw.go.jp/znk-web/juminkanja/S2430/initialize?prefCd=21&kikanCd=2101080170&kikanKbn=5", "url2": "http://www.yell-ph.co.jp", "内容": "エール調剤薬局瑞浪店【5:薬局】岐阜県瑞浪市山田町６７１－１２" }, "geometry": { "type": "Point", "coordinates": [ 137.249434, 35.348814 ] } },
{ "type": "Feature", "properties": { "ID": 2152101080173, "正式名称": "井沢薬局", "機関区分": 5, "都道府県コード": 21, "市区町村コード": 212, "所在地": "岐阜県土岐市下石町１３４５−２", "緯度": 35.325733, "経度": 137.189629, "url": "https://www.iryou.teikyouseido.mhlw.go.jp/znk-web/juminkanja/S2430/initialize?prefCd=21&kikanCd=2101080173&kikanKbn=5", "url2": null, "内容": "井沢薬局【5:薬局】岐阜県土岐市下石町１３４５−２" }, "geometry": { "type": "Point", "coordinates": [ 137.189629, 35.325733 ] } },
{ "type": "Feature", "properties": { "ID": 2152101080177, "正式名称": "日本調剤多治見薬局", "機関区分": 5, "都道府県コード": 21, "市区町村コード": 204, "所在地": "岐阜県多治見市前畑町", "緯度": 35.328442, "経度": 137.112245, "url": "https://www.iryou.teikyouseido.mhlw.go.jp/znk-web/juminkanja/S2430/initialize?prefCd=21&kikanCd=2101080177&kikanKbn=5", "url2": "https://www.nicho.co.jp/tenpo/tazimi/", "内容": "日本調剤多治見薬局【5:薬局】岐阜県多治見市前畑町" }, "geometry": { "type": "Point", "coordinates": [ 137.112245, 35.328442 ] } },
{ "type": "Feature", "properties": { "ID": 2152101080179, "正式名称": "スギヤマ調剤薬局　多治見店", "機関区分": 5, "都道府県コード": 21, "市区町村コード": 204, "所在地": "岐阜県多治見市前畑町５丁目８５－２", "緯度": 35.328984, "経度": 137.112117, "url": "https://www.iryou.teikyouseido.mhlw.go.jp/znk-web/juminkanja/S2430/initialize?prefCd=21&kikanCd=2101080179&kikanKbn=5", "url2": "http://sugiyama-club.jp/", "内容": "スギヤマ調剤薬局　多治見店【5:薬局】岐阜県多治見市前畑町５丁目８５－２" }, "geometry": { "type": "Point", "coordinates": [ 137.112117, 35.328984 ] } },
{ "type": "Feature", "properties": { "ID": 2152101080180, "正式名称": "Ｖ・ｄｒｕｇ　多治見錦薬局", "機関区分": 5, "都道府県コード": 21, "市区町村コード": 204, "所在地": "岐阜県多治見市錦町１－２１－１", "緯度": 35.329517, "経度": 137.126622, "url": "https://www.iryou.teikyouseido.mhlw.go.jp/znk-web/juminkanja/S2430/initialize?prefCd=21&kikanCd=2101080180&kikanKbn=5", "url2": "https://www.vdrug.co.jp/", "内容": "Ｖ・ｄｒｕｇ　多治見錦薬局【5:薬局】岐阜県多治見市錦町１－２１－１" }, "geometry": { "type": "Point", "coordinates": [ 137.126622, 35.329517 ] } },
{ "type": "Feature", "properties": { "ID": 2152101080181, "正式名称": "あさひ薬局", "機関区分": 5, "都道府県コード": 21, "市区町村コード": 204, "所在地": "岐阜県多治見市前畑町５丁目８５－３", "緯度": 35.329098, "経度": 137.112214, "url": "https://www.iryou.teikyouseido.mhlw.go.jp/znk-web/juminkanja/S2430/initialize?prefCd=21&kikanCd=2101080181&kikanKbn=5", "url2": null, "内容": "あさひ薬局【5:薬局】岐阜県多治見市前畑町５丁目８５－３" }, "geometry": { "type": "Point", "coordinates": [ 137.112214, 35.329098 ] } },
{ "type": "Feature", "properties": { "ID": 2152101080182, "正式名称": "Ｖ・ｄｒｕｇ　多治見中央薬局", "機関区分": 5, "都道府県コード": 21, "市区町村コード": 204, "所在地": "岐阜県多治見市前畑町３－４５－１", "緯度": 35.330812, "経度": 137.117766, "url": "https://www.iryou.teikyouseido.mhlw.go.jp/znk-web/juminkanja/S2430/initialize?prefCd=21&kikanCd=2101080182&kikanKbn=5", "url2": "https://www.vdrug.co.jp/", "内容": "Ｖ・ｄｒｕｇ　多治見中央薬局【5:薬局】岐阜県多治見市前畑町３－４５－１" }, "geometry": { "type": "Point", "coordinates": [ 137.117766, 35.330812 ] } },
{ "type": "Feature", "properties": { "ID": 2152101080184, "正式名称": "ささゆり薬局　泉店", "機関区分": 5, "都道府県コード": 21, "市区町村コード": 212, "所在地": "岐阜県土岐市泉仲森町２－２７－１－２", "緯度": 35.367253, "経度": 137.18554, "url": "https://www.iryou.teikyouseido.mhlw.go.jp/znk-web/juminkanja/S2430/initialize?prefCd=21&kikanCd=2101080184&kikanKbn=5", "url2": "http://www.sasayuri.co.jp/", "内容": "ささゆり薬局　泉店【5:薬局】岐阜県土岐市泉仲森町２－２７－１－２" }, "geometry": { "type": "Point", "coordinates": [ 137.18554, 35.367253 ] } },
{ "type": "Feature", "properties": { "ID": 2152101080185, "正式名称": "浪花薬品株式会社　なにわ調剤薬局", "機関区分": 5, "都道府県コード": 21, "市区町村コード": 208, "所在地": "岐阜県瑞浪市南小田町１丁目１３０番地", "緯度": 35.357043, "経度": 137.244048, "url": "https://www.iryou.teikyouseido.mhlw.go.jp/znk-web/juminkanja/S2430/initialize?prefCd=21&kikanCd=2101080185&kikanKbn=5", "url2": null, "内容": "浪花薬品株式会社　なにわ調剤薬局【5:薬局】岐阜県瑞浪市南小田町１丁目１３０番地" }, "geometry": { "type": "Point", "coordinates": [ 137.244048, 35.357043 ] } },
{ "type": "Feature", "properties": { "ID": 2152101080187, "正式名称": "みずの薬局", "機関区分": 5, "都道府県コード": 21, "市区町村コード": 212, "所在地": "岐阜県土岐市泉町久尻４７―２", "緯度": 35.356606, "経度": 137.183822, "url": "https://www.iryou.teikyouseido.mhlw.go.jp/znk-web/juminkanja/S2430/initialize?prefCd=21&kikanCd=2101080187&kikanKbn=5", "url2": "https://www.mizuno-pha1999.jp", "内容": "みずの薬局【5:薬局】岐阜県土岐市泉町久尻４７―２" }, "geometry": { "type": "Point", "coordinates": [ 137.183822, 35.356606 ] } },
{ "type": "Feature", "properties": { "ID": 2152101080188, "正式名称": "スギ薬局　土岐店", "機関区分": 5, "都道府県コード": 21, "市区町村コード": 212, "所在地": "岐阜県土岐市土岐口南町二丁目十一番地", "緯度": 35.339415, "経度": 137.179809, "url": "https://www.iryou.teikyouseido.mhlw.go.jp/znk-web/juminkanja/S2430/initialize?prefCd=21&kikanCd=2101080188&kikanKbn=5", "url2": "http://www.drug-sugi.co.jp", "内容": "スギ薬局　土岐店【5:薬局】岐阜県土岐市土岐口南町二丁目十一番地" }, "geometry": { "type": "Point", "coordinates": [ 137.179809, 35.339415 ] } },
{ "type": "Feature", "properties": { "ID": 2152101080189, "正式名称": "まつもと薬局", "機関区分": 5, "都道府県コード": 21, "市区町村コード": 212, "所在地": "岐阜県土岐市肥田浅野朝日町２－２２", "緯度": 35.360043, "経度": 137.196152, "url": "https://www.iryou.teikyouseido.mhlw.go.jp/znk-web/juminkanja/S2430/initialize?prefCd=21&kikanCd=2101080189&kikanKbn=5", "url2": null, "内容": "まつもと薬局【5:薬局】岐阜県土岐市肥田浅野朝日町２－２２" }, "geometry": { "type": "Point", "coordinates": [ 137.196152, 35.360043 ] } },
{ "type": "Feature", "properties": { "ID": 2152101080190, "正式名称": "マツバラ薬局", "機関区分": 5, "都道府県コード": 21, "市区町村コード": 204, "所在地": "岐阜県多治見市笠原町２８３５－１", "緯度": 35.302566, "経度": 137.153442, "url": "https://www.iryou.teikyouseido.mhlw.go.jp/znk-web/juminkanja/S2430/initialize?prefCd=21&kikanCd=2101080190&kikanKbn=5", "url2": "https://matsubara6121-pharmacy.com", "内容": "マツバラ薬局【5:薬局】岐阜県多治見市笠原町２８３５－１" }, "geometry": { "type": "Point", "coordinates": [ 137.153442, 35.302566 ] } },
{ "type": "Feature", "properties": { "ID": 2152101080192, "正式名称": "Ｖ・ｄｒｕｇ　前畑薬局", "機関区分": 5, "都道府県コード": 21, "市区町村コード": 204, "所在地": "岐阜県多治見市前畑町４－１１１－２", "緯度": 35.329577, "経度": 137.113559, "url": "https://www.iryou.teikyouseido.mhlw.go.jp/znk-web/juminkanja/S2430/initialize?prefCd=21&kikanCd=2101080192&kikanKbn=5", "url2": "https://www.vdrug.co.jp/", "内容": "Ｖ・ｄｒｕｇ　前畑薬局【5:薬局】岐阜県多治見市前畑町４－１１１－２" }, "geometry": { "type": "Point", "coordinates": [ 137.113559, 35.329577 ] } },
{ "type": "Feature", "properties": { "ID": 2152101080195, "正式名称": "日比野薬局", "機関区分": 5, "都道府県コード": 21, "市区町村コード": 212, "所在地": "岐阜県土岐市駄知町２２５４番地の３", "緯度": 35.325607, "経度": 137.226272, "url": "https://www.iryou.teikyouseido.mhlw.go.jp/znk-web/juminkanja/S2430/initialize?prefCd=21&kikanCd=2101080195&kikanKbn=5", "url2": "http://hib-pharmacy.com/", "内容": "日比野薬局【5:薬局】岐阜県土岐市駄知町２２５４番地の３" }, "geometry": { "type": "Point", "coordinates": [ 137.226272, 35.325607 ] } },
{ "type": "Feature", "properties": { "ID": 2152101080198, "正式名称": "シンエイ調剤薬局", "機関区分": 5, "都道府県コード": 21, "市区町村コード": 212, "所在地": "岐阜県土岐市泉神栄町４－８－３", "緯度": 35.362597, "経度": 137.186014, "url": "https://www.iryou.teikyouseido.mhlw.go.jp/znk-web/juminkanja/S2430/initialize?prefCd=21&kikanCd=2101080198&kikanKbn=5", "url2": null, "内容": "シンエイ調剤薬局【5:薬局】岐阜県土岐市泉神栄町４－８－３" }, "geometry": { "type": "Point", "coordinates": [ 137.186014, 35.362597 ] } },
{ "type": "Feature", "properties": { "ID": 2152101080200, "正式名称": "明和調剤薬局", "機関区分": 5, "都道府県コード": 21, "市区町村コード": 204, "所在地": "岐阜県多治見市明和町４－４－１０", "緯度": 35.361408, "経度": 137.108187, "url": "https://www.iryou.teikyouseido.mhlw.go.jp/znk-web/juminkanja/S2430/initialize?prefCd=21&kikanCd=2101080200&kikanKbn=5", "url2": "https://www.meiwa-pharmacy.com/", "内容": "明和調剤薬局【5:薬局】岐阜県多治見市明和町４－４－１０" }, "geometry": { "type": "Point", "coordinates": [ 137.108187, 35.361408 ] } },
{ "type": "Feature", "properties": { "ID": 2152101080201, "正式名称": "ランゲルハンス島薬局", "機関区分": 5, "都道府県コード": 21, "市区町村コード": 212, "所在地": "岐阜県土岐市肥田浅野朝日町３－４６－１", "緯度": 35.362208, "経度": 137.197048, "url": "https://www.iryou.teikyouseido.mhlw.go.jp/znk-web/juminkanja/S2430/initialize?prefCd=21&kikanCd=2101080201&kikanKbn=5", "url2": null, "内容": "ランゲルハンス島薬局【5:薬局】岐阜県土岐市肥田浅野朝日町３－４６－１" }, "geometry": { "type": "Point", "coordinates": [ 137.197048, 35.362208 ] } },
{ "type": "Feature", "properties": { "ID": 2152101080202, "正式名称": "アイセイ薬局　金岡店", "機関区分": 5, "都道府県コード": 21, "市区町村コード": 204, "所在地": "岐阜県多治見市金岡町１－７４－１", "緯度": 35.343775, "経度": 137.117998, "url": "https://www.iryou.teikyouseido.mhlw.go.jp/znk-web/juminkanja/S2430/initialize?prefCd=21&kikanCd=2101080202&kikanKbn=5", "url2": "http://www.aisei.co.jp", "内容": "アイセイ薬局　金岡店【5:薬局】岐阜県多治見市金岡町１－７４－１" }, "geometry": { "type": "Point", "coordinates": [ 137.117998, 35.343775 ] } },
{ "type": "Feature", "properties": { "ID": 2152101080203, "正式名称": "アイセイ薬局　滝呂店", "機関区分": 5, "都道府県コード": 21, "市区町村コード": 204, "所在地": "岐阜県多治見市滝呂町１２丁目２１１ー２", "緯度": 35.314677, "経度": 137.15832, "url": "https://www.iryou.teikyouseido.mhlw.go.jp/znk-web/juminkanja/S2430/initialize?prefCd=21&kikanCd=2101080203&kikanKbn=5", "url2": "http://store.aisei.co.jp/detail/174", "内容": "アイセイ薬局　滝呂店【5:薬局】岐阜県多治見市滝呂町１２丁目２１１ー２" }, "geometry": { "type": "Point", "coordinates": [ 137.15832, 35.314677 ] } },
{ "type": "Feature", "properties": { "ID": 2152101080204, "正式名称": "アイセイ薬局　おおくて店", "機関区分": 5, "都道府県コード": 21, "市区町村コード": 208, "所在地": "岐阜県瑞浪市大湫町１１３－５４", "緯度": 35.429703, "経度": 137.286298, "url": "https://www.iryou.teikyouseido.mhlw.go.jp/znk-web/juminkanja/S2430/initialize?prefCd=21&kikanCd=2101080204&kikanKbn=5", "url2": "http://store.aisei.co.jp/detail/250", "内容": "アイセイ薬局　おおくて店【5:薬局】岐阜県瑞浪市大湫町１１３－５４" }, "geometry": { "type": "Point", "coordinates": [ 137.286298, 35.429703 ] } },
{ "type": "Feature", "properties": { "ID": 2152101080205, "正式名称": "スマイル白山薬局", "機関区分": 5, "都道府県コード": 21, "市区町村コード": 204, "所在地": "岐阜県多治見市白山町５丁目５ー１", "緯度": 35.342287, "経度": 137.118246, "url": "https://www.iryou.teikyouseido.mhlw.go.jp/znk-web/juminkanja/S2430/initialize?prefCd=21&kikanCd=2101080205&kikanKbn=5", "url2": "https://pharmalink.jp/", "内容": "スマイル白山薬局【5:薬局】岐阜県多治見市白山町５丁目５ー１" }, "geometry": { "type": "Point", "coordinates": [ 137.118246, 35.342287 ] } },
{ "type": "Feature", "properties": { "ID": 2152101080207, "正式名称": "ささゆり薬局　土岐口店", "機関区分": 5, "都道府県コード": 21, "市区町村コード": 212, "所在地": "岐阜県土岐市土岐口南町４丁目４８番", "緯度": 35.337714, "経度": 137.182223, "url": "https://www.iryou.teikyouseido.mhlw.go.jp/znk-web/juminkanja/S2430/initialize?prefCd=21&kikanCd=2101080207&kikanKbn=5", "url2": null, "内容": "ささゆり薬局　土岐口店【5:薬局】岐阜県土岐市土岐口南町４丁目４８番" }, "geometry": { "type": "Point", "coordinates": [ 137.182223, 35.337714 ] } },
{ "type": "Feature", "properties": { "ID": 2152101080210, "正式名称": "トーカイ薬局　多治見クリスタルプラザ店", "機関区分": 5, "都道府県コード": 21, "市区町村コード": 204, "所在地": "岐阜県多治見市本町３－１０１－１　クリスタルプラザ多治見３Ｆ", "緯度": 35.335458, "経度": 137.123774, "url": "https://www.iryou.teikyouseido.mhlw.go.jp/znk-web/juminkanja/S2430/initialize?prefCd=21&kikanCd=2101080210&kikanKbn=5", "url2": "http://www.tokai-pharmacy.com", "内容": "トーカイ薬局　多治見クリスタルプラザ店【5:薬局】岐阜県多治見市本町３－１０１－１　クリスタルプラザ多治見３Ｆ" }, "geometry": { "type": "Point", "coordinates": [ 137.123774, 35.335458 ] } },
{ "type": "Feature", "properties": { "ID": 2152101080211, "正式名称": "Ｖ・ｄｒｕｇ　土岐口薬局", "機関区分": 5, "都道府県コード": 21, "市区町村コード": 212, "所在地": "岐阜県土岐市土岐口南町４丁目４４－１", "緯度": 35.337255, "経度": 137.182161, "url": "https://www.iryou.teikyouseido.mhlw.go.jp/znk-web/juminkanja/S2430/initialize?prefCd=21&kikanCd=2101080211&kikanKbn=5", "url2": "https://www.vdrug.co.jp/pharmacy/", "内容": "Ｖ・ｄｒｕｇ　土岐口薬局【5:薬局】岐阜県土岐市土岐口南町４丁目４４－１" }, "geometry": { "type": "Point", "coordinates": [ 137.182161, 35.337255 ] } },
{ "type": "Feature", "properties": { "ID": 2152101080212, "正式名称": "Ｖ・ｄｒｕｇ　笠原中央薬局", "機関区分": 5, "都道府県コード": 21, "市区町村コード": 204, "所在地": "岐阜県多治見市笠原町字権現２２００番地２８９", "緯度": 35.289761, "経度": 137.160583, "url": "https://www.iryou.teikyouseido.mhlw.go.jp/znk-web/juminkanja/S2430/initialize?prefCd=21&kikanCd=2101080212&kikanKbn=5", "url2": "https://vdrug.co.jp/pharmacy/", "内容": "Ｖ・ｄｒｕｇ　笠原中央薬局【5:薬局】岐阜県多治見市笠原町字権現２２００番地２８９" }, "geometry": { "type": "Point", "coordinates": [ 137.160583, 35.289761 ] } },
{ "type": "Feature", "properties": { "ID": 2152101080213, "正式名称": "ハシモト薬局　音羽店", "機関区分": 5, "都道府県コード": 21, "市区町村コード": 204, "所在地": "岐阜県多治見市音羽町１－２２", "緯度": 35.337428, "経度": 137.118734, "url": "https://www.iryou.teikyouseido.mhlw.go.jp/znk-web/juminkanja/S2430/initialize?prefCd=21&kikanCd=2101080213&kikanKbn=5", "url2": "https://store.qol-net.co.jp/detail/99999/", "内容": "ハシモト薬局　音羽店【5:薬局】岐阜県多治見市音羽町１－２２" }, "geometry": { "type": "Point", "coordinates": [ 137.118734, 35.337428 ] } },
{ "type": "Feature", "properties": { "ID": 2152101080214, "正式名称": "ハシモト薬局　三笠店", "機関区分": 5, "都道府県コード": 21, "市区町村コード": 204, "所在地": "岐阜県多治見市三笠町１－１８", "緯度": 35.328643, "経度": 137.125553, "url": "https://www.iryou.teikyouseido.mhlw.go.jp/znk-web/juminkanja/S2430/initialize?prefCd=21&kikanCd=2101080214&kikanKbn=5", "url2": "https://www.qol-net.co.jp/pharmacy/map/detail.php?id=888", "内容": "ハシモト薬局　三笠店【5:薬局】岐阜県多治見市三笠町１－１８" }, "geometry": { "type": "Point", "coordinates": [ 137.125553, 35.328643 ] } },
{ "type": "Feature", "properties": { "ID": 2152101080215, "正式名称": "エール調剤薬局　土岐店", "機関区分": 5, "都道府県コード": 21, "市区町村コード": 212, "所在地": "岐阜県土岐市肥田浅野笠神町２－２１－２", "緯度": 35.362089, "経度": 137.198744, "url": "https://www.iryou.teikyouseido.mhlw.go.jp/znk-web/juminkanja/S2430/initialize?prefCd=21&kikanCd=2101080215&kikanKbn=5", "url2": "medicallead.co.jp", "内容": "エール調剤薬局　土岐店【5:薬局】岐阜県土岐市肥田浅野笠神町２－２１－２" }, "geometry": { "type": "Point", "coordinates": [ 137.198744, 35.362089 ] } },
{ "type": "Feature", "properties": { "ID": 2152101080216, "正式名称": "Ｖ・ｄｒｕｇ　根本薬局", "機関区分": 5, "都道府県コード": 21, "市区町村コード": 204, "所在地": "岐阜県多治見市根本町３丁目９５－１", "緯度": 35.360606, "経度": 137.088181, "url": "https://www.iryou.teikyouseido.mhlw.go.jp/znk-web/juminkanja/S2430/initialize?prefCd=21&kikanCd=2101080216&kikanKbn=5", "url2": "https://www.vdrug.co.jp/", "内容": "Ｖ・ｄｒｕｇ　根本薬局【5:薬局】岐阜県多治見市根本町３丁目９５－１" }, "geometry": { "type": "Point", "coordinates": [ 137.088181, 35.360606 ] } },
{ "type": "Feature", "properties": { "ID": 2152101080219, "正式名称": "トーカイ薬局　土岐店", "機関区分": 5, "都道府県コード": 21, "市区町村コード": 212, "所在地": "岐阜県土岐市妻木町大沼１６５８－３", "緯度": 35.316364, "経度": 137.191084, "url": "https://www.iryou.teikyouseido.mhlw.go.jp/znk-web/juminkanja/S2430/initialize?prefCd=21&kikanCd=2101080219&kikanKbn=5", "url2": "http://www.t-phas.com", "内容": "トーカイ薬局　土岐店【5:薬局】岐阜県土岐市妻木町大沼１６５８－３" }, "geometry": { "type": "Point", "coordinates": [ 137.191084, 35.316364 ] } },
{ "type": "Feature", "properties": { "ID": 2152101080220, "正式名称": "トーカイ薬局　メディカルゾーン瑞浪店", "機関区分": 5, "都道府県コード": 21, "市区町村コード": 208, "所在地": "岐阜県瑞浪市益見町１丁目１２６番地", "緯度": 35.361682, "経度": 137.25816, "url": "https://www.iryou.teikyouseido.mhlw.go.jp/znk-web/juminkanja/S2430/initialize?prefCd=21&kikanCd=2101080220&kikanKbn=5", "url2": "http://www.tokai-pharmacy.com/", "内容": "トーカイ薬局　メディカルゾーン瑞浪店【5:薬局】岐阜県瑞浪市益見町１丁目１２６番地" }, "geometry": { "type": "Point", "coordinates": [ 137.25816, 35.361682 ] } },
{ "type": "Feature", "properties": { "ID": 2152101080222, "正式名称": "ユニファーマシー土岐いずみ薬局", "機関区分": 5, "都道府県コード": 21, "市区町村コード": 212, "所在地": "岐阜県土岐市泉町久尻４８０－２５", "緯度": 35.357379, "経度": 137.17939, "url": "https://www.iryou.teikyouseido.mhlw.go.jp/znk-web/juminkanja/S2430/initialize?prefCd=21&kikanCd=2101080222&kikanKbn=5", "url2": "https://univcolt.com", "内容": "ユニファーマシー土岐いずみ薬局【5:薬局】岐阜県土岐市泉町久尻４８０－２５" }, "geometry": { "type": "Point", "coordinates": [ 137.17939, 35.357379 ] } },
{ "type": "Feature", "properties": { "ID": 2152101080223, "正式名称": "ささゆり薬局　太平店", "機関区分": 5, "都道府県コード": 21, "市区町村コード": 204, "所在地": "岐阜県多治見市太平町６－３６", "緯度": 35.337896, "経度": 137.109019, "url": "https://www.iryou.teikyouseido.mhlw.go.jp/znk-web/juminkanja/S2430/initialize?prefCd=21&kikanCd=2101080223&kikanKbn=5", "url2": "https://www.sasayuri.co.jp/", "内容": "ささゆり薬局　太平店【5:薬局】岐阜県多治見市太平町６－３６" }, "geometry": { "type": "Point", "coordinates": [ 137.109019, 35.337896 ] } },
{ "type": "Feature", "properties": { "ID": 2152101080224, "正式名称": "山中薬局　西友滝呂店", "機関区分": 5, "都道府県コード": 21, "市区町村コード": 204, "所在地": "岐阜県多治見市滝呂町１２丁目１８５－１", "緯度": 35.314436, "経度": 137.155351, "url": "https://www.iryou.teikyouseido.mhlw.go.jp/znk-web/juminkanja/S2430/initialize?prefCd=21&kikanCd=2101080224&kikanKbn=5", "url2": null, "内容": "山中薬局　西友滝呂店【5:薬局】岐阜県多治見市滝呂町１２丁目１８５－１" }, "geometry": { "type": "Point", "coordinates": [ 137.155351, 35.314436 ] } },
{ "type": "Feature", "properties": { "ID": 2152101080225, "正式名称": "山中薬局　泉郷店", "機関区分": 5, "都道府県コード": 21, "市区町村コード": 212, "所在地": "岐阜県土岐市泉郷町４目２１番地１の２", "緯度": 35.361261, "経度": 137.18156, "url": "https://www.iryou.teikyouseido.mhlw.go.jp/znk-web/juminkanja/S2430/initialize?prefCd=21&kikanCd=2101080225&kikanKbn=5", "url2": "https://tokishi-yakuzaishikai.com/ph-list/", "内容": "山中薬局　泉郷店【5:薬局】岐阜県土岐市泉郷町４目２１番地１の２" }, "geometry": { "type": "Point", "coordinates": [ 137.18156, 35.361261 ] } },
{ "type": "Feature", "properties": { "ID": 2152101080227, "正式名称": "スマイル平和薬局", "機関区分": 5, "都道府県コード": 21, "市区町村コード": 204, "所在地": "岐阜県多治見市平和町４丁目６５ー１", "緯度": 35.328006, "経度": 137.118845, "url": "https://www.iryou.teikyouseido.mhlw.go.jp/znk-web/juminkanja/S2430/initialize?prefCd=21&kikanCd=2101080227&kikanKbn=5", "url2": "http://www.pharmalink.jp/", "内容": "スマイル平和薬局【5:薬局】岐阜県多治見市平和町４丁目６５ー１" }, "geometry": { "type": "Point", "coordinates": [ 137.118845, 35.328006 ] } },
{ "type": "Feature", "properties": { "ID": 2152101080228, "正式名称": "クスリのアオキ宝町薬局", "機関区分": 5, "都道府県コード": 21, "市区町村コード": 204, "所在地": "岐阜県多治見市宝町２丁目３５番地", "緯度": 35.339164, "経度": 137.110202, "url": "https://www.iryou.teikyouseido.mhlw.go.jp/znk-web/juminkanja/S2430/initialize?prefCd=21&kikanCd=2101080228&kikanKbn=5", "url2": "https://www.kusuri-aoki.co.jp/", "内容": "クスリのアオキ宝町薬局【5:薬局】岐阜県多治見市宝町２丁目３５番地" }, "geometry": { "type": "Point", "coordinates": [ 137.110202, 35.339164 ] } },
{ "type": "Feature", "properties": { "ID": 2152101080229, "正式名称": "クスリのアオキ土岐肥田薬局", "機関区分": 5, "都道府県コード": 21, "市区町村コード": 212, "所在地": "岐阜県土岐市肥田浅野笠神町１丁目３０番地", "緯度": 35.36123, "経度": 137.198739, "url": "https://www.iryou.teikyouseido.mhlw.go.jp/znk-web/juminkanja/S2430/initialize?prefCd=21&kikanCd=2101080229&kikanKbn=5", "url2": "https://www.kusuri-aoki.co.jp/", "内容": "クスリのアオキ土岐肥田薬局【5:薬局】岐阜県土岐市肥田浅野笠神町１丁目３０番地" }, "geometry": { "type": "Point", "coordinates": [ 137.198739, 35.36123 ] } },
{ "type": "Feature", "properties": { "ID": 2152101080230, "正式名称": "Ｖ・ｄｒｕｇ　多治見駅南薬局", "機関区分": 5, "都道府県コード": 21, "市区町村コード": 204, "所在地": "岐阜県多治見市前畑町１－８", "緯度": 35.332004, "経度": 137.120206, "url": "https://www.iryou.teikyouseido.mhlw.go.jp/znk-web/juminkanja/S2430/initialize?prefCd=21&kikanCd=2101080230&kikanKbn=5", "url2": "https://www.vdrug.co.jp", "内容": "Ｖ・ｄｒｕｇ　多治見駅南薬局【5:薬局】岐阜県多治見市前畑町１－８" }, "geometry": { "type": "Point", "coordinates": [ 137.120206, 35.332004 ] } },
{ "type": "Feature", "properties": { "ID": 2152101080231, "正式名称": "ひだまり薬局　瑞浪店", "機関区分": 5, "都道府県コード": 21, "市区町村コード": 208, "所在地": "岐阜県瑞浪市一色町２－８４－３", "緯度": 35.359497, "経度": 137.248917, "url": "https://www.iryou.teikyouseido.mhlw.go.jp/znk-web/juminkanja/S2430/initialize?prefCd=21&kikanCd=2101080231&kikanKbn=5", "url2": null, "内容": "ひだまり薬局　瑞浪店【5:薬局】岐阜県瑞浪市一色町２－８４－３" }, "geometry": { "type": "Point", "coordinates": [ 137.248917, 35.359497 ] } },
{ "type": "Feature", "properties": { "ID": 2152101080232, "正式名称": "さくしん薬局", "機関区分": 5, "都道府県コード": 21, "市区町村コード": 212, "所在地": "岐阜県土岐市肥田町肥田２８３４番地の２", "緯度": 35.361902, "経度": 137.209647, "url": "https://www.iryou.teikyouseido.mhlw.go.jp/znk-web/juminkanja/S2430/initialize?prefCd=21&kikanCd=2101080232&kikanKbn=5", "url2": null, "内容": "さくしん薬局【5:薬局】岐阜県土岐市肥田町肥田２８３４番地の２" }, "geometry": { "type": "Point", "coordinates": [ 137.209647, 35.361902 ] } },
{ "type": "Feature", "properties": { "ID": 2152101080233, "正式名称": "ユニスマイル薬局　多治見栄町店", "機関区分": 5, "都道府県コード": 21, "市区町村コード": 204, "所在地": "岐阜県多治見市栄町１丁目３７番２号", "緯度": 35.332421, "経度": 137.121709, "url": "https://www.iryou.teikyouseido.mhlw.go.jp/znk-web/juminkanja/S2430/initialize?prefCd=21&kikanCd=2101080233&kikanKbn=5", "url2": "https://unismile.co.jp/", "内容": "ユニスマイル薬局　多治見栄町店【5:薬局】岐阜県多治見市栄町１丁目３７番２号" }, "geometry": { "type": "Point", "coordinates": [ 137.121709, 35.332421 ] } },
{ "type": "Feature", "properties": { "ID": 2152101080234, "正式名称": "エムハート薬局　土岐西本町店", "機関区分": 5, "都道府県コード": 21, "市区町村コード": 212, "所在地": "岐阜県土岐市泉町久尻西本町１１番７", "緯度": 35.357659, "経度": 137.182776, "url": "https://www.iryou.teikyouseido.mhlw.go.jp/znk-web/juminkanja/S2430/initialize?prefCd=21&kikanCd=2101080234&kikanKbn=5", "url2": "https://unismile.co.jp", "内容": "エムハート薬局　土岐西本町店【5:薬局】岐阜県土岐市泉町久尻西本町１１番７" }, "geometry": { "type": "Point", "coordinates": [ 137.182776, 35.357659 ] } },
{ "type": "Feature", "properties": { "ID": 2152101080235, "正式名称": "イオン薬局土岐店", "機関区分": 5, "都道府県コード": 21, "市区町村コード": 212, "所在地": "岐阜県土岐市土岐津町土岐口１３７２番地の１イオンスタイル土岐", "緯度": 35.345503, "経度": 137.153655, "url": "https://www.iryou.teikyouseido.mhlw.go.jp/znk-web/juminkanja/S2430/initialize?prefCd=21&kikanCd=2101080235&kikanKbn=5", "url2": null, "内容": "イオン薬局土岐店【5:薬局】岐阜県土岐市土岐津町土岐口１３７２番地の１イオンスタイル土岐" }, "geometry": { "type": "Point", "coordinates": [ 137.153655, 35.345503 ] } },
{ "type": "Feature", "properties": { "ID": 2152101080236, "正式名称": "トーカイ薬局多治見プラティ店", "機関区分": 5, "都道府県コード": 21, "市区町村コード": 204, "所在地": "岐阜県多治見市本町１－１２２プラティ多治見２０３－１", "緯度": 35.334091, "経度": 137.121109, "url": "https://www.iryou.teikyouseido.mhlw.go.jp/znk-web/juminkanja/S2430/initialize?prefCd=21&kikanCd=2101080236&kikanKbn=5", "url2": "https://www.tokai-pharmacy.com/", "内容": "トーカイ薬局多治見プラティ店【5:薬局】岐阜県多治見市本町１－１２２プラティ多治見２０３－１" }, "geometry": { "type": "Point", "coordinates": [ 137.121109, 35.334091 ] } },
{ "type": "Feature", "properties": { "ID": 2152101080237, "正式名称": "あおい薬局瑞浪店", "機関区分": 5, "都道府県コード": 21, "市区町村コード": 208, "所在地": "岐阜県瑞浪市益見町３－７", "緯度": 35.361026, "経度": 137.258063, "url": "https://www.iryou.teikyouseido.mhlw.go.jp/znk-web/juminkanja/S2430/initialize?prefCd=21&kikanCd=2101080237&kikanKbn=5", "url2": "http://www.aoigroup.jp", "内容": "あおい薬局瑞浪店【5:薬局】岐阜県瑞浪市益見町３－７" }, "geometry": { "type": "Point", "coordinates": [ 137.258063, 35.361026 ] } },
{ "type": "Feature", "properties": { "ID": 2152101080238, "正式名称": "スギ薬局　多治見店", "機関区分": 5, "都道府県コード": 21, "市区町村コード": 204, "所在地": "岐阜県多治見市住吉町１－６－１", "緯度": 35.343777, "経度": 137.124063, "url": "https://www.iryou.teikyouseido.mhlw.go.jp/znk-web/juminkanja/S2430/initialize?prefCd=21&kikanCd=2101080238&kikanKbn=5", "url2": "https://www.sugi-net.jp/stores/001907", "内容": "スギ薬局　多治見店【5:薬局】岐阜県多治見市住吉町１－６－１" }, "geometry": { "type": "Point", "coordinates": [ 137.124063, 35.343777 ] } },
{ "type": "Feature", "properties": { "ID": 2152101080240, "正式名称": "たんぽぽ薬局　瑞浪店", "機関区分": 5, "都道府県コード": 21, "市区町村コード": 208, "所在地": "岐阜県瑞浪市寺河戸町１０７７番地の９", "緯度": 35.364564, "経度": 137.254703, "url": "https://www.iryou.teikyouseido.mhlw.go.jp/znk-web/juminkanja/S2430/initialize?prefCd=21&kikanCd=2101080240&kikanKbn=5", "url2": "https://www.tanpopo-ph.co.jp/", "内容": "たんぽぽ薬局　瑞浪店【5:薬局】岐阜県瑞浪市寺河戸町１０７７番地の９" }, "geometry": { "type": "Point", "coordinates": [ 137.254703, 35.364564 ] } },
{ "type": "Feature", "properties": { "ID": 2152101080241, "正式名称": "エール調剤薬局　前畑店", "機関区分": 5, "都道府県コード": 21, "市区町村コード": 204, "所在地": "岐阜県多治見市前畑町３－７６－５", "緯度": 35.330154, "経度": 137.115416, "url": "https://www.iryou.teikyouseido.mhlw.go.jp/znk-web/juminkanja/S2430/initialize?prefCd=21&kikanCd=2101080241&kikanKbn=5", "url2": "http://www.yell-ph.co.jp", "内容": "エール調剤薬局　前畑店【5:薬局】岐阜県多治見市前畑町３－７６－５" }, "geometry": { "type": "Point", "coordinates": [ 137.115416, 35.330154 ] } },
{ "type": "Feature", "properties": { "ID": 2152101080242, "正式名称": "ユニファーマシーうめのき薬局", "機関区分": 5, "都道府県コード": 21, "市区町村コード": 212, "所在地": "岐阜県土岐市泉梅ノ木町１－２２", "緯度": 35.364748, "経度": 137.183637, "url": "https://www.iryou.teikyouseido.mhlw.go.jp/znk-web/juminkanja/S2430/initialize?prefCd=21&kikanCd=2101080242&kikanKbn=5", "url2": "https//univclt.com", "内容": "ユニファーマシーうめのき薬局【5:薬局】岐阜県土岐市泉梅ノ木町１－２２" }, "geometry": { "type": "Point", "coordinates": [ 137.183637, 35.364748 ] } },
{ "type": "Feature", "properties": { "ID": 2152101080244, "正式名称": "いきいき健康薬局", "機関区分": 5, "都道府県コード": 21, "市区町村コード": 208, "所在地": "岐阜県瑞浪市松ケ瀬町１－１５－２", "緯度": 35.369221, "経度": 137.24746, "url": "https://www.iryou.teikyouseido.mhlw.go.jp/znk-web/juminkanja/S2430/initialize?prefCd=21&kikanCd=2101080244&kikanKbn=5", "url2": "https://www.ground-faro.com/", "内容": "いきいき健康薬局【5:薬局】岐阜県瑞浪市松ケ瀬町１－１５－２" }, "geometry": { "type": "Point", "coordinates": [ 137.24746, 35.369221 ] } },
{ "type": "Feature", "properties": { "ID": 2152101080245, "正式名称": "トーカイ薬局　瑞浪一色店", "機関区分": 5, "都道府県コード": 21, "市区町村コード": 208, "所在地": "岐阜県瑞浪市一色町１－５７土屋ビル１Ｆ", "緯度": 35.361085, "経度": 137.248096, "url": "https://www.iryou.teikyouseido.mhlw.go.jp/znk-web/juminkanja/S2430/initialize?prefCd=21&kikanCd=2101080245&kikanKbn=5", "url2": "http://www.t-phas.com", "内容": "トーカイ薬局　瑞浪一色店【5:薬局】岐阜県瑞浪市一色町１－５７土屋ビル１Ｆ" }, "geometry": { "type": "Point", "coordinates": [ 137.248096, 35.361085 ] } },
{ "type": "Feature", "properties": { "ID": 2152101080246, "正式名称": "マイ薬局多治見店", "機関区分": 5, "都道府県コード": 21, "市区町村コード": 204, "所在地": "岐阜県多治見市住吉町７－２７（２５街区５）", "緯度": 35.346383, "経度": 137.121252, "url": "https://www.iryou.teikyouseido.mhlw.go.jp/znk-web/juminkanja/S2430/initialize?prefCd=21&kikanCd=2101080246&kikanKbn=5", "url2": "https://sanaiph.kuunethp.jp/index.html", "内容": "マイ薬局多治見店【5:薬局】岐阜県多治見市住吉町７－２７（２５街区５）" }, "geometry": { "type": "Point", "coordinates": [ 137.121252, 35.346383 ] } },
{ "type": "Feature", "properties": { "ID": 2152101080247, "正式名称": "がじゅまる薬局", "機関区分": 5, "都道府県コード": 21, "市区町村コード": 204, "所在地": "岐阜県多治見市脇之島町６丁目３０番地２の２３", "緯度": 35.315964, "経度": 137.114453, "url": "https://www.iryou.teikyouseido.mhlw.go.jp/znk-web/juminkanja/S2430/initialize?prefCd=21&kikanCd=2101080247&kikanKbn=5", "url2": null, "内容": "がじゅまる薬局【5:薬局】岐阜県多治見市脇之島町６丁目３０番地２の２３" }, "geometry": { "type": "Point", "coordinates": [ 137.114453, 35.315964 ] } },
{ "type": "Feature", "properties": { "ID": 2152101080248, "正式名称": "めいじまち薬局", "機関区分": 5, "都道府県コード": 21, "市区町村コード": 204, "所在地": "岐阜県多治見市明治町１－５７", "緯度": 35.335275, "経度": 137.131736, "url": "https://www.iryou.teikyouseido.mhlw.go.jp/znk-web/juminkanja/S2430/initialize?prefCd=21&kikanCd=2101080248&kikanKbn=5", "url2": "https://e-bond.info/withs/", "内容": "めいじまち薬局【5:薬局】岐阜県多治見市明治町１－５７" }, "geometry": { "type": "Point", "coordinates": [ 137.131736, 35.335275 ] } },
{ "type": "Feature", "properties": { "ID": 2152101080249, "正式名称": "とき薬局小泉", "機関区分": 5, "都道府県コード": 21, "市区町村コード": 204, "所在地": "岐阜県多治見市小泉町８－１２９－１", "緯度": 35.346831, "経度": 137.101125, "url": "https://www.iryou.teikyouseido.mhlw.go.jp/znk-web/juminkanja/S2430/initialize?prefCd=21&kikanCd=2101080249&kikanKbn=5", "url2": null, "内容": "とき薬局小泉【5:薬局】岐阜県多治見市小泉町８－１２９－１" }, "geometry": { "type": "Point", "coordinates": [ 137.101125, 35.346831 ] } },
{ "type": "Feature", "properties": { "ID": 2152101080250, "正式名称": "阪神調剤薬局多治見店", "機関区分": 5, "都道府県コード": 21, "市区町村コード": 204, "所在地": "岐阜県多治見市前畑町５丁目１０８－５－１０１", "緯度": 35.328731, "経度": 137.112044, "url": "https://www.iryou.teikyouseido.mhlw.go.jp/znk-web/juminkanja/S2430/initialize?prefCd=21&kikanCd=2101080250&kikanKbn=5", "url2": "https://www.sugi-net.jp/stores/005034", "内容": "阪神調剤薬局多治見店【5:薬局】岐阜県多治見市前畑町５丁目１０８－５－１０１" }, "geometry": { "type": "Point", "coordinates": [ 137.112044, 35.328731 ] } },
{ "type": "Feature", "properties": { "ID": 2152101080251, "正式名称": "よしみ薬局　宮前店", "機関区分": 5, "都道府県コード": 21, "市区町村コード": 204, "所在地": "岐阜県多治見市宮前町２－１－５", "緯度": 35.337118, "経度": 137.127102, "url": "https://www.iryou.teikyouseido.mhlw.go.jp/znk-web/juminkanja/S2430/initialize?prefCd=21&kikanCd=2101080251&kikanKbn=5", "url2": null, "内容": "よしみ薬局　宮前店【5:薬局】岐阜県多治見市宮前町２－１－５" }, "geometry": { "type": "Point", "coordinates": [ 137.127102, 35.337118 ] } },
{ "type": "Feature", "properties": { "ID": 2152101080252, "正式名称": "アイセイ薬局　笠原店", "機関区分": 5, "都道府県コード": 21, "市区町村コード": 204, "所在地": "岐阜県多治見市笠原町１９６６－４", "緯度": 35.299302, "経度": 137.160936, "url": "https://www.iryou.teikyouseido.mhlw.go.jp/znk-web/juminkanja/S2430/initialize?prefCd=21&kikanCd=2101080252&kikanKbn=5", "url2": "https://www.aisei.co.jp/", "内容": "アイセイ薬局　笠原店【5:薬局】岐阜県多治見市笠原町１９６６－４" }, "geometry": { "type": "Point", "coordinates": [ 137.160936, 35.299302 ] } },
{ "type": "Feature", "properties": { "ID": 2152101080253, "正式名称": "Ｖ・ｄｒｕｇ　瑞浪一色薬局", "機関区分": 5, "都道府県コード": 21, "市区町村コード": 208, "所在地": "岐阜県瑞浪市一色町４丁目５６番地１", "緯度": 35.358659, "経度": 137.252834, "url": "https://www.iryou.teikyouseido.mhlw.go.jp/znk-web/juminkanja/S2430/initialize?prefCd=21&kikanCd=2101080253&kikanKbn=5", "url2": "http://www.vdrug.co.jp", "内容": "Ｖ・ｄｒｕｇ　瑞浪一色薬局【5:薬局】岐阜県瑞浪市一色町４丁目５６番地１" }, "geometry": { "type": "Point", "coordinates": [ 137.252834, 35.358659 ] } },
{ "type": "Feature", "properties": { "ID": 2152101080254, "正式名称": "リード調剤薬局　多治見店", "機関区分": 5, "都道府県コード": 21, "市区町村コード": 204, "所在地": "岐阜県多治見市京町１丁目１１６－１", "緯度": 35.327564, "経度": 137.124983, "url": "https://www.iryou.teikyouseido.mhlw.go.jp/znk-web/juminkanja/S2430/initialize?prefCd=21&kikanCd=2101080254&kikanKbn=5", "url2": "https://medicallead.co.jp/", "内容": "リード調剤薬局　多治見店【5:薬局】岐阜県多治見市京町１丁目１１６－１" }, "geometry": { "type": "Point", "coordinates": [ 137.124983, 35.327564 ] } },
{ "type": "Feature", "properties": { "ID": 2152101080255, "正式名称": "ジェーシーエス調剤薬局幸店", "機関区分": 5, "都道府県コード": 21, "市区町村コード": 204, "所在地": "岐阜県多治見市幸町８－５８－３", "緯度": 35.354787, "経度": 137.091287, "url": "https://www.iryou.teikyouseido.mhlw.go.jp/znk-web/juminkanja/S2430/initialize?prefCd=21&kikanCd=2101080255&kikanKbn=5", "url2": "https://www.marinegroup.jp/detail/%e3%82%b8%e3%82%a7%e3%83%bc%e3%82%b7%e3%83%bc%e3%82%a8%e3%82%b9%e8%aa%bf%e5%89%a4%e8%96%ac%e5%b1%80%e5%b9%b8%e5%ba%97/", "内容": "ジェーシーエス調剤薬局幸店【5:薬局】岐阜県多治見市幸町８－５８－３" }, "geometry": { "type": "Point", "coordinates": [ 137.091287, 35.354787 ] } },
{ "type": "Feature", "properties": { "ID": 2152101080257, "正式名称": "たんぽぽ薬局土岐店", "機関区分": 5, "都道府県コード": 21, "市区町村コード": 212, "所在地": "岐阜県土岐市肥田浅野梅ノ木町１丁目５番", "緯度": 35.358312, "経度": 137.199467, "url": "https://www.iryou.teikyouseido.mhlw.go.jp/znk-web/juminkanja/S2430/initialize?prefCd=21&kikanCd=2101080257&kikanKbn=5", "url2": "https://www.tanpopo-ph.co.jp/", "内容": "たんぽぽ薬局土岐店【5:薬局】岐阜県土岐市肥田浅野梅ノ木町１丁目５番" }, "geometry": { "type": "Point", "coordinates": [ 137.199467, 35.358312 ] } },
{ "type": "Feature", "properties": { "ID": 2152101090066, "正式名称": "ドリーム調剤薬局・野尻店", "機関区分": 5, "都道府県コード": 21, "市区町村コード": 206, "所在地": "岐阜県中津川市福岡１０６６－１１", "緯度": 35.55891, "経度": 137.448934, "url": "https://www.iryou.teikyouseido.mhlw.go.jp/znk-web/juminkanja/S2430/initialize?prefCd=21&kikanCd=2101090066&kikanKbn=5", "url2": "http://www.yume-dream.jp/", "内容": "ドリーム調剤薬局・野尻店【5:薬局】岐阜県中津川市福岡１０６６－１１" }, "geometry": { "type": "Point", "coordinates": [ 137.448934, 35.55891 ] } },
{ "type": "Feature", "properties": { "ID": 2152101090067, "正式名称": "中神薬局", "機関区分": 5, "都道府県コード": 21, "市区町村コード": 210, "所在地": "岐阜県恵那市大井町２４１−１", "緯度": 35.45368, "経度": 137.405145, "url": "https://www.iryou.teikyouseido.mhlw.go.jp/znk-web/juminkanja/S2430/initialize?prefCd=21&kikanCd=2101090067&kikanKbn=5", "url2": null, "内容": "中神薬局【5:薬局】岐阜県恵那市大井町２４１−１" }, "geometry": { "type": "Point", "coordinates": [ 137.405145, 35.45368 ] } },
{ "type": "Feature", "properties": { "ID": 2152101090069, "正式名称": "はなの木薬局", "機関区分": 5, "都道府県コード": 21, "市区町村コード": 206, "所在地": "岐阜県中津川市坂下８７２－１", "緯度": 35.574525, "経度": 137.5318, "url": "https://www.iryou.teikyouseido.mhlw.go.jp/znk-web/juminkanja/S2430/initialize?prefCd=21&kikanCd=2101090069&kikanKbn=5", "url2": "https://www.hananoki-ymt.com", "内容": "はなの木薬局【5:薬局】岐阜県中津川市坂下８７２－１" }, "geometry": { "type": "Point", "coordinates": [ 137.5318, 35.574525 ] } },
{ "type": "Feature", "properties": { "ID": 2152101090073, "正式名称": "ドリーム調剤薬局　恵那店", "機関区分": 5, "都道府県コード": 21, "市区町村コード": 210, "所在地": "岐阜県恵那市長島町中野１－１", "緯度": 35.445132, "経度": 137.41299, "url": "https://www.iryou.teikyouseido.mhlw.go.jp/znk-web/juminkanja/S2430/initialize?prefCd=21&kikanCd=2101090073&kikanKbn=5", "url2": "http://www.yume-dream.jp/", "内容": "ドリーム調剤薬局　恵那店【5:薬局】岐阜県恵那市長島町中野１－１" }, "geometry": { "type": "Point", "coordinates": [ 137.41299, 35.445132 ] } },
{ "type": "Feature", "properties": { "ID": 2152101090075, "正式名称": "いろは薬局", "機関区分": 5, "都道府県コード": 21, "市区町村コード": 206, "所在地": "岐阜県中津川市落合９８６－５", "緯度": 35.511563, "経度": 137.527857, "url": "https://www.iryou.teikyouseido.mhlw.go.jp/znk-web/juminkanja/S2430/initialize?prefCd=21&kikanCd=2101090075&kikanKbn=5", "url2": null, "内容": "いろは薬局【5:薬局】岐阜県中津川市落合９８６－５" }, "geometry": { "type": "Point", "coordinates": [ 137.527857, 35.511563 ] } },
{ "type": "Feature", "properties": { "ID": 2152101090076, "正式名称": "ささゆり薬局　岩村店", "機関区分": 5, "都道府県コード": 21, "市区町村コード": 210, "所在地": "岐阜県恵那市岩村町１６５５－７", "緯度": 35.366259, "経度": 137.435501, "url": "https://www.iryou.teikyouseido.mhlw.go.jp/znk-web/juminkanja/S2430/initialize?prefCd=21&kikanCd=2101090076&kikanKbn=5", "url2": "http://www.sasayuri.co.jp/", "内容": "ささゆり薬局　岩村店【5:薬局】岐阜県恵那市岩村町１６５５－７" }, "geometry": { "type": "Point", "coordinates": [ 137.435501, 35.366259 ] } },
{ "type": "Feature", "properties": { "ID": 2152101090089, "正式名称": "有限会社さくら薬局", "機関区分": 5, "都道府県コード": 21, "市区町村コード": 210, "所在地": "岐阜県恵那市長島町中野６１５－２", "緯度": 35.452973, "経度": 137.404417, "url": "https://www.iryou.teikyouseido.mhlw.go.jp/znk-web/juminkanja/S2430/initialize?prefCd=21&kikanCd=2101090089&kikanKbn=5", "url2": null, "内容": "有限会社さくら薬局【5:薬局】岐阜県恵那市長島町中野６１５－２" }, "geometry": { "type": "Point", "coordinates": [ 137.404417, 35.452973 ] } },
{ "type": "Feature", "properties": { "ID": 2152101090092, "正式名称": "エール調剤薬局　駒場店", "機関区分": 5, "都道府県コード": 21, "市区町村コード": 206, "所在地": "岐阜県中津川市駒場１４９３－２", "緯度": 35.483186, "経度": 137.484303, "url": "https://www.iryou.teikyouseido.mhlw.go.jp/znk-web/juminkanja/S2430/initialize?prefCd=21&kikanCd=2101090092&kikanKbn=5", "url2": "http://www.yell-ph.co.jp", "内容": "エール調剤薬局　駒場店【5:薬局】岐阜県中津川市駒場１４９３－２" }, "geometry": { "type": "Point", "coordinates": [ 137.484303, 35.483186 ] } },
{ "type": "Feature", "properties": { "ID": 2152101090093, "正式名称": "エール調剤薬局中津川バイパス店", "機関区分": 5, "都道府県コード": 21, "市区町村コード": 206, "所在地": "岐阜県中津川市中津川１２１３－８", "緯度": 35.500307, "経度": 137.511646, "url": "https://www.iryou.teikyouseido.mhlw.go.jp/znk-web/juminkanja/S2430/initialize?prefCd=21&kikanCd=2101090093&kikanKbn=5", "url2": "http://www.yell-ph.co.jp/", "内容": "エール調剤薬局中津川バイパス店【5:薬局】岐阜県中津川市中津川１２１３－８" }, "geometry": { "type": "Point", "coordinates": [ 137.511646, 35.500307 ] } },
{ "type": "Feature", "properties": { "ID": 2152101090094, "正式名称": "エール調剤薬局　坂下店", "機関区分": 5, "都道府県コード": 21, "市区町村コード": 206, "所在地": "岐阜県中津川市坂下８７８－１", "緯度": 35.574418, "経度": 137.533681, "url": "https://www.iryou.teikyouseido.mhlw.go.jp/znk-web/juminkanja/S2430/initialize?prefCd=21&kikanCd=2101090094&kikanKbn=5", "url2": "http://www.yell-ph.co.jp", "内容": "エール調剤薬局　坂下店【5:薬局】岐阜県中津川市坂下８７８－１" }, "geometry": { "type": "Point", "coordinates": [ 137.533681, 35.574418 ] } },
{ "type": "Feature", "properties": { "ID": 2152101090113, "正式名称": "リス薬局　大井店", "機関区分": 5, "都道府県コード": 21, "市区町村コード": 210, "所在地": "岐阜県恵那市大井町字神徳１００２番５", "緯度": 35.463481, "経度": 137.414732, "url": "https://www.iryou.teikyouseido.mhlw.go.jp/znk-web/juminkanja/S2430/initialize?prefCd=21&kikanCd=2101090113&kikanKbn=5", "url2": null, "内容": "リス薬局　大井店【5:薬局】岐阜県恵那市大井町字神徳１００２番５" }, "geometry": { "type": "Point", "coordinates": [ 137.414732, 35.463481 ] } },
{ "type": "Feature", "properties": { "ID": 2152101090122, "正式名称": "有限会社びぜん屋伊藤薬局", "機関区分": 5, "都道府県コード": 21, "市区町村コード": 206, "所在地": "岐阜県中津川市栄町２－１７", "緯度": 35.500621, "経度": 137.504307, "url": "https://www.iryou.teikyouseido.mhlw.go.jp/znk-web/juminkanja/S2430/initialize?prefCd=21&kikanCd=2101090122&kikanKbn=5", "url2": null, "内容": "有限会社びぜん屋伊藤薬局【5:薬局】岐阜県中津川市栄町２－１７" }, "geometry": { "type": "Point", "coordinates": [ 137.504307, 35.500621 ] } },
{ "type": "Feature", "properties": { "ID": 2152101090126, "正式名称": "ダルマ薬局", "機関区分": 5, "都道府県コード": 21, "市区町村コード": 210, "所在地": "岐阜県恵那市長島町中野１２１６―７", "緯度": 35.456453, "経度": 137.394468, "url": "https://www.iryou.teikyouseido.mhlw.go.jp/znk-web/juminkanja/S2430/initialize?prefCd=21&kikanCd=2101090126&kikanKbn=5", "url2": null, "内容": "ダルマ薬局【5:薬局】岐阜県恵那市長島町中野１２１６―７" }, "geometry": { "type": "Point", "coordinates": [ 137.394468, 35.456453 ] } },
{ "type": "Feature", "properties": { "ID": 2152101090131, "正式名称": "ドリーム調剤薬局　苗木店", "機関区分": 5, "都道府県コード": 21, "市区町村コード": 206, "所在地": "岐阜県中津川市苗木７４１９－３", "緯度": 35.525608, "経度": 137.466759, "url": "https://www.iryou.teikyouseido.mhlw.go.jp/znk-web/juminkanja/S2430/initialize?prefCd=21&kikanCd=2101090131&kikanKbn=5", "url2": null, "内容": "ドリーム調剤薬局　苗木店【5:薬局】岐阜県中津川市苗木７４１９－３" }, "geometry": { "type": "Point", "coordinates": [ 137.466759, 35.525608 ] } },
{ "type": "Feature", "properties": { "ID": 2152101090134, "正式名称": "ほたる薬局", "機関区分": 5, "都道府県コード": 21, "市区町村コード": 210, "所在地": "岐阜県恵那市明智町１０９－１", "緯度": 35.309031, "経度": 137.390258, "url": "https://www.iryou.teikyouseido.mhlw.go.jp/znk-web/juminkanja/S2430/initialize?prefCd=21&kikanCd=2101090134&kikanKbn=5", "url2": null, "内容": "ほたる薬局【5:薬局】岐阜県恵那市明智町１０９－１" }, "geometry": { "type": "Point", "coordinates": [ 137.390258, 35.309031 ] } },
{ "type": "Feature", "properties": { "ID": 2152101090137, "正式名称": "エール調剤薬局　宮前店", "機関区分": 5, "都道府県コード": 21, "市区町村コード": 206, "所在地": "岐阜県中津川市宮前町７７６－１", "緯度": 35.504782, "経度": 137.506064, "url": "https://www.iryou.teikyouseido.mhlw.go.jp/znk-web/juminkanja/S2430/initialize?prefCd=21&kikanCd=2101090137&kikanKbn=5", "url2": "http://www.yell-ph.co.jp/", "内容": "エール調剤薬局　宮前店【5:薬局】岐阜県中津川市宮前町７７６－１" }, "geometry": { "type": "Point", "coordinates": [ 137.506064, 35.504782 ] } },
{ "type": "Feature", "properties": { "ID": 2152101090138, "正式名称": "たいと薬局", "機関区分": 5, "都道府県コード": 21, "市区町村コード": 206, "所在地": "岐阜県中津川市付知町６８６０－３", "緯度": 35.648336, "経度": 137.431995, "url": "https://www.iryou.teikyouseido.mhlw.go.jp/znk-web/juminkanja/S2430/initialize?prefCd=21&kikanCd=2101090138&kikanKbn=5", "url2": null, "内容": "たいと薬局【5:薬局】岐阜県中津川市付知町６８６０－３" }, "geometry": { "type": "Point", "coordinates": [ 137.431995, 35.648336 ] } },
{ "type": "Feature", "properties": { "ID": 2152101090139, "正式名称": "しょうなん調剤薬局　恵那店", "機関区分": 5, "都道府県コード": 21, "市区町村コード": 210, "所在地": "岐阜県恵那市大井町字宮の前１１１６－４", "緯度": 35.45199, "経度": 137.422555, "url": "https://www.iryou.teikyouseido.mhlw.go.jp/znk-web/juminkanja/S2430/initialize?prefCd=21&kikanCd=2101090139&kikanKbn=5", "url2": "http://www.e-classa.net/enaten-ph/", "内容": "しょうなん調剤薬局　恵那店【5:薬局】岐阜県恵那市大井町字宮の前１１１６－４" }, "geometry": { "type": "Point", "coordinates": [ 137.422555, 35.45199 ] } },
{ "type": "Feature", "properties": { "ID": 2152101090141, "正式名称": "Ｖ・ｄｒｕｇ　恵那薬局", "機関区分": 5, "都道府県コード": 21, "市区町村コード": 210, "所在地": "岐阜県恵那市長島町中野１－２－３", "緯度": 35.450205, "経度": 137.410789, "url": "https://www.iryou.teikyouseido.mhlw.go.jp/znk-web/juminkanja/S2430/initialize?prefCd=21&kikanCd=2101090141&kikanKbn=5", "url2": "https://vdrug.co.jp/pharmacy/", "内容": "Ｖ・ｄｒｕｇ　恵那薬局【5:薬局】岐阜県恵那市長島町中野１－２－３" }, "geometry": { "type": "Point", "coordinates": [ 137.410789, 35.450205 ] } },
{ "type": "Feature", "properties": { "ID": 2152101090142, "正式名称": "ココカラファイン薬局駒場店", "機関区分": 5, "都道府県コード": 21, "市区町村コード": 206, "所在地": "岐阜県中津川市駒場字西山１６６６－３７４１", "緯度": 35.490445, "経度": 137.478596, "url": "https://www.iryou.teikyouseido.mhlw.go.jp/znk-web/juminkanja/S2430/initialize?prefCd=21&kikanCd=2101090142&kikanKbn=5", "url2": "http://www.cocokarafine.co.jp/", "内容": "ココカラファイン薬局駒場店【5:薬局】岐阜県中津川市駒場字西山１６６６－３７４１" }, "geometry": { "type": "Point", "coordinates": [ 137.478596, 35.490445 ] } },
{ "type": "Feature", "properties": { "ID": 2152101090143, "正式名称": "トーカイ薬局　中津川中央店", "機関区分": 5, "都道府県コード": 21, "市区町村コード": 206, "所在地": "岐阜県中津川市えびす町３ー２４", "緯度": 35.495749, "経度": 137.505547, "url": "https://www.iryou.teikyouseido.mhlw.go.jp/znk-web/juminkanja/S2430/initialize?prefCd=21&kikanCd=2101090143&kikanKbn=5", "url2": null, "内容": "トーカイ薬局　中津川中央店【5:薬局】岐阜県中津川市えびす町３ー２４" }, "geometry": { "type": "Point", "coordinates": [ 137.505547, 35.495749 ] } },
{ "type": "Feature", "properties": { "ID": 2152101090145, "正式名称": "コスモス調剤薬局　中津川店", "機関区分": 5, "都道府県コード": 21, "市区町村コード": 206, "所在地": "岐阜県中津川市駒場５２６番地２１", "緯度": 35.492272, "経度": 137.493623, "url": "https://www.iryou.teikyouseido.mhlw.go.jp/znk-web/juminkanja/S2430/initialize?prefCd=21&kikanCd=2101090145&kikanKbn=5", "url2": "https://www.nagano-me.jp", "内容": "コスモス調剤薬局　中津川店【5:薬局】岐阜県中津川市駒場５２６番地２１" }, "geometry": { "type": "Point", "coordinates": [ 137.493623, 35.492272 ] } },
{ "type": "Feature", "properties": { "ID": 2152101090147, "正式名称": "Ｖ・ｄｒｕｇ　中津茄子川薬局", "機関区分": 5, "都道府県コード": 21, "市区町村コード": 206, "所在地": "岐阜県中津川市茄子川字中畑１５１－１６７", "緯度": 35.480334, "経度": 137.422665, "url": "https://www.iryou.teikyouseido.mhlw.go.jp/znk-web/juminkanja/S2430/initialize?prefCd=21&kikanCd=2101090147&kikanKbn=5", "url2": "https://www.vdrug.co.jp/", "内容": "Ｖ・ｄｒｕｇ　中津茄子川薬局【5:薬局】岐阜県中津川市茄子川字中畑１５１－１６７" }, "geometry": { "type": "Point", "coordinates": [ 137.422665, 35.480334 ] } },
{ "type": "Feature", "properties": { "ID": 2152101090148, "正式名称": "Ｖ・ｄｒｕｇ　恵那東野薬局", "機関区分": 5, "都道府県コード": 21, "市区町村コード": 210, "所在地": "岐阜県恵那市東野字浜井場２０１７－７", "緯度": 35.439798, "経度": 137.439982, "url": "https://www.iryou.teikyouseido.mhlw.go.jp/znk-web/juminkanja/S2430/initialize?prefCd=21&kikanCd=2101090148&kikanKbn=5", "url2": "https://vdrug.co.jp/pharmacy/", "内容": "Ｖ・ｄｒｕｇ　恵那東野薬局【5:薬局】岐阜県恵那市東野字浜井場２０１７－７" }, "geometry": { "type": "Point", "coordinates": [ 137.439982, 35.439798 ] } },
{ "type": "Feature", "properties": { "ID": 2152101090149, "正式名称": "ささゆり薬局　中津川店", "機関区分": 5, "都道府県コード": 21, "市区町村コード": 206, "所在地": "岐阜県中津川市中津川９６４－２７４", "緯度": 35.507055, "経度": 137.514156, "url": "https://www.iryou.teikyouseido.mhlw.go.jp/znk-web/juminkanja/S2430/initialize?prefCd=21&kikanCd=2101090149&kikanKbn=5", "url2": "https://www.e-classa.net/sasayuri-ct/", "内容": "ささゆり薬局　中津川店【5:薬局】岐阜県中津川市中津川９６４－２７４" }, "geometry": { "type": "Point", "coordinates": [ 137.514156, 35.507055 ] } },
{ "type": "Feature", "properties": { "ID": 2152101090150, "正式名称": "うさぎ薬局", "機関区分": 5, "都道府県コード": 21, "市区町村コード": 210, "所在地": "岐阜県恵那市長島町中野二丁目８番地１１", "緯度": 35.448406, "経度": 137.409115, "url": "https://www.iryou.teikyouseido.mhlw.go.jp/znk-web/juminkanja/S2430/initialize?prefCd=21&kikanCd=2101090150&kikanKbn=5", "url2": null, "内容": "うさぎ薬局【5:薬局】岐阜県恵那市長島町中野二丁目８番地１１" }, "geometry": { "type": "Point", "coordinates": [ 137.409115, 35.448406 ] } },
{ "type": "Feature", "properties": { "ID": 2152101090153, "正式名称": "やさかはなの木薬局", "機関区分": 5, "都道府県コード": 21, "市区町村コード": 206, "所在地": "岐阜県中津川市坂下４０８－１", "緯度": 35.572408, "経度": 137.535103, "url": "https://www.iryou.teikyouseido.mhlw.go.jp/znk-web/juminkanja/S2430/initialize?prefCd=21&kikanCd=2101090153&kikanKbn=5", "url2": "https://www.hananoki-ymt.com/", "内容": "やさかはなの木薬局【5:薬局】岐阜県中津川市坂下４０８－１" }, "geometry": { "type": "Point", "coordinates": [ 137.535103, 35.572408 ] } },
{ "type": "Feature", "properties": { "ID": 2152101090156, "正式名称": "アイセイ薬局　駒場店", "機関区分": 5, "都道府県コード": 21, "市区町村コード": 206, "所在地": "岐阜県中津川市駒場字大峡１５４７－５９", "緯度": 35.494861, "経度": 137.481347, "url": "https://www.iryou.teikyouseido.mhlw.go.jp/znk-web/juminkanja/S2430/initialize?prefCd=21&kikanCd=2101090156&kikanKbn=5", "url2": null, "内容": "アイセイ薬局　駒場店【5:薬局】岐阜県中津川市駒場字大峡１５４７－５９" }, "geometry": { "type": "Point", "coordinates": [ 137.481347, 35.494861 ] } },
{ "type": "Feature", "properties": { "ID": 2152101090157, "正式名称": "アイセイ薬局　明智店", "機関区分": 5, "都道府県コード": 21, "市区町村コード": 210, "所在地": "岐阜県恵那市明智町８７６－１４", "緯度": 35.301911, "経度": 137.388958, "url": "https://www.iryou.teikyouseido.mhlw.go.jp/znk-web/juminkanja/S2430/initialize?prefCd=21&kikanCd=2101090157&kikanKbn=5", "url2": "http://www.aisei.co.jp", "内容": "アイセイ薬局　明智店【5:薬局】岐阜県恵那市明智町８７６－１４" }, "geometry": { "type": "Point", "coordinates": [ 137.388958, 35.301911 ] } },
{ "type": "Feature", "properties": { "ID": 2152101090159, "正式名称": "ささゆり薬局　高山店", "機関区分": 5, "都道府県コード": 21, "市区町村コード": 206, "所在地": "岐阜県中津川市高山１９１６－２", "緯度": 35.532793, "経度": 137.443333, "url": "https://www.iryou.teikyouseido.mhlw.go.jp/znk-web/juminkanja/S2430/initialize?prefCd=21&kikanCd=2101090159&kikanKbn=5", "url2": "http://www.sasayuri.co.jp/", "内容": "ささゆり薬局　高山店【5:薬局】岐阜県中津川市高山１９１６－２" }, "geometry": { "type": "Point", "coordinates": [ 137.443333, 35.532793 ] } },
{ "type": "Feature", "properties": { "ID": 2152101090162, "正式名称": "貴船薬局　桜台店", "機関区分": 5, "都道府県コード": 21, "市区町村コード": 210, "所在地": "岐阜県恵那市長島町永田３３４－２６", "緯度": 35.44075, "経度": 137.40701, "url": "https://www.iryou.teikyouseido.mhlw.go.jp/znk-web/juminkanja/S2430/initialize?prefCd=21&kikanCd=2101090162&kikanKbn=5", "url2": null, "内容": "貴船薬局　桜台店【5:薬局】岐阜県恵那市長島町永田３３４－２６" }, "geometry": { "type": "Point", "coordinates": [ 137.40701, 35.44075 ] } },
{ "type": "Feature", "properties": { "ID": 2152101090163, "正式名称": "アイセイ薬局　きたの店", "機関区分": 5, "都道府県コード": 21, "市区町村コード": 206, "所在地": "岐阜県中津川市中津川字北野７７７ー３１", "緯度": 35.503466, "経度": 137.508685, "url": "https://www.iryou.teikyouseido.mhlw.go.jp/znk-web/juminkanja/S2430/initialize?prefCd=21&kikanCd=2101090163&kikanKbn=5", "url2": null, "内容": "アイセイ薬局　きたの店【5:薬局】岐阜県中津川市中津川字北野７７７ー３１" }, "geometry": { "type": "Point", "coordinates": [ 137.508685, 35.503466 ] } },
{ "type": "Feature", "properties": { "ID": 2152101090165, "正式名称": "まるみはなの木薬局", "機関区分": 5, "都道府県コード": 21, "市区町村コード": 206, "所在地": "岐阜県中津川市淀川町３－８ルビットタウン中津川１Ｆ", "緯度": 35.498168, "経度": 137.507392, "url": "https://www.iryou.teikyouseido.mhlw.go.jp/znk-web/juminkanja/S2430/initialize?prefCd=21&kikanCd=2101090165&kikanKbn=5", "url2": "https://www.hananoki-ymt.com/", "内容": "まるみはなの木薬局【5:薬局】岐阜県中津川市淀川町３－８ルビットタウン中津川１Ｆ" }, "geometry": { "type": "Point", "coordinates": [ 137.507392, 35.498168 ] } },
{ "type": "Feature", "properties": { "ID": 2152101090166, "正式名称": "アイセイ薬局　中津川市民病院前店", "機関区分": 5, "都道府県コード": 21, "市区町村コード": 206, "所在地": "岐阜県中津川市駒場１６６６－３９０８", "緯度": 35.49961, "経度": 137.46675, "url": "https://www.iryou.teikyouseido.mhlw.go.jp/znk-web/juminkanja/S2430/initialize?prefCd=21&kikanCd=2101090166&kikanKbn=5", "url2": "https://www.aisei.co.jp", "内容": "アイセイ薬局　中津川市民病院前店【5:薬局】岐阜県中津川市駒場１６６６－３９０８" }, "geometry": { "type": "Point", "coordinates": [ 137.46675, 35.49961 ] } },
{ "type": "Feature", "properties": { "ID": 2152101090167, "正式名称": "つばめ薬局", "機関区分": 5, "都道府県コード": 21, "市区町村コード": 210, "所在地": "岐阜県恵那市長島町正家３－９－１", "緯度": 35.447496, "経度": 137.415803, "url": "https://www.iryou.teikyouseido.mhlw.go.jp/znk-web/juminkanja/S2430/initialize?prefCd=21&kikanCd=2101090167&kikanKbn=5", "url2": null, "内容": "つばめ薬局【5:薬局】岐阜県恵那市長島町正家３－９－１" }, "geometry": { "type": "Point", "coordinates": [ 137.415803, 35.447496 ] } },
{ "type": "Feature", "properties": { "ID": 2152101090168, "正式名称": "Ｖ・ｄｒｕｇ　中津川東薬局", "機関区分": 5, "都道府県コード": 21, "市区町村コード": 206, "所在地": "岐阜県中津川市中津川字上金１１５３－１", "緯度": 35.503375, "経度": 137.511541, "url": "https://www.iryou.teikyouseido.mhlw.go.jp/znk-web/juminkanja/S2430/initialize?prefCd=21&kikanCd=2101090168&kikanKbn=5", "url2": "https://vdrug.co.jp/pharmacy/", "内容": "Ｖ・ｄｒｕｇ　中津川東薬局【5:薬局】岐阜県中津川市中津川字上金１１５３－１" }, "geometry": { "type": "Point", "coordinates": [ 137.511541, 35.503375 ] } },
{ "type": "Feature", "properties": { "ID": 2152101090169, "正式名称": "うらら調剤薬局　恵那店", "機関区分": 5, "都道府県コード": 21, "市区町村コード": 210, "所在地": "岐阜県恵那市大井町２７２５－５", "緯度": 35.463895, "経度": 137.395501, "url": "https://www.iryou.teikyouseido.mhlw.go.jp/znk-web/juminkanja/S2430/initialize?prefCd=21&kikanCd=2101090169&kikanKbn=5", "url2": null, "内容": "うらら調剤薬局　恵那店【5:薬局】岐阜県恵那市大井町２７２５－５" }, "geometry": { "type": "Point", "coordinates": [ 137.395501, 35.463895 ] } },
{ "type": "Feature", "properties": { "ID": 2152101090170, "正式名称": "漢方相談薬局　雫", "機関区分": 5, "都道府県コード": 21, "市区町村コード": 206, "所在地": "岐阜県中津川市茄子川１５９７ー１", "緯度": 35.511584, "経度": 137.527906, "url": "https://www.iryou.teikyouseido.mhlw.go.jp/znk-web/juminkanja/S2430/initialize?prefCd=21&kikanCd=2101090170&kikanKbn=5", "url2": "http://www.kanpoushizuku.com/", "内容": "漢方相談薬局　雫【5:薬局】岐阜県中津川市茄子川１５９７ー１" }, "geometry": { "type": "Point", "coordinates": [ 137.527906, 35.511584 ] } },
{ "type": "Feature", "properties": { "ID": 2152101090171, "正式名称": "水野薬局", "機関区分": 5, "都道府県コード": 21, "市区町村コード": 210, "所在地": "岐阜県恵那市岩村町３３５", "緯度": 35.364526, "経度": 137.442703, "url": "https://www.iryou.teikyouseido.mhlw.go.jp/znk-web/juminkanja/S2430/initialize?prefCd=21&kikanCd=2101090171&kikanKbn=5", "url2": null, "内容": "水野薬局【5:薬局】岐阜県恵那市岩村町３３５" }, "geometry": { "type": "Point", "coordinates": [ 137.442703, 35.364526 ] } },
{ "type": "Feature", "properties": { "ID": 2152101090172, "正式名称": "Ｖ・ｄｒｕｇ　坂本薬局", "機関区分": 5, "都道府県コード": 21, "市区町村コード": 206, "所在地": "岐阜県中津川市茄子川字前田２１９０番地６", "緯度": 35.468548, "経度": 137.450574, "url": "https://www.iryou.teikyouseido.mhlw.go.jp/znk-web/juminkanja/S2430/initialize?prefCd=21&kikanCd=2101090172&kikanKbn=5", "url2": "https://www.vdrug.co.jp/", "内容": "Ｖ・ｄｒｕｇ　坂本薬局【5:薬局】岐阜県中津川市茄子川字前田２１９０番地６" }, "geometry": { "type": "Point", "coordinates": [ 137.450574, 35.468548 ] } },
{ "type": "Feature", "properties": { "ID": 2152101090174, "正式名称": "ささゆり薬局　ひるかわ店", "機関区分": 5, "都道府県コード": 21, "市区町村コード": 206, "所在地": "岐阜県中津川市蛭川２３６２－６", "緯度": 35.529132, "経度": 137.380657, "url": "https://www.iryou.teikyouseido.mhlw.go.jp/znk-web/juminkanja/S2430/initialize?prefCd=21&kikanCd=2101090174&kikanKbn=5", "url2": "http://www.sasayuri.co.jp", "内容": "ささゆり薬局　ひるかわ店【5:薬局】岐阜県中津川市蛭川２３６２－６" }, "geometry": { "type": "Point", "coordinates": [ 137.380657, 35.529132 ] } },
{ "type": "Feature", "properties": { "ID": 2152101090175, "正式名称": "トーカイ薬局　中津川本町店", "機関区分": 5, "都道府県コード": 21, "市区町村コード": 206, "所在地": "岐阜県中津川市本町４丁目２－２０", "緯度": 35.492373, "経度": 137.501042, "url": "https://www.iryou.teikyouseido.mhlw.go.jp/znk-web/juminkanja/S2430/initialize?prefCd=21&kikanCd=2101090175&kikanKbn=5", "url2": "http://www.t-phas.com", "内容": "トーカイ薬局　中津川本町店【5:薬局】岐阜県中津川市本町４丁目２－２０" }, "geometry": { "type": "Point", "coordinates": [ 137.501042, 35.492373 ] } },
{ "type": "Feature", "properties": { "ID": 2152101090176, "正式名称": "トーカイ薬局　中津川店", "機関区分": 5, "都道府県コード": 21, "市区町村コード": 206, "所在地": "岐阜県中津川市中一色町３ー２６", "緯度": 35.491931, "経度": 137.509602, "url": "https://www.iryou.teikyouseido.mhlw.go.jp/znk-web/juminkanja/S2430/initialize?prefCd=21&kikanCd=2101090176&kikanKbn=5", "url2": "http://www.t-phas.com/", "内容": "トーカイ薬局　中津川店【5:薬局】岐阜県中津川市中一色町３ー２６" }, "geometry": { "type": "Point", "coordinates": [ 137.509602, 35.491931 ] } },
{ "type": "Feature", "properties": { "ID": 2152101090177, "正式名称": "トーカイ薬局　中津川市民病院前店", "機関区分": 5, "都道府県コード": 21, "市区町村コード": 206, "所在地": "岐阜県中津川市駒場字西山１６６６－１１５２", "緯度": 35.488325, "経度": 137.477957, "url": "https://www.iryou.teikyouseido.mhlw.go.jp/znk-web/juminkanja/S2430/initialize?prefCd=21&kikanCd=2101090177&kikanKbn=5", "url2": "http://www.t-phas.com", "内容": "トーカイ薬局　中津川市民病院前店【5:薬局】岐阜県中津川市駒場字西山１６６６－１１５２" }, "geometry": { "type": "Point", "coordinates": [ 137.477957, 35.488325 ] } },
{ "type": "Feature", "properties": { "ID": 2152101090178, "正式名称": "コスモス調剤薬局　茄子川店", "機関区分": 5, "都道府県コード": 21, "市区町村コード": 206, "所在地": "岐阜県中津川市茄子川８９４番３", "緯度": 35.470756, "経度": 137.445273, "url": "https://www.iryou.teikyouseido.mhlw.go.jp/znk-web/juminkanja/S2430/initialize?prefCd=21&kikanCd=2101090178&kikanKbn=5", "url2": "https://www.nagano-me.jp", "内容": "コスモス調剤薬局　茄子川店【5:薬局】岐阜県中津川市茄子川８９４番３" }, "geometry": { "type": "Point", "coordinates": [ 137.445273, 35.470756 ] } },
{ "type": "Feature", "properties": { "ID": 2152101090179, "正式名称": "トーカイ薬局中津手賀野店", "機関区分": 5, "都道府県コード": 21, "市区町村コード": 206, "所在地": "岐阜県中津川市手賀野３９９－５", "緯度": 35.480066, "経度": 137.498037, "url": "https://www.iryou.teikyouseido.mhlw.go.jp/znk-web/juminkanja/S2430/initialize?prefCd=21&kikanCd=2101090179&kikanKbn=5", "url2": "http://www.t-phas.com", "内容": "トーカイ薬局中津手賀野店【5:薬局】岐阜県中津川市手賀野３９９－５" }, "geometry": { "type": "Point", "coordinates": [ 137.498037, 35.480066 ] } },
{ "type": "Feature", "properties": { "ID": 2152101090180, "正式名称": "ハロー薬局加子母店", "機関区分": 5, "都道府県コード": 21, "市区町村コード": 206, "所在地": "岐阜県中津川市加子母５０６１ー１０", "緯度": 35.696304, "経度": 137.383359, "url": "https://www.iryou.teikyouseido.mhlw.go.jp/znk-web/juminkanja/S2430/initialize?prefCd=21&kikanCd=2101090180&kikanKbn=5", "url2": "https://shop.sogo-pharmacy.jp/detail/147/", "内容": "ハロー薬局加子母店【5:薬局】岐阜県中津川市加子母５０６１ー１０" }, "geometry": { "type": "Point", "coordinates": [ 137.383359, 35.696304 ] } },
{ "type": "Feature", "properties": { "ID": 2152101090181, "正式名称": "ハロー薬局　田瀬店", "機関区分": 5, "都道府県コード": 21, "市区町村コード": 206, "所在地": "岐阜県中津川市田瀬９７２－１", "緯度": 35.616962, "経度": 137.460706, "url": "https://www.iryou.teikyouseido.mhlw.go.jp/znk-web/juminkanja/S2430/initialize?prefCd=21&kikanCd=2101090181&kikanKbn=5", "url2": "https://shop.sogo-pharmacy.jp/detail/149/", "内容": "ハロー薬局　田瀬店【5:薬局】岐阜県中津川市田瀬９７２－１" }, "geometry": { "type": "Point", "coordinates": [ 137.460706, 35.616962 ] } },
{ "type": "Feature", "properties": { "ID": 2152101090182, "正式名称": "ハロー薬局福岡中店", "機関区分": 5, "都道府県コード": 21, "市区町村コード": 206, "所在地": "岐阜県中津川市福岡９４３－３６　エスポワール１０１号", "緯度": 35.563306, "経度": 137.451433, "url": "https://www.iryou.teikyouseido.mhlw.go.jp/znk-web/juminkanja/S2430/initialize?prefCd=21&kikanCd=2101090182&kikanKbn=5", "url2": "https://shop.sogo-pharmacy.jp/detail/150/", "内容": "ハロー薬局福岡中店【5:薬局】岐阜県中津川市福岡９４３－３６　エスポワール１０１号" }, "geometry": { "type": "Point", "coordinates": [ 137.451433, 35.563306 ] } },
{ "type": "Feature", "properties": { "ID": 2152101090183, "正式名称": "くりの木薬局", "機関区分": 5, "都道府県コード": 21, "市区町村コード": 206, "所在地": "岐阜県中津川市苗木３７２０－１", "緯度": 35.514292, "経度": 137.477968, "url": "https://www.iryou.teikyouseido.mhlw.go.jp/znk-web/juminkanja/S2430/initialize?prefCd=21&kikanCd=2101090183&kikanKbn=5", "url2": "https://shop.sogo-pharmacy.jp/detail/250/", "内容": "くりの木薬局【5:薬局】岐阜県中津川市苗木３７２０－１" }, "geometry": { "type": "Point", "coordinates": [ 137.477968, 35.514292 ] } },
{ "type": "Feature", "properties": { "ID": 2152101090184, "正式名称": "ユニファーマシー寿薬局", "機関区分": 5, "都道府県コード": 21, "市区町村コード": 206, "所在地": "岐阜県中津川市付知町広島野２７１１－１", "緯度": 35.669946, "経度": 137.41982, "url": "https://www.iryou.teikyouseido.mhlw.go.jp/znk-web/juminkanja/S2430/initialize?prefCd=21&kikanCd=2101090184&kikanKbn=5", "url2": "https://univcolt.com/", "内容": "ユニファーマシー寿薬局【5:薬局】岐阜県中津川市付知町広島野２７１１－１" }, "geometry": { "type": "Point", "coordinates": [ 137.41982, 35.669946 ] } },
{ "type": "Feature", "properties": { "ID": 2152101090185, "正式名称": "ふくまる薬局", "機関区分": 5, "都道府県コード": 21, "市区町村コード": 206, "所在地": "岐阜県中津川市千旦林字広久手２５６６番１", "緯度": 35.49133, "経度": 137.455087, "url": "https://www.iryou.teikyouseido.mhlw.go.jp/znk-web/juminkanja/S2430/initialize?prefCd=21&kikanCd=2101090185&kikanKbn=5", "url2": null, "内容": "ふくまる薬局【5:薬局】岐阜県中津川市千旦林字広久手２５６６番１" }, "geometry": { "type": "Point", "coordinates": [ 137.455087, 35.49133 ] } },
{ "type": "Feature", "properties": { "ID": 2152101090186, "正式名称": "あおい薬局", "機関区分": 5, "都道府県コード": 21, "市区町村コード": 210, "所在地": "岐阜県恵那市長島町中野３１３－１２", "緯度": 35.452366, "経度": 137.406034, "url": "https://www.iryou.teikyouseido.mhlw.go.jp/znk-web/juminkanja/S2430/initialize?prefCd=21&kikanCd=2101090186&kikanKbn=5", "url2": null, "内容": "あおい薬局【5:薬局】岐阜県恵那市長島町中野３１３－１２" }, "geometry": { "type": "Point", "coordinates": [ 137.406034, 35.452366 ] } },
{ "type": "Feature", "properties": { "ID": 2152101090187, "正式名称": "Ｖ・ｄｒｕｇ　中津川落合薬局", "機関区分": 5, "都道府県コード": 21, "市区町村コード": 206, "所在地": "岐阜県中津川市落合７４８－７", "緯度": 35.511272, "経度": 137.532883, "url": "https://www.iryou.teikyouseido.mhlw.go.jp/znk-web/juminkanja/S2430/initialize?prefCd=21&kikanCd=2101090187&kikanKbn=5", "url2": "https://store.vdrug.co.jp/detail/30236/", "内容": "Ｖ・ｄｒｕｇ　中津川落合薬局【5:薬局】岐阜県中津川市落合７４８－７" }, "geometry": { "type": "Point", "coordinates": [ 137.532883, 35.511272 ] } },
{ "type": "Feature", "properties": { "ID": 2152101100010, "正式名称": "株式会社　伊藤薬局　石浦店", "機関区分": 5, "都道府県コード": 21, "市区町村コード": 203, "所在地": "岐阜県高山市石浦町６‐２０３‐１", "緯度": 36.115178, "経度": 137.260643, "url": "https://www.iryou.teikyouseido.mhlw.go.jp/znk-web/juminkanja/S2430/initialize?prefCd=21&kikanCd=2101100010&kikanKbn=5", "url2": null, "内容": "株式会社　伊藤薬局　石浦店【5:薬局】岐阜県高山市石浦町６‐２０３‐１" }, "geometry": { "type": "Point", "coordinates": [ 137.260643, 36.115178 ] } },
{ "type": "Feature", "properties": { "ID": 2152101100011, "正式名称": "株式会社オーベル薬局神岡本町店", "機関区分": 5, "都道府県コード": 21, "市区町村コード": 217, "所在地": "岐阜県飛騨市神岡町船津", "緯度": 36.331306, "経度": 137.298995, "url": "https://www.iryou.teikyouseido.mhlw.go.jp/znk-web/juminkanja/S2430/initialize?prefCd=21&kikanCd=2101100011&kikanKbn=5", "url2": "http://ohbell.com", "内容": "株式会社オーベル薬局神岡本町店【5:薬局】岐阜県飛騨市神岡町船津" }, "geometry": { "type": "Point", "coordinates": [ 137.298995, 36.331306 ] } },
{ "type": "Feature", "properties": { "ID": 2152101100017, "正式名称": "株式会社伊藤薬局桐生店", "機関区分": 5, "都道府県コード": 21, "市区町村コード": 203, "所在地": "岐阜県高山市桐生町５－３３９", "緯度": 36.160293, "経度": 137.25247, "url": "https://www.iryou.teikyouseido.mhlw.go.jp/znk-web/juminkanja/S2430/initialize?prefCd=21&kikanCd=2101100017&kikanKbn=5", "url2": null, "内容": "株式会社伊藤薬局桐生店【5:薬局】岐阜県高山市桐生町５－３３９" }, "geometry": { "type": "Point", "coordinates": [ 137.25247, 36.160293 ] } },
{ "type": "Feature", "properties": { "ID": 2152101100028, "正式名称": "ゆう薬局", "機関区分": 5, "都道府県コード": 21, "市区町村コード": 203, "所在地": "岐阜県高山市国府町村山２５２－１", "緯度": 36.19744, "経度": 137.251144, "url": "https://www.iryou.teikyouseido.mhlw.go.jp/znk-web/juminkanja/S2430/initialize?prefCd=21&kikanCd=2101100028&kikanKbn=5", "url2": null, "内容": "ゆう薬局【5:薬局】岐阜県高山市国府町村山２５２－１" }, "geometry": { "type": "Point", "coordinates": [ 137.251144, 36.19744 ] } },
{ "type": "Feature", "properties": { "ID": 2152101100030, "正式名称": "ヘルスバンクウィズハート薬局　西之一色店", "機関区分": 5, "都道府県コード": 21, "市区町村コード": 203, "所在地": "岐阜県高山市西之一色町３丁目１２１３番地２", "緯度": 36.131085, "経度": 137.249981, "url": "https://www.iryou.teikyouseido.mhlw.go.jp/znk-web/juminkanja/S2430/initialize?prefCd=21&kikanCd=2101100030&kikanKbn=5", "url2": null, "内容": "ヘルスバンクウィズハート薬局　西之一色店【5:薬局】岐阜県高山市西之一色町３丁目１２１３番地２" }, "geometry": { "type": "Point", "coordinates": [ 137.249981, 36.131085 ] } },
{ "type": "Feature", "properties": { "ID": 2152101100032, "正式名称": "フィット薬局", "機関区分": 5, "都道府県コード": 21, "市区町村コード": 203, "所在地": "岐阜県高山市冬頭町７４５−１", "緯度": 36.162963, "経度": 137.240347, "url": "https://www.iryou.teikyouseido.mhlw.go.jp/znk-web/juminkanja/S2430/initialize?prefCd=21&kikanCd=2101100032&kikanKbn=5", "url2": null, "内容": "フィット薬局【5:薬局】岐阜県高山市冬頭町７４５−１" }, "geometry": { "type": "Point", "coordinates": [ 137.240347, 36.162963 ] } },
{ "type": "Feature", "properties": { "ID": 2152101100035, "正式名称": "いとう薬局　初田店", "機関区分": 5, "都道府県コード": 21, "市区町村コード": 203, "所在地": "岐阜県高山市初田町", "緯度": 36.147559, "経度": 137.252995, "url": "https://www.iryou.teikyouseido.mhlw.go.jp/znk-web/juminkanja/S2430/initialize?prefCd=21&kikanCd=2101100035&kikanKbn=5", "url2": null, "内容": "いとう薬局　初田店【5:薬局】岐阜県高山市初田町" }, "geometry": { "type": "Point", "coordinates": [ 137.252995, 36.147559 ] } },
{ "type": "Feature", "properties": { "ID": 2152101100037, "正式名称": "内田ファマシイ薬局", "機関区分": 5, "都道府県コード": 21, "市区町村コード": 203, "所在地": "岐阜県高山市西町", "緯度": 36.137403, "経度": 137.257431, "url": "https://www.iryou.teikyouseido.mhlw.go.jp/znk-web/juminkanja/S2430/initialize?prefCd=21&kikanCd=2101100037&kikanKbn=5", "url2": "https://takayamayaku.jp/placemarks/uchida/", "内容": "内田ファマシイ薬局【5:薬局】岐阜県高山市西町" }, "geometry": { "type": "Point", "coordinates": [ 137.257431, 36.137403 ] } },
{ "type": "Feature", "properties": { "ID": 2152101100039, "正式名称": "高田サンキュー薬局三福寺店", "機関区分": 5, "都道府県コード": 21, "市区町村コード": 203, "所在地": "岐阜県高山市三福寺町", "緯度": 36.15279, "経度": 137.265512, "url": "https://www.iryou.teikyouseido.mhlw.go.jp/znk-web/juminkanja/S2430/initialize?prefCd=21&kikanCd=2101100039&kikanKbn=5", "url2": "http://www.takada39.co.jp/", "内容": "高田サンキュー薬局三福寺店【5:薬局】岐阜県高山市三福寺町" }, "geometry": { "type": "Point", "coordinates": [ 137.265512, 36.15279 ] } },
{ "type": "Feature", "properties": { "ID": 2152101100040, "正式名称": "日本調剤神岡薬局", "機関区分": 5, "都道府県コード": 21, "市区町村コード": 217, "所在地": "岐阜県飛騨市神岡町東町５５１－８", "緯度": 36.334269, "経度": 137.300495, "url": "https://www.iryou.teikyouseido.mhlw.go.jp/znk-web/juminkanja/S2430/initialize?prefCd=21&kikanCd=2101100040&kikanKbn=5", "url2": "https://www.nicho.co.jp/tenpo/kamioka/", "内容": "日本調剤神岡薬局【5:薬局】岐阜県飛騨市神岡町東町５５１－８" }, "geometry": { "type": "Point", "coordinates": [ 137.300495, 36.334269 ] } },
{ "type": "Feature", "properties": { "ID": 2152101100042, "正式名称": "貴船薬局", "機関区分": 5, "都道府県コード": 21, "市区町村コード": 217, "所在地": "岐阜県飛騨市古川町貴船町１２－３", "緯度": 36.22995, "経度": 137.191121, "url": "https://www.iryou.teikyouseido.mhlw.go.jp/znk-web/juminkanja/S2430/initialize?prefCd=21&kikanCd=2101100042&kikanKbn=5", "url2": "http://renka-kifune-ikoi.com/", "内容": "貴船薬局【5:薬局】岐阜県飛騨市古川町貴船町１２－３" }, "geometry": { "type": "Point", "coordinates": [ 137.191121, 36.22995 ] } },
{ "type": "Feature", "properties": { "ID": 2152101100043, "正式名称": "いとう薬局ＫＡＴＡＮＯ", "機関区分": 5, "都道府県コード": 21, "市区町村コード": 203, "所在地": "岐阜県高山市片野町６丁目５４８", "緯度": 36.129795, "経度": 137.260818, "url": "https://www.iryou.teikyouseido.mhlw.go.jp/znk-web/juminkanja/S2430/initialize?prefCd=21&kikanCd=2101100043&kikanKbn=5", "url2": null, "内容": "いとう薬局ＫＡＴＡＮＯ【5:薬局】岐阜県高山市片野町６丁目５４８" }, "geometry": { "type": "Point", "coordinates": [ 137.260818, 36.129795 ] } },
{ "type": "Feature", "properties": { "ID": 2152101100044, "正式名称": "株式会社高田サンキュー薬局", "機関区分": 5, "都道府県コード": 21, "市区町村コード": 203, "所在地": "岐阜県高山市花里町５－１４", "緯度": 36.141237, "経度": 137.252594, "url": "https://www.iryou.teikyouseido.mhlw.go.jp/znk-web/juminkanja/S2430/initialize?prefCd=21&kikanCd=2101100044&kikanKbn=5", "url2": null, "内容": "株式会社高田サンキュー薬局【5:薬局】岐阜県高山市花里町５－１４" }, "geometry": { "type": "Point", "coordinates": [ 137.252594, 36.141237 ] } },
{ "type": "Feature", "properties": { "ID": 2152101100048, "正式名称": "合名会社斎藤薬局", "機関区分": 5, "都道府県コード": 21, "市区町村コード": 217, "所在地": "岐阜県飛騨市古川町殿町６－２４", "緯度": 36.235451, "経度": 137.188072, "url": "https://www.iryou.teikyouseido.mhlw.go.jp/znk-web/juminkanja/S2430/initialize?prefCd=21&kikanCd=2101100048&kikanKbn=5", "url2": null, "内容": "合名会社斎藤薬局【5:薬局】岐阜県飛騨市古川町殿町６－２４" }, "geometry": { "type": "Point", "coordinates": [ 137.188072, 36.235451 ] } },
{ "type": "Feature", "properties": { "ID": 2152101100050, "正式名称": "有限会社　さくら薬局", "機関区分": 5, "都道府県コード": 21, "市区町村コード": 217, "所在地": "岐阜県飛騨市古川町三之町８－２９", "緯度": 36.235309, "経度": 137.183858, "url": "https://www.iryou.teikyouseido.mhlw.go.jp/znk-web/juminkanja/S2430/initialize?prefCd=21&kikanCd=2101100050&kikanKbn=5", "url2": null, "内容": "有限会社　さくら薬局【5:薬局】岐阜県飛騨市古川町三之町８－２９" }, "geometry": { "type": "Point", "coordinates": [ 137.183858, 36.235309 ] } },
{ "type": "Feature", "properties": { "ID": 2152101100054, "正式名称": "中野シオン薬局", "機関区分": 5, "都道府県コード": 21, "市区町村コード": 203, "所在地": "岐阜県高山市下一之町２２", "緯度": 36.144727, "経度": 137.259654, "url": "https://www.iryou.teikyouseido.mhlw.go.jp/znk-web/juminkanja/S2430/initialize?prefCd=21&kikanCd=2101100054&kikanKbn=5", "url2": "https://nakanocion-ph.com", "内容": "中野シオン薬局【5:薬局】岐阜県高山市下一之町２２" }, "geometry": { "type": "Point", "coordinates": [ 137.259654, 36.144727 ] } },
{ "type": "Feature", "properties": { "ID": 2152101100063, "正式名称": "有限会社三陽薬局", "機関区分": 5, "都道府県コード": 21, "市区町村コード": 203, "所在地": "岐阜県高山市長坂町２の１", "緯度": 36.147429, "経度": 137.27163, "url": "https://www.iryou.teikyouseido.mhlw.go.jp/znk-web/juminkanja/S2430/initialize?prefCd=21&kikanCd=2101100063&kikanKbn=5", "url2": null, "内容": "有限会社三陽薬局【5:薬局】岐阜県高山市長坂町２の１" }, "geometry": { "type": "Point", "coordinates": [ 137.27163, 36.147429 ] } },
{ "type": "Feature", "properties": { "ID": 2152101100065, "正式名称": "サンタ薬局", "機関区分": 5, "都道府県コード": 21, "市区町村コード": 203, "所在地": "岐阜県高山市桐生町２－９２－４", "緯度": 36.155501, "経度": 137.25269, "url": "https://www.iryou.teikyouseido.mhlw.go.jp/znk-web/juminkanja/S2430/initialize?prefCd=21&kikanCd=2101100065&kikanKbn=5", "url2": null, "内容": "サンタ薬局【5:薬局】岐阜県高山市桐生町２－９２－４" }, "geometry": { "type": "Point", "coordinates": [ 137.25269, 36.155501 ] } },
{ "type": "Feature", "properties": { "ID": 2152101100066, "正式名称": "福田薬局", "機関区分": 5, "都道府県コード": 21, "市区町村コード": 203, "所在地": "岐阜県高山市神明町４－９", "緯度": 36.13938, "経度": 137.259978, "url": "https://www.iryou.teikyouseido.mhlw.go.jp/znk-web/juminkanja/S2430/initialize?prefCd=21&kikanCd=2101100066&kikanKbn=5", "url2": "https://smile-takayama.net/", "内容": "福田薬局【5:薬局】岐阜県高山市神明町４－９" }, "geometry": { "type": "Point", "coordinates": [ 137.259978, 36.13938 ] } },
{ "type": "Feature", "properties": { "ID": 2152101100069, "正式名称": "わに薬局市庁舎東店", "機関区分": 5, "都道府県コード": 21, "市区町村コード": 203, "所在地": "岐阜県高山市初田町２－６２－５", "緯度": 36.146485, "経度": 137.253205, "url": "https://www.iryou.teikyouseido.mhlw.go.jp/znk-web/juminkanja/S2430/initialize?prefCd=21&kikanCd=2101100069&kikanKbn=5", "url2": null, "内容": "わに薬局市庁舎東店【5:薬局】岐阜県高山市初田町２－６２－５" }, "geometry": { "type": "Point", "coordinates": [ 137.253205, 36.146485 ] } },
{ "type": "Feature", "properties": { "ID": 2152101100070, "正式名称": "橋本薬局", "機関区分": 5, "都道府県コード": 21, "市区町村コード": 217, "所在地": "岐阜県飛騨市古川町弐之町２－１５", "緯度": 36.234006, "経度": 137.187005, "url": "https://www.iryou.teikyouseido.mhlw.go.jp/znk-web/juminkanja/S2430/initialize?prefCd=21&kikanCd=2101100070&kikanKbn=5", "url2": null, "内容": "橋本薬局【5:薬局】岐阜県飛騨市古川町弐之町２－１５" }, "geometry": { "type": "Point", "coordinates": [ 137.187005, 36.234006 ] } },
{ "type": "Feature", "properties": { "ID": 2152101100071, "正式名称": "株式会社伊藤薬局", "機関区分": 5, "都道府県コード": 21, "市区町村コード": 203, "所在地": "岐阜県高山市本町３丁目６番地", "緯度": 36.144426, "経度": 137.257269, "url": "https://www.iryou.teikyouseido.mhlw.go.jp/znk-web/juminkanja/S2430/initialize?prefCd=21&kikanCd=2101100071&kikanKbn=5", "url2": null, "内容": "株式会社伊藤薬局【5:薬局】岐阜県高山市本町３丁目６番地" }, "geometry": { "type": "Point", "coordinates": [ 137.257269, 36.144426 ] } },
{ "type": "Feature", "properties": { "ID": 2152101100073, "正式名称": "貴船薬局　久々野店", "機関区分": 5, "都道府県コード": 21, "市区町村コード": 203, "所在地": "岐阜県高山市久々野町無数河字一本木３６６番２", "緯度": 36.048416, "経度": 137.274922, "url": "https://www.iryou.teikyouseido.mhlw.go.jp/znk-web/juminkanja/S2430/initialize?prefCd=21&kikanCd=2101100073&kikanKbn=5", "url2": "http://renka-kifune-ikoi.com", "内容": "貴船薬局　久々野店【5:薬局】岐阜県高山市久々野町無数河字一本木３６６番２" }, "geometry": { "type": "Point", "coordinates": [ 137.274922, 36.048416 ] } },
{ "type": "Feature", "properties": { "ID": 2152101100075, "正式名称": "グリーン薬局　中央店", "機関区分": 5, "都道府県コード": 21, "市区町村コード": 203, "所在地": "岐阜県高山市名田町３丁目８６番地", "緯度": 36.137273, "経度": 137.255237, "url": "https://www.iryou.teikyouseido.mhlw.go.jp/znk-web/juminkanja/S2430/initialize?prefCd=21&kikanCd=2101100075&kikanKbn=5", "url2": "http://www.tanpopo-ph.co.jp", "内容": "グリーン薬局　中央店【5:薬局】岐阜県高山市名田町３丁目８６番地" }, "geometry": { "type": "Point", "coordinates": [ 137.255237, 36.137273 ] } },
{ "type": "Feature", "properties": { "ID": 2152101100077, "正式名称": "大林調剤薬局　桐生店", "機関区分": 5, "都道府県コード": 21, "市区町村コード": 203, "所在地": "岐阜県高山市桐生町５－１８７－１", "緯度": 36.156904, "経度": 137.252079, "url": "https://www.iryou.teikyouseido.mhlw.go.jp/znk-web/juminkanja/S2430/initialize?prefCd=21&kikanCd=2101100077&kikanKbn=5", "url2": null, "内容": "大林調剤薬局　桐生店【5:薬局】岐阜県高山市桐生町５－１８７－１" }, "geometry": { "type": "Point", "coordinates": [ 137.252079, 36.156904 ] } },
{ "type": "Feature", "properties": { "ID": 2152101100078, "正式名称": "けやき薬局", "機関区分": 5, "都道府県コード": 21, "市区町村コード": 203, "所在地": "岐阜県高山市昭和町２―１２１ー２", "緯度": 36.144607, "経度": 137.248272, "url": "https://www.iryou.teikyouseido.mhlw.go.jp/znk-web/juminkanja/S2430/initialize?prefCd=21&kikanCd=2101100078&kikanKbn=5", "url2": null, "内容": "けやき薬局【5:薬局】岐阜県高山市昭和町２―１２１ー２" }, "geometry": { "type": "Point", "coordinates": [ 137.248272, 36.144607 ] } },
{ "type": "Feature", "properties": { "ID": 2152101100081, "正式名称": "Ｖ・ｄｒｕｇ　高山西薬局", "機関区分": 5, "都道府県コード": 21, "市区町村コード": 203, "所在地": "岐阜県高山市上岡本町２ー４５４ー２", "緯度": 36.136252, "経度": 137.231669, "url": "https://www.iryou.teikyouseido.mhlw.go.jp/znk-web/juminkanja/S2430/initialize?prefCd=21&kikanCd=2101100081&kikanKbn=5", "url2": "https://www.vdrug.co.jp/", "内容": "Ｖ・ｄｒｕｇ　高山西薬局【5:薬局】岐阜県高山市上岡本町２ー４５４ー２" }, "geometry": { "type": "Point", "coordinates": [ 137.231669, 36.136252 ] } },
{ "type": "Feature", "properties": { "ID": 2152101100083, "正式名称": "スズキ薬局　本店", "機関区分": 5, "都道府県コード": 21, "市区町村コード": 203, "所在地": "岐阜県高山市上岡本町１丁目８８番地", "緯度": 36.137571, "経度": 137.242884, "url": "https://www.iryou.teikyouseido.mhlw.go.jp/znk-web/juminkanja/S2430/initialize?prefCd=21&kikanCd=2101100083&kikanKbn=5", "url2": "http://www.suzuki-p.com/modules/weblog/", "内容": "スズキ薬局　本店【5:薬局】岐阜県高山市上岡本町１丁目８８番地" }, "geometry": { "type": "Point", "coordinates": [ 137.242884, 36.137571 ] } },
{ "type": "Feature", "properties": { "ID": 2152101100085, "正式名称": "わに薬局　駅西店", "機関区分": 5, "都道府県コード": 21, "市区町村コード": 203, "所在地": "岐阜県高山市昭和町２－８５－１", "緯度": 36.145907, "経度": 137.249272, "url": "https://www.iryou.teikyouseido.mhlw.go.jp/znk-web/juminkanja/S2430/initialize?prefCd=21&kikanCd=2101100085&kikanKbn=5", "url2": null, "内容": "わに薬局　駅西店【5:薬局】岐阜県高山市昭和町２－８５－１" }, "geometry": { "type": "Point", "coordinates": [ 137.249272, 36.145907 ] } },
{ "type": "Feature", "properties": { "ID": 2152101100087, "正式名称": "Ｖ・ｄｒｕｇ　神岡薬局", "機関区分": 5, "都道府県コード": 21, "市区町村コード": 217, "所在地": "岐阜県飛騨市神岡町東町５２７番地１", "緯度": 36.334144, "経度": 137.300264, "url": "https://www.iryou.teikyouseido.mhlw.go.jp/znk-web/juminkanja/S2430/initialize?prefCd=21&kikanCd=2101100087&kikanKbn=5", "url2": "https://vdrug.co.jp/pharmacy/", "内容": "Ｖ・ｄｒｕｇ　神岡薬局【5:薬局】岐阜県飛騨市神岡町東町５２７番地１" }, "geometry": { "type": "Point", "coordinates": [ 137.300264, 36.334144 ] } },
{ "type": "Feature", "properties": { "ID": 2152101100088, "正式名称": "真央莉薬局　花岡店", "機関区分": 5, "都道府県コード": 21, "市区町村コード": 203, "所在地": "岐阜県高山市花岡町１－６－２", "緯度": 36.144126, "経度": 137.252671, "url": "https://www.iryou.teikyouseido.mhlw.go.jp/znk-web/juminkanja/S2430/initialize?prefCd=21&kikanCd=2101100088&kikanKbn=5", "url2": null, "内容": "真央莉薬局　花岡店【5:薬局】岐阜県高山市花岡町１－６－２" }, "geometry": { "type": "Point", "coordinates": [ 137.252671, 36.144126 ] } },
{ "type": "Feature", "properties": { "ID": 2152101100089, "正式名称": "きらきら薬局", "機関区分": 5, "都道府県コード": 21, "市区町村コード": 203, "所在地": "岐阜県高山市七日町２－２３２－７", "緯度": 36.149394, "経度": 137.255227, "url": "https://www.iryou.teikyouseido.mhlw.go.jp/znk-web/juminkanja/S2430/initialize?prefCd=21&kikanCd=2101100089&kikanKbn=5", "url2": "https://univcolt.com", "内容": "きらきら薬局【5:薬局】岐阜県高山市七日町２－２３２－７" }, "geometry": { "type": "Point", "coordinates": [ 137.255227, 36.149394 ] } },
{ "type": "Feature", "properties": { "ID": 2152101100090, "正式名称": "なごみ薬局", "機関区分": 5, "都道府県コード": 21, "市区町村コード": 217, "所在地": "岐阜県飛騨市神岡町東町５１２－１", "緯度": 36.33328, "経度": 137.300573, "url": "https://www.iryou.teikyouseido.mhlw.go.jp/znk-web/juminkanja/S2430/initialize?prefCd=21&kikanCd=2101100090&kikanKbn=5", "url2": null, "内容": "なごみ薬局【5:薬局】岐阜県飛騨市神岡町東町５１２－１" }, "geometry": { "type": "Point", "coordinates": [ 137.300573, 36.33328 ] } },
{ "type": "Feature", "properties": { "ID": 2152101100092, "正式名称": "大林調剤薬局　上切店", "機関区分": 5, "都道府県コード": 21, "市区町村コード": 203, "所在地": "岐阜県高山市上切町３４３ー１", "緯度": 36.166063, "経度": 137.234587, "url": "https://www.iryou.teikyouseido.mhlw.go.jp/znk-web/juminkanja/S2430/initialize?prefCd=21&kikanCd=2101100092&kikanKbn=5", "url2": null, "内容": "大林調剤薬局　上切店【5:薬局】岐阜県高山市上切町３４３ー１" }, "geometry": { "type": "Point", "coordinates": [ 137.234587, 36.166063 ] } },
{ "type": "Feature", "properties": { "ID": 2152101100094, "正式名称": "グリーン薬局久美愛病院前店", "機関区分": 5, "都道府県コード": 21, "市区町村コード": 203, "所在地": "岐阜県高山市上切町３１７－１", "緯度": 36.165211, "経度": 137.234997, "url": "https://www.iryou.teikyouseido.mhlw.go.jp/znk-web/juminkanja/S2430/initialize?prefCd=21&kikanCd=2101100094&kikanKbn=5", "url2": "http://www.tanpopo-ph.co.jp", "内容": "グリーン薬局久美愛病院前店【5:薬局】岐阜県高山市上切町３１７－１" }, "geometry": { "type": "Point", "coordinates": [ 137.234997, 36.165211 ] } },
{ "type": "Feature", "properties": { "ID": 2152101100095, "正式名称": "Ｖ・ｄｒｕｇ　高山南薬局", "機関区分": 5, "都道府県コード": 21, "市区町村コード": 203, "所在地": "岐阜県高山市石浦町２－１８８", "緯度": 36.11202, "経度": 137.265484, "url": "https://www.iryou.teikyouseido.mhlw.go.jp/znk-web/juminkanja/S2430/initialize?prefCd=21&kikanCd=2101100095&kikanKbn=5", "url2": "https://www.vdrug.co.jp/", "内容": "Ｖ・ｄｒｕｇ　高山南薬局【5:薬局】岐阜県高山市石浦町２－１８８" }, "geometry": { "type": "Point", "coordinates": [ 137.265484, 36.11202 ] } },
{ "type": "Feature", "properties": { "ID": 2152101100100, "正式名称": "ベル薬局　広小路店", "機関区分": 5, "都道府県コード": 21, "市区町村コード": 203, "所在地": "岐阜県高山市名田町５－５２", "緯度": 36.140509, "経度": 137.254836, "url": "https://www.iryou.teikyouseido.mhlw.go.jp/znk-web/juminkanja/S2430/initialize?prefCd=21&kikanCd=2101100100&kikanKbn=5", "url2": null, "内容": "ベル薬局　広小路店【5:薬局】岐阜県高山市名田町５－５２" }, "geometry": { "type": "Point", "coordinates": [ 137.254836, 36.140509 ] } },
{ "type": "Feature", "properties": { "ID": 2152101100102, "正式名称": "のぞみ調剤薬局", "機関区分": 5, "都道府県コード": 21, "市区町村コード": 203, "所在地": "岐阜県高山市下林町５１７－７", "緯度": 36.15206, "経度": 137.225297, "url": "https://www.iryou.teikyouseido.mhlw.go.jp/znk-web/juminkanja/S2430/initialize?prefCd=21&kikanCd=2101100102&kikanKbn=5", "url2": null, "内容": "のぞみ調剤薬局【5:薬局】岐阜県高山市下林町５１７－７" }, "geometry": { "type": "Point", "coordinates": [ 137.225297, 36.15206 ] } },
{ "type": "Feature", "properties": { "ID": 2152101100103, "正式名称": "せせらぎ薬局", "機関区分": 5, "都道府県コード": 21, "市区町村コード": 203, "所在地": "岐阜県高山市清見町三日町１２２６", "緯度": 36.129864, "経度": 137.188297, "url": "https://www.iryou.teikyouseido.mhlw.go.jp/znk-web/juminkanja/S2430/initialize?prefCd=21&kikanCd=2101100103&kikanKbn=5", "url2": null, "内容": "せせらぎ薬局【5:薬局】岐阜県高山市清見町三日町１２２６" }, "geometry": { "type": "Point", "coordinates": [ 137.188297, 36.129864 ] } },
{ "type": "Feature", "properties": { "ID": 2152101100104, "正式名称": "スズキ薬局　高山インター店", "機関区分": 5, "都道府県コード": 21, "市区町村コード": 203, "所在地": "岐阜県高山市中切町４７－１", "緯度": 36.167333, "経度": 137.235924, "url": "https://www.iryou.teikyouseido.mhlw.go.jp/znk-web/juminkanja/S2430/initialize?prefCd=21&kikanCd=2101100104&kikanKbn=5", "url2": "http://www.e-classa.net/suzuyaku34", "内容": "スズキ薬局　高山インター店【5:薬局】岐阜県高山市中切町４７－１" }, "geometry": { "type": "Point", "coordinates": [ 137.235924, 36.167333 ] } },
{ "type": "Feature", "properties": { "ID": 2152101100106, "正式名称": "スギ薬局　高山中央店", "機関区分": 5, "都道府県コード": 21, "市区町村コード": 203, "所在地": "岐阜県高山市初田町三丁目４５番地", "緯度": 36.15033, "経度": 137.252015, "url": "https://www.iryou.teikyouseido.mhlw.go.jp/znk-web/juminkanja/S2430/initialize?prefCd=21&kikanCd=2101100106&kikanKbn=5", "url2": "http://www.drug-sugi.co.jp/", "内容": "スギ薬局　高山中央店【5:薬局】岐阜県高山市初田町三丁目４５番地" }, "geometry": { "type": "Point", "coordinates": [ 137.252015, 36.15033 ] } },
{ "type": "Feature", "properties": { "ID": 2152101100108, "正式名称": "スギ薬局　高山駅西店", "機関区分": 5, "都道府県コード": 21, "市区町村コード": 203, "所在地": "岐阜県高山市岡本町一丁目１０１番地", "緯度": 36.142251, "経度": 137.247424, "url": "https://www.iryou.teikyouseido.mhlw.go.jp/znk-web/juminkanja/S2430/initialize?prefCd=21&kikanCd=2101100108&kikanKbn=5", "url2": "http://www.drug-sugi.co.jp/", "内容": "スギ薬局　高山駅西店【5:薬局】岐阜県高山市岡本町一丁目１０１番地" }, "geometry": { "type": "Point", "coordinates": [ 137.247424, 36.142251 ] } },
{ "type": "Feature", "properties": { "ID": 2152101100110, "正式名称": "荘川薬局", "機関区分": 5, "都道府県コード": 21, "市区町村コード": 203, "所在地": "岐阜県高山市荘川町新渕４１８－１", "緯度": 36.032445, "経度": 136.955957, "url": "https://www.iryou.teikyouseido.mhlw.go.jp/znk-web/juminkanja/S2430/initialize?prefCd=21&kikanCd=2101100110&kikanKbn=5", "url2": "https://www.e-classa.net/shokawa-pharmacy/information.html", "内容": "荘川薬局【5:薬局】岐阜県高山市荘川町新渕４１８－１" }, "geometry": { "type": "Point", "coordinates": [ 136.955957, 36.032445 ] } },
{ "type": "Feature", "properties": { "ID": 2152101100113, "正式名称": "スマイルあさひ薬局", "機関区分": 5, "都道府県コード": 21, "市区町村コード": 203, "所在地": "岐阜県高山市朝日町万石２２５－１", "緯度": 36.089247, "経度": 137.352601, "url": "https://www.iryou.teikyouseido.mhlw.go.jp/znk-web/juminkanja/S2430/initialize?prefCd=21&kikanCd=2101100113&kikanKbn=5", "url2": "https://smile-takayama.net/", "内容": "スマイルあさひ薬局【5:薬局】岐阜県高山市朝日町万石２２５－１" }, "geometry": { "type": "Point", "coordinates": [ 137.352601, 36.089247 ] } },
{ "type": "Feature", "properties": { "ID": 2152101100114, "正式名称": "Ｖ・ｄｒｕｇ　高山中央薬局", "機関区分": 5, "都道府県コード": 21, "市区町村コード": 203, "所在地": "岐阜県高山市岡本町３丁目４３－１", "緯度": 36.14852, "経度": 137.247217, "url": "https://www.iryou.teikyouseido.mhlw.go.jp/znk-web/juminkanja/S2430/initialize?prefCd=21&kikanCd=2101100114&kikanKbn=5", "url2": "http://www.vdrug.co.jp/", "内容": "Ｖ・ｄｒｕｇ　高山中央薬局【5:薬局】岐阜県高山市岡本町３丁目４３－１" }, "geometry": { "type": "Point", "coordinates": [ 137.247217, 36.14852 ] } },
{ "type": "Feature", "properties": { "ID": 2152101100115, "正式名称": "スマイル天満薬局", "機関区分": 5, "都道府県コード": 21, "市区町村コード": 203, "所在地": "岐阜県高山市天満町４丁目６０－２", "緯度": 36.138522, "経度": 137.253756, "url": "https://www.iryou.teikyouseido.mhlw.go.jp/znk-web/juminkanja/S2430/initialize?prefCd=21&kikanCd=2101100115&kikanKbn=5", "url2": "https://smile-takayama.net/", "内容": "スマイル天満薬局【5:薬局】岐阜県高山市天満町４丁目６０－２" }, "geometry": { "type": "Point", "coordinates": [ 137.253756, 36.138522 ] } },
{ "type": "Feature", "properties": { "ID": 2152101100116, "正式名称": "株式会社重山薬局", "機関区分": 5, "都道府県コード": 21, "市区町村コード": 217, "所在地": "岐阜県飛騨市古川町杉崎９１番地１", "緯度": 36.249416, "経度": 137.168624, "url": "https://www.iryou.teikyouseido.mhlw.go.jp/znk-web/juminkanja/S2430/initialize?prefCd=21&kikanCd=2101100116&kikanKbn=5", "url2": null, "内容": "株式会社重山薬局【5:薬局】岐阜県飛騨市古川町杉崎９１番地１" }, "geometry": { "type": "Point", "coordinates": [ 137.168624, 36.249416 ] } },
{ "type": "Feature", "properties": { "ID": 2152101100117, "正式名称": "スギ薬局　高山西店", "機関区分": 5, "都道府県コード": 21, "市区町村コード": 203, "所在地": "岐阜県高山市下岡本町１７８４番地１", "緯度": 36.153109, "経度": 137.243304, "url": "https://www.iryou.teikyouseido.mhlw.go.jp/znk-web/juminkanja/S2430/initialize?prefCd=21&kikanCd=2101100117&kikanKbn=5", "url2": "http://www.drug-sugi.co.jp/", "内容": "スギ薬局　高山西店【5:薬局】岐阜県高山市下岡本町１７８４番地１" }, "geometry": { "type": "Point", "coordinates": [ 137.243304, 36.153109 ] } },
{ "type": "Feature", "properties": { "ID": 2152101100119, "正式名称": "Ｖ・ｄｒｕｇ　ひだ駅西薬局", "機関区分": 5, "都道府県コード": 21, "市区町村コード": 203, "所在地": "岐阜県高山市岡本町２丁目５８－２", "緯度": 36.145403, "経度": 137.246619, "url": "https://www.iryou.teikyouseido.mhlw.go.jp/znk-web/juminkanja/S2430/initialize?prefCd=21&kikanCd=2101100119&kikanKbn=5", "url2": "https://vdrug.co.jp/pharmacy/", "内容": "Ｖ・ｄｒｕｇ　ひだ駅西薬局【5:薬局】岐阜県高山市岡本町２丁目５８－２" }, "geometry": { "type": "Point", "coordinates": [ 137.246619, 36.145403 ] } },
{ "type": "Feature", "properties": { "ID": 2152101100120, "正式名称": "クスリのアオキ上岡本薬局", "機関区分": 5, "都道府県コード": 21, "市区町村コード": 203, "所在地": "岐阜県高山市上岡本町七丁目２２３番地１", "緯度": 36.14154, "経度": 137.23952, "url": "https://www.iryou.teikyouseido.mhlw.go.jp/znk-web/juminkanja/S2430/initialize?prefCd=21&kikanCd=2101100120&kikanKbn=5", "url2": "http://www.kusuri-aoki.co.jp", "内容": "クスリのアオキ上岡本薬局【5:薬局】岐阜県高山市上岡本町七丁目２２３番地１" }, "geometry": { "type": "Point", "coordinates": [ 137.23952, 36.14154 ] } },
{ "type": "Feature", "properties": { "ID": 2152101100121, "正式名称": "スマイルちじま薬局", "機関区分": 5, "都道府県コード": 21, "市区町村コード": 203, "所在地": "岐阜県高山市千島町６３８－２", "緯度": 36.128577, "経度": 137.25509, "url": "https://www.iryou.teikyouseido.mhlw.go.jp/znk-web/juminkanja/S2430/initialize?prefCd=21&kikanCd=2101100121&kikanKbn=5", "url2": "https://smile-takayama.net/", "内容": "スマイルちじま薬局【5:薬局】岐阜県高山市千島町６３８－２" }, "geometry": { "type": "Point", "coordinates": [ 137.25509, 36.128577 ] } },
{ "type": "Feature", "properties": { "ID": 2152101100122, "正式名称": "Ｖ・ｄｒｕｇ　高山東薬局", "機関区分": 5, "都道府県コード": 21, "市区町村コード": 203, "所在地": "岐阜県高山市三福寺町３３２９－１", "緯度": 36.150273, "経度": 137.269367, "url": "https://www.iryou.teikyouseido.mhlw.go.jp/znk-web/juminkanja/S2430/initialize?prefCd=21&kikanCd=2101100122&kikanKbn=5", "url2": "https://vdrug.co.jp/pharmacy/store/%e9%ab%98%e5%b1%b1%e6%9d%b1%e8%96%ac%e5%b1%80/", "内容": "Ｖ・ｄｒｕｇ　高山東薬局【5:薬局】岐阜県高山市三福寺町３３２９－１" }, "geometry": { "type": "Point", "coordinates": [ 137.269367, 36.150273 ] } },
{ "type": "Feature", "properties": { "ID": 2152101100123, "正式名称": "Ｖ・ｄｒｕｇ　ひだ高山日赤前薬局", "機関区分": 5, "都道府県コード": 21, "市区町村コード": 203, "所在地": "岐阜県高山市名田町３丁目８１番地", "緯度": 36.136836, "経度": 137.255475, "url": "https://www.iryou.teikyouseido.mhlw.go.jp/znk-web/juminkanja/S2430/initialize?prefCd=21&kikanCd=2101100123&kikanKbn=5", "url2": "https://www.vdrug.co.jp/pharmacy/", "内容": "Ｖ・ｄｒｕｇ　ひだ高山日赤前薬局【5:薬局】岐阜県高山市名田町３丁目８１番地" }, "geometry": { "type": "Point", "coordinates": [ 137.255475, 36.136836 ] } },
{ "type": "Feature", "properties": { "ID": 2152101100124, "正式名称": "Ｖ・ｄｒｕｇ　ひだ岡本薬局", "機関区分": 5, "都道府県コード": 21, "市区町村コード": 203, "所在地": "岐阜県高山市岡本町４－１－５", "緯度": 36.151948, "経度": 137.250543, "url": "https://www.iryou.teikyouseido.mhlw.go.jp/znk-web/juminkanja/S2430/initialize?prefCd=21&kikanCd=2101100124&kikanKbn=5", "url2": "https://www.vdrug.co.jp/pharmacy/", "内容": "Ｖ・ｄｒｕｇ　ひだ岡本薬局【5:薬局】岐阜県高山市岡本町４－１－５" }, "geometry": { "type": "Point", "coordinates": [ 137.250543, 36.151948 ] } },
{ "type": "Feature", "properties": { "ID": 2152101100125, "正式名称": "Ｖ・ｄｒｕｇ　ひだ冬頭薬局", "機関区分": 5, "都道府県コード": 21, "市区町村コード": 203, "所在地": "岐阜県高山市冬頭町７５２－１", "緯度": 36.16251, "経度": 137.239682, "url": "https://www.iryou.teikyouseido.mhlw.go.jp/znk-web/juminkanja/S2430/initialize?prefCd=21&kikanCd=2101100125&kikanKbn=5", "url2": "https://www.vdrug.co.jp/", "内容": "Ｖ・ｄｒｕｇ　ひだ冬頭薬局【5:薬局】岐阜県高山市冬頭町７５２－１" }, "geometry": { "type": "Point", "coordinates": [ 137.239682, 36.16251 ] } },
{ "type": "Feature", "properties": { "ID": 2152101100126, "正式名称": "Ｖ・ｄｒｕｇ　ひだ上気多薬局", "機関区分": 5, "都道府県コード": 21, "市区町村コード": 217, "所在地": "岐阜県飛騨市古川町上気多５９１－１", "緯度": 36.23852, "経度": 137.190083, "url": "https://www.iryou.teikyouseido.mhlw.go.jp/znk-web/juminkanja/S2430/initialize?prefCd=21&kikanCd=2101100126&kikanKbn=5", "url2": "https://www.vdrug.co.jp/", "内容": "Ｖ・ｄｒｕｇ　ひだ上気多薬局【5:薬局】岐阜県飛騨市古川町上気多５９１－１" }, "geometry": { "type": "Point", "coordinates": [ 137.190083, 36.23852 ] } },
{ "type": "Feature", "properties": { "ID": 2152101100127, "正式名称": "Ｖ・ｄｒｕｇ　ひだ町方薬局", "機関区分": 5, "都道府県コード": 21, "市区町村コード": 203, "所在地": "岐阜県高山市丹生川町町方３６－１１", "緯度": 36.171016, "経度": 137.308504, "url": "https://www.iryou.teikyouseido.mhlw.go.jp/znk-web/juminkanja/S2430/initialize?prefCd=21&kikanCd=2101100127&kikanKbn=5", "url2": "https://vdrug.co.jp/pharmacy/", "内容": "Ｖ・ｄｒｕｇ　ひだ町方薬局【5:薬局】岐阜県高山市丹生川町町方３６－１１" }, "geometry": { "type": "Point", "coordinates": [ 137.308504, 36.171016 ] } },
{ "type": "Feature", "properties": { "ID": 2152101100128, "正式名称": "Ｖ・ｄｒｕｇ　ひだ若宮薬局", "機関区分": 5, "都道府県コード": 21, "市区町村コード": 217, "所在地": "岐阜県飛騨市古川町若宮１丁目７－３２", "緯度": 36.236494, "経度": 137.192273, "url": "https://www.iryou.teikyouseido.mhlw.go.jp/znk-web/juminkanja/S2430/initialize?prefCd=21&kikanCd=2101100128&kikanKbn=5", "url2": "https://www.vdrug.co.jp/", "内容": "Ｖ・ｄｒｕｇ　ひだ若宮薬局【5:薬局】岐阜県飛騨市古川町若宮１丁目７－３２" }, "geometry": { "type": "Point", "coordinates": [ 137.192273, 36.236494 ] } },
{ "type": "Feature", "properties": { "ID": 2152101100129, "正式名称": "Ｖ・ｄｒｕｇ　国府薬局", "機関区分": 5, "都道府県コード": 21, "市区町村コード": 203, "所在地": "岐阜県高山市国府町広瀬町１５６６－１", "緯度": 36.213126, "経度": 137.208548, "url": "https://www.iryou.teikyouseido.mhlw.go.jp/znk-web/juminkanja/S2430/initialize?prefCd=21&kikanCd=2101100129&kikanKbn=5", "url2": "https://vdrug.co.jp/pharmacy/", "内容": "Ｖ・ｄｒｕｇ　国府薬局【5:薬局】岐阜県高山市国府町広瀬町１５６６－１" }, "geometry": { "type": "Point", "coordinates": [ 137.208548, 36.213126 ] } },
{ "type": "Feature", "properties": { "ID": 2152101100130, "正式名称": "きいろい屋根の薬局", "機関区分": 5, "都道府県コード": 21, "市区町村コード": 203, "所在地": "岐阜県高山市昭和町１－１３２－４", "緯度": 36.142621, "経度": 137.248946, "url": "https://www.iryou.teikyouseido.mhlw.go.jp/znk-web/juminkanja/S2430/initialize?prefCd=21&kikanCd=2101100130&kikanKbn=5", "url2": null, "内容": "きいろい屋根の薬局【5:薬局】岐阜県高山市昭和町１－１３２－４" }, "geometry": { "type": "Point", "coordinates": [ 137.248946, 36.142621 ] } },
{ "type": "Feature", "properties": { "ID": 2152101100131, "正式名称": "そらまち薬局", "機関区分": 5, "都道府県コード": 21, "市区町村コード": 203, "所在地": "岐阜県高山市大門町１", "緯度": 36.143663, "経度": 137.261982, "url": "https://www.iryou.teikyouseido.mhlw.go.jp/znk-web/juminkanja/S2430/initialize?prefCd=21&kikanCd=2101100131&kikanKbn=5", "url2": "https://univcolt.com/", "内容": "そらまち薬局【5:薬局】岐阜県高山市大門町１" }, "geometry": { "type": "Point", "coordinates": [ 137.261982, 36.143663 ] } },
{ "type": "Feature", "properties": { "ID": 2152101100132, "正式名称": "スマイル国府薬局", "機関区分": 5, "都道府県コード": 21, "市区町村コード": 203, "所在地": "岐阜県高山市国府町広瀬町１１５８ー１", "緯度": 36.210354, "経度": 137.21478, "url": "https://www.iryou.teikyouseido.mhlw.go.jp/znk-web/juminkanja/S2430/initialize?prefCd=21&kikanCd=2101100132&kikanKbn=5", "url2": "https://smile-takayama.net/", "内容": "スマイル国府薬局【5:薬局】岐阜県高山市国府町広瀬町１１５８ー１" }, "geometry": { "type": "Point", "coordinates": [ 137.21478, 36.210354 ] } },
{ "type": "Feature", "properties": { "ID": 2152101100133, "正式名称": "スマイルかんまち薬局", "機関区分": 5, "都道府県コード": 21, "市区町村コード": 217, "所在地": "岐阜県飛騨市古川町上町２０８－１", "緯度": 36.219296, "経度": 137.201717, "url": "https://www.iryou.teikyouseido.mhlw.go.jp/znk-web/juminkanja/S2430/initialize?prefCd=21&kikanCd=2101100133&kikanKbn=5", "url2": "https://smile-takayama.net/", "内容": "スマイルかんまち薬局【5:薬局】岐阜県飛騨市古川町上町２０８－１" }, "geometry": { "type": "Point", "coordinates": [ 137.201717, 36.219296 ] } },
{ "type": "Feature", "properties": { "ID": 2152101100135, "正式名称": "Ｖ・ｄｒｕｇ　高山三福寺薬局", "機関区分": 5, "都道府県コード": 21, "市区町村コード": 203, "所在地": "岐阜県高山市三福寺町３７４－１", "緯度": 36.152137, "経度": 137.261734, "url": "https://www.iryou.teikyouseido.mhlw.go.jp/znk-web/juminkanja/S2430/initialize?prefCd=21&kikanCd=2101100135&kikanKbn=5", "url2": "https://vdrug.co.jp/pharmacy/", "内容": "Ｖ・ｄｒｕｇ　高山三福寺薬局【5:薬局】岐阜県高山市三福寺町３７４－１" }, "geometry": { "type": "Point", "coordinates": [ 137.261734, 36.152137 ] } },
{ "type": "Feature", "properties": { "ID": 2152101110003, "正式名称": "スミ薬局", "機関区分": 5, "都道府県コード": 21, "市区町村コード": 220, "所在地": "岐阜県下呂市小坂町小坂町７８９", "緯度": 35.951103, "経度": 137.26163, "url": "https://www.iryou.teikyouseido.mhlw.go.jp/znk-web/juminkanja/S2430/initialize?prefCd=21&kikanCd=2101110003&kikanKbn=5", "url2": null, "内容": "スミ薬局【5:薬局】岐阜県下呂市小坂町小坂町７８９" }, "geometry": { "type": "Point", "coordinates": [ 137.26163, 35.951103 ] } },
{ "type": "Feature", "properties": { "ID": 2152101110005, "正式名称": "井桁屋薬局", "機関区分": 5, "都道府県コード": 21, "市区町村コード": 220, "所在地": "岐阜県下呂市金山町金山２０５２", "緯度": 35.661972, "経度": 137.158536, "url": "https://www.iryou.teikyouseido.mhlw.go.jp/znk-web/juminkanja/S2430/initialize?prefCd=21&kikanCd=2101110005&kikanKbn=5", "url2": null, "内容": "井桁屋薬局【5:薬局】岐阜県下呂市金山町金山２０５２" }, "geometry": { "type": "Point", "coordinates": [ 137.158536, 35.661972 ] } },
{ "type": "Feature", "properties": { "ID": 2152101110006, "正式名称": "おさか調剤薬局", "機関区分": 5, "都道府県コード": 21, "市区町村コード": 220, "所在地": "岐阜県下呂市小坂町大島１９６１−１", "緯度": 35.951354, "経度": 137.258815, "url": "https://www.iryou.teikyouseido.mhlw.go.jp/znk-web/juminkanja/S2430/initialize?prefCd=21&kikanCd=2101110006&kikanKbn=5", "url2": null, "内容": "おさか調剤薬局【5:薬局】岐阜県下呂市小坂町大島１９６１−１" }, "geometry": { "type": "Point", "coordinates": [ 137.258815, 35.951354 ] } },
{ "type": "Feature", "properties": { "ID": 2152101110007, "正式名称": "さるぼぼ薬局", "機関区分": 5, "都道府県コード": 21, "市区町村コード": 220, "所在地": "岐阜県下呂市萩原町羽根４１ー２", "緯度": 35.902115, "経度": 137.200497, "url": "https://www.iryou.teikyouseido.mhlw.go.jp/znk-web/juminkanja/S2430/initialize?prefCd=21&kikanCd=2101110007&kikanKbn=5", "url2": "https://univcolt.com", "内容": "さるぼぼ薬局【5:薬局】岐阜県下呂市萩原町羽根４１ー２" }, "geometry": { "type": "Point", "coordinates": [ 137.200497, 35.902115 ] } },
{ "type": "Feature", "properties": { "ID": 2152101110008, "正式名称": "有限会社ひまわり調剤薬局", "機関区分": 5, "都道府県コード": 21, "市区町村コード": 220, "所在地": "岐阜県下呂市小川２５７－１", "緯度": 35.798172, "経度": 137.254273, "url": "https://www.iryou.teikyouseido.mhlw.go.jp/znk-web/juminkanja/S2430/initialize?prefCd=21&kikanCd=2101110008&kikanKbn=5", "url2": "https://www.ainj.co.jp", "内容": "有限会社ひまわり調剤薬局【5:薬局】岐阜県下呂市小川２５７－１" }, "geometry": { "type": "Point", "coordinates": [ 137.254273, 35.798172 ] } },
{ "type": "Feature", "properties": { "ID": 2152101110013, "正式名称": "合資会社　イマエダ薬局", "機関区分": 5, "都道府県コード": 21, "市区町村コード": 220, "所在地": "岐阜県下呂市湯之島８５１－１", "緯度": 35.809518, "経度": 137.241492, "url": "https://www.iryou.teikyouseido.mhlw.go.jp/znk-web/juminkanja/S2430/initialize?prefCd=21&kikanCd=2101110013&kikanKbn=5", "url2": null, "内容": "合資会社　イマエダ薬局【5:薬局】岐阜県下呂市湯之島８５１－１" }, "geometry": { "type": "Point", "coordinates": [ 137.241492, 35.809518 ] } },
{ "type": "Feature", "properties": { "ID": 2152101110015, "正式名称": "Ｖ・ｄｒｕｇ　萩原中央薬局", "機関区分": 5, "都道府県コード": 21, "市区町村コード": 220, "所在地": "岐阜県下呂市萩原町花池字１７７－３", "緯度": 35.863336, "経度": 137.226444, "url": "https://www.iryou.teikyouseido.mhlw.go.jp/znk-web/juminkanja/S2430/initialize?prefCd=21&kikanCd=2101110015&kikanKbn=5", "url2": "https://www.vdrug.co.jp/", "内容": "Ｖ・ｄｒｕｇ　萩原中央薬局【5:薬局】岐阜県下呂市萩原町花池字１７７－３" }, "geometry": { "type": "Point", "coordinates": [ 137.226444, 35.863336 ] } },
{ "type": "Feature", "properties": { "ID": 2152101110017, "正式名称": "有限会社齋藤薬局", "機関区分": 5, "都道府県コード": 21, "市区町村コード": 220, "所在地": "岐阜県下呂市森９７９ー３７", "緯度": 35.804567, "経度": 137.243873, "url": "https://www.iryou.teikyouseido.mhlw.go.jp/znk-web/juminkanja/S2430/initialize?prefCd=21&kikanCd=2101110017&kikanKbn=5", "url2": null, "内容": "有限会社齋藤薬局【5:薬局】岐阜県下呂市森９７９ー３７" }, "geometry": { "type": "Point", "coordinates": [ 137.243873, 35.804567 ] } },
{ "type": "Feature", "properties": { "ID": 2152101110022, "正式名称": "株式会社鍵屋永田薬局", "機関区分": 5, "都道府県コード": 21, "市区町村コード": 220, "所在地": "岐阜県下呂市金山町下原町", "緯度": 35.668296, "経度": 137.161802, "url": "https://www.iryou.teikyouseido.mhlw.go.jp/znk-web/juminkanja/S2430/initialize?prefCd=21&kikanCd=2101110022&kikanKbn=5", "url2": "https://www.kusurinomadoguti.com/", "内容": "株式会社鍵屋永田薬局【5:薬局】岐阜県下呂市金山町下原町" }, "geometry": { "type": "Point", "coordinates": [ 137.161802, 35.668296 ] } },
{ "type": "Feature", "properties": { "ID": 2152101110023, "正式名称": "花池調剤薬局", "機関区分": 5, "都道府県コード": 21, "市区町村コード": 220, "所在地": "岐阜県下呂市萩原町花池１９－６", "緯度": 35.860732, "経度": 137.22326, "url": "https://www.iryou.teikyouseido.mhlw.go.jp/znk-web/juminkanja/S2430/initialize?prefCd=21&kikanCd=2101110023&kikanKbn=5", "url2": "https://univcolt.com", "内容": "花池調剤薬局【5:薬局】岐阜県下呂市萩原町花池１９－６" }, "geometry": { "type": "Point", "coordinates": [ 137.22326, 35.860732 ] } },
{ "type": "Feature", "properties": { "ID": 2152101110024, "正式名称": "下呂薬局", "機関区分": 5, "都道府県コード": 21, "市区町村コード": 220, "所在地": "岐阜県下呂市森１４１９－３２", "緯度": 35.805316, "経度": 137.246413, "url": "https://www.iryou.teikyouseido.mhlw.go.jp/znk-web/juminkanja/S2430/initialize?prefCd=21&kikanCd=2101110024&kikanKbn=5", "url2": "geroph.wixsite.com/geroph", "内容": "下呂薬局【5:薬局】岐阜県下呂市森１４１９－３２" }, "geometry": { "type": "Point", "coordinates": [ 137.246413, 35.805316 ] } },
{ "type": "Feature", "properties": { "ID": 2152101110028, "正式名称": "井桁屋あさひ薬局", "機関区分": 5, "都道府県コード": 21, "市区町村コード": 220, "所在地": "岐阜県下呂市金山町金山９１９－５", "緯度": 35.668434, "経度": 137.146473, "url": "https://www.iryou.teikyouseido.mhlw.go.jp/znk-web/juminkanja/S2430/initialize?prefCd=21&kikanCd=2101110028&kikanKbn=5", "url2": null, "内容": "井桁屋あさひ薬局【5:薬局】岐阜県下呂市金山町金山９１９－５" }, "geometry": { "type": "Point", "coordinates": [ 137.146473, 35.668434 ] } },
{ "type": "Feature", "properties": { "ID": 2152101110031, "正式名称": "第一薬局　金山店", "機関区分": 5, "都道府県コード": 21, "市区町村コード": 220, "所在地": "岐阜県下呂市金山町金山９７０－１", "緯度": 35.667141, "経度": 137.146854, "url": "https://www.iryou.teikyouseido.mhlw.go.jp/znk-web/juminkanja/S2430/initialize?prefCd=21&kikanCd=2101110031&kikanKbn=5", "url2": null, "内容": "第一薬局　金山店【5:薬局】岐阜県下呂市金山町金山９７０－１" }, "geometry": { "type": "Point", "coordinates": [ 137.146854, 35.667141 ] } },
{ "type": "Feature", "properties": { "ID": 2152101110037, "正式名称": "ユニファーマシーほんまち薬局", "機関区分": 5, "都道府県コード": 21, "市区町村コード": 220, "所在地": "岐阜県下呂市萩原町萩原１３５１－１", "緯度": 35.875627, "経度": 137.209112, "url": "https://www.iryou.teikyouseido.mhlw.go.jp/znk-web/juminkanja/S2430/initialize?prefCd=21&kikanCd=2101110037&kikanKbn=5", "url2": "https://univcolt.com", "内容": "ユニファーマシーほんまち薬局【5:薬局】岐阜県下呂市萩原町萩原１３５１－１" }, "geometry": { "type": "Point", "coordinates": [ 137.209112, 35.875627 ] } },
{ "type": "Feature", "properties": { "ID": 2152101110038, "正式名称": "井桁屋えきまえ薬局", "機関区分": 5, "都道府県コード": 21, "市区町村コード": 220, "所在地": "岐阜県下呂市金山町大船渡５１８ー１４", "緯度": 35.663731, "経度": 137.163782, "url": "https://www.iryou.teikyouseido.mhlw.go.jp/znk-web/juminkanja/S2430/initialize?prefCd=21&kikanCd=2101110038&kikanKbn=5", "url2": null, "内容": "井桁屋えきまえ薬局【5:薬局】岐阜県下呂市金山町大船渡５１８ー１４" }, "geometry": { "type": "Point", "coordinates": [ 137.163782, 35.663731 ] } },
{ "type": "Feature", "properties": { "ID": 2152101110039, "正式名称": "ユニスマイル薬局　萩原店", "機関区分": 5, "都道府県コード": 21, "市区町村コード": 220, "所在地": "岐阜県下呂市萩原町萩原９０５番地", "緯度": 35.870477, "経度": 137.213559, "url": "https://www.iryou.teikyouseido.mhlw.go.jp/znk-web/juminkanja/S2430/initialize?prefCd=21&kikanCd=2101110039&kikanKbn=5", "url2": "https://unismile.co.jp/shop/hagiwara/", "内容": "ユニスマイル薬局　萩原店【5:薬局】岐阜県下呂市萩原町萩原９０５番地" }, "geometry": { "type": "Point", "coordinates": [ 137.213559, 35.870477 ] } },
{ "type": "Feature", "properties": { "ID": 2152101110040, "正式名称": "ユニファーマシーかわにし薬局", "機関区分": 5, "都道府県コード": 21, "市区町村コード": 220, "所在地": "岐阜県下呂市萩原町跡津１１３７－３", "緯度": 35.860535, "経度": 137.219323, "url": "https://www.iryou.teikyouseido.mhlw.go.jp/znk-web/juminkanja/S2430/initialize?prefCd=21&kikanCd=2101110040&kikanKbn=5", "url2": "https://univcolt.com", "内容": "ユニファーマシーかわにし薬局【5:薬局】岐阜県下呂市萩原町跡津１１３７－３" }, "geometry": { "type": "Point", "coordinates": [ 137.219323, 35.860535 ] } },
{ "type": "Feature", "properties": { "ID": 2152101110041, "正式名称": "ユニファーマシーおんせん薬局", "機関区分": 5, "都道府県コード": 21, "市区町村コード": 220, "所在地": "岐阜県下呂市森字上ケ平２３３１－３", "緯度": 35.808181, "経度": 137.251414, "url": "https://www.iryou.teikyouseido.mhlw.go.jp/znk-web/juminkanja/S2430/initialize?prefCd=21&kikanCd=2101110041&kikanKbn=5", "url2": "https://univcolt.com/", "内容": "ユニファーマシーおんせん薬局【5:薬局】岐阜県下呂市森字上ケ平２３３１－３" }, "geometry": { "type": "Point", "coordinates": [ 137.251414, 35.808181 ] } },
{ "type": "Feature", "properties": { "ID": 2152101130168, "正式名称": "かざはな薬局", "機関区分": 5, "都道府県コード": 21, "市区町村コード": 507, "所在地": "岐阜県加茂郡東白川村五加３２１０", "緯度": 35.621114, "経度": 137.287492, "url": "https://www.iryou.teikyouseido.mhlw.go.jp/znk-web/juminkanja/S2430/initialize?prefCd=21&kikanCd=2101130168&kikanKbn=5", "url2": null, "内容": "かざはな薬局【5:薬局】岐阜県加茂郡東白川村五加３２１０" }, "geometry": { "type": "Point", "coordinates": [ 137.287492, 35.621114 ] } },
{ "type": "Feature", "properties": { "ID": 2152101130169, "正式名称": "大手町薬局", "機関区分": 5, "都道府県コード": 21, "市区町村コード": 211, "所在地": "岐阜県美濃加茂市大手町２－３０", "緯度": 35.448171, "経度": 137.019066, "url": "https://www.iryou.teikyouseido.mhlw.go.jp/znk-web/juminkanja/S2430/initialize?prefCd=21&kikanCd=2101130169&kikanKbn=5", "url2": "www.shinko-pharmacy.com", "内容": "大手町薬局【5:薬局】岐阜県美濃加茂市大手町２－３０" }, "geometry": { "type": "Point", "coordinates": [ 137.019066, 35.448171 ] } },
{ "type": "Feature", "properties": { "ID": 2152101130170, "正式名称": "アトム調剤薬局", "機関区分": 5, "都道府県コード": 21, "市区町村コード": 505, "所在地": "岐阜県加茂郡八百津町伊岐津志１５１３", "緯度": 35.465659, "経度": 137.119895, "url": "https://www.iryou.teikyouseido.mhlw.go.jp/znk-web/juminkanja/S2430/initialize?prefCd=21&kikanCd=2101130170&kikanKbn=5", "url2": null, "内容": "アトム調剤薬局【5:薬局】岐阜県加茂郡八百津町伊岐津志１５１３" }, "geometry": { "type": "Point", "coordinates": [ 137.119895, 35.465659 ] } },
{ "type": "Feature", "properties": { "ID": 2152101130172, "正式名称": "ダイケイ薬局", "機関区分": 5, "都道府県コード": 21, "市区町村コード": 214, "所在地": "岐阜県可児市広見１丁目１８－１", "緯度": 35.424935, "経度": 137.060753, "url": "https://www.iryou.teikyouseido.mhlw.go.jp/znk-web/juminkanja/S2430/initialize?prefCd=21&kikanCd=2101130172&kikanKbn=5", "url2": "www.pinokio-pharmacy.jp", "内容": "ダイケイ薬局【5:薬局】岐阜県可児市広見１丁目１８－１" }, "geometry": { "type": "Point", "coordinates": [ 137.060753, 35.424935 ] } },
{ "type": "Feature", "properties": { "ID": 2152101130173, "正式名称": "Ｖ・ｄｒｕｇ　可児土田薬局", "機関区分": 5, "都道府県コード": 21, "市区町村コード": 214, "所在地": "岐阜県可児市土田字富士ノ井５２６１番地１", "緯度": 35.42302, "経度": 137.018679, "url": "https://www.iryou.teikyouseido.mhlw.go.jp/znk-web/juminkanja/S2430/initialize?prefCd=21&kikanCd=2101130173&kikanKbn=5", "url2": "https//www.vdrug.co.jp", "内容": "Ｖ・ｄｒｕｇ　可児土田薬局【5:薬局】岐阜県可児市土田字富士ノ井５２６１番地１" }, "geometry": { "type": "Point", "coordinates": [ 137.018679, 35.42302 ] } },
{ "type": "Feature", "properties": { "ID": 2152101130174, "正式名称": "クスリのアオキ美濃太田薬局", "機関区分": 5, "都道府県コード": 21, "市区町村コード": 211, "所在地": "岐阜県美濃加茂市太田町１８６０番地２", "緯度": 35.442979, "経度": 137.016279, "url": "https://www.iryou.teikyouseido.mhlw.go.jp/znk-web/juminkanja/S2430/initialize?prefCd=21&kikanCd=2101130174&kikanKbn=5", "url2": "https://www.kusuri-aoki.co.jp/", "内容": "クスリのアオキ美濃太田薬局【5:薬局】岐阜県美濃加茂市太田町１８６０番地２" }, "geometry": { "type": "Point", "coordinates": [ 137.016279, 35.442979 ] } },
{ "type": "Feature", "properties": { "ID": 2152101130175, "正式名称": "ウエルシア薬局可児広見店", "機関区分": 5, "都道府県コード": 21, "市区町村コード": 214, "所在地": "岐阜県可児市広見８１７番地１", "緯度": 35.419119, "経度": 137.063281, "url": "https://www.iryou.teikyouseido.mhlw.go.jp/znk-web/juminkanja/S2430/initialize?prefCd=21&kikanCd=2101130175&kikanKbn=5", "url2": "http://stores.welcia.co.jp/7290D", "内容": "ウエルシア薬局可児広見店【5:薬局】岐阜県可児市広見８１７番地１" }, "geometry": { "type": "Point", "coordinates": [ 137.063281, 35.419119 ] } },
{ "type": "Feature", "properties": { "ID": 2152101130176, "正式名称": "貴船薬局　坂戸店", "機関区分": 5, "都道府県コード": 21, "市区町村コード": 214, "所在地": "岐阜県可児市坂戸８１８", "緯度": 35.416248, "経度": 137.031292, "url": "https://www.iryou.teikyouseido.mhlw.go.jp/znk-web/juminkanja/S2430/initialize?prefCd=21&kikanCd=2101130176&kikanKbn=5", "url2": null, "内容": "貴船薬局　坂戸店【5:薬局】岐阜県可児市坂戸８１８" }, "geometry": { "type": "Point", "coordinates": [ 137.031292, 35.416248 ] } },
{ "type": "Feature", "properties": { "ID": 2152101130177, "正式名称": "ピノキオ薬局　広見店", "機関区分": 5, "都道府県コード": 21, "市区町村コード": 214, "所在地": "岐阜県可児市広見１丁目２３番地１", "緯度": 35.424811, "経度": 137.060568, "url": "https://www.iryou.teikyouseido.mhlw.go.jp/znk-web/juminkanja/S2430/initialize?prefCd=21&kikanCd=2101130177&kikanKbn=5", "url2": "http://www.pinokio-pharcy.jp", "内容": "ピノキオ薬局　広見店【5:薬局】岐阜県可児市広見１丁目２３番地１" }, "geometry": { "type": "Point", "coordinates": [ 137.060568, 35.424811 ] } },
{ "type": "Feature", "properties": { "ID": 2152101130178, "正式名称": "ハーブ調剤薬局　坂戸店", "機関区分": 5, "都道府県コード": 21, "市区町村コード": 214, "所在地": "岐阜県可児市坂戸字前田５９９－１", "緯度": 35.416205, "経度": 137.034383, "url": "https://www.iryou.teikyouseido.mhlw.go.jp/znk-web/juminkanja/S2430/initialize?prefCd=21&kikanCd=2101130178&kikanKbn=5", "url2": null, "内容": "ハーブ調剤薬局　坂戸店【5:薬局】岐阜県可児市坂戸字前田５９９－１" }, "geometry": { "type": "Point", "coordinates": [ 137.034383, 35.416205 ] } },
{ "type": "Feature", "properties": { "ID": 2152101130179, "正式名称": "クスリのアオキ下恵土薬局", "機関区分": 5, "都道府県コード": 21, "市区町村コード": 214, "所在地": "岐阜県可児市下恵土８５９番地１", "緯度": 35.428037, "経度": 137.049607, "url": "https://www.iryou.teikyouseido.mhlw.go.jp/znk-web/juminkanja/S2430/initialize?prefCd=21&kikanCd=2101130179&kikanKbn=5", "url2": "https://www.kusuri-aoki.co.jp/", "内容": "クスリのアオキ下恵土薬局【5:薬局】岐阜県可児市下恵土８５９番地１" }, "geometry": { "type": "Point", "coordinates": [ 137.049607, 35.428037 ] } },
{ "type": "Feature", "properties": { "ID": 2152101130181, "正式名称": "たんぽぽ薬局　中部国際医療センター店", "機関区分": 5, "都道府県コード": 21, "市区町村コード": 211, "所在地": "岐阜県美濃加茂市健康のまち一丁目二番地", "緯度": 35.458081, "経度": 137.016964, "url": "https://www.iryou.teikyouseido.mhlw.go.jp/znk-web/juminkanja/S2430/initialize?prefCd=21&kikanCd=2101130181&kikanKbn=5", "url2": "https://www.tanpopo-ph.co.jp/", "内容": "たんぽぽ薬局　中部国際医療センター店【5:薬局】岐阜県美濃加茂市健康のまち一丁目二番地" }, "geometry": { "type": "Point", "coordinates": [ 137.016964, 35.458081 ] } },
{ "type": "Feature", "properties": { "ID": 2152101130182, "正式名称": "可茂調剤薬局", "機関区分": 5, "都道府県コード": 21, "市区町村コード": 211, "所在地": "岐阜県美濃加茂市中部台二丁目１－１３", "緯度": 35.458432, "経度": 137.01789, "url": "https://www.iryou.teikyouseido.mhlw.go.jp/znk-web/juminkanja/S2430/initialize?prefCd=21&kikanCd=2101130182&kikanKbn=5", "url2": null, "内容": "可茂調剤薬局【5:薬局】岐阜県美濃加茂市中部台二丁目１－１３" }, "geometry": { "type": "Point", "coordinates": [ 137.01789, 35.458432 ] } },
{ "type": "Feature", "properties": { "ID": 2152101130183, "正式名称": "いるか調剤薬局　下米田店", "機関区分": 5, "都道府県コード": 21, "市区町村コード": 211, "所在地": "岐阜県美濃加茂市下米田町今１３３－３", "緯度": 35.460777, "経度": 137.060705, "url": "https://www.iryou.teikyouseido.mhlw.go.jp/znk-web/juminkanja/S2430/initialize?prefCd=21&kikanCd=2101130183&kikanKbn=5", "url2": null, "内容": "いるか調剤薬局　下米田店【5:薬局】岐阜県美濃加茂市下米田町今１３３－３" }, "geometry": { "type": "Point", "coordinates": [ 137.060705, 35.460777 ] } },
{ "type": "Feature", "properties": { "ID": 2152101130184, "正式名称": "Ｖ・ｄｒｕｇ　七宗薬局", "機関区分": 5, "都道府県コード": 21, "市区町村コード": 504, "所在地": "岐阜県加茂郡七宗町上麻生字渡合２１６１－１", "緯度": 35.575115, "経度": 137.145959, "url": "https://www.iryou.teikyouseido.mhlw.go.jp/znk-web/juminkanja/S2430/initialize?prefCd=21&kikanCd=2101130184&kikanKbn=5", "url2": "https://www.vdrug.co.jp/", "内容": "Ｖ・ｄｒｕｇ　七宗薬局【5:薬局】岐阜県加茂郡七宗町上麻生字渡合２１６１－１" }, "geometry": { "type": "Point", "coordinates": [ 137.145959, 35.575115 ] } },
{ "type": "Feature", "properties": { "ID": 2152101130185, "正式名称": "クスリのアオキ広見薬局", "機関区分": 5, "都道府県コード": 21, "市区町村コード": 214, "所在地": "岐阜県可児市広見１２４８番地", "緯度": 35.417084, "経度": 137.067651, "url": "https://www.iryou.teikyouseido.mhlw.go.jp/znk-web/juminkanja/S2430/initialize?prefCd=21&kikanCd=2101130185&kikanKbn=5", "url2": "https://www.kusuri-aoki.co.jp/", "内容": "クスリのアオキ広見薬局【5:薬局】岐阜県可児市広見１２４８番地" }, "geometry": { "type": "Point", "coordinates": [ 137.067651, 35.417084 ] } },
{ "type": "Feature", "properties": { "ID": 2152101130186, "正式名称": "クスリのアオキ皐ケ丘薬局", "機関区分": 5, "都道府県コード": 21, "市区町村コード": 214, "所在地": "岐阜県可児市皐ケ丘１丁目１番地２", "緯度": 35.481433, "経度": 136.921268, "url": "https://www.iryou.teikyouseido.mhlw.go.jp/znk-web/juminkanja/S2430/initialize?prefCd=21&kikanCd=2101130186&kikanKbn=5", "url2": "https://www.kusuri-aoki.co.jp/", "内容": "クスリのアオキ皐ケ丘薬局【5:薬局】岐阜県可児市皐ケ丘１丁目１番地２" }, "geometry": { "type": "Point", "coordinates": [ 136.921268, 35.481433 ] } },
{ "type": "Feature", "properties": { "ID": 2152101130187, "正式名称": "くまさん薬局", "機関区分": 5, "都道府県コード": 21, "市区町村コード": 214, "所在地": "岐阜県可児市下恵土３０４ー３", "緯度": 35.426739, "経度": 137.056851, "url": "https://www.iryou.teikyouseido.mhlw.go.jp/znk-web/juminkanja/S2430/initialize?prefCd=21&kikanCd=2101130187&kikanKbn=5", "url2": "https://www.shinko-pharmacy.com/", "内容": "くまさん薬局【5:薬局】岐阜県可児市下恵土３０４ー３" }, "geometry": { "type": "Point", "coordinates": [ 137.056851, 35.426739 ] } },
{ "type": "Feature", "properties": { "ID": 2152101130188, "正式名称": "令和調剤薬局", "機関区分": 5, "都道府県コード": 21, "市区町村コード": 211, "所在地": "岐阜県美濃加茂市西町２丁目２７－１", "緯度": 35.446585, "経度": 137.001631, "url": "https://www.iryou.teikyouseido.mhlw.go.jp/znk-web/juminkanja/S2430/initialize?prefCd=21&kikanCd=2101130188&kikanKbn=5", "url2": null, "内容": "令和調剤薬局【5:薬局】岐阜県美濃加茂市西町２丁目２７－１" }, "geometry": { "type": "Point", "coordinates": [ 137.001631, 35.446585 ] } },
{ "type": "Feature", "properties": { "ID": 2152101130189, "正式名称": "看寿堂薬局", "機関区分": 5, "都道府県コード": 21, "市区町村コード": 211, "所在地": "岐阜県美濃加茂市西町５丁目４８番地４", "緯度": 35.4483, "経度": 136.999237, "url": "https://www.iryou.teikyouseido.mhlw.go.jp/znk-web/juminkanja/S2430/initialize?prefCd=21&kikanCd=2101130189&kikanKbn=5", "url2": null, "内容": "看寿堂薬局【5:薬局】岐阜県美濃加茂市西町５丁目４８番地４" }, "geometry": { "type": "Point", "coordinates": [ 136.999237, 35.4483 ] } },
{ "type": "Feature", "properties": { "ID": 2152101130190, "正式名称": "Ｖ・ｄｒｕｇ　可児下恵土薬局", "機関区分": 5, "都道府県コード": 21, "市区町村コード": 214, "所在地": "岐阜県可児市下恵土字宮前５６３７－２", "緯度": 35.419021, "経度": 137.049201, "url": "https://www.iryou.teikyouseido.mhlw.go.jp/znk-web/juminkanja/S2430/initialize?prefCd=21&kikanCd=2101130190&kikanKbn=5", "url2": "https://vdrug.co.jp/pharmacy/", "内容": "Ｖ・ｄｒｕｇ　可児下恵土薬局【5:薬局】岐阜県可児市下恵土字宮前５６３７－２" }, "geometry": { "type": "Point", "coordinates": [ 137.049201, 35.419021 ] } },
{ "type": "Feature", "properties": { "ID": 2152101130191, "正式名称": "しょうなん調剤薬局　富加店", "機関区分": 5, "都道府県コード": 21, "市区町村コード": 502, "所在地": "岐阜県加茂郡富加町羽生字野田１５２８番地２", "緯度": 35.475852, "経度": 136.972793, "url": "https://www.iryou.teikyouseido.mhlw.go.jp/znk-web/juminkanja/S2430/initialize?prefCd=21&kikanCd=2101130191&kikanKbn=5", "url2": "https://syounan-ph.co.jp/", "内容": "しょうなん調剤薬局　富加店【5:薬局】岐阜県加茂郡富加町羽生字野田１５２８番地２" }, "geometry": { "type": "Point", "coordinates": [ 136.972793, 35.475852 ] } },
{ "type": "Feature", "properties": { "ID": 2152101130192, "正式名称": "Ｖ・ｄｒｕｇ　土田緑ヶ丘薬局", "機関区分": 5, "都道府県コード": 21, "市区町村コード": 214, "所在地": "岐阜県可児市土田３５４９－１", "緯度": 35.425348, "経度": 137.014352, "url": "https://www.iryou.teikyouseido.mhlw.go.jp/znk-web/juminkanja/S2430/initialize?prefCd=21&kikanCd=2101130192&kikanKbn=5", "url2": "https://vdrug.co.jp/pharmacy/", "内容": "Ｖ・ｄｒｕｇ　土田緑ヶ丘薬局【5:薬局】岐阜県可児市土田３５４９－１" }, "geometry": { "type": "Point", "coordinates": [ 137.014352, 35.425348 ] } },
{ "type": "Feature", "properties": { "ID": 2152101130193, "正式名称": "Ｖ・ｄｒｕｇ　西可児薬局", "機関区分": 5, "都道府県コード": 21, "市区町村コード": 214, "所在地": "岐阜県可児市帷子新町３丁目６４", "緯度": 35.40184, "経度": 137.009129, "url": "https://www.iryou.teikyouseido.mhlw.go.jp/znk-web/juminkanja/S2430/initialize?prefCd=21&kikanCd=2101130193&kikanKbn=5", "url2": "https://vdrug.co.jp/pharmacy/", "内容": "Ｖ・ｄｒｕｇ　西可児薬局【5:薬局】岐阜県可児市帷子新町３丁目６４" }, "geometry": { "type": "Point", "coordinates": [ 137.009129, 35.40184 ] } },
{ "type": "Feature", "properties": { "ID": 2152101130194, "正式名称": "シンコー薬局　みたけ店", "機関区分": 5, "都道府県コード": 21, "市区町村コード": 521, "所在地": "岐阜県可児郡御嵩町伏見字西町８８８番２", "緯度": 35.438791, "経度": 137.083381, "url": "https://www.iryou.teikyouseido.mhlw.go.jp/znk-web/juminkanja/S2430/initialize?prefCd=21&kikanCd=2101130194&kikanKbn=5", "url2": "https://www.shinko-pharmacy.com/pharmacy/mitake/", "内容": "シンコー薬局　みたけ店【5:薬局】岐阜県可児郡御嵩町伏見字西町８８８番２" }, "geometry": { "type": "Point", "coordinates": [ 137.083381, 35.438791 ] } },
{ "type": "Feature", "properties": { "ID": 2152101130195, "正式名称": "可児かがやき薬局", "機関区分": 5, "都道府県コード": 21, "市区町村コード": 214, "所在地": "岐阜県可児市下恵土字中西８３５番１", "緯度": 35.428378, "経度": 137.04822, "url": "https://www.iryou.teikyouseido.mhlw.go.jp/znk-web/juminkanja/S2430/initialize?prefCd=21&kikanCd=2101130195&kikanKbn=5", "url2": null, "内容": "可児かがやき薬局【5:薬局】岐阜県可児市下恵土字中西８３５番１" }, "geometry": { "type": "Point", "coordinates": [ 137.04822, 35.428378 ] } },
{ "type": "Feature", "properties": { "ID": 2152101130196, "正式名称": "ハロー薬局　白川店", "機関区分": 5, "都道府県コード": 21, "市区町村コード": 506, "所在地": "岐阜県加茂郡白川町坂ノ東字御堂前５７７９番１", "緯度": 35.60316, "経度": 137.16368, "url": "https://www.iryou.teikyouseido.mhlw.go.jp/znk-web/juminkanja/S2430/initialize?prefCd=21&kikanCd=2101130196&kikanKbn=5", "url2": "https://shop.sogo-pharmacy.jp/detail/268/", "内容": "ハロー薬局　白川店【5:薬局】岐阜県加茂郡白川町坂ノ東字御堂前５７７９番１" }, "geometry": { "type": "Point", "coordinates": [ 137.16368, 35.60316 ] } },
{ "type": "Feature", "properties": { "ID": 2152101130197, "正式名称": "あじさい薬局", "機関区分": 5, "都道府県コード": 21, "市区町村コード": 211, "所在地": "岐阜県美濃加茂市太田本町２丁目６番９号", "緯度": 35.437844, "経度": 137.015346, "url": "https://www.iryou.teikyouseido.mhlw.go.jp/znk-web/juminkanja/S2430/initialize?prefCd=21&kikanCd=2101130197&kikanKbn=5", "url2": null, "内容": "あじさい薬局【5:薬局】岐阜県美濃加茂市太田本町２丁目６番９号" }, "geometry": { "type": "Point", "coordinates": [ 137.015346, 35.437844 ] } },
{ "type": "Feature", "properties": { "ID": 2152101130198, "正式名称": "ハーブ調剤薬局　西可児店", "機関区分": 5, "都道府県コード": 21, "市区町村コード": 214, "所在地": "岐阜県可児市帷子新町２－９７フォレスト西可児１０２", "緯度": 35.402816, "経度": 137.010857, "url": "https://www.iryou.teikyouseido.mhlw.go.jp/znk-web/juminkanja/S2430/initialize?prefCd=21&kikanCd=2101130198&kikanKbn=5", "url2": null, "内容": "ハーブ調剤薬局　西可児店【5:薬局】岐阜県可児市帷子新町２－９７フォレスト西可児１０２" }, "geometry": { "type": "Point", "coordinates": [ 137.010857, 35.402816 ] } },
{ "type": "Feature", "properties": { "ID": 2152101130199, "正式名称": "スギ薬局美濃加茂北店", "機関区分": 5, "都道府県コード": 21, "市区町村コード": 211, "所在地": "岐阜県美濃加茂市山手町一丁目１０８番地", "緯度": 35.450106, "経度": 137.018733, "url": "https://www.iryou.teikyouseido.mhlw.go.jp/znk-web/juminkanja/S2430/initialize?prefCd=21&kikanCd=2101130199&kikanKbn=5", "url2": "https://www.drug-sugi.co.jp/", "内容": "スギ薬局美濃加茂北店【5:薬局】岐阜県美濃加茂市山手町一丁目１０８番地" }, "geometry": { "type": "Point", "coordinates": [ 137.018733, 35.450106 ] } }
]
}
