{
"type": "FeatureCollection",
"name": "geo_21_3",
"crs": { "type": "name", "properties": { "name": "urn:ogc:def:crs:OGC:1.3:CRS84" } },
"features": [
{ "type": "Feature", "properties": { "ID": 2131343000956, "正式名称": "篠田歯科医院", "機関区分": 3, "都道府県コード": 21, "市区町村コード": 201, "所在地": "岐阜県岐阜市吉津町２ー２３", "緯度": 35.415492, "経度": 136.761185, "url": "https://www.iryou.teikyouseido.mhlw.go.jp/znk-web/juminkanja/S2430/initialize?prefCd=21&kikanCd=1343000956&kikanKbn=3", "url2": null, "内容": "篠田歯科医院【3:歯科】岐阜県岐阜市吉津町２ー２３" }, "geometry": { "type": "Point", "coordinates": [ 136.761185, 35.415492 ] } },
{ "type": "Feature", "properties": { "ID": 2131343000959, "正式名称": "永田歯科医院", "機関区分": 3, "都道府県コード": 21, "市区町村コード": 201, "所在地": "岐阜県岐阜市美殿町１４", "緯度": 35.419184, "経度": 136.761081, "url": "https://www.iryou.teikyouseido.mhlw.go.jp/znk-web/juminkanja/S2430/initialize?prefCd=21&kikanCd=1343000959&kikanKbn=3", "url2": "http://www.nagata-dc.jp/", "内容": "永田歯科医院【3:歯科】岐阜県岐阜市美殿町１４" }, "geometry": { "type": "Point", "coordinates": [ 136.761081, 35.419184 ] } },
{ "type": "Feature", "properties": { "ID": 2131343000963, "正式名称": "本荘歯科医院", "機関区分": 3, "都道府県コード": 21, "市区町村コード": 201, "所在地": "岐阜県岐阜市鹿島町４ー１１ー４", "緯度": 35.415103, "経度": 136.740101, "url": "https://www.iryou.teikyouseido.mhlw.go.jp/znk-web/juminkanja/S2430/initialize?prefCd=21&kikanCd=1343000963&kikanKbn=3", "url2": "http://www.ha-ppy.net/customer/search/hospital_detail.php?hospital_data_id=17953", "内容": "本荘歯科医院【3:歯科】岐阜県岐阜市鹿島町４ー１１ー４" }, "geometry": { "type": "Point", "coordinates": [ 136.740101, 35.415103 ] } },
{ "type": "Feature", "properties": { "ID": 2131343000965, "正式名称": "馬場歯科医院", "機関区分": 3, "都道府県コード": 21, "市区町村コード": 201, "所在地": "岐阜県岐阜市長住町３ー１１中村ビル２Ｆ", "緯度": 35.412215, "経度": 136.758741, "url": "https://www.iryou.teikyouseido.mhlw.go.jp/znk-web/juminkanja/S2430/initialize?prefCd=21&kikanCd=1343000965&kikanKbn=3", "url2": "http://babadentalclinic.wixsite.com/home", "内容": "馬場歯科医院【3:歯科】岐阜県岐阜市長住町３ー１１中村ビル２Ｆ" }, "geometry": { "type": "Point", "coordinates": [ 136.758741, 35.412215 ] } },
{ "type": "Feature", "properties": { "ID": 2131343000968, "正式名称": "森歯科医院", "機関区分": 3, "都道府県コード": 21, "市区町村コード": 201, "所在地": "岐阜県岐阜市笹土居町３３", "緯度": 35.425488, "経度": 136.764601, "url": "https://www.iryou.teikyouseido.mhlw.go.jp/znk-web/juminkanja/S2430/initialize?prefCd=21&kikanCd=1343000968&kikanKbn=3", "url2": "www.gifu-haisha.com", "内容": "森歯科医院【3:歯科】岐阜県岐阜市笹土居町３３" }, "geometry": { "type": "Point", "coordinates": [ 136.764601, 35.425488 ] } },
{ "type": "Feature", "properties": { "ID": 2131343000972, "正式名称": "武藤歯科医院", "機関区分": 3, "都道府県コード": 21, "市区町村コード": 201, "所在地": "岐阜県岐阜市菅原町１ー５", "緯度": 35.42255, "経度": 136.755832, "url": "https://www.iryou.teikyouseido.mhlw.go.jp/znk-web/juminkanja/S2430/initialize?prefCd=21&kikanCd=1343000972&kikanKbn=3", "url2": null, "内容": "武藤歯科医院【3:歯科】岐阜県岐阜市菅原町１ー５" }, "geometry": { "type": "Point", "coordinates": [ 136.755832, 35.42255 ] } },
{ "type": "Feature", "properties": { "ID": 2131343000974, "正式名称": "横山歯科医院", "機関区分": 3, "都道府県コード": 21, "市区町村コード": 201, "所在地": "岐阜県岐阜市真砂町８ー１５", "緯度": 35.418323, "経度": 136.752378, "url": "https://www.iryou.teikyouseido.mhlw.go.jp/znk-web/juminkanja/S2430/initialize?prefCd=21&kikanCd=1343000974&kikanKbn=3", "url2": "https://yokoyama-dental-gifu.com", "内容": "横山歯科医院【3:歯科】岐阜県岐阜市真砂町８ー１５" }, "geometry": { "type": "Point", "coordinates": [ 136.752378, 35.418323 ] } },
{ "type": "Feature", "properties": { "ID": 2131343000977, "正式名称": "まなべ歯科クリニック", "機関区分": 3, "都道府県コード": 21, "市区町村コード": 201, "所在地": "岐阜県岐阜市鏡島南１ー１１ー１５", "緯度": 35.407026, "経度": 136.71489, "url": "https://www.iryou.teikyouseido.mhlw.go.jp/znk-web/juminkanja/S2430/initialize?prefCd=21&kikanCd=1343000977&kikanKbn=3", "url2": "http://www.manabe-dc.jp/", "内容": "まなべ歯科クリニック【3:歯科】岐阜県岐阜市鏡島南１ー１１ー１５" }, "geometry": { "type": "Point", "coordinates": [ 136.71489, 35.407026 ] } },
{ "type": "Feature", "properties": { "ID": 2131343000978, "正式名称": "西杉歯科", "機関区分": 3, "都道府県コード": 21, "市区町村コード": 201, "所在地": "岐阜県岐阜市金町３ー９ー６溝口ビル３０６号", "緯度": 35.419105, "経度": 136.756726, "url": "https://www.iryou.teikyouseido.mhlw.go.jp/znk-web/juminkanja/S2430/initialize?prefCd=21&kikanCd=1343000978&kikanKbn=3", "url2": null, "内容": "西杉歯科【3:歯科】岐阜県岐阜市金町３ー９ー６溝口ビル３０６号" }, "geometry": { "type": "Point", "coordinates": [ 136.756726, 35.419105 ] } },
{ "type": "Feature", "properties": { "ID": 2131343000982, "正式名称": "郷歯科医院", "機関区分": 3, "都道府県コード": 21, "市区町村コード": 201, "所在地": "岐阜県岐阜市鶴舞町１ー１９ー１", "緯度": 35.415105, "経度": 136.769662, "url": "https://www.iryou.teikyouseido.mhlw.go.jp/znk-web/juminkanja/S2430/initialize?prefCd=21&kikanCd=1343000982&kikanKbn=3", "url2": null, "内容": "郷歯科医院【3:歯科】岐阜県岐阜市鶴舞町１ー１９ー１" }, "geometry": { "type": "Point", "coordinates": [ 136.769662, 35.415105 ] } },
{ "type": "Feature", "properties": { "ID": 2131343000985, "正式名称": "水川歯科", "機関区分": 3, "都道府県コード": 21, "市区町村コード": 201, "所在地": "岐阜県岐阜市徹明通５ー２５", "緯度": 35.417721, "経度": 136.75119, "url": "https://www.iryou.teikyouseido.mhlw.go.jp/znk-web/juminkanja/S2430/initialize?prefCd=21&kikanCd=1343000985&kikanKbn=3", "url2": "http://www.mizukawa-shika.jp/", "内容": "水川歯科【3:歯科】岐阜県岐阜市徹明通５ー２５" }, "geometry": { "type": "Point", "coordinates": [ 136.75119, 35.417721 ] } },
{ "type": "Feature", "properties": { "ID": 2131343000987, "正式名称": "医療法人社団　兌平会　秋田歯科医院", "機関区分": 3, "都道府県コード": 21, "市区町村コード": 201, "所在地": "岐阜県岐阜市元住町４", "緯度": 35.413328, "経度": 136.762538, "url": "https://www.iryou.teikyouseido.mhlw.go.jp/znk-web/juminkanja/S2430/initialize?prefCd=21&kikanCd=1343000987&kikanKbn=3", "url2": null, "内容": "医療法人社団　兌平会　秋田歯科医院【3:歯科】岐阜県岐阜市元住町４" }, "geometry": { "type": "Point", "coordinates": [ 136.762538, 35.413328 ] } },
{ "type": "Feature", "properties": { "ID": 2131343000991, "正式名称": "坂井歯科医院", "機関区分": 3, "都道府県コード": 21, "市区町村コード": 201, "所在地": "岐阜県岐阜市室津町１－１０", "緯度": 35.413528, "経度": 136.750831, "url": "https://www.iryou.teikyouseido.mhlw.go.jp/znk-web/juminkanja/S2430/initialize?prefCd=21&kikanCd=1343000991&kikanKbn=3", "url2": "http://sakai-dental.main.jp/", "内容": "坂井歯科医院【3:歯科】岐阜県岐阜市室津町１－１０" }, "geometry": { "type": "Point", "coordinates": [ 136.750831, 35.413528 ] } },
{ "type": "Feature", "properties": { "ID": 2131343000994, "正式名称": "横森歯科医院", "機関区分": 3, "都道府県コード": 21, "市区町村コード": 201, "所在地": "岐阜県岐阜市本郷町２ー１０ヒカリビル２Ｆ　２０１号", "緯度": 35.421658, "経度": 136.750107, "url": "https://www.iryou.teikyouseido.mhlw.go.jp/znk-web/juminkanja/S2430/initialize?prefCd=21&kikanCd=1343000994&kikanKbn=3", "url2": null, "内容": "横森歯科医院【3:歯科】岐阜県岐阜市本郷町２ー１０ヒカリビル２Ｆ　２０１号" }, "geometry": { "type": "Point", "coordinates": [ 136.750107, 35.421658 ] } },
{ "type": "Feature", "properties": { "ID": 2131343000997, "正式名称": "沢田歯科医院", "機関区分": 3, "都道府県コード": 21, "市区町村コード": 201, "所在地": "岐阜県岐阜市長森本町１ー２２ー２４", "緯度": 35.418743, "経度": 136.798236, "url": "https://www.iryou.teikyouseido.mhlw.go.jp/znk-web/juminkanja/S2430/initialize?prefCd=21&kikanCd=1343000997&kikanKbn=3", "url2": "http://www.dc-sawada.com/", "内容": "沢田歯科医院【3:歯科】岐阜県岐阜市長森本町１ー２２ー２４" }, "geometry": { "type": "Point", "coordinates": [ 136.798236, 35.418743 ] } },
{ "type": "Feature", "properties": { "ID": 2131343000998, "正式名称": "尾山歯科", "機関区分": 3, "都道府県コード": 21, "市区町村コード": 201, "所在地": "岐阜県岐阜市柳川町３４", "緯度": 35.418556, "経度": 136.75178, "url": "https://www.iryou.teikyouseido.mhlw.go.jp/znk-web/juminkanja/S2430/initialize?prefCd=21&kikanCd=1343000998&kikanKbn=3", "url2": null, "内容": "尾山歯科【3:歯科】岐阜県岐阜市柳川町３４" }, "geometry": { "type": "Point", "coordinates": [ 136.75178, 35.418556 ] } },
{ "type": "Feature", "properties": { "ID": 2131343000999, "正式名称": "高木歯科医院", "機関区分": 3, "都道府県コード": 21, "市区町村コード": 201, "所在地": "岐阜県岐阜市若宮町５ー２３", "緯度": 35.420197, "経度": 136.757682, "url": "https://www.iryou.teikyouseido.mhlw.go.jp/znk-web/juminkanja/S2430/initialize?prefCd=21&kikanCd=1343000999&kikanKbn=3", "url2": null, "内容": "高木歯科医院【3:歯科】岐阜県岐阜市若宮町５ー２３" }, "geometry": { "type": "Point", "coordinates": [ 136.757682, 35.420197 ] } },
{ "type": "Feature", "properties": { "ID": 2131343001001, "正式名称": "築山歯科医院", "機関区分": 3, "都道府県コード": 21, "市区町村コード": 201, "所在地": "岐阜県岐阜市戎町２ー６ー１", "緯度": 35.412562, "経度": 136.775378, "url": "https://www.iryou.teikyouseido.mhlw.go.jp/znk-web/juminkanja/S2430/initialize?prefCd=21&kikanCd=1343001001&kikanKbn=3", "url2": "https://www.tsukiyama-shika.com/", "内容": "築山歯科医院【3:歯科】岐阜県岐阜市戎町２ー６ー１" }, "geometry": { "type": "Point", "coordinates": [ 136.775378, 35.412562 ] } },
{ "type": "Feature", "properties": { "ID": 2131343001004, "正式名称": "鈴木歯科医院", "機関区分": 3, "都道府県コード": 21, "市区町村コード": 201, "所在地": "岐阜県岐阜市北山一丁目十二番地十七", "緯度": 35.459161, "経度": 136.85322, "url": "https://www.iryou.teikyouseido.mhlw.go.jp/znk-web/juminkanja/S2430/initialize?prefCd=21&kikanCd=1343001004&kikanKbn=3", "url2": null, "内容": "鈴木歯科医院【3:歯科】岐阜県岐阜市北山一丁目十二番地十七" }, "geometry": { "type": "Point", "coordinates": [ 136.85322, 35.459161 ] } },
{ "type": "Feature", "properties": { "ID": 2131343001008, "正式名称": "あそファミリー歯科", "機関区分": 3, "都道府県コード": 21, "市区町村コード": 201, "所在地": "岐阜県岐阜市県町２ー９", "緯度": 35.413847, "経度": 136.760984, "url": "https://www.iryou.teikyouseido.mhlw.go.jp/znk-web/juminkanja/S2430/initialize?prefCd=21&kikanCd=1343001008&kikanKbn=3", "url2": "https://www.asofamily-dc.com", "内容": "あそファミリー歯科【3:歯科】岐阜県岐阜市県町２ー９" }, "geometry": { "type": "Point", "coordinates": [ 136.760984, 35.413847 ] } },
{ "type": "Feature", "properties": { "ID": 2131343001011, "正式名称": "補天堂あおき歯科", "機関区分": 3, "都道府県コード": 21, "市区町村コード": 201, "所在地": "岐阜県岐阜市神田町７ー１ＭＣビル３Ｆ", "緯度": 35.414824, "経度": 136.759956, "url": "https://www.iryou.teikyouseido.mhlw.go.jp/znk-web/juminkanja/S2430/initialize?prefCd=21&kikanCd=1343001011&kikanKbn=3", "url2": "https://www.hotendo-aoki.com/", "内容": "補天堂あおき歯科【3:歯科】岐阜県岐阜市神田町７ー１ＭＣビル３Ｆ" }, "geometry": { "type": "Point", "coordinates": [ 136.759956, 35.414824 ] } },
{ "type": "Feature", "properties": { "ID": 2131343001012, "正式名称": "紺弥歯科医院", "機関区分": 3, "都道府県コード": 21, "市区町村コード": 201, "所在地": "岐阜県岐阜市野一色２ー１２ー１８", "緯度": 35.408151, "経度": 136.802456, "url": "https://www.iryou.teikyouseido.mhlw.go.jp/znk-web/juminkanja/S2430/initialize?prefCd=21&kikanCd=1343001012&kikanKbn=3", "url2": null, "内容": "紺弥歯科医院【3:歯科】岐阜県岐阜市野一色２ー１２ー１８" }, "geometry": { "type": "Point", "coordinates": [ 136.802456, 35.408151 ] } },
{ "type": "Feature", "properties": { "ID": 2131343001015, "正式名称": "中島歯科医院", "機関区分": 3, "都道府県コード": 21, "市区町村コード": 201, "所在地": "岐阜県岐阜市日野東８ー１ー７", "緯度": 35.429645, "経度": 136.816891, "url": "https://www.iryou.teikyouseido.mhlw.go.jp/znk-web/juminkanja/S2430/initialize?prefCd=21&kikanCd=1343001015&kikanKbn=3", "url2": null, "内容": "中島歯科医院【3:歯科】岐阜県岐阜市日野東８ー１ー７" }, "geometry": { "type": "Point", "coordinates": [ 136.816891, 35.429645 ] } },
{ "type": "Feature", "properties": { "ID": 2131343001017, "正式名称": "丸山歯科", "機関区分": 3, "都道府県コード": 21, "市区町村コード": 201, "所在地": "岐阜県岐阜市岩田西１ー３７０", "緯度": 35.440201, "経度": 136.833332, "url": "https://www.iryou.teikyouseido.mhlw.go.jp/znk-web/juminkanja/S2430/initialize?prefCd=21&kikanCd=1343001017&kikanKbn=3", "url2": null, "内容": "丸山歯科【3:歯科】岐阜県岐阜市岩田西１ー３７０" }, "geometry": { "type": "Point", "coordinates": [ 136.833332, 35.440201 ] } },
{ "type": "Feature", "properties": { "ID": 2131343001018, "正式名称": "朝日大学ＰＤＩ岐阜歯科診療所", "機関区分": 3, "都道府県コード": 21, "市区町村コード": 201, "所在地": "岐阜県岐阜市都通５ー１５", "緯度": 35.413716, "経度": 136.746381, "url": "https://www.iryou.teikyouseido.mhlw.go.jp/znk-web/juminkanja/S2430/initialize?prefCd=21&kikanCd=1343001018&kikanKbn=3", "url2": "http://www.asahi-pdi.com/", "内容": "朝日大学ＰＤＩ岐阜歯科診療所【3:歯科】岐阜県岐阜市都通５ー１５" }, "geometry": { "type": "Point", "coordinates": [ 136.746381, 35.413716 ] } },
{ "type": "Feature", "properties": { "ID": 2131343001019, "正式名称": "浅井矯正歯科", "機関区分": 3, "都道府県コード": 21, "市区町村コード": 201, "所在地": "岐阜県岐阜市神田町８ー９白木ビル７Ｆ", "緯度": 35.412337, "経度": 136.759777, "url": "https://www.iryou.teikyouseido.mhlw.go.jp/znk-web/juminkanja/S2430/initialize?prefCd=21&kikanCd=1343001019&kikanKbn=3", "url2": "http://www.asai-kyousei.com", "内容": "浅井矯正歯科【3:歯科】岐阜県岐阜市神田町８ー９白木ビル７Ｆ" }, "geometry": { "type": "Point", "coordinates": [ 136.759777, 35.412337 ] } },
{ "type": "Feature", "properties": { "ID": 2131343001020, "正式名称": "サン新妻デンタルクリニック", "機関区分": 3, "都道府県コード": 21, "市区町村コード": 201, "所在地": "岐阜県岐阜市本町１ー１４", "緯度": 35.432219, "経度": 136.768667, "url": "https://www.iryou.teikyouseido.mhlw.go.jp/znk-web/juminkanja/S2430/initialize?prefCd=21&kikanCd=1343001020&kikanKbn=3", "url2": null, "内容": "サン新妻デンタルクリニック【3:歯科】岐阜県岐阜市本町１ー１４" }, "geometry": { "type": "Point", "coordinates": [ 136.768667, 35.432219 ] } },
{ "type": "Feature", "properties": { "ID": 2131343001022, "正式名称": "河村歯科医院", "機関区分": 3, "都道府県コード": 21, "市区町村コード": 201, "所在地": "岐阜県岐阜市早田栄町４ー２１", "緯度": 35.43604, "経度": 136.757598, "url": "https://www.iryou.teikyouseido.mhlw.go.jp/znk-web/juminkanja/S2430/initialize?prefCd=21&kikanCd=1343001022&kikanKbn=3", "url2": "http://kam-dc.com/", "内容": "河村歯科医院【3:歯科】岐阜県岐阜市早田栄町４ー２１" }, "geometry": { "type": "Point", "coordinates": [ 136.757598, 35.43604 ] } },
{ "type": "Feature", "properties": { "ID": 2131343001024, "正式名称": "医療法人ザ・ライフ　国島歯科", "機関区分": 3, "都道府県コード": 21, "市区町村コード": 201, "所在地": "岐阜県岐阜市末広町２６", "緯度": 35.430052, "経度": 136.768191, "url": "https://www.iryou.teikyouseido.mhlw.go.jp/znk-web/juminkanja/S2430/initialize?prefCd=21&kikanCd=1343001024&kikanKbn=3", "url2": "http://www.makochan-smile.com", "内容": "医療法人ザ・ライフ　国島歯科【3:歯科】岐阜県岐阜市末広町２６" }, "geometry": { "type": "Point", "coordinates": [ 136.768191, 35.430052 ] } },
{ "type": "Feature", "properties": { "ID": 2131343001026, "正式名称": "松岡歯科", "機関区分": 3, "都道府県コード": 21, "市区町村コード": 201, "所在地": "岐阜県岐阜市金園町７ー１６", "緯度": 35.416696, "経度": 136.771648, "url": "https://www.iryou.teikyouseido.mhlw.go.jp/znk-web/juminkanja/S2430/initialize?prefCd=21&kikanCd=1343001026&kikanKbn=3", "url2": null, "内容": "松岡歯科【3:歯科】岐阜県岐阜市金園町７ー１６" }, "geometry": { "type": "Point", "coordinates": [ 136.771648, 35.416696 ] } },
{ "type": "Feature", "properties": { "ID": 2131343001028, "正式名称": "城西歯科", "機関区分": 3, "都道府県コード": 21, "市区町村コード": 201, "所在地": "岐阜県岐阜市大福町５ー４４ー１", "緯度": 35.436657, "経度": 136.737705, "url": "https://www.iryou.teikyouseido.mhlw.go.jp/znk-web/juminkanja/S2430/initialize?prefCd=21&kikanCd=1343001028&kikanKbn=3", "url2": "http://jousei-dental.com/", "内容": "城西歯科【3:歯科】岐阜県岐阜市大福町５ー４４ー１" }, "geometry": { "type": "Point", "coordinates": [ 136.737705, 35.436657 ] } },
{ "type": "Feature", "properties": { "ID": 2131343001030, "正式名称": "楠歯科医院", "機関区分": 3, "都道府県コード": 21, "市区町村コード": 201, "所在地": "岐阜県岐阜市鏡島２８６４ー２", "緯度": 35.412826, "経度": 136.727645, "url": "https://www.iryou.teikyouseido.mhlw.go.jp/znk-web/juminkanja/S2430/initialize?prefCd=21&kikanCd=1343001030&kikanKbn=3", "url2": null, "内容": "楠歯科医院【3:歯科】岐阜県岐阜市鏡島２８６４ー２" }, "geometry": { "type": "Point", "coordinates": [ 136.727645, 35.412826 ] } },
{ "type": "Feature", "properties": { "ID": 2131343001031, "正式名称": "三島歯科医院", "機関区分": 3, "都道府県コード": 21, "市区町村コード": 201, "所在地": "岐阜県岐阜市岩田東３ー３６５", "緯度": 35.442, "経度": 136.837975, "url": "https://www.iryou.teikyouseido.mhlw.go.jp/znk-web/juminkanja/S2430/initialize?prefCd=21&kikanCd=1343001031&kikanKbn=3", "url2": "http://mishima8020.jp", "内容": "三島歯科医院【3:歯科】岐阜県岐阜市岩田東３ー３６５" }, "geometry": { "type": "Point", "coordinates": [ 136.837975, 35.442 ] } },
{ "type": "Feature", "properties": { "ID": 2131343001034, "正式名称": "医療法人社団　一陽会　正村歯科医院", "機関区分": 3, "都道府県コード": 21, "市区町村コード": 201, "所在地": "岐阜県岐阜市加野５丁目１番１号", "緯度": 35.463409, "経度": 136.824544, "url": "https://www.iryou.teikyouseido.mhlw.go.jp/znk-web/juminkanja/S2430/initialize?prefCd=21&kikanCd=1343001034&kikanKbn=3", "url2": null, "内容": "医療法人社団　一陽会　正村歯科医院【3:歯科】岐阜県岐阜市加野５丁目１番１号" }, "geometry": { "type": "Point", "coordinates": [ 136.824544, 35.463409 ] } },
{ "type": "Feature", "properties": { "ID": 2131343001040, "正式名称": "浜田歯科", "機関区分": 3, "都道府県コード": 21, "市区町村コード": 201, "所在地": "岐阜県岐阜市則武中３ー２５ー１８", "緯度": 35.444494, "経度": 136.742162, "url": "https://www.iryou.teikyouseido.mhlw.go.jp/znk-web/juminkanja/S2430/initialize?prefCd=21&kikanCd=1343001040&kikanKbn=3", "url2": null, "内容": "浜田歯科【3:歯科】岐阜県岐阜市則武中３ー２５ー１８" }, "geometry": { "type": "Point", "coordinates": [ 136.742162, 35.444494 ] } },
{ "type": "Feature", "properties": { "ID": 2131343001044, "正式名称": "小林歯科", "機関区分": 3, "都道府県コード": 21, "市区町村コード": 201, "所在地": "岐阜県岐阜市琴塚１丁目１７番１７号", "緯度": 35.416958, "経度": 136.808787, "url": "https://www.iryou.teikyouseido.mhlw.go.jp/znk-web/juminkanja/S2430/initialize?prefCd=21&kikanCd=1343001044&kikanKbn=3", "url2": null, "内容": "小林歯科【3:歯科】岐阜県岐阜市琴塚１丁目１７番１７号" }, "geometry": { "type": "Point", "coordinates": [ 136.808787, 35.416958 ] } },
{ "type": "Feature", "properties": { "ID": 2131343001046, "正式名称": "大菅歯科クリニック", "機関区分": 3, "都道府県コード": 21, "市区町村コード": 201, "所在地": "岐阜県岐阜市大菅北１８番１号", "緯度": 35.406209, "経度": 136.708234, "url": "https://www.iryou.teikyouseido.mhlw.go.jp/znk-web/juminkanja/S2430/initialize?prefCd=21&kikanCd=1343001046&kikanKbn=3", "url2": null, "内容": "大菅歯科クリニック【3:歯科】岐阜県岐阜市大菅北１８番１号" }, "geometry": { "type": "Point", "coordinates": [ 136.708234, 35.406209 ] } },
{ "type": "Feature", "properties": { "ID": 2131343001047, "正式名称": "はっとり歯科", "機関区分": 3, "都道府県コード": 21, "市区町村コード": 201, "所在地": "岐阜県岐阜市塩町２丁目１０", "緯度": 35.419684, "経度": 136.782627, "url": "https://www.iryou.teikyouseido.mhlw.go.jp/znk-web/juminkanja/S2430/initialize?prefCd=21&kikanCd=1343001047&kikanKbn=3", "url2": null, "内容": "はっとり歯科【3:歯科】岐阜県岐阜市塩町２丁目１０" }, "geometry": { "type": "Point", "coordinates": [ 136.782627, 35.419684 ] } },
{ "type": "Feature", "properties": { "ID": 2131343001048, "正式名称": "日野歯科医院", "機関区分": 3, "都道府県コード": 21, "市区町村コード": 201, "所在地": "岐阜県岐阜市日野南３ー１０ー５", "緯度": 35.430158, "経度": 136.805482, "url": "https://www.iryou.teikyouseido.mhlw.go.jp/znk-web/juminkanja/S2430/initialize?prefCd=21&kikanCd=1343001048&kikanKbn=3", "url2": "http://hino-dental.net/index.html", "内容": "日野歯科医院【3:歯科】岐阜県岐阜市日野南３ー１０ー５" }, "geometry": { "type": "Point", "coordinates": [ 136.805482, 35.430158 ] } },
{ "type": "Feature", "properties": { "ID": 2131343001049, "正式名称": "松原歯科クリニック", "機関区分": 3, "都道府県コード": 21, "市区町村コード": 201, "所在地": "岐阜県岐阜市栄新町１ー１２", "緯度": 35.436738, "経度": 136.756828, "url": "https://www.iryou.teikyouseido.mhlw.go.jp/znk-web/juminkanja/S2430/initialize?prefCd=21&kikanCd=1343001049&kikanKbn=3", "url2": "http://www.matsubara-dc.jp/", "内容": "松原歯科クリニック【3:歯科】岐阜県岐阜市栄新町１ー１２" }, "geometry": { "type": "Point", "coordinates": [ 136.756828, 35.436738 ] } },
{ "type": "Feature", "properties": { "ID": 2131343001054, "正式名称": "田島歯科医院", "機関区分": 3, "都道府県コード": 21, "市区町村コード": 201, "所在地": "岐阜県岐阜市吉野町５ー１４丸安ビル３Ｆ", "緯度": 35.41103, "経度": 136.757333, "url": "https://www.iryou.teikyouseido.mhlw.go.jp/znk-web/juminkanja/S2430/initialize?prefCd=21&kikanCd=1343001054&kikanKbn=3", "url2": null, "内容": "田島歯科医院【3:歯科】岐阜県岐阜市吉野町５ー１４丸安ビル３Ｆ" }, "geometry": { "type": "Point", "coordinates": [ 136.757333, 35.41103 ] } },
{ "type": "Feature", "properties": { "ID": 2131343001057, "正式名称": "国井歯科医院", "機関区分": 3, "都道府県コード": 21, "市区町村コード": 201, "所在地": "岐阜県岐阜市鏡島辰巳野２９４１", "緯度": 35.415761, "経度": 136.72869, "url": "https://www.iryou.teikyouseido.mhlw.go.jp/znk-web/juminkanja/S2430/initialize?prefCd=21&kikanCd=1343001057&kikanKbn=3", "url2": "http://kuni.dentalmail.jp/", "内容": "国井歯科医院【3:歯科】岐阜県岐阜市鏡島辰巳野２９４１" }, "geometry": { "type": "Point", "coordinates": [ 136.72869, 35.415761 ] } },
{ "type": "Feature", "properties": { "ID": 2131343001059, "正式名称": "岡田歯科", "機関区分": 3, "都道府県コード": 21, "市区町村コード": 201, "所在地": "岐阜県岐阜市西野町６－１－１", "緯度": 35.424997, "経度": 136.75117, "url": "https://www.iryou.teikyouseido.mhlw.go.jp/znk-web/juminkanja/S2430/initialize?prefCd=21&kikanCd=1343001059&kikanKbn=3", "url2": "https://okada-d.jimdofree.com/", "内容": "岡田歯科【3:歯科】岐阜県岐阜市西野町６－１－１" }, "geometry": { "type": "Point", "coordinates": [ 136.75117, 35.424997 ] } },
{ "type": "Feature", "properties": { "ID": 2131343001060, "正式名称": "岩田歯科医院", "機関区分": 3, "都道府県コード": 21, "市区町村コード": 201, "所在地": "岐阜県岐阜市大字東島３ー１ー１２", "緯度": 35.425376, "経度": 136.734516, "url": "https://www.iryou.teikyouseido.mhlw.go.jp/znk-web/juminkanja/S2430/initialize?prefCd=21&kikanCd=1343001060&kikanKbn=3", "url2": null, "内容": "岩田歯科医院【3:歯科】岐阜県岐阜市大字東島３ー１ー１２" }, "geometry": { "type": "Point", "coordinates": [ 136.734516, 35.425376 ] } },
{ "type": "Feature", "properties": { "ID": 2131343001061, "正式名称": "松波歯科医院", "機関区分": 3, "都道府県コード": 21, "市区町村コード": 201, "所在地": "岐阜県岐阜市吉野町５丁目１６番地Ｍビル７階", "緯度": 35.410956, "経度": 136.757091, "url": "https://www.iryou.teikyouseido.mhlw.go.jp/znk-web/juminkanja/S2430/initialize?prefCd=21&kikanCd=1343001061&kikanKbn=3", "url2": null, "内容": "松波歯科医院【3:歯科】岐阜県岐阜市吉野町５丁目１６番地Ｍビル７階" }, "geometry": { "type": "Point", "coordinates": [ 136.757091, 35.410956 ] } },
{ "type": "Feature", "properties": { "ID": 2131343001062, "正式名称": "たかはし歯科医院", "機関区分": 3, "都道府県コード": 21, "市区町村コード": 201, "所在地": "岐阜県岐阜市則武西１－２－１５", "緯度": 35.440774, "経度": 136.738199, "url": "https://www.iryou.teikyouseido.mhlw.go.jp/znk-web/juminkanja/S2430/initialize?prefCd=21&kikanCd=1343001062&kikanKbn=3", "url2": null, "内容": "たかはし歯科医院【3:歯科】岐阜県岐阜市則武西１－２－１５" }, "geometry": { "type": "Point", "coordinates": [ 136.738199, 35.440774 ] } },
{ "type": "Feature", "properties": { "ID": 2131343001064, "正式名称": "田中歯科医院", "機関区分": 3, "都道府県コード": 21, "市区町村コード": 201, "所在地": "岐阜県岐阜市大福町５丁目２７ー２", "緯度": 35.435883, "経度": 136.740958, "url": "https://www.iryou.teikyouseido.mhlw.go.jp/znk-web/juminkanja/S2430/initialize?prefCd=21&kikanCd=1343001064&kikanKbn=3", "url2": null, "内容": "田中歯科医院【3:歯科】岐阜県岐阜市大福町５丁目２７ー２" }, "geometry": { "type": "Point", "coordinates": [ 136.740958, 35.435883 ] } },
{ "type": "Feature", "properties": { "ID": 2131343001065, "正式名称": "まつの歯科", "機関区分": 3, "都道府県コード": 21, "市区町村コード": 201, "所在地": "岐阜県岐阜市岩地４ー９ー２０", "緯度": 35.403025, "経度": 136.808387, "url": "https://www.iryou.teikyouseido.mhlw.go.jp/znk-web/juminkanja/S2430/initialize?prefCd=21&kikanCd=1343001065&kikanKbn=3", "url2": null, "内容": "まつの歯科【3:歯科】岐阜県岐阜市岩地４ー９ー２０" }, "geometry": { "type": "Point", "coordinates": [ 136.808387, 35.403025 ] } },
{ "type": "Feature", "properties": { "ID": 2131343001066, "正式名称": "かいさき歯科芥見", "機関区分": 3, "都道府県コード": 21, "市区町村コード": 201, "所在地": "岐阜県岐阜市芥見大般若", "緯度": 35.437517, "経度": 136.844471, "url": "https://www.iryou.teikyouseido.mhlw.go.jp/znk-web/juminkanja/S2430/initialize?prefCd=21&kikanCd=1343001066&kikanKbn=3", "url2": "http://www.sanwa-dental.com/smiledoctor/o_gihu/kaisaki_shika.html", "内容": "かいさき歯科芥見【3:歯科】岐阜県岐阜市芥見大般若" }, "geometry": { "type": "Point", "coordinates": [ 136.844471, 35.437517 ] } },
{ "type": "Feature", "properties": { "ID": 2131343001068, "正式名称": "上杉歯科", "機関区分": 3, "都道府県コード": 21, "市区町村コード": 201, "所在地": "岐阜県岐阜市北野町９", "緯度": 35.426932, "経度": 136.7524, "url": "https://www.iryou.teikyouseido.mhlw.go.jp/znk-web/juminkanja/S2430/initialize?prefCd=21&kikanCd=1343001068&kikanKbn=3", "url2": null, "内容": "上杉歯科【3:歯科】岐阜県岐阜市北野町９" }, "geometry": { "type": "Point", "coordinates": [ 136.7524, 35.426932 ] } },
{ "type": "Feature", "properties": { "ID": 2131343001072, "正式名称": "タカサゴファミリア歯科", "機関区分": 3, "都道府県コード": 21, "市区町村コード": 201, "所在地": "岐阜県岐阜市高砂町１−２", "緯度": 35.410183, "経度": 136.758832, "url": "https://www.iryou.teikyouseido.mhlw.go.jp/znk-web/juminkanja/S2430/initialize?prefCd=21&kikanCd=1343001072&kikanKbn=3", "url2": "http://www.takasago-dc.com", "内容": "タカサゴファミリア歯科【3:歯科】岐阜県岐阜市高砂町１−２" }, "geometry": { "type": "Point", "coordinates": [ 136.758832, 35.410183 ] } },
{ "type": "Feature", "properties": { "ID": 2131343001073, "正式名称": "いいだ歯科", "機関区分": 3, "都道府県コード": 21, "市区町村コード": 201, "所在地": "岐阜県岐阜市本荘２９４４", "緯度": 35.409987, "経度": 136.736547, "url": "https://www.iryou.teikyouseido.mhlw.go.jp/znk-web/juminkanja/S2430/initialize?prefCd=21&kikanCd=1343001073&kikanKbn=3", "url2": null, "内容": "いいだ歯科【3:歯科】岐阜県岐阜市本荘２９４４" }, "geometry": { "type": "Point", "coordinates": [ 136.736547, 35.409987 ] } },
{ "type": "Feature", "properties": { "ID": 2131343001074, "正式名称": "ほり歯科医院", "機関区分": 3, "都道府県コード": 21, "市区町村コード": 201, "所在地": "岐阜県岐阜市河渡１丁目１０８番地", "緯度": 35.412678, "経度": 136.703179, "url": "https://www.iryou.teikyouseido.mhlw.go.jp/znk-web/juminkanja/S2430/initialize?prefCd=21&kikanCd=1343001074&kikanKbn=3", "url2": null, "内容": "ほり歯科医院【3:歯科】岐阜県岐阜市河渡１丁目１０８番地" }, "geometry": { "type": "Point", "coordinates": [ 136.703179, 35.412678 ] } },
{ "type": "Feature", "properties": { "ID": 2131343001075, "正式名称": "河合歯科医院", "機関区分": 3, "都道府県コード": 21, "市区町村コード": 201, "所在地": "岐阜県岐阜市東栄町３丁目３２番地", "緯度": 35.414497, "経度": 136.776629, "url": "https://www.iryou.teikyouseido.mhlw.go.jp/znk-web/juminkanja/S2430/initialize?prefCd=21&kikanCd=1343001075&kikanKbn=3", "url2": "http://www.kawaishika.jp/pc/", "内容": "河合歯科医院【3:歯科】岐阜県岐阜市東栄町３丁目３２番地" }, "geometry": { "type": "Point", "coordinates": [ 136.776629, 35.414497 ] } },
{ "type": "Feature", "properties": { "ID": 2131343001077, "正式名称": "大口弘歯科クリニック", "機関区分": 3, "都道府県コード": 21, "市区町村コード": 201, "所在地": "岐阜県岐阜市県町１丁目６番地", "緯度": 35.413345, "経度": 136.760042, "url": "https://www.iryou.teikyouseido.mhlw.go.jp/znk-web/juminkanja/S2430/initialize?prefCd=21&kikanCd=1343001077&kikanKbn=3", "url2": "http://www.ohguchi-dental.jp/", "内容": "大口弘歯科クリニック【3:歯科】岐阜県岐阜市県町１丁目６番地" }, "geometry": { "type": "Point", "coordinates": [ 136.760042, 35.413345 ] } },
{ "type": "Feature", "properties": { "ID": 2131343001080, "正式名称": "諏訪山歯科医院", "機関区分": 3, "都道府県コード": 21, "市区町村コード": 201, "所在地": "岐阜県岐阜市諏訪山", "緯度": 35.440334, "経度": 136.851527, "url": "https://www.iryou.teikyouseido.mhlw.go.jp/znk-web/juminkanja/S2430/initialize?prefCd=21&kikanCd=1343001080&kikanKbn=3", "url2": null, "内容": "諏訪山歯科医院【3:歯科】岐阜県岐阜市諏訪山" }, "geometry": { "type": "Point", "coordinates": [ 136.851527, 35.440334 ] } },
{ "type": "Feature", "properties": { "ID": 2131343001081, "正式名称": "いとうデンタルクリニック", "機関区分": 3, "都道府県コード": 21, "市区町村コード": 201, "所在地": "岐阜県岐阜市月丘町５丁目３番地", "緯度": 35.416104, "経度": 136.783276, "url": "https://www.iryou.teikyouseido.mhlw.go.jp/znk-web/juminkanja/S2430/initialize?prefCd=21&kikanCd=1343001081&kikanKbn=3", "url2": "http://www.ito-dentalclinic.jp/", "内容": "いとうデンタルクリニック【3:歯科】岐阜県岐阜市月丘町５丁目３番地" }, "geometry": { "type": "Point", "coordinates": [ 136.783276, 35.416104 ] } },
{ "type": "Feature", "properties": { "ID": 2131343001085, "正式名称": "ほしや歯科医院", "機関区分": 3, "都道府県コード": 21, "市区町村コード": 201, "所在地": "岐阜県岐阜市萱場南３丁目２ー２０", "緯度": 35.434321, "経度": 136.733437, "url": "https://www.iryou.teikyouseido.mhlw.go.jp/znk-web/juminkanja/S2430/initialize?prefCd=21&kikanCd=1343001085&kikanKbn=3", "url2": "http://hoshiyashika.cihp2.jp/", "内容": "ほしや歯科医院【3:歯科】岐阜県岐阜市萱場南３丁目２ー２０" }, "geometry": { "type": "Point", "coordinates": [ 136.733437, 35.434321 ] } },
{ "type": "Feature", "properties": { "ID": 2131343001090, "正式名称": "中島歯科", "機関区分": 3, "都道府県コード": 21, "市区町村コード": 201, "所在地": "岐阜県岐阜市吉野町２ー７", "緯度": 35.410149, "経度": 136.762872, "url": "https://www.iryou.teikyouseido.mhlw.go.jp/znk-web/juminkanja/S2430/initialize?prefCd=21&kikanCd=1343001090&kikanKbn=3", "url2": "http://www.nakashima-dent.com/", "内容": "中島歯科【3:歯科】岐阜県岐阜市吉野町２ー７" }, "geometry": { "type": "Point", "coordinates": [ 136.762872, 35.410149 ] } },
{ "type": "Feature", "properties": { "ID": 2131343001093, "正式名称": "兵藤歯科", "機関区分": 3, "都道府県コード": 21, "市区町村コード": 201, "所在地": "岐阜県岐阜市蔵前４ー１ー２", "緯度": 35.396405, "経度": 136.79947, "url": "https://www.iryou.teikyouseido.mhlw.go.jp/znk-web/juminkanja/S2430/initialize?prefCd=21&kikanCd=1343001093&kikanKbn=3", "url2": "http://www.hyodo-dental.com", "内容": "兵藤歯科【3:歯科】岐阜県岐阜市蔵前４ー１ー２" }, "geometry": { "type": "Point", "coordinates": [ 136.79947, 35.396405 ] } },
{ "type": "Feature", "properties": { "ID": 2131343001096, "正式名称": "Ｔａｎａｋａ　Ｄｅｎｔａｌ　Ｃｌｉｎｉｃ", "機関区分": 3, "都道府県コード": 21, "市区町村コード": 201, "所在地": "岐阜県岐阜市日置江７８３ー１", "緯度": 35.367201, "経度": 136.69351, "url": "https://www.iryou.teikyouseido.mhlw.go.jp/znk-web/juminkanja/S2430/initialize?prefCd=21&kikanCd=1343001096&kikanKbn=3", "url2": "http://www.tdc1972.com/", "内容": "Ｔａｎａｋａ　Ｄｅｎｔａｌ　Ｃｌｉｎｉｃ【3:歯科】岐阜県岐阜市日置江７８３ー１" }, "geometry": { "type": "Point", "coordinates": [ 136.69351, 35.367201 ] } },
{ "type": "Feature", "properties": { "ID": 2131343001099, "正式名称": "富田歯科医院", "機関区分": 3, "都道府県コード": 21, "市区町村コード": 201, "所在地": "岐阜県岐阜市高砂町", "緯度": 35.409328, "経度": 136.763671, "url": "https://www.iryou.teikyouseido.mhlw.go.jp/znk-web/juminkanja/S2430/initialize?prefCd=21&kikanCd=1343001099&kikanKbn=3", "url2": null, "内容": "富田歯科医院【3:歯科】岐阜県岐阜市高砂町" }, "geometry": { "type": "Point", "coordinates": [ 136.763671, 35.409328 ] } },
{ "type": "Feature", "properties": { "ID": 2131343001100, "正式名称": "大竹歯科医院", "機関区分": 3, "都道府県コード": 21, "市区町村コード": 201, "所在地": "岐阜県岐阜市住ノ江町２‐１２", "緯度": 35.410158, "経度": 136.761019, "url": "https://www.iryou.teikyouseido.mhlw.go.jp/znk-web/juminkanja/S2430/initialize?prefCd=21&kikanCd=1343001100&kikanKbn=3", "url2": "http://www.o-kinatake.dentaimail.jp", "内容": "大竹歯科医院【3:歯科】岐阜県岐阜市住ノ江町２‐１２" }, "geometry": { "type": "Point", "coordinates": [ 136.761019, 35.410158 ] } },
{ "type": "Feature", "properties": { "ID": 2131343001102, "正式名称": "中島歯科医院", "機関区分": 3, "都道府県コード": 21, "市区町村コード": 201, "所在地": "岐阜県岐阜市茜部菱野２丁目６１番地", "緯度": 35.385885, "経度": 136.751803, "url": "https://www.iryou.teikyouseido.mhlw.go.jp/znk-web/juminkanja/S2430/initialize?prefCd=21&kikanCd=1343001102&kikanKbn=3", "url2": "http://www.nakashima-dcl.com", "内容": "中島歯科医院【3:歯科】岐阜県岐阜市茜部菱野２丁目６１番地" }, "geometry": { "type": "Point", "coordinates": [ 136.751803, 35.385885 ] } },
{ "type": "Feature", "properties": { "ID": 2131343001116, "正式名称": "赤塚歯科医院", "機関区分": 3, "都道府県コード": 21, "市区町村コード": 201, "所在地": "岐阜県岐阜市薮田南５－１２－１２", "緯度": 35.388806, "経度": 136.714264, "url": "https://www.iryou.teikyouseido.mhlw.go.jp/znk-web/juminkanja/S2430/initialize?prefCd=21&kikanCd=1343001116&kikanKbn=3", "url2": "http://www.akatsuka-dental.com/", "内容": "赤塚歯科医院【3:歯科】岐阜県岐阜市薮田南５－１２－１２" }, "geometry": { "type": "Point", "coordinates": [ 136.714264, 35.388806 ] } },
{ "type": "Feature", "properties": { "ID": 2131343001119, "正式名称": "中島歯科医院", "機関区分": 3, "都道府県コード": 21, "市区町村コード": 201, "所在地": "岐阜県岐阜市宇佐３－１８－１８", "緯度": 35.397406, "経度": 136.729619, "url": "https://www.iryou.teikyouseido.mhlw.go.jp/znk-web/juminkanja/S2430/initialize?prefCd=21&kikanCd=1343001119&kikanKbn=3", "url2": null, "内容": "中島歯科医院【3:歯科】岐阜県岐阜市宇佐３－１８－１８" }, "geometry": { "type": "Point", "coordinates": [ 136.729619, 35.397406 ] } },
{ "type": "Feature", "properties": { "ID": 2131343001120, "正式名称": "はやし歯科医院", "機関区分": 3, "都道府県コード": 21, "市区町村コード": 201, "所在地": "岐阜県岐阜市茜部辰新１ー１５２", "緯度": 35.379664, "経度": 136.762232, "url": "https://www.iryou.teikyouseido.mhlw.go.jp/znk-web/juminkanja/S2430/initialize?prefCd=21&kikanCd=1343001120&kikanKbn=3", "url2": null, "内容": "はやし歯科医院【3:歯科】岐阜県岐阜市茜部辰新１ー１５２" }, "geometry": { "type": "Point", "coordinates": [ 136.762232, 35.379664 ] } },
{ "type": "Feature", "properties": { "ID": 2131343001122, "正式名称": "西堀歯科医院", "機関区分": 3, "都道府県コード": 21, "市区町村コード": 201, "所在地": "岐阜県岐阜市朝霧町", "緯度": 35.393005, "経度": 136.763264, "url": "https://www.iryou.teikyouseido.mhlw.go.jp/znk-web/juminkanja/S2430/initialize?prefCd=21&kikanCd=1343001122&kikanKbn=3", "url2": null, "内容": "西堀歯科医院【3:歯科】岐阜県岐阜市朝霧町" }, "geometry": { "type": "Point", "coordinates": [ 136.763264, 35.393005 ] } },
{ "type": "Feature", "properties": { "ID": 2131343001124, "正式名称": "けんし「８０２０」", "機関区分": 3, "都道府県コード": 21, "市区町村コード": 201, "所在地": "岐阜県岐阜市加納城南通１ー１８", "緯度": 35.398396, "経度": 136.760678, "url": "https://www.iryou.teikyouseido.mhlw.go.jp/znk-web/juminkanja/S2430/initialize?prefCd=21&kikanCd=1343001124&kikanKbn=3", "url2": null, "内容": "けんし「８０２０」【3:歯科】岐阜県岐阜市加納城南通１ー１８" }, "geometry": { "type": "Point", "coordinates": [ 136.760678, 35.398396 ] } },
{ "type": "Feature", "properties": { "ID": 2131343001125, "正式名称": "岐阜県口腔保健センター障害者歯科診療所", "機関区分": 3, "都道府県コード": 21, "市区町村コード": 201, "所在地": "岐阜県岐阜市加納城南通１ー１８", "緯度": 35.398271, "経度": 136.761066, "url": "https://www.iryou.teikyouseido.mhlw.go.jp/znk-web/juminkanja/S2430/initialize?prefCd=21&kikanCd=1343001125&kikanKbn=3", "url2": "https://www.gifukenshi.or.jp/handicapped/", "内容": "岐阜県口腔保健センター障害者歯科診療所【3:歯科】岐阜県岐阜市加納城南通１ー１８" }, "geometry": { "type": "Point", "coordinates": [ 136.761066, 35.398271 ] } },
{ "type": "Feature", "properties": { "ID": 2131343001126, "正式名称": "中島歯科医院", "機関区分": 3, "都道府県コード": 21, "市区町村コード": 201, "所在地": "岐阜県岐阜市加納本町１－２７", "緯度": 35.404806, "経度": 136.760513, "url": "https://www.iryou.teikyouseido.mhlw.go.jp/znk-web/juminkanja/S2430/initialize?prefCd=21&kikanCd=1343001126&kikanKbn=3", "url2": null, "内容": "中島歯科医院【3:歯科】岐阜県岐阜市加納本町１－２７" }, "geometry": { "type": "Point", "coordinates": [ 136.760513, 35.404806 ] } },
{ "type": "Feature", "properties": { "ID": 2131343001129, "正式名称": "木方歯科医院", "機関区分": 3, "都道府県コード": 21, "市区町村コード": 201, "所在地": "岐阜県岐阜市芋島１ー１３ー６", "緯度": 35.392245, "経度": 136.805943, "url": "https://www.iryou.teikyouseido.mhlw.go.jp/znk-web/juminkanja/S2430/initialize?prefCd=21&kikanCd=1343001129&kikanKbn=3", "url2": null, "内容": "木方歯科医院【3:歯科】岐阜県岐阜市芋島１ー１３ー６" }, "geometry": { "type": "Point", "coordinates": [ 136.805943, 35.392245 ] } },
{ "type": "Feature", "properties": { "ID": 2131343001130, "正式名称": "黒田小児歯科診療所", "機関区分": 3, "都道府県コード": 21, "市区町村コード": 201, "所在地": "岐阜県岐阜市加納城南通３丁目２７ー２", "緯度": 35.399328, "経度": 136.753828, "url": "https://www.iryou.teikyouseido.mhlw.go.jp/znk-web/juminkanja/S2430/initialize?prefCd=21&kikanCd=1343001130&kikanKbn=3", "url2": null, "内容": "黒田小児歯科診療所【3:歯科】岐阜県岐阜市加納城南通３丁目２７ー２" }, "geometry": { "type": "Point", "coordinates": [ 136.753828, 35.399328 ] } },
{ "type": "Feature", "properties": { "ID": 2131343001131, "正式名称": "丹羽歯科医院", "機関区分": 3, "都道府県コード": 21, "市区町村コード": 201, "所在地": "岐阜県岐阜市加納柳町１８", "緯度": 35.404256, "経度": 136.764578, "url": "https://www.iryou.teikyouseido.mhlw.go.jp/znk-web/juminkanja/S2430/initialize?prefCd=21&kikanCd=1343001131&kikanKbn=3", "url2": "http://www.niwashika.net/", "内容": "丹羽歯科医院【3:歯科】岐阜県岐阜市加納柳町１８" }, "geometry": { "type": "Point", "coordinates": [ 136.764578, 35.404256 ] } },
{ "type": "Feature", "properties": { "ID": 2131343001134, "正式名称": "ユー歯科", "機関区分": 3, "都道府県コード": 21, "市区町村コード": 201, "所在地": "岐阜県岐阜市薮田中２−１６−１", "緯度": 35.395817, "経度": 136.715512, "url": "https://www.iryou.teikyouseido.mhlw.go.jp/znk-web/juminkanja/S2430/initialize?prefCd=21&kikanCd=1343001134&kikanKbn=3", "url2": "http://www.dentalsherlock.com/gifu/yu/yu.html", "内容": "ユー歯科【3:歯科】岐阜県岐阜市薮田中２−１６−１" }, "geometry": { "type": "Point", "coordinates": [ 136.715512, 35.395817 ] } },
{ "type": "Feature", "properties": { "ID": 2131343001135, "正式名称": "江﨑歯科", "機関区分": 3, "都道府県コード": 21, "市区町村コード": 201, "所在地": "岐阜県岐阜市南鶉４丁目１１番地", "緯度": 35.376248, "経度": 136.733529, "url": "https://www.iryou.teikyouseido.mhlw.go.jp/znk-web/juminkanja/S2430/initialize?prefCd=21&kikanCd=1343001135&kikanKbn=3", "url2": "http://www.esaki-dc.jp/", "内容": "江﨑歯科【3:歯科】岐阜県岐阜市南鶉４丁目１１番地" }, "geometry": { "type": "Point", "coordinates": [ 136.733529, 35.376248 ] } },
{ "type": "Feature", "properties": { "ID": 2131343001136, "正式名称": "いしぐれ歯科", "機関区分": 3, "都道府県コード": 21, "市区町村コード": 201, "所在地": "岐阜県岐阜市六条南３－１２－１７", "緯度": 35.392585, "経度": 136.737476, "url": "https://www.iryou.teikyouseido.mhlw.go.jp/znk-web/juminkanja/S2430/initialize?prefCd=21&kikanCd=1343001136&kikanKbn=3", "url2": "http://www.ccn.aitai.ne.jp/~guresan/", "内容": "いしぐれ歯科【3:歯科】岐阜県岐阜市六条南３－１２－１７" }, "geometry": { "type": "Point", "coordinates": [ 136.737476, 35.392585 ] } },
{ "type": "Feature", "properties": { "ID": 2131343001137, "正式名称": "ナギナタ堀デンタルクリニック", "機関区分": 3, "都道府県コード": 21, "市区町村コード": 201, "所在地": "岐阜県岐阜市加納長刀堀３ー１０", "緯度": 35.401176, "経度": 136.75893, "url": "https://www.iryou.teikyouseido.mhlw.go.jp/znk-web/juminkanja/S2430/initialize?prefCd=21&kikanCd=1343001137&kikanKbn=3", "url2": null, "内容": "ナギナタ堀デンタルクリニック【3:歯科】岐阜県岐阜市加納長刀堀３ー１０" }, "geometry": { "type": "Point", "coordinates": [ 136.75893, 35.401176 ] } },
{ "type": "Feature", "properties": { "ID": 2131343001138, "正式名称": "ミチヒロ歯科", "機関区分": 3, "都道府県コード": 21, "市区町村コード": 201, "所在地": "岐阜県岐阜市上川手１４１ー１０", "緯度": 35.401202, "経度": 136.772028, "url": "https://www.iryou.teikyouseido.mhlw.go.jp/znk-web/juminkanja/S2430/initialize?prefCd=21&kikanCd=1343001138&kikanKbn=3", "url2": null, "内容": "ミチヒロ歯科【3:歯科】岐阜県岐阜市上川手１４１ー１０" }, "geometry": { "type": "Point", "coordinates": [ 136.772028, 35.401202 ] } },
{ "type": "Feature", "properties": { "ID": 2131343001139, "正式名称": "伊藤歯科医院", "機関区分": 3, "都道府県コード": 21, "市区町村コード": 201, "所在地": "岐阜県岐阜市領下３－７７", "緯度": 35.405733, "経度": 136.779091, "url": "https://www.iryou.teikyouseido.mhlw.go.jp/znk-web/juminkanja/S2430/initialize?prefCd=21&kikanCd=1343001139&kikanKbn=3", "url2": null, "内容": "伊藤歯科医院【3:歯科】岐阜県岐阜市領下３－７７" }, "geometry": { "type": "Point", "coordinates": [ 136.779091, 35.405733 ] } },
{ "type": "Feature", "properties": { "ID": 2131343001140, "正式名称": "各務歯科医院", "機関区分": 3, "都道府県コード": 21, "市区町村コード": 201, "所在地": "岐阜県岐阜市宇佐南１丁目２番５号", "緯度": 35.397544, "経度": 136.736948, "url": "https://www.iryou.teikyouseido.mhlw.go.jp/znk-web/juminkanja/S2430/initialize?prefCd=21&kikanCd=1343001140&kikanKbn=3", "url2": "https://kakami-dc.doctorsfile.jp/", "内容": "各務歯科医院【3:歯科】岐阜県岐阜市宇佐南１丁目２番５号" }, "geometry": { "type": "Point", "coordinates": [ 136.736948, 35.397544 ] } },
{ "type": "Feature", "properties": { "ID": 2131343001142, "正式名称": "ライフ歯科医院", "機関区分": 3, "都道府県コード": 21, "市区町村コード": 201, "所在地": "岐阜県岐阜市須賀３－２０－１３", "緯度": 35.386667, "経度": 136.719031, "url": "https://www.iryou.teikyouseido.mhlw.go.jp/znk-web/juminkanja/S2430/initialize?prefCd=21&kikanCd=1343001142&kikanKbn=3", "url2": null, "内容": "ライフ歯科医院【3:歯科】岐阜県岐阜市須賀３－２０－１３" }, "geometry": { "type": "Point", "coordinates": [ 136.719031, 35.386667 ] } },
{ "type": "Feature", "properties": { "ID": 2131343001144, "正式名称": "うずら歯科医院", "機関区分": 3, "都道府県コード": 21, "市区町村コード": 201, "所在地": "岐阜県岐阜市東鶉５丁目４４ー１", "緯度": 35.379683, "経度": 136.740745, "url": "https://www.iryou.teikyouseido.mhlw.go.jp/znk-web/juminkanja/S2430/initialize?prefCd=21&kikanCd=1343001144&kikanKbn=3", "url2": "http://uzura-dental.com", "内容": "うずら歯科医院【3:歯科】岐阜県岐阜市東鶉５丁目４４ー１" }, "geometry": { "type": "Point", "coordinates": [ 136.740745, 35.379683 ] } },
{ "type": "Feature", "properties": { "ID": 2131343001145, "正式名称": "いとおファミリー歯科", "機関区分": 3, "都道府県コード": 21, "市区町村コード": 201, "所在地": "岐阜県岐阜市加納北広江町３０－２－３", "緯度": 35.408403, "経度": 136.762221, "url": "https://www.iryou.teikyouseido.mhlw.go.jp/znk-web/juminkanja/S2430/initialize?prefCd=21&kikanCd=1343001145&kikanKbn=3", "url2": null, "内容": "いとおファミリー歯科【3:歯科】岐阜県岐阜市加納北広江町３０－２－３" }, "geometry": { "type": "Point", "coordinates": [ 136.762221, 35.408403 ] } },
{ "type": "Feature", "properties": { "ID": 2131343001147, "正式名称": "花の木歯科", "機関区分": 3, "都道府県コード": 21, "市区町村コード": 201, "所在地": "岐阜県岐阜市水主町１－１６０", "緯度": 35.395157, "経度": 136.756309, "url": "https://www.iryou.teikyouseido.mhlw.go.jp/znk-web/juminkanja/S2430/initialize?prefCd=21&kikanCd=1343001147&kikanKbn=3", "url2": null, "内容": "花の木歯科【3:歯科】岐阜県岐阜市水主町１－１６０" }, "geometry": { "type": "Point", "coordinates": [ 136.756309, 35.395157 ] } },
{ "type": "Feature", "properties": { "ID": 2131343001150, "正式名称": "西村歯科医院", "機関区分": 3, "都道府県コード": 21, "市区町村コード": 201, "所在地": "岐阜県岐阜市黒野４６７－３", "緯度": 35.462991, "経度": 136.720344, "url": "https://www.iryou.teikyouseido.mhlw.go.jp/znk-web/juminkanja/S2430/initialize?prefCd=21&kikanCd=1343001150&kikanKbn=3", "url2": null, "内容": "西村歯科医院【3:歯科】岐阜県岐阜市黒野４６７－３" }, "geometry": { "type": "Point", "coordinates": [ 136.720344, 35.462991 ] } },
{ "type": "Feature", "properties": { "ID": 2131343001154, "正式名称": "米本歯科医院", "機関区分": 3, "都道府県コード": 21, "市区町村コード": 201, "所在地": "岐阜県岐阜市織田町１ー３４", "緯度": 35.443065, "経度": 136.773259, "url": "https://www.iryou.teikyouseido.mhlw.go.jp/znk-web/juminkanja/S2430/initialize?prefCd=21&kikanCd=1343001154&kikanKbn=3", "url2": null, "内容": "米本歯科医院【3:歯科】岐阜県岐阜市織田町１ー３４" }, "geometry": { "type": "Point", "coordinates": [ 136.773259, 35.443065 ] } },
{ "type": "Feature", "properties": { "ID": 2131343001160, "正式名称": "アベ歯科医院", "機関区分": 3, "都道府県コード": 21, "市区町村コード": 201, "所在地": "岐阜県岐阜市長良福光１６５９ー４", "緯度": 35.446276, "経度": 136.774115, "url": "https://www.iryou.teikyouseido.mhlw.go.jp/znk-web/juminkanja/S2430/initialize?prefCd=21&kikanCd=1343001160&kikanKbn=3", "url2": null, "内容": "アベ歯科医院【3:歯科】岐阜県岐阜市長良福光１６５９ー４" }, "geometry": { "type": "Point", "coordinates": [ 136.774115, 35.446276 ] } },
{ "type": "Feature", "properties": { "ID": 2131343001168, "正式名称": "ヒロセ歯科医院", "機関区分": 3, "都道府県コード": 21, "市区町村コード": 201, "所在地": "岐阜県岐阜市福富迎田１２ー２", "緯度": 35.479187, "経度": 136.827238, "url": "https://www.iryou.teikyouseido.mhlw.go.jp/znk-web/juminkanja/S2430/initialize?prefCd=21&kikanCd=1343001168&kikanKbn=3", "url2": null, "内容": "ヒロセ歯科医院【3:歯科】岐阜県岐阜市福富迎田１２ー２" }, "geometry": { "type": "Point", "coordinates": [ 136.827238, 35.479187 ] } },
{ "type": "Feature", "properties": { "ID": 2131343001170, "正式名称": "ささき歯科医院", "機関区分": 3, "都道府県コード": 21, "市区町村コード": 201, "所在地": "岐阜県岐阜市又丸柳町２ー１４", "緯度": 35.436098, "経度": 136.704785, "url": "https://www.iryou.teikyouseido.mhlw.go.jp/znk-web/juminkanja/S2430/initialize?prefCd=21&kikanCd=1343001170&kikanKbn=3", "url2": null, "内容": "ささき歯科医院【3:歯科】岐阜県岐阜市又丸柳町２ー１４" }, "geometry": { "type": "Point", "coordinates": [ 136.704785, 35.436098 ] } },
{ "type": "Feature", "properties": { "ID": 2131343001180, "正式名称": "三和歯科医院", "機関区分": 3, "都道府県コード": 21, "市区町村コード": 201, "所在地": "岐阜県岐阜市正木１１９９ー２", "緯度": 35.452278, "経度": 136.746497, "url": "https://www.iryou.teikyouseido.mhlw.go.jp/znk-web/juminkanja/S2430/initialize?prefCd=21&kikanCd=1343001180&kikanKbn=3", "url2": null, "内容": "三和歯科医院【3:歯科】岐阜県岐阜市正木１１９９ー２" }, "geometry": { "type": "Point", "coordinates": [ 136.746497, 35.452278 ] } },
{ "type": "Feature", "properties": { "ID": 2131343001184, "正式名称": "西村歯科医院", "機関区分": 3, "都道府県コード": 21, "市区町村コード": 201, "所在地": "岐阜県岐阜市鷺山１７６８ー９８", "緯度": 35.44626, "経度": 136.751494, "url": "https://www.iryou.teikyouseido.mhlw.go.jp/znk-web/juminkanja/S2430/initialize?prefCd=21&kikanCd=1343001184&kikanKbn=3", "url2": null, "内容": "西村歯科医院【3:歯科】岐阜県岐阜市鷺山１７６８ー９８" }, "geometry": { "type": "Point", "coordinates": [ 136.751494, 35.44626 ] } },
{ "type": "Feature", "properties": { "ID": 2131343001186, "正式名称": "そぶえ歯科医院", "機関区分": 3, "都道府県コード": 21, "市区町村コード": 201, "所在地": "岐阜県岐阜市正木１９８１ー３７", "緯度": 35.447523, "経度": 136.746214, "url": "https://www.iryou.teikyouseido.mhlw.go.jp/znk-web/juminkanja/S2430/initialize?prefCd=21&kikanCd=1343001186&kikanKbn=3", "url2": "https://sobue-dc.com/", "内容": "そぶえ歯科医院【3:歯科】岐阜県岐阜市正木１９８１ー３７" }, "geometry": { "type": "Point", "coordinates": [ 136.746214, 35.447523 ] } },
{ "type": "Feature", "properties": { "ID": 2131343001187, "正式名称": "たかせ歯科医院", "機関区分": 3, "都道府県コード": 21, "市区町村コード": 201, "所在地": "岐阜県岐阜市鷺山東２丁目４ー２６", "緯度": 35.450603, "経度": 136.762104, "url": "https://www.iryou.teikyouseido.mhlw.go.jp/znk-web/juminkanja/S2430/initialize?prefCd=21&kikanCd=1343001187&kikanKbn=3", "url2": null, "内容": "たかせ歯科医院【3:歯科】岐阜県岐阜市鷺山東２丁目４ー２６" }, "geometry": { "type": "Point", "coordinates": [ 136.762104, 35.450603 ] } },
{ "type": "Feature", "properties": { "ID": 2131343001189, "正式名称": "あじろ歯科", "機関区分": 3, "都道府県コード": 21, "市区町村コード": 201, "所在地": "岐阜県岐阜市則松１丁目２８ー２", "緯度": 35.482182, "経度": 136.699185, "url": "https://www.iryou.teikyouseido.mhlw.go.jp/znk-web/juminkanja/S2430/initialize?prefCd=21&kikanCd=1343001189&kikanKbn=3", "url2": null, "内容": "あじろ歯科【3:歯科】岐阜県岐阜市則松１丁目２８ー２" }, "geometry": { "type": "Point", "coordinates": [ 136.699185, 35.482182 ] } },
{ "type": "Feature", "properties": { "ID": 2131343001190, "正式名称": "おぶさ歯科医院", "機関区分": 3, "都道府県コード": 21, "市区町村コード": 201, "所在地": "岐阜県岐阜市雄総桜町", "緯度": 35.442333, "経度": 136.789323, "url": "https://www.iryou.teikyouseido.mhlw.go.jp/znk-web/juminkanja/S2430/initialize?prefCd=21&kikanCd=1343001190&kikanKbn=3", "url2": null, "内容": "おぶさ歯科医院【3:歯科】岐阜県岐阜市雄総桜町" }, "geometry": { "type": "Point", "coordinates": [ 136.789323, 35.442333 ] } },
{ "type": "Feature", "properties": { "ID": 2131343001193, "正式名称": "グリーン歯科医院", "機関区分": 3, "都道府県コード": 21, "市区町村コード": 201, "所在地": "岐阜県岐阜市小西郷１丁目１２６番地", "緯度": 35.452246, "経度": 136.699208, "url": "https://www.iryou.teikyouseido.mhlw.go.jp/znk-web/juminkanja/S2430/initialize?prefCd=21&kikanCd=1343001193&kikanKbn=3", "url2": null, "内容": "グリーン歯科医院【3:歯科】岐阜県岐阜市小西郷１丁目１２６番地" }, "geometry": { "type": "Point", "coordinates": [ 136.699208, 35.452246 ] } },
{ "type": "Feature", "properties": { "ID": 2131343001194, "正式名称": "中村歯科医院", "機関区分": 3, "都道府県コード": 21, "市区町村コード": 201, "所在地": "岐阜県岐阜市太郎丸中島１", "緯度": 35.492614, "経度": 136.813086, "url": "https://www.iryou.teikyouseido.mhlw.go.jp/znk-web/juminkanja/S2430/initialize?prefCd=21&kikanCd=1343001194&kikanKbn=3", "url2": "https://www.nakamura-shika-gifu.com/", "内容": "中村歯科医院【3:歯科】岐阜県岐阜市太郎丸中島１" }, "geometry": { "type": "Point", "coordinates": [ 136.813086, 35.492614 ] } },
{ "type": "Feature", "properties": { "ID": 2131343001195, "正式名称": "松田歯科医院", "機関区分": 3, "都道府県コード": 21, "市区町村コード": 201, "所在地": "岐阜県岐阜市福富町田８４ー２", "緯度": 35.482227, "経度": 136.821735, "url": "https://www.iryou.teikyouseido.mhlw.go.jp/znk-web/juminkanja/S2430/initialize?prefCd=21&kikanCd=1343001195&kikanKbn=3", "url2": null, "内容": "松田歯科医院【3:歯科】岐阜県岐阜市福富町田８４ー２" }, "geometry": { "type": "Point", "coordinates": [ 136.821735, 35.482227 ] } },
{ "type": "Feature", "properties": { "ID": 2131343001196, "正式名称": "ながら歯科", "機関区分": 3, "都道府県コード": 21, "市区町村コード": 201, "所在地": "岐阜県岐阜市福田町１丁目３２", "緯度": 35.44892, "経度": 136.774171, "url": "https://www.iryou.teikyouseido.mhlw.go.jp/znk-web/juminkanja/S2430/initialize?prefCd=21&kikanCd=1343001196&kikanKbn=3", "url2": null, "内容": "ながら歯科【3:歯科】岐阜県岐阜市福田町１丁目３２" }, "geometry": { "type": "Point", "coordinates": [ 136.774171, 35.44892 ] } },
{ "type": "Feature", "properties": { "ID": 2131343001200, "正式名称": "きだいじ歯科医院", "機関区分": 3, "都道府県コード": 21, "市区町村コード": 201, "所在地": "岐阜県岐阜市城田寺１２２９ー２", "緯度": 35.46819, "経度": 136.748855, "url": "https://www.iryou.teikyouseido.mhlw.go.jp/znk-web/juminkanja/S2430/initialize?prefCd=21&kikanCd=1343001200&kikanKbn=3", "url2": "kidaiji-shika.com", "内容": "きだいじ歯科医院【3:歯科】岐阜県岐阜市城田寺１２２９ー２" }, "geometry": { "type": "Point", "coordinates": [ 136.748855, 35.46819 ] } },
{ "type": "Feature", "properties": { "ID": 2131343001202, "正式名称": "長良ケ丘歯科", "機関区分": 3, "都道府県コード": 21, "市区町村コード": 201, "所在地": "岐阜県岐阜市長良福光２６４２番地", "緯度": 35.443709, "経度": 136.774311, "url": "https://www.iryou.teikyouseido.mhlw.go.jp/znk-web/juminkanja/S2430/initialize?prefCd=21&kikanCd=1343001202&kikanKbn=3", "url2": "http://nagaragaoka-shika.com", "内容": "長良ケ丘歯科【3:歯科】岐阜県岐阜市長良福光２６４２番地" }, "geometry": { "type": "Point", "coordinates": [ 136.774311, 35.443709 ] } },
{ "type": "Feature", "properties": { "ID": 2131343001208, "正式名称": "飯沼歯科", "機関区分": 3, "都道府県コード": 21, "市区町村コード": 201, "所在地": "岐阜県岐阜市八代２丁目２番８号", "緯度": 35.457754, "経度": 136.768613, "url": "https://www.iryou.teikyouseido.mhlw.go.jp/znk-web/juminkanja/S2430/initialize?prefCd=21&kikanCd=1343001208&kikanKbn=3", "url2": "http://www.iinuma-shika.jp/", "内容": "飯沼歯科【3:歯科】岐阜県岐阜市八代２丁目２番８号" }, "geometry": { "type": "Point", "coordinates": [ 136.768613, 35.457754 ] } },
{ "type": "Feature", "properties": { "ID": 2131343001210, "正式名称": "平松デンタルクリニック", "機関区分": 3, "都道府県コード": 21, "市区町村コード": 201, "所在地": "岐阜県岐阜市茜部菱野２－１１９番地", "緯度": 35.385346, "経度": 136.749928, "url": "https://www.iryou.teikyouseido.mhlw.go.jp/znk-web/juminkanja/S2430/initialize?prefCd=21&kikanCd=1343001210&kikanKbn=3", "url2": "https//www.kagayaku-egao", "内容": "平松デンタルクリニック【3:歯科】岐阜県岐阜市茜部菱野２－１１９番地" }, "geometry": { "type": "Point", "coordinates": [ 136.749928, 35.385346 ] } },
{ "type": "Feature", "properties": { "ID": 2131343001211, "正式名称": "ささがわ歯科", "機関区分": 3, "都道府県コード": 21, "市区町村コード": 201, "所在地": "岐阜県岐阜市長良２丁目１２７番地", "緯度": 35.451296, "経度": 136.785053, "url": "https://www.iryou.teikyouseido.mhlw.go.jp/znk-web/juminkanja/S2430/initialize?prefCd=21&kikanCd=1343001211&kikanKbn=3", "url2": null, "内容": "ささがわ歯科【3:歯科】岐阜県岐阜市長良２丁目１２７番地" }, "geometry": { "type": "Point", "coordinates": [ 136.785053, 35.451296 ] } },
{ "type": "Feature", "properties": { "ID": 2131343001216, "正式名称": "ホワイト歯科クリニック", "機関区分": 3, "都道府県コード": 21, "市区町村コード": 201, "所在地": "岐阜県岐阜市前一色３ー１ー４", "緯度": 35.407196, "経度": 136.799282, "url": "https://www.iryou.teikyouseido.mhlw.go.jp/znk-web/juminkanja/S2430/initialize?prefCd=21&kikanCd=1343001216&kikanKbn=3", "url2": "http://www.yamamoto-dc1010.com", "内容": "ホワイト歯科クリニック【3:歯科】岐阜県岐阜市前一色３ー１ー４" }, "geometry": { "type": "Point", "coordinates": [ 136.799282, 35.407196 ] } },
{ "type": "Feature", "properties": { "ID": 2131343001218, "正式名称": "宇佐美歯科口腔外科医院", "機関区分": 3, "都道府県コード": 21, "市区町村コード": 201, "所在地": "岐阜県岐阜市靭屋町３０", "緯度": 35.430403, "経度": 136.766629, "url": "https://www.iryou.teikyouseido.mhlw.go.jp/znk-web/juminkanja/S2430/initialize?prefCd=21&kikanCd=1343001218&kikanKbn=3", "url2": "http://www.usamishika.jp", "内容": "宇佐美歯科口腔外科医院【3:歯科】岐阜県岐阜市靭屋町３０" }, "geometry": { "type": "Point", "coordinates": [ 136.766629, 35.430403 ] } },
{ "type": "Feature", "properties": { "ID": 2131343001221, "正式名称": "渡辺歯科医院", "機関区分": 3, "都道府県コード": 21, "市区町村コード": 201, "所在地": "岐阜県岐阜市桜通り３ー７ー１", "緯度": 35.419375, "経度": 136.747875, "url": "https://www.iryou.teikyouseido.mhlw.go.jp/znk-web/juminkanja/S2430/initialize?prefCd=21&kikanCd=1343001221&kikanKbn=3", "url2": null, "内容": "渡辺歯科医院【3:歯科】岐阜県岐阜市桜通り３ー７ー１" }, "geometry": { "type": "Point", "coordinates": [ 136.747875, 35.419375 ] } },
{ "type": "Feature", "properties": { "ID": 2131343001222, "正式名称": "山田歯科クリニック", "機関区分": 3, "都道府県コード": 21, "市区町村コード": 201, "所在地": "岐阜県岐阜市真砂町４ー１７", "緯度": 35.424027, "経度": 136.751884, "url": "https://www.iryou.teikyouseido.mhlw.go.jp/znk-web/juminkanja/S2430/initialize?prefCd=21&kikanCd=1343001222&kikanKbn=3", "url2": "http://www.yamada-shika.info/", "内容": "山田歯科クリニック【3:歯科】岐阜県岐阜市真砂町４ー１７" }, "geometry": { "type": "Point", "coordinates": [ 136.751884, 35.424027 ] } },
{ "type": "Feature", "properties": { "ID": 2131343001225, "正式名称": "井上歯科", "機関区分": 3, "都道府県コード": 21, "市区町村コード": 201, "所在地": "岐阜県岐阜市加納上本町３ー２４", "緯度": 35.404771, "経度": 136.757977, "url": "https://www.iryou.teikyouseido.mhlw.go.jp/znk-web/juminkanja/S2430/initialize?prefCd=21&kikanCd=1343001225&kikanKbn=3", "url2": null, "内容": "井上歯科【3:歯科】岐阜県岐阜市加納上本町３ー２４" }, "geometry": { "type": "Point", "coordinates": [ 136.757977, 35.404771 ] } },
{ "type": "Feature", "properties": { "ID": 2131343001226, "正式名称": "川口歯科医院", "機関区分": 3, "都道府県コード": 21, "市区町村コード": 201, "所在地": "岐阜県岐阜市菅生１－１２－１４", "緯度": 35.423308, "経度": 136.733061, "url": "https://www.iryou.teikyouseido.mhlw.go.jp/znk-web/juminkanja/S2430/initialize?prefCd=21&kikanCd=1343001226&kikanKbn=3", "url2": null, "内容": "川口歯科医院【3:歯科】岐阜県岐阜市菅生１－１２－１４" }, "geometry": { "type": "Point", "coordinates": [ 136.733061, 35.423308 ] } },
{ "type": "Feature", "properties": { "ID": 2131343001227, "正式名称": "ひまわり歯科医院", "機関区分": 3, "都道府県コード": 21, "市区町村コード": 201, "所在地": "岐阜県岐阜市芥見南山３ー３ー３７", "緯度": 35.456964, "経度": 136.858195, "url": "https://www.iryou.teikyouseido.mhlw.go.jp/znk-web/juminkanja/S2430/initialize?prefCd=21&kikanCd=1343001227&kikanKbn=3", "url2": null, "内容": "ひまわり歯科医院【3:歯科】岐阜県岐阜市芥見南山３ー３ー３７" }, "geometry": { "type": "Point", "coordinates": [ 136.858195, 35.456964 ] } },
{ "type": "Feature", "properties": { "ID": 2131343001231, "正式名称": "マサキ歯科クリニック", "機関区分": 3, "都道府県コード": 21, "市区町村コード": 201, "所在地": "岐阜県岐阜市正木北町", "緯度": 35.452631, "経度": 136.748212, "url": "https://www.iryou.teikyouseido.mhlw.go.jp/znk-web/juminkanja/S2430/initialize?prefCd=21&kikanCd=1343001231&kikanKbn=3", "url2": "http://www.masaki-dental.com/", "内容": "マサキ歯科クリニック【3:歯科】岐阜県岐阜市正木北町" }, "geometry": { "type": "Point", "coordinates": [ 136.748212, 35.452631 ] } },
{ "type": "Feature", "properties": { "ID": 2131343001233, "正式名称": "フォーラム歯科", "機関区分": 3, "都道府県コード": 21, "市区町村コード": 201, "所在地": "岐阜県岐阜市西改田川向", "緯度": 35.450794, "経度": 136.705761, "url": "https://www.iryou.teikyouseido.mhlw.go.jp/znk-web/juminkanja/S2430/initialize?prefCd=21&kikanCd=1343001233&kikanKbn=3", "url2": null, "内容": "フォーラム歯科【3:歯科】岐阜県岐阜市西改田川向" }, "geometry": { "type": "Point", "coordinates": [ 136.705761, 35.450794 ] } },
{ "type": "Feature", "properties": { "ID": 2131343001234, "正式名称": "小酒井歯科医院", "機関区分": 3, "都道府県コード": 21, "市区町村コード": 201, "所在地": "岐阜県岐阜市領下１３５３ー１", "緯度": 35.402631, "経度": 136.781326, "url": "https://www.iryou.teikyouseido.mhlw.go.jp/znk-web/juminkanja/S2430/initialize?prefCd=21&kikanCd=1343001234&kikanKbn=3", "url2": null, "内容": "小酒井歯科医院【3:歯科】岐阜県岐阜市領下１３５３ー１" }, "geometry": { "type": "Point", "coordinates": [ 136.781326, 35.402631 ] } },
{ "type": "Feature", "properties": { "ID": 2131343001236, "正式名称": "さわだ矯正歯科", "機関区分": 3, "都道府県コード": 21, "市区町村コード": 201, "所在地": "岐阜県岐阜市金町５ー１０ー３さわだビル２Ｆ", "緯度": 35.417202, "経度": 136.756651, "url": "https://www.iryou.teikyouseido.mhlw.go.jp/znk-web/juminkanja/S2430/initialize?prefCd=21&kikanCd=1343001236&kikanKbn=3", "url2": "http://www.sawada-ortho.com/", "内容": "さわだ矯正歯科【3:歯科】岐阜県岐阜市金町５ー１０ー３さわだビル２Ｆ" }, "geometry": { "type": "Point", "coordinates": [ 136.756651, 35.417202 ] } },
{ "type": "Feature", "properties": { "ID": 2131343001238, "正式名称": "辻歯科", "機関区分": 3, "都道府県コード": 21, "市区町村コード": 201, "所在地": "岐阜県岐阜市上土居１８９ー３", "緯度": 35.452995, "経度": 136.765472, "url": "https://www.iryou.teikyouseido.mhlw.go.jp/znk-web/juminkanja/S2430/initialize?prefCd=21&kikanCd=1343001238&kikanKbn=3", "url2": null, "内容": "辻歯科【3:歯科】岐阜県岐阜市上土居１８９ー３" }, "geometry": { "type": "Point", "coordinates": [ 136.765472, 35.452995 ] } },
{ "type": "Feature", "properties": { "ID": 2131343001240, "正式名称": "三愛歯科医院", "機関区分": 3, "都道府県コード": 21, "市区町村コード": 201, "所在地": "岐阜県岐阜市六条北３ー１０ー１２", "緯度": 35.403593, "経度": 136.740048, "url": "https://www.iryou.teikyouseido.mhlw.go.jp/znk-web/juminkanja/S2430/initialize?prefCd=21&kikanCd=1343001240&kikanKbn=3", "url2": null, "内容": "三愛歯科医院【3:歯科】岐阜県岐阜市六条北３ー１０ー１２" }, "geometry": { "type": "Point", "coordinates": [ 136.740048, 35.403593 ] } },
{ "type": "Feature", "properties": { "ID": 2131343001242, "正式名称": "いわた歯科医院", "機関区分": 3, "都道府県コード": 21, "市区町村コード": 201, "所在地": "岐阜県岐阜市中西郷４ー１１７エフブルーム２　１Ｆ", "緯度": 35.468609, "経度": 136.696583, "url": "https://www.iryou.teikyouseido.mhlw.go.jp/znk-web/juminkanja/S2430/initialize?prefCd=21&kikanCd=1343001242&kikanKbn=3", "url2": null, "内容": "いわた歯科医院【3:歯科】岐阜県岐阜市中西郷４ー１１７エフブルーム２　１Ｆ" }, "geometry": { "type": "Point", "coordinates": [ 136.696583, 35.468609 ] } },
{ "type": "Feature", "properties": { "ID": 2131343001244, "正式名称": "あんどうめぐみデンタルクリニック", "機関区分": 3, "都道府県コード": 21, "市区町村コード": 201, "所在地": "岐阜県岐阜市竜田町６ー７ー１山口ビル１Ｆ", "緯度": 35.410243, "経度": 136.767692, "url": "https://www.iryou.teikyouseido.mhlw.go.jp/znk-web/juminkanja/S2430/initialize?prefCd=21&kikanCd=1343001244&kikanKbn=3", "url2": null, "内容": "あんどうめぐみデンタルクリニック【3:歯科】岐阜県岐阜市竜田町６ー７ー１山口ビル１Ｆ" }, "geometry": { "type": "Point", "coordinates": [ 136.767692, 35.410243 ] } },
{ "type": "Feature", "properties": { "ID": 2131343001245, "正式名称": "六条歯科クリニック", "機関区分": 3, "都道府県コード": 21, "市区町村コード": 201, "所在地": "岐阜県岐阜市六条北２丁目１２ー１", "緯度": 35.401593, "経度": 136.742244, "url": "https://www.iryou.teikyouseido.mhlw.go.jp/znk-web/juminkanja/S2430/initialize?prefCd=21&kikanCd=1343001245&kikanKbn=3", "url2": "http://www.rokujo.net/", "内容": "六条歯科クリニック【3:歯科】岐阜県岐阜市六条北２丁目１２ー１" }, "geometry": { "type": "Point", "coordinates": [ 136.742244, 35.401593 ] } },
{ "type": "Feature", "properties": { "ID": 2131343001249, "正式名称": "セイワ歯科", "機関区分": 3, "都道府県コード": 21, "市区町村コード": 201, "所在地": "岐阜県岐阜市東栄町３丁目１９", "緯度": 35.414462, "経度": 136.779165, "url": "https://www.iryou.teikyouseido.mhlw.go.jp/znk-web/juminkanja/S2430/initialize?prefCd=21&kikanCd=1343001249&kikanKbn=3", "url2": null, "内容": "セイワ歯科【3:歯科】岐阜県岐阜市東栄町３丁目１９" }, "geometry": { "type": "Point", "coordinates": [ 136.779165, 35.414462 ] } },
{ "type": "Feature", "properties": { "ID": 2131343001253, "正式名称": "たなせこどもデンタルクリニック", "機関区分": 3, "都道府県コード": 21, "市区町村コード": 201, "所在地": "岐阜県岐阜市河渡２ー２３", "緯度": 35.409379, "経度": 136.698007, "url": "https://www.iryou.teikyouseido.mhlw.go.jp/znk-web/juminkanja/S2430/initialize?prefCd=21&kikanCd=1343001253&kikanKbn=3", "url2": "http://tanase-kodomo-dc.com/", "内容": "たなせこどもデンタルクリニック【3:歯科】岐阜県岐阜市河渡２ー２３" }, "geometry": { "type": "Point", "coordinates": [ 136.698007, 35.409379 ] } },
{ "type": "Feature", "properties": { "ID": 2131343001256, "正式名称": "カジカワ歯科医院", "機関区分": 3, "都道府県コード": 21, "市区町村コード": 201, "所在地": "岐阜県岐阜市切通８－１－２６", "緯度": 35.404145, "経度": 136.796161, "url": "https://www.iryou.teikyouseido.mhlw.go.jp/znk-web/juminkanja/S2430/initialize?prefCd=21&kikanCd=1343001256&kikanKbn=3", "url2": null, "内容": "カジカワ歯科医院【3:歯科】岐阜県岐阜市切通８－１－２６" }, "geometry": { "type": "Point", "coordinates": [ 136.796161, 35.404145 ] } },
{ "type": "Feature", "properties": { "ID": 2131343001257, "正式名称": "三田洞歯科医院", "機関区分": 3, "都道府県コード": 21, "市区町村コード": 201, "所在地": "岐阜県岐阜市粟野西２丁目５４ー１", "緯度": 35.478356, "経度": 136.782427, "url": "https://www.iryou.teikyouseido.mhlw.go.jp/znk-web/juminkanja/S2430/initialize?prefCd=21&kikanCd=1343001257&kikanKbn=3", "url2": "http://mitahorasika.com/index.html", "内容": "三田洞歯科医院【3:歯科】岐阜県岐阜市粟野西２丁目５４ー１" }, "geometry": { "type": "Point", "coordinates": [ 136.782427, 35.478356 ] } },
{ "type": "Feature", "properties": { "ID": 2131343001258, "正式名称": "しもて歯科", "機関区分": 3, "都道府県コード": 21, "市区町村コード": 201, "所在地": "岐阜県岐阜市岩崎９７１", "緯度": 35.474686, "経度": 136.781391, "url": "https://www.iryou.teikyouseido.mhlw.go.jp/znk-web/juminkanja/S2430/initialize?prefCd=21&kikanCd=1343001258&kikanKbn=3", "url2": null, "内容": "しもて歯科【3:歯科】岐阜県岐阜市岩崎９７１" }, "geometry": { "type": "Point", "coordinates": [ 136.781391, 35.474686 ] } },
{ "type": "Feature", "properties": { "ID": 2131343001259, "正式名称": "荒井歯科医院", "機関区分": 3, "都道府県コード": 21, "市区町村コード": 201, "所在地": "岐阜県岐阜市元町５ー３４", "緯度": 35.412647, "経度": 136.763583, "url": "https://www.iryou.teikyouseido.mhlw.go.jp/znk-web/juminkanja/S2430/initialize?prefCd=21&kikanCd=1343001259&kikanKbn=3", "url2": null, "内容": "荒井歯科医院【3:歯科】岐阜県岐阜市元町５ー３４" }, "geometry": { "type": "Point", "coordinates": [ 136.763583, 35.412647 ] } },
{ "type": "Feature", "properties": { "ID": 2131343001260, "正式名称": "おじお歯科クリニック", "機関区分": 3, "都道府県コード": 21, "市区町村コード": 201, "所在地": "岐阜県岐阜市本荘西１ー１２", "緯度": 35.409342, "経度": 136.733649, "url": "https://www.iryou.teikyouseido.mhlw.go.jp/znk-web/juminkanja/S2430/initialize?prefCd=21&kikanCd=1343001260&kikanKbn=3", "url2": null, "内容": "おじお歯科クリニック【3:歯科】岐阜県岐阜市本荘西１ー１２" }, "geometry": { "type": "Point", "coordinates": [ 136.733649, 35.409342 ] } },
{ "type": "Feature", "properties": { "ID": 2131343001262, "正式名称": "しほ歯科医院", "機関区分": 3, "都道府県コード": 21, "市区町村コード": 201, "所在地": "岐阜県岐阜市茜部菱野４丁目１２－１", "緯度": 35.38228, "経度": 136.752723, "url": "https://www.iryou.teikyouseido.mhlw.go.jp/znk-web/juminkanja/S2430/initialize?prefCd=21&kikanCd=1343001262&kikanKbn=3", "url2": null, "内容": "しほ歯科医院【3:歯科】岐阜県岐阜市茜部菱野４丁目１２－１" }, "geometry": { "type": "Point", "coordinates": [ 136.752723, 35.38228 ] } },
{ "type": "Feature", "properties": { "ID": 2131343001263, "正式名称": "ゆいデンタルクリニック", "機関区分": 3, "都道府県コード": 21, "市区町村コード": 201, "所在地": "岐阜県岐阜市東島４ー３－７", "緯度": 35.428387, "経度": 136.736292, "url": "https://www.iryou.teikyouseido.mhlw.go.jp/znk-web/juminkanja/S2430/initialize?prefCd=21&kikanCd=1343001263&kikanKbn=3", "url2": null, "内容": "ゆいデンタルクリニック【3:歯科】岐阜県岐阜市東島４ー３－７" }, "geometry": { "type": "Point", "coordinates": [ 136.736292, 35.428387 ] } },
{ "type": "Feature", "properties": { "ID": 2131343001264, "正式名称": "日置矯正歯科", "機関区分": 3, "都道府県コード": 21, "市区町村コード": 201, "所在地": "岐阜県岐阜市吉野町６ー６コンフォートホテル２Ｆ", "緯度": 35.41133, "経度": 136.754803, "url": "https://www.iryou.teikyouseido.mhlw.go.jp/znk-web/juminkanja/S2430/initialize?prefCd=21&kikanCd=1343001264&kikanKbn=3", "url2": "http://hioki-kyouseishika.jp/", "内容": "日置矯正歯科【3:歯科】岐阜県岐阜市吉野町６ー６コンフォートホテル２Ｆ" }, "geometry": { "type": "Point", "coordinates": [ 136.754803, 35.41133 ] } },
{ "type": "Feature", "properties": { "ID": 2131343001265, "正式名称": "うすい歯科口腔外科クリニック", "機関区分": 3, "都道府県コード": 21, "市区町村コード": 201, "所在地": "岐阜県岐阜市則武中１ー２７ー２４", "緯度": 35.440497, "経度": 136.74411, "url": "https://www.iryou.teikyouseido.mhlw.go.jp/znk-web/juminkanja/S2430/initialize?prefCd=21&kikanCd=1343001265&kikanKbn=3", "url2": null, "内容": "うすい歯科口腔外科クリニック【3:歯科】岐阜県岐阜市則武中１ー２７ー２４" }, "geometry": { "type": "Point", "coordinates": [ 136.74411, 35.440497 ] } },
{ "type": "Feature", "properties": { "ID": 2131343001266, "正式名称": "Ｙ　ＤＥＮＴＡＬ　ＣＬＩＮＩＣ", "機関区分": 3, "都道府県コード": 21, "市区町村コード": 201, "所在地": "岐阜県岐阜市神田町９ー２７大岐阜ビル", "緯度": 35.410909, "経度": 136.758164, "url": "https://www.iryou.teikyouseido.mhlw.go.jp/znk-web/juminkanja/S2430/initialize?prefCd=21&kikanCd=1343001266&kikanKbn=3", "url2": "http://www.y-dental-clinic.com", "内容": "Ｙ　ＤＥＮＴＡＬ　ＣＬＩＮＩＣ【3:歯科】岐阜県岐阜市神田町９ー２７大岐阜ビル" }, "geometry": { "type": "Point", "coordinates": [ 136.758164, 35.410909 ] } },
{ "type": "Feature", "properties": { "ID": 2131343001276, "正式名称": "たなはし歯科・矯正歯科医院", "機関区分": 3, "都道府県コード": 21, "市区町村コード": 201, "所在地": "岐阜県岐阜市長良東１丁目２８", "緯度": 35.447949, "経度": 136.785058, "url": "https://www.iryou.teikyouseido.mhlw.go.jp/znk-web/juminkanja/S2430/initialize?prefCd=21&kikanCd=1343001276&kikanKbn=3", "url2": "https://tanahashi-dental.com", "内容": "たなはし歯科・矯正歯科医院【3:歯科】岐阜県岐阜市長良東１丁目２８" }, "geometry": { "type": "Point", "coordinates": [ 136.785058, 35.447949 ] } },
{ "type": "Feature", "properties": { "ID": 2131343001279, "正式名称": "たけだデンタルクリニック", "機関区分": 3, "都道府県コード": 21, "市区町村コード": 201, "所在地": "岐阜県岐阜市岩滝東１ー１０７", "緯度": 35.427066, "経度": 136.851131, "url": "https://www.iryou.teikyouseido.mhlw.go.jp/znk-web/juminkanja/S2430/initialize?prefCd=21&kikanCd=1343001279&kikanKbn=3", "url2": "http://kenseikai-iryou.com/", "内容": "たけだデンタルクリニック【3:歯科】岐阜県岐阜市岩滝東１ー１０７" }, "geometry": { "type": "Point", "coordinates": [ 136.851131, 35.427066 ] } },
{ "type": "Feature", "properties": { "ID": 2131343001283, "正式名称": "ＬＯＣＯ　ＤＥＮＴＡＬ　ＣＬＩＮＩＣ", "機関区分": 3, "都道府県コード": 21, "市区町村コード": 201, "所在地": "岐阜県岐阜市市橋三丁目八番十号", "緯度": 35.398459, "経度": 136.724296, "url": "https://www.iryou.teikyouseido.mhlw.go.jp/znk-web/juminkanja/S2430/initialize?prefCd=21&kikanCd=1343001283&kikanKbn=3", "url2": "http://www.loco-dc.com/", "内容": "ＬＯＣＯ　ＤＥＮＴＡＬ　ＣＬＩＮＩＣ【3:歯科】岐阜県岐阜市市橋三丁目八番十号" }, "geometry": { "type": "Point", "coordinates": [ 136.724296, 35.398459 ] } },
{ "type": "Feature", "properties": { "ID": 2131343001285, "正式名称": "たかはし歯科", "機関区分": 3, "都道府県コード": 21, "市区町村コード": 201, "所在地": "岐阜県岐阜市柳津町南塚１ー８７ー１", "緯度": 35.364456, "経度": 136.739012, "url": "https://www.iryou.teikyouseido.mhlw.go.jp/znk-web/juminkanja/S2430/initialize?prefCd=21&kikanCd=1343001285&kikanKbn=3", "url2": null, "内容": "たかはし歯科【3:歯科】岐阜県岐阜市柳津町南塚１ー８７ー１" }, "geometry": { "type": "Point", "coordinates": [ 136.739012, 35.364456 ] } },
{ "type": "Feature", "properties": { "ID": 2131343001288, "正式名称": "歯科ｉ・オーラルクリニック", "機関区分": 3, "都道府県コード": 21, "市区町村コード": 201, "所在地": "岐阜県岐阜市橋本町２ー５２岐阜シティタワー４３　３Ｆ", "緯度": 35.410927, "経度": 136.75397, "url": "https://www.iryou.teikyouseido.mhlw.go.jp/znk-web/juminkanja/S2430/initialize?prefCd=21&kikanCd=1343001288&kikanKbn=3", "url2": "http://www.i-oralclinic.com", "内容": "歯科ｉ・オーラルクリニック【3:歯科】岐阜県岐阜市橋本町２ー５２岐阜シティタワー４３　３Ｆ" }, "geometry": { "type": "Point", "coordinates": [ 136.75397, 35.410927 ] } },
{ "type": "Feature", "properties": { "ID": 2131343001289, "正式名称": "ひろせ歯科医院", "機関区分": 3, "都道府県コード": 21, "市区町村コード": 201, "所在地": "岐阜県岐阜市福光南町２２ー６", "緯度": 35.449482, "経度": 136.768593, "url": "https://www.iryou.teikyouseido.mhlw.go.jp/znk-web/juminkanja/S2430/initialize?prefCd=21&kikanCd=1343001289&kikanKbn=3", "url2": "http://www.hirose-dentalclinic.com/index.html", "内容": "ひろせ歯科医院【3:歯科】岐阜県岐阜市福光南町２２ー６" }, "geometry": { "type": "Point", "coordinates": [ 136.768593, 35.449482 ] } },
{ "type": "Feature", "properties": { "ID": 2131343001291, "正式名称": "いずみ歯科", "機関区分": 3, "都道府県コード": 21, "市区町村コード": 201, "所在地": "岐阜県岐阜市石原２－２０４－２", "緯度": 35.491181, "経度": 136.83394, "url": "https://www.iryou.teikyouseido.mhlw.go.jp/znk-web/juminkanja/S2430/initialize?prefCd=21&kikanCd=1343001291&kikanKbn=3", "url2": null, "内容": "いずみ歯科【3:歯科】岐阜県岐阜市石原２－２０４－２" }, "geometry": { "type": "Point", "coordinates": [ 136.83394, 35.491181 ] } },
{ "type": "Feature", "properties": { "ID": 2131343001293, "正式名称": "りお歯科クリニック", "機関区分": 3, "都道府県コード": 21, "市区町村コード": 201, "所在地": "岐阜県岐阜市北島８－１－１", "緯度": 35.430072, "経度": 136.732844, "url": "https://www.iryou.teikyouseido.mhlw.go.jp/znk-web/juminkanja/S2430/initialize?prefCd=21&kikanCd=1343001293&kikanKbn=3", "url2": "http://www.rio-dc.com", "内容": "りお歯科クリニック【3:歯科】岐阜県岐阜市北島８－１－１" }, "geometry": { "type": "Point", "coordinates": [ 136.732844, 35.430072 ] } },
{ "type": "Feature", "properties": { "ID": 2131343001294, "正式名称": "やまもと歯科矯正歯科クリニック", "機関区分": 3, "都道府県コード": 21, "市区町村コード": 201, "所在地": "岐阜県岐阜市北島４丁目６番６号", "緯度": 35.432941, "経度": 136.727264, "url": "https://www.iryou.teikyouseido.mhlw.go.jp/znk-web/juminkanja/S2430/initialize?prefCd=21&kikanCd=1343001294&kikanKbn=3", "url2": "http://www.yamamoto-kyosei.com", "内容": "やまもと歯科矯正歯科クリニック【3:歯科】岐阜県岐阜市北島４丁目６番６号" }, "geometry": { "type": "Point", "coordinates": [ 136.727264, 35.432941 ] } },
{ "type": "Feature", "properties": { "ID": 2131343001295, "正式名称": "アルファデンタルクリニック", "機関区分": 3, "都道府県コード": 21, "市区町村コード": 201, "所在地": "岐阜県岐阜市市橋６ー７ー１７", "緯度": 35.400839, "経度": 136.719887, "url": "https://www.iryou.teikyouseido.mhlw.go.jp/znk-web/juminkanja/S2430/initialize?prefCd=21&kikanCd=1343001295&kikanKbn=3", "url2": "http://www.alpha-dc.info/", "内容": "アルファデンタルクリニック【3:歯科】岐阜県岐阜市市橋６ー７ー１７" }, "geometry": { "type": "Point", "coordinates": [ 136.719887, 35.400839 ] } },
{ "type": "Feature", "properties": { "ID": 2131343001297, "正式名称": "あいデンタルクリニック", "機関区分": 3, "都道府県コード": 21, "市区町村コード": 201, "所在地": "岐阜県岐阜市粟野西３丁目６１ー１", "緯度": 35.48284, "経度": 136.778514, "url": "https://www.iryou.teikyouseido.mhlw.go.jp/znk-web/juminkanja/S2430/initialize?prefCd=21&kikanCd=1343001297&kikanKbn=3", "url2": "http://ai-dental-clinic.com/", "内容": "あいデンタルクリニック【3:歯科】岐阜県岐阜市粟野西３丁目６１ー１" }, "geometry": { "type": "Point", "coordinates": [ 136.778514, 35.48284 ] } },
{ "type": "Feature", "properties": { "ID": 2131343001302, "正式名称": "ながもり矯正歯科", "機関区分": 3, "都道府県コード": 21, "市区町村コード": 201, "所在地": "岐阜県岐阜市野一色３丁目１０番７号", "緯度": 35.415567, "経度": 136.800978, "url": "https://www.iryou.teikyouseido.mhlw.go.jp/znk-web/juminkanja/S2430/initialize?prefCd=21&kikanCd=1343001302&kikanKbn=3", "url2": "http://nagamori-ortho.com/", "内容": "ながもり矯正歯科【3:歯科】岐阜県岐阜市野一色３丁目１０番７号" }, "geometry": { "type": "Point", "coordinates": [ 136.800978, 35.415567 ] } },
{ "type": "Feature", "properties": { "ID": 2131343001303, "正式名称": "ソフィア歯科クリニック", "機関区分": 3, "都道府県コード": 21, "市区町村コード": 201, "所在地": "岐阜県岐阜市黒野字溝西５０１ー７", "緯度": 35.460652, "経度": 136.722467, "url": "https://www.iryou.teikyouseido.mhlw.go.jp/znk-web/juminkanja/S2430/initialize?prefCd=21&kikanCd=1343001303&kikanKbn=3", "url2": null, "内容": "ソフィア歯科クリニック【3:歯科】岐阜県岐阜市黒野字溝西５０１ー７" }, "geometry": { "type": "Point", "coordinates": [ 136.722467, 35.460652 ] } },
{ "type": "Feature", "properties": { "ID": 2131343001304, "正式名称": "京町　山本歯科", "機関区分": 3, "都道府県コード": 21, "市区町村コード": 201, "所在地": "岐阜県岐阜市京町３ー１２", "緯度": 35.424899, "経度": 136.756955, "url": "https://www.iryou.teikyouseido.mhlw.go.jp/znk-web/juminkanja/S2430/initialize?prefCd=21&kikanCd=1343001304&kikanKbn=3", "url2": "http://www.yamamoto-dc1010.com", "内容": "京町　山本歯科【3:歯科】岐阜県岐阜市京町３ー１２" }, "geometry": { "type": "Point", "coordinates": [ 136.756955, 35.424899 ] } },
{ "type": "Feature", "properties": { "ID": 2131343001305, "正式名称": "医療法人髙佳会　ぎふデンタルフォレスト", "機関区分": 3, "都道府県コード": 21, "市区町村コード": 201, "所在地": "岐阜県岐阜市伊奈波通丁目１２－５", "緯度": 35.429486, "経度": 136.764554, "url": "https://www.iryou.teikyouseido.mhlw.go.jp/znk-web/juminkanja/S2430/initialize?prefCd=21&kikanCd=1343001305&kikanKbn=3", "url2": null, "内容": "医療法人髙佳会　ぎふデンタルフォレスト【3:歯科】岐阜県岐阜市伊奈波通丁目１２－５" }, "geometry": { "type": "Point", "coordinates": [ 136.764554, 35.429486 ] } },
{ "type": "Feature", "properties": { "ID": 2131343001307, "正式名称": "ゆした歯科医院", "機関区分": 3, "都道府県コード": 21, "市区町村コード": 201, "所在地": "岐阜県岐阜市長良福光５０－１", "緯度": 35.492836, "経度": 136.831359, "url": "https://www.iryou.teikyouseido.mhlw.go.jp/znk-web/juminkanja/S2430/initialize?prefCd=21&kikanCd=1343001307&kikanKbn=3", "url2": "http://www.yushita-dc.com/", "内容": "ゆした歯科医院【3:歯科】岐阜県岐阜市長良福光５０－１" }, "geometry": { "type": "Point", "coordinates": [ 136.831359, 35.492836 ] } },
{ "type": "Feature", "properties": { "ID": 2131343001309, "正式名称": "きしもと矯正歯科クリニック", "機関区分": 3, "都道府県コード": 21, "市区町村コード": 201, "所在地": "岐阜県岐阜市長住町２−４大橋ビル３Ｆ", "緯度": 35.412361, "経度": 136.76045, "url": "https://www.iryou.teikyouseido.mhlw.go.jp/znk-web/juminkanja/S2430/initialize?prefCd=21&kikanCd=1343001309&kikanKbn=3", "url2": "http://www.kikcs.com/", "内容": "きしもと矯正歯科クリニック【3:歯科】岐阜県岐阜市長住町２−４大橋ビル３Ｆ" }, "geometry": { "type": "Point", "coordinates": [ 136.76045, 35.412361 ] } },
{ "type": "Feature", "properties": { "ID": 2131343001311, "正式名称": "安部歯科医院", "機関区分": 3, "都道府県コード": 21, "市区町村コード": 201, "所在地": "岐阜県岐阜市久屋町２６番地", "緯度": 35.433355, "経度": 136.767943, "url": "https://www.iryou.teikyouseido.mhlw.go.jp/znk-web/juminkanja/S2430/initialize?prefCd=21&kikanCd=1343001311&kikanKbn=3", "url2": null, "内容": "安部歯科医院【3:歯科】岐阜県岐阜市久屋町２６番地" }, "geometry": { "type": "Point", "coordinates": [ 136.767943, 35.433355 ] } },
{ "type": "Feature", "properties": { "ID": 2131343001312, "正式名称": "医療法人　はぐくみ　こぐま歯科", "機関区分": 3, "都道府県コード": 21, "市区町村コード": 201, "所在地": "岐阜県岐阜市柳津町宮東３丁目１番地", "緯度": 35.368706, "経度": 136.736568, "url": "https://www.iryou.teikyouseido.mhlw.go.jp/znk-web/juminkanja/S2430/initialize?prefCd=21&kikanCd=1343001312&kikanKbn=3", "url2": "http://www.kogumachan.com", "内容": "医療法人　はぐくみ　こぐま歯科【3:歯科】岐阜県岐阜市柳津町宮東３丁目１番地" }, "geometry": { "type": "Point", "coordinates": [ 136.736568, 35.368706 ] } },
{ "type": "Feature", "properties": { "ID": 2131343001313, "正式名称": "まつだ歯科クリニック", "機関区分": 3, "都道府県コード": 21, "市区町村コード": 201, "所在地": "岐阜県岐阜市則武東４丁目６番９号", "緯度": 35.442535, "経度": 136.750622, "url": "https://www.iryou.teikyouseido.mhlw.go.jp/znk-web/juminkanja/S2430/initialize?prefCd=21&kikanCd=1343001313&kikanKbn=3", "url2": "http://matsuda-dc.net", "内容": "まつだ歯科クリニック【3:歯科】岐阜県岐阜市則武東４丁目６番９号" }, "geometry": { "type": "Point", "coordinates": [ 136.750622, 35.442535 ] } },
{ "type": "Feature", "properties": { "ID": 2131343001314, "正式名称": "カノウ歯科診療所", "機関区分": 3, "都道府県コード": 21, "市区町村コード": 201, "所在地": "岐阜県岐阜市六条東一丁目２番の１", "緯度": 35.404259, "経度": 136.747291, "url": "https://www.iryou.teikyouseido.mhlw.go.jp/znk-web/juminkanja/S2430/initialize?prefCd=21&kikanCd=1343001314&kikanKbn=3", "url2": "kanoushika-shinyousho.com", "内容": "カノウ歯科診療所【3:歯科】岐阜県岐阜市六条東一丁目２番の１" }, "geometry": { "type": "Point", "coordinates": [ 136.747291, 35.404259 ] } },
{ "type": "Feature", "properties": { "ID": 2131343001315, "正式名称": "あおやま歯科クリニック", "機関区分": 3, "都道府県コード": 21, "市区町村コード": 201, "所在地": "岐阜県岐阜市日野７丁目１１－８", "緯度": 35.429439, "経度": 136.812401, "url": "https://www.iryou.teikyouseido.mhlw.go.jp/znk-web/juminkanja/S2430/initialize?prefCd=21&kikanCd=1343001315&kikanKbn=3", "url2": "http://aoyamashika.com", "内容": "あおやま歯科クリニック【3:歯科】岐阜県岐阜市日野７丁目１１－８" }, "geometry": { "type": "Point", "coordinates": [ 136.812401, 35.429439 ] } },
{ "type": "Feature", "properties": { "ID": 2131343001317, "正式名称": "ベルデンタルオフィス黒野", "機関区分": 3, "都道府県コード": 21, "市区町村コード": 201, "所在地": "岐阜県岐阜市洞９９１", "緯度": 35.469793, "経度": 136.714482, "url": "https://www.iryou.teikyouseido.mhlw.go.jp/znk-web/juminkanja/S2430/initialize?prefCd=21&kikanCd=1343001317&kikanKbn=3", "url2": null, "内容": "ベルデンタルオフィス黒野【3:歯科】岐阜県岐阜市洞９９１" }, "geometry": { "type": "Point", "coordinates": [ 136.714482, 35.469793 ] } },
{ "type": "Feature", "properties": { "ID": 2131343001318, "正式名称": "おおさわ歯科クリニック", "機関区分": 3, "都道府県コード": 21, "市区町村コード": 201, "所在地": "岐阜県岐阜市菊地町２ー１１", "緯度": 35.407507, "経度": 136.746848, "url": "https://www.iryou.teikyouseido.mhlw.go.jp/znk-web/juminkanja/S2430/initialize?prefCd=21&kikanCd=1343001318&kikanKbn=3", "url2": "http://www2.e8148.net/osawa/pc", "内容": "おおさわ歯科クリニック【3:歯科】岐阜県岐阜市菊地町２ー１１" }, "geometry": { "type": "Point", "coordinates": [ 136.746848, 35.407507 ] } },
{ "type": "Feature", "properties": { "ID": 2131343001320, "正式名称": "ヤナガセ歯科クリニック", "機関区分": 3, "都道府県コード": 21, "市区町村コード": 201, "所在地": "岐阜県岐阜市金町３ー３", "緯度": 35.419065, "経度": 136.757512, "url": "https://www.iryou.teikyouseido.mhlw.go.jp/znk-web/juminkanja/S2430/initialize?prefCd=21&kikanCd=1343001320&kikanKbn=3", "url2": "http://www.yanagase-dental-clinic.com", "内容": "ヤナガセ歯科クリニック【3:歯科】岐阜県岐阜市金町３ー３" }, "geometry": { "type": "Point", "coordinates": [ 136.757512, 35.419065 ] } },
{ "type": "Feature", "properties": { "ID": 2131343001322, "正式名称": "岩砂歯科クリニック", "機関区分": 3, "都道府県コード": 21, "市区町村コード": 201, "所在地": "岐阜県岐阜市八代１ー１３ー１", "緯度": 35.458739, "経度": 136.774464, "url": "https://www.iryou.teikyouseido.mhlw.go.jp/znk-web/juminkanja/S2430/initialize?prefCd=21&kikanCd=1343001322&kikanKbn=3", "url2": "http://iwasa-dentalclinic.jp/", "内容": "岩砂歯科クリニック【3:歯科】岐阜県岐阜市八代１ー１３ー１" }, "geometry": { "type": "Point", "coordinates": [ 136.774464, 35.458739 ] } },
{ "type": "Feature", "properties": { "ID": 2131343001323, "正式名称": "医療法人　髙佳会　ぎふデンタルフォレスト　アネックス", "機関区分": 3, "都道府県コード": 21, "市区町村コード": 201, "所在地": "岐阜県岐阜市北一色十丁目３８番地３", "緯度": 35.409111, "経度": 136.794341, "url": "https://www.iryou.teikyouseido.mhlw.go.jp/znk-web/juminkanja/S2430/initialize?prefCd=21&kikanCd=1343001323&kikanKbn=3", "url2": null, "内容": "医療法人　髙佳会　ぎふデンタルフォレスト　アネックス【3:歯科】岐阜県岐阜市北一色十丁目３８番地３" }, "geometry": { "type": "Point", "coordinates": [ 136.794341, 35.409111 ] } },
{ "type": "Feature", "properties": { "ID": 2131343001324, "正式名称": "にしぎふ歯科", "機関区分": 3, "都道府県コード": 21, "市区町村コード": 201, "所在地": "岐阜県岐阜市西荘３－５－６", "緯度": 35.41251, "経度": 136.727684, "url": "https://www.iryou.teikyouseido.mhlw.go.jp/znk-web/juminkanja/S2430/initialize?prefCd=21&kikanCd=1343001324&kikanKbn=3", "url2": "http://www.nishigifu-shika.com", "内容": "にしぎふ歯科【3:歯科】岐阜県岐阜市西荘３－５－６" }, "geometry": { "type": "Point", "coordinates": [ 136.727684, 35.41251 ] } },
{ "type": "Feature", "properties": { "ID": 2131343001325, "正式名称": "あんどう歯科クリニック", "機関区分": 3, "都道府県コード": 21, "市区町村コード": 201, "所在地": "岐阜県岐阜市加納八幡町１０ー２", "緯度": 35.402579, "経度": 136.76714, "url": "https://www.iryou.teikyouseido.mhlw.go.jp/znk-web/juminkanja/S2430/initialize?prefCd=21&kikanCd=1343001325&kikanKbn=3", "url2": null, "内容": "あんどう歯科クリニック【3:歯科】岐阜県岐阜市加納八幡町１０ー２" }, "geometry": { "type": "Point", "coordinates": [ 136.76714, 35.402579 ] } },
{ "type": "Feature", "properties": { "ID": 2131343001326, "正式名称": "梅林歯科クリニック", "機関区分": 3, "都道府県コード": 21, "市区町村コード": 201, "所在地": "岐阜県岐阜市金園町４丁目３１　藤芳ビル１階", "緯度": 35.417252, "経度": 136.766168, "url": "https://www.iryou.teikyouseido.mhlw.go.jp/znk-web/juminkanja/S2430/initialize?prefCd=21&kikanCd=1343001326&kikanKbn=3", "url2": null, "内容": "梅林歯科クリニック【3:歯科】岐阜県岐阜市金園町４丁目３１　藤芳ビル１階" }, "geometry": { "type": "Point", "coordinates": [ 136.766168, 35.417252 ] } },
{ "type": "Feature", "properties": { "ID": 2131343001327, "正式名称": "竹村歯科医院", "機関区分": 3, "都道府県コード": 21, "市区町村コード": 201, "所在地": "岐阜県岐阜市福光東１ー２９ー５", "緯度": 35.451798, "経度": 136.770899, "url": "https://www.iryou.teikyouseido.mhlw.go.jp/znk-web/juminkanja/S2430/initialize?prefCd=21&kikanCd=1343001327&kikanKbn=3", "url2": "http://fdoc.jp/clinic/detail/index/id/79817/", "内容": "竹村歯科医院【3:歯科】岐阜県岐阜市福光東１ー２９ー５" }, "geometry": { "type": "Point", "coordinates": [ 136.770899, 35.451798 ] } },
{ "type": "Feature", "properties": { "ID": 2131343001329, "正式名称": "河合歯科医院　大洞歯科診療所", "機関区分": 3, "都道府県コード": 21, "市区町村コード": 201, "所在地": "岐阜県岐阜市芥見南山三丁目７番２号", "緯度": 35.455564, "経度": 136.862371, "url": "https://www.iryou.teikyouseido.mhlw.go.jp/znk-web/juminkanja/S2430/initialize?prefCd=21&kikanCd=1343001329&kikanKbn=3", "url2": null, "内容": "河合歯科医院　大洞歯科診療所【3:歯科】岐阜県岐阜市芥見南山三丁目７番２号" }, "geometry": { "type": "Point", "coordinates": [ 136.862371, 35.455564 ] } },
{ "type": "Feature", "properties": { "ID": 2131343001330, "正式名称": "高橋デンタルクリニック", "機関区分": 3, "都道府県コード": 21, "市区町村コード": 201, "所在地": "岐阜県岐阜市加納清水町２丁目１番地", "緯度": 35.407796, "経度": 136.758278, "url": "https://www.iryou.teikyouseido.mhlw.go.jp/znk-web/juminkanja/S2430/initialize?prefCd=21&kikanCd=1343001330&kikanKbn=3", "url2": "http://www.dc-takahashi.com/", "内容": "高橋デンタルクリニック【3:歯科】岐阜県岐阜市加納清水町２丁目１番地" }, "geometry": { "type": "Point", "coordinates": [ 136.758278, 35.407796 ] } },
{ "type": "Feature", "properties": { "ID": 2131343001331, "正式名称": "あおい歯科こども歯科", "機関区分": 3, "都道府県コード": 21, "市区町村コード": 201, "所在地": "岐阜県岐阜市領下５丁目５６番地の１", "緯度": 35.407514, "経度": 136.780934, "url": "https://www.iryou.teikyouseido.mhlw.go.jp/znk-web/juminkanja/S2430/initialize?prefCd=21&kikanCd=1343001331&kikanKbn=3", "url2": "aoident.jimdo.com", "内容": "あおい歯科こども歯科【3:歯科】岐阜県岐阜市領下５丁目５６番地の１" }, "geometry": { "type": "Point", "coordinates": [ 136.780934, 35.407514 ] } },
{ "type": "Feature", "properties": { "ID": 2131343001332, "正式名称": "こさいごう歯科", "機関区分": 3, "都道府県コード": 21, "市区町村コード": 201, "所在地": "岐阜県岐阜市小西郷５７６ー６", "緯度": 35.455673, "経度": 136.69993, "url": "https://www.iryou.teikyouseido.mhlw.go.jp/znk-web/juminkanja/S2430/initialize?prefCd=21&kikanCd=1343001332&kikanKbn=3", "url2": null, "内容": "こさいごう歯科【3:歯科】岐阜県岐阜市小西郷５７６ー６" }, "geometry": { "type": "Point", "coordinates": [ 136.69993, 35.455673 ] } },
{ "type": "Feature", "properties": { "ID": 2131343001334, "正式名称": "大口歯科医院", "機関区分": 3, "都道府県コード": 21, "市区町村コード": 201, "所在地": "岐阜県岐阜市柳津町北塚４－１６", "緯度": 35.368265, "経度": 136.73246, "url": "https://www.iryou.teikyouseido.mhlw.go.jp/znk-web/juminkanja/S2430/initialize?prefCd=21&kikanCd=1343001334&kikanKbn=3", "url2": "www.ooguchi-shika.com", "内容": "大口歯科医院【3:歯科】岐阜県岐阜市柳津町北塚４－１６" }, "geometry": { "type": "Point", "coordinates": [ 136.73246, 35.368265 ] } },
{ "type": "Feature", "properties": { "ID": 2131343001335, "正式名称": "ファミリー歯科", "機関区分": 3, "都道府県コード": 21, "市区町村コード": 201, "所在地": "岐阜県岐阜市柳津町上佐波西５ー３４", "緯度": 35.374132, "経度": 136.712591, "url": "https://www.iryou.teikyouseido.mhlw.go.jp/znk-web/juminkanja/S2430/initialize?prefCd=21&kikanCd=1343001335&kikanKbn=3", "url2": null, "内容": "ファミリー歯科【3:歯科】岐阜県岐阜市柳津町上佐波西５ー３４" }, "geometry": { "type": "Point", "coordinates": [ 136.712591, 35.374132 ] } },
{ "type": "Feature", "properties": { "ID": 2131343001337, "正式名称": "医療法人　はぐくみ　おおくま歯科", "機関区分": 3, "都道府県コード": 21, "市区町村コード": 201, "所在地": "岐阜県岐阜市柳津町宮東３丁目２４番地", "緯度": 35.368829, "経度": 136.737819, "url": "https://www.iryou.teikyouseido.mhlw.go.jp/znk-web/juminkanja/S2430/initialize?prefCd=21&kikanCd=1343001337&kikanKbn=3", "url2": "http://www.ohkumashika.com", "内容": "医療法人　はぐくみ　おおくま歯科【3:歯科】岐阜県岐阜市柳津町宮東３丁目２４番地" }, "geometry": { "type": "Point", "coordinates": [ 136.737819, 35.368829 ] } },
{ "type": "Feature", "properties": { "ID": 2131343001342, "正式名称": "コメット歯科クリニック", "機関区分": 3, "都道府県コード": 21, "市区町村コード": 201, "所在地": "岐阜県岐阜市下土居３丁目３ー１１", "緯度": 35.454633, "経度": 136.754385, "url": "https://www.iryou.teikyouseido.mhlw.go.jp/znk-web/juminkanja/S2430/initialize?prefCd=21&kikanCd=1343001342&kikanKbn=3", "url2": "http://comet-1.com/", "内容": "コメット歯科クリニック【3:歯科】岐阜県岐阜市下土居３丁目３ー１１" }, "geometry": { "type": "Point", "coordinates": [ 136.754385, 35.454633 ] } },
{ "type": "Feature", "properties": { "ID": 2131343001353, "正式名称": "ほその歯科医院", "機関区分": 3, "都道府県コード": 21, "市区町村コード": 201, "所在地": "岐阜県岐阜市福光西３丁目９−１０", "緯度": 35.456355, "経度": 136.767977, "url": "https://www.iryou.teikyouseido.mhlw.go.jp/znk-web/juminkanja/S2430/initialize?prefCd=21&kikanCd=1343001353&kikanKbn=3", "url2": "http://nagara-shika.com/", "内容": "ほその歯科医院【3:歯科】岐阜県岐阜市福光西３丁目９−１０" }, "geometry": { "type": "Point", "coordinates": [ 136.767977, 35.456355 ] } },
{ "type": "Feature", "properties": { "ID": 2131343001354, "正式名称": "たむら歯科クリニック", "機関区分": 3, "都道府県コード": 21, "市区町村コード": 201, "所在地": "岐阜県岐阜市城東通４－１７", "緯度": 35.394966, "経度": 136.765236, "url": "https://www.iryou.teikyouseido.mhlw.go.jp/znk-web/juminkanja/S2430/initialize?prefCd=21&kikanCd=1343001354&kikanKbn=3", "url2": "http://www.tamura-dent.com", "内容": "たむら歯科クリニック【3:歯科】岐阜県岐阜市城東通４－１７" }, "geometry": { "type": "Point", "coordinates": [ 136.765236, 35.394966 ] } },
{ "type": "Feature", "properties": { "ID": 2131343001355, "正式名称": "とも歯科クリニック", "機関区分": 3, "都道府県コード": 21, "市区町村コード": 201, "所在地": "岐阜県岐阜市福光西", "緯度": 35.4539, "経度": 136.76993, "url": "https://www.iryou.teikyouseido.mhlw.go.jp/znk-web/juminkanja/S2430/initialize?prefCd=21&kikanCd=1343001355&kikanKbn=3", "url2": "www.tomodental.jp", "内容": "とも歯科クリニック【3:歯科】岐阜県岐阜市福光西" }, "geometry": { "type": "Point", "coordinates": [ 136.76993, 35.4539 ] } },
{ "type": "Feature", "properties": { "ID": 2131343001356, "正式名称": "医療法人桐華会　桐山歯科医院", "機関区分": 3, "都道府県コード": 21, "市区町村コード": 201, "所在地": "岐阜県岐阜市司町２２番地", "緯度": 35.426601, "経度": 136.761206, "url": "https://www.iryou.teikyouseido.mhlw.go.jp/znk-web/juminkanja/S2430/initialize?prefCd=21&kikanCd=1343001356&kikanKbn=3", "url2": "http://kiriyama-dc.com", "内容": "医療法人桐華会　桐山歯科医院【3:歯科】岐阜県岐阜市司町２２番地" }, "geometry": { "type": "Point", "coordinates": [ 136.761206, 35.426601 ] } },
{ "type": "Feature", "properties": { "ID": 2131343001358, "正式名称": "山勝歯科医院", "機関区分": 3, "都道府県コード": 21, "市区町村コード": 201, "所在地": "岐阜県岐阜市神田町９丁目１５トリタビル３階", "緯度": 35.411983, "経度": 136.759115, "url": "https://www.iryou.teikyouseido.mhlw.go.jp/znk-web/juminkanja/S2430/initialize?prefCd=21&kikanCd=1343001358&kikanKbn=3", "url2": "http://yamakatu.ddns.net", "内容": "山勝歯科医院【3:歯科】岐阜県岐阜市神田町９丁目１５トリタビル３階" }, "geometry": { "type": "Point", "coordinates": [ 136.759115, 35.411983 ] } },
{ "type": "Feature", "properties": { "ID": 2131343001359, "正式名称": "つぼい歯科", "機関区分": 3, "都道府県コード": 21, "市区町村コード": 201, "所在地": "岐阜県岐阜市茜部野瀬３丁目３１番地", "緯度": 35.375312, "経度": 136.746982, "url": "https://www.iryou.teikyouseido.mhlw.go.jp/znk-web/juminkanja/S2430/initialize?prefCd=21&kikanCd=1343001359&kikanKbn=3", "url2": null, "内容": "つぼい歯科【3:歯科】岐阜県岐阜市茜部野瀬３丁目３１番地" }, "geometry": { "type": "Point", "coordinates": [ 136.746982, 35.375312 ] } },
{ "type": "Feature", "properties": { "ID": 2131343001360, "正式名称": "医療法人ウイズ　伊塚歯科医院", "機関区分": 3, "都道府県コード": 21, "市区町村コード": 201, "所在地": "岐阜県岐阜市徹明通３－１７", "緯度": 35.417277, "経度": 136.755141, "url": "https://www.iryou.teikyouseido.mhlw.go.jp/znk-web/juminkanja/S2430/initialize?prefCd=21&kikanCd=1343001360&kikanKbn=3", "url2": "http://www.izukashika.com", "内容": "医療法人ウイズ　伊塚歯科医院【3:歯科】岐阜県岐阜市徹明通３－１７" }, "geometry": { "type": "Point", "coordinates": [ 136.755141, 35.417277 ] } },
{ "type": "Feature", "properties": { "ID": 2131343001363, "正式名称": "えんどデンタルクリニック", "機関区分": 3, "都道府県コード": 21, "市区町村コード": 201, "所在地": "岐阜県岐阜市茜部菱野三丁目二一九番地一", "緯度": 35.382943, "経度": 136.747881, "url": "https://www.iryou.teikyouseido.mhlw.go.jp/znk-web/juminkanja/S2430/initialize?prefCd=21&kikanCd=1343001363&kikanKbn=3", "url2": "http://www.endo-dental-clinic.com", "内容": "えんどデンタルクリニック【3:歯科】岐阜県岐阜市茜部菱野三丁目二一九番地一" }, "geometry": { "type": "Point", "coordinates": [ 136.747881, 35.382943 ] } },
{ "type": "Feature", "properties": { "ID": 2131343001371, "正式名称": "はなみずき通り歯科", "機関区分": 3, "都道府県コード": 21, "市区町村コード": 201, "所在地": "岐阜県岐阜市中鶉２丁目１１６番地１", "緯度": 35.384251, "経度": 136.729817, "url": "https://www.iryou.teikyouseido.mhlw.go.jp/znk-web/juminkanja/S2430/initialize?prefCd=21&kikanCd=1343001371&kikanKbn=3", "url2": "http://www.hanamizuki-st-dc.com", "内容": "はなみずき通り歯科【3:歯科】岐阜県岐阜市中鶉２丁目１１６番地１" }, "geometry": { "type": "Point", "coordinates": [ 136.729817, 35.384251 ] } },
{ "type": "Feature", "properties": { "ID": 2131343001375, "正式名称": "ハルイロ歯科クリニック", "機関区分": 3, "都道府県コード": 21, "市区町村コード": 201, "所在地": "岐阜県岐阜市西中島", "緯度": 35.425128, "経度": 136.726148, "url": "https://www.iryou.teikyouseido.mhlw.go.jp/znk-web/juminkanja/S2430/initialize?prefCd=21&kikanCd=1343001375&kikanKbn=3", "url2": "https://haru-iro.com/", "内容": "ハルイロ歯科クリニック【3:歯科】岐阜県岐阜市西中島" }, "geometry": { "type": "Point", "coordinates": [ 136.726148, 35.425128 ] } },
{ "type": "Feature", "properties": { "ID": 2131343001376, "正式名称": "カリス歯科クリニック", "機関区分": 3, "都道府県コード": 21, "市区町村コード": 201, "所在地": "岐阜県岐阜市野一色５丁目１１ー１６", "緯度": 35.413132, "経度": 136.807862, "url": "https://www.iryou.teikyouseido.mhlw.go.jp/znk-web/juminkanja/S2430/initialize?prefCd=21&kikanCd=1343001376&kikanKbn=3", "url2": "charis-dc.com", "内容": "カリス歯科クリニック【3:歯科】岐阜県岐阜市野一色５丁目１１ー１６" }, "geometry": { "type": "Point", "coordinates": [ 136.807862, 35.413132 ] } },
{ "type": "Feature", "properties": { "ID": 2131343001378, "正式名称": "宮本歯科医院", "機関区分": 3, "都道府県コード": 21, "市区町村コード": 201, "所在地": "岐阜県岐阜市蔵前５丁目１９番４号", "緯度": 35.394867, "経度": 136.804347, "url": "https://www.iryou.teikyouseido.mhlw.go.jp/znk-web/juminkanja/S2430/initialize?prefCd=21&kikanCd=1343001378&kikanKbn=3", "url2": null, "内容": "宮本歯科医院【3:歯科】岐阜県岐阜市蔵前５丁目１９番４号" }, "geometry": { "type": "Point", "coordinates": [ 136.804347, 35.394867 ] } },
{ "type": "Feature", "properties": { "ID": 2131343001380, "正式名称": "長良きとう歯科", "機関区分": 3, "都道府県コード": 21, "市区町村コード": 201, "所在地": "岐阜県岐阜市平和通り１丁目１ー２", "緯度": 35.45032, "経度": 136.700742, "url": "https://www.iryou.teikyouseido.mhlw.go.jp/znk-web/juminkanja/S2430/initialize?prefCd=21&kikanCd=1343001380&kikanKbn=3", "url2": "http://nagara-kito-shika.jp", "内容": "長良きとう歯科【3:歯科】岐阜県岐阜市平和通り１丁目１ー２" }, "geometry": { "type": "Point", "coordinates": [ 136.700742, 35.45032 ] } },
{ "type": "Feature", "properties": { "ID": 2131343001385, "正式名称": "元町デンタルクリニック", "機関区分": 3, "都道府県コード": 21, "市区町村コード": 201, "所在地": "岐阜県岐阜市元町四丁目１番地２１階", "緯度": 35.414403, "経度": 136.762452, "url": "https://www.iryou.teikyouseido.mhlw.go.jp/znk-web/juminkanja/S2430/initialize?prefCd=21&kikanCd=1343001385&kikanKbn=3", "url2": "http://motomachi-dc.jp", "内容": "元町デンタルクリニック【3:歯科】岐阜県岐阜市元町四丁目１番地２１階" }, "geometry": { "type": "Point", "coordinates": [ 136.762452, 35.414403 ] } },
{ "type": "Feature", "properties": { "ID": 2131343001387, "正式名称": "よこもり歯科", "機関区分": 3, "都道府県コード": 21, "市区町村コード": 201, "所在地": "岐阜県岐阜市光町１丁目１８", "緯度": 35.413039, "経度": 136.792184, "url": "https://www.iryou.teikyouseido.mhlw.go.jp/znk-web/juminkanja/S2430/initialize?prefCd=21&kikanCd=1343001387&kikanKbn=3", "url2": "http://yokomori-shika.com", "内容": "よこもり歯科【3:歯科】岐阜県岐阜市光町１丁目１８" }, "geometry": { "type": "Point", "coordinates": [ 136.792184, 35.413039 ] } },
{ "type": "Feature", "properties": { "ID": 2131343001389, "正式名称": "けいか歯科クリニック", "機関区分": 3, "都道府県コード": 21, "市区町村コード": 201, "所在地": "岐阜県岐阜市西改田上の町６５ー１", "緯度": 35.45032, "経度": 136.700742, "url": "https://www.iryou.teikyouseido.mhlw.go.jp/znk-web/juminkanja/S2430/initialize?prefCd=21&kikanCd=1343001389&kikanKbn=3", "url2": "http://keika-dc.com", "内容": "けいか歯科クリニック【3:歯科】岐阜県岐阜市西改田上の町６５ー１" }, "geometry": { "type": "Point", "coordinates": [ 136.700742, 35.45032 ] } },
{ "type": "Feature", "properties": { "ID": 2131343001394, "正式名称": "ぎふデンタルフォレスト訪問歯科", "機関区分": 3, "都道府県コード": 21, "市区町村コード": 201, "所在地": "岐阜県岐阜市伊奈波通３丁目１２－６", "緯度": 35.429388, "経度": 136.764717, "url": "https://www.iryou.teikyouseido.mhlw.go.jp/znk-web/juminkanja/S2430/initialize?prefCd=21&kikanCd=1343001394&kikanKbn=3", "url2": null, "内容": "ぎふデンタルフォレスト訪問歯科【3:歯科】岐阜県岐阜市伊奈波通３丁目１２－６" }, "geometry": { "type": "Point", "coordinates": [ 136.764717, 35.429388 ] } },
{ "type": "Feature", "properties": { "ID": 2131343001402, "正式名称": "歯科室　あおは", "機関区分": 3, "都道府県コード": 21, "市区町村コード": 201, "所在地": "岐阜県岐阜市彦坂川北２３０番地", "緯度": 35.499211, "経度": 136.739009, "url": "https://www.iryou.teikyouseido.mhlw.go.jp/znk-web/juminkanja/S2430/initialize?prefCd=21&kikanCd=1343001402&kikanKbn=3", "url2": null, "内容": "歯科室　あおは【3:歯科】岐阜県岐阜市彦坂川北２３０番地" }, "geometry": { "type": "Point", "coordinates": [ 136.739009, 35.499211 ] } },
{ "type": "Feature", "properties": { "ID": 2131343001410, "正式名称": "入江クリニック", "機関区分": 3, "都道府県コード": 21, "市区町村コード": 201, "所在地": "岐阜県岐阜市六条南二丁目３番１７", "緯度": 35.397738, "経度": 136.741804, "url": "https://www.iryou.teikyouseido.mhlw.go.jp/znk-web/juminkanja/S2430/initialize?prefCd=21&kikanCd=1343001410&kikanKbn=3", "url2": "http://irie.ortho-net.ne.jp", "内容": "入江クリニック【3:歯科】岐阜県岐阜市六条南二丁目３番１７" }, "geometry": { "type": "Point", "coordinates": [ 136.741804, 35.397738 ] } },
{ "type": "Feature", "properties": { "ID": 2131343001414, "正式名称": "シバタ歯科医院", "機関区分": 3, "都道府県コード": 21, "市区町村コード": 201, "所在地": "岐阜県岐阜市本荘中ノ町１０－６４", "緯度": 35.402167, "経度": 136.733243, "url": "https://www.iryou.teikyouseido.mhlw.go.jp/znk-web/juminkanja/S2430/initialize?prefCd=21&kikanCd=1343001414&kikanKbn=3", "url2": "https://gifushibata-dc.com", "内容": "シバタ歯科医院【3:歯科】岐阜県岐阜市本荘中ノ町１０－６４" }, "geometry": { "type": "Point", "coordinates": [ 136.733243, 35.402167 ] } },
{ "type": "Feature", "properties": { "ID": 2131343001415, "正式名称": "かわのキッズファミリー歯科", "機関区分": 3, "都道府県コード": 21, "市区町村コード": 201, "所在地": "岐阜県岐阜市正木北町７ー１　ロックスビル１階Ａ号", "緯度": 35.453847, "経度": 136.749946, "url": "https://www.iryou.teikyouseido.mhlw.go.jp/znk-web/juminkanja/S2430/initialize?prefCd=21&kikanCd=1343001415&kikanKbn=3", "url2": "http://kidsfamily-shika.com/", "内容": "かわのキッズファミリー歯科【3:歯科】岐阜県岐阜市正木北町７ー１　ロックスビル１階Ａ号" }, "geometry": { "type": "Point", "coordinates": [ 136.749946, 35.453847 ] } },
{ "type": "Feature", "properties": { "ID": 2131343001418, "正式名称": "さの歯科クリニック", "機関区分": 3, "都道府県コード": 21, "市区町村コード": 201, "所在地": "岐阜県岐阜市北一色２丁目９ー２", "緯度": 35.414119, "経度": 136.785738, "url": "https://www.iryou.teikyouseido.mhlw.go.jp/znk-web/juminkanja/S2430/initialize?prefCd=21&kikanCd=1343001418&kikanKbn=3", "url2": "http://www.sawashika.com/", "内容": "さの歯科クリニック【3:歯科】岐阜県岐阜市北一色２丁目９ー２" }, "geometry": { "type": "Point", "coordinates": [ 136.785738, 35.414119 ] } },
{ "type": "Feature", "properties": { "ID": 2131343001422, "正式名称": "医療法人社団杏正会　大前医院　大前医院歯科", "機関区分": 3, "都道府県コード": 21, "市区町村コード": 201, "所在地": "岐阜県岐阜市太郎丸新屋敷２０５の２", "緯度": 35.492452, "経度": 136.826986, "url": "https://www.iryou.teikyouseido.mhlw.go.jp/znk-web/juminkanja/S2430/initialize?prefCd=21&kikanCd=1343001422&kikanKbn=3", "url2": null, "内容": "医療法人社団杏正会　大前医院　大前医院歯科【3:歯科】岐阜県岐阜市太郎丸新屋敷２０５の２" }, "geometry": { "type": "Point", "coordinates": [ 136.826986, 35.492452 ] } },
{ "type": "Feature", "properties": { "ID": 2131343001430, "正式名称": "ユタカ歯科医院", "機関区分": 3, "都道府県コード": 21, "市区町村コード": 201, "所在地": "岐阜県岐阜市福光南町１８ー１３", "緯度": 35.449307, "経度": 136.766799, "url": "https://www.iryou.teikyouseido.mhlw.go.jp/znk-web/juminkanja/S2430/initialize?prefCd=21&kikanCd=1343001430&kikanKbn=3", "url2": "http://www.yamamoto-dc1010.com", "内容": "ユタカ歯科医院【3:歯科】岐阜県岐阜市福光南町１８ー１３" }, "geometry": { "type": "Point", "coordinates": [ 136.766799, 35.449307 ] } },
{ "type": "Feature", "properties": { "ID": 2131343001431, "正式名称": "岐阜プレシャス歯科・矯正歯科．", "機関区分": 3, "都道府県コード": 21, "市区町村コード": 201, "所在地": "岐阜県岐阜市柳津町東塚３丁目５２番地１号", "緯度": 35.368091, "経度": 136.751736, "url": "https://www.iryou.teikyouseido.mhlw.go.jp/znk-web/juminkanja/S2430/initialize?prefCd=21&kikanCd=1343001431&kikanKbn=3", "url2": "https://ribon-shika.jp/gifushi/", "内容": "岐阜プレシャス歯科・矯正歯科．【3:歯科】岐阜県岐阜市柳津町東塚３丁目５２番地１号" }, "geometry": { "type": "Point", "coordinates": [ 136.751736, 35.368091 ] } },
{ "type": "Feature", "properties": { "ID": 2131343001434, "正式名称": "荒深歯科医院", "機関区分": 3, "都道府県コード": 21, "市区町村コード": 201, "所在地": "岐阜県岐阜市弥八町１８", "緯度": 35.420851, "経度": 136.759249, "url": "https://www.iryou.teikyouseido.mhlw.go.jp/znk-web/juminkanja/S2430/initialize?prefCd=21&kikanCd=1343001434&kikanKbn=3", "url2": null, "内容": "荒深歯科医院【3:歯科】岐阜県岐阜市弥八町１８" }, "geometry": { "type": "Point", "coordinates": [ 136.759249, 35.420851 ] } },
{ "type": "Feature", "properties": { "ID": 2131343001440, "正式名称": "森歯科", "機関区分": 3, "都道府県コード": 21, "市区町村コード": 201, "所在地": "岐阜県岐阜市島栄町２丁目２５ー１", "緯度": 35.431228, "経度": 136.743075, "url": "https://www.iryou.teikyouseido.mhlw.go.jp/znk-web/juminkanja/S2430/initialize?prefCd=21&kikanCd=1343001440&kikanKbn=3", "url2": "https://mori-shika-gifu.com/", "内容": "森歯科【3:歯科】岐阜県岐阜市島栄町２丁目２５ー１" }, "geometry": { "type": "Point", "coordinates": [ 136.743075, 35.431228 ] } },
{ "type": "Feature", "properties": { "ID": 2131343001446, "正式名称": "上松歯科医院", "機関区分": 3, "都道府県コード": 21, "市区町村コード": 201, "所在地": "岐阜県岐阜市鏡島西２丁目１９ー２", "緯度": 35.408191, "経度": 136.712338, "url": "https://www.iryou.teikyouseido.mhlw.go.jp/znk-web/juminkanja/S2430/initialize?prefCd=21&kikanCd=1343001446&kikanKbn=3", "url2": "https://www.uematsu-dc.com/", "内容": "上松歯科医院【3:歯科】岐阜県岐阜市鏡島西２丁目１９ー２" }, "geometry": { "type": "Point", "coordinates": [ 136.712338, 35.408191 ] } },
{ "type": "Feature", "properties": { "ID": 2131343001451, "正式名称": "くにたに歯科", "機関区分": 3, "都道府県コード": 21, "市区町村コード": 201, "所在地": "岐阜県岐阜市加納栄町通７丁目１４番地", "緯度": 35.400485, "経度": 136.753238, "url": "https://www.iryou.teikyouseido.mhlw.go.jp/znk-web/juminkanja/S2430/initialize?prefCd=21&kikanCd=1343001451&kikanKbn=3", "url2": "https://kunitani-dentalclinic.com", "内容": "くにたに歯科【3:歯科】岐阜県岐阜市加納栄町通７丁目１４番地" }, "geometry": { "type": "Point", "coordinates": [ 136.753238, 35.400485 ] } },
{ "type": "Feature", "properties": { "ID": 2131343001456, "正式名称": "めぐり歯科クリニック", "機関区分": 3, "都道府県コード": 21, "市区町村コード": 201, "所在地": "岐阜県岐阜市茜部中島２丁目１番地１　長良コーポ１ー３号室", "緯度": 35.391909, "経度": 136.751608, "url": "https://www.iryou.teikyouseido.mhlw.go.jp/znk-web/juminkanja/S2430/initialize?prefCd=21&kikanCd=1343001456&kikanKbn=3", "url2": "https://meguri-dc.com/", "内容": "めぐり歯科クリニック【3:歯科】岐阜県岐阜市茜部中島２丁目１番地１　長良コーポ１ー３号室" }, "geometry": { "type": "Point", "coordinates": [ 136.751608, 35.391909 ] } },
{ "type": "Feature", "properties": { "ID": 2131343001460, "正式名称": "いずみがわ歯科・矯正歯科医院", "機関区分": 3, "都道府県コード": 21, "市区町村コード": 201, "所在地": "岐阜県岐阜市南鶉６丁目２２ー２", "緯度": 35.375314, "経度": 136.730454, "url": "https://www.iryou.teikyouseido.mhlw.go.jp/znk-web/juminkanja/S2430/initialize?prefCd=21&kikanCd=1343001460&kikanKbn=3", "url2": "http://izumigawashika.com/", "内容": "いずみがわ歯科・矯正歯科医院【3:歯科】岐阜県岐阜市南鶉６丁目２２ー２" }, "geometry": { "type": "Point", "coordinates": [ 136.730454, 35.375314 ] } },
{ "type": "Feature", "properties": { "ID": 2131343001464, "正式名称": "浅井歯科医院", "機関区分": 3, "都道府県コード": 21, "市区町村コード": 201, "所在地": "岐阜県岐阜市加納本町３－１０", "緯度": 35.405363, "経度": 136.758793, "url": "https://www.iryou.teikyouseido.mhlw.go.jp/znk-web/juminkanja/S2430/initialize?prefCd=21&kikanCd=1343001464&kikanKbn=3", "url2": "http//asai-dc.info/", "内容": "浅井歯科医院【3:歯科】岐阜県岐阜市加納本町３－１０" }, "geometry": { "type": "Point", "coordinates": [ 136.758793, 35.405363 ] } },
{ "type": "Feature", "properties": { "ID": 2131343001471, "正式名称": "長屋歯科医院", "機関区分": 3, "都道府県コード": 21, "市区町村コード": 201, "所在地": "岐阜県岐阜市加納大黒町３ー１２", "緯度": 35.402456, "経度": 136.752902, "url": "https://www.iryou.teikyouseido.mhlw.go.jp/znk-web/juminkanja/S2430/initialize?prefCd=21&kikanCd=1343001471&kikanKbn=3", "url2": null, "内容": "長屋歯科医院【3:歯科】岐阜県岐阜市加納大黒町３ー１２" }, "geometry": { "type": "Point", "coordinates": [ 136.752902, 35.402456 ] } },
{ "type": "Feature", "properties": { "ID": 2131343001473, "正式名称": "あくたみ歯科", "機関区分": 3, "都道府県コード": 21, "市区町村コード": 201, "所在地": "岐阜県岐阜市芥見南山１ー５ー２９", "緯度": 35.455507, "経度": 136.853008, "url": "https://www.iryou.teikyouseido.mhlw.go.jp/znk-web/juminkanja/S2430/initialize?prefCd=21&kikanCd=1343001473&kikanKbn=3", "url2": null, "内容": "あくたみ歯科【3:歯科】岐阜県岐阜市芥見南山１ー５ー２９" }, "geometry": { "type": "Point", "coordinates": [ 136.853008, 35.455507 ] } },
{ "type": "Feature", "properties": { "ID": 2131343001477, "正式名称": "みつもりデンタルクリニック", "機関区分": 3, "都道府県コード": 21, "市区町村コード": 201, "所在地": "岐阜県岐阜市六条江東２ー１ー１", "緯度": 35.391084, "経度": 136.746878, "url": "https://www.iryou.teikyouseido.mhlw.go.jp/znk-web/juminkanja/S2430/initialize?prefCd=21&kikanCd=1343001477&kikanKbn=3", "url2": "https://mitsumori-dental.net", "内容": "みつもりデンタルクリニック【3:歯科】岐阜県岐阜市六条江東２ー１ー１" }, "geometry": { "type": "Point", "coordinates": [ 136.746878, 35.391084 ] } },
{ "type": "Feature", "properties": { "ID": 2131343001481, "正式名称": "ひろデンタルクリニック", "機関区分": 3, "都道府県コード": 21, "市区町村コード": 201, "所在地": "岐阜県岐阜市清本町８丁目４１番", "緯度": 35.405353, "経度": 136.737437, "url": "https://www.iryou.teikyouseido.mhlw.go.jp/znk-web/juminkanja/S2430/initialize?prefCd=21&kikanCd=1343001481&kikanKbn=3", "url2": "https://www.hirodental-gifu.jp", "内容": "ひろデンタルクリニック【3:歯科】岐阜県岐阜市清本町８丁目４１番" }, "geometry": { "type": "Point", "coordinates": [ 136.737437, 35.405353 ] } },
{ "type": "Feature", "properties": { "ID": 2131343001489, "正式名称": "岐阜駅前歯科クリニック・矯正歯科", "機関区分": 3, "都道府県コード": 21, "市区町村コード": 201, "所在地": "岐阜県岐阜市高砂町１丁目１７番地岐阜イーストライジング２４ー１階", "緯度": 35.410196, "経度": 136.759334, "url": "https://www.iryou.teikyouseido.mhlw.go.jp/znk-web/juminkanja/S2430/initialize?prefCd=21&kikanCd=1343001489&kikanKbn=3", "url2": "https://www.gifuekimaeshika.com/", "内容": "岐阜駅前歯科クリニック・矯正歯科【3:歯科】岐阜県岐阜市高砂町１丁目１７番地岐阜イーストライジング２４ー１階" }, "geometry": { "type": "Point", "coordinates": [ 136.759334, 35.410196 ] } },
{ "type": "Feature", "properties": { "ID": 2131343001495, "正式名称": "やぶた南歯科・矯正歯科", "機関区分": 3, "都道府県コード": 21, "市区町村コード": 201, "所在地": "岐阜県岐阜市薮田南５丁目２番８号", "緯度": 35.392454, "経度": 136.717539, "url": "https://www.iryou.teikyouseido.mhlw.go.jp/znk-web/juminkanja/S2430/initialize?prefCd=21&kikanCd=1343001495&kikanKbn=3", "url2": "https://www.yabutaminami-shika.com/", "内容": "やぶた南歯科・矯正歯科【3:歯科】岐阜県岐阜市薮田南５丁目２番８号" }, "geometry": { "type": "Point", "coordinates": [ 136.717539, 35.392454 ] } },
{ "type": "Feature", "properties": { "ID": 2131343001506, "正式名称": "よこやま歯科", "機関区分": 3, "都道府県コード": 21, "市区町村コード": 201, "所在地": "岐阜県岐阜市水海道４ー２４ー６", "緯度": 35.408088, "経度": 136.812836, "url": "https://www.iryou.teikyouseido.mhlw.go.jp/znk-web/juminkanja/S2430/initialize?prefCd=21&kikanCd=1343001506&kikanKbn=3", "url2": null, "内容": "よこやま歯科【3:歯科】岐阜県岐阜市水海道４ー２４ー６" }, "geometry": { "type": "Point", "coordinates": [ 136.812836, 35.408088 ] } },
{ "type": "Feature", "properties": { "ID": 2131343001510, "正式名称": "あかなべ歯科", "機関区分": 3, "都道府県コード": 21, "市区町村コード": 201, "所在地": "岐阜県岐阜市茜部本郷２ー８３ー１", "緯度": 35.391751, "経度": 136.754587, "url": "https://www.iryou.teikyouseido.mhlw.go.jp/znk-web/juminkanja/S2430/initialize?prefCd=21&kikanCd=1343001510&kikanKbn=3", "url2": "https://www.akanabe-dc.com", "内容": "あかなべ歯科【3:歯科】岐阜県岐阜市茜部本郷２ー８３ー１" }, "geometry": { "type": "Point", "coordinates": [ 136.754587, 35.391751 ] } },
{ "type": "Feature", "properties": { "ID": 2131343001522, "正式名称": "医療法人白馬会　ルピナス歯科", "機関区分": 3, "都道府県コード": 21, "市区町村コード": 201, "所在地": "岐阜県岐阜市東明見町１４ー３", "緯度": 35.39699, "経度": 136.767064, "url": "https://www.iryou.teikyouseido.mhlw.go.jp/znk-web/juminkanja/S2430/initialize?prefCd=21&kikanCd=1343001522&kikanKbn=3", "url2": null, "内容": "医療法人白馬会　ルピナス歯科【3:歯科】岐阜県岐阜市東明見町１４ー３" }, "geometry": { "type": "Point", "coordinates": [ 136.767064, 35.39699 ] } },
{ "type": "Feature", "properties": { "ID": 2131343001544, "正式名称": "一ツ星歯科醫院", "機関区分": 3, "都道府県コード": 21, "市区町村コード": 201, "所在地": "岐阜県岐阜市東鶉２丁目１４番地５", "緯度": 35.383145, "経度": 136.744187, "url": "https://www.iryou.teikyouseido.mhlw.go.jp/znk-web/juminkanja/S2430/initialize?prefCd=21&kikanCd=1343001544&kikanKbn=3", "url2": "https://hitotsuboshi-dental.jp", "内容": "一ツ星歯科醫院【3:歯科】岐阜県岐阜市東鶉２丁目１４番地５" }, "geometry": { "type": "Point", "coordinates": [ 136.744187, 35.383145 ] } },
{ "type": "Feature", "properties": { "ID": 2131343001546, "正式名称": "えばた歯科", "機関区分": 3, "都道府県コード": 21, "市区町村コード": 201, "所在地": "岐阜県岐阜市西中島１丁目７番１１号", "緯度": 35.426549, "経度": 136.725299, "url": "https://www.iryou.teikyouseido.mhlw.go.jp/znk-web/juminkanja/S2430/initialize?prefCd=21&kikanCd=1343001546&kikanKbn=3", "url2": "http://www.ebatashika.com", "内容": "えばた歯科【3:歯科】岐阜県岐阜市西中島１丁目７番１１号" }, "geometry": { "type": "Point", "coordinates": [ 136.725299, 35.426549 ] } },
{ "type": "Feature", "properties": { "ID": 2131343001549, "正式名称": "ケンデンタルクリニック岐阜", "機関区分": 3, "都道府県コード": 21, "市区町村コード": 201, "所在地": "岐阜県岐阜市柳津町丸野三丁目３番地６カラフルタウン岐阜２階", "緯度": 35.362325, "経度": 136.730435, "url": "https://www.iryou.teikyouseido.mhlw.go.jp/znk-web/juminkanja/S2430/initialize?prefCd=21&kikanCd=1343001549&kikanKbn=3", "url2": "https://www.ken-dental-gifu.com/", "内容": "ケンデンタルクリニック岐阜【3:歯科】岐阜県岐阜市柳津町丸野三丁目３番地６カラフルタウン岐阜２階" }, "geometry": { "type": "Point", "coordinates": [ 136.730435, 35.362325 ] } },
{ "type": "Feature", "properties": { "ID": 2131343001568, "正式名称": "やまうち歯科クリニック", "機関区分": 3, "都道府県コード": 21, "市区町村コード": 201, "所在地": "岐阜県岐阜市長住町８丁目１８番地４", "緯度": 35.412517, "経度": 136.750864, "url": "https://www.iryou.teikyouseido.mhlw.go.jp/znk-web/juminkanja/S2430/initialize?prefCd=21&kikanCd=1343001568&kikanKbn=3", "url2": "https://www.yamauchi-dental.net/", "内容": "やまうち歯科クリニック【3:歯科】岐阜県岐阜市長住町８丁目１８番地４" }, "geometry": { "type": "Point", "coordinates": [ 136.750864, 35.412517 ] } },
{ "type": "Feature", "properties": { "ID": 2131343001570, "正式名称": "やさしい歯科", "機関区分": 3, "都道府県コード": 21, "市区町村コード": 201, "所在地": "岐阜県岐阜市太郎丸新屋敷４８ー１", "緯度": 35.492454, "経度": 136.823875, "url": "https://www.iryou.teikyouseido.mhlw.go.jp/znk-web/juminkanja/S2430/initialize?prefCd=21&kikanCd=1343001570&kikanKbn=3", "url2": "https://yasashii-shika.com/", "内容": "やさしい歯科【3:歯科】岐阜県岐阜市太郎丸新屋敷４８ー１" }, "geometry": { "type": "Point", "coordinates": [ 136.823875, 35.492454 ] } },
{ "type": "Feature", "properties": { "ID": 2131343001571, "正式名称": "医療法人あかぎ　西岐阜デンタルクリニック", "機関区分": 3, "都道府県コード": 21, "市区町村コード": 201, "所在地": "岐阜県岐阜市市橋５－５－１０　第三松波ビル１０１", "緯度": 35.402555, "経度": 136.721708, "url": "https://www.iryou.teikyouseido.mhlw.go.jp/znk-web/juminkanja/S2430/initialize?prefCd=21&kikanCd=1343001571&kikanKbn=3", "url2": null, "内容": "医療法人あかぎ　西岐阜デンタルクリニック【3:歯科】岐阜県岐阜市市橋５－５－１０　第三松波ビル１０１" }, "geometry": { "type": "Point", "coordinates": [ 136.721708, 35.402555 ] } },
{ "type": "Feature", "properties": { "ID": 2131343001575, "正式名称": "はごろも歯科クリニック", "機関区分": 3, "都道府県コード": 21, "市区町村コード": 201, "所在地": "岐阜県岐阜市羽衣町４丁目７番地２", "緯度": 35.412324, "経度": 136.740962, "url": "https://www.iryou.teikyouseido.mhlw.go.jp/znk-web/juminkanja/S2430/initialize?prefCd=21&kikanCd=1343001575&kikanKbn=3", "url2": "https://www.hagoromo-shika.com/", "内容": "はごろも歯科クリニック【3:歯科】岐阜県岐阜市羽衣町４丁目７番地２" }, "geometry": { "type": "Point", "coordinates": [ 136.740962, 35.412324 ] } },
{ "type": "Feature", "properties": { "ID": 2131343001584, "正式名称": "医療法人ＥＬＭＳはるにれ歯科クリニック", "機関区分": 3, "都道府県コード": 21, "市区町村コード": 201, "所在地": "岐阜県岐阜市須賀一丁目５－１", "緯度": 35.388133, "経度": 136.7242, "url": "https://www.iryou.teikyouseido.mhlw.go.jp/znk-web/juminkanja/S2430/initialize?prefCd=21&kikanCd=1343001584&kikanKbn=3", "url2": "https://www.harunire-dental.com", "内容": "医療法人ＥＬＭＳはるにれ歯科クリニック【3:歯科】岐阜県岐阜市須賀一丁目５－１" }, "geometry": { "type": "Point", "coordinates": [ 136.7242, 35.388133 ] } },
{ "type": "Feature", "properties": { "ID": 2131343001586, "正式名称": "岐阜柳津デンタルクリニック", "機関区分": 3, "都道府県コード": 21, "市区町村コード": 201, "所在地": "岐阜県岐阜市柳津町本郷４丁目１番１号イオン柳津１階", "緯度": 35.3671542, "経度": 136.7443736, "url": "https://www.iryou.teikyouseido.mhlw.go.jp/znk-web/juminkanja/S2430/initialize?prefCd=21&kikanCd=1343001586&kikanKbn=3", "url2": "https://gifu.daieikai.or.jp", "内容": "岐阜柳津デンタルクリニック【3:歯科】岐阜県岐阜市柳津町本郷４丁目１番１号イオン柳津１階" }, "geometry": { "type": "Point", "coordinates": [ 136.744373599999989, 35.3671542 ] } },
{ "type": "Feature", "properties": { "ID": 2131343001587, "正式名称": "平野デンタルクリニック", "機関区分": 3, "都道府県コード": 21, "市区町村コード": 201, "所在地": "岐阜県岐阜市黒野南一丁目１４番地", "緯度": 35.457923, "経度": 136.727676, "url": "https://www.iryou.teikyouseido.mhlw.go.jp/znk-web/juminkanja/S2430/initialize?prefCd=21&kikanCd=1343001587&kikanKbn=3", "url2": null, "内容": "平野デンタルクリニック【3:歯科】岐阜県岐阜市黒野南一丁目１４番地" }, "geometry": { "type": "Point", "coordinates": [ 136.727676, 35.457923 ] } },
{ "type": "Feature", "properties": { "ID": 2131343001591, "正式名称": "ありもと歯科", "機関区分": 3, "都道府県コード": 21, "市区町村コード": 201, "所在地": "岐阜県岐阜市加納朝日町２丁目３番地１", "緯度": 35.403283, "経度": 136.758356, "url": "https://www.iryou.teikyouseido.mhlw.go.jp/znk-web/juminkanja/S2430/initialize?prefCd=21&kikanCd=1343001591&kikanKbn=3", "url2": "https://www.arimoto-shika.com/", "内容": "ありもと歯科【3:歯科】岐阜県岐阜市加納朝日町２丁目３番地１" }, "geometry": { "type": "Point", "coordinates": [ 136.758356, 35.403283 ] } },
{ "type": "Feature", "properties": { "ID": 2131343001594, "正式名称": "おやざと歯科", "機関区分": 3, "都道府県コード": 21, "市区町村コード": 201, "所在地": "岐阜県岐阜市則武中一丁目２５番地１", "緯度": 35.440529, "経度": 136.74652, "url": "https://www.iryou.teikyouseido.mhlw.go.jp/znk-web/juminkanja/S2430/initialize?prefCd=21&kikanCd=1343001594&kikanKbn=3", "url2": "https://www.oyazato-shika.com", "内容": "おやざと歯科【3:歯科】岐阜県岐阜市則武中一丁目２５番地１" }, "geometry": { "type": "Point", "coordinates": [ 136.74652, 35.440529 ] } },
{ "type": "Feature", "properties": { "ID": 2131343001596, "正式名称": "医療法人　正仁会　丸宮歯科", "機関区分": 3, "都道府県コード": 21, "市区町村コード": 201, "所在地": "岐阜県岐阜市蕪城町１４番地１", "緯度": 35.41626, "経度": 136.758296, "url": "https://www.iryou.teikyouseido.mhlw.go.jp/znk-web/juminkanja/S2430/initialize?prefCd=21&kikanCd=1343001596&kikanKbn=3", "url2": "https://www.marumiya-dentalclinic.com/", "内容": "医療法人　正仁会　丸宮歯科【3:歯科】岐阜県岐阜市蕪城町１４番地１" }, "geometry": { "type": "Point", "coordinates": [ 136.758296, 35.41626 ] } },
{ "type": "Feature", "properties": { "ID": 2131343001597, "正式名称": "すみれ歯科医院", "機関区分": 3, "都道府県コード": 21, "市区町村コード": 201, "所在地": "岐阜県岐阜市鹿島町二丁目１８番地", "緯度": 35.415869, "経度": 136.742753, "url": "https://www.iryou.teikyouseido.mhlw.go.jp/znk-web/juminkanja/S2430/initialize?prefCd=21&kikanCd=1343001597&kikanKbn=3", "url2": "http://www.sumire-shika-gidn.com", "内容": "すみれ歯科医院【3:歯科】岐阜県岐阜市鹿島町二丁目１８番地" }, "geometry": { "type": "Point", "coordinates": [ 136.742753, 35.415869 ] } },
{ "type": "Feature", "properties": { "ID": 2131343001598, "正式名称": "せせらぎ歯科クリニック", "機関区分": 3, "都道府県コード": 21, "市区町村コード": 201, "所在地": "岐阜県岐阜市細畑６丁目３ー１３", "緯度": 35.402541, "経度": 136.787749, "url": "https://www.iryou.teikyouseido.mhlw.go.jp/znk-web/juminkanja/S2430/initialize?prefCd=21&kikanCd=1343001598&kikanKbn=3", "url2": null, "内容": "せせらぎ歯科クリニック【3:歯科】岐阜県岐阜市細畑６丁目３ー１３" }, "geometry": { "type": "Point", "coordinates": [ 136.787749, 35.402541 ] } },
{ "type": "Feature", "properties": { "ID": 2131343001599, "正式名称": "医療法人　リリー歯科・矯正歯科クリニック", "機関区分": 3, "都道府県コード": 21, "市区町村コード": 201, "所在地": "岐阜県岐阜市市橋６丁目１１ー１", "緯度": 35.400516, "経度": 136.722788, "url": "https://www.iryou.teikyouseido.mhlw.go.jp/znk-web/juminkanja/S2430/initialize?prefCd=21&kikanCd=1343001599&kikanKbn=3", "url2": "https://lily-dental.jp/", "内容": "医療法人　リリー歯科・矯正歯科クリニック【3:歯科】岐阜県岐阜市市橋６丁目１１ー１" }, "geometry": { "type": "Point", "coordinates": [ 136.722788, 35.400516 ] } },
{ "type": "Feature", "properties": { "ID": 2131343001602, "正式名称": "岐阜駅インプレ歯科", "機関区分": 3, "都道府県コード": 21, "市区町村コード": 201, "所在地": "岐阜県岐阜市神田町９丁目２２番地パリスビル３Ｆ", "緯度": 35.411206, "経度": 136.758636, "url": "https://www.iryou.teikyouseido.mhlw.go.jp/znk-web/juminkanja/S2430/initialize?prefCd=21&kikanCd=1343001602&kikanKbn=3", "url2": "http://gifu-imp.jp", "内容": "岐阜駅インプレ歯科【3:歯科】岐阜県岐阜市神田町９丁目２２番地パリスビル３Ｆ" }, "geometry": { "type": "Point", "coordinates": [ 136.758636, 35.411206 ] } },
{ "type": "Feature", "properties": { "ID": 2131343001605, "正式名称": "あわの歯科", "機関区分": 3, "都道府県コード": 21, "市区町村コード": 201, "所在地": "岐阜県岐阜市粟野東１−８８", "緯度": 35.482845, "経度": 136.78352, "url": "https://www.iryou.teikyouseido.mhlw.go.jp/znk-web/juminkanja/S2430/initialize?prefCd=21&kikanCd=1343001605&kikanKbn=3", "url2": "https://awano-dental.com", "内容": "あわの歯科【3:歯科】岐阜県岐阜市粟野東１−８８" }, "geometry": { "type": "Point", "coordinates": [ 136.78352, 35.482845 ] } },
{ "type": "Feature", "properties": { "ID": 2131343001608, "正式名称": "長良ヶ丘歯科", "機関区分": 3, "都道府県コード": 21, "市区町村コード": 201, "所在地": "岐阜県岐阜市長良福光２６４２番地", "緯度": 35.443758, "経度": 136.774419, "url": "https://www.iryou.teikyouseido.mhlw.go.jp/znk-web/juminkanja/S2430/initialize?prefCd=21&kikanCd=1343001608&kikanKbn=3", "url2": "https://nagaragaoka-shika.com/", "内容": "長良ヶ丘歯科【3:歯科】岐阜県岐阜市長良福光２６４２番地" }, "geometry": { "type": "Point", "coordinates": [ 136.774419, 35.443758 ] } },
{ "type": "Feature", "properties": { "ID": 2131343001625, "正式名称": "ノアデンタルクリニック・ホワイトエッセンス", "機関区分": 3, "都道府県コード": 21, "市区町村コード": 201, "所在地": "岐阜県岐阜市加納竜興町２丁目２０", "緯度": 35.400012, "経度": 136.750015, "url": "https://www.iryou.teikyouseido.mhlw.go.jp/znk-web/juminkanja/S2430/initialize?prefCd=21&kikanCd=1343001625&kikanKbn=3", "url2": "http://www.noahdental.com/", "内容": "ノアデンタルクリニック・ホワイトエッセンス【3:歯科】岐阜県岐阜市加納竜興町２丁目２０" }, "geometry": { "type": "Point", "coordinates": [ 136.750015, 35.400012 ] } },
{ "type": "Feature", "properties": { "ID": 2131343001632, "正式名称": "日比野歯科医院", "機関区分": 3, "都道府県コード": 21, "市区町村コード": 201, "所在地": "岐阜県岐阜市北一色９丁目２番２号", "緯度": 35.416044, "経度": 136.793214, "url": "https://www.iryou.teikyouseido.mhlw.go.jp/znk-web/juminkanja/S2430/initialize?prefCd=21&kikanCd=1343001632&kikanKbn=3", "url2": null, "内容": "日比野歯科医院【3:歯科】岐阜県岐阜市北一色９丁目２番２号" }, "geometry": { "type": "Point", "coordinates": [ 136.793214, 35.416044 ] } },
{ "type": "Feature", "properties": { "ID": 2131343001639, "正式名称": "かわぐち矯正歯科", "機関区分": 3, "都道府県コード": 21, "市区町村コード": 201, "所在地": "岐阜県岐阜市西鶉１丁目４１番地４", "緯度": 35.383655, "経度": 136.729451, "url": "https://www.iryou.teikyouseido.mhlw.go.jp/znk-web/juminkanja/S2430/initialize?prefCd=21&kikanCd=1343001639&kikanKbn=3", "url2": "http://www.web-koc.com/", "内容": "かわぐち矯正歯科【3:歯科】岐阜県岐阜市西鶉１丁目４１番地４" }, "geometry": { "type": "Point", "coordinates": [ 136.729451, 35.383655 ] } },
{ "type": "Feature", "properties": { "ID": 2131343001642, "正式名称": "恩田歯科医院", "機関区分": 3, "都道府県コード": 21, "市区町村コード": 201, "所在地": "岐阜県岐阜市八代３ー１ー７", "緯度": 35.460059, "経度": 136.775475, "url": "https://www.iryou.teikyouseido.mhlw.go.jp/znk-web/juminkanja/S2430/initialize?prefCd=21&kikanCd=1343001642&kikanKbn=3", "url2": null, "内容": "恩田歯科医院【3:歯科】岐阜県岐阜市八代３ー１ー７" }, "geometry": { "type": "Point", "coordinates": [ 136.775475, 35.460059 ] } },
{ "type": "Feature", "properties": { "ID": 2131343001652, "正式名称": "ぎふデンタルフォレストながもりＭＩ歯科", "機関区分": 3, "都道府県コード": 21, "市区町村コード": 201, "所在地": "岐阜県岐阜市琴塚３－８－４", "緯度": 35.418801, "経度": 136.817661, "url": "https://www.iryou.teikyouseido.mhlw.go.jp/znk-web/juminkanja/S2430/initialize?prefCd=21&kikanCd=1343001652&kikanKbn=3", "url2": null, "内容": "ぎふデンタルフォレストながもりＭＩ歯科【3:歯科】岐阜県岐阜市琴塚３－８－４" }, "geometry": { "type": "Point", "coordinates": [ 136.817661, 35.418801 ] } },
{ "type": "Feature", "properties": { "ID": 2131343001657, "正式名称": "おのじま歯科", "機関区分": 3, "都道府県コード": 21, "市区町村コード": 201, "所在地": "岐阜県岐阜市鷺山向井２４７０の２３", "緯度": 35.442778, "経度": 136.758338, "url": "https://www.iryou.teikyouseido.mhlw.go.jp/znk-web/juminkanja/S2430/initialize?prefCd=21&kikanCd=1343001657&kikanKbn=3", "url2": null, "内容": "おのじま歯科【3:歯科】岐阜県岐阜市鷺山向井２４７０の２３" }, "geometry": { "type": "Point", "coordinates": [ 136.758338, 35.442778 ] } },
{ "type": "Feature", "properties": { "ID": 2131343001658, "正式名称": "中島ファミリー歯科医院", "機関区分": 3, "都道府県コード": 21, "市区町村コード": 201, "所在地": "岐阜県岐阜市上尻毛八幡９９ー１", "緯度": 35.442388, "経度": 136.70471, "url": "https://www.iryou.teikyouseido.mhlw.go.jp/znk-web/juminkanja/S2430/initialize?prefCd=21&kikanCd=1343001658&kikanKbn=3", "url2": "https://nakashima-familydentistry.com", "内容": "中島ファミリー歯科医院【3:歯科】岐阜県岐阜市上尻毛八幡９９ー１" }, "geometry": { "type": "Point", "coordinates": [ 136.70471, 35.442388 ] } },
{ "type": "Feature", "properties": { "ID": 2131343001664, "正式名称": "またまるベース歯科", "機関区分": 3, "都道府県コード": 21, "市区町村コード": 201, "所在地": "岐阜県岐阜市又丸９７０", "緯度": 35.438281, "経度": 136.700222, "url": "https://www.iryou.teikyouseido.mhlw.go.jp/znk-web/juminkanja/S2430/initialize?prefCd=21&kikanCd=1343001664&kikanKbn=3", "url2": "https://matamarubase-dc.com", "内容": "またまるベース歯科【3:歯科】岐阜県岐阜市又丸９７０" }, "geometry": { "type": "Point", "coordinates": [ 136.700222, 35.438281 ] } },
{ "type": "Feature", "properties": { "ID": 2131563002780, "正式名称": "後藤歯科医院", "機関区分": 3, "都道府県コード": 21, "市区町村コード": 205, "所在地": "岐阜県関市栄町２ー４４", "緯度": 35.48678, "経度": 136.909809, "url": "https://www.iryou.teikyouseido.mhlw.go.jp/znk-web/juminkanja/S2430/initialize?prefCd=21&kikanCd=1563002780&kikanKbn=3", "url2": null, "内容": "後藤歯科医院【3:歯科】岐阜県関市栄町２ー４４" }, "geometry": { "type": "Point", "coordinates": [ 136.909809, 35.48678 ] } },
{ "type": "Feature", "properties": { "ID": 2131563002782, "正式名称": "堀田歯科医院", "機関区分": 3, "都道府県コード": 21, "市区町村コード": 205, "所在地": "岐阜県関市貸上町３５番地", "緯度": 35.496201, "経度": 136.910069, "url": "https://www.iryou.teikyouseido.mhlw.go.jp/znk-web/juminkanja/S2430/initialize?prefCd=21&kikanCd=1563002782&kikanKbn=3", "url2": "hotta2111.chip.jp", "内容": "堀田歯科医院【3:歯科】岐阜県関市貸上町３５番地" }, "geometry": { "type": "Point", "coordinates": [ 136.910069, 35.496201 ] } },
{ "type": "Feature", "properties": { "ID": 2131563002784, "正式名称": "亀山歯科医院", "機関区分": 3, "都道府県コード": 21, "市区町村コード": 205, "所在地": "岐阜県関市小屋名１２１－１", "緯度": 35.48234, "経度": 136.863151, "url": "https://www.iryou.teikyouseido.mhlw.go.jp/znk-web/juminkanja/S2430/initialize?prefCd=21&kikanCd=1563002784&kikanKbn=3", "url2": null, "内容": "亀山歯科医院【3:歯科】岐阜県関市小屋名１２１－１" }, "geometry": { "type": "Point", "coordinates": [ 136.863151, 35.48234 ] } },
{ "type": "Feature", "properties": { "ID": 2131563002786, "正式名称": "古田歯科医院", "機関区分": 3, "都道府県コード": 21, "市区町村コード": 207, "所在地": "岐阜県美濃市俵町２１１５", "緯度": 35.544492, "経度": 136.910584, "url": "https://www.iryou.teikyouseido.mhlw.go.jp/znk-web/juminkanja/S2430/initialize?prefCd=21&kikanCd=1563002786&kikanKbn=3", "url2": null, "内容": "古田歯科医院【3:歯科】岐阜県美濃市俵町２１１５" }, "geometry": { "type": "Point", "coordinates": [ 136.910584, 35.544492 ] } },
{ "type": "Feature", "properties": { "ID": 2131563002788, "正式名称": "天心堂歯科医院", "機関区分": 3, "都道府県コード": 21, "市区町村コード": 207, "所在地": "岐阜県美濃市１５４６－１", "緯度": 35.549164, "経度": 136.910285, "url": "https://www.iryou.teikyouseido.mhlw.go.jp/znk-web/juminkanja/S2430/initialize?prefCd=21&kikanCd=1563002788&kikanKbn=3", "url2": null, "内容": "天心堂歯科医院【3:歯科】岐阜県美濃市１５４６－１" }, "geometry": { "type": "Point", "coordinates": [ 136.910285, 35.549164 ] } },
{ "type": "Feature", "properties": { "ID": 2131563002790, "正式名称": "工藤歯科医院", "機関区分": 3, "都道府県コード": 21, "市区町村コード": 207, "所在地": "岐阜県美濃市中央１０丁目１４７番地", "緯度": 35.53141, "経度": 136.901368, "url": "https://www.iryou.teikyouseido.mhlw.go.jp/znk-web/juminkanja/S2430/initialize?prefCd=21&kikanCd=1563002790&kikanKbn=3", "url2": "https://www.dental-iiha.com/d0068418.html", "内容": "工藤歯科医院【3:歯科】岐阜県美濃市中央１０丁目１４７番地" }, "geometry": { "type": "Point", "coordinates": [ 136.901368, 35.53141 ] } },
{ "type": "Feature", "properties": { "ID": 2131563002791, "正式名称": "愛生歯科医院", "機関区分": 3, "都道府県コード": 21, "市区町村コード": 207, "所在地": "岐阜県美濃市８４番地２０", "緯度": 35.545281, "経度": 136.908312, "url": "https://www.iryou.teikyouseido.mhlw.go.jp/znk-web/juminkanja/S2430/initialize?prefCd=21&kikanCd=1563002791&kikanKbn=3", "url2": "http://aisei-dc.com/", "内容": "愛生歯科医院【3:歯科】岐阜県美濃市８４番地２０" }, "geometry": { "type": "Point", "coordinates": [ 136.908312, 35.545281 ] } },
{ "type": "Feature", "properties": { "ID": 2131563002793, "正式名称": "森歯科医院", "機関区分": 3, "都道府県コード": 21, "市区町村コード": 205, "所在地": "岐阜県関市富之保", "緯度": 35.585892, "経度": 137.012454, "url": "https://www.iryou.teikyouseido.mhlw.go.jp/znk-web/juminkanja/S2430/initialize?prefCd=21&kikanCd=1563002793&kikanKbn=3", "url2": null, "内容": "森歯科医院【3:歯科】岐阜県関市富之保" }, "geometry": { "type": "Point", "coordinates": [ 137.012454, 35.585892 ] } },
{ "type": "Feature", "properties": { "ID": 2131563002799, "正式名称": "河出歯科医院", "機関区分": 3, "都道府県コード": 21, "市区町村コード": 207, "所在地": "岐阜県美濃市西市場町２５７３番地９", "緯度": 35.541552, "経度": 136.912593, "url": "https://www.iryou.teikyouseido.mhlw.go.jp/znk-web/juminkanja/S2430/initialize?prefCd=21&kikanCd=1563002799&kikanKbn=3", "url2": "http://kawade-dental.com/index.html", "内容": "河出歯科医院【3:歯科】岐阜県美濃市西市場町２５７３番地９" }, "geometry": { "type": "Point", "coordinates": [ 136.912593, 35.541552 ] } },
{ "type": "Feature", "properties": { "ID": 2131563002800, "正式名称": "各務歯科", "機関区分": 3, "都道府県コード": 21, "市区町村コード": 205, "所在地": "岐阜県関市栄町４－５－６０－２０２", "緯度": 35.486046, "経度": 136.900335, "url": "https://www.iryou.teikyouseido.mhlw.go.jp/znk-web/juminkanja/S2430/initialize?prefCd=21&kikanCd=1563002800&kikanKbn=3", "url2": null, "内容": "各務歯科【3:歯科】岐阜県関市栄町４－５－６０－２０２" }, "geometry": { "type": "Point", "coordinates": [ 136.900335, 35.486046 ] } },
{ "type": "Feature", "properties": { "ID": 2131563002801, "正式名称": "稲口歯科医院", "機関区分": 3, "都道府県コード": 21, "市区町村コード": 205, "所在地": "岐阜県関市清水町３１", "緯度": 35.477782, "経度": 136.918104, "url": "https://www.iryou.teikyouseido.mhlw.go.jp/znk-web/juminkanja/S2430/initialize?prefCd=21&kikanCd=1563002801&kikanKbn=3", "url2": null, "内容": "稲口歯科医院【3:歯科】岐阜県関市清水町３１" }, "geometry": { "type": "Point", "coordinates": [ 136.918104, 35.477782 ] } },
{ "type": "Feature", "properties": { "ID": 2131563002803, "正式名称": "太田歯科医院", "機関区分": 3, "都道府県コード": 21, "市区町村コード": 205, "所在地": "岐阜県関市小瀬１６２７ー１", "緯度": 35.494635, "経度": 136.890575, "url": "https://www.iryou.teikyouseido.mhlw.go.jp/znk-web/juminkanja/S2430/initialize?prefCd=21&kikanCd=1563002803&kikanKbn=3", "url2": null, "内容": "太田歯科医院【3:歯科】岐阜県関市小瀬１６２７ー１" }, "geometry": { "type": "Point", "coordinates": [ 136.890575, 35.494635 ] } },
{ "type": "Feature", "properties": { "ID": 2131563002805, "正式名称": "谷江歯科医院", "機関区分": 3, "都道府県コード": 21, "市区町村コード": 205, "所在地": "岐阜県関市円保通２丁目３番７号", "緯度": 35.488834, "経度": 136.92851, "url": "https://www.iryou.teikyouseido.mhlw.go.jp/znk-web/juminkanja/S2430/initialize?prefCd=21&kikanCd=1563002805&kikanKbn=3", "url2": null, "内容": "谷江歯科医院【3:歯科】岐阜県関市円保通２丁目３番７号" }, "geometry": { "type": "Point", "coordinates": [ 136.92851, 35.488834 ] } },
{ "type": "Feature", "properties": { "ID": 2131563002806, "正式名称": "安桜歯科", "機関区分": 3, "都道府県コード": 21, "市区町村コード": 205, "所在地": "岐阜県関市西本郷通７ー５ー７", "緯度": 35.489971, "経度": 136.923437, "url": "https://www.iryou.teikyouseido.mhlw.go.jp/znk-web/juminkanja/S2430/initialize?prefCd=21&kikanCd=1563002806&kikanKbn=3", "url2": "http://asakura-shika.jp/", "内容": "安桜歯科【3:歯科】岐阜県関市西本郷通７ー５ー７" }, "geometry": { "type": "Point", "coordinates": [ 136.923437, 35.489971 ] } },
{ "type": "Feature", "properties": { "ID": 2131563002807, "正式名称": "伊藤歯科医院", "機関区分": 3, "都道府県コード": 21, "市区町村コード": 207, "所在地": "岐阜県美濃市千畝町２７５７ー８", "緯度": 35.539614, "経度": 136.910877, "url": "https://www.iryou.teikyouseido.mhlw.go.jp/znk-web/juminkanja/S2430/initialize?prefCd=21&kikanCd=1563002807&kikanKbn=3", "url2": "http://pc.fdoc.jp/hp/91160.html", "内容": "伊藤歯科医院【3:歯科】岐阜県美濃市千畝町２７５７ー８" }, "geometry": { "type": "Point", "coordinates": [ 136.910877, 35.539614 ] } },
{ "type": "Feature", "properties": { "ID": 2131563002808, "正式名称": "交告歯科医院", "機関区分": 3, "都道府県コード": 21, "市区町村コード": 205, "所在地": "岐阜県関市西田原字八幡１０６５ー１", "緯度": 35.462454, "経度": 136.940221, "url": "https://www.iryou.teikyouseido.mhlw.go.jp/znk-web/juminkanja/S2430/initialize?prefCd=21&kikanCd=1563002808&kikanKbn=3", "url2": null, "内容": "交告歯科医院【3:歯科】岐阜県関市西田原字八幡１０６５ー１" }, "geometry": { "type": "Point", "coordinates": [ 136.940221, 35.462454 ] } },
{ "type": "Feature", "properties": { "ID": 2131563002809, "正式名称": "博愛歯科医院", "機関区分": 3, "都道府県コード": 21, "市区町村コード": 205, "所在地": "岐阜県関市武芸川町高野４２３ー７", "緯度": 35.52178, "経度": 136.852753, "url": "https://www.iryou.teikyouseido.mhlw.go.jp/znk-web/juminkanja/S2430/initialize?prefCd=21&kikanCd=1563002809&kikanKbn=3", "url2": null, "内容": "博愛歯科医院【3:歯科】岐阜県関市武芸川町高野４２３ー７" }, "geometry": { "type": "Point", "coordinates": [ 136.852753, 35.52178 ] } },
{ "type": "Feature", "properties": { "ID": 2131563002812, "正式名称": "大山歯科医院", "機関区分": 3, "都道府県コード": 21, "市区町村コード": 205, "所在地": "岐阜県関市肥田瀬字道前８０４ー２", "緯度": 35.475237, "経度": 136.943808, "url": "https://www.iryou.teikyouseido.mhlw.go.jp/znk-web/juminkanja/S2430/initialize?prefCd=21&kikanCd=1563002812&kikanKbn=3", "url2": null, "内容": "大山歯科医院【3:歯科】岐阜県関市肥田瀬字道前８０４ー２" }, "geometry": { "type": "Point", "coordinates": [ 136.943808, 35.475237 ] } },
{ "type": "Feature", "properties": { "ID": 2131563002813, "正式名称": "和田歯科医院", "機関区分": 3, "都道府県コード": 21, "市区町村コード": 205, "所在地": "岐阜県関市旭ケ丘２ー２ー２０", "緯度": 35.482682, "経度": 136.927851, "url": "https://www.iryou.teikyouseido.mhlw.go.jp/znk-web/juminkanja/S2430/initialize?prefCd=21&kikanCd=1563002813&kikanKbn=3", "url2": null, "内容": "和田歯科医院【3:歯科】岐阜県関市旭ケ丘２ー２ー２０" }, "geometry": { "type": "Point", "coordinates": [ 136.927851, 35.482682 ] } },
{ "type": "Feature", "properties": { "ID": 2131563002814, "正式名称": "中島歯科医院", "機関区分": 3, "都道府県コード": 21, "市区町村コード": 205, "所在地": "岐阜県関市西木戸町３４", "緯度": 35.487438, "経度": 136.912646, "url": "https://www.iryou.teikyouseido.mhlw.go.jp/znk-web/juminkanja/S2430/initialize?prefCd=21&kikanCd=1563002814&kikanKbn=3", "url2": "http://www.nakashima-dentalclinic.jp/", "内容": "中島歯科医院【3:歯科】岐阜県関市西木戸町３４" }, "geometry": { "type": "Point", "coordinates": [ 136.912646, 35.487438 ] } },
{ "type": "Feature", "properties": { "ID": 2131563002816, "正式名称": "谷向歯科医院", "機関区分": 3, "都道府県コード": 21, "市区町村コード": 205, "所在地": "岐阜県関市下有知１４８番地の３", "緯度": 35.495869, "経度": 136.903003, "url": "https://www.iryou.teikyouseido.mhlw.go.jp/znk-web/juminkanja/S2430/initialize?prefCd=21&kikanCd=1563002816&kikanKbn=3", "url2": null, "内容": "谷向歯科医院【3:歯科】岐阜県関市下有知１４８番地の３" }, "geometry": { "type": "Point", "coordinates": [ 136.903003, 35.495869 ] } },
{ "type": "Feature", "properties": { "ID": 2131563002819, "正式名称": "ともちか矯正歯科", "機関区分": 3, "都道府県コード": 21, "市区町村コード": 205, "所在地": "岐阜県関市栄町３丁目２ー１５", "緯度": 35.486473, "経度": 136.909113, "url": "https://www.iryou.teikyouseido.mhlw.go.jp/znk-web/juminkanja/S2430/initialize?prefCd=21&kikanCd=1563002819&kikanKbn=3", "url2": null, "内容": "ともちか矯正歯科【3:歯科】岐阜県関市栄町３丁目２ー１５" }, "geometry": { "type": "Point", "coordinates": [ 136.909113, 35.486473 ] } },
{ "type": "Feature", "properties": { "ID": 2131563002820, "正式名称": "まなみ歯科", "機関区分": 3, "都道府県コード": 21, "市区町村コード": 205, "所在地": "岐阜県関市西田原２０２１", "緯度": 35.443077, "経度": 136.954625, "url": "https://www.iryou.teikyouseido.mhlw.go.jp/znk-web/juminkanja/S2430/initialize?prefCd=21&kikanCd=1563002820&kikanKbn=3", "url2": null, "内容": "まなみ歯科【3:歯科】岐阜県関市西田原２０２１" }, "geometry": { "type": "Point", "coordinates": [ 136.954625, 35.443077 ] } },
{ "type": "Feature", "properties": { "ID": 2131563002821, "正式名称": "くらち歯科医院", "機関区分": 3, "都道府県コード": 21, "市区町村コード": 205, "所在地": "岐阜県関市倉知４０６ー４", "緯度": 35.479615, "経度": 136.903456, "url": "https://www.iryou.teikyouseido.mhlw.go.jp/znk-web/juminkanja/S2430/initialize?prefCd=21&kikanCd=1563002821&kikanKbn=3", "url2": null, "内容": "くらち歯科医院【3:歯科】岐阜県関市倉知４０６ー４" }, "geometry": { "type": "Point", "coordinates": [ 136.903456, 35.479615 ] } },
{ "type": "Feature", "properties": { "ID": 2131563002822, "正式名称": "くろだ歯科医院", "機関区分": 3, "都道府県コード": 21, "市区町村コード": 205, "所在地": "岐阜県関市平成通１ー３ー１０", "緯度": 35.4714, "経度": 136.93587, "url": "https://www.iryou.teikyouseido.mhlw.go.jp/znk-web/juminkanja/S2430/initialize?prefCd=21&kikanCd=1563002822&kikanKbn=3", "url2": "https://kurodashika.cihp2.jp/", "内容": "くろだ歯科医院【3:歯科】岐阜県関市平成通１ー３ー１０" }, "geometry": { "type": "Point", "coordinates": [ 136.93587, 35.4714 ] } },
{ "type": "Feature", "properties": { "ID": 2131563002824, "正式名称": "かとう歯科", "機関区分": 3, "都道府県コード": 21, "市区町村コード": 205, "所在地": "岐阜県関市富之保", "緯度": 35.581351, "経度": 137.015507, "url": "https://www.iryou.teikyouseido.mhlw.go.jp/znk-web/juminkanja/S2430/initialize?prefCd=21&kikanCd=1563002824&kikanKbn=3", "url2": null, "内容": "かとう歯科【3:歯科】岐阜県関市富之保" }, "geometry": { "type": "Point", "coordinates": [ 137.015507, 35.581351 ] } },
{ "type": "Feature", "properties": { "ID": 2131563002825, "正式名称": "本田歯科クリニック", "機関区分": 3, "都道府県コード": 21, "市区町村コード": 205, "所在地": "岐阜県関市西木戸町", "緯度": 35.48899, "経度": 136.912668, "url": "https://www.iryou.teikyouseido.mhlw.go.jp/znk-web/juminkanja/S2430/initialize?prefCd=21&kikanCd=1563002825&kikanKbn=3", "url2": "http://sekishi-honda-dc.com", "内容": "本田歯科クリニック【3:歯科】岐阜県関市西木戸町" }, "geometry": { "type": "Point", "coordinates": [ 136.912668, 35.48899 ] } },
{ "type": "Feature", "properties": { "ID": 2131563006053, "正式名称": "ミント歯科", "機関区分": 3, "都道府県コード": 21, "市区町村コード": 205, "所在地": "岐阜県関市市平賀５４９岩下ビル１Ｆ", "緯度": 35.484075, "経度": 136.946623, "url": "https://www.iryou.teikyouseido.mhlw.go.jp/znk-web/juminkanja/S2430/initialize?prefCd=21&kikanCd=1563006053&kikanKbn=3", "url2": null, "内容": "ミント歯科【3:歯科】岐阜県関市市平賀５４９岩下ビル１Ｆ" }, "geometry": { "type": "Point", "coordinates": [ 136.946623, 35.484075 ] } },
{ "type": "Feature", "properties": { "ID": 2131563006429, "正式名称": "加藤歯科医院", "機関区分": 3, "都道府県コード": 21, "市区町村コード": 205, "所在地": "岐阜県関市本町６ー１", "緯度": 35.486721, "経度": 136.915067, "url": "https://www.iryou.teikyouseido.mhlw.go.jp/znk-web/juminkanja/S2430/initialize?prefCd=21&kikanCd=1563006429&kikanKbn=3", "url2": "http://www.kato-dental.jp/", "内容": "加藤歯科医院【3:歯科】岐阜県関市本町６ー１" }, "geometry": { "type": "Point", "coordinates": [ 136.915067, 35.486721 ] } },
{ "type": "Feature", "properties": { "ID": 2131563006900, "正式名称": "医療法人晃成会やたべデンタルクリニック", "機関区分": 3, "都道府県コード": 21, "市区町村コード": 205, "所在地": "岐阜県関市十三塚南１ー１", "緯度": 35.485481, "経度": 136.894446, "url": "https://www.iryou.teikyouseido.mhlw.go.jp/znk-web/juminkanja/S2430/initialize?prefCd=21&kikanCd=1563006900&kikanKbn=3", "url2": "http://www.yatabe-shika.com/", "内容": "医療法人晃成会やたべデンタルクリニック【3:歯科】岐阜県関市十三塚南１ー１" }, "geometry": { "type": "Point", "coordinates": [ 136.894446, 35.485481 ] } },
{ "type": "Feature", "properties": { "ID": 2131563007384, "正式名称": "さくら歯科医院", "機関区分": 3, "都道府県コード": 21, "市区町村コード": 219, "所在地": "岐阜県郡上市大和町徳永１８４番地１", "緯度": 35.804949, "経度": 136.903224, "url": "https://www.iryou.teikyouseido.mhlw.go.jp/znk-web/juminkanja/S2430/initialize?prefCd=21&kikanCd=1563007384&kikanKbn=3", "url2": null, "内容": "さくら歯科医院【3:歯科】岐阜県郡上市大和町徳永１８４番地１" }, "geometry": { "type": "Point", "coordinates": [ 136.903224, 35.804949 ] } },
{ "type": "Feature", "properties": { "ID": 2131563007566, "正式名称": "さこう歯科クリニック", "機関区分": 3, "都道府県コード": 21, "市区町村コード": 205, "所在地": "岐阜県関市東新町５丁目１番地", "緯度": 35.481051, "経度": 136.936175, "url": "https://www.iryou.teikyouseido.mhlw.go.jp/znk-web/juminkanja/S2430/initialize?prefCd=21&kikanCd=1563007566&kikanKbn=3", "url2": "https://www.sakohshika.com/", "内容": "さこう歯科クリニック【3:歯科】岐阜県関市東新町５丁目１番地" }, "geometry": { "type": "Point", "coordinates": [ 136.936175, 35.481051 ] } },
{ "type": "Feature", "properties": { "ID": 2131563007568, "正式名称": "のぶた歯科クリニック", "機関区分": 3, "都道府県コード": 21, "市区町村コード": 207, "所在地": "岐阜県美濃市大矢田５６８番地１", "緯度": 35.532164, "経度": 136.877485, "url": "https://www.iryou.teikyouseido.mhlw.go.jp/znk-web/juminkanja/S2430/initialize?prefCd=21&kikanCd=1563007568&kikanKbn=3", "url2": null, "内容": "のぶた歯科クリニック【3:歯科】岐阜県美濃市大矢田５６８番地１" }, "geometry": { "type": "Point", "coordinates": [ 136.877485, 35.532164 ] } },
{ "type": "Feature", "properties": { "ID": 2131563007774, "正式名称": "沢歯科医院", "機関区分": 3, "都道府県コード": 21, "市区町村コード": 205, "所在地": "岐阜県関市西神野７", "緯度": 35.519464, "経度": 136.978859, "url": "https://www.iryou.teikyouseido.mhlw.go.jp/znk-web/juminkanja/S2430/initialize?prefCd=21&kikanCd=1563007774&kikanKbn=3", "url2": null, "内容": "沢歯科医院【3:歯科】岐阜県関市西神野７" }, "geometry": { "type": "Point", "coordinates": [ 136.978859, 35.519464 ] } },
{ "type": "Feature", "properties": { "ID": 2131563007890, "正式名称": "ばんの歯科", "機関区分": 3, "都道府県コード": 21, "市区町村コード": 207, "所在地": "岐阜県美濃市１０４番地１", "緯度": 36.048504, "経度": 136.949377, "url": "https://www.iryou.teikyouseido.mhlw.go.jp/znk-web/juminkanja/S2430/initialize?prefCd=21&kikanCd=1563007890&kikanKbn=3", "url2": "http://www.bannoshika.jp", "内容": "ばんの歯科【3:歯科】岐阜県美濃市１０４番地１" }, "geometry": { "type": "Point", "coordinates": [ 136.949377, 36.048504 ] } },
{ "type": "Feature", "properties": { "ID": 2131563008084, "正式名称": "あずき畑デンタルクリニック", "機関区分": 3, "都道府県コード": 21, "市区町村コード": 205, "所在地": "岐阜県関市下有知１２１２－９", "緯度": 35.508508, "経度": 136.90527, "url": "https://www.iryou.teikyouseido.mhlw.go.jp/znk-web/juminkanja/S2430/initialize?prefCd=21&kikanCd=1563008084&kikanKbn=3", "url2": "http://www.azukibata.com", "内容": "あずき畑デンタルクリニック【3:歯科】岐阜県関市下有知１２１２－９" }, "geometry": { "type": "Point", "coordinates": [ 136.90527, 35.508508 ] } },
{ "type": "Feature", "properties": { "ID": 2131563008196, "正式名称": "わかくさ総合歯科クリニック", "機関区分": 3, "都道府県コード": 21, "市区町村コード": 205, "所在地": "岐阜県関市竪切北１２番１", "緯度": 35.493643, "経度": 136.908975, "url": "https://www.iryou.teikyouseido.mhlw.go.jp/znk-web/juminkanja/S2430/initialize?prefCd=21&kikanCd=1563008196&kikanKbn=3", "url2": "https://wakakusa-dc.com", "内容": "わかくさ総合歯科クリニック【3:歯科】岐阜県関市竪切北１２番１" }, "geometry": { "type": "Point", "coordinates": [ 136.908975, 35.493643 ] } },
{ "type": "Feature", "properties": { "ID": 2131563008429, "正式名称": "梅山歯科医院", "機関区分": 3, "都道府県コード": 21, "市区町村コード": 207, "所在地": "岐阜県美濃市曽代字城下２０１７", "緯度": 35.56274, "経度": 136.919818, "url": "https://www.iryou.teikyouseido.mhlw.go.jp/znk-web/juminkanja/S2430/initialize?prefCd=21&kikanCd=1563008429&kikanKbn=3", "url2": null, "内容": "梅山歯科医院【3:歯科】岐阜県美濃市曽代字城下２０１７" }, "geometry": { "type": "Point", "coordinates": [ 136.919818, 35.56274 ] } },
{ "type": "Feature", "properties": { "ID": 2131563008876, "正式名称": "はるこま歯科医院", "機関区分": 3, "都道府県コード": 21, "市区町村コード": 219, "所在地": "岐阜県郡上市八幡町五町１ー４ー２", "緯度": 35.755697, "経度": 136.944717, "url": "https://www.iryou.teikyouseido.mhlw.go.jp/znk-web/juminkanja/S2430/initialize?prefCd=21&kikanCd=1563008876&kikanKbn=3", "url2": "harukomadental.jp", "内容": "はるこま歯科医院【3:歯科】岐阜県郡上市八幡町五町１ー４ー２" }, "geometry": { "type": "Point", "coordinates": [ 136.944717, 35.755697 ] } },
{ "type": "Feature", "properties": { "ID": 2131563009725, "正式名称": "ジュン歯科クリニック", "機関区分": 3, "都道府県コード": 21, "市区町村コード": 219, "所在地": "岐阜県郡上市白鳥町為真２０２７番７", "緯度": 35.873044, "経度": 136.86879, "url": "https://www.iryou.teikyouseido.mhlw.go.jp/znk-web/juminkanja/S2430/initialize?prefCd=21&kikanCd=1563009725&kikanKbn=3", "url2": "http://www.jun-dentalclinic.jp", "内容": "ジュン歯科クリニック【3:歯科】岐阜県郡上市白鳥町為真２０２７番７" }, "geometry": { "type": "Point", "coordinates": [ 136.86879, 35.873044 ] } },
{ "type": "Feature", "properties": { "ID": 2131563009866, "正式名称": "いとう歯科クリニック", "機関区分": 3, "都道府県コード": 21, "市区町村コード": 207, "所在地": "岐阜県美濃市松栄町１−２１", "緯度": 35.532715, "経度": 136.911007, "url": "https://www.iryou.teikyouseido.mhlw.go.jp/znk-web/juminkanja/S2430/initialize?prefCd=21&kikanCd=1563009866&kikanKbn=3", "url2": "ito-dent.info", "内容": "いとう歯科クリニック【3:歯科】岐阜県美濃市松栄町１−２１" }, "geometry": { "type": "Point", "coordinates": [ 136.911007, 35.532715 ] } },
{ "type": "Feature", "properties": { "ID": 2131593002927, "正式名称": "ときわ歯科医院", "機関区分": 3, "都道府県コード": 21, "市区町村コード": 204, "所在地": "岐阜県多治見市常盤町３番地", "緯度": 35.333893, "経度": 137.133369, "url": "https://www.iryou.teikyouseido.mhlw.go.jp/znk-web/juminkanja/S2430/initialize?prefCd=21&kikanCd=1593002927&kikanKbn=3", "url2": "https://www.tokiwa-dental.jp/", "内容": "ときわ歯科医院【3:歯科】岐阜県多治見市常盤町３番地" }, "geometry": { "type": "Point", "coordinates": [ 137.133369, 35.333893 ] } },
{ "type": "Feature", "properties": { "ID": 2131593002929, "正式名称": "加藤歯科医院", "機関区分": 3, "都道府県コード": 21, "市区町村コード": 204, "所在地": "岐阜県多治見市山下町２０", "緯度": 35.332258, "経度": 137.132444, "url": "https://www.iryou.teikyouseido.mhlw.go.jp/znk-web/juminkanja/S2430/initialize?prefCd=21&kikanCd=1593002929&kikanKbn=3", "url2": null, "内容": "加藤歯科医院【3:歯科】岐阜県多治見市山下町２０" }, "geometry": { "type": "Point", "coordinates": [ 137.132444, 35.332258 ] } },
{ "type": "Feature", "properties": { "ID": 2131593002931, "正式名称": "市原歯科医院", "機関区分": 3, "都道府県コード": 21, "市区町村コード": 204, "所在地": "岐阜県多治見市十九田町２ー６０ー２", "緯度": 35.341923, "経度": 137.120313, "url": "https://www.iryou.teikyouseido.mhlw.go.jp/znk-web/juminkanja/S2430/initialize?prefCd=21&kikanCd=1593002931&kikanKbn=3", "url2": null, "内容": "市原歯科医院【3:歯科】岐阜県多治見市十九田町２ー６０ー２" }, "geometry": { "type": "Point", "coordinates": [ 137.120313, 35.341923 ] } },
{ "type": "Feature", "properties": { "ID": 2131593002933, "正式名称": "梶田歯科", "機関区分": 3, "都道府県コード": 21, "市区町村コード": 204, "所在地": "岐阜県多治見市田代町２ー２２", "緯度": 35.332828, "経度": 137.118137, "url": "https://www.iryou.teikyouseido.mhlw.go.jp/znk-web/juminkanja/S2430/initialize?prefCd=21&kikanCd=1593002933&kikanKbn=3", "url2": null, "内容": "梶田歯科【3:歯科】岐阜県多治見市田代町２ー２２" }, "geometry": { "type": "Point", "coordinates": [ 137.118137, 35.332828 ] } },
{ "type": "Feature", "properties": { "ID": 2131593002936, "正式名称": "根本歯科医院", "機関区分": 3, "都道府県コード": 21, "市区町村コード": 204, "所在地": "岐阜県多治見市根本町３ー９９", "緯度": 35.360552, "経度": 137.087562, "url": "https://www.iryou.teikyouseido.mhlw.go.jp/znk-web/juminkanja/S2430/initialize?prefCd=21&kikanCd=1593002936&kikanKbn=3", "url2": "http://www.dentalsherlock.com/gifu/nemoto.html", "内容": "根本歯科医院【3:歯科】岐阜県多治見市根本町３ー９９" }, "geometry": { "type": "Point", "coordinates": [ 137.087562, 35.360552 ] } },
{ "type": "Feature", "properties": { "ID": 2131593002937, "正式名称": "高野歯科", "機関区分": 3, "都道府県コード": 21, "市区町村コード": 204, "所在地": "岐阜県多治見市音羽町１ー８ー１", "緯度": 35.337568, "経度": 137.117721, "url": "https://www.iryou.teikyouseido.mhlw.go.jp/znk-web/juminkanja/S2430/initialize?prefCd=21&kikanCd=1593002937&kikanKbn=3", "url2": null, "内容": "高野歯科【3:歯科】岐阜県多治見市音羽町１ー８ー１" }, "geometry": { "type": "Point", "coordinates": [ 137.117721, 35.337568 ] } },
{ "type": "Feature", "properties": { "ID": 2131593002938, "正式名称": "各務歯科医院", "機関区分": 3, "都道府県コード": 21, "市区町村コード": 204, "所在地": "岐阜県多治見市本町７ー７１ー２", "緯度": 35.334518, "経度": 137.1345, "url": "https://www.iryou.teikyouseido.mhlw.go.jp/znk-web/juminkanja/S2430/initialize?prefCd=21&kikanCd=1593002938&kikanKbn=3", "url2": null, "内容": "各務歯科医院【3:歯科】岐阜県多治見市本町７ー７１ー２" }, "geometry": { "type": "Point", "coordinates": [ 137.1345, 35.334518 ] } },
{ "type": "Feature", "properties": { "ID": 2131593002939, "正式名称": "山内歯科多治見おとなこども矯正", "機関区分": 3, "都道府県コード": 21, "市区町村コード": 204, "所在地": "岐阜県多治見市弁天町２－２９", "緯度": 35.34121, "経度": 137.128895, "url": "https://www.iryou.teikyouseido.mhlw.go.jp/znk-web/juminkanja/S2430/initialize?prefCd=21&kikanCd=1593002939&kikanKbn=3", "url2": "https://yamauchi220886.com/", "内容": "山内歯科多治見おとなこども矯正【3:歯科】岐阜県多治見市弁天町２－２９" }, "geometry": { "type": "Point", "coordinates": [ 137.128895, 35.34121 ] } },
{ "type": "Feature", "properties": { "ID": 2131593002941, "正式名称": "川地歯科医院", "機関区分": 3, "都道府県コード": 21, "市区町村コード": 204, "所在地": "岐阜県多治見市大畑町１ー５３", "緯度": 35.323305, "経度": 137.13146, "url": "https://www.iryou.teikyouseido.mhlw.go.jp/znk-web/juminkanja/S2430/initialize?prefCd=21&kikanCd=1593002941&kikanKbn=3", "url2": null, "内容": "川地歯科医院【3:歯科】岐阜県多治見市大畑町１ー５３" }, "geometry": { "type": "Point", "coordinates": [ 137.13146, 35.323305 ] } },
{ "type": "Feature", "properties": { "ID": 2131593002942, "正式名称": "中山歯科医院", "機関区分": 3, "都道府県コード": 21, "市区町村コード": 204, "所在地": "岐阜県多治見市池田町５丁目８３", "緯度": 35.333203, "経度": 137.106175, "url": "https://www.iryou.teikyouseido.mhlw.go.jp/znk-web/juminkanja/S2430/initialize?prefCd=21&kikanCd=1593002942&kikanKbn=3", "url2": null, "内容": "中山歯科医院【3:歯科】岐阜県多治見市池田町５丁目８３" }, "geometry": { "type": "Point", "coordinates": [ 137.106175, 35.333203 ] } },
{ "type": "Feature", "properties": { "ID": 2131593002943, "正式名称": "医療法人　孝祐会　いとう歯科", "機関区分": 3, "都道府県コード": 21, "市区町村コード": 204, "所在地": "岐阜県多治見市三笠町１ー２１", "緯度": 35.328077, "経度": 137.124039, "url": "https://www.iryou.teikyouseido.mhlw.go.jp/znk-web/juminkanja/S2430/initialize?prefCd=21&kikanCd=1593002943&kikanKbn=3", "url2": null, "内容": "医療法人　孝祐会　いとう歯科【3:歯科】岐阜県多治見市三笠町１ー２１" }, "geometry": { "type": "Point", "coordinates": [ 137.124039, 35.328077 ] } },
{ "type": "Feature", "properties": { "ID": 2131593002947, "正式名称": "ささき歯科", "機関区分": 3, "都道府県コード": 21, "市区町村コード": 208, "所在地": "岐阜県瑞浪市土岐町５２ー２", "緯度": 35.366735, "経度": 137.255909, "url": "https://www.iryou.teikyouseido.mhlw.go.jp/znk-web/juminkanja/S2430/initialize?prefCd=21&kikanCd=1593002947&kikanKbn=3", "url2": null, "内容": "ささき歯科【3:歯科】岐阜県瑞浪市土岐町５２ー２" }, "geometry": { "type": "Point", "coordinates": [ 137.255909, 35.366735 ] } },
{ "type": "Feature", "properties": { "ID": 2131593002954, "正式名称": "歯科　口腔外科　ほりべクリニック", "機関区分": 3, "都道府県コード": 21, "市区町村コード": 208, "所在地": "岐阜県瑞浪市一色町１丁目４７", "緯度": 35.36207, "経度": 137.248501, "url": "https://www.iryou.teikyouseido.mhlw.go.jp/znk-web/juminkanja/S2430/initialize?prefCd=21&kikanCd=1593002954&kikanKbn=3", "url2": null, "内容": "歯科　口腔外科　ほりべクリニック【3:歯科】岐阜県瑞浪市一色町１丁目４７" }, "geometry": { "type": "Point", "coordinates": [ 137.248501, 35.36207 ] } },
{ "type": "Feature", "properties": { "ID": 2131593002955, "正式名称": "森川歯科医院", "機関区分": 3, "都道府県コード": 21, "市区町村コード": 212, "所在地": "岐阜県土岐市泉町久尻４ー２", "緯度": 35.358344, "経度": 137.182931, "url": "https://www.iryou.teikyouseido.mhlw.go.jp/znk-web/juminkanja/S2430/initialize?prefCd=21&kikanCd=1593002955&kikanKbn=3", "url2": null, "内容": "森川歯科医院【3:歯科】岐阜県土岐市泉町久尻４ー２" }, "geometry": { "type": "Point", "coordinates": [ 137.182931, 35.358344 ] } },
{ "type": "Feature", "properties": { "ID": 2131593002956, "正式名称": "鵜飼歯科医院", "機関区分": 3, "都道府県コード": 21, "市区町村コード": 212, "所在地": "岐阜県土岐市駄知町１９１１", "緯度": 35.32696, "経度": 137.227094, "url": "https://www.iryou.teikyouseido.mhlw.go.jp/znk-web/juminkanja/S2430/initialize?prefCd=21&kikanCd=1593002956&kikanKbn=3", "url2": null, "内容": "鵜飼歯科医院【3:歯科】岐阜県土岐市駄知町１９１１" }, "geometry": { "type": "Point", "coordinates": [ 137.227094, 35.32696 ] } },
{ "type": "Feature", "properties": { "ID": 2131593002957, "正式名称": "鹿野歯科医院", "機関区分": 3, "都道府県コード": 21, "市区町村コード": 212, "所在地": "岐阜県土岐市泉町久尻４７ー１４", "緯度": 35.355992, "経度": 137.183477, "url": "https://www.iryou.teikyouseido.mhlw.go.jp/znk-web/juminkanja/S2430/initialize?prefCd=21&kikanCd=1593002957&kikanKbn=3", "url2": null, "内容": "鹿野歯科医院【3:歯科】岐阜県土岐市泉町久尻４７ー１４" }, "geometry": { "type": "Point", "coordinates": [ 137.183477, 35.355992 ] } },
{ "type": "Feature", "properties": { "ID": 2131593002958, "正式名称": "水野歯科医院", "機関区分": 3, "都道府県コード": 21, "市区町村コード": 212, "所在地": "岐阜県土岐市泉町大富２２４ー１１", "緯度": 35.361798, "経度": 137.190739, "url": "https://www.iryou.teikyouseido.mhlw.go.jp/znk-web/juminkanja/S2430/initialize?prefCd=21&kikanCd=1593002958&kikanKbn=3", "url2": "https://mizunodental.net/", "内容": "水野歯科医院【3:歯科】岐阜県土岐市泉町大富２２４ー１１" }, "geometry": { "type": "Point", "coordinates": [ 137.190739, 35.361798 ] } },
{ "type": "Feature", "properties": { "ID": 2131593002963, "正式名称": "阿部歯科医院", "機関区分": 3, "都道府県コード": 21, "市区町村コード": 212, "所在地": "岐阜県土岐市土岐津町土岐口９９３ー１", "緯度": 35.347761, "経度": 137.177379, "url": "https://www.iryou.teikyouseido.mhlw.go.jp/znk-web/juminkanja/S2430/initialize?prefCd=21&kikanCd=1593002963&kikanKbn=3", "url2": "https://abedentalclinic.jp/", "内容": "阿部歯科医院【3:歯科】岐阜県土岐市土岐津町土岐口９９３ー１" }, "geometry": { "type": "Point", "coordinates": [ 137.177379, 35.347761 ] } },
{ "type": "Feature", "properties": { "ID": 2131593002964, "正式名称": "丹羽歯科医院", "機関区分": 3, "都道府県コード": 21, "市区町村コード": 212, "所在地": "岐阜県土岐市肥田浅野矢落町１－２５", "緯度": 35.359557, "経度": 137.193898, "url": "https://www.iryou.teikyouseido.mhlw.go.jp/znk-web/juminkanja/S2430/initialize?prefCd=21&kikanCd=1593002964&kikanKbn=3", "url2": "http://www.niwadentalclinic.com", "内容": "丹羽歯科医院【3:歯科】岐阜県土岐市肥田浅野矢落町１－２５" }, "geometry": { "type": "Point", "coordinates": [ 137.193898, 35.359557 ] } },
{ "type": "Feature", "properties": { "ID": 2131593002966, "正式名称": "おぐり歯科口腔外科", "機関区分": 3, "都道府県コード": 21, "市区町村コード": 212, "所在地": "岐阜県土岐市泉町久尻３６−７", "緯度": 35.35704, "経度": 137.185354, "url": "https://www.iryou.teikyouseido.mhlw.go.jp/znk-web/juminkanja/S2430/initialize?prefCd=21&kikanCd=1593002966&kikanKbn=3", "url2": "https://oguri-dental.jp", "内容": "おぐり歯科口腔外科【3:歯科】岐阜県土岐市泉町久尻３６−７" }, "geometry": { "type": "Point", "coordinates": [ 137.185354, 35.35704 ] } },
{ "type": "Feature", "properties": { "ID": 2131593002968, "正式名称": "佐々木歯科医院", "機関区分": 3, "都道府県コード": 21, "市区町村コード": 212, "所在地": "岐阜県土岐市土岐津町高山２２３ー３", "緯度": 35.354705, "経度": 137.189945, "url": "https://www.iryou.teikyouseido.mhlw.go.jp/znk-web/juminkanja/S2430/initialize?prefCd=21&kikanCd=1593002968&kikanKbn=3", "url2": null, "内容": "佐々木歯科医院【3:歯科】岐阜県土岐市土岐津町高山２２３ー３" }, "geometry": { "type": "Point", "coordinates": [ 137.189945, 35.354705 ] } },
{ "type": "Feature", "properties": { "ID": 2131593002969, "正式名称": "小澤歯科医院", "機関区分": 3, "都道府県コード": 21, "市区町村コード": 204, "所在地": "岐阜県多治見市上野町", "緯度": 35.337506, "経度": 137.124716, "url": "https://www.iryou.teikyouseido.mhlw.go.jp/znk-web/juminkanja/S2430/initialize?prefCd=21&kikanCd=1593002969&kikanKbn=3", "url2": "http://www.ob.aitai.ne.jp/~toza/", "内容": "小澤歯科医院【3:歯科】岐阜県多治見市上野町" }, "geometry": { "type": "Point", "coordinates": [ 137.124716, 35.337506 ] } },
{ "type": "Feature", "properties": { "ID": 2131593002971, "正式名称": "医療法人社団　豊栄会　加藤歯科医院", "機関区分": 3, "都道府県コード": 21, "市区町村コード": 204, "所在地": "岐阜県多治見市市之倉町２ー３０８ー４", "緯度": 35.300808, "経度": 137.12748, "url": "https://www.iryou.teikyouseido.mhlw.go.jp/znk-web/juminkanja/S2430/initialize?prefCd=21&kikanCd=1593002971&kikanKbn=3", "url2": null, "内容": "医療法人社団　豊栄会　加藤歯科医院【3:歯科】岐阜県多治見市市之倉町２ー３０８ー４" }, "geometry": { "type": "Point", "coordinates": [ 137.12748, 35.300808 ] } },
{ "type": "Feature", "properties": { "ID": 2131593002972, "正式名称": "土屋歯科医院", "機関区分": 3, "都道府県コード": 21, "市区町村コード": 208, "所在地": "岐阜県瑞浪市樽上町１ー１９", "緯度": 35.362007, "経度": 137.253618, "url": "https://www.iryou.teikyouseido.mhlw.go.jp/znk-web/juminkanja/S2430/initialize?prefCd=21&kikanCd=1593002972&kikanKbn=3", "url2": null, "内容": "土屋歯科医院【3:歯科】岐阜県瑞浪市樽上町１ー１９" }, "geometry": { "type": "Point", "coordinates": [ 137.253618, 35.362007 ] } },
{ "type": "Feature", "properties": { "ID": 2131593002973, "正式名称": "野村歯科医院", "機関区分": 3, "都道府県コード": 21, "市区町村コード": 204, "所在地": "岐阜県多治見市笠原町２１７２ー４", "緯度": 35.300674, "経度": 137.157587, "url": "https://www.iryou.teikyouseido.mhlw.go.jp/znk-web/juminkanja/S2430/initialize?prefCd=21&kikanCd=1593002973&kikanKbn=3", "url2": null, "内容": "野村歯科医院【3:歯科】岐阜県多治見市笠原町２１７２ー４" }, "geometry": { "type": "Point", "coordinates": [ 137.157587, 35.300674 ] } },
{ "type": "Feature", "properties": { "ID": 2131593002975, "正式名称": "林歯科医院", "機関区分": 3, "都道府県コード": 21, "市区町村コード": 212, "所在地": "岐阜県土岐市下石町", "緯度": 35.319402, "経度": 137.184554, "url": "https://www.iryou.teikyouseido.mhlw.go.jp/znk-web/juminkanja/S2430/initialize?prefCd=21&kikanCd=1593002975&kikanKbn=3", "url2": null, "内容": "林歯科医院【3:歯科】岐阜県土岐市下石町" }, "geometry": { "type": "Point", "coordinates": [ 137.184554, 35.319402 ] } },
{ "type": "Feature", "properties": { "ID": 2131593002976, "正式名称": "加藤歯科医院", "機関区分": 3, "都道府県コード": 21, "市区町村コード": 212, "所在地": "岐阜県土岐市泉梅ノ木町２ー２１", "緯度": 35.365408, "経度": 137.184763, "url": "https://www.iryou.teikyouseido.mhlw.go.jp/znk-web/juminkanja/S2430/initialize?prefCd=21&kikanCd=1593002976&kikanKbn=3", "url2": null, "内容": "加藤歯科医院【3:歯科】岐阜県土岐市泉梅ノ木町２ー２１" }, "geometry": { "type": "Point", "coordinates": [ 137.184763, 35.365408 ] } },
{ "type": "Feature", "properties": { "ID": 2131593002977, "正式名称": "ナルセ歯科クリニック", "機関区分": 3, "都道府県コード": 21, "市区町村コード": 212, "所在地": "岐阜県土岐市泉神栄町４ー１８", "緯度": 35.363222, "経度": 137.185939, "url": "https://www.iryou.teikyouseido.mhlw.go.jp/znk-web/juminkanja/S2430/initialize?prefCd=21&kikanCd=1593002977&kikanKbn=3", "url2": "http://maco-dental.com", "内容": "ナルセ歯科クリニック【3:歯科】岐阜県土岐市泉神栄町４ー１８" }, "geometry": { "type": "Point", "coordinates": [ 137.185939, 35.363222 ] } },
{ "type": "Feature", "properties": { "ID": 2131593002979, "正式名称": "加藤歯科医院", "機関区分": 3, "都道府県コード": 21, "市区町村コード": 208, "所在地": "岐阜県瑞浪市松ケ瀬町４－２９－２", "緯度": 35.364936, "経度": 137.236016, "url": "https://www.iryou.teikyouseido.mhlw.go.jp/znk-web/juminkanja/S2430/initialize?prefCd=21&kikanCd=1593002979&kikanKbn=3", "url2": null, "内容": "加藤歯科医院【3:歯科】岐阜県瑞浪市松ケ瀬町４－２９－２" }, "geometry": { "type": "Point", "coordinates": [ 137.236016, 35.364936 ] } },
{ "type": "Feature", "properties": { "ID": 2131593002980, "正式名称": "ホワイト歯科", "機関区分": 3, "都道府県コード": 21, "市区町村コード": 204, "所在地": "岐阜県多治見市脇之島町４丁目３７番地の１", "緯度": 35.316895, "経度": 137.115037, "url": "https://www.iryou.teikyouseido.mhlw.go.jp/znk-web/juminkanja/S2430/initialize?prefCd=21&kikanCd=1593002980&kikanKbn=3", "url2": "whitedc-tajimi.dentalmall.jp", "内容": "ホワイト歯科【3:歯科】岐阜県多治見市脇之島町４丁目３７番地の１" }, "geometry": { "type": "Point", "coordinates": [ 137.115037, 35.316895 ] } },
{ "type": "Feature", "properties": { "ID": 2131593002982, "正式名称": "もりもと歯科クリニック", "機関区分": 3, "都道府県コード": 21, "市区町村コード": 208, "所在地": "岐阜県瑞浪市土岐町７０ー９", "緯度": 35.366413, "経度": 137.255124, "url": "https://www.iryou.teikyouseido.mhlw.go.jp/znk-web/juminkanja/S2430/initialize?prefCd=21&kikanCd=1593002982&kikanKbn=3", "url2": null, "内容": "もりもと歯科クリニック【3:歯科】岐阜県瑞浪市土岐町７０ー９" }, "geometry": { "type": "Point", "coordinates": [ 137.255124, 35.366413 ] } },
{ "type": "Feature", "properties": { "ID": 2131593002983, "正式名称": "宝歯科クリニック", "機関区分": 3, "都道府県コード": 21, "市区町村コード": 204, "所在地": "岐阜県多治見市宝町６－９", "緯度": 35.340605, "経度": 137.111511, "url": "https://www.iryou.teikyouseido.mhlw.go.jp/znk-web/juminkanja/S2430/initialize?prefCd=21&kikanCd=1593002983&kikanKbn=3", "url2": "http://takarashika.com/", "内容": "宝歯科クリニック【3:歯科】岐阜県多治見市宝町６－９" }, "geometry": { "type": "Point", "coordinates": [ 137.111511, 35.340605 ] } },
{ "type": "Feature", "properties": { "ID": 2131593002986, "正式名称": "土岐歯科医院", "機関区分": 3, "都道府県コード": 21, "市区町村コード": 208, "所在地": "岐阜県瑞浪市土岐町４４５", "緯度": 35.36946, "経度": 137.256666, "url": "https://www.iryou.teikyouseido.mhlw.go.jp/znk-web/juminkanja/S2430/initialize?prefCd=21&kikanCd=1593002986&kikanKbn=3", "url2": null, "内容": "土岐歯科医院【3:歯科】岐阜県瑞浪市土岐町４４５" }, "geometry": { "type": "Point", "coordinates": [ 137.256666, 35.36946 ] } },
{ "type": "Feature", "properties": { "ID": 2131593002987, "正式名称": "水野歯科医院", "機関区分": 3, "都道府県コード": 21, "市区町村コード": 208, "所在地": "岐阜県瑞浪市釜戸町３０８２ー２", "緯度": 35.409936, "経度": 137.303396, "url": "https://www.iryou.teikyouseido.mhlw.go.jp/znk-web/juminkanja/S2430/initialize?prefCd=21&kikanCd=1593002987&kikanKbn=3", "url2": null, "内容": "水野歯科医院【3:歯科】岐阜県瑞浪市釜戸町３０８２ー２" }, "geometry": { "type": "Point", "coordinates": [ 137.303396, 35.409936 ] } },
{ "type": "Feature", "properties": { "ID": 2131593002990, "正式名称": "アップルデンタルクリニック", "機関区分": 3, "都道府県コード": 21, "市区町村コード": 212, "所在地": "岐阜県土岐市泉郷町２ー１５ー１", "緯度": 35.360243, "経度": 137.180722, "url": "https://www.iryou.teikyouseido.mhlw.go.jp/znk-web/juminkanja/S2430/initialize?prefCd=21&kikanCd=1593002990&kikanKbn=3", "url2": "http://www.apple-d.com/", "内容": "アップルデンタルクリニック【3:歯科】岐阜県土岐市泉郷町２ー１５ー１" }, "geometry": { "type": "Point", "coordinates": [ 137.180722, 35.360243 ] } },
{ "type": "Feature", "properties": { "ID": 2131593002991, "正式名称": "わたなべ歯科医院", "機関区分": 3, "都道府県コード": 21, "市区町村コード": 204, "所在地": "岐阜県多治見市金岡町２ー１０４ー１", "緯度": 35.34294, "経度": 137.1178, "url": "https://www.iryou.teikyouseido.mhlw.go.jp/znk-web/juminkanja/S2430/initialize?prefCd=21&kikanCd=1593002991&kikanKbn=3", "url2": null, "内容": "わたなべ歯科医院【3:歯科】岐阜県多治見市金岡町２ー１０４ー１" }, "geometry": { "type": "Point", "coordinates": [ 137.1178, 35.34294 ] } },
{ "type": "Feature", "properties": { "ID": 2131593002992, "正式名称": "沼田歯科医院", "機関区分": 3, "都道府県コード": 21, "市区町村コード": 204, "所在地": "岐阜県多治見市希望ケ丘１ー２４６", "緯度": 35.37227, "経度": 137.121302, "url": "https://www.iryou.teikyouseido.mhlw.go.jp/znk-web/juminkanja/S2430/initialize?prefCd=21&kikanCd=1593002992&kikanKbn=3", "url2": null, "内容": "沼田歯科医院【3:歯科】岐阜県多治見市希望ケ丘１ー２４６" }, "geometry": { "type": "Point", "coordinates": [ 137.121302, 35.37227 ] } },
{ "type": "Feature", "properties": { "ID": 2131593002994, "正式名称": "あさひ歯科医院", "機関区分": 3, "都道府県コード": 21, "市区町村コード": 204, "所在地": "岐阜県多治見市旭ケ丘１０丁目２ー３１", "緯度": 35.368243, "経度": 137.106759, "url": "https://www.iryou.teikyouseido.mhlw.go.jp/znk-web/juminkanja/S2430/initialize?prefCd=21&kikanCd=1593002994&kikanKbn=3", "url2": null, "内容": "あさひ歯科医院【3:歯科】岐阜県多治見市旭ケ丘１０丁目２ー３１" }, "geometry": { "type": "Point", "coordinates": [ 137.106759, 35.368243 ] } },
{ "type": "Feature", "properties": { "ID": 2131593002995, "正式名称": "水谷歯科医院", "機関区分": 3, "都道府県コード": 21, "市区町村コード": 212, "所在地": "岐阜県土岐市泉町大富２５４番地の２２", "緯度": 35.36, "経度": 137.186012, "url": "https://www.iryou.teikyouseido.mhlw.go.jp/znk-web/juminkanja/S2430/initialize?prefCd=21&kikanCd=1593002995&kikanKbn=3", "url2": "http://www.mizutani9620.com", "内容": "水谷歯科医院【3:歯科】岐阜県土岐市泉町大富２５４番地の２２" }, "geometry": { "type": "Point", "coordinates": [ 137.186012, 35.36 ] } },
{ "type": "Feature", "properties": { "ID": 2131593002996, "正式名称": "みどり歯科", "機関区分": 3, "都道府県コード": 21, "市区町村コード": 204, "所在地": "岐阜県多治見市明和町５丁目１２ー１", "緯度": 35.357591, "経度": 137.106598, "url": "https://www.iryou.teikyouseido.mhlw.go.jp/znk-web/juminkanja/S2430/initialize?prefCd=21&kikanCd=1593002996&kikanKbn=3", "url2": null, "内容": "みどり歯科【3:歯科】岐阜県多治見市明和町５丁目１２ー１" }, "geometry": { "type": "Point", "coordinates": [ 137.106598, 35.357591 ] } },
{ "type": "Feature", "properties": { "ID": 2131593002997, "正式名称": "旭ヶ丘歯科", "機関区分": 3, "都道府県コード": 21, "市区町村コード": 204, "所在地": "岐阜県多治見市旭ケ丘８丁目２９ー１４０", "緯度": 35.363435, "経度": 137.105689, "url": "https://www.iryou.teikyouseido.mhlw.go.jp/znk-web/juminkanja/S2430/initialize?prefCd=21&kikanCd=1593002997&kikanKbn=3", "url2": null, "内容": "旭ヶ丘歯科【3:歯科】岐阜県多治見市旭ケ丘８丁目２９ー１４０" }, "geometry": { "type": "Point", "coordinates": [ 137.105689, 35.363435 ] } },
{ "type": "Feature", "properties": { "ID": 2131593002999, "正式名称": "おおた歯科", "機関区分": 3, "都道府県コード": 21, "市区町村コード": 212, "所在地": "岐阜県土岐市妻木平成町５丁目８番地", "緯度": 35.315212, "経度": 137.190258, "url": "https://www.iryou.teikyouseido.mhlw.go.jp/znk-web/juminkanja/S2430/initialize?prefCd=21&kikanCd=1593002999&kikanKbn=3", "url2": null, "内容": "おおた歯科【3:歯科】岐阜県土岐市妻木平成町５丁目８番地" }, "geometry": { "type": "Point", "coordinates": [ 137.190258, 35.315212 ] } },
{ "type": "Feature", "properties": { "ID": 2131593003003, "正式名称": "松下歯科医院", "機関区分": 3, "都道府県コード": 21, "市区町村コード": 204, "所在地": "岐阜県多治見市大畑町５丁目２３４", "緯度": 35.319455, "経度": 137.134959, "url": "https://www.iryou.teikyouseido.mhlw.go.jp/znk-web/juminkanja/S2430/initialize?prefCd=21&kikanCd=1593003003&kikanKbn=3", "url2": "http://www.matsushita-dental.info", "内容": "松下歯科医院【3:歯科】岐阜県多治見市大畑町５丁目２３４" }, "geometry": { "type": "Point", "coordinates": [ 137.134959, 35.319455 ] } },
{ "type": "Feature", "properties": { "ID": 2131593003004, "正式名称": "大塩歯科", "機関区分": 3, "都道府県コード": 21, "市区町村コード": 212, "所在地": "岐阜県土岐市妻木町１５９８ー１２", "緯度": 35.315275, "経度": 137.191348, "url": "https://www.iryou.teikyouseido.mhlw.go.jp/znk-web/juminkanja/S2430/initialize?prefCd=21&kikanCd=1593003004&kikanKbn=3", "url2": "ohshio.net/#id22", "内容": "大塩歯科【3:歯科】岐阜県土岐市妻木町１５９８ー１２" }, "geometry": { "type": "Point", "coordinates": [ 137.191348, 35.315275 ] } },
{ "type": "Feature", "properties": { "ID": 2131593003005, "正式名称": "医療法人つくし　井澤歯科医院", "機関区分": 3, "都道府県コード": 21, "市区町村コード": 204, "所在地": "岐阜県多治見市西坂町５ー７８", "緯度": 35.355206, "経度": 137.108304, "url": "https://www.iryou.teikyouseido.mhlw.go.jp/znk-web/juminkanja/S2430/initialize?prefCd=21&kikanCd=1593003005&kikanKbn=3", "url2": null, "内容": "医療法人つくし　井澤歯科医院【3:歯科】岐阜県多治見市西坂町５ー７８" }, "geometry": { "type": "Point", "coordinates": [ 137.108304, 35.355206 ] } },
{ "type": "Feature", "properties": { "ID": 2131593003008, "正式名称": "泉歯科医院", "機関区分": 3, "都道府県コード": 21, "市区町村コード": 204, "所在地": "岐阜県多治見市滝呂町１５ー４ー２", "緯度": 35.312093, "経度": 137.142967, "url": "https://www.iryou.teikyouseido.mhlw.go.jp/znk-web/juminkanja/S2430/initialize?prefCd=21&kikanCd=1593003008&kikanKbn=3", "url2": null, "内容": "泉歯科医院【3:歯科】岐阜県多治見市滝呂町１５ー４ー２" }, "geometry": { "type": "Point", "coordinates": [ 137.142967, 35.312093 ] } },
{ "type": "Feature", "properties": { "ID": 2131593003009, "正式名称": "なかしま歯科", "機関区分": 3, "都道府県コード": 21, "市区町村コード": 204, "所在地": "岐阜県多治見市滝呂町１２－１４８－１２８２", "緯度": 35.313272, "経度": 137.160553, "url": "https://www.iryou.teikyouseido.mhlw.go.jp/znk-web/juminkanja/S2430/initialize?prefCd=21&kikanCd=1593003009&kikanKbn=3", "url2": "shika-nakashima.com", "内容": "なかしま歯科【3:歯科】岐阜県多治見市滝呂町１２－１４８－１２８２" }, "geometry": { "type": "Point", "coordinates": [ 137.160553, 35.313272 ] } },
{ "type": "Feature", "properties": { "ID": 2131593003010, "正式名称": "サン歯科", "機関区分": 3, "都道府県コード": 21, "市区町村コード": 208, "所在地": "岐阜県瑞浪市日吉町４０２８ー１", "緯度": 35.409304, "経度": 137.24672, "url": "https://www.iryou.teikyouseido.mhlw.go.jp/znk-web/juminkanja/S2430/initialize?prefCd=21&kikanCd=1593003010&kikanKbn=3", "url2": null, "内容": "サン歯科【3:歯科】岐阜県瑞浪市日吉町４０２８ー１" }, "geometry": { "type": "Point", "coordinates": [ 137.24672, 35.409304 ] } },
{ "type": "Feature", "properties": { "ID": 2131593003011, "正式名称": "ややもり歯科医院", "機関区分": 3, "都道府県コード": 21, "市区町村コード": 204, "所在地": "岐阜県多治見市太平町２ー２１", "緯度": 35.334486, "経度": 137.111496, "url": "https://www.iryou.teikyouseido.mhlw.go.jp/znk-web/juminkanja/S2430/initialize?prefCd=21&kikanCd=1593003011&kikanKbn=3", "url2": "http://www.to-no.com/m/yayamori/", "内容": "ややもり歯科医院【3:歯科】岐阜県多治見市太平町２ー２１" }, "geometry": { "type": "Point", "coordinates": [ 137.111496, 35.334486 ] } },
{ "type": "Feature", "properties": { "ID": 2131593003013, "正式名称": "大塩歯科医院", "機関区分": 3, "都道府県コード": 21, "市区町村コード": 208, "所在地": "岐阜県瑞浪市陶町猿爪８３７番地の３", "緯度": 35.320661, "経度": 137.33014, "url": "https://www.iryou.teikyouseido.mhlw.go.jp/znk-web/juminkanja/S2430/initialize?prefCd=21&kikanCd=1593003013&kikanKbn=3", "url2": "http://www.ooshio-shika.jp/pc/index.html", "内容": "大塩歯科医院【3:歯科】岐阜県瑞浪市陶町猿爪８３７番地の３" }, "geometry": { "type": "Point", "coordinates": [ 137.33014, 35.320661 ] } },
{ "type": "Feature", "properties": { "ID": 2131593003014, "正式名称": "櫻井歯科診療所", "機関区分": 3, "都道府県コード": 21, "市区町村コード": 212, "所在地": "岐阜県土岐市肥田浅野笠神町２ー２６", "緯度": 35.361921, "経度": 137.200057, "url": "https://www.iryou.teikyouseido.mhlw.go.jp/znk-web/juminkanja/S2430/initialize?prefCd=21&kikanCd=1593003014&kikanKbn=3", "url2": "https://sakurai-dental-clinic.jp/", "内容": "櫻井歯科診療所【3:歯科】岐阜県土岐市肥田浅野笠神町２ー２６" }, "geometry": { "type": "Point", "coordinates": [ 137.200057, 35.361921 ] } },
{ "type": "Feature", "properties": { "ID": 2131593003016, "正式名称": "藤本歯科医院", "機関区分": 3, "都道府県コード": 21, "市区町村コード": 208, "所在地": "岐阜県瑞浪市北小田町２ー２０２", "緯度": 35.359204, "経度": 137.244583, "url": "https://www.iryou.teikyouseido.mhlw.go.jp/znk-web/juminkanja/S2430/initialize?prefCd=21&kikanCd=1593003016&kikanKbn=3", "url2": null, "内容": "藤本歯科医院【3:歯科】岐阜県瑞浪市北小田町２ー２０２" }, "geometry": { "type": "Point", "coordinates": [ 137.244583, 35.359204 ] } },
{ "type": "Feature", "properties": { "ID": 2131593003017, "正式名称": "いとう歯科クリニック", "機関区分": 3, "都道府県コード": 21, "市区町村コード": 208, "所在地": "岐阜県瑞浪市陶町猿爪４７", "緯度": 35.319898, "経度": 137.325107, "url": "https://www.iryou.teikyouseido.mhlw.go.jp/znk-web/juminkanja/S2430/initialize?prefCd=21&kikanCd=1593003017&kikanKbn=3", "url2": null, "内容": "いとう歯科クリニック【3:歯科】岐阜県瑞浪市陶町猿爪４７" }, "geometry": { "type": "Point", "coordinates": [ 137.325107, 35.319898 ] } },
{ "type": "Feature", "properties": { "ID": 2131593003018, "正式名称": "おとわ歯科クリニック", "機関区分": 3, "都道府県コード": 21, "市区町村コード": 204, "所在地": "岐阜県多治見市音羽町４ー９３", "緯度": 35.335261, "経度": 137.115077, "url": "https://www.iryou.teikyouseido.mhlw.go.jp/znk-web/juminkanja/S2430/initialize?prefCd=21&kikanCd=1593003018&kikanKbn=3", "url2": null, "内容": "おとわ歯科クリニック【3:歯科】岐阜県多治見市音羽町４ー９３" }, "geometry": { "type": "Point", "coordinates": [ 137.115077, 35.335261 ] } },
{ "type": "Feature", "properties": { "ID": 2131593003020, "正式名称": "ひめ歯科クリニック", "機関区分": 3, "都道府県コード": 21, "市区町村コード": 204, "所在地": "岐阜県多治見市大薮町９９６ー１", "緯度": 35.384233, "経度": 137.068498, "url": "https://www.iryou.teikyouseido.mhlw.go.jp/znk-web/juminkanja/S2430/initialize?prefCd=21&kikanCd=1593003020&kikanKbn=3", "url2": null, "内容": "ひめ歯科クリニック【3:歯科】岐阜県多治見市大薮町９９６ー１" }, "geometry": { "type": "Point", "coordinates": [ 137.068498, 35.384233 ] } },
{ "type": "Feature", "properties": { "ID": 2131593003021, "正式名称": "たけうち歯科", "機関区分": 3, "都道府県コード": 21, "市区町村コード": 212, "所在地": "岐阜県土岐市肥田町肥田２３０４－６", "緯度": 35.354547, "経度": 137.209005, "url": "https://www.iryou.teikyouseido.mhlw.go.jp/znk-web/juminkanja/S2430/initialize?prefCd=21&kikanCd=1593003021&kikanKbn=3", "url2": null, "内容": "たけうち歯科【3:歯科】岐阜県土岐市肥田町肥田２３０４－６" }, "geometry": { "type": "Point", "coordinates": [ 137.209005, 35.354547 ] } },
{ "type": "Feature", "properties": { "ID": 2131593003022, "正式名称": "ホワイト歯科・矯正歯科", "機関区分": 3, "都道府県コード": 21, "市区町村コード": 208, "所在地": "岐阜県瑞浪市穂並３－６７", "緯度": 35.353506, "経度": 137.246505, "url": "https://www.iryou.teikyouseido.mhlw.go.jp/znk-web/juminkanja/S2430/initialize?prefCd=21&kikanCd=1593003022&kikanKbn=3", "url2": "http://www.white-dc.net/", "内容": "ホワイト歯科・矯正歯科【3:歯科】岐阜県瑞浪市穂並３－６７" }, "geometry": { "type": "Point", "coordinates": [ 137.246505, 35.353506 ] } },
{ "type": "Feature", "properties": { "ID": 2131593003023, "正式名称": "中村歯科", "機関区分": 3, "都道府県コード": 21, "市区町村コード": 212, "所在地": "岐阜県土岐市泉町久尻３９ー３", "緯度": 35.357363, "経度": 137.18301, "url": "https://www.iryou.teikyouseido.mhlw.go.jp/znk-web/juminkanja/S2430/initialize?prefCd=21&kikanCd=1593003023&kikanKbn=3", "url2": "https://www.dent-nakamura.info", "内容": "中村歯科【3:歯科】岐阜県土岐市泉町久尻３９ー３" }, "geometry": { "type": "Point", "coordinates": [ 137.18301, 35.357363 ] } },
{ "type": "Feature", "properties": { "ID": 2131593003024, "正式名称": "たきろ歯科医院", "機関区分": 3, "都道府県コード": 21, "市区町村コード": 204, "所在地": "岐阜県多治見市滝呂町１２丁目１８５ー１", "緯度": 35.314482, "経度": 137.155249, "url": "https://www.iryou.teikyouseido.mhlw.go.jp/znk-web/juminkanja/S2430/initialize?prefCd=21&kikanCd=1593003024&kikanKbn=3", "url2": null, "内容": "たきろ歯科医院【3:歯科】岐阜県多治見市滝呂町１２丁目１８５ー１" }, "geometry": { "type": "Point", "coordinates": [ 137.155249, 35.314482 ] } },
{ "type": "Feature", "properties": { "ID": 2131593003025, "正式名称": "渡辺歯科医院", "機関区分": 3, "都道府県コード": 21, "市区町村コード": 204, "所在地": "岐阜県多治見市笠原町４３６５ー２", "緯度": 35.300037, "経度": 137.151804, "url": "https://www.iryou.teikyouseido.mhlw.go.jp/znk-web/juminkanja/S2430/initialize?prefCd=21&kikanCd=1593003025&kikanKbn=3", "url2": "http://wat-d-c.jp", "内容": "渡辺歯科医院【3:歯科】岐阜県多治見市笠原町４３６５ー２" }, "geometry": { "type": "Point", "coordinates": [ 137.151804, 35.300037 ] } },
{ "type": "Feature", "properties": { "ID": 2131593003026, "正式名称": "西尾歯科医院", "機関区分": 3, "都道府県コード": 21, "市区町村コード": 204, "所在地": "岐阜県多治見市奥川町５－３", "緯度": 35.330854, "経度": 137.130398, "url": "https://www.iryou.teikyouseido.mhlw.go.jp/znk-web/juminkanja/S2430/initialize?prefCd=21&kikanCd=1593003026&kikanKbn=3", "url2": "https://www.dcnishio.com/", "内容": "西尾歯科医院【3:歯科】岐阜県多治見市奥川町５－３" }, "geometry": { "type": "Point", "coordinates": [ 137.130398, 35.330854 ] } },
{ "type": "Feature", "properties": { "ID": 2131593003027, "正式名称": "西尾デンタルクリニック", "機関区分": 3, "都道府県コード": 21, "市区町村コード": 204, "所在地": "岐阜県多治見市小泉町８ー２０ー１", "緯度": 35.347389, "経度": 137.098368, "url": "https://www.iryou.teikyouseido.mhlw.go.jp/znk-web/juminkanja/S2430/initialize?prefCd=21&kikanCd=1593003027&kikanKbn=3", "url2": null, "内容": "西尾デンタルクリニック【3:歯科】岐阜県多治見市小泉町８ー２０ー１" }, "geometry": { "type": "Point", "coordinates": [ 137.098368, 35.347389 ] } },
{ "type": "Feature", "properties": { "ID": 2131593003028, "正式名称": "英歯科", "機関区分": 3, "都道府県コード": 21, "市区町村コード": 204, "所在地": "岐阜県多治見市太平町５ー１ー１", "緯度": 35.337516, "経度": 137.111627, "url": "https://www.iryou.teikyouseido.mhlw.go.jp/znk-web/juminkanja/S2430/initialize?prefCd=21&kikanCd=1593003028&kikanKbn=3", "url2": null, "内容": "英歯科【3:歯科】岐阜県多治見市太平町５ー１ー１" }, "geometry": { "type": "Point", "coordinates": [ 137.111627, 35.337516 ] } },
{ "type": "Feature", "properties": { "ID": 2131593003031, "正式名称": "オレンジ歯科クリニック", "機関区分": 3, "都道府県コード": 21, "市区町村コード": 212, "所在地": "岐阜県土岐市泉町定林寺", "緯度": 35.369774, "経度": 137.193351, "url": "https://www.iryou.teikyouseido.mhlw.go.jp/znk-web/juminkanja/S2430/initialize?prefCd=21&kikanCd=1593003031&kikanKbn=3", "url2": null, "内容": "オレンジ歯科クリニック【3:歯科】岐阜県土岐市泉町定林寺" }, "geometry": { "type": "Point", "coordinates": [ 137.193351, 35.369774 ] } },
{ "type": "Feature", "properties": { "ID": 2131593006012, "正式名称": "医療法人ＬＩＦＥ　市之倉たまおき歯科", "機関区分": 3, "都道府県コード": 21, "市区町村コード": 204, "所在地": "岐阜県多治見市市之倉町８ー２６８", "緯度": 35.30678, "経度": 137.117659, "url": "https://www.iryou.teikyouseido.mhlw.go.jp/znk-web/juminkanja/S2430/initialize?prefCd=21&kikanCd=1593006012&kikanKbn=3", "url2": "https://tamaoki-dc.com", "内容": "医療法人ＬＩＦＥ　市之倉たまおき歯科【3:歯科】岐阜県多治見市市之倉町８ー２６８" }, "geometry": { "type": "Point", "coordinates": [ 137.117659, 35.30678 ] } },
{ "type": "Feature", "properties": { "ID": 2131593007324, "正式名称": "医療法人多治見矯正歯科クリニック", "機関区分": 3, "都道府県コード": 21, "市区町村コード": 204, "所在地": "岐阜県多治見市本町３ー１０１ー１クリスタルプラザ多治見３Ｆ", "緯度": 35.335574, "経度": 137.123905, "url": "https://www.iryou.teikyouseido.mhlw.go.jp/znk-web/juminkanja/S2430/initialize?prefCd=21&kikanCd=1593007324&kikanKbn=3", "url2": "http://www.tajimi-odc.jp/", "内容": "医療法人多治見矯正歯科クリニック【3:歯科】岐阜県多治見市本町３ー１０１ー１クリスタルプラザ多治見３Ｆ" }, "geometry": { "type": "Point", "coordinates": [ 137.123905, 35.335574 ] } },
{ "type": "Feature", "properties": { "ID": 2131593007522, "正式名称": "岩﨑歯科医院", "機関区分": 3, "都道府県コード": 21, "市区町村コード": 204, "所在地": "岐阜県多治見市坂上町７ー２７", "緯度": 35.334469, "経度": 137.141143, "url": "https://www.iryou.teikyouseido.mhlw.go.jp/znk-web/juminkanja/S2430/initialize?prefCd=21&kikanCd=1593007522&kikanKbn=3", "url2": "http://iwasaki-dental.net/index.php", "内容": "岩﨑歯科医院【3:歯科】岐阜県多治見市坂上町７ー２７" }, "geometry": { "type": "Point", "coordinates": [ 137.141143, 35.334469 ] } },
{ "type": "Feature", "properties": { "ID": 2131593007588, "正式名称": "医療法人　ハッピー　ごとう歯科・矯正歯科", "機関区分": 3, "都道府県コード": 21, "市区町村コード": 208, "所在地": "岐阜県瑞浪市益見町２ー１２６", "緯度": 35.362355, "経度": 137.260451, "url": "https://www.iryou.teikyouseido.mhlw.go.jp/znk-web/juminkanja/S2430/initialize?prefCd=21&kikanCd=1593007588&kikanKbn=3", "url2": "http://blog.livedoor.jp/e-haisya-goto/", "内容": "医療法人　ハッピー　ごとう歯科・矯正歯科【3:歯科】岐阜県瑞浪市益見町２ー１２６" }, "geometry": { "type": "Point", "coordinates": [ 137.260451, 35.362355 ] } },
{ "type": "Feature", "properties": { "ID": 2131593007649, "正式名称": "柴田歯科", "機関区分": 3, "都道府県コード": 21, "市区町村コード": 204, "所在地": "岐阜県多治見市白山町１ー２３８", "緯度": 35.336973, "経度": 137.121035, "url": "https://www.iryou.teikyouseido.mhlw.go.jp/znk-web/juminkanja/S2430/initialize?prefCd=21&kikanCd=1593007649&kikanKbn=3", "url2": "http://www.shibatashika.jp/", "内容": "柴田歯科【3:歯科】岐阜県多治見市白山町１ー２３８" }, "geometry": { "type": "Point", "coordinates": [ 137.121035, 35.336973 ] } },
{ "type": "Feature", "properties": { "ID": 2131593007891, "正式名称": "ステーション歯科たじみ", "機関区分": 3, "都道府県コード": 21, "市区町村コード": 204, "所在地": "岐阜県多治見市本町２丁目７０番地の５", "緯度": 35.33554, "経度": 137.12247, "url": "https://www.iryou.teikyouseido.mhlw.go.jp/znk-web/juminkanja/S2430/initialize?prefCd=21&kikanCd=1593007891&kikanKbn=3", "url2": "https://stdc-tajimi.jp", "内容": "ステーション歯科たじみ【3:歯科】岐阜県多治見市本町２丁目７０番地の５" }, "geometry": { "type": "Point", "coordinates": [ 137.12247, 35.33554 ] } },
{ "type": "Feature", "properties": { "ID": 2131593007968, "正式名称": "医療法人　賢友会　Ｙ’ｓ　ＤＥＮＴＡＬ　ＣＬＩＮＩＣ", "機関区分": 3, "都道府県コード": 21, "市区町村コード": 204, "所在地": "岐阜県多治見市住吉町７－２８－１", "緯度": 35.346387, "経度": 137.12125, "url": "https://www.iryou.teikyouseido.mhlw.go.jp/znk-web/juminkanja/S2430/initialize?prefCd=21&kikanCd=1593007968&kikanKbn=3", "url2": "https://ys-dentalclinic.net", "内容": "医療法人　賢友会　Ｙ’ｓ　ＤＥＮＴＡＬ　ＣＬＩＮＩＣ【3:歯科】岐阜県多治見市住吉町７－２８－１" }, "geometry": { "type": "Point", "coordinates": [ 137.12125, 35.346387 ] } },
{ "type": "Feature", "properties": { "ID": 2131593007984, "正式名称": "よつば歯科クリニック", "機関区分": 3, "都道府県コード": 21, "市区町村コード": 204, "所在地": "岐阜県多治見市金岡町２ー２ー１", "緯度": 35.345284, "経度": 137.115383, "url": "https://www.iryou.teikyouseido.mhlw.go.jp/znk-web/juminkanja/S2430/initialize?prefCd=21&kikanCd=1593007984&kikanKbn=3", "url2": null, "内容": "よつば歯科クリニック【3:歯科】岐阜県多治見市金岡町２ー２ー１" }, "geometry": { "type": "Point", "coordinates": [ 137.115383, 35.345284 ] } },
{ "type": "Feature", "properties": { "ID": 2131593008041, "正式名称": "つつみ歯科", "機関区分": 3, "都道府県コード": 21, "市区町村コード": 212, "所在地": "岐阜県土岐市土岐口南町１ー５５", "緯度": 35.340598, "経度": 137.179211, "url": "https://www.iryou.teikyouseido.mhlw.go.jp/znk-web/juminkanja/S2430/initialize?prefCd=21&kikanCd=1593008041&kikanKbn=3", "url2": null, "内容": "つつみ歯科【3:歯科】岐阜県土岐市土岐口南町１ー５５" }, "geometry": { "type": "Point", "coordinates": [ 137.179211, 35.340598 ] } },
{ "type": "Feature", "properties": { "ID": 2131593008073, "正式名称": "岩島歯科医院", "機関区分": 3, "都道府県コード": 21, "市区町村コード": 208, "所在地": "岐阜県瑞浪市一色町２丁目１２３番地の１", "緯度": 35.360011, "経度": 137.248268, "url": "https://www.iryou.teikyouseido.mhlw.go.jp/znk-web/juminkanja/S2430/initialize?prefCd=21&kikanCd=1593008073&kikanKbn=3", "url2": "https://iwashima-shikaiin.doctorsfile.jp/", "内容": "岩島歯科医院【3:歯科】岐阜県瑞浪市一色町２丁目１２３番地の１" }, "geometry": { "type": "Point", "coordinates": [ 137.248268, 35.360011 ] } },
{ "type": "Feature", "properties": { "ID": 2131593008085, "正式名称": "歯科医院はやし", "機関区分": 3, "都道府県コード": 21, "市区町村コード": 204, "所在地": "岐阜県多治見市宝町９−３２", "緯度": 35.343156, "経度": 137.10818, "url": "https://www.iryou.teikyouseido.mhlw.go.jp/znk-web/juminkanja/S2430/initialize?prefCd=21&kikanCd=1593008085&kikanKbn=3", "url2": "http://www.dc-hayashi.jp", "内容": "歯科医院はやし【3:歯科】岐阜県多治見市宝町９−３２" }, "geometry": { "type": "Point", "coordinates": [ 137.10818, 35.343156 ] } },
{ "type": "Feature", "properties": { "ID": 2131593008142, "正式名称": "宮前カトウ歯科医院", "機関区分": 3, "都道府県コード": 21, "市区町村コード": 204, "所在地": "岐阜県多治見市宮前町１ー１４２ー１", "緯度": 35.33706, "経度": 137.127742, "url": "https://www.iryou.teikyouseido.mhlw.go.jp/znk-web/juminkanja/S2430/initialize?prefCd=21&kikanCd=1593008142&kikanKbn=3", "url2": "https://www.miyamaekato-shika.com/", "内容": "宮前カトウ歯科医院【3:歯科】岐阜県多治見市宮前町１ー１４２ー１" }, "geometry": { "type": "Point", "coordinates": [ 137.127742, 35.33706 ] } },
{ "type": "Feature", "properties": { "ID": 2131593008241, "正式名称": "ささき歯科", "機関区分": 3, "都道府県コード": 21, "市区町村コード": 204, "所在地": "岐阜県多治見市前畑町４ー１２１ー３", "緯度": 35.329688, "経度": 137.11293, "url": "https://www.iryou.teikyouseido.mhlw.go.jp/znk-web/juminkanja/S2430/initialize?prefCd=21&kikanCd=1593008241&kikanKbn=3", "url2": "http://www.sasaki-do.com/", "内容": "ささき歯科【3:歯科】岐阜県多治見市前畑町４ー１２１ー３" }, "geometry": { "type": "Point", "coordinates": [ 137.11293, 35.329688 ] } },
{ "type": "Feature", "properties": { "ID": 2131593008256, "正式名称": "医療法人光真会　なつこデンタルクリニック", "機関区分": 3, "都道府県コード": 21, "市区町村コード": 208, "所在地": "岐阜県瑞浪市稲津町小里１３８０ー１", "緯度": 35.354101, "経度": 137.271626, "url": "https://www.iryou.teikyouseido.mhlw.go.jp/znk-web/juminkanja/S2430/initialize?prefCd=21&kikanCd=1593008256&kikanKbn=3", "url2": "http://www.natsuko-dc.jp", "内容": "医療法人光真会　なつこデンタルクリニック【3:歯科】岐阜県瑞浪市稲津町小里１３８０ー１" }, "geometry": { "type": "Point", "coordinates": [ 137.271626, 35.354101 ] } },
{ "type": "Feature", "properties": { "ID": 2131593008348, "正式名称": "井口歯科クリニック", "機関区分": 3, "都道府県コード": 21, "市区町村コード": 212, "所在地": "岐阜県土岐市泉町大富２４８－６", "緯度": 35.360647, "経度": 137.188447, "url": "https://www.iryou.teikyouseido.mhlw.go.jp/znk-web/juminkanja/S2430/initialize?prefCd=21&kikanCd=1593008348&kikanKbn=3", "url2": "iguchishika.net", "内容": "井口歯科クリニック【3:歯科】岐阜県土岐市泉町大富２４８－６" }, "geometry": { "type": "Point", "coordinates": [ 137.188447, 35.360647 ] } },
{ "type": "Feature", "properties": { "ID": 2131593008488, "正式名称": "大前歯科クリニック", "機関区分": 3, "都道府県コード": 21, "市区町村コード": 204, "所在地": "岐阜県多治見市錦町４丁目８番地", "緯度": 35.33036, "経度": 137.128893, "url": "https://www.iryou.teikyouseido.mhlw.go.jp/znk-web/juminkanja/S2430/initialize?prefCd=21&kikanCd=1593008488&kikanKbn=3", "url2": null, "内容": "大前歯科クリニック【3:歯科】岐阜県多治見市錦町４丁目８番地" }, "geometry": { "type": "Point", "coordinates": [ 137.128893, 35.33036 ] } },
{ "type": "Feature", "properties": { "ID": 2131593008489, "正式名称": "ひらの歯科医院", "機関区分": 3, "都道府県コード": 21, "市区町村コード": 208, "所在地": "岐阜県瑞浪市稲津町小里１１１４－１", "緯度": 35.34975, "経度": 137.270264, "url": "https://www.iryou.teikyouseido.mhlw.go.jp/znk-web/juminkanja/S2430/initialize?prefCd=21&kikanCd=1593008489&kikanKbn=3", "url2": "http://www.hirano-dc0119.com/sp/", "内容": "ひらの歯科医院【3:歯科】岐阜県瑞浪市稲津町小里１１１４－１" }, "geometry": { "type": "Point", "coordinates": [ 137.270264, 35.34975 ] } },
{ "type": "Feature", "properties": { "ID": 2131593008660, "正式名称": "医療法人　おなだ歯科・矯正歯科", "機関区分": 3, "都道府県コード": 21, "市区町村コード": 204, "所在地": "岐阜県多治見市小名田町１ー４２ー１", "緯度": 35.359736, "経度": 137.130483, "url": "https://www.iryou.teikyouseido.mhlw.go.jp/znk-web/juminkanja/S2430/initialize?prefCd=21&kikanCd=1593008660&kikanKbn=3", "url2": null, "内容": "医療法人　おなだ歯科・矯正歯科【3:歯科】岐阜県多治見市小名田町１ー４２ー１" }, "geometry": { "type": "Point", "coordinates": [ 137.130483, 35.359736 ] } },
{ "type": "Feature", "properties": { "ID": 2131593008722, "正式名称": "医療法人賢友会　ワイズファミリー歯科こども矯正歯科", "機関区分": 3, "都道府県コード": 21, "市区町村コード": 204, "所在地": "岐阜県多治見市白山町５－４－１", "緯度": 35.342513, "経度": 137.116761, "url": "https://www.iryou.teikyouseido.mhlw.go.jp/znk-web/juminkanja/S2430/initialize?prefCd=21&kikanCd=1593008722&kikanKbn=3", "url2": "http://www.ys-family.jp/", "内容": "医療法人賢友会　ワイズファミリー歯科こども矯正歯科【3:歯科】岐阜県多治見市白山町５－４－１" }, "geometry": { "type": "Point", "coordinates": [ 137.116761, 35.342513 ] } },
{ "type": "Feature", "properties": { "ID": 2131593008910, "正式名称": "医療法人　仁志会　成瀬歯科医院", "機関区分": 3, "都道府県コード": 21, "市区町村コード": 208, "所在地": "岐阜県瑞浪市寺河戸町１１９２", "緯度": 35.368282, "経度": 137.251986, "url": "https://www.iryou.teikyouseido.mhlw.go.jp/znk-web/juminkanja/S2430/initialize?prefCd=21&kikanCd=1593008910&kikanKbn=3", "url2": null, "内容": "医療法人　仁志会　成瀬歯科医院【3:歯科】岐阜県瑞浪市寺河戸町１１９２" }, "geometry": { "type": "Point", "coordinates": [ 137.251986, 35.368282 ] } },
{ "type": "Feature", "properties": { "ID": 2131593009054, "正式名称": "リーフ総合歯科", "機関区分": 3, "都道府県コード": 21, "市区町村コード": 212, "所在地": "岐阜県土岐市下石町３０４番地１１５", "緯度": 35.323219, "経度": 137.154299, "url": "https://www.iryou.teikyouseido.mhlw.go.jp/znk-web/juminkanja/S2430/initialize?prefCd=21&kikanCd=1593009054&kikanKbn=3", "url2": "https://www.lse-leaf.jp", "内容": "リーフ総合歯科【3:歯科】岐阜県土岐市下石町３０４番地１１５" }, "geometry": { "type": "Point", "coordinates": [ 137.154299, 35.323219 ] } },
{ "type": "Feature", "properties": { "ID": 2131593009059, "正式名称": "光ヶ丘歯科クリニック", "機関区分": 3, "都道府県コード": 21, "市区町村コード": 204, "所在地": "岐阜県多治見市光ケ丘３ー３０", "緯度": 35.347241, "経度": 137.105408, "url": "https://www.iryou.teikyouseido.mhlw.go.jp/znk-web/juminkanja/S2430/initialize?prefCd=21&kikanCd=1593009059&kikanKbn=3", "url2": null, "内容": "光ヶ丘歯科クリニック【3:歯科】岐阜県多治見市光ケ丘３ー３０" }, "geometry": { "type": "Point", "coordinates": [ 137.105408, 35.347241 ] } },
{ "type": "Feature", "properties": { "ID": 2131593009095, "正式名称": "みきえだ歯科", "機関区分": 3, "都道府県コード": 21, "市区町村コード": 212, "所在地": "岐阜県土岐市泉町久尻", "緯度": 35.359922, "経度": 137.184071, "url": "https://www.iryou.teikyouseido.mhlw.go.jp/znk-web/juminkanja/S2430/initialize?prefCd=21&kikanCd=1593009095&kikanKbn=3", "url2": "http://mikieda-shika.com/sp/", "内容": "みきえだ歯科【3:歯科】岐阜県土岐市泉町久尻" }, "geometry": { "type": "Point", "coordinates": [ 137.184071, 35.359922 ] } },
{ "type": "Feature", "properties": { "ID": 2131593009136, "正式名称": "多治見ようへい歯科　小児矯正歯科", "機関区分": 3, "都道府県コード": 21, "市区町村コード": 204, "所在地": "岐阜県多治見市根本町３丁目８７ー１", "緯度": 35.360509, "経度": 137.08868, "url": "https://www.iryou.teikyouseido.mhlw.go.jp/znk-web/juminkanja/S2430/initialize?prefCd=21&kikanCd=1593009136&kikanKbn=3", "url2": "http://yohei-dental.com", "内容": "多治見ようへい歯科　小児矯正歯科【3:歯科】岐阜県多治見市根本町３丁目８７ー１" }, "geometry": { "type": "Point", "coordinates": [ 137.08868, 35.360509 ] } },
{ "type": "Feature", "properties": { "ID": 2131593009190, "正式名称": "クローバー歯科", "機関区分": 3, "都道府県コード": 21, "市区町村コード": 212, "所在地": "岐阜県土岐市肥田浅野笠神町２ー１１ー１", "緯度": 35.36158, "経度": 137.197982, "url": "https://www.iryou.teikyouseido.mhlw.go.jp/znk-web/juminkanja/S2430/initialize?prefCd=21&kikanCd=1593009190&kikanKbn=3", "url2": "https://www.lsc-clover.jp", "内容": "クローバー歯科【3:歯科】岐阜県土岐市肥田浅野笠神町２ー１１ー１" }, "geometry": { "type": "Point", "coordinates": [ 137.197982, 35.36158 ] } },
{ "type": "Feature", "properties": { "ID": 2131593009535, "正式名称": "グリーン歯科水野", "機関区分": 3, "都道府県コード": 21, "市区町村コード": 208, "所在地": "岐阜県瑞浪市上平町４丁目８番", "緯度": 35.358023, "経度": 137.253435, "url": "https://www.iryou.teikyouseido.mhlw.go.jp/znk-web/juminkanja/S2430/initialize?prefCd=21&kikanCd=1593009535&kikanKbn=3", "url2": null, "内容": "グリーン歯科水野【3:歯科】岐阜県瑞浪市上平町４丁目８番" }, "geometry": { "type": "Point", "coordinates": [ 137.253435, 35.358023 ] } },
{ "type": "Feature", "properties": { "ID": 2131593009665, "正式名称": "すみれ歯科", "機関区分": 3, "都道府県コード": 21, "市区町村コード": 212, "所在地": "岐阜県土岐市土岐津町土岐口１９４２ー１０", "緯度": 35.352, "経度": 137.178679, "url": "https://www.iryou.teikyouseido.mhlw.go.jp/znk-web/juminkanja/S2430/initialize?prefCd=21&kikanCd=1593009665&kikanKbn=3", "url2": "htto://sumire-dc.jp", "内容": "すみれ歯科【3:歯科】岐阜県土岐市土岐津町土岐口１９４２ー１０" }, "geometry": { "type": "Point", "coordinates": [ 137.178679, 35.352 ] } },
{ "type": "Feature", "properties": { "ID": 2131603003040, "正式名称": "柳沢歯科医院", "機関区分": 3, "都道府県コード": 21, "市区町村コード": 206, "所在地": "岐阜県中津川市中津川１２３４－１７", "緯度": 35.50026, "経度": 137.513402, "url": "https://www.iryou.teikyouseido.mhlw.go.jp/znk-web/juminkanja/S2430/initialize?prefCd=21&kikanCd=1603003040&kikanKbn=3", "url2": null, "内容": "柳沢歯科医院【3:歯科】岐阜県中津川市中津川１２３４－１７" }, "geometry": { "type": "Point", "coordinates": [ 137.513402, 35.50026 ] } },
{ "type": "Feature", "properties": { "ID": 2131603003042, "正式名称": "渡辺歯科医院", "機関区分": 3, "都道府県コード": 21, "市区町村コード": 206, "所在地": "岐阜県中津川市えびす町２ー１", "緯度": 35.496809, "経度": 137.50548, "url": "https://www.iryou.teikyouseido.mhlw.go.jp/znk-web/juminkanja/S2430/initialize?prefCd=21&kikanCd=1603003042&kikanKbn=3", "url2": null, "内容": "渡辺歯科医院【3:歯科】岐阜県中津川市えびす町２ー１" }, "geometry": { "type": "Point", "coordinates": [ 137.50548, 35.496809 ] } },
{ "type": "Feature", "properties": { "ID": 2131603003043, "正式名称": "近藤歯科", "機関区分": 3, "都道府県コード": 21, "市区町村コード": 206, "所在地": "岐阜県中津川市駒大平１５６４－１６", "緯度": 35.493395, "経度": 137.485368, "url": "https://www.iryou.teikyouseido.mhlw.go.jp/znk-web/juminkanja/S2430/initialize?prefCd=21&kikanCd=1603003043&kikanKbn=3", "url2": null, "内容": "近藤歯科【3:歯科】岐阜県中津川市駒大平１５６４－１６" }, "geometry": { "type": "Point", "coordinates": [ 137.485368, 35.493395 ] } },
{ "type": "Feature", "properties": { "ID": 2131603003050, "正式名称": "伊藤歯科医院", "機関区分": 3, "都道府県コード": 21, "市区町村コード": 206, "所在地": "岐阜県中津川市坂下１７２３ー１", "緯度": 35.575763, "経度": 137.529476, "url": "https://www.iryou.teikyouseido.mhlw.go.jp/znk-web/juminkanja/S2430/initialize?prefCd=21&kikanCd=1603003050&kikanKbn=3", "url2": null, "内容": "伊藤歯科医院【3:歯科】岐阜県中津川市坂下１７２３ー１" }, "geometry": { "type": "Point", "coordinates": [ 137.529476, 35.575763 ] } },
{ "type": "Feature", "properties": { "ID": 2131603003052, "正式名称": "川東歯科医院", "機関区分": 3, "都道府県コード": 21, "市区町村コード": 206, "所在地": "岐阜県中津川市付知町６９５６番地２９", "緯度": 35.645527, "経度": 137.434784, "url": "https://www.iryou.teikyouseido.mhlw.go.jp/znk-web/juminkanja/S2430/initialize?prefCd=21&kikanCd=1603003052&kikanKbn=3", "url2": null, "内容": "川東歯科医院【3:歯科】岐阜県中津川市付知町６９５６番地２９" }, "geometry": { "type": "Point", "coordinates": [ 137.434784, 35.645527 ] } },
{ "type": "Feature", "properties": { "ID": 2131603003053, "正式名称": "喜生堂歯科医院", "機関区分": 3, "都道府県コード": 21, "市区町村コード": 206, "所在地": "岐阜県中津川市付知町６９０６−２８", "緯度": 35.646565, "経度": 137.433935, "url": "https://www.iryou.teikyouseido.mhlw.go.jp/znk-web/juminkanja/S2430/initialize?prefCd=21&kikanCd=1603003053&kikanKbn=3", "url2": null, "内容": "喜生堂歯科医院【3:歯科】岐阜県中津川市付知町６９０６−２８" }, "geometry": { "type": "Point", "coordinates": [ 137.433935, 35.646565 ] } },
{ "type": "Feature", "properties": { "ID": 2131603003057, "正式名称": "阿部歯科医院", "機関区分": 3, "都道府県コード": 21, "市区町村コード": 210, "所在地": "岐阜県恵那市明智町９８ー２", "緯度": 35.307272, "経度": 137.388977, "url": "https://www.iryou.teikyouseido.mhlw.go.jp/znk-web/juminkanja/S2430/initialize?prefCd=21&kikanCd=1603003057&kikanKbn=3", "url2": "https//abe-dental.org", "内容": "阿部歯科医院【3:歯科】岐阜県恵那市明智町９８ー２" }, "geometry": { "type": "Point", "coordinates": [ 137.388977, 35.307272 ] } },
{ "type": "Feature", "properties": { "ID": 2131603003058, "正式名称": "恵那市国民健康保険上矢作歯科診療所", "機関区分": 3, "都道府県コード": 21, "市区町村コード": 210, "所在地": "岐阜県恵那市上矢作町２９７５ー１", "緯度": 35.302285, "経度": 137.497627, "url": "https://www.iryou.teikyouseido.mhlw.go.jp/znk-web/juminkanja/S2430/initialize?prefCd=21&kikanCd=1603003058&kikanKbn=3", "url2": null, "内容": "恵那市国民健康保険上矢作歯科診療所【3:歯科】岐阜県恵那市上矢作町２９７５ー１" }, "geometry": { "type": "Point", "coordinates": [ 137.497627, 35.302285 ] } },
{ "type": "Feature", "properties": { "ID": 2131603003059, "正式名称": "奥村歯科医院", "機関区分": 3, "都道府県コード": 21, "市区町村コード": 210, "所在地": "岐阜県恵那市長島町中野１２１６ー２４", "緯度": 35.456149, "経度": 137.394722, "url": "https://www.iryou.teikyouseido.mhlw.go.jp/znk-web/juminkanja/S2430/initialize?prefCd=21&kikanCd=1603003059&kikanKbn=3", "url2": null, "内容": "奥村歯科医院【3:歯科】岐阜県恵那市長島町中野１２１６ー２４" }, "geometry": { "type": "Point", "coordinates": [ 137.394722, 35.456149 ] } },
{ "type": "Feature", "properties": { "ID": 2131603003060, "正式名称": "つげ歯科医院", "機関区分": 3, "都道府県コード": 21, "市区町村コード": 210, "所在地": "岐阜県恵那市中野方町３３８４ー５", "緯度": 35.527337, "経度": 137.315003, "url": "https://www.iryou.teikyouseido.mhlw.go.jp/znk-web/juminkanja/S2430/initialize?prefCd=21&kikanCd=1603003060&kikanKbn=3", "url2": "http://www.eda8020.enat.jp/Mokuji", "内容": "つげ歯科医院【3:歯科】岐阜県恵那市中野方町３３８４ー５" }, "geometry": { "type": "Point", "coordinates": [ 137.315003, 35.527337 ] } },
{ "type": "Feature", "properties": { "ID": 2131603003061, "正式名称": "根崎歯科医院", "機関区分": 3, "都道府県コード": 21, "市区町村コード": 210, "所在地": "岐阜県恵那市山岡町下手向字大正７０ー１", "緯度": 35.351263, "経度": 137.375956, "url": "https://www.iryou.teikyouseido.mhlw.go.jp/znk-web/juminkanja/S2430/initialize?prefCd=21&kikanCd=1603003061&kikanKbn=3", "url2": null, "内容": "根崎歯科医院【3:歯科】岐阜県恵那市山岡町下手向字大正７０ー１" }, "geometry": { "type": "Point", "coordinates": [ 137.375956, 35.351263 ] } },
{ "type": "Feature", "properties": { "ID": 2131603003062, "正式名称": "水野歯科医院", "機関区分": 3, "都道府県コード": 21, "市区町村コード": 206, "所在地": "岐阜県中津川市苗木４９３６ー１", "緯度": 35.522292, "経度": 137.478561, "url": "https://www.iryou.teikyouseido.mhlw.go.jp/znk-web/juminkanja/S2430/initialize?prefCd=21&kikanCd=1603003062&kikanKbn=3", "url2": null, "内容": "水野歯科医院【3:歯科】岐阜県中津川市苗木４９３６ー１" }, "geometry": { "type": "Point", "coordinates": [ 137.478561, 35.522292 ] } },
{ "type": "Feature", "properties": { "ID": 2131603003064, "正式名称": "ウエダシカ", "機関区分": 3, "都道府県コード": 21, "市区町村コード": 206, "所在地": "岐阜県中津川市落合７４０－１", "緯度": 35.51123, "経度": 137.532299, "url": "https://www.iryou.teikyouseido.mhlw.go.jp/znk-web/juminkanja/S2430/initialize?prefCd=21&kikanCd=1603003064&kikanKbn=3", "url2": null, "内容": "ウエダシカ【3:歯科】岐阜県中津川市落合７４０－１" }, "geometry": { "type": "Point", "coordinates": [ 137.532299, 35.51123 ] } },
{ "type": "Feature", "properties": { "ID": 2131603003066, "正式名称": "勝歯科医院", "機関区分": 3, "都道府県コード": 21, "市区町村コード": 206, "所在地": "岐阜県中津川市中一色町１ー４６", "緯度": 35.492853, "経度": 137.507353, "url": "https://www.iryou.teikyouseido.mhlw.go.jp/znk-web/juminkanja/S2430/initialize?prefCd=21&kikanCd=1603003066&kikanKbn=3", "url2": "http://katsushika.cihp2.jp/", "内容": "勝歯科医院【3:歯科】岐阜県中津川市中一色町１ー４６" }, "geometry": { "type": "Point", "coordinates": [ 137.507353, 35.492853 ] } },
{ "type": "Feature", "properties": { "ID": 2131603003067, "正式名称": "桐山歯科医院", "機関区分": 3, "都道府県コード": 21, "市区町村コード": 210, "所在地": "岐阜県恵那市東野８７５ー１", "緯度": 35.442807, "経度": 137.427511, "url": "https://www.iryou.teikyouseido.mhlw.go.jp/znk-web/juminkanja/S2430/initialize?prefCd=21&kikanCd=1603003067&kikanKbn=3", "url2": null, "内容": "桐山歯科医院【3:歯科】岐阜県恵那市東野８７５ー１" }, "geometry": { "type": "Point", "coordinates": [ 137.427511, 35.442807 ] } },
{ "type": "Feature", "properties": { "ID": 2131603003069, "正式名称": "保母歯科医院", "機関区分": 3, "都道府県コード": 21, "市区町村コード": 210, "所在地": "岐阜県恵那市明智町１２８６ー１", "緯度": 35.304296, "経度": 137.391, "url": "https://www.iryou.teikyouseido.mhlw.go.jp/znk-web/juminkanja/S2430/initialize?prefCd=21&kikanCd=1603003069&kikanKbn=3", "url2": null, "内容": "保母歯科医院【3:歯科】岐阜県恵那市明智町１２８６ー１" }, "geometry": { "type": "Point", "coordinates": [ 137.391, 35.304296 ] } },
{ "type": "Feature", "properties": { "ID": 2131603003070, "正式名称": "林歯科医院", "機関区分": 3, "都道府県コード": 21, "市区町村コード": 210, "所在地": "岐阜県恵那市大井町字佐渡６９６－４１", "緯度": 35.46518, "経度": 137.41296, "url": "https://www.iryou.teikyouseido.mhlw.go.jp/znk-web/juminkanja/S2430/initialize?prefCd=21&kikanCd=1603003070&kikanKbn=3", "url2": null, "内容": "林歯科医院【3:歯科】岐阜県恵那市大井町字佐渡６９６－４１" }, "geometry": { "type": "Point", "coordinates": [ 137.41296, 35.46518 ] } },
{ "type": "Feature", "properties": { "ID": 2131603003073, "正式名称": "可知歯科医院", "機関区分": 3, "都道府県コード": 21, "市区町村コード": 210, "所在地": "岐阜県恵那市長島町中野一丁目７番地８", "緯度": 35.449604, "経度": 137.40862, "url": "https://www.iryou.teikyouseido.mhlw.go.jp/znk-web/juminkanja/S2430/initialize?prefCd=21&kikanCd=1603003073&kikanKbn=3", "url2": null, "内容": "可知歯科医院【3:歯科】岐阜県恵那市長島町中野一丁目７番地８" }, "geometry": { "type": "Point", "coordinates": [ 137.40862, 35.449604 ] } },
{ "type": "Feature", "properties": { "ID": 2131603003074, "正式名称": "やまうち小児歯科", "機関区分": 3, "都道府県コード": 21, "市区町村コード": 206, "所在地": "岐阜県中津川市東宮町４ー５９", "緯度": 35.496438, "経度": 137.507949, "url": "https://www.iryou.teikyouseido.mhlw.go.jp/znk-web/juminkanja/S2430/initialize?prefCd=21&kikanCd=1603003074&kikanKbn=3", "url2": "http://www.yamauchi-pedo-clinic.jp", "内容": "やまうち小児歯科【3:歯科】岐阜県中津川市東宮町４ー５９" }, "geometry": { "type": "Point", "coordinates": [ 137.507949, 35.496438 ] } },
{ "type": "Feature", "properties": { "ID": 2131603003075, "正式名称": "小南歯科医院", "機関区分": 3, "都道府県コード": 21, "市区町村コード": 206, "所在地": "岐阜県中津川市付知町７７１２", "緯度": 35.640265, "経度": 137.439485, "url": "https://www.iryou.teikyouseido.mhlw.go.jp/znk-web/juminkanja/S2430/initialize?prefCd=21&kikanCd=1603003075&kikanKbn=3", "url2": null, "内容": "小南歯科医院【3:歯科】岐阜県中津川市付知町７７１２" }, "geometry": { "type": "Point", "coordinates": [ 137.439485, 35.640265 ] } },
{ "type": "Feature", "properties": { "ID": 2131603003076, "正式名称": "阿木河合歯科医院", "機関区分": 3, "都道府県コード": 21, "市区町村コード": 206, "所在地": "岐阜県中津川市阿木１５３６の３", "緯度": 35.40004, "経度": 137.458997, "url": "https://www.iryou.teikyouseido.mhlw.go.jp/znk-web/juminkanja/S2430/initialize?prefCd=21&kikanCd=1603003076&kikanKbn=3", "url2": null, "内容": "阿木河合歯科医院【3:歯科】岐阜県中津川市阿木１５３６の３" }, "geometry": { "type": "Point", "coordinates": [ 137.458997, 35.40004 ] } },
{ "type": "Feature", "properties": { "ID": 2131603003077, "正式名称": "白井歯科", "機関区分": 3, "都道府県コード": 21, "市区町村コード": 206, "所在地": "岐阜県中津川市福岡字野尻１１０１番地の１", "緯度": 35.556849, "経度": 137.448443, "url": "https://www.iryou.teikyouseido.mhlw.go.jp/znk-web/juminkanja/S2430/initialize?prefCd=21&kikanCd=1603003077&kikanKbn=3", "url2": null, "内容": "白井歯科【3:歯科】岐阜県中津川市福岡字野尻１１０１番地の１" }, "geometry": { "type": "Point", "coordinates": [ 137.448443, 35.556849 ] } },
{ "type": "Feature", "properties": { "ID": 2131603003079, "正式名称": "中津川プライム歯科", "機関区分": 3, "都道府県コード": 21, "市区町村コード": 206, "所在地": "岐阜県中津川市茄子川１５３４−２１８", "緯度": 35.469725, "経度": 137.456076, "url": "https://www.iryou.teikyouseido.mhlw.go.jp/znk-web/juminkanja/S2430/initialize?prefCd=21&kikanCd=1603003079&kikanKbn=3", "url2": "https://nakatsugawa-prime.com/", "内容": "中津川プライム歯科【3:歯科】岐阜県中津川市茄子川１５３４−２１８" }, "geometry": { "type": "Point", "coordinates": [ 137.456076, 35.469725 ] } },
{ "type": "Feature", "properties": { "ID": 2131603003081, "正式名称": "篠原歯科医院", "機関区分": 3, "都道府県コード": 21, "市区町村コード": 210, "所在地": "岐阜県恵那市長島町中野石田８ー４", "緯度": 35.446519, "経度": 137.412684, "url": "https://www.iryou.teikyouseido.mhlw.go.jp/znk-web/juminkanja/S2430/initialize?prefCd=21&kikanCd=1603003081&kikanKbn=3", "url2": null, "内容": "篠原歯科医院【3:歯科】岐阜県恵那市長島町中野石田８ー４" }, "geometry": { "type": "Point", "coordinates": [ 137.412684, 35.446519 ] } },
{ "type": "Feature", "properties": { "ID": 2131603003082, "正式名称": "杉村歯科医院", "機関区分": 3, "都道府県コード": 21, "市区町村コード": 210, "所在地": "岐阜県恵那市大井町２６２５ー１２", "緯度": 35.470105, "経度": 137.416337, "url": "https://www.iryou.teikyouseido.mhlw.go.jp/znk-web/juminkanja/S2430/initialize?prefCd=21&kikanCd=1603003082&kikanKbn=3", "url2": null, "内容": "杉村歯科医院【3:歯科】岐阜県恵那市大井町２６２５ー１２" }, "geometry": { "type": "Point", "coordinates": [ 137.416337, 35.470105 ] } },
{ "type": "Feature", "properties": { "ID": 2131603003084, "正式名称": "佐々木歯科", "機関区分": 3, "都道府県コード": 21, "市区町村コード": 210, "所在地": "岐阜県恵那市岩村町７３９の１", "緯度": 35.364585, "経度": 137.4368, "url": "https://www.iryou.teikyouseido.mhlw.go.jp/znk-web/juminkanja/S2430/initialize?prefCd=21&kikanCd=1603003084&kikanKbn=3", "url2": null, "内容": "佐々木歯科【3:歯科】岐阜県恵那市岩村町７３９の１" }, "geometry": { "type": "Point", "coordinates": [ 137.4368, 35.364585 ] } },
{ "type": "Feature", "properties": { "ID": 2131603003085, "正式名称": "はやし歯科医院", "機関区分": 3, "都道府県コード": 21, "市区町村コード": 206, "所在地": "岐阜県中津川市柳町７－５８", "緯度": 35.494438, "経度": 137.497961, "url": "https://www.iryou.teikyouseido.mhlw.go.jp/znk-web/juminkanja/S2430/initialize?prefCd=21&kikanCd=1603003085&kikanKbn=3", "url2": null, "内容": "はやし歯科医院【3:歯科】岐阜県中津川市柳町７－５８" }, "geometry": { "type": "Point", "coordinates": [ 137.497961, 35.494438 ] } },
{ "type": "Feature", "properties": { "ID": 2131603003086, "正式名称": "篠原歯科医院", "機関区分": 3, "都道府県コード": 21, "市区町村コード": 206, "所在地": "岐阜県中津川市茄子川１２０７ー２", "緯度": 35.468734, "経度": 137.444967, "url": "https://www.iryou.teikyouseido.mhlw.go.jp/znk-web/juminkanja/S2430/initialize?prefCd=21&kikanCd=1603003086&kikanKbn=3", "url2": null, "内容": "篠原歯科医院【3:歯科】岐阜県中津川市茄子川１２０７ー２" }, "geometry": { "type": "Point", "coordinates": [ 137.444967, 35.468734 ] } },
{ "type": "Feature", "properties": { "ID": 2131603003088, "正式名称": "バンドウ歯科医院", "機関区分": 3, "都道府県コード": 21, "市区町村コード": 206, "所在地": "岐阜県中津川市千旦林１３８６ー６２", "緯度": 35.476527, "経度": 137.449995, "url": "https://www.iryou.teikyouseido.mhlw.go.jp/znk-web/juminkanja/S2430/initialize?prefCd=21&kikanCd=1603003088&kikanKbn=3", "url2": null, "内容": "バンドウ歯科医院【3:歯科】岐阜県中津川市千旦林１３８６ー６２" }, "geometry": { "type": "Point", "coordinates": [ 137.449995, 35.476527 ] } },
{ "type": "Feature", "properties": { "ID": 2131603003091, "正式名称": "伊藤歯科医院", "機関区分": 3, "都道府県コード": 21, "市区町村コード": 206, "所在地": "岐阜県中津川市太田町２ー４ー１７", "緯度": 35.498823, "経度": 137.503818, "url": "https://www.iryou.teikyouseido.mhlw.go.jp/znk-web/juminkanja/S2430/initialize?prefCd=21&kikanCd=1603003091&kikanKbn=3", "url2": null, "内容": "伊藤歯科医院【3:歯科】岐阜県中津川市太田町２ー４ー１７" }, "geometry": { "type": "Point", "coordinates": [ 137.503818, 35.498823 ] } },
{ "type": "Feature", "properties": { "ID": 2131603003092, "正式名称": "ふじおか歯科クリニック", "機関区分": 3, "都道府県コード": 21, "市区町村コード": 210, "所在地": "岐阜県恵那市大井町５４９ー５", "緯度": 35.456392, "経度": 137.41266, "url": "https://www.iryou.teikyouseido.mhlw.go.jp/znk-web/juminkanja/S2430/initialize?prefCd=21&kikanCd=1603003092&kikanKbn=3", "url2": null, "内容": "ふじおか歯科クリニック【3:歯科】岐阜県恵那市大井町５４９ー５" }, "geometry": { "type": "Point", "coordinates": [ 137.41266, 35.456392 ] } },
{ "type": "Feature", "properties": { "ID": 2131603003093, "正式名称": "花の木歯科クリニック", "機関区分": 3, "都道府県コード": 21, "市区町村コード": 210, "所在地": "岐阜県恵那市長島町永田", "緯度": 35.449082, "経度": 137.400433, "url": "https://www.iryou.teikyouseido.mhlw.go.jp/znk-web/juminkanja/S2430/initialize?prefCd=21&kikanCd=1603003093&kikanKbn=3", "url2": "http://hananoki-shika.com", "内容": "花の木歯科クリニック【3:歯科】岐阜県恵那市長島町永田" }, "geometry": { "type": "Point", "coordinates": [ 137.400433, 35.449082 ] } },
{ "type": "Feature", "properties": { "ID": 2131603003096, "正式名称": "かすがい歯科医院", "機関区分": 3, "都道府県コード": 21, "市区町村コード": 210, "所在地": "岐阜県恵那市岡町原東原１３２３", "緯度": 35.333511, "経度": 137.360239, "url": "https://www.iryou.teikyouseido.mhlw.go.jp/znk-web/juminkanja/S2430/initialize?prefCd=21&kikanCd=1603003096&kikanKbn=3", "url2": null, "内容": "かすがい歯科医院【3:歯科】岐阜県恵那市岡町原東原１３２３" }, "geometry": { "type": "Point", "coordinates": [ 137.360239, 35.333511 ] } },
{ "type": "Feature", "properties": { "ID": 2131603003097, "正式名称": "中津川市国保加子母歯科診療所", "機関区分": 3, "都道府県コード": 21, "市区町村コード": 206, "所在地": "岐阜県中津川市加子母３４５３−１", "緯度": 35.716447, "経度": 137.369583, "url": "https://www.iryou.teikyouseido.mhlw.go.jp/znk-web/juminkanja/S2430/initialize?prefCd=21&kikanCd=1603003097&kikanKbn=3", "url2": null, "内容": "中津川市国保加子母歯科診療所【3:歯科】岐阜県中津川市加子母３４５３−１" }, "geometry": { "type": "Point", "coordinates": [ 137.369583, 35.716447 ] } },
{ "type": "Feature", "properties": { "ID": 2131603003098, "正式名称": "みお歯科", "機関区分": 3, "都道府県コード": 21, "市区町村コード": 206, "所在地": "岐阜県中津川市坂下８５７ー２", "緯度": 35.574354, "経度": 137.5303, "url": "https://www.iryou.teikyouseido.mhlw.go.jp/znk-web/juminkanja/S2430/initialize?prefCd=21&kikanCd=1603003098&kikanKbn=3", "url2": null, "内容": "みお歯科【3:歯科】岐阜県中津川市坂下８５７ー２" }, "geometry": { "type": "Point", "coordinates": [ 137.5303, 35.574354 ] } },
{ "type": "Feature", "properties": { "ID": 2131603006461, "正式名称": "たつた歯科クリニック", "機関区分": 3, "都道府県コード": 21, "市区町村コード": 206, "所在地": "岐阜県中津川市中津川１１４４番地４", "緯度": 35.503303, "経度": 137.510829, "url": "https://www.iryou.teikyouseido.mhlw.go.jp/znk-web/juminkanja/S2430/initialize?prefCd=21&kikanCd=1603006461&kikanKbn=3", "url2": null, "内容": "たつた歯科クリニック【3:歯科】岐阜県中津川市中津川１１４４番地４" }, "geometry": { "type": "Point", "coordinates": [ 137.510829, 35.503303 ] } },
{ "type": "Feature", "properties": { "ID": 2131603007412, "正式名称": "くりの木歯科", "機関区分": 3, "都道府県コード": 21, "市区町村コード": 206, "所在地": "岐阜県中津川市下野４３８ー５７", "緯度": 35.579582, "経度": 137.46087, "url": "https://www.iryou.teikyouseido.mhlw.go.jp/znk-web/juminkanja/S2430/initialize?prefCd=21&kikanCd=1603007412&kikanKbn=3", "url2": null, "内容": "くりの木歯科【3:歯科】岐阜県中津川市下野４３８ー５７" }, "geometry": { "type": "Point", "coordinates": [ 137.46087, 35.579582 ] } },
{ "type": "Feature", "properties": { "ID": 2131603007524, "正式名称": "まつばら矯正歯科", "機関区分": 3, "都道府県コード": 21, "市区町村コード": 206, "所在地": "岐阜県中津川市中津川７７７ー３０", "緯度": 35.503486, "経度": 137.508459, "url": "https://www.iryou.teikyouseido.mhlw.go.jp/znk-web/juminkanja/S2430/initialize?prefCd=21&kikanCd=1603007524&kikanKbn=3", "url2": "http://kyousei-m.com", "内容": "まつばら矯正歯科【3:歯科】岐阜県中津川市中津川７７７ー３０" }, "geometry": { "type": "Point", "coordinates": [ 137.508459, 35.503486 ] } },
{ "type": "Feature", "properties": { "ID": 2131603007881, "正式名称": "Ｍｉｋａ　Ｂｅａｕｔｙ　Ｄｅｎｔａｌ　Ｃｌｉｎｉｃ", "機関区分": 3, "都道府県コード": 21, "市区町村コード": 206, "所在地": "岐阜県中津川市八幡町２０８２ー８", "緯度": 35.492102, "経度": 137.504005, "url": "https://www.iryou.teikyouseido.mhlw.go.jp/znk-web/juminkanja/S2430/initialize?prefCd=21&kikanCd=1603007881&kikanKbn=3", "url2": null, "内容": "Ｍｉｋａ　Ｂｅａｕｔｙ　Ｄｅｎｔａｌ　Ｃｌｉｎｉｃ【3:歯科】岐阜県中津川市八幡町２０８２ー８" }, "geometry": { "type": "Point", "coordinates": [ 137.504005, 35.492102 ] } },
{ "type": "Feature", "properties": { "ID": 2131603007884, "正式名称": "中津第一歯科", "機関区分": 3, "都道府県コード": 21, "市区町村コード": 206, "所在地": "岐阜県中津川市栄町４ー２６", "緯度": 35.50091, "経度": 137.50403, "url": "https://www.iryou.teikyouseido.mhlw.go.jp/znk-web/juminkanja/S2430/initialize?prefCd=21&kikanCd=1603007884&kikanKbn=3", "url2": null, "内容": "中津第一歯科【3:歯科】岐阜県中津川市栄町４ー２６" }, "geometry": { "type": "Point", "coordinates": [ 137.50403, 35.50091 ] } },
{ "type": "Feature", "properties": { "ID": 2131603007991, "正式名称": "医療法人　恵那歯科医院", "機関区分": 3, "都道府県コード": 21, "市区町村コード": 210, "所在地": "岐阜県恵那市長島町中野２ー３ー４", "緯度": 35.448807, "経度": 137.411292, "url": "https://www.iryou.teikyouseido.mhlw.go.jp/znk-web/juminkanja/S2430/initialize?prefCd=21&kikanCd=1603007991&kikanKbn=3", "url2": "https://ena-dental.com", "内容": "医療法人　恵那歯科医院【3:歯科】岐阜県恵那市長島町中野２ー３ー４" }, "geometry": { "type": "Point", "coordinates": [ 137.411292, 35.448807 ] } },
{ "type": "Feature", "properties": { "ID": 2131603008125, "正式名称": "としょかんまえ小児歯科", "機関区分": 3, "都道府県コード": 21, "市区町村コード": 210, "所在地": "岐阜県恵那市長島町中野３−１−３", "緯度": 35.447382, "経度": 137.413207, "url": "https://www.iryou.teikyouseido.mhlw.go.jp/znk-web/juminkanja/S2430/initialize?prefCd=21&kikanCd=1603008125&kikanKbn=3", "url2": "http://www.library-ped.com/", "内容": "としょかんまえ小児歯科【3:歯科】岐阜県恵那市長島町中野３−１−３" }, "geometry": { "type": "Point", "coordinates": [ 137.413207, 35.447382 ] } },
{ "type": "Feature", "properties": { "ID": 2131603008360, "正式名称": "なかつデンタルクリニック", "機関区分": 3, "都道府県コード": 21, "市区町村コード": 206, "所在地": "岐阜県中津川市中津川字野畔２１２３番地の３筆", "緯度": 35.448571, "経度": 137.557011, "url": "https://www.iryou.teikyouseido.mhlw.go.jp/znk-web/juminkanja/S2430/initialize?prefCd=21&kikanCd=1603008360&kikanKbn=3", "url2": "http://nakatsudc.ci2.jp/", "内容": "なかつデンタルクリニック【3:歯科】岐阜県中津川市中津川字野畔２１２３番地の３筆" }, "geometry": { "type": "Point", "coordinates": [ 137.557011, 35.448571 ] } },
{ "type": "Feature", "properties": { "ID": 2131603008367, "正式名称": "あかさか歯科医院", "機関区分": 3, "都道府県コード": 21, "市区町村コード": 206, "所在地": "岐阜県中津川市千旦林１２５５ー４", "緯度": 35.47825, "経度": 137.452807, "url": "https://www.iryou.teikyouseido.mhlw.go.jp/znk-web/juminkanja/S2430/initialize?prefCd=21&kikanCd=1603008367&kikanKbn=3", "url2": null, "内容": "あかさか歯科医院【3:歯科】岐阜県中津川市千旦林１２５５ー４" }, "geometry": { "type": "Point", "coordinates": [ 137.452807, 35.47825 ] } },
{ "type": "Feature", "properties": { "ID": 2131603008608, "正式名称": "医療法人ふじいファミリー歯科", "機関区分": 3, "都道府県コード": 21, "市区町村コード": 206, "所在地": "岐阜県中津川市花戸町１ー２８", "緯度": 35.494563, "経度": 137.50838, "url": "https://www.iryou.teikyouseido.mhlw.go.jp/znk-web/juminkanja/S2430/initialize?prefCd=21&kikanCd=1603008608&kikanKbn=3", "url2": "http://fujii-family-dc.com", "内容": "医療法人ふじいファミリー歯科【3:歯科】岐阜県中津川市花戸町１ー２８" }, "geometry": { "type": "Point", "coordinates": [ 137.50838, 35.494563 ] } },
{ "type": "Feature", "properties": { "ID": 2131603008809, "正式名称": "医療法人ＹＯＴＨしろやま歯科", "機関区分": 3, "都道府県コード": 21, "市区町村コード": 206, "所在地": "岐阜県中津川市苗木字柳ノ木４９００ー８", "緯度": 35.540626, "経度": 137.478464, "url": "https://www.iryou.teikyouseido.mhlw.go.jp/znk-web/juminkanja/S2430/initialize?prefCd=21&kikanCd=1603008809&kikanKbn=3", "url2": "http://shiroyamashika.com", "内容": "医療法人ＹＯＴＨしろやま歯科【3:歯科】岐阜県中津川市苗木字柳ノ木４９００ー８" }, "geometry": { "type": "Point", "coordinates": [ 137.478464, 35.540626 ] } },
{ "type": "Feature", "properties": { "ID": 2131603009580, "正式名称": "酒向歯科医院", "機関区分": 3, "都道府県コード": 21, "市区町村コード": 210, "所在地": "岐阜県恵那市長島町中野５１４ー１４", "緯度": 35.452377, "経度": 137.405068, "url": "https://www.iryou.teikyouseido.mhlw.go.jp/znk-web/juminkanja/S2430/initialize?prefCd=21&kikanCd=1603009580&kikanKbn=3", "url2": "https://sakoushikaiin.wixsite.com/", "内容": "酒向歯科医院【3:歯科】岐阜県恵那市長島町中野５１４ー１４" }, "geometry": { "type": "Point", "coordinates": [ 137.405068, 35.452377 ] } },
{ "type": "Feature", "properties": { "ID": 2131603009965, "正式名称": "恵那駅デンタルクリニック", "機関区分": 3, "都道府県コード": 21, "市区町村コード": 210, "所在地": "岐阜県恵那市大井町２７１−５１　水半ビル１Ｆ", "緯度": 35.455263, "経度": 137.408479, "url": "https://www.iryou.teikyouseido.mhlw.go.jp/znk-web/juminkanja/S2430/initialize?prefCd=21&kikanCd=1603009965&kikanKbn=3", "url2": "http://enaeki-dental.com/", "内容": "恵那駅デンタルクリニック【3:歯科】岐阜県恵那市大井町２７１−５１　水半ビル１Ｆ" }, "geometry": { "type": "Point", "coordinates": [ 137.408479, 35.455263 ] } },
{ "type": "Feature", "properties": { "ID": 2131633002438, "正式名称": "笹本歯科医院", "機関区分": 3, "都道府県コード": 21, "市区町村コード": 213, "所在地": "岐阜県各務原市蘇原柿沢町１ー２２", "緯度": 35.404053, "経度": 136.862748, "url": "https://www.iryou.teikyouseido.mhlw.go.jp/znk-web/juminkanja/S2430/initialize?prefCd=21&kikanCd=1633002438&kikanKbn=3", "url2": "http://asakura-shika.jp/", "内容": "笹本歯科医院【3:歯科】岐阜県各務原市蘇原柿沢町１ー２２" }, "geometry": { "type": "Point", "coordinates": [ 136.862748, 35.404053 ] } },
{ "type": "Feature", "properties": { "ID": 2131633002439, "正式名称": "横山歯科医院", "機関区分": 3, "都道府県コード": 21, "市区町村コード": 213, "所在地": "岐阜県各務原市成清町３ー１６", "緯度": 35.385723, "経度": 136.830361, "url": "https://www.iryou.teikyouseido.mhlw.go.jp/znk-web/juminkanja/S2430/initialize?prefCd=21&kikanCd=1633002439&kikanKbn=3", "url2": null, "内容": "横山歯科医院【3:歯科】岐阜県各務原市成清町３ー１６" }, "geometry": { "type": "Point", "coordinates": [ 136.830361, 35.385723 ] } },
{ "type": "Feature", "properties": { "ID": 2131633002441, "正式名称": "グリーン歯科医院", "機関区分": 3, "都道府県コード": 21, "市区町村コード": 213, "所在地": "岐阜県各務原市蘇原栄町２－９－１", "緯度": 35.405049, "経度": 136.868504, "url": "https://www.iryou.teikyouseido.mhlw.go.jp/znk-web/juminkanja/S2430/initialize?prefCd=21&kikanCd=1633002441&kikanKbn=3", "url2": "https://www.greenshika.net/", "内容": "グリーン歯科医院【3:歯科】岐阜県各務原市蘇原栄町２－９－１" }, "geometry": { "type": "Point", "coordinates": [ 136.868504, 35.405049 ] } },
{ "type": "Feature", "properties": { "ID": 2131633002443, "正式名称": "みどり坂総合歯科クリニック", "機関区分": 3, "都道府県コード": 21, "市区町村コード": 213, "所在地": "岐阜県各務原市鵜沼東町３ー１７３", "緯度": 35.401096, "経度": 136.94621, "url": "https://www.iryou.teikyouseido.mhlw.go.jp/znk-web/juminkanja/S2430/initialize?prefCd=21&kikanCd=1633002443&kikanKbn=3", "url2": "www.nakamura-dentalclinic..com", "内容": "みどり坂総合歯科クリニック【3:歯科】岐阜県各務原市鵜沼東町３ー１７３" }, "geometry": { "type": "Point", "coordinates": [ 136.94621, 35.401096 ] } },
{ "type": "Feature", "properties": { "ID": 2131633002444, "正式名称": "足立歯科医院", "機関区分": 3, "都道府県コード": 21, "市区町村コード": 213, "所在地": "岐阜県各務原市各務おがせ町９ー１５３", "緯度": 35.407782, "経度": 136.911249, "url": "https://www.iryou.teikyouseido.mhlw.go.jp/znk-web/juminkanja/S2430/initialize?prefCd=21&kikanCd=1633002444&kikanKbn=3", "url2": "https://adachi-shika.jp", "内容": "足立歯科医院【3:歯科】岐阜県各務原市各務おがせ町９ー１５３" }, "geometry": { "type": "Point", "coordinates": [ 136.911249, 35.407782 ] } },
{ "type": "Feature", "properties": { "ID": 2131633002445, "正式名称": "恒川歯科医院", "機関区分": 3, "都道府県コード": 21, "市区町村コード": 213, "所在地": "岐阜県各務原市鵜沼古市場町４ー３", "緯度": 35.396209, "経度": 136.937372, "url": "https://www.iryou.teikyouseido.mhlw.go.jp/znk-web/juminkanja/S2430/initialize?prefCd=21&kikanCd=1633002445&kikanKbn=3", "url2": "https://tsunekawa-shikaiin.doctorsfile.jp/", "内容": "恒川歯科医院【3:歯科】岐阜県各務原市鵜沼古市場町４ー３" }, "geometry": { "type": "Point", "coordinates": [ 136.937372, 35.396209 ] } },
{ "type": "Feature", "properties": { "ID": 2131633002447, "正式名称": "ごとう歯科", "機関区分": 3, "都道府県コード": 21, "市区町村コード": 213, "所在地": "岐阜県各務原市那加信長町３ー１ー１", "緯度": 35.400808, "経度": 136.855754, "url": "https://www.iryou.teikyouseido.mhlw.go.jp/znk-web/juminkanja/S2430/initialize?prefCd=21&kikanCd=1633002447&kikanKbn=3", "url2": null, "内容": "ごとう歯科【3:歯科】岐阜県各務原市那加信長町３ー１ー１" }, "geometry": { "type": "Point", "coordinates": [ 136.855754, 35.400808 ] } },
{ "type": "Feature", "properties": { "ID": 2131633002456, "正式名称": "アサヒ歯科医院", "機関区分": 3, "都道府県コード": 21, "市区町村コード": 215, "所在地": "岐阜県山県市高富１０９０ー２", "緯度": 35.494009, "経度": 136.787779, "url": "https://www.iryou.teikyouseido.mhlw.go.jp/znk-web/juminkanja/S2430/initialize?prefCd=21&kikanCd=1633002456&kikanKbn=3", "url2": "http://www.fukurou-ash.com/", "内容": "アサヒ歯科医院【3:歯科】岐阜県山県市高富１０９０ー２" }, "geometry": { "type": "Point", "coordinates": [ 136.787779, 35.494009 ] } },
{ "type": "Feature", "properties": { "ID": 2131633002458, "正式名称": "永田歯科クリニック", "機関区分": 3, "都道府県コード": 21, "市区町村コード": 213, "所在地": "岐阜県各務原市蘇原東島町４－２５", "緯度": 35.409898, "経度": 136.877694, "url": "https://www.iryou.teikyouseido.mhlw.go.jp/znk-web/juminkanja/S2430/initialize?prefCd=21&kikanCd=1633002458&kikanKbn=3", "url2": "http;//nagata-dentalclinic.com", "内容": "永田歯科クリニック【3:歯科】岐阜県各務原市蘇原東島町４－２５" }, "geometry": { "type": "Point", "coordinates": [ 136.877694, 35.409898 ] } },
{ "type": "Feature", "properties": { "ID": 2131633002459, "正式名称": "ムトウ歯科医院", "機関区分": 3, "都道府県コード": 21, "市区町村コード": 213, "所在地": "岐阜県各務原市鵜沼山崎町３ー５６", "緯度": 35.398292, "経度": 136.945192, "url": "https://www.iryou.teikyouseido.mhlw.go.jp/znk-web/juminkanja/S2430/initialize?prefCd=21&kikanCd=1633002459&kikanKbn=3", "url2": "http://www.mutou-dc.com", "内容": "ムトウ歯科医院【3:歯科】岐阜県各務原市鵜沼山崎町３ー５６" }, "geometry": { "type": "Point", "coordinates": [ 136.945192, 35.398292 ] } },
{ "type": "Feature", "properties": { "ID": 2131633002460, "正式名称": "美山歯科医院", "機関区分": 3, "都道府県コード": 21, "市区町村コード": 215, "所在地": "岐阜県山県市岩佐１４７０ー２", "緯度": 35.544271, "経度": 136.797007, "url": "https://www.iryou.teikyouseido.mhlw.go.jp/znk-web/juminkanja/S2430/initialize?prefCd=21&kikanCd=1633002460&kikanKbn=3", "url2": null, "内容": "美山歯科医院【3:歯科】岐阜県山県市岩佐１４７０ー２" }, "geometry": { "type": "Point", "coordinates": [ 136.797007, 35.544271 ] } },
{ "type": "Feature", "properties": { "ID": 2131633002462, "正式名称": "小林歯科医院", "機関区分": 3, "都道府県コード": 21, "市区町村コード": 213, "所在地": "岐阜県各務原市鵜沼東町６丁目１１５番地", "緯度": 35.400822, "経度": 136.942601, "url": "https://www.iryou.teikyouseido.mhlw.go.jp/znk-web/juminkanja/S2430/initialize?prefCd=21&kikanCd=1633002462&kikanKbn=3", "url2": "https://kobayashi-shikaiin.doctorsfile.jp/", "内容": "小林歯科医院【3:歯科】岐阜県各務原市鵜沼東町６丁目１１５番地" }, "geometry": { "type": "Point", "coordinates": [ 136.942601, 35.400822 ] } },
{ "type": "Feature", "properties": { "ID": 2131633002463, "正式名称": "尾野歯科医院", "機関区分": 3, "都道府県コード": 21, "市区町村コード": 215, "所在地": "岐阜県山県市大字東深瀬字針崎７１４ー１", "緯度": 35.510225, "経度": 136.789709, "url": "https://www.iryou.teikyouseido.mhlw.go.jp/znk-web/juminkanja/S2430/initialize?prefCd=21&kikanCd=1633002463&kikanKbn=3", "url2": "http://www.icou-onodental-gifu.jp/", "内容": "尾野歯科医院【3:歯科】岐阜県山県市大字東深瀬字針崎７１４ー１" }, "geometry": { "type": "Point", "coordinates": [ 136.789709, 35.510225 ] } },
{ "type": "Feature", "properties": { "ID": 2131633002464, "正式名称": "しらき歯科医院", "機関区分": 3, "都道府県コード": 21, "市区町村コード": 213, "所在地": "岐阜県各務原市鵜沼各務原町３ー２３６", "緯度": 35.402148, "経度": 136.902044, "url": "https://www.iryou.teikyouseido.mhlw.go.jp/znk-web/juminkanja/S2430/initialize?prefCd=21&kikanCd=1633002464&kikanKbn=3", "url2": "www.kakamigahara-dent.gr.jp/unuma/shiraki/", "内容": "しらき歯科医院【3:歯科】岐阜県各務原市鵜沼各務原町３ー２３６" }, "geometry": { "type": "Point", "coordinates": [ 136.902044, 35.402148 ] } },
{ "type": "Feature", "properties": { "ID": 2131633002465, "正式名称": "木本歯科", "機関区分": 3, "都道府県コード": 21, "市区町村コード": 213, "所在地": "岐阜県各務原市那加前洞新町３ー１１８", "緯度": 35.405217, "経度": 136.841715, "url": "https://www.iryou.teikyouseido.mhlw.go.jp/znk-web/juminkanja/S2430/initialize?prefCd=21&kikanCd=1633002465&kikanKbn=3", "url2": "http://sugimotoshika.cihp2.jp/", "内容": "木本歯科【3:歯科】岐阜県各務原市那加前洞新町３ー１１８" }, "geometry": { "type": "Point", "coordinates": [ 136.841715, 35.405217 ] } },
{ "type": "Feature", "properties": { "ID": 2131633002469, "正式名称": "あさひ歯科クリニック", "機関区分": 3, "都道府県コード": 21, "市区町村コード": 213, "所在地": "岐阜県各務原市鵜沼朝日町４丁目２３３番地", "緯度": 35.392919, "経度": 136.906847, "url": "https://www.iryou.teikyouseido.mhlw.go.jp/znk-web/juminkanja/S2430/initialize?prefCd=21&kikanCd=1633002469&kikanKbn=3", "url2": null, "内容": "あさひ歯科クリニック【3:歯科】岐阜県各務原市鵜沼朝日町４丁目２３３番地" }, "geometry": { "type": "Point", "coordinates": [ 136.906847, 35.392919 ] } },
{ "type": "Feature", "properties": { "ID": 2131633002470, "正式名称": "中西歯科", "機関区分": 3, "都道府県コード": 21, "市区町村コード": 213, "所在地": "岐阜県各務原市蘇原新生町１丁目１９ー１", "緯度": 35.421348, "経度": 136.882157, "url": "https://www.iryou.teikyouseido.mhlw.go.jp/znk-web/juminkanja/S2430/initialize?prefCd=21&kikanCd=1633002470&kikanKbn=3", "url2": "http://www.kakamigahara-dent.gr.jp/sohara/nakanishi/index.htm", "内容": "中西歯科【3:歯科】岐阜県各務原市蘇原新生町１丁目１９ー１" }, "geometry": { "type": "Point", "coordinates": [ 136.882157, 35.421348 ] } },
{ "type": "Feature", "properties": { "ID": 2131633002471, "正式名称": "つちだ歯科医院", "機関区分": 3, "都道府県コード": 21, "市区町村コード": 215, "所在地": "岐阜県山県市岩佐８８ー１", "緯度": 35.553496, "経度": 136.795358, "url": "https://www.iryou.teikyouseido.mhlw.go.jp/znk-web/juminkanja/S2430/initialize?prefCd=21&kikanCd=1633002471&kikanKbn=3", "url2": null, "内容": "つちだ歯科医院【3:歯科】岐阜県山県市岩佐８８ー１" }, "geometry": { "type": "Point", "coordinates": [ 136.795358, 35.553496 ] } },
{ "type": "Feature", "properties": { "ID": 2131633002472, "正式名称": "いわた歯科医院", "機関区分": 3, "都道府県コード": 21, "市区町村コード": 213, "所在地": "岐阜県各務原市那加土山町２丁目２３６番地", "緯度": 35.414476, "経度": 136.818198, "url": "https://www.iryou.teikyouseido.mhlw.go.jp/znk-web/juminkanja/S2430/initialize?prefCd=21&kikanCd=1633002472&kikanKbn=3", "url2": "https://iwatadc198859.com", "内容": "いわた歯科医院【3:歯科】岐阜県各務原市那加土山町２丁目２３６番地" }, "geometry": { "type": "Point", "coordinates": [ 136.818198, 35.414476 ] } },
{ "type": "Feature", "properties": { "ID": 2131633002475, "正式名称": "恩田歯科", "機関区分": 3, "都道府県コード": 21, "市区町村コード": 213, "所在地": "岐阜県各務原市尾崎北町７ー９０", "緯度": 35.425327, "経度": 136.838934, "url": "https://www.iryou.teikyouseido.mhlw.go.jp/znk-web/juminkanja/S2430/initialize?prefCd=21&kikanCd=1633002475&kikanKbn=3", "url2": null, "内容": "恩田歯科【3:歯科】岐阜県各務原市尾崎北町７ー９０" }, "geometry": { "type": "Point", "coordinates": [ 136.838934, 35.425327 ] } },
{ "type": "Feature", "properties": { "ID": 2131633002476, "正式名称": "みずの歯科", "機関区分": 3, "都道府県コード": 21, "市区町村コード": 213, "所在地": "岐阜県各務原市蘇原吉野町４ー６１", "緯度": 35.418089, "経度": 136.859226, "url": "https://www.iryou.teikyouseido.mhlw.go.jp/znk-web/juminkanja/S2430/initialize?prefCd=21&kikanCd=1633002476&kikanKbn=3", "url2": "http://www.kakamigahara-dent.gr.jp/sohara/mizuno/index.htm", "内容": "みずの歯科【3:歯科】岐阜県各務原市蘇原吉野町４ー６１" }, "geometry": { "type": "Point", "coordinates": [ 136.859226, 35.418089 ] } },
{ "type": "Feature", "properties": { "ID": 2131633002478, "正式名称": "坂井歯科医院", "機関区分": 3, "都道府県コード": 21, "市区町村コード": 213, "所在地": "岐阜県各務原市那加西市場町２丁目８１番地", "緯度": 35.413535, "経度": 136.824561, "url": "https://www.iryou.teikyouseido.mhlw.go.jp/znk-web/juminkanja/S2430/initialize?prefCd=21&kikanCd=1633002478&kikanKbn=3", "url2": "http://www.kakamigahara-dent.gr.jp/naka/sakai/index.htm", "内容": "坂井歯科医院【3:歯科】岐阜県各務原市那加西市場町２丁目８１番地" }, "geometry": { "type": "Point", "coordinates": [ 136.824561, 35.413535 ] } },
{ "type": "Feature", "properties": { "ID": 2131633002479, "正式名称": "原歯科医院", "機関区分": 3, "都道府県コード": 21, "市区町村コード": 213, "所在地": "岐阜県各務原市那加桜町２丁目１５９の１", "緯度": 35.400355, "経度": 136.846072, "url": "https://www.iryou.teikyouseido.mhlw.go.jp/znk-web/juminkanja/S2430/initialize?prefCd=21&kikanCd=1633002479&kikanKbn=3", "url2": null, "内容": "原歯科医院【3:歯科】岐阜県各務原市那加桜町２丁目１５９の１" }, "geometry": { "type": "Point", "coordinates": [ 136.846072, 35.400355 ] } },
{ "type": "Feature", "properties": { "ID": 2131633002480, "正式名称": "近野歯科医院", "機関区分": 3, "都道府県コード": 21, "市区町村コード": 215, "所在地": "岐阜県山県市高富１６２４番地１", "緯度": 35.497672, "経度": 136.789787, "url": "https://www.iryou.teikyouseido.mhlw.go.jp/znk-web/juminkanja/S2430/initialize?prefCd=21&kikanCd=1633002480&kikanKbn=3", "url2": null, "内容": "近野歯科医院【3:歯科】岐阜県山県市高富１６２４番地１" }, "geometry": { "type": "Point", "coordinates": [ 136.789787, 35.497672 ] } },
{ "type": "Feature", "properties": { "ID": 2131633002481, "正式名称": "よこやま歯科クリニック", "機関区分": 3, "都道府県コード": 21, "市区町村コード": 213, "所在地": "岐阜県各務原市蘇原持田町３ー９６", "緯度": 35.42956, "経度": 136.880561, "url": "https://www.iryou.teikyouseido.mhlw.go.jp/znk-web/juminkanja/S2430/initialize?prefCd=21&kikanCd=1633002481&kikanKbn=3", "url2": "http://www.kakamigahara-dent.gr.jp/sohara/yokoyama/index.htm", "内容": "よこやま歯科クリニック【3:歯科】岐阜県各務原市蘇原持田町３ー９６" }, "geometry": { "type": "Point", "coordinates": [ 136.880561, 35.42956 ] } },
{ "type": "Feature", "properties": { "ID": 2131633002484, "正式名称": "いずみ歯科医院", "機関区分": 3, "都道府県コード": 21, "市区町村コード": 213, "所在地": "岐阜県各務原市蘇原沢上町１丁目８番地２", "緯度": 35.403195, "経度": 136.858785, "url": "https://www.iryou.teikyouseido.mhlw.go.jp/znk-web/juminkanja/S2430/initialize?prefCd=21&kikanCd=1633002484&kikanKbn=3", "url2": null, "内容": "いずみ歯科医院【3:歯科】岐阜県各務原市蘇原沢上町１丁目８番地２" }, "geometry": { "type": "Point", "coordinates": [ 136.858785, 35.403195 ] } },
{ "type": "Feature", "properties": { "ID": 2131633002485, "正式名称": "桜桃歯科", "機関区分": 3, "都道府県コード": 21, "市区町村コード": 213, "所在地": "岐阜県各務原市上戸町１ー１", "緯度": 35.385164, "経度": 136.848753, "url": "https://www.iryou.teikyouseido.mhlw.go.jp/znk-web/juminkanja/S2430/initialize?prefCd=21&kikanCd=1633002485&kikanKbn=3", "url2": "http://www.peachery.com", "内容": "桜桃歯科【3:歯科】岐阜県各務原市上戸町１ー１" }, "geometry": { "type": "Point", "coordinates": [ 136.848753, 35.385164 ] } },
{ "type": "Feature", "properties": { "ID": 2131633002486, "正式名称": "うの歯科", "機関区分": 3, "都道府県コード": 21, "市区町村コード": 213, "所在地": "岐阜県各務原市那加本町１４番地", "緯度": 35.398883, "経度": 136.835782, "url": "https://www.iryou.teikyouseido.mhlw.go.jp/znk-web/juminkanja/S2430/initialize?prefCd=21&kikanCd=1633002486&kikanKbn=3", "url2": "http://www.uno-dental.com , http://www.uno-dc.com", "内容": "うの歯科【3:歯科】岐阜県各務原市那加本町１４番地" }, "geometry": { "type": "Point", "coordinates": [ 136.835782, 35.398883 ] } },
{ "type": "Feature", "properties": { "ID": 2131633002487, "正式名称": "北山歯科医院", "機関区分": 3, "都道府県コード": 21, "市区町村コード": 213, "所在地": "岐阜県各務原市鵜沼西町３－１０３", "緯度": 35.401337, "経度": 136.933101, "url": "https://www.iryou.teikyouseido.mhlw.go.jp/znk-web/juminkanja/S2430/initialize?prefCd=21&kikanCd=1633002487&kikanKbn=3", "url2": "http://www.kakamigahara-dent.gr.jp/unuma/kitayama/index.htm", "内容": "北山歯科医院【3:歯科】岐阜県各務原市鵜沼西町３－１０３" }, "geometry": { "type": "Point", "coordinates": [ 136.933101, 35.401337 ] } },
{ "type": "Feature", "properties": { "ID": 2131633002488, "正式名称": "前田矯正歯科", "機関区分": 3, "都道府県コード": 21, "市区町村コード": 213, "所在地": "岐阜県各務原市蘇原柿沢町３−５−２０", "緯度": 35.407589, "経度": 136.863237, "url": "https://www.iryou.teikyouseido.mhlw.go.jp/znk-web/juminkanja/S2430/initialize?prefCd=21&kikanCd=1633002488&kikanKbn=3", "url2": "https://www.maeda-ortho.jp", "内容": "前田矯正歯科【3:歯科】岐阜県各務原市蘇原柿沢町３−５−２０" }, "geometry": { "type": "Point", "coordinates": [ 136.863237, 35.407589 ] } },
{ "type": "Feature", "properties": { "ID": 2131633002492, "正式名称": "いとう歯科医院", "機関区分": 3, "都道府県コード": 21, "市区町村コード": 213, "所在地": "岐阜県各務原市那加門前町", "緯度": 35.399013, "経度": 136.845809, "url": "https://www.iryou.teikyouseido.mhlw.go.jp/znk-web/juminkanja/S2430/initialize?prefCd=21&kikanCd=1633002492&kikanKbn=3", "url2": "http://www.itodental.com/pc/", "内容": "いとう歯科医院【3:歯科】岐阜県各務原市那加門前町" }, "geometry": { "type": "Point", "coordinates": [ 136.845809, 35.399013 ] } },
{ "type": "Feature", "properties": { "ID": 2131633002493, "正式名称": "どうけ歯科", "機関区分": 3, "都道府県コード": 21, "市区町村コード": 213, "所在地": "岐阜県各務原市那加浜見町２丁目１９６", "緯度": 35.399559, "経度": 136.825637, "url": "https://www.iryou.teikyouseido.mhlw.go.jp/znk-web/juminkanja/S2430/initialize?prefCd=21&kikanCd=1633002493&kikanKbn=3", "url2": "http://www.douke-dc.com/", "内容": "どうけ歯科【3:歯科】岐阜県各務原市那加浜見町２丁目１９６" }, "geometry": { "type": "Point", "coordinates": [ 136.825637, 35.399559 ] } },
{ "type": "Feature", "properties": { "ID": 2131633002494, "正式名称": "堀田歯科", "機関区分": 3, "都道府県コード": 21, "市区町村コード": 213, "所在地": "岐阜県各務原市蘇原瑞穂町５丁目３７ー１", "緯度": 35.415071, "経度": 136.852417, "url": "https://www.iryou.teikyouseido.mhlw.go.jp/znk-web/juminkanja/S2430/initialize?prefCd=21&kikanCd=1633002494&kikanKbn=3", "url2": "http://www.kakamigahara-dent.gr.jp/sohara/hotta/index.htm", "内容": "堀田歯科【3:歯科】岐阜県各務原市蘇原瑞穂町５丁目３７ー１" }, "geometry": { "type": "Point", "coordinates": [ 136.852417, 35.415071 ] } },
{ "type": "Feature", "properties": { "ID": 2131633002495, "正式名称": "ふかざわ歯科", "機関区分": 3, "都道府県コード": 21, "市区町村コード": 213, "所在地": "岐阜県各務原市鵜沼西町１ー６１３ー３", "緯度": 35.404326, "経度": 136.934576, "url": "https://www.iryou.teikyouseido.mhlw.go.jp/znk-web/juminkanja/S2430/initialize?prefCd=21&kikanCd=1633002495&kikanKbn=3", "url2": null, "内容": "ふかざわ歯科【3:歯科】岐阜県各務原市鵜沼西町１ー６１３ー３" }, "geometry": { "type": "Point", "coordinates": [ 136.934576, 35.404326 ] } },
{ "type": "Feature", "properties": { "ID": 2131633002496, "正式名称": "医療法人　たなはし歯科医院", "機関区分": 3, "都道府県コード": 21, "市区町村コード": 213, "所在地": "岐阜県各務原市那加日新町８－１０", "緯度": 35.395301, "経度": 136.824819, "url": "https://www.iryou.teikyouseido.mhlw.go.jp/znk-web/juminkanja/S2430/initialize?prefCd=21&kikanCd=1633002496&kikanKbn=3", "url2": "http://tanahashishika.ci2.jp", "内容": "医療法人　たなはし歯科医院【3:歯科】岐阜県各務原市那加日新町８－１０" }, "geometry": { "type": "Point", "coordinates": [ 136.824819, 35.395301 ] } },
{ "type": "Feature", "properties": { "ID": 2131633002500, "正式名称": "戸田歯科医院", "機関区分": 3, "都道府県コード": 21, "市区町村コード": 209, "所在地": "岐阜県羽島市竹鼻町２７７－１", "緯度": 35.321107, "経度": 136.700217, "url": "https://www.iryou.teikyouseido.mhlw.go.jp/znk-web/juminkanja/S2430/initialize?prefCd=21&kikanCd=1633002500&kikanKbn=3", "url2": null, "内容": "戸田歯科医院【3:歯科】岐阜県羽島市竹鼻町２７７－１" }, "geometry": { "type": "Point", "coordinates": [ 136.700217, 35.321107 ] } },
{ "type": "Feature", "properties": { "ID": 2131633002502, "正式名称": "早川歯科医院", "機関区分": 3, "都道府県コード": 21, "市区町村コード": 209, "所在地": "岐阜県羽島市竹鼻町狐穴東町３１８８ー１１", "緯度": 35.324685, "経度": 136.705765, "url": "https://www.iryou.teikyouseido.mhlw.go.jp/znk-web/juminkanja/S2430/initialize?prefCd=21&kikanCd=1633002502&kikanKbn=3", "url2": null, "内容": "早川歯科医院【3:歯科】岐阜県羽島市竹鼻町狐穴東町３１８８ー１１" }, "geometry": { "type": "Point", "coordinates": [ 136.705765, 35.324685 ] } },
{ "type": "Feature", "properties": { "ID": 2131633002506, "正式名称": "医療法人社団翔仁会　高田歯科医院", "機関区分": 3, "都道府県コード": 21, "市区町村コード": 209, "所在地": "岐阜県羽島市竹鼻町３５７ー１", "緯度": 35.322103, "経度": 136.697951, "url": "https://www.iryou.teikyouseido.mhlw.go.jp/znk-web/juminkanja/S2430/initialize?prefCd=21&kikanCd=1633002506&kikanKbn=3", "url2": "http://www.takada-dc.com/", "内容": "医療法人社団翔仁会　高田歯科医院【3:歯科】岐阜県羽島市竹鼻町３５７ー１" }, "geometry": { "type": "Point", "coordinates": [ 136.697951, 35.322103 ] } },
{ "type": "Feature", "properties": { "ID": 2131633002507, "正式名称": "南谷歯科医院", "機関区分": 3, "都道府県コード": 21, "市区町村コード": 209, "所在地": "岐阜県羽島市小熊町２ー３０６ー３", "緯度": 35.350347, "経度": 136.699513, "url": "https://www.iryou.teikyouseido.mhlw.go.jp/znk-web/juminkanja/S2430/initialize?prefCd=21&kikanCd=1633002507&kikanKbn=3", "url2": "http://www.gifukenshi.or.jp/~hashima/", "内容": "南谷歯科医院【3:歯科】岐阜県羽島市小熊町２ー３０６ー３" }, "geometry": { "type": "Point", "coordinates": [ 136.699513, 35.350347 ] } },
{ "type": "Feature", "properties": { "ID": 2131633002508, "正式名称": "大口歯科クリニック", "機関区分": 3, "都道府県コード": 21, "市区町村コード": 209, "所在地": "岐阜県羽島市竹鼻町丸の内４丁目５８", "緯度": 35.327616, "経度": 136.699326, "url": "https://www.iryou.teikyouseido.mhlw.go.jp/znk-web/juminkanja/S2430/initialize?prefCd=21&kikanCd=1633002508&kikanKbn=3", "url2": null, "内容": "大口歯科クリニック【3:歯科】岐阜県羽島市竹鼻町丸の内４丁目５８" }, "geometry": { "type": "Point", "coordinates": [ 136.699326, 35.327616 ] } },
{ "type": "Feature", "properties": { "ID": 2131633002509, "正式名称": "棚橋歯科医院", "機関区分": 3, "都道府県コード": 21, "市区町村コード": 209, "所在地": "岐阜県羽島市竹鼻町丸の内４丁目７８", "緯度": 35.32643, "経度": 136.700497, "url": "https://www.iryou.teikyouseido.mhlw.go.jp/znk-web/juminkanja/S2430/initialize?prefCd=21&kikanCd=1633002509&kikanKbn=3", "url2": null, "内容": "棚橋歯科医院【3:歯科】岐阜県羽島市竹鼻町丸の内４丁目７８" }, "geometry": { "type": "Point", "coordinates": [ 136.700497, 35.32643 ] } },
{ "type": "Feature", "properties": { "ID": 2131633002510, "正式名称": "たなかファミリー歯科", "機関区分": 3, "都道府県コード": 21, "市区町村コード": 209, "所在地": "岐阜県羽島市正木町新井３７５ー２", "緯度": 35.319771, "経度": 136.727859, "url": "https://www.iryou.teikyouseido.mhlw.go.jp/znk-web/juminkanja/S2430/initialize?prefCd=21&kikanCd=1633002510&kikanKbn=3", "url2": "http://tanakafamily-dc.com", "内容": "たなかファミリー歯科【3:歯科】岐阜県羽島市正木町新井３７５ー２" }, "geometry": { "type": "Point", "coordinates": [ 136.727859, 35.319771 ] } },
{ "type": "Feature", "properties": { "ID": 2131633002511, "正式名称": "里村歯科医院", "機関区分": 3, "都道府県コード": 21, "市区町村コード": 209, "所在地": "岐阜県羽島市小熊町島２丁目１２１", "緯度": 35.332466, "経度": 136.705322, "url": "https://www.iryou.teikyouseido.mhlw.go.jp/znk-web/juminkanja/S2430/initialize?prefCd=21&kikanCd=1633002511&kikanKbn=3", "url2": null, "内容": "里村歯科医院【3:歯科】岐阜県羽島市小熊町島２丁目１２１" }, "geometry": { "type": "Point", "coordinates": [ 136.705322, 35.332466 ] } },
{ "type": "Feature", "properties": { "ID": 2131633002514, "正式名称": "小島歯科医院", "機関区分": 3, "都道府県コード": 21, "市区町村コード": 213, "所在地": "岐阜県各務原市川島松倉町２４１４番地", "緯度": 35.36582, "経度": 136.831687, "url": "https://www.iryou.teikyouseido.mhlw.go.jp/znk-web/juminkanja/S2430/initialize?prefCd=21&kikanCd=1633002514&kikanKbn=3", "url2": null, "内容": "小島歯科医院【3:歯科】岐阜県各務原市川島松倉町２４１４番地" }, "geometry": { "type": "Point", "coordinates": [ 136.831687, 35.36582 ] } },
{ "type": "Feature", "properties": { "ID": 2131633002524, "正式名称": "立松歯科医院", "機関区分": 3, "都道府県コード": 21, "市区町村コード": 303, "所在地": "岐阜県羽島郡笠松町門間１３５番地１", "緯度": 35.359399, "経度": 136.739855, "url": "https://www.iryou.teikyouseido.mhlw.go.jp/znk-web/juminkanja/S2430/initialize?prefCd=21&kikanCd=1633002524&kikanKbn=3", "url2": "https://www.tatematu-dc.com/", "内容": "立松歯科医院【3:歯科】岐阜県羽島郡笠松町門間１３５番地１" }, "geometry": { "type": "Point", "coordinates": [ 136.739855, 35.359399 ] } },
{ "type": "Feature", "properties": { "ID": 2131633002527, "正式名称": "第一河合歯科医院", "機関区分": 3, "都道府県コード": 21, "市区町村コード": 209, "所在地": "岐阜県羽島市竹鼻町上城町２６１３番地", "緯度": 35.324435, "経度": 136.702394, "url": "https://www.iryou.teikyouseido.mhlw.go.jp/znk-web/juminkanja/S2430/initialize?prefCd=21&kikanCd=1633002527&kikanKbn=3", "url2": null, "内容": "第一河合歯科医院【3:歯科】岐阜県羽島市竹鼻町上城町２６１３番地" }, "geometry": { "type": "Point", "coordinates": [ 136.702394, 35.324435 ] } },
{ "type": "Feature", "properties": { "ID": 2131633002528, "正式名称": "入山歯科医院", "機関区分": 3, "都道府県コード": 21, "市区町村コード": 209, "所在地": "岐阜県羽島市上中町一色字柳下１１４８ー３", "緯度": 35.304873, "経度": 136.711633, "url": "https://www.iryou.teikyouseido.mhlw.go.jp/znk-web/juminkanja/S2430/initialize?prefCd=21&kikanCd=1633002528&kikanKbn=3", "url2": null, "内容": "入山歯科医院【3:歯科】岐阜県羽島市上中町一色字柳下１１４８ー３" }, "geometry": { "type": "Point", "coordinates": [ 136.711633, 35.304873 ] } },
{ "type": "Feature", "properties": { "ID": 2131633002529, "正式名称": "かわむら歯科クリニック", "機関区分": 3, "都道府県コード": 21, "市区町村コード": 209, "所在地": "岐阜県羽島市竹鼻町狐穴３４１５", "緯度": 35.327706, "経度": 136.709633, "url": "https://www.iryou.teikyouseido.mhlw.go.jp/znk-web/juminkanja/S2430/initialize?prefCd=21&kikanCd=1633002529&kikanKbn=3", "url2": "www.kawamura-dent.net", "内容": "かわむら歯科クリニック【3:歯科】岐阜県羽島市竹鼻町狐穴３４１５" }, "geometry": { "type": "Point", "coordinates": [ 136.709633, 35.327706 ] } },
{ "type": "Feature", "properties": { "ID": 2131633002531, "正式名称": "日置矯正歯科", "機関区分": 3, "都道府県コード": 21, "市区町村コード": 209, "所在地": "岐阜県羽島市竹鼻町丸の内３ー５１", "緯度": 35.325297, "経度": 136.700056, "url": "https://www.iryou.teikyouseido.mhlw.go.jp/znk-web/juminkanja/S2430/initialize?prefCd=21&kikanCd=1633002531&kikanKbn=3", "url2": "http://hioki-kyouseishikajp", "内容": "日置矯正歯科【3:歯科】岐阜県羽島市竹鼻町丸の内３ー５１" }, "geometry": { "type": "Point", "coordinates": [ 136.700056, 35.325297 ] } },
{ "type": "Feature", "properties": { "ID": 2131633002532, "正式名称": "近藤歯科医院", "機関区分": 3, "都道府県コード": 21, "市区町村コード": 209, "所在地": "岐阜県羽島市桑原町八神４８２８番地の２", "緯度": 35.273454, "経度": 136.695498, "url": "https://www.iryou.teikyouseido.mhlw.go.jp/znk-web/juminkanja/S2430/initialize?prefCd=21&kikanCd=1633002532&kikanKbn=3", "url2": null, "内容": "近藤歯科医院【3:歯科】岐阜県羽島市桑原町八神４８２８番地の２" }, "geometry": { "type": "Point", "coordinates": [ 136.695498, 35.273454 ] } },
{ "type": "Feature", "properties": { "ID": 2131633002534, "正式名称": "村田歯科医院", "機関区分": 3, "都道府県コード": 21, "市区町村コード": 302, "所在地": "岐阜県羽島郡岐南町上印食６－３９", "緯度": 35.392145, "経度": 136.788932, "url": "https://www.iryou.teikyouseido.mhlw.go.jp/znk-web/juminkanja/S2430/initialize?prefCd=21&kikanCd=1633002534&kikanKbn=3", "url2": null, "内容": "村田歯科医院【3:歯科】岐阜県羽島郡岐南町上印食６－３９" }, "geometry": { "type": "Point", "coordinates": [ 136.788932, 35.392145 ] } },
{ "type": "Feature", "properties": { "ID": 2131633002535, "正式名称": "Ｉｈａｎａ歯科岐阜", "機関区分": 3, "都道府県コード": 21, "市区町村コード": 303, "所在地": "岐阜県羽島郡笠松町円城寺８７３", "緯度": 35.375498, "経度": 136.78812, "url": "https://www.iryou.teikyouseido.mhlw.go.jp/znk-web/juminkanja/S2430/initialize?prefCd=21&kikanCd=1633002535&kikanKbn=3", "url2": "http://miwa.oral.clinic/", "内容": "Ｉｈａｎａ歯科岐阜【3:歯科】岐阜県羽島郡笠松町円城寺８７３" }, "geometry": { "type": "Point", "coordinates": [ 136.78812, 35.375498 ] } },
{ "type": "Feature", "properties": { "ID": 2131633002541, "正式名称": "正木伊藤歯科", "機関区分": 3, "都道府県コード": 21, "市区町村コード": 209, "所在地": "岐阜県羽島市正木町森８ー５", "緯度": 35.338834, "経度": 136.733605, "url": "https://www.iryou.teikyouseido.mhlw.go.jp/znk-web/juminkanja/S2430/initialize?prefCd=21&kikanCd=1633002541&kikanKbn=3", "url2": "masakiito-dental.com", "内容": "正木伊藤歯科【3:歯科】岐阜県羽島市正木町森８ー５" }, "geometry": { "type": "Point", "coordinates": [ 136.733605, 35.338834 ] } },
{ "type": "Feature", "properties": { "ID": 2131633002542, "正式名称": "坂歯科", "機関区分": 3, "都道府県コード": 21, "市区町村コード": 209, "所在地": "岐阜県羽島市竹鼻町飯柄西折戸１００－１", "緯度": 35.318575, "経度": 136.714653, "url": "https://www.iryou.teikyouseido.mhlw.go.jp/znk-web/juminkanja/S2430/initialize?prefCd=21&kikanCd=1633002542&kikanKbn=3", "url2": null, "内容": "坂歯科【3:歯科】岐阜県羽島市竹鼻町飯柄西折戸１００－１" }, "geometry": { "type": "Point", "coordinates": [ 136.714653, 35.318575 ] } },
{ "type": "Feature", "properties": { "ID": 2131633002543, "正式名称": "羽島中央歯科", "機関区分": 3, "都道府県コード": 21, "市区町村コード": 209, "所在地": "岐阜県羽島市上中町沖１４９０ー１", "緯度": 35.294313, "経度": 136.69944, "url": "https://www.iryou.teikyouseido.mhlw.go.jp/znk-web/juminkanja/S2430/initialize?prefCd=21&kikanCd=1633002543&kikanKbn=3", "url2": "http://hcdental.sakura.ne.jp/", "内容": "羽島中央歯科【3:歯科】岐阜県羽島市上中町沖１４９０ー１" }, "geometry": { "type": "Point", "coordinates": [ 136.69944, 35.294313 ] } },
{ "type": "Feature", "properties": { "ID": 2131633002544, "正式名称": "ヒライ歯科クリニック", "機関区分": 3, "都道府県コード": 21, "市区町村コード": 209, "所在地": "岐阜県羽島市足近町２丁目３２８番地", "緯度": 35.348287, "経度": 136.7218, "url": "https://www.iryou.teikyouseido.mhlw.go.jp/znk-web/juminkanja/S2430/initialize?prefCd=21&kikanCd=1633002544&kikanKbn=3", "url2": null, "内容": "ヒライ歯科クリニック【3:歯科】岐阜県羽島市足近町２丁目３２８番地" }, "geometry": { "type": "Point", "coordinates": [ 136.7218, 35.348287 ] } },
{ "type": "Feature", "properties": { "ID": 2131633002547, "正式名称": "松原歯科医院", "機関区分": 3, "都道府県コード": 21, "市区町村コード": 303, "所在地": "岐阜県羽島郡笠松町美笠通２丁目３１－５", "緯度": 35.372195, "経度": 136.757773, "url": "https://www.iryou.teikyouseido.mhlw.go.jp/znk-web/juminkanja/S2430/initialize?prefCd=21&kikanCd=1633002547&kikanKbn=3", "url2": null, "内容": "松原歯科医院【3:歯科】岐阜県羽島郡笠松町美笠通２丁目３１－５" }, "geometry": { "type": "Point", "coordinates": [ 136.757773, 35.372195 ] } },
{ "type": "Feature", "properties": { "ID": 2131633002548, "正式名称": "丸栄歯科", "機関区分": 3, "都道府県コード": 21, "市区町村コード": 209, "所在地": "岐阜県羽島市竹鼻町狐穴３３６２番地", "緯度": 35.328319, "経度": 136.705288, "url": "https://www.iryou.teikyouseido.mhlw.go.jp/znk-web/juminkanja/S2430/initialize?prefCd=21&kikanCd=1633002548&kikanKbn=3", "url2": null, "内容": "丸栄歯科【3:歯科】岐阜県羽島市竹鼻町狐穴３３６２番地" }, "geometry": { "type": "Point", "coordinates": [ 136.705288, 35.328319 ] } },
{ "type": "Feature", "properties": { "ID": 2131633002551, "正式名称": "みやかわ歯科医院", "機関区分": 3, "都道府県コード": 21, "市区町村コード": 302, "所在地": "岐阜県羽島郡岐南町下印食３－２２", "緯度": 35.389438, "経度": 136.770695, "url": "https://www.iryou.teikyouseido.mhlw.go.jp/znk-web/juminkanja/S2430/initialize?prefCd=21&kikanCd=1633002551&kikanKbn=3", "url2": null, "内容": "みやかわ歯科医院【3:歯科】岐阜県羽島郡岐南町下印食３－２２" }, "geometry": { "type": "Point", "coordinates": [ 136.770695, 35.389438 ] } },
{ "type": "Feature", "properties": { "ID": 2131633002552, "正式名称": "高瀬歯科医院", "機関区分": 3, "都道府県コード": 21, "市区町村コード": 302, "所在地": "岐阜県羽島郡岐南町上印食３－１３８", "緯度": 35.397841, "経度": 136.786205, "url": "https://www.iryou.teikyouseido.mhlw.go.jp/znk-web/juminkanja/S2430/initialize?prefCd=21&kikanCd=1633002552&kikanKbn=3", "url2": null, "内容": "高瀬歯科医院【3:歯科】岐阜県羽島郡岐南町上印食３－１３８" }, "geometry": { "type": "Point", "coordinates": [ 136.786205, 35.397841 ] } },
{ "type": "Feature", "properties": { "ID": 2131633002554, "正式名称": "ほっつ歯科医院", "機関区分": 3, "都道府県コード": 21, "市区町村コード": 209, "所在地": "岐阜県羽島市堀津町前谷１０２番地", "緯度": 35.304994, "経度": 136.675192, "url": "https://www.iryou.teikyouseido.mhlw.go.jp/znk-web/juminkanja/S2430/initialize?prefCd=21&kikanCd=1633002554&kikanKbn=3", "url2": null, "内容": "ほっつ歯科医院【3:歯科】岐阜県羽島市堀津町前谷１０２番地" }, "geometry": { "type": "Point", "coordinates": [ 136.675192, 35.304994 ] } },
{ "type": "Feature", "properties": { "ID": 2131633002555, "正式名称": "糸井川歯科医院", "機関区分": 3, "都道府県コード": 21, "市区町村コード": 209, "所在地": "岐阜県羽島市竹鼻町２５４６", "緯度": 35.324594, "経度": 136.702549, "url": "https://www.iryou.teikyouseido.mhlw.go.jp/znk-web/juminkanja/S2430/initialize?prefCd=21&kikanCd=1633002555&kikanKbn=3", "url2": "http://itoigawa.dentalmall.jp/", "内容": "糸井川歯科医院【3:歯科】岐阜県羽島市竹鼻町２５４６" }, "geometry": { "type": "Point", "coordinates": [ 136.702549, 35.324594 ] } },
{ "type": "Feature", "properties": { "ID": 2131633002556, "正式名称": "おんだ歯科クリニック", "機関区分": 3, "都道府県コード": 21, "市区町村コード": 209, "所在地": "岐阜県羽島市足近町７丁目５８８番地の１", "緯度": 35.337517, "経度": 136.718852, "url": "https://www.iryou.teikyouseido.mhlw.go.jp/znk-web/juminkanja/S2430/initialize?prefCd=21&kikanCd=1633002556&kikanKbn=3", "url2": null, "内容": "おんだ歯科クリニック【3:歯科】岐阜県羽島市足近町７丁目５８８番地の１" }, "geometry": { "type": "Point", "coordinates": [ 136.718852, 35.337517 ] } },
{ "type": "Feature", "properties": { "ID": 2131633002557, "正式名称": "西垣歯科クリニック", "機関区分": 3, "都道府県コード": 21, "市区町村コード": 303, "所在地": "岐阜県羽島郡笠松町字小町屋北及１８－１", "緯度": 35.352192, "経度": 136.744018, "url": "https://www.iryou.teikyouseido.mhlw.go.jp/znk-web/juminkanja/S2430/initialize?prefCd=21&kikanCd=1633002557&kikanKbn=3", "url2": null, "内容": "西垣歯科クリニック【3:歯科】岐阜県羽島郡笠松町字小町屋北及１８－１" }, "geometry": { "type": "Point", "coordinates": [ 136.744018, 35.352192 ] } },
{ "type": "Feature", "properties": { "ID": 2131633002558, "正式名称": "タカダ歯科", "機関区分": 3, "都道府県コード": 21, "市区町村コード": 209, "所在地": "岐阜県羽島市竹鼻町飯柄４８２", "緯度": 35.311134, "経度": 136.713939, "url": "https://www.iryou.teikyouseido.mhlw.go.jp/znk-web/juminkanja/S2430/initialize?prefCd=21&kikanCd=1633002558&kikanKbn=3", "url2": null, "内容": "タカダ歯科【3:歯科】岐阜県羽島市竹鼻町飯柄４８２" }, "geometry": { "type": "Point", "coordinates": [ 136.713939, 35.311134 ] } },
{ "type": "Feature", "properties": { "ID": 2131633002559, "正式名称": "きたはら歯科クリニック", "機関区分": 3, "都道府県コード": 21, "市区町村コード": 302, "所在地": "岐阜県羽島郡岐南町野中５丁目３１", "緯度": 35.383238, "経度": 136.803631, "url": "https://www.iryou.teikyouseido.mhlw.go.jp/znk-web/juminkanja/S2430/initialize?prefCd=21&kikanCd=1633002559&kikanKbn=3", "url2": null, "内容": "きたはら歯科クリニック【3:歯科】岐阜県羽島郡岐南町野中５丁目３１" }, "geometry": { "type": "Point", "coordinates": [ 136.803631, 35.383238 ] } },
{ "type": "Feature", "properties": { "ID": 2131633002560, "正式名称": "わたなべ歯科クリニック", "機関区分": 3, "都道府県コード": 21, "市区町村コード": 209, "所在地": "岐阜県羽島市竹鼻町丸の内１０丁目５４番地の１", "緯度": 35.328627, "経度": 136.695244, "url": "https://www.iryou.teikyouseido.mhlw.go.jp/znk-web/juminkanja/S2430/initialize?prefCd=21&kikanCd=1633002560&kikanKbn=3", "url2": null, "内容": "わたなべ歯科クリニック【3:歯科】岐阜県羽島市竹鼻町丸の内１０丁目５４番地の１" }, "geometry": { "type": "Point", "coordinates": [ 136.695244, 35.328627 ] } },
{ "type": "Feature", "properties": { "ID": 2131633002561, "正式名称": "いいだ歯科", "機関区分": 3, "都道府県コード": 21, "市区町村コード": 303, "所在地": "岐阜県羽島郡笠松町東金池町１４０ー１", "緯度": 35.37467, "経度": 136.768845, "url": "https://www.iryou.teikyouseido.mhlw.go.jp/znk-web/juminkanja/S2430/initialize?prefCd=21&kikanCd=1633002561&kikanKbn=3", "url2": "https://iida-shika.doctorsfile.jp/", "内容": "いいだ歯科【3:歯科】岐阜県羽島郡笠松町東金池町１４０ー１" }, "geometry": { "type": "Point", "coordinates": [ 136.768845, 35.37467 ] } },
{ "type": "Feature", "properties": { "ID": 2131633002733, "正式名称": "江崎歯科医院", "機関区分": 3, "都道府県コード": 21, "市区町村コード": 216, "所在地": "岐阜県瑞穂市穂積", "緯度": 35.388139, "経度": 136.694357, "url": "https://www.iryou.teikyouseido.mhlw.go.jp/znk-web/juminkanja/S2430/initialize?prefCd=21&kikanCd=1633002733&kikanKbn=3", "url2": "http://www.esakishika.com", "内容": "江崎歯科医院【3:歯科】岐阜県瑞穂市穂積" }, "geometry": { "type": "Point", "coordinates": [ 136.694357, 35.388139 ] } },
{ "type": "Feature", "properties": { "ID": 2131633002734, "正式名称": "加藤歯科医院", "機関区分": 3, "都道府県コード": 21, "市区町村コード": 216, "所在地": "岐阜県瑞穂市只越１０５５", "緯度": 35.399751, "経度": 136.689374, "url": "https://www.iryou.teikyouseido.mhlw.go.jp/znk-web/juminkanja/S2430/initialize?prefCd=21&kikanCd=1633002734&kikanKbn=3", "url2": null, "内容": "加藤歯科医院【3:歯科】岐阜県瑞穂市只越１０５５" }, "geometry": { "type": "Point", "coordinates": [ 136.689374, 35.399751 ] } },
{ "type": "Feature", "properties": { "ID": 2131633002735, "正式名称": "竹矢歯科医院", "機関区分": 3, "都道府県コード": 21, "市区町村コード": 216, "所在地": "岐阜県瑞穂市馬場上光町３ー１２７", "緯度": 35.408848, "経度": 136.688076, "url": "https://www.iryou.teikyouseido.mhlw.go.jp/znk-web/juminkanja/S2430/initialize?prefCd=21&kikanCd=1633002735&kikanKbn=3", "url2": null, "内容": "竹矢歯科医院【3:歯科】岐阜県瑞穂市馬場上光町３ー１２７" }, "geometry": { "type": "Point", "coordinates": [ 136.688076, 35.408848 ] } },
{ "type": "Feature", "properties": { "ID": 2131633002736, "正式名称": "本巣歯科医院", "機関区分": 3, "都道府県コード": 21, "市区町村コード": 218, "所在地": "岐阜県本巣市上真桑北畑２１１３ー５", "緯度": 35.438313, "経度": 136.67593, "url": "https://www.iryou.teikyouseido.mhlw.go.jp/znk-web/juminkanja/S2430/initialize?prefCd=21&kikanCd=1633002736&kikanKbn=3", "url2": "http://www.motosushikaishikai.jp/motosu/motosu.htm", "内容": "本巣歯科医院【3:歯科】岐阜県本巣市上真桑北畑２１１３ー５" }, "geometry": { "type": "Point", "coordinates": [ 136.67593, 35.438313 ] } },
{ "type": "Feature", "properties": { "ID": 2131633002737, "正式名称": "後藤歯科医院", "機関区分": 3, "都道府県コード": 21, "市区町村コード": 218, "所在地": "岐阜県本巣市三橋７６０ー１", "緯度": 35.447044, "経度": 136.678141, "url": "https://www.iryou.teikyouseido.mhlw.go.jp/znk-web/juminkanja/S2430/initialize?prefCd=21&kikanCd=1633002737&kikanKbn=3", "url2": null, "内容": "後藤歯科医院【3:歯科】岐阜県本巣市三橋７６０ー１" }, "geometry": { "type": "Point", "coordinates": [ 136.678141, 35.447044 ] } },
{ "type": "Feature", "properties": { "ID": 2131633002740, "正式名称": "スナミ歯科医院", "機関区分": 3, "都道府県コード": 21, "市区町村コード": 216, "所在地": "岐阜県瑞穂市十七条９７５ー１", "緯度": 35.407935, "経度": 136.666894, "url": "https://www.iryou.teikyouseido.mhlw.go.jp/znk-web/juminkanja/S2430/initialize?prefCd=21&kikanCd=1633002740&kikanKbn=3", "url2": "http://www.sunami-dc.com", "内容": "スナミ歯科医院【3:歯科】岐阜県瑞穂市十七条９７５ー１" }, "geometry": { "type": "Point", "coordinates": [ 136.666894, 35.407935 ] } },
{ "type": "Feature", "properties": { "ID": 2131633002742, "正式名称": "青木歯科", "機関区分": 3, "都道府県コード": 21, "市区町村コード": 421, "所在地": "岐阜県本巣郡北方町高屋伊勢田１ー４７", "緯度": 35.414897, "経度": 136.69158, "url": "https://www.iryou.teikyouseido.mhlw.go.jp/znk-web/juminkanja/S2430/initialize?prefCd=21&kikanCd=1633002742&kikanKbn=3", "url2": "http://www.motosushikaishikai.jp/kitagata/aoki.htm", "内容": "青木歯科【3:歯科】岐阜県本巣郡北方町高屋伊勢田１ー４７" }, "geometry": { "type": "Point", "coordinates": [ 136.69158, 35.414897 ] } },
{ "type": "Feature", "properties": { "ID": 2131633002743, "正式名称": "北方中央歯科医院", "機関区分": 3, "都道府県コード": 21, "市区町村コード": 421, "所在地": "岐阜県本巣郡北方町北方春来町２ー１４４", "緯度": 35.434088, "経度": 136.689256, "url": "https://www.iryou.teikyouseido.mhlw.go.jp/znk-web/juminkanja/S2430/initialize?prefCd=21&kikanCd=1633002743&kikanKbn=3", "url2": null, "内容": "北方中央歯科医院【3:歯科】岐阜県本巣郡北方町北方春来町２ー１４４" }, "geometry": { "type": "Point", "coordinates": [ 136.689256, 35.434088 ] } },
{ "type": "Feature", "properties": { "ID": 2131633002745, "正式名称": "勝野歯科クリニック", "機関区分": 3, "都道府県コード": 21, "市区町村コード": 218, "所在地": "岐阜県本巣市政田２４３５ー１", "緯度": 35.440363, "経度": 136.644903, "url": "https://www.iryou.teikyouseido.mhlw.go.jp/znk-web/juminkanja/S2430/initialize?prefCd=21&kikanCd=1633002745&kikanKbn=3", "url2": "http://www.motosushikaishikai.jp/motosu/katuno.htm", "内容": "勝野歯科クリニック【3:歯科】岐阜県本巣市政田２４３５ー１" }, "geometry": { "type": "Point", "coordinates": [ 136.644903, 35.440363 ] } },
{ "type": "Feature", "properties": { "ID": 2131633002746, "正式名称": "広瀬歯科医院", "機関区分": 3, "都道府県コード": 21, "市区町村コード": 216, "所在地": "岐阜県瑞穂市馬場前畑町２ー７４", "緯度": 35.412516, "経度": 136.681101, "url": "https://www.iryou.teikyouseido.mhlw.go.jp/znk-web/juminkanja/S2430/initialize?prefCd=21&kikanCd=1633002746&kikanKbn=3", "url2": "dental-clinic-hirose.com", "内容": "広瀬歯科医院【3:歯科】岐阜県瑞穂市馬場前畑町２ー７４" }, "geometry": { "type": "Point", "coordinates": [ 136.681101, 35.412516 ] } },
{ "type": "Feature", "properties": { "ID": 2131633002747, "正式名称": "美江寺歯科医院", "機関区分": 3, "都道府県コード": 21, "市区町村コード": 216, "所在地": "岐阜県瑞穂市美江寺４９８ー３", "緯度": 35.412175, "経度": 136.662277, "url": "https://www.iryou.teikyouseido.mhlw.go.jp/znk-web/juminkanja/S2430/initialize?prefCd=21&kikanCd=1633002747&kikanKbn=3", "url2": "http://www.mieji-dc.com/", "内容": "美江寺歯科医院【3:歯科】岐阜県瑞穂市美江寺４９８ー３" }, "geometry": { "type": "Point", "coordinates": [ 136.662277, 35.412175 ] } },
{ "type": "Feature", "properties": { "ID": 2131633002748, "正式名称": "永田歯科医院", "機関区分": 3, "都道府県コード": 21, "市区町村コード": 421, "所在地": "岐阜県本巣郡北方町加茂", "緯度": 35.439784, "経度": 136.681977, "url": "https://www.iryou.teikyouseido.mhlw.go.jp/znk-web/juminkanja/S2430/initialize?prefCd=21&kikanCd=1633002748&kikanKbn=3", "url2": null, "内容": "永田歯科医院【3:歯科】岐阜県本巣郡北方町加茂" }, "geometry": { "type": "Point", "coordinates": [ 136.681977, 35.439784 ] } },
{ "type": "Feature", "properties": { "ID": 2131633002749, "正式名称": "山口歯科医院", "機関区分": 3, "都道府県コード": 21, "市区町村コード": 421, "所在地": "岐阜県本巣郡北方町一本松２丁目１番地", "緯度": 35.435199, "経度": 136.6938, "url": "https://www.iryou.teikyouseido.mhlw.go.jp/znk-web/juminkanja/S2430/initialize?prefCd=21&kikanCd=1633002749&kikanKbn=3", "url2": "https://www.motosushikaishikai.jp/area_kitagata_detail.html?05-0000=0001", "内容": "山口歯科医院【3:歯科】岐阜県本巣郡北方町一本松２丁目１番地" }, "geometry": { "type": "Point", "coordinates": [ 136.6938, 35.435199 ] } },
{ "type": "Feature", "properties": { "ID": 2131633002750, "正式名称": "たけうち歯科医院", "機関区分": 3, "都道府県コード": 21, "市区町村コード": 216, "所在地": "岐阜県瑞穂市田之上１７１ー５", "緯度": 35.413143, "経度": 136.651293, "url": "https://www.iryou.teikyouseido.mhlw.go.jp/znk-web/juminkanja/S2430/initialize?prefCd=21&kikanCd=1633002750&kikanKbn=3", "url2": "www.takeuchi.jp.net/", "内容": "たけうち歯科医院【3:歯科】岐阜県瑞穂市田之上１７１ー５" }, "geometry": { "type": "Point", "coordinates": [ 136.651293, 35.413143 ] } },
{ "type": "Feature", "properties": { "ID": 2131633002753, "正式名称": "あずま歯科", "機関区分": 3, "都道府県コード": 21, "市区町村コード": 218, "所在地": "岐阜県本巣市三橋１０４４－１", "緯度": 35.4556, "経度": 136.675919, "url": "https://www.iryou.teikyouseido.mhlw.go.jp/znk-web/juminkanja/S2430/initialize?prefCd=21&kikanCd=1633002753&kikanKbn=3", "url2": "http://www.motosushikaishikai.jp/motosu/azuma.htm", "内容": "あずま歯科【3:歯科】岐阜県本巣市三橋１０４４－１" }, "geometry": { "type": "Point", "coordinates": [ 136.675919, 35.4556 ] } },
{ "type": "Feature", "properties": { "ID": 2131633002756, "正式名称": "松野歯科医院", "機関区分": 3, "都道府県コード": 21, "市区町村コード": 216, "所在地": "岐阜県瑞穂市別府７３６－１", "緯度": 35.395362, "経度": 136.687945, "url": "https://www.iryou.teikyouseido.mhlw.go.jp/znk-web/juminkanja/S2430/initialize?prefCd=21&kikanCd=1633002756&kikanKbn=3", "url2": "http://www.motosushikaishikai.jp/mizuho/matuno.htm", "内容": "松野歯科医院【3:歯科】岐阜県瑞穂市別府７３６－１" }, "geometry": { "type": "Point", "coordinates": [ 136.687945, 35.395362 ] } },
{ "type": "Feature", "properties": { "ID": 2131633002757, "正式名称": "土田歯科医院", "機関区分": 3, "都道府県コード": 21, "市区町村コード": 218, "所在地": "岐阜県本巣市神海６５０ー２", "緯度": 35.53914, "経度": 136.645437, "url": "https://www.iryou.teikyouseido.mhlw.go.jp/znk-web/juminkanja/S2430/initialize?prefCd=21&kikanCd=1633002757&kikanKbn=3", "url2": null, "内容": "土田歯科医院【3:歯科】岐阜県本巣市神海６５０ー２" }, "geometry": { "type": "Point", "coordinates": [ 136.645437, 35.53914 ] } },
{ "type": "Feature", "properties": { "ID": 2131633002759, "正式名称": "辻歯科医院", "機関区分": 3, "都道府県コード": 21, "市区町村コード": 216, "所在地": "岐阜県瑞穂市古橋１１４０ー３", "緯度": 35.391206, "経度": 136.651854, "url": "https://www.iryou.teikyouseido.mhlw.go.jp/znk-web/juminkanja/S2430/initialize?prefCd=21&kikanCd=1633002759&kikanKbn=3", "url2": "https://tsuji-dc.jp/", "内容": "辻歯科医院【3:歯科】岐阜県瑞穂市古橋１１４０ー３" }, "geometry": { "type": "Point", "coordinates": [ 136.651854, 35.391206 ] } },
{ "type": "Feature", "properties": { "ID": 2131633002764, "正式名称": "もんじゅ歯科", "機関区分": 3, "都道府県コード": 21, "市区町村コード": 218, "所在地": "岐阜県本巣市文殊１６８４－４", "緯度": 35.489414, "経度": 136.686946, "url": "https://www.iryou.teikyouseido.mhlw.go.jp/znk-web/juminkanja/S2430/initialize?prefCd=21&kikanCd=1633002764&kikanKbn=3", "url2": null, "内容": "もんじゅ歯科【3:歯科】岐阜県本巣市文殊１６８４－４" }, "geometry": { "type": "Point", "coordinates": [ 136.686946, 35.489414 ] } },
{ "type": "Feature", "properties": { "ID": 2131633002768, "正式名称": "柴田歯科医院", "機関区分": 3, "都道府県コード": 21, "市区町村コード": 216, "所在地": "岐阜県瑞穂市本田２１１２ー１ー２", "緯度": 35.404012, "経度": 136.673527, "url": "https://www.iryou.teikyouseido.mhlw.go.jp/znk-web/juminkanja/S2430/initialize?prefCd=21&kikanCd=1633002768&kikanKbn=3", "url2": null, "内容": "柴田歯科医院【3:歯科】岐阜県瑞穂市本田２１１２ー１ー２" }, "geometry": { "type": "Point", "coordinates": [ 136.673527, 35.404012 ] } },
{ "type": "Feature", "properties": { "ID": 2131633002770, "正式名称": "アピカ歯科医院", "機関区分": 3, "都道府県コード": 21, "市区町村コード": 421, "所在地": "岐阜県本巣郡北方町春来町１丁目２１０番", "緯度": 35.431331, "経度": 136.68694, "url": "https://www.iryou.teikyouseido.mhlw.go.jp/znk-web/juminkanja/S2430/initialize?prefCd=21&kikanCd=1633002770&kikanKbn=3", "url2": "http://www.apika-shika.com/", "内容": "アピカ歯科医院【3:歯科】岐阜県本巣郡北方町春来町１丁目２１０番" }, "geometry": { "type": "Point", "coordinates": [ 136.68694, 35.431331 ] } },
{ "type": "Feature", "properties": { "ID": 2131633002771, "正式名称": "しんせい歯科医院", "機関区分": 3, "都道府県コード": 21, "市区町村コード": 218, "所在地": "岐阜県本巣市軽海４３９の４", "緯度": 35.430723, "経度": 136.657085, "url": "https://www.iryou.teikyouseido.mhlw.go.jp/znk-web/juminkanja/S2430/initialize?prefCd=21&kikanCd=1633002771&kikanKbn=3", "url2": null, "内容": "しんせい歯科医院【3:歯科】岐阜県本巣市軽海４３９の４" }, "geometry": { "type": "Point", "coordinates": [ 136.657085, 35.430723 ] } },
{ "type": "Feature", "properties": { "ID": 2131633002773, "正式名称": "けしかわ歯科医院", "機関区分": 3, "都道府県コード": 21, "市区町村コード": 216, "所在地": "岐阜県瑞穂市稲里２５８ー１", "緯度": 35.389277, "経度": 136.680006, "url": "https://www.iryou.teikyouseido.mhlw.go.jp/znk-web/juminkanja/S2430/initialize?prefCd=21&kikanCd=1633002773&kikanKbn=3", "url2": null, "内容": "けしかわ歯科医院【3:歯科】岐阜県瑞穂市稲里２５８ー１" }, "geometry": { "type": "Point", "coordinates": [ 136.680006, 35.389277 ] } },
{ "type": "Feature", "properties": { "ID": 2131633003161, "正式名称": "すぎもと歯科クリニック", "機関区分": 3, "都道府県コード": 21, "市区町村コード": 215, "所在地": "岐阜県山県市高富２４３９ー１", "緯度": 35.502602, "経度": 136.789784, "url": "https://www.iryou.teikyouseido.mhlw.go.jp/znk-web/juminkanja/S2430/initialize?prefCd=21&kikanCd=1633003161&kikanKbn=3", "url2": null, "内容": "すぎもと歯科クリニック【3:歯科】岐阜県山県市高富２４３９ー１" }, "geometry": { "type": "Point", "coordinates": [ 136.789784, 35.502602 ] } },
{ "type": "Feature", "properties": { "ID": 2131633003163, "正式名称": "西村歯科", "機関区分": 3, "都道府県コード": 21, "市区町村コード": 215, "所在地": "岐阜県山県市高木９８３－１", "緯度": 35.505862, "経度": 136.77882, "url": "https://www.iryou.teikyouseido.mhlw.go.jp/znk-web/juminkanja/S2430/initialize?prefCd=21&kikanCd=1633003163&kikanKbn=3", "url2": null, "内容": "西村歯科【3:歯科】岐阜県山県市高木９８３－１" }, "geometry": { "type": "Point", "coordinates": [ 136.77882, 35.505862 ] } },
{ "type": "Feature", "properties": { "ID": 2131633003164, "正式名称": "なかむら歯科", "機関区分": 3, "都道府県コード": 21, "市区町村コード": 218, "所在地": "岐阜県本巣市七五三２８６－６", "緯度": 35.449803, "経度": 136.657004, "url": "https://www.iryou.teikyouseido.mhlw.go.jp/znk-web/juminkanja/S2430/initialize?prefCd=21&kikanCd=1633003164&kikanKbn=3", "url2": "https://nakamura-shika.doctorsfile.jp/", "内容": "なかむら歯科【3:歯科】岐阜県本巣市七五三２８６－６" }, "geometry": { "type": "Point", "coordinates": [ 136.657004, 35.449803 ] } },
{ "type": "Feature", "properties": { "ID": 2131633003165, "正式名称": "こなか歯科クリニック", "機関区分": 3, "都道府県コード": 21, "市区町村コード": 213, "所在地": "岐阜県各務原市蘇原花園町１丁目３７番地", "緯度": 35.410233, "経度": 136.847446, "url": "https://www.iryou.teikyouseido.mhlw.go.jp/znk-web/juminkanja/S2430/initialize?prefCd=21&kikanCd=1633003165&kikanKbn=3", "url2": null, "内容": "こなか歯科クリニック【3:歯科】岐阜県各務原市蘇原花園町１丁目３７番地" }, "geometry": { "type": "Point", "coordinates": [ 136.847446, 35.410233 ] } },
{ "type": "Feature", "properties": { "ID": 2131633003166, "正式名称": "はま歯科医院", "機関区分": 3, "都道府県コード": 21, "市区町村コード": 209, "所在地": "岐阜県羽島市正木町大浦７９番地の２", "緯度": 35.327678, "経度": 136.729694, "url": "https://www.iryou.teikyouseido.mhlw.go.jp/znk-web/juminkanja/S2430/initialize?prefCd=21&kikanCd=1633003166&kikanKbn=3", "url2": "http://ham-dent.com/", "内容": "はま歯科医院【3:歯科】岐阜県羽島市正木町大浦７９番地の２" }, "geometry": { "type": "Point", "coordinates": [ 136.729694, 35.327678 ] } },
{ "type": "Feature", "properties": { "ID": 2131633003167, "正式名称": "おかだ歯科クリニック", "機関区分": 3, "都道府県コード": 21, "市区町村コード": 209, "所在地": "岐阜県羽島市桑原町八神字平太２６９１－１", "緯度": 35.270442, "経度": 136.679902, "url": "https://www.iryou.teikyouseido.mhlw.go.jp/znk-web/juminkanja/S2430/initialize?prefCd=21&kikanCd=1633003167&kikanKbn=3", "url2": null, "内容": "おかだ歯科クリニック【3:歯科】岐阜県羽島市桑原町八神字平太２６９１－１" }, "geometry": { "type": "Point", "coordinates": [ 136.679902, 35.270442 ] } },
{ "type": "Feature", "properties": { "ID": 2131633003168, "正式名称": "医療法人　うえむら歯科", "機関区分": 3, "都道府県コード": 21, "市区町村コード": 303, "所在地": "岐阜県羽島郡笠松町長池１２３０－１", "緯度": 35.359286, "経度": 136.748401, "url": "https://www.iryou.teikyouseido.mhlw.go.jp/znk-web/juminkanja/S2430/initialize?prefCd=21&kikanCd=1633003168&kikanKbn=3", "url2": "http://www.uemuradc.com", "内容": "医療法人　うえむら歯科【3:歯科】岐阜県羽島郡笠松町長池１２３０－１" }, "geometry": { "type": "Point", "coordinates": [ 136.748401, 35.359286 ] } },
{ "type": "Feature", "properties": { "ID": 2131633003169, "正式名称": "ひまわり矯正・小児歯科", "機関区分": 3, "都道府県コード": 21, "市区町村コード": 213, "所在地": "岐阜県各務原市那加住吉町２－１２－２", "緯度": 35.39835, "経度": 136.850833, "url": "https://www.iryou.teikyouseido.mhlw.go.jp/znk-web/juminkanja/S2430/initialize?prefCd=21&kikanCd=1633003169&kikanKbn=3", "url2": "http://www.himawari9955.com", "内容": "ひまわり矯正・小児歯科【3:歯科】岐阜県各務原市那加住吉町２－１２－２" }, "geometry": { "type": "Point", "coordinates": [ 136.850833, 35.39835 ] } },
{ "type": "Feature", "properties": { "ID": 2131633003170, "正式名称": "おくだ歯科クリニック", "機関区分": 3, "都道府県コード": 21, "市区町村コード": 215, "所在地": "岐阜県山県市高富２１２１ー１", "緯度": 35.499913, "経度": 136.787322, "url": "https://www.iryou.teikyouseido.mhlw.go.jp/znk-web/juminkanja/S2430/initialize?prefCd=21&kikanCd=1633003170&kikanKbn=3", "url2": null, "内容": "おくだ歯科クリニック【3:歯科】岐阜県山県市高富２１２１ー１" }, "geometry": { "type": "Point", "coordinates": [ 136.787322, 35.499913 ] } },
{ "type": "Feature", "properties": { "ID": 2131633003172, "正式名称": "きらら歯科・矯正歯科医院", "機関区分": 3, "都道府県コード": 21, "市区町村コード": 421, "所在地": "岐阜県本巣郡北方町平成１－１", "緯度": 35.434326, "経度": 136.680793, "url": "https://www.iryou.teikyouseido.mhlw.go.jp/znk-web/juminkanja/S2430/initialize?prefCd=21&kikanCd=1633003172&kikanKbn=3", "url2": "http://kilala.hp4u.jp/", "内容": "きらら歯科・矯正歯科医院【3:歯科】岐阜県本巣郡北方町平成１－１" }, "geometry": { "type": "Point", "coordinates": [ 136.680793, 35.434326 ] } },
{ "type": "Feature", "properties": { "ID": 2131633003174, "正式名称": "医療法人聖昊会　大野歯科クリニック", "機関区分": 3, "都道府県コード": 21, "市区町村コード": 213, "所在地": "岐阜県各務原市鵜沼東町２－５６ー９", "緯度": 35.40485, "経度": 136.940708, "url": "https://www.iryou.teikyouseido.mhlw.go.jp/znk-web/juminkanja/S2430/initialize?prefCd=21&kikanCd=1633003174&kikanKbn=3", "url2": "st-sky.net", "内容": "医療法人聖昊会　大野歯科クリニック【3:歯科】岐阜県各務原市鵜沼東町２－５６ー９" }, "geometry": { "type": "Point", "coordinates": [ 136.940708, 35.40485 ] } },
{ "type": "Feature", "properties": { "ID": 2131633003175, "正式名称": "小島歯科医院", "機関区分": 3, "都道府県コード": 21, "市区町村コード": 302, "所在地": "岐阜県羽島郡岐南町平島５ー１４４", "緯度": 35.386867, "経度": 136.807351, "url": "https://www.iryou.teikyouseido.mhlw.go.jp/znk-web/juminkanja/S2430/initialize?prefCd=21&kikanCd=1633003175&kikanKbn=3", "url2": null, "内容": "小島歯科医院【3:歯科】岐阜県羽島郡岐南町平島５ー１４４" }, "geometry": { "type": "Point", "coordinates": [ 136.807351, 35.386867 ] } },
{ "type": "Feature", "properties": { "ID": 2131633003176, "正式名称": "医療法人　正法閣　都クリニック", "機関区分": 3, "都道府県コード": 21, "市区町村コード": 213, "所在地": "岐阜県各務原市鵜沼羽場町５ー５２ー１", "緯度": 35.40407, "経度": 136.926449, "url": "https://www.iryou.teikyouseido.mhlw.go.jp/znk-web/juminkanja/S2430/initialize?prefCd=21&kikanCd=1633003176&kikanKbn=3", "url2": "http://www.miyako-clinic.net/", "内容": "医療法人　正法閣　都クリニック【3:歯科】岐阜県各務原市鵜沼羽場町５ー５２ー１" }, "geometry": { "type": "Point", "coordinates": [ 136.926449, 35.40407 ] } },
{ "type": "Feature", "properties": { "ID": 2131633003177, "正式名称": "谷口歯科医院", "機関区分": 3, "都道府県コード": 21, "市区町村コード": 213, "所在地": "岐阜県各務原市下切町９ー９７", "緯度": 35.382327, "経度": 136.8676, "url": "https://www.iryou.teikyouseido.mhlw.go.jp/znk-web/juminkanja/S2430/initialize?prefCd=21&kikanCd=1633003177&kikanKbn=3", "url2": null, "内容": "谷口歯科医院【3:歯科】岐阜県各務原市下切町９ー９７" }, "geometry": { "type": "Point", "coordinates": [ 136.8676, 35.382327 ] } },
{ "type": "Feature", "properties": { "ID": 2131633003179, "正式名称": "ゆう歯科クリニック", "機関区分": 3, "都道府県コード": 21, "市区町村コード": 216, "所在地": "岐阜県瑞穂市十九条２４５－３", "緯度": 35.394954, "経度": 136.663677, "url": "https://www.iryou.teikyouseido.mhlw.go.jp/znk-web/juminkanja/S2430/initialize?prefCd=21&kikanCd=1633003179&kikanKbn=3", "url2": null, "内容": "ゆう歯科クリニック【3:歯科】岐阜県瑞穂市十九条２４５－３" }, "geometry": { "type": "Point", "coordinates": [ 136.663677, 35.394954 ] } },
{ "type": "Feature", "properties": { "ID": 2131633003180, "正式名称": "内田歯科医院", "機関区分": 3, "都道府県コード": 21, "市区町村コード": 213, "所在地": "岐阜県各務原市川島松原町４０１の７", "緯度": 35.361708, "経度": 136.828228, "url": "https://www.iryou.teikyouseido.mhlw.go.jp/znk-web/juminkanja/S2430/initialize?prefCd=21&kikanCd=1633003180&kikanKbn=3", "url2": null, "内容": "内田歯科医院【3:歯科】岐阜県各務原市川島松原町４０１の７" }, "geometry": { "type": "Point", "coordinates": [ 136.828228, 35.361708 ] } },
{ "type": "Feature", "properties": { "ID": 2131633003183, "正式名称": "さくら歯科", "機関区分": 3, "都道府県コード": 21, "市区町村コード": 303, "所在地": "岐阜県羽島郡笠松町門間２０２３", "緯度": 35.348235, "経度": 136.736238, "url": "https://www.iryou.teikyouseido.mhlw.go.jp/znk-web/juminkanja/S2430/initialize?prefCd=21&kikanCd=1633003183&kikanKbn=3", "url2": "http://www.sakura-sika.jp", "内容": "さくら歯科【3:歯科】岐阜県羽島郡笠松町門間２０２３" }, "geometry": { "type": "Point", "coordinates": [ 136.736238, 35.348235 ] } },
{ "type": "Feature", "properties": { "ID": 2131633003184, "正式名称": "岐南歯科クリニック", "機関区分": 3, "都道府県コード": 21, "市区町村コード": 302, "所在地": "岐阜県羽島郡岐南町八剣北４−８７", "緯度": 35.395004, "経度": 136.783434, "url": "https://www.iryou.teikyouseido.mhlw.go.jp/znk-web/juminkanja/S2430/initialize?prefCd=21&kikanCd=1633003184&kikanKbn=3", "url2": "http://nttbj.itp.ne.jp/0582481116/index.html", "内容": "岐南歯科クリニック【3:歯科】岐阜県羽島郡岐南町八剣北４−８７" }, "geometry": { "type": "Point", "coordinates": [ 136.783434, 35.395004 ] } },
{ "type": "Feature", "properties": { "ID": 2131633005907, "正式名称": "ながの歯科クリニック", "機関区分": 3, "都道府県コード": 21, "市区町村コード": 216, "所在地": "岐阜県瑞穂市只越", "緯度": 35.398861, "経度": 136.681608, "url": "https://www.iryou.teikyouseido.mhlw.go.jp/znk-web/juminkanja/S2430/initialize?prefCd=21&kikanCd=1633005907&kikanKbn=3", "url2": "http://www.nagano-dc.net/", "内容": "ながの歯科クリニック【3:歯科】岐阜県瑞穂市只越" }, "geometry": { "type": "Point", "coordinates": [ 136.681608, 35.398861 ] } },
{ "type": "Feature", "properties": { "ID": 2131633005965, "正式名称": "ＣＯＣＯ　ＤＥＮＴＡＬ　ＣＬＩＮＩＣ", "機関区分": 3, "都道府県コード": 21, "市区町村コード": 218, "所在地": "岐阜県本巣市下真桑３５７ー５", "緯度": 35.437868, "経度": 136.662863, "url": "https://www.iryou.teikyouseido.mhlw.go.jp/znk-web/juminkanja/S2430/initialize?prefCd=21&kikanCd=1633005965&kikanKbn=3", "url2": "http://www.coco-dental.com", "内容": "ＣＯＣＯ　ＤＥＮＴＡＬ　ＣＬＩＮＩＣ【3:歯科】岐阜県本巣市下真桑３５７ー５" }, "geometry": { "type": "Point", "coordinates": [ 136.662863, 35.437868 ] } },
{ "type": "Feature", "properties": { "ID": 2131633006042, "正式名称": "ひまわり歯科クリニック", "機関区分": 3, "都道府県コード": 21, "市区町村コード": 421, "所在地": "岐阜県本巣郡北方町芝原中町６ー２１ー６", "緯度": 35.447748, "経度": 136.693754, "url": "https://www.iryou.teikyouseido.mhlw.go.jp/znk-web/juminkanja/S2430/initialize?prefCd=21&kikanCd=1633006042&kikanKbn=3", "url2": "http://himawari-dc.info", "内容": "ひまわり歯科クリニック【3:歯科】岐阜県本巣郡北方町芝原中町６ー２１ー６" }, "geometry": { "type": "Point", "coordinates": [ 136.693754, 35.447748 ] } },
{ "type": "Feature", "properties": { "ID": 2131633006043, "正式名称": "いぬい歯科クリニック", "機関区分": 3, "都道府県コード": 21, "市区町村コード": 421, "所在地": "岐阜県本巣郡北方町柱本南３ー２９", "緯度": 35.425852, "経度": 136.693127, "url": "https://www.iryou.teikyouseido.mhlw.go.jp/znk-web/juminkanja/S2430/initialize?prefCd=21&kikanCd=1633006043&kikanKbn=3", "url2": null, "内容": "いぬい歯科クリニック【3:歯科】岐阜県本巣郡北方町柱本南３ー２９" }, "geometry": { "type": "Point", "coordinates": [ 136.693127, 35.425852 ] } },
{ "type": "Feature", "properties": { "ID": 2131633006056, "正式名称": "ホワイトエッセンス吉田歯科医院", "機関区分": 3, "都道府県コード": 21, "市区町村コード": 216, "所在地": "岐阜県瑞穂市馬場春雨町１ー１７", "緯度": 35.41351, "経度": 136.686414, "url": "https://www.iryou.teikyouseido.mhlw.go.jp/znk-web/juminkanja/S2430/initialize?prefCd=21&kikanCd=1633006056&kikanKbn=3", "url2": "weydc.jp", "内容": "ホワイトエッセンス吉田歯科医院【3:歯科】岐阜県瑞穂市馬場春雨町１ー１７" }, "geometry": { "type": "Point", "coordinates": [ 136.686414, 35.41351 ] } },
{ "type": "Feature", "properties": { "ID": 2131633006084, "正式名称": "赤坂歯科", "機関区分": 3, "都道府県コード": 21, "市区町村コード": 213, "所在地": "岐阜県各務原市三井町１ー５６", "緯度": 35.394509, "経度": 136.834655, "url": "https://www.iryou.teikyouseido.mhlw.go.jp/znk-web/juminkanja/S2430/initialize?prefCd=21&kikanCd=1633006084&kikanKbn=3", "url2": null, "内容": "赤坂歯科【3:歯科】岐阜県各務原市三井町１ー５６" }, "geometry": { "type": "Point", "coordinates": [ 136.834655, 35.394509 ] } },
{ "type": "Feature", "properties": { "ID": 2131633006085, "正式名称": "藤原歯科医院", "機関区分": 3, "都道府県コード": 21, "市区町村コード": 421, "所在地": "岐阜県本巣郡北方町高屋太子１ー２１ー２", "緯度": 35.417674, "経度": 136.685379, "url": "https://www.iryou.teikyouseido.mhlw.go.jp/znk-web/juminkanja/S2430/initialize?prefCd=21&kikanCd=1633006085&kikanKbn=3", "url2": "http://www.motosushikaishikai.jp/kitagata/fujiwara.htm", "内容": "藤原歯科医院【3:歯科】岐阜県本巣郡北方町高屋太子１ー２１ー２" }, "geometry": { "type": "Point", "coordinates": [ 136.685379, 35.417674 ] } },
{ "type": "Feature", "properties": { "ID": 2131633006252, "正式名称": "こころ歯科医院", "機関区分": 3, "都道府県コード": 21, "市区町村コード": 302, "所在地": "岐阜県羽島郡岐南町徳田２ー２２ー１", "緯度": 35.38623, "経度": 136.776232, "url": "https://www.iryou.teikyouseido.mhlw.go.jp/znk-web/juminkanja/S2430/initialize?prefCd=21&kikanCd=1633006252&kikanKbn=3", "url2": "kokoro-shika.gifu.jp/", "内容": "こころ歯科医院【3:歯科】岐阜県羽島郡岐南町徳田２ー２２ー１" }, "geometry": { "type": "Point", "coordinates": [ 136.776232, 35.38623 ] } },
{ "type": "Feature", "properties": { "ID": 2131633006269, "正式名称": "五明歯科クリニック", "機関区分": 3, "都道府県コード": 21, "市区町村コード": 213, "所在地": "岐阜県各務原市鵜沼大伊木町２－１４５－４", "緯度": 35.387871, "経度": 136.908913, "url": "https://www.iryou.teikyouseido.mhlw.go.jp/znk-web/juminkanja/S2430/initialize?prefCd=21&kikanCd=1633006269&kikanKbn=3", "url2": null, "内容": "五明歯科クリニック【3:歯科】岐阜県各務原市鵜沼大伊木町２－１４５－４" }, "geometry": { "type": "Point", "coordinates": [ 136.908913, 35.387871 ] } },
{ "type": "Feature", "properties": { "ID": 2131633006288, "正式名称": "川島歯科医院", "機関区分": 3, "都道府県コード": 21, "市区町村コード": 213, "所在地": "岐阜県各務原市川島河田町１０２９ー４０", "緯度": 35.362921, "経度": 136.831063, "url": "https://www.iryou.teikyouseido.mhlw.go.jp/znk-web/juminkanja/S2430/initialize?prefCd=21&kikanCd=1633006288&kikanKbn=3", "url2": null, "内容": "川島歯科医院【3:歯科】岐阜県各務原市川島河田町１０２９ー４０" }, "geometry": { "type": "Point", "coordinates": [ 136.831063, 35.362921 ] } },
{ "type": "Feature", "properties": { "ID": 2131633006292, "正式名称": "医療法人Ｅｐｉｃ　歯科コーラルクリニック", "機関区分": 3, "都道府県コード": 21, "市区町村コード": 216, "所在地": "岐阜県瑞穂市本田７４９−１", "緯度": 35.409614, "経度": 136.673533, "url": "https://www.iryou.teikyouseido.mhlw.go.jp/znk-web/juminkanja/S2430/initialize?prefCd=21&kikanCd=1633006292&kikanKbn=3", "url2": "https://coral-clinic.com/", "内容": "医療法人Ｅｐｉｃ　歯科コーラルクリニック【3:歯科】岐阜県瑞穂市本田７４９−１" }, "geometry": { "type": "Point", "coordinates": [ 136.673533, 35.409614 ] } },
{ "type": "Feature", "properties": { "ID": 2131633006449, "正式名称": "苅谷歯科医院", "機関区分": 3, "都道府県コード": 21, "市区町村コード": 213, "所在地": "岐阜県各務原市小佐野町６ー６４ー１", "緯度": 35.385412, "経度": 136.832734, "url": "https://www.iryou.teikyouseido.mhlw.go.jp/znk-web/juminkanja/S2430/initialize?prefCd=21&kikanCd=1633006449&kikanKbn=3", "url2": "http://www.kakamigahara-dent.gr.jp/inaba/kariya/index.htm", "内容": "苅谷歯科医院【3:歯科】岐阜県各務原市小佐野町６ー６４ー１" }, "geometry": { "type": "Point", "coordinates": [ 136.832734, 35.385412 ] } },
{ "type": "Feature", "properties": { "ID": 2131633006450, "正式名称": "いまお歯科クリニック", "機関区分": 3, "都道府県コード": 21, "市区町村コード": 213, "所在地": "岐阜県各務原市各務おがせ町５ー１５０ー１", "緯度": 35.415711, "経度": 136.906974, "url": "https://www.iryou.teikyouseido.mhlw.go.jp/znk-web/juminkanja/S2430/initialize?prefCd=21&kikanCd=1633006450&kikanKbn=3", "url2": "imao-dc.com", "内容": "いまお歯科クリニック【3:歯科】岐阜県各務原市各務おがせ町５ー１５０ー１" }, "geometry": { "type": "Point", "coordinates": [ 136.906974, 35.415711 ] } },
{ "type": "Feature", "properties": { "ID": 2131633006491, "正式名称": "那加デンタルクリニック", "機関区分": 3, "都道府県コード": 21, "市区町村コード": 213, "所在地": "岐阜県各務原市那加野畑町１丁目１０", "緯度": 35.408013, "経度": 136.829619, "url": "https://www.iryou.teikyouseido.mhlw.go.jp/znk-web/juminkanja/S2430/initialize?prefCd=21&kikanCd=1633006491&kikanKbn=3", "url2": null, "内容": "那加デンタルクリニック【3:歯科】岐阜県各務原市那加野畑町１丁目１０" }, "geometry": { "type": "Point", "coordinates": [ 136.829619, 35.408013 ] } },
{ "type": "Feature", "properties": { "ID": 2131633006576, "正式名称": "ゆう歯科クリニック", "機関区分": 3, "都道府県コード": 21, "市区町村コード": 302, "所在地": "岐阜県羽島郡岐南町野中２ー３５", "緯度": 35.387326, "経度": 136.798841, "url": "https://www.iryou.teikyouseido.mhlw.go.jp/znk-web/juminkanja/S2430/initialize?prefCd=21&kikanCd=1633006576&kikanKbn=3", "url2": null, "内容": "ゆう歯科クリニック【3:歯科】岐阜県羽島郡岐南町野中２ー３５" }, "geometry": { "type": "Point", "coordinates": [ 136.798841, 35.387326 ] } },
{ "type": "Feature", "properties": { "ID": 2131633006590, "正式名称": "みのる歯科", "機関区分": 3, "都道府県コード": 21, "市区町村コード": 209, "所在地": "岐阜県羽島市福寿町浅平３－５２", "緯度": 35.319124, "経度": 136.692716, "url": "https://www.iryou.teikyouseido.mhlw.go.jp/znk-web/juminkanja/S2430/initialize?prefCd=21&kikanCd=1633006590&kikanKbn=3", "url2": "http://minorudc.com/index.html", "内容": "みのる歯科【3:歯科】岐阜県羽島市福寿町浅平３－５２" }, "geometry": { "type": "Point", "coordinates": [ 136.692716, 35.319124 ] } },
{ "type": "Feature", "properties": { "ID": 2131633006633, "正式名称": "まつもとデンタルクリニック", "機関区分": 3, "都道府県コード": 21, "市区町村コード": 213, "所在地": "岐阜県各務原市蘇原青雲町５ー６３ー２", "緯度": 35.408409, "経度": 136.863073, "url": "https://www.iryou.teikyouseido.mhlw.go.jp/znk-web/juminkanja/S2430/initialize?prefCd=21&kikanCd=1633006633&kikanKbn=3", "url2": "http://www.mydc.jp", "内容": "まつもとデンタルクリニック【3:歯科】岐阜県各務原市蘇原青雲町５ー６３ー２" }, "geometry": { "type": "Point", "coordinates": [ 136.863073, 35.408409 ] } },
{ "type": "Feature", "properties": { "ID": 2131633006643, "正式名称": "森デンタルクリニック", "機関区分": 3, "都道府県コード": 21, "市区町村コード": 303, "所在地": "岐阜県羽島郡笠松町田代１９０－４", "緯度": 35.363501, "経度": 136.758068, "url": "https://www.iryou.teikyouseido.mhlw.go.jp/znk-web/juminkanja/S2430/initialize?prefCd=21&kikanCd=1633006643&kikanKbn=3", "url2": null, "内容": "森デンタルクリニック【3:歯科】岐阜県羽島郡笠松町田代１９０－４" }, "geometry": { "type": "Point", "coordinates": [ 136.758068, 35.363501 ] } },
{ "type": "Feature", "properties": { "ID": 2131633007014, "正式名称": "タカダ歯科医院", "機関区分": 3, "都道府県コード": 21, "市区町村コード": 218, "所在地": "岐阜県本巣市三橋１１０１－１５０", "緯度": 35.454236, "経度": 136.675249, "url": "https://www.iryou.teikyouseido.mhlw.go.jp/znk-web/juminkanja/S2430/initialize?prefCd=21&kikanCd=1633007014&kikanKbn=3", "url2": "http://www.haisha-t.com", "内容": "タカダ歯科医院【3:歯科】岐阜県本巣市三橋１１０１－１５０" }, "geometry": { "type": "Point", "coordinates": [ 136.675249, 35.454236 ] } },
{ "type": "Feature", "properties": { "ID": 2131633007079, "正式名称": "おおはし歯科クリニック", "機関区分": 3, "都道府県コード": 21, "市区町村コード": 213, "所在地": "岐阜県各務原市蘇原野口町３ー１６", "緯度": 35.412623, "経度": 136.868178, "url": "https://www.iryou.teikyouseido.mhlw.go.jp/znk-web/juminkanja/S2430/initialize?prefCd=21&kikanCd=1633007079&kikanKbn=3", "url2": "http://www.ohashi-shika.com/", "内容": "おおはし歯科クリニック【3:歯科】岐阜県各務原市蘇原野口町３ー１６" }, "geometry": { "type": "Point", "coordinates": [ 136.868178, 35.412623 ] } },
{ "type": "Feature", "properties": { "ID": 2131633007300, "正式名称": "はる歯科クリニック", "機関区分": 3, "都道府県コード": 21, "市区町村コード": 302, "所在地": "岐阜県羽島郡岐南町みやまち１－４８", "緯度": 35.395747, "経度": 136.773097, "url": "https://www.iryou.teikyouseido.mhlw.go.jp/znk-web/juminkanja/S2430/initialize?prefCd=21&kikanCd=1633007300&kikanKbn=3", "url2": null, "内容": "はる歯科クリニック【3:歯科】岐阜県羽島郡岐南町みやまち１－４８" }, "geometry": { "type": "Point", "coordinates": [ 136.773097, 35.395747 ] } },
{ "type": "Feature", "properties": { "ID": 2131633007341, "正式名称": "医療法人社団　久遠会　くおん歯科医院", "機関区分": 3, "都道府県コード": 21, "市区町村コード": 213, "所在地": "岐阜県各務原市那加野畑町１丁目１３２番地", "緯度": 35.407254, "経度": 136.833113, "url": "https://www.iryou.teikyouseido.mhlw.go.jp/znk-web/juminkanja/S2430/initialize?prefCd=21&kikanCd=1633007341&kikanKbn=3", "url2": "http://www.kuon-dent.jp/", "内容": "医療法人社団　久遠会　くおん歯科医院【3:歯科】岐阜県各務原市那加野畑町１丁目１３２番地" }, "geometry": { "type": "Point", "coordinates": [ 136.833113, 35.407254 ] } },
{ "type": "Feature", "properties": { "ID": 2131633007343, "正式名称": "うしきデンタルクリニック", "機関区分": 3, "都道府県コード": 21, "市区町村コード": 216, "所在地": "岐阜県瑞穂市牛牧１０６４－１", "緯度": 35.382239, "経度": 136.668403, "url": "https://www.iryou.teikyouseido.mhlw.go.jp/znk-web/juminkanja/S2430/initialize?prefCd=21&kikanCd=1633007343&kikanKbn=3", "url2": "http://www.ushikidental.com", "内容": "うしきデンタルクリニック【3:歯科】岐阜県瑞穂市牛牧１０６４－１" }, "geometry": { "type": "Point", "coordinates": [ 136.668403, 35.382239 ] } },
{ "type": "Feature", "properties": { "ID": 2131633007389, "正式名称": "いちょう通り歯科　こども歯科", "機関区分": 3, "都道府県コード": 21, "市区町村コード": 213, "所在地": "岐阜県各務原市蘇原瑞雲町４丁目１３", "緯度": 35.407663, "経度": 136.870716, "url": "https://www.iryou.teikyouseido.mhlw.go.jp/znk-web/juminkanja/S2430/initialize?prefCd=21&kikanCd=1633007389&kikanKbn=3", "url2": "http://ichodori-dc.com", "内容": "いちょう通り歯科　こども歯科【3:歯科】岐阜県各務原市蘇原瑞雲町４丁目１３" }, "geometry": { "type": "Point", "coordinates": [ 136.870716, 35.407663 ] } },
{ "type": "Feature", "properties": { "ID": 2131633007631, "正式名称": "丸の内歯科医院", "機関区分": 3, "都道府県コード": 21, "市区町村コード": 209, "所在地": "岐阜県羽島市竹鼻町丸の内１ー５", "緯度": 35.324237, "経度": 136.695535, "url": "https://www.iryou.teikyouseido.mhlw.go.jp/znk-web/juminkanja/S2430/initialize?prefCd=21&kikanCd=1633007631&kikanKbn=3", "url2": "http://www.marunouchi-d-c.com", "内容": "丸の内歯科医院【3:歯科】岐阜県羽島市竹鼻町丸の内１ー５" }, "geometry": { "type": "Point", "coordinates": [ 136.695535, 35.324237 ] } },
{ "type": "Feature", "properties": { "ID": 2131633007910, "正式名称": "ＥＡＲＴＨ　ＤＥＮＴＡＬ　ＣＬＩＮＩＣ", "機関区分": 3, "都道府県コード": 21, "市区町村コード": 421, "所在地": "岐阜県本巣郡北方町曲路東１丁目１０７番地", "緯度": 35.431201, "経度": 136.697701, "url": "https://www.iryou.teikyouseido.mhlw.go.jp/znk-web/juminkanja/S2430/initialize?prefCd=21&kikanCd=1633007910&kikanKbn=3", "url2": "http//www.earth-dc.net/", "内容": "ＥＡＲＴＨ　ＤＥＮＴＡＬ　ＣＬＩＮＩＣ【3:歯科】岐阜県本巣郡北方町曲路東１丁目１０７番地" }, "geometry": { "type": "Point", "coordinates": [ 136.697701, 35.431201 ] } },
{ "type": "Feature", "properties": { "ID": 2131633007911, "正式名称": "むかい矯正歯科", "機関区分": 3, "都道府県コード": 21, "市区町村コード": 209, "所在地": "岐阜県羽島市竹鼻町丸の内９丁目６３番地", "緯度": 35.326888, "経度": 136.695407, "url": "https://www.iryou.teikyouseido.mhlw.go.jp/znk-web/juminkanja/S2430/initialize?prefCd=21&kikanCd=1633007911&kikanKbn=3", "url2": "www.mukai-ortho.com", "内容": "むかい矯正歯科【3:歯科】岐阜県羽島市竹鼻町丸の内９丁目６３番地" }, "geometry": { "type": "Point", "coordinates": [ 136.695407, 35.326888 ] } },
{ "type": "Feature", "properties": { "ID": 2131633008046, "正式名称": "五明歯科クリニック", "機関区分": 3, "都道府県コード": 21, "市区町村コード": 421, "所在地": "岐阜県本巣郡北方町平成３丁目５４番地", "緯度": 35.431034, "経度": 136.681787, "url": "https://www.iryou.teikyouseido.mhlw.go.jp/znk-web/juminkanja/S2430/initialize?prefCd=21&kikanCd=1633008046&kikanKbn=3", "url2": "http://gomyo-t-dent.com/", "内容": "五明歯科クリニック【3:歯科】岐阜県本巣郡北方町平成３丁目５４番地" }, "geometry": { "type": "Point", "coordinates": [ 136.681787, 35.431034 ] } },
{ "type": "Feature", "properties": { "ID": 2131633008167, "正式名称": "アストロデンタルクリニック・アストロキッズ", "機関区分": 3, "都道府県コード": 21, "市区町村コード": 213, "所在地": "岐阜県各務原市那加萱場町３丁目８番地イオンモール各務原３Ｆ", "緯度": 35.392288, "経度": 136.821662, "url": "https://www.iryou.teikyouseido.mhlw.go.jp/znk-web/juminkanja/S2430/initialize?prefCd=21&kikanCd=1633008167&kikanKbn=3", "url2": "https://astro-dc.com/astro-kids/", "内容": "アストロデンタルクリニック・アストロキッズ【3:歯科】岐阜県各務原市那加萱場町３丁目８番地イオンモール各務原３Ｆ" }, "geometry": { "type": "Point", "coordinates": [ 136.821662, 35.392288 ] } },
{ "type": "Feature", "properties": { "ID": 2131633008231, "正式名称": "札場歯科医院", "機関区分": 3, "都道府県コード": 21, "市区町村コード": 209, "所在地": "岐阜県羽島市正木町不破一色３０３番地２", "緯度": 35.331975, "経度": 136.723277, "url": "https://www.iryou.teikyouseido.mhlw.go.jp/znk-web/juminkanja/S2430/initialize?prefCd=21&kikanCd=1633008231&kikanKbn=3", "url2": null, "内容": "札場歯科医院【3:歯科】岐阜県羽島市正木町不破一色３０３番地２" }, "geometry": { "type": "Point", "coordinates": [ 136.723277, 35.331975 ] } },
{ "type": "Feature", "properties": { "ID": 2131633008252, "正式名称": "西森歯科クリニック", "機関区分": 3, "都道府県コード": 21, "市区町村コード": 215, "所在地": "岐阜県山県市高富２３８８番地５", "緯度": 35.503738, "経度": 136.788082, "url": "https://www.iryou.teikyouseido.mhlw.go.jp/znk-web/juminkanja/S2430/initialize?prefCd=21&kikanCd=1633008252&kikanKbn=3", "url2": "http://www.ccn.aitai.ne.jp/~nishimori-shika/", "内容": "西森歯科クリニック【3:歯科】岐阜県山県市高富２３８８番地５" }, "geometry": { "type": "Point", "coordinates": [ 136.788082, 35.503738 ] } },
{ "type": "Feature", "properties": { "ID": 2131633008313, "正式名称": "かんばら歯科医院", "機関区分": 3, "都道府県コード": 21, "市区町村コード": 209, "所在地": "岐阜県羽島市福寿町本郷３５８ー２", "緯度": 35.325495, "経度": 136.687436, "url": "https://www.iryou.teikyouseido.mhlw.go.jp/znk-web/juminkanja/S2430/initialize?prefCd=21&kikanCd=1633008313&kikanKbn=3", "url2": null, "内容": "かんばら歯科医院【3:歯科】岐阜県羽島市福寿町本郷３５８ー２" }, "geometry": { "type": "Point", "coordinates": [ 136.687436, 35.325495 ] } },
{ "type": "Feature", "properties": { "ID": 2131633008328, "正式名称": "川端歯科・矯正歯科医院", "機関区分": 3, "都道府県コード": 21, "市区町村コード": 216, "所在地": "岐阜県瑞穂市馬場小城町二丁目８番地１", "緯度": 35.410266, "経度": 136.692587, "url": "https://www.iryou.teikyouseido.mhlw.go.jp/znk-web/juminkanja/S2430/initialize?prefCd=21&kikanCd=1633008328&kikanKbn=3", "url2": "http://www.kawabatasika.com", "内容": "川端歯科・矯正歯科医院【3:歯科】岐阜県瑞穂市馬場小城町二丁目８番地１" }, "geometry": { "type": "Point", "coordinates": [ 136.692587, 35.410266 ] } },
{ "type": "Feature", "properties": { "ID": 2131633008351, "正式名称": "おがわ歯科クリニック", "機関区分": 3, "都道府県コード": 21, "市区町村コード": 302, "所在地": "岐阜県羽島郡岐南町徳田４－２３－１", "緯度": 35.382769, "経度": 136.773631, "url": "https://www.iryou.teikyouseido.mhlw.go.jp/znk-web/juminkanja/S2430/initialize?prefCd=21&kikanCd=1633008351&kikanKbn=3", "url2": "ogawa-dc.com", "内容": "おがわ歯科クリニック【3:歯科】岐阜県羽島郡岐南町徳田４－２３－１" }, "geometry": { "type": "Point", "coordinates": [ 136.773631, 35.382769 ] } },
{ "type": "Feature", "properties": { "ID": 2131633008386, "正式名称": "いわさ歯科", "機関区分": 3, "都道府県コード": 21, "市区町村コード": 209, "所在地": "岐阜県羽島市正木町坂丸２－１２２", "緯度": 35.332145, "経度": 136.732156, "url": "https://www.iryou.teikyouseido.mhlw.go.jp/znk-web/juminkanja/S2430/initialize?prefCd=21&kikanCd=1633008386&kikanKbn=3", "url2": "https://www.iwasadc.com", "内容": "いわさ歯科【3:歯科】岐阜県羽島市正木町坂丸２－１２２" }, "geometry": { "type": "Point", "coordinates": [ 136.732156, 35.332145 ] } },
{ "type": "Feature", "properties": { "ID": 2131633008397, "正式名称": "ほづみアドバンス歯科", "機関区分": 3, "都道府県コード": 21, "市区町村コード": 216, "所在地": "岐阜県瑞穂市馬場上光町", "緯度": 35.411303, "経度": 136.685625, "url": "https://www.iryou.teikyouseido.mhlw.go.jp/znk-web/juminkanja/S2430/initialize?prefCd=21&kikanCd=1633008397&kikanKbn=3", "url2": "http://www.h-advanceshika.ne.jp", "内容": "ほづみアドバンス歯科【3:歯科】岐阜県瑞穂市馬場上光町" }, "geometry": { "type": "Point", "coordinates": [ 136.685625, 35.411303 ] } },
{ "type": "Feature", "properties": { "ID": 2131633008444, "正式名称": "れあ歯科クリニック　矯正歯科小児歯科", "機関区分": 3, "都道府県コード": 21, "市区町村コード": 216, "所在地": "岐阜県瑞穂市十九条３３５ー１", "緯度": 35.39497, "経度": 136.668254, "url": "https://www.iryou.teikyouseido.mhlw.go.jp/znk-web/juminkanja/S2430/initialize?prefCd=21&kikanCd=1633008444&kikanKbn=3", "url2": "http://lea-dc.jp", "内容": "れあ歯科クリニック　矯正歯科小児歯科【3:歯科】岐阜県瑞穂市十九条３３５ー１" }, "geometry": { "type": "Point", "coordinates": [ 136.668254, 35.39497 ] } },
{ "type": "Feature", "properties": { "ID": 2131633008457, "正式名称": "カミング歯科", "機関区分": 3, "都道府県コード": 21, "市区町村コード": 213, "所在地": "岐阜県各務原市那加新加納町２０７６ー１ー２", "緯度": 35.39584, "経度": 136.821977, "url": "https://www.iryou.teikyouseido.mhlw.go.jp/znk-web/juminkanja/S2430/initialize?prefCd=21&kikanCd=1633008457&kikanKbn=3", "url2": null, "内容": "カミング歯科【3:歯科】岐阜県各務原市那加新加納町２０７６ー１ー２" }, "geometry": { "type": "Point", "coordinates": [ 136.821977, 35.39584 ] } },
{ "type": "Feature", "properties": { "ID": 2131633008458, "正式名称": "歯のクリニックＺＥＲＯ", "機関区分": 3, "都道府県コード": 21, "市区町村コード": 213, "所在地": "岐阜県各務原市鵜沼各務原町五丁目１５３番地１", "緯度": 35.400731, "経度": 136.911087, "url": "https://www.iryou.teikyouseido.mhlw.go.jp/znk-web/juminkanja/S2430/initialize?prefCd=21&kikanCd=1633008458&kikanKbn=3", "url2": "http://www.hanoclinic.jp", "内容": "歯のクリニックＺＥＲＯ【3:歯科】岐阜県各務原市鵜沼各務原町五丁目１５３番地１" }, "geometry": { "type": "Point", "coordinates": [ 136.911087, 35.400731 ] } },
{ "type": "Feature", "properties": { "ID": 2131633008483, "正式名称": "七星歯科医院", "機関区分": 3, "都道府県コード": 21, "市区町村コード": 421, "所在地": "岐阜県本巣郡北方町高屋条理２丁目６９番", "緯度": 35.419702, "経度": 136.684417, "url": "https://www.iryou.teikyouseido.mhlw.go.jp/znk-web/juminkanja/S2430/initialize?prefCd=21&kikanCd=1633008483&kikanKbn=3", "url2": "http://www.nanabosi.jp", "内容": "七星歯科医院【3:歯科】岐阜県本巣郡北方町高屋条理２丁目６９番" }, "geometry": { "type": "Point", "coordinates": [ 136.684417, 35.419702 ] } },
{ "type": "Feature", "properties": { "ID": 2131633008502, "正式名称": "くのう歯科医院", "機関区分": 3, "都道府県コード": 21, "市区町村コード": 303, "所在地": "岐阜県羽島郡笠松町上本町３０", "緯度": 35.366901, "経度": 136.762357, "url": "https://www.iryou.teikyouseido.mhlw.go.jp/znk-web/juminkanja/S2430/initialize?prefCd=21&kikanCd=1633008502&kikanKbn=3", "url2": "https://kunou-dental.jp", "内容": "くのう歯科医院【3:歯科】岐阜県羽島郡笠松町上本町３０" }, "geometry": { "type": "Point", "coordinates": [ 136.762357, 35.366901 ] } },
{ "type": "Feature", "properties": { "ID": 2131633008509, "正式名称": "たなけん歯科", "機関区分": 3, "都道府県コード": 21, "市区町村コード": 209, "所在地": "岐阜県羽島市江吉良町１１３６－１", "緯度": 35.310172, "経度": 136.708232, "url": "https://www.iryou.teikyouseido.mhlw.go.jp/znk-web/juminkanja/S2430/initialize?prefCd=21&kikanCd=1633008509&kikanKbn=3", "url2": "http://tanakendc.wixsite.com/tanaken-dc", "内容": "たなけん歯科【3:歯科】岐阜県羽島市江吉良町１１３６－１" }, "geometry": { "type": "Point", "coordinates": [ 136.708232, 35.310172 ] } },
{ "type": "Feature", "properties": { "ID": 2131633008527, "正式名称": "小島歯科医院", "機関区分": 3, "都道府県コード": 21, "市区町村コード": 303, "所在地": "岐阜県羽島郡笠松町奈良町６", "緯度": 35.373423, "経度": 136.763965, "url": "https://www.iryou.teikyouseido.mhlw.go.jp/znk-web/juminkanja/S2430/initialize?prefCd=21&kikanCd=1633008527&kikanKbn=3", "url2": "https://www.kojima-dental.info/", "内容": "小島歯科医院【3:歯科】岐阜県羽島郡笠松町奈良町６" }, "geometry": { "type": "Point", "coordinates": [ 136.763965, 35.373423 ] } },
{ "type": "Feature", "properties": { "ID": 2131633008553, "正式名称": "浅野歯科", "機関区分": 3, "都道府県コード": 21, "市区町村コード": 209, "所在地": "岐阜県羽島市竹鼻町日吉１２３", "緯度": 35.319334, "経度": 136.698871, "url": "https://www.iryou.teikyouseido.mhlw.go.jp/znk-web/juminkanja/S2430/initialize?prefCd=21&kikanCd=1633008553&kikanKbn=3", "url2": null, "内容": "浅野歯科【3:歯科】岐阜県羽島市竹鼻町日吉１２３" }, "geometry": { "type": "Point", "coordinates": [ 136.698871, 35.319334 ] } },
{ "type": "Feature", "properties": { "ID": 2131633008636, "正式名称": "よこやま歯科医院", "機関区分": 3, "都道府県コード": 21, "市区町村コード": 218, "所在地": "岐阜県本巣市文殊８７７－５", "緯度": 35.484959, "経度": 136.678819, "url": "https://www.iryou.teikyouseido.mhlw.go.jp/znk-web/juminkanja/S2430/initialize?prefCd=21&kikanCd=1633008636&kikanKbn=3", "url2": null, "内容": "よこやま歯科医院【3:歯科】岐阜県本巣市文殊８７７－５" }, "geometry": { "type": "Point", "coordinates": [ 136.678819, 35.484959 ] } },
{ "type": "Feature", "properties": { "ID": 2131633008703, "正式名称": "かねみつ歯科", "機関区分": 3, "都道府県コード": 21, "市区町村コード": 213, "所在地": "岐阜県各務原市蘇原瑞穂町２丁目３５−１", "緯度": 35.412654, "経度": 136.846154, "url": "https://www.iryou.teikyouseido.mhlw.go.jp/znk-web/juminkanja/S2430/initialize?prefCd=21&kikanCd=1633008703&kikanKbn=3", "url2": "kanemitsu-shika.com", "内容": "かねみつ歯科【3:歯科】岐阜県各務原市蘇原瑞穂町２丁目３５−１" }, "geometry": { "type": "Point", "coordinates": [ 136.846154, 35.412654 ] } },
{ "type": "Feature", "properties": { "ID": 2131633008726, "正式名称": "さかえ歯科クリニック", "機関区分": 3, "都道府県コード": 21, "市区町村コード": 302, "所在地": "岐阜県羽島郡岐南町伏屋４－６３－１", "緯度": 35.384892, "経度": 136.789973, "url": "https://www.iryou.teikyouseido.mhlw.go.jp/znk-web/juminkanja/S2430/initialize?prefCd=21&kikanCd=1633008726&kikanKbn=3", "url2": "sakae-dental.com", "内容": "さかえ歯科クリニック【3:歯科】岐阜県羽島郡岐南町伏屋４－６３－１" }, "geometry": { "type": "Point", "coordinates": [ 136.789973, 35.384892 ] } },
{ "type": "Feature", "properties": { "ID": 2131633008846, "正式名称": "ごしま歯科", "機関区分": 3, "都道府県コード": 21, "市区町村コード": 213, "所在地": "岐阜県各務原市鵜沼各務原町６－９－１", "緯度": 35.399766, "経度": 136.907269, "url": "https://www.iryou.teikyouseido.mhlw.go.jp/znk-web/juminkanja/S2430/initialize?prefCd=21&kikanCd=1633008846&kikanKbn=3", "url2": "http://www.goshimadc.com/", "内容": "ごしま歯科【3:歯科】岐阜県各務原市鵜沼各務原町６－９－１" }, "geometry": { "type": "Point", "coordinates": [ 136.907269, 35.399766 ] } },
{ "type": "Feature", "properties": { "ID": 2131633008864, "正式名称": "ごとう歯科", "機関区分": 3, "都道府県コード": 21, "市区町村コード": 303, "所在地": "岐阜県羽島郡笠松町田代８１５", "緯度": 35.362235, "経度": 136.752417, "url": "https://www.iryou.teikyouseido.mhlw.go.jp/znk-web/juminkanja/S2430/initialize?prefCd=21&kikanCd=1633008864&kikanKbn=3", "url2": null, "内容": "ごとう歯科【3:歯科】岐阜県羽島郡笠松町田代８１５" }, "geometry": { "type": "Point", "coordinates": [ 136.752417, 35.362235 ] } },
{ "type": "Feature", "properties": { "ID": 2131633008911, "正式名称": "吉田歯科医院", "機関区分": 3, "都道府県コード": 21, "市区町村コード": 209, "所在地": "岐阜県羽島市舟橋町８丁目５", "緯度": 35.314191, "経度": 136.68936, "url": "https://www.iryou.teikyouseido.mhlw.go.jp/znk-web/juminkanja/S2430/initialize?prefCd=21&kikanCd=1633008911&kikanKbn=3", "url2": "http://www.yoshidashikaiin.net", "内容": "吉田歯科医院【3:歯科】岐阜県羽島市舟橋町８丁目５" }, "geometry": { "type": "Point", "coordinates": [ 136.68936, 35.314191 ] } },
{ "type": "Feature", "properties": { "ID": 2131633008963, "正式名称": "げんデンタルオフィス", "機関区分": 3, "都道府県コード": 21, "市区町村コード": 421, "所在地": "岐阜県本巣郡北方町高屋清流５ー１６", "緯度": 35.419702, "経度": 136.684417, "url": "https://www.iryou.teikyouseido.mhlw.go.jp/znk-web/juminkanja/S2430/initialize?prefCd=21&kikanCd=1633008963&kikanKbn=3", "url2": null, "内容": "げんデンタルオフィス【3:歯科】岐阜県本巣郡北方町高屋清流５ー１６" }, "geometry": { "type": "Point", "coordinates": [ 136.684417, 35.419702 ] } },
{ "type": "Feature", "properties": { "ID": 2131633009002, "正式名称": "ミュウデンタルクリニック", "機関区分": 3, "都道府県コード": 21, "市区町村コード": 218, "所在地": "岐阜県本巣市政田竹後８０１番８", "緯度": 35.434176, "経度": 136.647081, "url": "https://www.iryou.teikyouseido.mhlw.go.jp/znk-web/juminkanja/S2430/initialize?prefCd=21&kikanCd=1633009002&kikanKbn=3", "url2": "http://www.motosushikaishikai.jp/motosu/myu.htm", "内容": "ミュウデンタルクリニック【3:歯科】岐阜県本巣市政田竹後８０１番８" }, "geometry": { "type": "Point", "coordinates": [ 136.647081, 35.434176 ] } },
{ "type": "Feature", "properties": { "ID": 2131633009017, "正式名称": "ついき歯科", "機関区分": 3, "都道府県コード": 21, "市区町村コード": 209, "所在地": "岐阜県羽島市正木町大浦２９９２", "緯度": 35.323297, "経度": 136.730415, "url": "https://www.iryou.teikyouseido.mhlw.go.jp/znk-web/juminkanja/S2430/initialize?prefCd=21&kikanCd=1633009017&kikanKbn=3", "url2": "http://tsuiki-dental.jp/", "内容": "ついき歯科【3:歯科】岐阜県羽島市正木町大浦２９９２" }, "geometry": { "type": "Point", "coordinates": [ 136.730415, 35.323297 ] } },
{ "type": "Feature", "properties": { "ID": 2131633009018, "正式名称": "こばファミリー歯科クリニック", "機関区分": 3, "都道府県コード": 21, "市区町村コード": 213, "所在地": "岐阜県各務原市那加緑町２丁目１７番地", "緯度": 35.391472, "経度": 136.819474, "url": "https://www.iryou.teikyouseido.mhlw.go.jp/znk-web/juminkanja/S2430/initialize?prefCd=21&kikanCd=1633009018&kikanKbn=3", "url2": "http://koba-dental.com", "内容": "こばファミリー歯科クリニック【3:歯科】岐阜県各務原市那加緑町２丁目１７番地" }, "geometry": { "type": "Point", "coordinates": [ 136.819474, 35.391472 ] } },
{ "type": "Feature", "properties": { "ID": 2131633009050, "正式名称": "のぞみ歯科クリニック", "機関区分": 3, "都道府県コード": 21, "市区町村コード": 421, "所在地": "岐阜県本巣郡北方町栄町３丁目８－５", "緯度": 35.441338, "経度": 136.688323, "url": "https://www.iryou.teikyouseido.mhlw.go.jp/znk-web/juminkanja/S2430/initialize?prefCd=21&kikanCd=1633009050&kikanKbn=3", "url2": "http//www.nozomi-dc.lom", "内容": "のぞみ歯科クリニック【3:歯科】岐阜県本巣郡北方町栄町３丁目８－５" }, "geometry": { "type": "Point", "coordinates": [ 136.688323, 35.441338 ] } },
{ "type": "Feature", "properties": { "ID": 2131633009094, "正式名称": "ぎふデンタルフォレストアライブ", "機関区分": 3, "都道府県コード": 21, "市区町村コード": 303, "所在地": "岐阜県羽島郡笠松町長池３５２－１", "緯度": 35.35376, "経度": 136.751688, "url": "https://www.iryou.teikyouseido.mhlw.go.jp/znk-web/juminkanja/S2430/initialize?prefCd=21&kikanCd=1633009094&kikanKbn=3", "url2": null, "内容": "ぎふデンタルフォレストアライブ【3:歯科】岐阜県羽島郡笠松町長池３５２－１" }, "geometry": { "type": "Point", "coordinates": [ 136.751688, 35.35376 ] } },
{ "type": "Feature", "properties": { "ID": 2131633009366, "正式名称": "かさはら矯正歯科", "機関区分": 3, "都道府県コード": 21, "市区町村コード": 213, "所在地": "岐阜県各務原市那加石山町", "緯度": 35.406823, "経度": 136.827866, "url": "https://www.iryou.teikyouseido.mhlw.go.jp/znk-web/juminkanja/S2430/initialize?prefCd=21&kikanCd=1633009366&kikanKbn=3", "url2": "kasahara-kyousei.com", "内容": "かさはら矯正歯科【3:歯科】岐阜県各務原市那加石山町" }, "geometry": { "type": "Point", "coordinates": [ 136.827866, 35.406823 ] } },
{ "type": "Feature", "properties": { "ID": 2131633009397, "正式名称": "わかば歯科クリニック", "機関区分": 3, "都道府県コード": 21, "市区町村コード": 213, "所在地": "岐阜県各務原市蘇原青雲町３丁目４－３", "緯度": 35.412645, "経度": 136.862248, "url": "https://www.iryou.teikyouseido.mhlw.go.jp/znk-web/juminkanja/S2430/initialize?prefCd=21&kikanCd=1633009397&kikanKbn=3", "url2": "https://www.wakaba-shika.com", "内容": "わかば歯科クリニック【3:歯科】岐阜県各務原市蘇原青雲町３丁目４－３" }, "geometry": { "type": "Point", "coordinates": [ 136.862248, 35.412645 ] } },
{ "type": "Feature", "properties": { "ID": 2131633009551, "正式名称": "こんのでんたるＶＩＬＬＡＧＥ", "機関区分": 3, "都道府県コード": 21, "市区町村コード": 213, "所在地": "岐阜県各務原市那加門前町４丁目２３ー７", "緯度": 35.401016, "経度": 136.844292, "url": "https://www.iryou.teikyouseido.mhlw.go.jp/znk-web/juminkanja/S2430/initialize?prefCd=21&kikanCd=1633009551&kikanKbn=3", "url2": "https://Konnodentalvillage.jp/", "内容": "こんのでんたるＶＩＬＬＡＧＥ【3:歯科】岐阜県各務原市那加門前町４丁目２３ー７" }, "geometry": { "type": "Point", "coordinates": [ 136.844292, 35.401016 ] } },
{ "type": "Feature", "properties": { "ID": 2131633009557, "正式名称": "秋田歯科医院", "機関区分": 3, "都道府県コード": 21, "市区町村コード": 302, "所在地": "岐阜県羽島郡岐南町三宅２丁目１１９", "緯度": 35.394821, "経度": 136.791633, "url": "https://www.iryou.teikyouseido.mhlw.go.jp/znk-web/juminkanja/S2430/initialize?prefCd=21&kikanCd=1633009557&kikanKbn=3", "url2": null, "内容": "秋田歯科医院【3:歯科】岐阜県羽島郡岐南町三宅２丁目１１９" }, "geometry": { "type": "Point", "coordinates": [ 136.791633, 35.394821 ] } },
{ "type": "Feature", "properties": { "ID": 2131633009563, "正式名称": "医療法人社団　雪嶺会　かわい歯科クリニック", "機関区分": 3, "都道府県コード": 21, "市区町村コード": 209, "所在地": "岐阜県羽島市竹鼻町狐穴１１２３番地", "緯度": 35.320291, "経度": 136.714367, "url": "https://www.iryou.teikyouseido.mhlw.go.jp/znk-web/juminkanja/S2430/initialize?prefCd=21&kikanCd=1633009563&kikanKbn=3", "url2": "https://kawai-dental-clinic.gif.jp", "内容": "医療法人社団　雪嶺会　かわい歯科クリニック【3:歯科】岐阜県羽島市竹鼻町狐穴１１２３番地" }, "geometry": { "type": "Point", "coordinates": [ 136.714367, 35.320291 ] } },
{ "type": "Feature", "properties": { "ID": 2131633009574, "正式名称": "なる歯科クリニック", "機関区分": 3, "都道府県コード": 21, "市区町村コード": 302, "所在地": "岐阜県羽島郡岐南町三宅８－１３７　メディカルスクエア内Ｂ区画", "緯度": 35.389088, "経度": 136.800481, "url": "https://www.iryou.teikyouseido.mhlw.go.jp/znk-web/juminkanja/S2430/initialize?prefCd=21&kikanCd=1633009574&kikanKbn=3", "url2": "https://7dental.jp", "内容": "なる歯科クリニック【3:歯科】岐阜県羽島郡岐南町三宅８－１３７　メディカルスクエア内Ｂ区画" }, "geometry": { "type": "Point", "coordinates": [ 136.800481, 35.389088 ] } },
{ "type": "Feature", "properties": { "ID": 2131633009610, "正式名称": "たけはな歯科", "機関区分": 3, "都道府県コード": 21, "市区町村コード": 209, "所在地": "岐阜県羽島市竹鼻町狐穴１６１７番地１", "緯度": 35.319525, "経度": 136.70601, "url": "https://www.iryou.teikyouseido.mhlw.go.jp/znk-web/juminkanja/S2430/initialize?prefCd=21&kikanCd=1633009610&kikanKbn=3", "url2": "https://www.takehana-dc.jp/", "内容": "たけはな歯科【3:歯科】岐阜県羽島市竹鼻町狐穴１６１７番地１" }, "geometry": { "type": "Point", "coordinates": [ 136.70601, 35.319525 ] } },
{ "type": "Feature", "properties": { "ID": 2131633009750, "正式名称": "おおぞのデンタルクリニック", "機関区分": 3, "都道府県コード": 21, "市区町村コード": 213, "所在地": "岐阜県各務原市鵜沼南町７丁目１８０番１", "緯度": 35.395362, "経度": 136.945603, "url": "https://www.iryou.teikyouseido.mhlw.go.jp/znk-web/juminkanja/S2430/initialize?prefCd=21&kikanCd=1633009750&kikanKbn=3", "url2": "https://www.oozono-dc.jp/", "内容": "おおぞのデンタルクリニック【3:歯科】岐阜県各務原市鵜沼南町７丁目１８０番１" }, "geometry": { "type": "Point", "coordinates": [ 136.945603, 35.395362 ] } },
{ "type": "Feature", "properties": { "ID": 2131633009789, "正式名称": "立松歯科医院", "機関区分": 3, "都道府県コード": 21, "市区町村コード": 303, "所在地": "岐阜県羽島郡笠松町門間　１３５番１", "緯度": 35.354815, "経度": 136.736874, "url": "https://www.iryou.teikyouseido.mhlw.go.jp/znk-web/juminkanja/S2430/initialize?prefCd=21&kikanCd=1633009789&kikanKbn=3", "url2": "https://www.tatematsu-dc.com", "内容": "立松歯科医院【3:歯科】岐阜県羽島郡笠松町門間　１３５番１" }, "geometry": { "type": "Point", "coordinates": [ 136.736874, 35.354815 ] } },
{ "type": "Feature", "properties": { "ID": 2131633009850, "正式名称": "いそざき歯科・矯正歯科", "機関区分": 3, "都道府県コード": 21, "市区町村コード": 216, "所在地": "岐阜県瑞穂市穂積１３－３", "緯度": 35.391138, "経度": 136.696663, "url": "https://www.iryou.teikyouseido.mhlw.go.jp/znk-web/juminkanja/S2430/initialize?prefCd=21&kikanCd=1633009850&kikanKbn=3", "url2": "https//www.isozaki-dc.com", "内容": "いそざき歯科・矯正歯科【3:歯科】岐阜県瑞穂市穂積１３－３" }, "geometry": { "type": "Point", "coordinates": [ 136.696663, 35.391138 ] } },
{ "type": "Feature", "properties": { "ID": 2131633009870, "正式名称": "もとす・ファミリー歯科", "機関区分": 3, "都道府県コード": 21, "市区町村コード": 218, "所在地": "岐阜県本巣市政田１５００−２", "緯度": 35.428807, "経度": 136.647131, "url": "https://www.iryou.teikyouseido.mhlw.go.jp/znk-web/juminkanja/S2430/initialize?prefCd=21&kikanCd=1633009870&kikanKbn=3", "url2": "motosu-family-dc.com", "内容": "もとす・ファミリー歯科【3:歯科】岐阜県本巣市政田１５００−２" }, "geometry": { "type": "Point", "coordinates": [ 136.647131, 35.428807 ] } },
{ "type": "Feature", "properties": { "ID": 2131633009891, "正式名称": "くぼ歯科医院", "機関区分": 3, "都道府県コード": 21, "市区町村コード": 421, "所在地": "岐阜県本巣郡北方町高屋条里３丁目９５番地", "緯度": 35.414344, "経度": 136.688034, "url": "https://www.iryou.teikyouseido.mhlw.go.jp/znk-web/juminkanja/S2430/initialize?prefCd=21&kikanCd=1633009891&kikanKbn=3", "url2": "https://www.dc-kubo.com/", "内容": "くぼ歯科医院【3:歯科】岐阜県本巣郡北方町高屋条里３丁目９５番地" }, "geometry": { "type": "Point", "coordinates": [ 136.688034, 35.414344 ] } },
{ "type": "Feature", "properties": { "ID": 2131633009921, "正式名称": "加藤歯科医院", "機関区分": 3, "都道府県コード": 21, "市区町村コード": 213, "所在地": "岐阜県各務原市那加東那加町７", "緯度": 35.397922, "経度": 136.836846, "url": "https://www.iryou.teikyouseido.mhlw.go.jp/znk-web/juminkanja/S2430/initialize?prefCd=21&kikanCd=1633009921&kikanKbn=3", "url2": "https://www.katou-dc.info", "内容": "加藤歯科医院【3:歯科】岐阜県各務原市那加東那加町７" }, "geometry": { "type": "Point", "coordinates": [ 136.836846, 35.397922 ] } },
{ "type": "Feature", "properties": { "ID": 2131633010057, "正式名称": "くみ歯科クリニック", "機関区分": 3, "都道府県コード": 21, "市区町村コード": 303, "所在地": "岐阜県羽島郡笠松町北及１７８０－１", "緯度": 35.354653, "経度": 136.745165, "url": "https://www.iryou.teikyouseido.mhlw.go.jp/znk-web/juminkanja/S2430/initialize?prefCd=21&kikanCd=1633010057&kikanKbn=3", "url2": "https://kumidental.jp", "内容": "くみ歯科クリニック【3:歯科】岐阜県羽島郡笠松町北及１７８０－１" }, "geometry": { "type": "Point", "coordinates": [ 136.745165, 35.354653 ] } },
{ "type": "Feature", "properties": { "ID": 2131633010079, "正式名称": "ケンデンタルクリニック岐阜モレラ院", "機関区分": 3, "都道府県コード": 21, "市区町村コード": 218, "所在地": "岐阜県本巣市三橋１１１０モレラ岐阜１階", "緯度": 35.456956, "経度": 136.671947, "url": "https://www.iryou.teikyouseido.mhlw.go.jp/znk-web/juminkanja/S2430/initialize?prefCd=21&kikanCd=1633010079&kikanKbn=3", "url2": "https://ken-dental-clinic.com/clinic/malera-gifu/", "内容": "ケンデンタルクリニック岐阜モレラ院【3:歯科】岐阜県本巣市三橋１１１０モレラ岐阜１階" }, "geometry": { "type": "Point", "coordinates": [ 136.671947, 35.456956 ] } },
{ "type": "Feature", "properties": { "ID": 2131643002569, "正式名称": "北村歯科医院", "機関区分": 3, "都道府県コード": 21, "市区町村コード": 202, "所在地": "岐阜県大垣市南頬町２－１２５", "緯度": 35.356745, "経度": 136.620818, "url": "https://www.iryou.teikyouseido.mhlw.go.jp/znk-web/juminkanja/S2430/initialize?prefCd=21&kikanCd=1643002569&kikanKbn=3", "url2": null, "内容": "北村歯科医院【3:歯科】岐阜県大垣市南頬町２－１２５" }, "geometry": { "type": "Point", "coordinates": [ 136.620818, 35.356745 ] } },
{ "type": "Feature", "properties": { "ID": 2131643002578, "正式名称": "竹中歯科医院", "機関区分": 3, "都道府県コード": 21, "市区町村コード": 202, "所在地": "岐阜県大垣市郭町１ー６４", "緯度": 35.361917, "経度": 136.616713, "url": "https://www.iryou.teikyouseido.mhlw.go.jp/znk-web/juminkanja/S2430/initialize?prefCd=21&kikanCd=1643002578&kikanKbn=3", "url2": null, "内容": "竹中歯科医院【3:歯科】岐阜県大垣市郭町１ー６４" }, "geometry": { "type": "Point", "coordinates": [ 136.616713, 35.361917 ] } },
{ "type": "Feature", "properties": { "ID": 2131643002582, "正式名称": "しもの歯科医院", "機関区分": 3, "都道府県コード": 21, "市区町村コード": 202, "所在地": "岐阜県大垣市代官町５６", "緯度": 35.36109, "経度": 136.622891, "url": "https://www.iryou.teikyouseido.mhlw.go.jp/znk-web/juminkanja/S2430/initialize?prefCd=21&kikanCd=1643002582&kikanKbn=3", "url2": "http://medical.nisimino.com/search/app/byoudata.php?byoinid=149&amp;datakbid=12&amp;ord=&amp;offset=40&amp;pn=searchbyoudo.php", "内容": "しもの歯科医院【3:歯科】岐阜県大垣市代官町５６" }, "geometry": { "type": "Point", "coordinates": [ 136.622891, 35.36109 ] } },
{ "type": "Feature", "properties": { "ID": 2131643002583, "正式名称": "医療法人　金森会　金森歯科本院", "機関区分": 3, "都道府県コード": 21, "市区町村コード": 202, "所在地": "岐阜県大垣市南高橋町２ー１１ー１", "緯度": 35.359316, "経度": 136.623073, "url": "https://www.iryou.teikyouseido.mhlw.go.jp/znk-web/juminkanja/S2430/initialize?prefCd=21&kikanCd=1643002583&kikanKbn=3", "url2": "http://www.kanamori-honin.or.jp/", "内容": "医療法人　金森会　金森歯科本院【3:歯科】岐阜県大垣市南高橋町２ー１１ー１" }, "geometry": { "type": "Point", "coordinates": [ 136.623073, 35.359316 ] } },
{ "type": "Feature", "properties": { "ID": 2131643002584, "正式名称": "竹の子歯科　小児歯科室", "機関区分": 3, "都道府県コード": 21, "市区町村コード": 202, "所在地": "岐阜県大垣市桐ケ崎町５７", "緯度": 35.364649, "経度": 136.616511, "url": "https://www.iryou.teikyouseido.mhlw.go.jp/znk-web/juminkanja/S2430/initialize?prefCd=21&kikanCd=1643002584&kikanKbn=3", "url2": "https://takenokoshikashounishikashitsu.com/", "内容": "竹の子歯科　小児歯科室【3:歯科】岐阜県大垣市桐ケ崎町５７" }, "geometry": { "type": "Point", "coordinates": [ 136.616511, 35.364649 ] } },
{ "type": "Feature", "properties": { "ID": 2131643002585, "正式名称": "水の杜歯科", "機関区分": 3, "都道府県コード": 21, "市区町村コード": 202, "所在地": "岐阜県大垣市高屋町１ー２５フジビル２Ｆ", "緯度": 35.365237, "経度": 136.618047, "url": "https://www.iryou.teikyouseido.mhlw.go.jp/znk-web/juminkanja/S2430/initialize?prefCd=21&kikanCd=1643002585&kikanKbn=3", "url2": "https://www.mizunomori-dental-ogaki.com", "内容": "水の杜歯科【3:歯科】岐阜県大垣市高屋町１ー２５フジビル２Ｆ" }, "geometry": { "type": "Point", "coordinates": [ 136.618047, 35.365237 ] } },
{ "type": "Feature", "properties": { "ID": 2131643002587, "正式名称": "高木歯科医院", "機関区分": 3, "都道府県コード": 21, "市区町村コード": 202, "所在地": "岐阜県大垣市寺内町４ー５６", "緯度": 35.355458, "経度": 136.613938, "url": "https://www.iryou.teikyouseido.mhlw.go.jp/znk-web/juminkanja/S2430/initialize?prefCd=21&kikanCd=1643002587&kikanKbn=3", "url2": null, "内容": "高木歯科医院【3:歯科】岐阜県大垣市寺内町４ー５６" }, "geometry": { "type": "Point", "coordinates": [ 136.613938, 35.355458 ] } },
{ "type": "Feature", "properties": { "ID": 2131643002588, "正式名称": "山口総合歯科", "機関区分": 3, "都道府県コード": 21, "市区町村コード": 202, "所在地": "岐阜県大垣市西之川町１ー２４７ー１", "緯度": 35.389206, "経度": 136.612352, "url": "https://www.iryou.teikyouseido.mhlw.go.jp/znk-web/juminkanja/S2430/initialize?prefCd=21&kikanCd=1643002588&kikanKbn=3", "url2": "yamaguchi-dentalcare.jp", "内容": "山口総合歯科【3:歯科】岐阜県大垣市西之川町１ー２４７ー１" }, "geometry": { "type": "Point", "coordinates": [ 136.612352, 35.389206 ] } },
{ "type": "Feature", "properties": { "ID": 2131643002590, "正式名称": "山田歯科医院", "機関区分": 3, "都道府県コード": 21, "市区町村コード": 202, "所在地": "岐阜県大垣市本今１ー６１ー１", "緯度": 35.352786, "経度": 136.607983, "url": "https://www.iryou.teikyouseido.mhlw.go.jp/znk-web/juminkanja/S2430/initialize?prefCd=21&kikanCd=1643002590&kikanKbn=3", "url2": null, "内容": "山田歯科医院【3:歯科】岐阜県大垣市本今１ー６１ー１" }, "geometry": { "type": "Point", "coordinates": [ 136.607983, 35.352786 ] } },
{ "type": "Feature", "properties": { "ID": 2131643002595, "正式名称": "荒尾歯科医院", "機関区分": 3, "都道府県コード": 21, "市区町村コード": 202, "所在地": "岐阜県大垣市荒尾町１１８７", "緯度": 35.375245, "経度": 136.579966, "url": "https://www.iryou.teikyouseido.mhlw.go.jp/znk-web/juminkanja/S2430/initialize?prefCd=21&kikanCd=1643002595&kikanKbn=3", "url2": "http://www.arao-dental.com/pc/", "内容": "荒尾歯科医院【3:歯科】岐阜県大垣市荒尾町１１８７" }, "geometry": { "type": "Point", "coordinates": [ 136.579966, 35.375245 ] } },
{ "type": "Feature", "properties": { "ID": 2131643002596, "正式名称": "藤塚歯科医院", "機関区分": 3, "都道府県コード": 21, "市区町村コード": 202, "所在地": "岐阜県大垣市中町１２", "緯度": 35.362503, "経度": 136.619856, "url": "https://www.iryou.teikyouseido.mhlw.go.jp/znk-web/juminkanja/S2430/initialize?prefCd=21&kikanCd=1643002596&kikanKbn=3", "url2": null, "内容": "藤塚歯科医院【3:歯科】岐阜県大垣市中町１２" }, "geometry": { "type": "Point", "coordinates": [ 136.619856, 35.362503 ] } },
{ "type": "Feature", "properties": { "ID": 2131643002599, "正式名称": "冨田歯科医院", "機関区分": 3, "都道府県コード": 21, "市区町村コード": 202, "所在地": "岐阜県大垣市東前２ー１６ー１", "緯度": 35.352211, "経度": 136.630691, "url": "https://www.iryou.teikyouseido.mhlw.go.jp/znk-web/juminkanja/S2430/initialize?prefCd=21&kikanCd=1643002599&kikanKbn=3", "url2": null, "内容": "冨田歯科医院【3:歯科】岐阜県大垣市東前２ー１６ー１" }, "geometry": { "type": "Point", "coordinates": [ 136.630691, 35.352211 ] } },
{ "type": "Feature", "properties": { "ID": 2131643002600, "正式名称": "小林歯科", "機関区分": 3, "都道府県コード": 21, "市区町村コード": 202, "所在地": "岐阜県大垣市島里２ー２１ー４", "緯度": 35.325445, "経度": 136.620373, "url": "https://www.iryou.teikyouseido.mhlw.go.jp/znk-web/juminkanja/S2430/initialize?prefCd=21&kikanCd=1643002600&kikanKbn=3", "url2": null, "内容": "小林歯科【3:歯科】岐阜県大垣市島里２ー２１ー４" }, "geometry": { "type": "Point", "coordinates": [ 136.620373, 35.325445 ] } },
{ "type": "Feature", "properties": { "ID": 2131643002602, "正式名称": "高木歯科", "機関区分": 3, "都道府県コード": 21, "市区町村コード": 202, "所在地": "岐阜県大垣市綾野", "緯度": 35.341792, "経度": 136.587405, "url": "https://www.iryou.teikyouseido.mhlw.go.jp/znk-web/juminkanja/S2430/initialize?prefCd=21&kikanCd=1643002602&kikanKbn=3", "url2": null, "内容": "高木歯科【3:歯科】岐阜県大垣市綾野" }, "geometry": { "type": "Point", "coordinates": [ 136.587405, 35.341792 ] } },
{ "type": "Feature", "properties": { "ID": 2131643002604, "正式名称": "川合歯科", "機関区分": 3, "都道府県コード": 21, "市区町村コード": 202, "所在地": "岐阜県大垣市久瀬川町３ー１５", "緯度": 35.35707, "経度": 136.601879, "url": "https://www.iryou.teikyouseido.mhlw.go.jp/znk-web/juminkanja/S2430/initialize?prefCd=21&kikanCd=1643002604&kikanKbn=3", "url2": "http://www.alato.ne.jp/k503/", "内容": "川合歯科【3:歯科】岐阜県大垣市久瀬川町３ー１５" }, "geometry": { "type": "Point", "coordinates": [ 136.601879, 35.35707 ] } },
{ "type": "Feature", "properties": { "ID": 2131643002606, "正式名称": "歯科加藤医院", "機関区分": 3, "都道府県コード": 21, "市区町村コード": 221, "所在地": "岐阜県海津市海津町草場８番地", "緯度": 35.225068, "経度": 136.66366, "url": "https://www.iryou.teikyouseido.mhlw.go.jp/znk-web/juminkanja/S2430/initialize?prefCd=21&kikanCd=1643002606&kikanKbn=3", "url2": null, "内容": "歯科加藤医院【3:歯科】岐阜県海津市海津町草場８番地" }, "geometry": { "type": "Point", "coordinates": [ 136.66366, 35.225068 ] } },
{ "type": "Feature", "properties": { "ID": 2131643002611, "正式名称": "なのはな歯科クリニック", "機関区分": 3, "都道府県コード": 21, "市区町村コード": 221, "所在地": "岐阜県海津市平田町仏師川５７８", "緯度": 35.256175, "経度": 136.637282, "url": "https://www.iryou.teikyouseido.mhlw.go.jp/znk-web/juminkanja/S2430/initialize?prefCd=21&kikanCd=1643002611&kikanKbn=3", "url2": "http://www.white-otari.com/", "内容": "なのはな歯科クリニック【3:歯科】岐阜県海津市平田町仏師川５７８" }, "geometry": { "type": "Point", "coordinates": [ 136.637282, 35.256175 ] } },
{ "type": "Feature", "properties": { "ID": 2131643002614, "正式名称": "篠田歯科医院", "機関区分": 3, "都道府県コード": 21, "市区町村コード": 341, "所在地": "岐阜県養老郡養老町船附６３５", "緯度": 35.289864, "経度": 136.605333, "url": "https://www.iryou.teikyouseido.mhlw.go.jp/znk-web/juminkanja/S2430/initialize?prefCd=21&kikanCd=1643002614&kikanKbn=3", "url2": null, "内容": "篠田歯科医院【3:歯科】岐阜県養老郡養老町船附６３５" }, "geometry": { "type": "Point", "coordinates": [ 136.605333, 35.289864 ] } },
{ "type": "Feature", "properties": { "ID": 2131643002618, "正式名称": "富田歯科医院", "機関区分": 3, "都道府県コード": 21, "市区町村コード": 361, "所在地": "岐阜県不破郡垂井町綾戸８６８ー１", "緯度": 35.373378, "経度": 136.553072, "url": "https://www.iryou.teikyouseido.mhlw.go.jp/znk-web/juminkanja/S2430/initialize?prefCd=21&kikanCd=1643002618&kikanKbn=3", "url2": "http://www.tm-dc.jp http://tm-dc.main.jp", "内容": "富田歯科医院【3:歯科】岐阜県不破郡垂井町綾戸８６８ー１" }, "geometry": { "type": "Point", "coordinates": [ 136.553072, 35.373378 ] } },
{ "type": "Feature", "properties": { "ID": 2131643002620, "正式名称": "宇野歯科医院", "機関区分": 3, "都道府県コード": 21, "市区町村コード": 381, "所在地": "岐阜県安八郡神戸町神戸", "緯度": 35.424618, "経度": 136.605454, "url": "https://www.iryou.teikyouseido.mhlw.go.jp/znk-web/juminkanja/S2430/initialize?prefCd=21&kikanCd=1643002620&kikanKbn=3", "url2": null, "内容": "宇野歯科医院【3:歯科】岐阜県安八郡神戸町神戸" }, "geometry": { "type": "Point", "coordinates": [ 136.605454, 35.424618 ] } },
{ "type": "Feature", "properties": { "ID": 2131643002624, "正式名称": "川合歯科医院", "機関区分": 3, "都道府県コード": 21, "市区町村コード": 383, "所在地": "岐阜県安八郡安八町南今ケ淵５０７", "緯度": 35.334588, "経度": 136.66878, "url": "https://www.iryou.teikyouseido.mhlw.go.jp/znk-web/juminkanja/S2430/initialize?prefCd=21&kikanCd=1643002624&kikanKbn=3", "url2": null, "内容": "川合歯科医院【3:歯科】岐阜県安八郡安八町南今ケ淵５０７" }, "geometry": { "type": "Point", "coordinates": [ 136.66878, 35.334588 ] } },
{ "type": "Feature", "properties": { "ID": 2131643002625, "正式名称": "医療法人墨俣会　岩田歯科医院", "機関区分": 3, "都道府県コード": 21, "市区町村コード": 202, "所在地": "岐阜県大垣市墨俣町墨俣１０６０", "緯度": 35.3621, "経度": 136.682035, "url": "https://www.iryou.teikyouseido.mhlw.go.jp/znk-web/juminkanja/S2430/initialize?prefCd=21&kikanCd=1643002625&kikanKbn=3", "url2": "https://iwatasika.doctorsfile.jp/", "内容": "医療法人墨俣会　岩田歯科医院【3:歯科】岐阜県大垣市墨俣町墨俣１０６０" }, "geometry": { "type": "Point", "coordinates": [ 136.682035, 35.3621 ] } },
{ "type": "Feature", "properties": { "ID": 2131643002628, "正式名称": "大橋歯科医院", "機関区分": 3, "都道府県コード": 21, "市区町村コード": 202, "所在地": "岐阜県大垣市墨俣町墨俣１２２番地", "緯度": 35.364549, "経度": 136.685173, "url": "https://www.iryou.teikyouseido.mhlw.go.jp/znk-web/juminkanja/S2430/initialize?prefCd=21&kikanCd=1643002628&kikanKbn=3", "url2": "http://www.dc-ohashi.com", "内容": "大橋歯科医院【3:歯科】岐阜県大垣市墨俣町墨俣１２２番地" }, "geometry": { "type": "Point", "coordinates": [ 136.685173, 35.364549 ] } },
{ "type": "Feature", "properties": { "ID": 2131643002629, "正式名称": "カワサキ歯科医院", "機関区分": 3, "都道府県コード": 21, "市区町村コード": 361, "所在地": "岐阜県不破郡垂井町表佐１０８９ー１", "緯度": 35.362656, "経度": 136.54333, "url": "https://www.iryou.teikyouseido.mhlw.go.jp/znk-web/juminkanja/S2430/initialize?prefCd=21&kikanCd=1643002629&kikanKbn=3", "url2": "https://kawasaki-dental.net", "内容": "カワサキ歯科医院【3:歯科】岐阜県不破郡垂井町表佐１０８９ー１" }, "geometry": { "type": "Point", "coordinates": [ 136.54333, 35.362656 ] } },
{ "type": "Feature", "properties": { "ID": 2131643002631, "正式名称": "おぎした歯科医院", "機関区分": 3, "都道府県コード": 21, "市区町村コード": 202, "所在地": "岐阜県大垣市郭町東１ー５６", "緯度": 35.363133, "経度": 136.618447, "url": "https://www.iryou.teikyouseido.mhlw.go.jp/znk-web/juminkanja/S2430/initialize?prefCd=21&kikanCd=1643002631&kikanKbn=3", "url2": null, "内容": "おぎした歯科医院【3:歯科】岐阜県大垣市郭町東１ー５６" }, "geometry": { "type": "Point", "coordinates": [ 136.618447, 35.363133 ] } },
{ "type": "Feature", "properties": { "ID": 2131643002632, "正式名称": "田中歯科クリニック", "機関区分": 3, "都道府県コード": 21, "市区町村コード": 221, "所在地": "岐阜県海津市南濃町駒野７９７ー４", "緯度": 35.220879, "経度": 136.60313, "url": "https://www.iryou.teikyouseido.mhlw.go.jp/znk-web/juminkanja/S2430/initialize?prefCd=21&kikanCd=1643002632&kikanKbn=3", "url2": null, "内容": "田中歯科クリニック【3:歯科】岐阜県海津市南濃町駒野７９７ー４" }, "geometry": { "type": "Point", "coordinates": [ 136.60313, 35.220879 ] } },
{ "type": "Feature", "properties": { "ID": 2131643002635, "正式名称": "あだち歯科医院", "機関区分": 3, "都道府県コード": 21, "市区町村コード": 202, "所在地": "岐阜県大垣市中川町４ー１６３", "緯度": 35.381715, "経度": 136.620052, "url": "https://www.iryou.teikyouseido.mhlw.go.jp/znk-web/juminkanja/S2430/initialize?prefCd=21&kikanCd=1643002635&kikanKbn=3", "url2": "https://ogaki-adachishika.net", "内容": "あだち歯科医院【3:歯科】岐阜県大垣市中川町４ー１６３" }, "geometry": { "type": "Point", "coordinates": [ 136.620052, 35.381715 ] } },
{ "type": "Feature", "properties": { "ID": 2131643002636, "正式名称": "杉山歯科医院", "機関区分": 3, "都道府県コード": 21, "市区町村コード": 202, "所在地": "岐阜県大垣市新馬場町１０ー５", "緯度": 35.356511, "経度": 136.608969, "url": "https://www.iryou.teikyouseido.mhlw.go.jp/znk-web/juminkanja/S2430/initialize?prefCd=21&kikanCd=1643002636&kikanKbn=3", "url2": "https://sugiyama-shika-ogaki.com/", "内容": "杉山歯科医院【3:歯科】岐阜県大垣市新馬場町１０ー５" }, "geometry": { "type": "Point", "coordinates": [ 136.608969, 35.356511 ] } },
{ "type": "Feature", "properties": { "ID": 2131643002638, "正式名称": "石川歯科", "機関区分": 3, "都道府県コード": 21, "市区町村コード": 221, "所在地": "岐阜県海津市南濃町安江１１２４", "緯度": 35.185752, "経度": 136.627696, "url": "https://www.iryou.teikyouseido.mhlw.go.jp/znk-web/juminkanja/S2430/initialize?prefCd=21&kikanCd=1643002638&kikanKbn=3", "url2": null, "内容": "石川歯科【3:歯科】岐阜県海津市南濃町安江１１２４" }, "geometry": { "type": "Point", "coordinates": [ 136.627696, 35.185752 ] } },
{ "type": "Feature", "properties": { "ID": 2131643002639, "正式名称": "高須歯科", "機関区分": 3, "都道府県コード": 21, "市区町村コード": 221, "所在地": "岐阜県海津市海津町高須町１１８７ー１", "緯度": 35.22445, "経度": 136.628217, "url": "https://www.iryou.teikyouseido.mhlw.go.jp/znk-web/juminkanja/S2430/initialize?prefCd=21&kikanCd=1643002639&kikanKbn=3", "url2": null, "内容": "高須歯科【3:歯科】岐阜県海津市海津町高須町１１８７ー１" }, "geometry": { "type": "Point", "coordinates": [ 136.628217, 35.22445 ] } },
{ "type": "Feature", "properties": { "ID": 2131643002640, "正式名称": "関ケ原歯科医院", "機関区分": 3, "都道府県コード": 21, "市区町村コード": 362, "所在地": "岐阜県不破郡関ケ原町関ケ原３１６６ー１２", "緯度": 35.359571, "経度": 136.469597, "url": "https://www.iryou.teikyouseido.mhlw.go.jp/znk-web/juminkanja/S2430/initialize?prefCd=21&kikanCd=1643002640&kikanKbn=3", "url2": null, "内容": "関ケ原歯科医院【3:歯科】岐阜県不破郡関ケ原町関ケ原３１６６ー１２" }, "geometry": { "type": "Point", "coordinates": [ 136.469597, 35.359571 ] } },
{ "type": "Feature", "properties": { "ID": 2131643002641, "正式名称": "大垣歯科医師会休日診療所", "機関区分": 3, "都道府県コード": 21, "市区町村コード": 202, "所在地": "岐阜県大垣市恵比寿町南７ー１ー１４", "緯度": 35.357934, "経度": 136.631941, "url": "https://www.iryou.teikyouseido.mhlw.go.jp/znk-web/juminkanja/S2430/initialize?prefCd=21&kikanCd=1643002641&kikanKbn=3", "url2": "http://www.ogaki-shikaishikai.jp/", "内容": "大垣歯科医師会休日診療所【3:歯科】岐阜県大垣市恵比寿町南７ー１ー１４" }, "geometry": { "type": "Point", "coordinates": [ 136.631941, 35.357934 ] } },
{ "type": "Feature", "properties": { "ID": 2131643002642, "正式名称": "三輪歯科医院", "機関区分": 3, "都道府県コード": 21, "市区町村コード": 202, "所在地": "岐阜県大垣市上石津町上原１２６６ー１", "緯度": 35.28316, "経度": 136.471143, "url": "https://www.iryou.teikyouseido.mhlw.go.jp/znk-web/juminkanja/S2430/initialize?prefCd=21&kikanCd=1643002642&kikanKbn=3", "url2": null, "内容": "三輪歯科医院【3:歯科】岐阜県大垣市上石津町上原１２６６ー１" }, "geometry": { "type": "Point", "coordinates": [ 136.471143, 35.28316 ] } },
{ "type": "Feature", "properties": { "ID": 2131643002643, "正式名称": "日比野歯科医院", "機関区分": 3, "都道府県コード": 21, "市区町村コード": 341, "所在地": "岐阜県養老郡養老町栗笠２０１", "緯度": 35.299053, "経度": 136.595907, "url": "https://www.iryou.teikyouseido.mhlw.go.jp/znk-web/juminkanja/S2430/initialize?prefCd=21&kikanCd=1643002643&kikanKbn=3", "url2": null, "内容": "日比野歯科医院【3:歯科】岐阜県養老郡養老町栗笠２０１" }, "geometry": { "type": "Point", "coordinates": [ 136.595907, 35.299053 ] } },
{ "type": "Feature", "properties": { "ID": 2131643002644, "正式名称": "医療法人　ＳＵＧＩＴＡ　ＤＥＮＴＡＬ　ＣＬＩＮＩＣ　杉田歯科医院", "機関区分": 3, "都道府県コード": 21, "市区町村コード": 202, "所在地": "岐阜県大垣市藤江町３丁目５番地", "緯度": 35.364316, "経度": 136.625404, "url": "https://www.iryou.teikyouseido.mhlw.go.jp/znk-web/juminkanja/S2430/initialize?prefCd=21&kikanCd=1643002644&kikanKbn=3", "url2": "http://www.sugita-dc.com/", "内容": "医療法人　ＳＵＧＩＴＡ　ＤＥＮＴＡＬ　ＣＬＩＮＩＣ　杉田歯科医院【3:歯科】岐阜県大垣市藤江町３丁目５番地" }, "geometry": { "type": "Point", "coordinates": [ 136.625404, 35.364316 ] } },
{ "type": "Feature", "properties": { "ID": 2131643002645, "正式名称": "岩井歯科医院", "機関区分": 3, "都道府県コード": 21, "市区町村コード": 202, "所在地": "岐阜県大垣市林町", "緯度": 35.373876, "経度": 136.623796, "url": "https://www.iryou.teikyouseido.mhlw.go.jp/znk-web/juminkanja/S2430/initialize?prefCd=21&kikanCd=1643002645&kikanKbn=3", "url2": "https://www.ogaki-iwai-shika.com", "内容": "岩井歯科医院【3:歯科】岐阜県大垣市林町" }, "geometry": { "type": "Point", "coordinates": [ 136.623796, 35.373876 ] } },
{ "type": "Feature", "properties": { "ID": 2131643002646, "正式名称": "山本歯科医院", "機関区分": 3, "都道府県コード": 21, "市区町村コード": 202, "所在地": "岐阜県大垣市青柳町３ー２９３", "緯度": 35.34494, "経度": 136.602218, "url": "https://www.iryou.teikyouseido.mhlw.go.jp/znk-web/juminkanja/S2430/initialize?prefCd=21&kikanCd=1643002646&kikanKbn=3", "url2": "http://www.yamamoto-cd.com/", "内容": "山本歯科医院【3:歯科】岐阜県大垣市青柳町３ー２９３" }, "geometry": { "type": "Point", "coordinates": [ 136.602218, 35.34494 ] } },
{ "type": "Feature", "properties": { "ID": 2131643002648, "正式名称": "なかしま歯科", "機関区分": 3, "都道府県コード": 21, "市区町村コード": 202, "所在地": "岐阜県大垣市見取町", "緯度": 35.369111, "経度": 136.613625, "url": "https://www.iryou.teikyouseido.mhlw.go.jp/znk-web/juminkanja/S2430/initialize?prefCd=21&kikanCd=1643002648&kikanKbn=3", "url2": "https://nakashima-shika.dentist/main/", "内容": "なかしま歯科【3:歯科】岐阜県大垣市見取町" }, "geometry": { "type": "Point", "coordinates": [ 136.613625, 35.369111 ] } },
{ "type": "Feature", "properties": { "ID": 2131643002649, "正式名称": "クマノ歯科", "機関区分": 3, "都道府県コード": 21, "市区町村コード": 202, "所在地": "岐阜県大垣市熊野町１５３ー１", "緯度": 35.377388, "経度": 136.584782, "url": "https://www.iryou.teikyouseido.mhlw.go.jp/znk-web/juminkanja/S2430/initialize?prefCd=21&kikanCd=1643002649&kikanKbn=3", "url2": null, "内容": "クマノ歯科【3:歯科】岐阜県大垣市熊野町１５３ー１" }, "geometry": { "type": "Point", "coordinates": [ 136.584782, 35.377388 ] } },
{ "type": "Feature", "properties": { "ID": 2131643002650, "正式名称": "曽根歯科医院", "機関区分": 3, "都道府県コード": 21, "市区町村コード": 221, "所在地": "岐阜県海津市南濃町太田４５８－２", "緯度": 35.18297, "経度": 136.625961, "url": "https://www.iryou.teikyouseido.mhlw.go.jp/znk-web/juminkanja/S2430/initialize?prefCd=21&kikanCd=1643002650&kikanKbn=3", "url2": null, "内容": "曽根歯科医院【3:歯科】岐阜県海津市南濃町太田４５８－２" }, "geometry": { "type": "Point", "coordinates": [ 136.625961, 35.18297 ] } },
{ "type": "Feature", "properties": { "ID": 2131643002652, "正式名称": "井村歯科医院", "機関区分": 3, "都道府県コード": 21, "市区町村コード": 202, "所在地": "岐阜県大垣市外渕２ー１２３ー２", "緯度": 35.327574, "経度": 136.617391, "url": "https://www.iryou.teikyouseido.mhlw.go.jp/znk-web/juminkanja/S2430/initialize?prefCd=21&kikanCd=1643002652&kikanKbn=3", "url2": null, "内容": "井村歯科医院【3:歯科】岐阜県大垣市外渕２ー１２３ー２" }, "geometry": { "type": "Point", "coordinates": [ 136.617391, 35.327574 ] } },
{ "type": "Feature", "properties": { "ID": 2131643002657, "正式名称": "今井歯科医院", "機関区分": 3, "都道府県コード": 21, "市区町村コード": 202, "所在地": "岐阜県大垣市青墓町２ー９", "緯度": 35.384608, "経度": 136.560462, "url": "https://www.iryou.teikyouseido.mhlw.go.jp/znk-web/juminkanja/S2430/initialize?prefCd=21&kikanCd=1643002657&kikanKbn=3", "url2": null, "内容": "今井歯科医院【3:歯科】岐阜県大垣市青墓町２ー９" }, "geometry": { "type": "Point", "coordinates": [ 136.560462, 35.384608 ] } },
{ "type": "Feature", "properties": { "ID": 2131643002659, "正式名称": "歯科高橋医院", "機関区分": 3, "都道府県コード": 21, "市区町村コード": 202, "所在地": "岐阜県大垣市林町９ー９８", "緯度": 35.375285, "経度": 136.621317, "url": "https://www.iryou.teikyouseido.mhlw.go.jp/znk-web/juminkanja/S2430/initialize?prefCd=21&kikanCd=1643002659&kikanKbn=3", "url2": null, "内容": "歯科高橋医院【3:歯科】岐阜県大垣市林町９ー９８" }, "geometry": { "type": "Point", "coordinates": [ 136.621317, 35.375285 ] } },
{ "type": "Feature", "properties": { "ID": 2131643002660, "正式名称": "しらき歯科クリニック", "機関区分": 3, "都道府県コード": 21, "市区町村コード": 383, "所在地": "岐阜県安八郡安八町東結４８１ー１", "緯度": 35.364893, "経度": 136.667185, "url": "https://www.iryou.teikyouseido.mhlw.go.jp/znk-web/juminkanja/S2430/initialize?prefCd=21&kikanCd=1643002660&kikanKbn=3", "url2": "http://www.shiraki-dent.com/", "内容": "しらき歯科クリニック【3:歯科】岐阜県安八郡安八町東結４８１ー１" }, "geometry": { "type": "Point", "coordinates": [ 136.667185, 35.364893 ] } },
{ "type": "Feature", "properties": { "ID": 2131643002661, "正式名称": "菅原歯科クリニック", "機関区分": 3, "都道府県コード": 21, "市区町村コード": 361, "所在地": "岐阜県不破郡垂井町字永長２４４６ー６", "緯度": 35.369796, "経度": 136.537329, "url": "https://www.iryou.teikyouseido.mhlw.go.jp/znk-web/juminkanja/S2430/initialize?prefCd=21&kikanCd=1643002661&kikanKbn=3", "url2": "http://www.sugawara-shika.jp/", "内容": "菅原歯科クリニック【3:歯科】岐阜県不破郡垂井町字永長２４４６ー６" }, "geometry": { "type": "Point", "coordinates": [ 136.537329, 35.369796 ] } },
{ "type": "Feature", "properties": { "ID": 2131643002663, "正式名称": "河合歯科医院", "機関区分": 3, "都道府県コード": 21, "市区町村コード": 381, "所在地": "岐阜県安八郡神戸町神戸１５９ー２", "緯度": 35.419607, "経度": 136.602996, "url": "https://www.iryou.teikyouseido.mhlw.go.jp/znk-web/juminkanja/S2430/initialize?prefCd=21&kikanCd=1643002663&kikanKbn=3", "url2": null, "内容": "河合歯科医院【3:歯科】岐阜県安八郡神戸町神戸１５９ー２" }, "geometry": { "type": "Point", "coordinates": [ 136.602996, 35.419607 ] } },
{ "type": "Feature", "properties": { "ID": 2131643002665, "正式名称": "おかべ歯科", "機関区分": 3, "都道府県コード": 21, "市区町村コード": 381, "所在地": "岐阜県安八郡神戸町北一色９１２－５", "緯度": 35.437127, "経度": 136.592952, "url": "https://www.iryou.teikyouseido.mhlw.go.jp/znk-web/juminkanja/S2430/initialize?prefCd=21&kikanCd=1643002665&kikanKbn=3", "url2": null, "内容": "おかべ歯科【3:歯科】岐阜県安八郡神戸町北一色９１２－５" }, "geometry": { "type": "Point", "coordinates": [ 136.592952, 35.437127 ] } },
{ "type": "Feature", "properties": { "ID": 2131643002667, "正式名称": "河村歯科クリニック", "機関区分": 3, "都道府県コード": 21, "市区町村コード": 221, "所在地": "岐阜県海津市海津町馬目４５１ー１", "緯度": 35.223181, "経度": 136.636405, "url": "https://www.iryou.teikyouseido.mhlw.go.jp/znk-web/juminkanja/S2430/initialize?prefCd=21&kikanCd=1643002667&kikanKbn=3", "url2": null, "内容": "河村歯科クリニック【3:歯科】岐阜県海津市海津町馬目４５１ー１" }, "geometry": { "type": "Point", "coordinates": [ 136.636405, 35.223181 ] } },
{ "type": "Feature", "properties": { "ID": 2131643002669, "正式名称": "高橋歯科医院", "機関区分": 3, "都道府県コード": 21, "市区町村コード": 202, "所在地": "岐阜県大垣市赤坂町２１９０ー２", "緯度": 35.392069, "経度": 136.586707, "url": "https://www.iryou.teikyouseido.mhlw.go.jp/znk-web/juminkanja/S2430/initialize?prefCd=21&kikanCd=1643002669&kikanKbn=3", "url2": null, "内容": "高橋歯科医院【3:歯科】岐阜県大垣市赤坂町２１９０ー２" }, "geometry": { "type": "Point", "coordinates": [ 136.586707, 35.392069 ] } },
{ "type": "Feature", "properties": { "ID": 2131643002671, "正式名称": "ウエダデンタルクリニック", "機関区分": 3, "都道府県コード": 21, "市区町村コード": 202, "所在地": "岐阜県大垣市多芸島２ー１５２ー２", "緯度": 35.329509, "経度": 136.596847, "url": "https://www.iryou.teikyouseido.mhlw.go.jp/znk-web/juminkanja/S2430/initialize?prefCd=21&kikanCd=1643002671&kikanKbn=3", "url2": null, "内容": "ウエダデンタルクリニック【3:歯科】岐阜県大垣市多芸島２ー１５２ー２" }, "geometry": { "type": "Point", "coordinates": [ 136.596847, 35.329509 ] } },
{ "type": "Feature", "properties": { "ID": 2131643002672, "正式名称": "松尾歯科医院", "機関区分": 3, "都道府県コード": 21, "市区町村コード": 362, "所在地": "岐阜県不破郡関ケ原町大字松尾１２３ー５", "緯度": 35.359156, "経度": 136.460506, "url": "https://www.iryou.teikyouseido.mhlw.go.jp/znk-web/juminkanja/S2430/initialize?prefCd=21&kikanCd=1643002672&kikanKbn=3", "url2": "http://matuo-shika.com", "内容": "松尾歯科医院【3:歯科】岐阜県不破郡関ケ原町大字松尾１２３ー５" }, "geometry": { "type": "Point", "coordinates": [ 136.460506, 35.359156 ] } },
{ "type": "Feature", "properties": { "ID": 2131643002675, "正式名称": "なかの歯科医院", "機関区分": 3, "都道府県コード": 21, "市区町村コード": 202, "所在地": "岐阜県大垣市中野町", "緯度": 35.380122, "経度": 136.606878, "url": "https://www.iryou.teikyouseido.mhlw.go.jp/znk-web/juminkanja/S2430/initialize?prefCd=21&kikanCd=1643002675&kikanKbn=3", "url2": null, "内容": "なかの歯科医院【3:歯科】岐阜県大垣市中野町" }, "geometry": { "type": "Point", "coordinates": [ 136.606878, 35.380122 ] } },
{ "type": "Feature", "properties": { "ID": 2131643002676, "正式名称": "南濃歯科", "機関区分": 3, "都道府県コード": 21, "市区町村コード": 221, "所在地": "岐阜県海津市南濃町松山１８２ー３", "緯度": 35.162201, "経度": 136.630575, "url": "https://www.iryou.teikyouseido.mhlw.go.jp/znk-web/juminkanja/S2430/initialize?prefCd=21&kikanCd=1643002676&kikanKbn=3", "url2": null, "内容": "南濃歯科【3:歯科】岐阜県海津市南濃町松山１８２ー３" }, "geometry": { "type": "Point", "coordinates": [ 136.630575, 35.162201 ] } },
{ "type": "Feature", "properties": { "ID": 2131643002677, "正式名称": "飯沼歯科医院", "機関区分": 3, "都道府県コード": 21, "市区町村コード": 381, "所在地": "岐阜県安八郡神戸町大字神戸字大円坊１２２６ー１", "緯度": 35.415367, "経度": 136.610385, "url": "https://www.iryou.teikyouseido.mhlw.go.jp/znk-web/juminkanja/S2430/initialize?prefCd=21&kikanCd=1643002677&kikanKbn=3", "url2": "http://iinumashika.dentalmall.jp/index.htm", "内容": "飯沼歯科医院【3:歯科】岐阜県安八郡神戸町大字神戸字大円坊１２２６ー１" }, "geometry": { "type": "Point", "coordinates": [ 136.610385, 35.415367 ] } },
{ "type": "Feature", "properties": { "ID": 2131643002678, "正式名称": "いちはし歯科医院", "機関区分": 3, "都道府県コード": 21, "市区町村コード": 382, "所在地": "岐阜県安八郡輪之内町福束新田１８", "緯度": 35.291349, "経度": 136.632138, "url": "https://www.iryou.teikyouseido.mhlw.go.jp/znk-web/juminkanja/S2430/initialize?prefCd=21&kikanCd=1643002678&kikanKbn=3", "url2": null, "内容": "いちはし歯科医院【3:歯科】岐阜県安八郡輪之内町福束新田１８" }, "geometry": { "type": "Point", "coordinates": [ 136.632138, 35.291349 ] } },
{ "type": "Feature", "properties": { "ID": 2131643002683, "正式名称": "ひび歯科", "機関区分": 3, "都道府県コード": 21, "市区町村コード": 341, "所在地": "岐阜県養老郡養老町押越村北５５０ー９", "緯度": 35.306157, "経度": 136.555627, "url": "https://www.iryou.teikyouseido.mhlw.go.jp/znk-web/juminkanja/S2430/initialize?prefCd=21&kikanCd=1643002683&kikanKbn=3", "url2": "http://www.ccnet.ne.jp/dc-hibi/hibi_chi_ke/Home.html", "内容": "ひび歯科【3:歯科】岐阜県養老郡養老町押越村北５５０ー９" }, "geometry": { "type": "Point", "coordinates": [ 136.555627, 35.306157 ] } },
{ "type": "Feature", "properties": { "ID": 2131643002685, "正式名称": "中野歯科", "機関区分": 3, "都道府県コード": 21, "市区町村コード": 221, "所在地": "岐阜県海津市南濃町駒野６３３ー１", "緯度": 35.224481, "経度": 136.602807, "url": "https://www.iryou.teikyouseido.mhlw.go.jp/znk-web/juminkanja/S2430/initialize?prefCd=21&kikanCd=1643002685&kikanKbn=3", "url2": null, "内容": "中野歯科【3:歯科】岐阜県海津市南濃町駒野６３３ー１" }, "geometry": { "type": "Point", "coordinates": [ 136.602807, 35.224481 ] } },
{ "type": "Feature", "properties": { "ID": 2131643002686, "正式名称": "はやし歯科医院", "機関区分": 3, "都道府県コード": 21, "市区町村コード": 381, "所在地": "岐阜県安八郡神戸町大字前田字村前１３８番地の３", "緯度": 35.40567, "経度": 136.611135, "url": "https://www.iryou.teikyouseido.mhlw.go.jp/znk-web/juminkanja/S2430/initialize?prefCd=21&kikanCd=1643002686&kikanKbn=3", "url2": "http://www.hayashi-shika.jp/", "内容": "はやし歯科医院【3:歯科】岐阜県安八郡神戸町大字前田字村前１３８番地の３" }, "geometry": { "type": "Point", "coordinates": [ 136.611135, 35.40567 ] } },
{ "type": "Feature", "properties": { "ID": 2131643002689, "正式名称": "しみず歯科医院", "機関区分": 3, "都道府県コード": 21, "市区町村コード": 202, "所在地": "岐阜県大垣市世安町２－７６", "緯度": 35.351672, "経度": 136.613806, "url": "https://www.iryou.teikyouseido.mhlw.go.jp/znk-web/juminkanja/S2430/initialize?prefCd=21&kikanCd=1643002689&kikanKbn=3", "url2": "https://www.shimizu-dentalcl.com", "内容": "しみず歯科医院【3:歯科】岐阜県大垣市世安町２－７６" }, "geometry": { "type": "Point", "coordinates": [ 136.613806, 35.351672 ] } },
{ "type": "Feature", "properties": { "ID": 2131643002690, "正式名称": "馬場歯科医院", "機関区分": 3, "都道府県コード": 21, "市区町村コード": 202, "所在地": "岐阜県大垣市浅草４－５８－２", "緯度": 35.307629, "経度": 136.611765, "url": "https://www.iryou.teikyouseido.mhlw.go.jp/znk-web/juminkanja/S2430/initialize?prefCd=21&kikanCd=1643002690&kikanKbn=3", "url2": null, "内容": "馬場歯科医院【3:歯科】岐阜県大垣市浅草４－５８－２" }, "geometry": { "type": "Point", "coordinates": [ 136.611765, 35.307629 ] } },
{ "type": "Feature", "properties": { "ID": 2131643002692, "正式名称": "医療法人　ユナイテッド　赤坂歯科医院", "機関区分": 3, "都道府県コード": 21, "市区町村コード": 202, "所在地": "岐阜県大垣市赤坂町２９６９番地１", "緯度": 35.390707, "経度": 136.581866, "url": "https://www.iryou.teikyouseido.mhlw.go.jp/znk-web/juminkanja/S2430/initialize?prefCd=21&kikanCd=1643002692&kikanKbn=3", "url2": "http://www.mtec-hp.com/united-akasaka/", "内容": "医療法人　ユナイテッド　赤坂歯科医院【3:歯科】岐阜県大垣市赤坂町２９６９番地１" }, "geometry": { "type": "Point", "coordinates": [ 136.581866, 35.390707 ] } },
{ "type": "Feature", "properties": { "ID": 2131643002693, "正式名称": "山村歯科クリニック", "機関区分": 3, "都道府県コード": 21, "市区町村コード": 202, "所在地": "岐阜県大垣市友江２丁目１３４番地", "緯度": 35.324705, "経度": 136.605143, "url": "https://www.iryou.teikyouseido.mhlw.go.jp/znk-web/juminkanja/S2430/initialize?prefCd=21&kikanCd=1643002693&kikanKbn=3", "url2": "http://www.yamamura-dental.com/", "内容": "山村歯科クリニック【3:歯科】岐阜県大垣市友江２丁目１３４番地" }, "geometry": { "type": "Point", "coordinates": [ 136.605143, 35.324705 ] } },
{ "type": "Feature", "properties": { "ID": 2131643002694, "正式名称": "かじた歯科", "機関区分": 3, "都道府県コード": 21, "市区町村コード": 202, "所在地": "岐阜県大垣市大島町２丁目１６２番地", "緯度": 35.384085, "経度": 136.633585, "url": "https://www.iryou.teikyouseido.mhlw.go.jp/znk-web/juminkanja/S2430/initialize?prefCd=21&kikanCd=1643002694&kikanKbn=3", "url2": null, "内容": "かじた歯科【3:歯科】岐阜県大垣市大島町２丁目１６２番地" }, "geometry": { "type": "Point", "coordinates": [ 136.633585, 35.384085 ] } },
{ "type": "Feature", "properties": { "ID": 2131643002695, "正式名称": "早野歯科医院", "機関区分": 3, "都道府県コード": 21, "市区町村コード": 202, "所在地": "岐阜県大垣市荒尾町１８１３ー２５", "緯度": 35.379086, "経度": 136.574086, "url": "https://www.iryou.teikyouseido.mhlw.go.jp/znk-web/juminkanja/S2430/initialize?prefCd=21&kikanCd=1643002695&kikanKbn=3", "url2": "https://www.hayano-dental.com/", "内容": "早野歯科医院【3:歯科】岐阜県大垣市荒尾町１８１３ー２５" }, "geometry": { "type": "Point", "coordinates": [ 136.574086, 35.379086 ] } },
{ "type": "Feature", "properties": { "ID": 2131643002696, "正式名称": "いまい歯科", "機関区分": 3, "都道府県コード": 21, "市区町村コード": 383, "所在地": "岐阜県安八郡安八町東結字芝原東１５１４ー１", "緯度": 35.359968, "経度": 136.666626, "url": "https://www.iryou.teikyouseido.mhlw.go.jp/znk-web/juminkanja/S2430/initialize?prefCd=21&kikanCd=1643002696&kikanKbn=3", "url2": null, "内容": "いまい歯科【3:歯科】岐阜県安八郡安八町東結字芝原東１５１４ー１" }, "geometry": { "type": "Point", "coordinates": [ 136.666626, 35.359968 ] } },
{ "type": "Feature", "properties": { "ID": 2131643002697, "正式名称": "岩田歯科医院", "機関区分": 3, "都道府県コード": 21, "市区町村コード": 361, "所在地": "岐阜県不破郡垂井町清水１丁目１３１番地", "緯度": 35.374493, "経度": 136.527117, "url": "https://www.iryou.teikyouseido.mhlw.go.jp/znk-web/juminkanja/S2430/initialize?prefCd=21&kikanCd=1643002697&kikanKbn=3", "url2": null, "内容": "岩田歯科医院【3:歯科】岐阜県不破郡垂井町清水１丁目１３１番地" }, "geometry": { "type": "Point", "coordinates": [ 136.527117, 35.374493 ] } },
{ "type": "Feature", "properties": { "ID": 2131643002698, "正式名称": "安藤歯科クリニック", "機関区分": 3, "都道府県コード": 21, "市区町村コード": 202, "所在地": "岐阜県大垣市小泉町３４４番の２", "緯度": 35.350498, "経度": 136.643702, "url": "https://www.iryou.teikyouseido.mhlw.go.jp/znk-web/juminkanja/S2430/initialize?prefCd=21&kikanCd=1643002698&kikanKbn=3", "url2": "http://nttbj.itp.ne.jp/0584828020/index.html", "内容": "安藤歯科クリニック【3:歯科】岐阜県大垣市小泉町３４４番の２" }, "geometry": { "type": "Point", "coordinates": [ 136.643702, 35.350498 ] } },
{ "type": "Feature", "properties": { "ID": 2131643002699, "正式名称": "水谷歯科クリニック", "機関区分": 3, "都道府県コード": 21, "市区町村コード": 221, "所在地": "岐阜県海津市海津町高須７０６番地", "緯度": 35.22111, "経度": 136.627168, "url": "https://www.iryou.teikyouseido.mhlw.go.jp/znk-web/juminkanja/S2430/initialize?prefCd=21&kikanCd=1643002699&kikanKbn=3", "url2": null, "内容": "水谷歯科クリニック【3:歯科】岐阜県海津市海津町高須７０６番地" }, "geometry": { "type": "Point", "coordinates": [ 136.627168, 35.22111 ] } },
{ "type": "Feature", "properties": { "ID": 2131643002700, "正式名称": "北村歯科医院", "機関区分": 3, "都道府県コード": 21, "市区町村コード": 202, "所在地": "岐阜県大垣市神田町２丁目６番地", "緯度": 35.360822, "経度": 136.608414, "url": "https://www.iryou.teikyouseido.mhlw.go.jp/znk-web/juminkanja/S2430/initialize?prefCd=21&kikanCd=1643002700&kikanKbn=3", "url2": "http://kitamurashika.cihp2.jp", "内容": "北村歯科医院【3:歯科】岐阜県大垣市神田町２丁目６番地" }, "geometry": { "type": "Point", "coordinates": [ 136.608414, 35.360822 ] } },
{ "type": "Feature", "properties": { "ID": 2131643002701, "正式名称": "野々村歯科・矯正歯科医院", "機関区分": 3, "都道府県コード": 21, "市区町村コード": 202, "所在地": "岐阜県大垣市静里町字村中８７０", "緯度": 35.358544, "経度": 136.591119, "url": "https://www.iryou.teikyouseido.mhlw.go.jp/znk-web/juminkanja/S2430/initialize?prefCd=21&kikanCd=1643002701&kikanKbn=3", "url2": null, "内容": "野々村歯科・矯正歯科医院【3:歯科】岐阜県大垣市静里町字村中８７０" }, "geometry": { "type": "Point", "coordinates": [ 136.591119, 35.358544 ] } },
{ "type": "Feature", "properties": { "ID": 2131643002702, "正式名称": "アカデミー歯科クリニック大垣本院", "機関区分": 3, "都道府県コード": 21, "市区町村コード": 202, "所在地": "岐阜県大垣市波須２丁目６１ー２", "緯度": 35.365415, "経度": 136.650022, "url": "https://www.iryou.teikyouseido.mhlw.go.jp/znk-web/juminkanja/S2430/initialize?prefCd=21&kikanCd=1643002702&kikanKbn=3", "url2": "http://www.a-dc.com", "内容": "アカデミー歯科クリニック大垣本院【3:歯科】岐阜県大垣市波須２丁目６１ー２" }, "geometry": { "type": "Point", "coordinates": [ 136.650022, 35.365415 ] } },
{ "type": "Feature", "properties": { "ID": 2131643002704, "正式名称": "まぶち歯科医院", "機関区分": 3, "都道府県コード": 21, "市区町村コード": 202, "所在地": "岐阜県大垣市室村町３丁目９８ー７", "緯度": 35.368997, "経度": 136.611779, "url": "https://www.iryou.teikyouseido.mhlw.go.jp/znk-web/juminkanja/S2430/initialize?prefCd=21&kikanCd=1643002704&kikanKbn=3", "url2": "http://mabuchident.com/", "内容": "まぶち歯科医院【3:歯科】岐阜県大垣市室村町３丁目９８ー７" }, "geometry": { "type": "Point", "coordinates": [ 136.611779, 35.368997 ] } },
{ "type": "Feature", "properties": { "ID": 2131643002705, "正式名称": "にしわき歯科", "機関区分": 3, "都道府県コード": 21, "市区町村コード": 361, "所在地": "岐阜県不破郡垂井町東神田３ー３９", "緯度": 35.367196, "経度": 136.53145, "url": "https://www.iryou.teikyouseido.mhlw.go.jp/znk-web/juminkanja/S2430/initialize?prefCd=21&kikanCd=1643002705&kikanKbn=3", "url2": "http://www.nishiwaki-shika.com/", "内容": "にしわき歯科【3:歯科】岐阜県不破郡垂井町東神田３ー３９" }, "geometry": { "type": "Point", "coordinates": [ 136.53145, 35.367196 ] } },
{ "type": "Feature", "properties": { "ID": 2131643002706, "正式名称": "いながわクリニック", "機関区分": 3, "都道府県コード": 21, "市区町村コード": 202, "所在地": "岐阜県大垣市大垣市開発町５丁目７６ー１", "緯度": 35.377917, "経度": 136.641039, "url": "https://www.iryou.teikyouseido.mhlw.go.jp/znk-web/juminkanja/S2430/initialize?prefCd=21&kikanCd=1643002706&kikanKbn=3", "url2": null, "内容": "いながわクリニック【3:歯科】岐阜県大垣市大垣市開発町５丁目７６ー１" }, "geometry": { "type": "Point", "coordinates": [ 136.641039, 35.377917 ] } },
{ "type": "Feature", "properties": { "ID": 2131643002707, "正式名称": "みわ歯科医院", "機関区分": 3, "都道府県コード": 21, "市区町村コード": 362, "所在地": "岐阜県不破郡関ケ原町関ケ原８１１－１２８", "緯度": 35.367211, "経度": 136.467404, "url": "https://www.iryou.teikyouseido.mhlw.go.jp/znk-web/juminkanja/S2430/initialize?prefCd=21&kikanCd=1643002707&kikanKbn=3", "url2": null, "内容": "みわ歯科医院【3:歯科】岐阜県不破郡関ケ原町関ケ原８１１－１２８" }, "geometry": { "type": "Point", "coordinates": [ 136.467404, 35.367211 ] } },
{ "type": "Feature", "properties": { "ID": 2131643002708, "正式名称": "医療法人常喜会　じょうき歯科医院", "機関区分": 3, "都道府県コード": 21, "市区町村コード": 341, "所在地": "岐阜県養老郡養老町瑞穂字大前５０１ー１", "緯度": 35.259396, "経度": 136.601902, "url": "https://www.iryou.teikyouseido.mhlw.go.jp/znk-web/juminkanja/S2430/initialize?prefCd=21&kikanCd=1643002708&kikanKbn=3", "url2": "https://www.joki-dc.com", "内容": "医療法人常喜会　じょうき歯科医院【3:歯科】岐阜県養老郡養老町瑞穂字大前５０１ー１" }, "geometry": { "type": "Point", "coordinates": [ 136.601902, 35.259396 ] } },
{ "type": "Feature", "properties": { "ID": 2131643002710, "正式名称": "たく歯科医院", "機関区分": 3, "都道府県コード": 21, "市区町村コード": 361, "所在地": "岐阜県不破郡垂井町府中字外中１８１ー２", "緯度": 35.387113, "経度": 136.523388, "url": "https://www.iryou.teikyouseido.mhlw.go.jp/znk-web/juminkanja/S2430/initialize?prefCd=21&kikanCd=1643002710&kikanKbn=3", "url2": null, "内容": "たく歯科医院【3:歯科】岐阜県不破郡垂井町府中字外中１８１ー２" }, "geometry": { "type": "Point", "coordinates": [ 136.523388, 35.387113 ] } },
{ "type": "Feature", "properties": { "ID": 2131643002711, "正式名称": "あべ歯科医院", "機関区分": 3, "都道府県コード": 21, "市区町村コード": 383, "所在地": "岐阜県安八郡安八町牧３３０９", "緯度": 35.33166, "経度": 136.650939, "url": "https://www.iryou.teikyouseido.mhlw.go.jp/znk-web/juminkanja/S2430/initialize?prefCd=21&kikanCd=1643002711&kikanKbn=3", "url2": null, "内容": "あべ歯科医院【3:歯科】岐阜県安八郡安八町牧３３０９" }, "geometry": { "type": "Point", "coordinates": [ 136.650939, 35.33166 ] } },
{ "type": "Feature", "properties": { "ID": 2131643002712, "正式名称": "そばじま歯科医院", "機関区分": 3, "都道府県コード": 21, "市区町村コード": 202, "所在地": "岐阜県大垣市楽田町８ー１１３", "緯度": 35.382932, "経度": 136.623824, "url": "https://www.iryou.teikyouseido.mhlw.go.jp/znk-web/juminkanja/S2430/initialize?prefCd=21&kikanCd=1643002712&kikanKbn=3", "url2": null, "内容": "そばじま歯科医院【3:歯科】岐阜県大垣市楽田町８ー１１３" }, "geometry": { "type": "Point", "coordinates": [ 136.623824, 35.382932 ] } },
{ "type": "Feature", "properties": { "ID": 2131643002713, "正式名称": "おおいし歯科医院", "機関区分": 3, "都道府県コード": 21, "市区町村コード": 202, "所在地": "岐阜県大垣市寿町１１", "緯度": 35.35499, "経度": 136.634944, "url": "https://www.iryou.teikyouseido.mhlw.go.jp/znk-web/juminkanja/S2430/initialize?prefCd=21&kikanCd=1643002713&kikanKbn=3", "url2": null, "内容": "おおいし歯科医院【3:歯科】岐阜県大垣市寿町１１" }, "geometry": { "type": "Point", "coordinates": [ 136.634944, 35.35499 ] } },
{ "type": "Feature", "properties": { "ID": 2131643002715, "正式名称": "オリーブ歯科", "機関区分": 3, "都道府県コード": 21, "市区町村コード": 202, "所在地": "岐阜県大垣市綾野　５ー６１", "緯度": 35.343415, "経度": 136.590456, "url": "https://www.iryou.teikyouseido.mhlw.go.jp/znk-web/juminkanja/S2430/initialize?prefCd=21&kikanCd=1643002715&kikanKbn=3", "url2": "http://www.olivedc.com", "内容": "オリーブ歯科【3:歯科】岐阜県大垣市綾野　５ー６１" }, "geometry": { "type": "Point", "coordinates": [ 136.590456, 35.343415 ] } },
{ "type": "Feature", "properties": { "ID": 2131643002717, "正式名称": "日比歯科クリニック", "機関区分": 3, "都道府県コード": 21, "市区町村コード": 202, "所在地": "岐阜県大垣市三津屋町５ー１ー６", "緯度": 35.392877, "経度": 136.617323, "url": "https://www.iryou.teikyouseido.mhlw.go.jp/znk-web/juminkanja/S2430/initialize?prefCd=21&kikanCd=1643002717&kikanKbn=3", "url2": "https://www.og-hibi-shikaclinic.com/", "内容": "日比歯科クリニック【3:歯科】岐阜県大垣市三津屋町５ー１ー６" }, "geometry": { "type": "Point", "coordinates": [ 136.617323, 35.392877 ] } },
{ "type": "Feature", "properties": { "ID": 2131643002718, "正式名称": "野田歯科医院", "機関区分": 3, "都道府県コード": 21, "市区町村コード": 382, "所在地": "岐阜県安八郡輪之内町楡俣新田字村内５２５ー１", "緯度": 35.294856, "経度": 136.651521, "url": "https://www.iryou.teikyouseido.mhlw.go.jp/znk-web/juminkanja/S2430/initialize?prefCd=21&kikanCd=1643002718&kikanKbn=3", "url2": null, "内容": "野田歯科医院【3:歯科】岐阜県安八郡輪之内町楡俣新田字村内５２５ー１" }, "geometry": { "type": "Point", "coordinates": [ 136.651521, 35.294856 ] } },
{ "type": "Feature", "properties": { "ID": 2131643002719, "正式名称": "プレマデンタルクリニック", "機関区分": 3, "都道府県コード": 21, "市区町村コード": 202, "所在地": "岐阜県大垣市錦町２６", "緯度": 35.366486, "経度": 136.620038, "url": "https://www.iryou.teikyouseido.mhlw.go.jp/znk-web/juminkanja/S2430/initialize?prefCd=21&kikanCd=1643002719&kikanKbn=3", "url2": null, "内容": "プレマデンタルクリニック【3:歯科】岐阜県大垣市錦町２６" }, "geometry": { "type": "Point", "coordinates": [ 136.620038, 35.366486 ] } },
{ "type": "Feature", "properties": { "ID": 2131643002725, "正式名称": "のはら歯科医院", "機関区分": 3, "都道府県コード": 21, "市区町村コード": 401, "所在地": "岐阜県揖斐郡揖斐川町脛永", "緯度": 35.46853, "経度": 136.571417, "url": "https://www.iryou.teikyouseido.mhlw.go.jp/znk-web/juminkanja/S2430/initialize?prefCd=21&kikanCd=1643002725&kikanKbn=3", "url2": null, "内容": "のはら歯科医院【3:歯科】岐阜県揖斐郡揖斐川町脛永" }, "geometry": { "type": "Point", "coordinates": [ 136.571417, 35.46853 ] } },
{ "type": "Feature", "properties": { "ID": 2131643002726, "正式名称": "乗松歯科医院", "機関区分": 3, "都道府県コード": 21, "市区町村コード": 403, "所在地": "岐阜県揖斐郡大野町黒野７９６ー８", "緯度": 35.468675, "経度": 136.635507, "url": "https://www.iryou.teikyouseido.mhlw.go.jp/znk-web/juminkanja/S2430/initialize?prefCd=21&kikanCd=1643002726&kikanKbn=3", "url2": null, "内容": "乗松歯科医院【3:歯科】岐阜県揖斐郡大野町黒野７９６ー８" }, "geometry": { "type": "Point", "coordinates": [ 136.635507, 35.468675 ] } },
{ "type": "Feature", "properties": { "ID": 2131643002727, "正式名称": "羽田歯科医院", "機関区分": 3, "都道府県コード": 21, "市区町村コード": 404, "所在地": "岐阜県揖斐郡池田町池野２１７−３", "緯度": 35.4357, "経度": 136.575484, "url": "https://www.iryou.teikyouseido.mhlw.go.jp/znk-web/juminkanja/S2430/initialize?prefCd=21&kikanCd=1643002727&kikanKbn=3", "url2": "https://hatadent.net", "内容": "羽田歯科医院【3:歯科】岐阜県揖斐郡池田町池野２１７−３" }, "geometry": { "type": "Point", "coordinates": [ 136.575484, 35.4357 ] } },
{ "type": "Feature", "properties": { "ID": 2131643002744, "正式名称": "清水歯科医院", "機関区分": 3, "都道府県コード": 21, "市区町村コード": 404, "所在地": "岐阜県揖斐郡池田町本郷２８６ー１", "緯度": 35.452914, "経度": 136.570557, "url": "https://www.iryou.teikyouseido.mhlw.go.jp/znk-web/juminkanja/S2430/initialize?prefCd=21&kikanCd=1643002744&kikanKbn=3", "url2": null, "内容": "清水歯科医院【3:歯科】岐阜県揖斐郡池田町本郷２８６ー１" }, "geometry": { "type": "Point", "coordinates": [ 136.570557, 35.452914 ] } },
{ "type": "Feature", "properties": { "ID": 2131643002751, "正式名称": "ほさか歯科", "機関区分": 3, "都道府県コード": 21, "市区町村コード": 403, "所在地": "岐阜県揖斐郡大野町黒野８０ー６", "緯度": 35.467717, "経度": 136.62489, "url": "https://www.iryou.teikyouseido.mhlw.go.jp/znk-web/juminkanja/S2430/initialize?prefCd=21&kikanCd=1643002751&kikanKbn=3", "url2": "http://hosaka-dental.com/", "内容": "ほさか歯科【3:歯科】岐阜県揖斐郡大野町黒野８０ー６" }, "geometry": { "type": "Point", "coordinates": [ 136.62489, 35.467717 ] } },
{ "type": "Feature", "properties": { "ID": 2131643002752, "正式名称": "医療法人　福井歯科医院", "機関区分": 3, "都道府県コード": 21, "市区町村コード": 403, "所在地": "岐阜県揖斐郡大野町黒野", "緯度": 35.46604, "経度": 136.633482, "url": "https://www.iryou.teikyouseido.mhlw.go.jp/znk-web/juminkanja/S2430/initialize?prefCd=21&kikanCd=1643002752&kikanKbn=3", "url2": null, "内容": "医療法人　福井歯科医院【3:歯科】岐阜県揖斐郡大野町黒野" }, "geometry": { "type": "Point", "coordinates": [ 136.633482, 35.46604 ] } },
{ "type": "Feature", "properties": { "ID": 2131643002755, "正式名称": "揖斐川歯科医院", "機関区分": 3, "都道府県コード": 21, "市区町村コード": 401, "所在地": "岐阜県揖斐郡揖斐川町三輪字上杏ノ木３０ー８", "緯度": 35.488191, "経度": 136.566348, "url": "https://www.iryou.teikyouseido.mhlw.go.jp/znk-web/juminkanja/S2430/initialize?prefCd=21&kikanCd=1643002755&kikanKbn=3", "url2": "http://www.ibigawa-shika.com/", "内容": "揖斐川歯科医院【3:歯科】岐阜県揖斐郡揖斐川町三輪字上杏ノ木３０ー８" }, "geometry": { "type": "Point", "coordinates": [ 136.566348, 35.488191 ] } },
{ "type": "Feature", "properties": { "ID": 2131643002765, "正式名称": "みどりの森歯科医院", "機関区分": 3, "都道府県コード": 21, "市区町村コード": 401, "所在地": "岐阜県揖斐郡揖斐川町上南方５０９ー１", "緯度": 35.494478, "経度": 136.558962, "url": "https://www.iryou.teikyouseido.mhlw.go.jp/znk-web/juminkanja/S2430/initialize?prefCd=21&kikanCd=1643002765&kikanKbn=3", "url2": null, "内容": "みどりの森歯科医院【3:歯科】岐阜県揖斐郡揖斐川町上南方５０９ー１" }, "geometry": { "type": "Point", "coordinates": [ 136.558962, 35.494478 ] } },
{ "type": "Feature", "properties": { "ID": 2131643002766, "正式名称": "しまむら歯科クリニック", "機関区分": 3, "都道府県コード": 21, "市区町村コード": 404, "所在地": "岐阜県揖斐郡池田町青柳", "緯度": 35.442167, "経度": 136.567438, "url": "https://www.iryou.teikyouseido.mhlw.go.jp/znk-web/juminkanja/S2430/initialize?prefCd=21&kikanCd=1643002766&kikanKbn=3", "url2": "https://www.shimamura-dc.com/", "内容": "しまむら歯科クリニック【3:歯科】岐阜県揖斐郡池田町青柳" }, "geometry": { "type": "Point", "coordinates": [ 136.567438, 35.442167 ] } },
{ "type": "Feature", "properties": { "ID": 2131643002769, "正式名称": "香田歯科医院", "機関区分": 3, "都道府県コード": 21, "市区町村コード": 404, "所在地": "岐阜県揖斐郡池田町粕ケ原", "緯度": 35.461045, "経度": 136.578657, "url": "https://www.iryou.teikyouseido.mhlw.go.jp/znk-web/juminkanja/S2430/initialize?prefCd=21&kikanCd=1643002769&kikanKbn=3", "url2": null, "内容": "香田歯科医院【3:歯科】岐阜県揖斐郡池田町粕ケ原" }, "geometry": { "type": "Point", "coordinates": [ 136.578657, 35.461045 ] } },
{ "type": "Feature", "properties": { "ID": 2131643002772, "正式名称": "医療法人社団ユウエスティシィ　アメニティ歯科", "機関区分": 3, "都道府県コード": 21, "市区町村コード": 403, "所在地": "岐阜県揖斐郡大野町本庄１８９番地３", "緯度": 35.434195, "経度": 136.620573, "url": "https://www.iryou.teikyouseido.mhlw.go.jp/znk-web/juminkanja/S2430/initialize?prefCd=21&kikanCd=1643002772&kikanKbn=3", "url2": "http://www.amenity-dc.com", "内容": "医療法人社団ユウエスティシィ　アメニティ歯科【3:歯科】岐阜県揖斐郡大野町本庄１８９番地３" }, "geometry": { "type": "Point", "coordinates": [ 136.620573, 35.434195 ] } },
{ "type": "Feature", "properties": { "ID": 2131643002776, "正式名称": "さくら歯科", "機関区分": 3, "都道府県コード": 21, "市区町村コード": 404, "所在地": "岐阜県揖斐郡池田町八幡８１４番地の１", "緯度": 35.421475, "経度": 136.57714, "url": "https://www.iryou.teikyouseido.mhlw.go.jp/znk-web/juminkanja/S2430/initialize?prefCd=21&kikanCd=1643002776&kikanKbn=3", "url2": "http://sakurasika.jp", "内容": "さくら歯科【3:歯科】岐阜県揖斐郡池田町八幡８１４番地の１" }, "geometry": { "type": "Point", "coordinates": [ 136.57714, 35.421475 ] } },
{ "type": "Feature", "properties": { "ID": 2131643003186, "正式名称": "木戸歯科", "機関区分": 3, "都道府県コード": 21, "市区町村コード": 202, "所在地": "岐阜県大垣市木戸町４５３ー１", "緯度": 35.366258, "経度": 136.602276, "url": "https://www.iryou.teikyouseido.mhlw.go.jp/znk-web/juminkanja/S2430/initialize?prefCd=21&kikanCd=1643003186&kikanKbn=3", "url2": null, "内容": "木戸歯科【3:歯科】岐阜県大垣市木戸町４５３ー１" }, "geometry": { "type": "Point", "coordinates": [ 136.602276, 35.366258 ] } },
{ "type": "Feature", "properties": { "ID": 2131643003187, "正式名称": "馬場歯科クリニック", "機関区分": 3, "都道府県コード": 21, "市区町村コード": 341, "所在地": "岐阜県養老郡養老町高田８８８ー１", "緯度": 35.30954, "経度": 136.563196, "url": "https://www.iryou.teikyouseido.mhlw.go.jp/znk-web/juminkanja/S2430/initialize?prefCd=21&kikanCd=1643003187&kikanKbn=3", "url2": null, "内容": "馬場歯科クリニック【3:歯科】岐阜県養老郡養老町高田８８８ー１" }, "geometry": { "type": "Point", "coordinates": [ 136.563196, 35.30954 ] } },
{ "type": "Feature", "properties": { "ID": 2131643003188, "正式名称": "こだま歯科", "機関区分": 3, "都道府県コード": 21, "市区町村コード": 341, "所在地": "岐阜県養老郡養老町石畑８１５ー１", "緯度": 35.301064, "経度": 136.55157, "url": "https://www.iryou.teikyouseido.mhlw.go.jp/znk-web/juminkanja/S2430/initialize?prefCd=21&kikanCd=1643003188&kikanKbn=3", "url2": "https://kodama-dental-c.com", "内容": "こだま歯科【3:歯科】岐阜県養老郡養老町石畑８１５ー１" }, "geometry": { "type": "Point", "coordinates": [ 136.55157, 35.301064 ] } },
{ "type": "Feature", "properties": { "ID": 2131643003189, "正式名称": "高橋歯科医院", "機関区分": 3, "都道府県コード": 21, "市区町村コード": 202, "所在地": "岐阜県大垣市上石津町牧田３４７３－１", "緯度": 35.335424, "経度": 136.506635, "url": "https://www.iryou.teikyouseido.mhlw.go.jp/znk-web/juminkanja/S2430/initialize?prefCd=21&kikanCd=1643003189&kikanKbn=3", "url2": null, "内容": "高橋歯科医院【3:歯科】岐阜県大垣市上石津町牧田３４７３－１" }, "geometry": { "type": "Point", "coordinates": [ 136.506635, 35.335424 ] } },
{ "type": "Feature", "properties": { "ID": 2131643003192, "正式名称": "大垣歯科クリニック", "機関区分": 3, "都道府県コード": 21, "市区町村コード": 202, "所在地": "岐阜県大垣市花園町６ー２", "緯度": 35.359205, "経度": 136.630451, "url": "https://www.iryou.teikyouseido.mhlw.go.jp/znk-web/juminkanja/S2430/initialize?prefCd=21&kikanCd=1643003192&kikanKbn=3", "url2": null, "内容": "大垣歯科クリニック【3:歯科】岐阜県大垣市花園町６ー２" }, "geometry": { "type": "Point", "coordinates": [ 136.630451, 35.359205 ] } },
{ "type": "Feature", "properties": { "ID": 2131643003193, "正式名称": "すずらん歯科医院", "機関区分": 3, "都道府県コード": 21, "市区町村コード": 202, "所在地": "岐阜県大垣市米野町１－１５１－１", "緯度": 35.335747, "経度": 136.626309, "url": "https://www.iryou.teikyouseido.mhlw.go.jp/znk-web/juminkanja/S2430/initialize?prefCd=21&kikanCd=1643003193&kikanKbn=3", "url2": "http://www.ginet.or.jp/suzuran-dentalclinic/", "内容": "すずらん歯科医院【3:歯科】岐阜県大垣市米野町１－１５１－１" }, "geometry": { "type": "Point", "coordinates": [ 136.626309, 35.335747 ] } },
{ "type": "Feature", "properties": { "ID": 2131643003195, "正式名称": "諏訪歯科医院", "機関区分": 3, "都道府県コード": 21, "市区町村コード": 221, "所在地": "岐阜県海津市海津町福江４３５", "緯度": 35.177163, "経度": 136.664779, "url": "https://www.iryou.teikyouseido.mhlw.go.jp/znk-web/juminkanja/S2430/initialize?prefCd=21&kikanCd=1643003195&kikanKbn=3", "url2": null, "内容": "諏訪歯科医院【3:歯科】岐阜県海津市海津町福江４３５" }, "geometry": { "type": "Point", "coordinates": [ 136.664779, 35.177163 ] } },
{ "type": "Feature", "properties": { "ID": 2131643003196, "正式名称": "武内歯科医院", "機関区分": 3, "都道府県コード": 21, "市区町村コード": 341, "所在地": "岐阜県養老郡養老町中１１０－１", "緯度": 35.324943, "経度": 136.552064, "url": "https://www.iryou.teikyouseido.mhlw.go.jp/znk-web/juminkanja/S2430/initialize?prefCd=21&kikanCd=1643003196&kikanKbn=3", "url2": "http://takeuchi-dc-330860.com", "内容": "武内歯科医院【3:歯科】岐阜県養老郡養老町中１１０－１" }, "geometry": { "type": "Point", "coordinates": [ 136.552064, 35.324943 ] } },
{ "type": "Feature", "properties": { "ID": 2131643003197, "正式名称": "デンタルクリニック　カノウ", "機関区分": 3, "都道府県コード": 21, "市区町村コード": 202, "所在地": "岐阜県大垣市桧町８９９ー７", "緯度": 35.369152, "経度": 136.588512, "url": "https://www.iryou.teikyouseido.mhlw.go.jp/znk-web/juminkanja/S2430/initialize?prefCd=21&kikanCd=1643003197&kikanKbn=3", "url2": "http://www.dck.ac", "内容": "デンタルクリニック　カノウ【3:歯科】岐阜県大垣市桧町８９９ー７" }, "geometry": { "type": "Point", "coordinates": [ 136.588512, 35.369152 ] } },
{ "type": "Feature", "properties": { "ID": 2131643003200, "正式名称": "あおば歯科", "機関区分": 3, "都道府県コード": 21, "市区町村コード": 403, "所在地": "岐阜県揖斐郡大野町稲畑２９７", "緯度": 35.474985, "経度": 136.63981, "url": "https://www.iryou.teikyouseido.mhlw.go.jp/znk-web/juminkanja/S2430/initialize?prefCd=21&kikanCd=1643003200&kikanKbn=3", "url2": null, "内容": "あおば歯科【3:歯科】岐阜県揖斐郡大野町稲畑２９７" }, "geometry": { "type": "Point", "coordinates": [ 136.63981, 35.474985 ] } },
{ "type": "Feature", "properties": { "ID": 2131643003202, "正式名称": "丹羽矯正歯科クリニック", "機関区分": 3, "都道府県コード": 21, "市区町村コード": 202, "所在地": "岐阜県大垣市三塚町４９４ー５", "緯度": 35.36975, "経度": 136.628498, "url": "https://www.iryou.teikyouseido.mhlw.go.jp/znk-web/juminkanja/S2430/initialize?prefCd=21&kikanCd=1643003202&kikanKbn=3", "url2": "http://www.niwa-kyosei.com/", "内容": "丹羽矯正歯科クリニック【3:歯科】岐阜県大垣市三塚町４９４ー５" }, "geometry": { "type": "Point", "coordinates": [ 136.628498, 35.36975 ] } },
{ "type": "Feature", "properties": { "ID": 2131643003203, "正式名称": "星ヶ丘歯科クリニック", "機関区分": 3, "都道府県コード": 21, "市区町村コード": 202, "所在地": "岐阜県大垣市笠木町５０", "緯度": 35.375466, "経度": 136.599863, "url": "https://www.iryou.teikyouseido.mhlw.go.jp/znk-web/juminkanja/S2430/initialize?prefCd=21&kikanCd=1643003203&kikanKbn=3", "url2": null, "内容": "星ヶ丘歯科クリニック【3:歯科】岐阜県大垣市笠木町５０" }, "geometry": { "type": "Point", "coordinates": [ 136.599863, 35.375466 ] } },
{ "type": "Feature", "properties": { "ID": 2131643003204, "正式名称": "安田歯科医院", "機関区分": 3, "都道府県コード": 21, "市区町村コード": 361, "所在地": "岐阜県不破郡垂井町１２８９番地の１", "緯度": 35.371424, "経度": 136.526024, "url": "https://www.iryou.teikyouseido.mhlw.go.jp/znk-web/juminkanja/S2430/initialize?prefCd=21&kikanCd=1643003204&kikanKbn=3", "url2": null, "内容": "安田歯科医院【3:歯科】岐阜県不破郡垂井町１２８９番地の１" }, "geometry": { "type": "Point", "coordinates": [ 136.526024, 35.371424 ] } },
{ "type": "Feature", "properties": { "ID": 2131643003233, "正式名称": "みずの歯科医院", "機関区分": 3, "都道府県コード": 21, "市区町村コード": 202, "所在地": "岐阜県大垣市墨俣町下宿桁下７９９ー１", "緯度": 35.350263, "経度": 136.67924, "url": "https://www.iryou.teikyouseido.mhlw.go.jp/znk-web/juminkanja/S2430/initialize?prefCd=21&kikanCd=1643003233&kikanKbn=3", "url2": null, "内容": "みずの歯科医院【3:歯科】岐阜県大垣市墨俣町下宿桁下７９９ー１" }, "geometry": { "type": "Point", "coordinates": [ 136.67924, 35.350263 ] } },
{ "type": "Feature", "properties": { "ID": 2131643005925, "正式名称": "りょうすけ歯科クリニック", "機関区分": 3, "都道府県コード": 21, "市区町村コード": 403, "所在地": "岐阜県揖斐郡大野町黒野１７２３ー４", "緯度": 35.464354, "経度": 136.638784, "url": "https://www.iryou.teikyouseido.mhlw.go.jp/znk-web/juminkanja/S2430/initialize?prefCd=21&kikanCd=1643005925&kikanKbn=3", "url2": null, "内容": "りょうすけ歯科クリニック【3:歯科】岐阜県揖斐郡大野町黒野１７２３ー４" }, "geometry": { "type": "Point", "coordinates": [ 136.638784, 35.464354 ] } },
{ "type": "Feature", "properties": { "ID": 2131643005974, "正式名称": "かわせ歯科", "機関区分": 3, "都道府県コード": 21, "市区町村コード": 383, "所在地": "岐阜県安八郡安八町南今ケ渕字中筋５７０ー２", "緯度": 35.336954, "経度": 136.670571, "url": "https://www.iryou.teikyouseido.mhlw.go.jp/znk-web/juminkanja/S2430/initialize?prefCd=21&kikanCd=1643005974&kikanKbn=3", "url2": null, "内容": "かわせ歯科【3:歯科】岐阜県安八郡安八町南今ケ渕字中筋５７０ー２" }, "geometry": { "type": "Point", "coordinates": [ 136.670571, 35.336954 ] } },
{ "type": "Feature", "properties": { "ID": 2131643005981, "正式名称": "まちだ歯科", "機関区分": 3, "都道府県コード": 21, "市区町村コード": 381, "所在地": "岐阜県安八郡神戸町西保道鬼２９０－１", "緯度": 35.411801, "経度": 136.601051, "url": "https://www.iryou.teikyouseido.mhlw.go.jp/znk-web/juminkanja/S2430/initialize?prefCd=21&kikanCd=1643005981&kikanKbn=3", "url2": null, "内容": "まちだ歯科【3:歯科】岐阜県安八郡神戸町西保道鬼２９０－１" }, "geometry": { "type": "Point", "coordinates": [ 136.601051, 35.411801 ] } },
{ "type": "Feature", "properties": { "ID": 2131643005982, "正式名称": "とも歯科クリニック", "機関区分": 3, "都道府県コード": 21, "市区町村コード": 341, "所在地": "岐阜県養老郡養老町宇田字鷺打３９９ー２", "緯度": 35.328948, "経度": 136.559577, "url": "https://www.iryou.teikyouseido.mhlw.go.jp/znk-web/juminkanja/S2430/initialize?prefCd=21&kikanCd=1643005982&kikanKbn=3", "url2": "http://www.tomoshika.com/", "内容": "とも歯科クリニック【3:歯科】岐阜県養老郡養老町宇田字鷺打３９９ー２" }, "geometry": { "type": "Point", "coordinates": [ 136.559577, 35.328948 ] } },
{ "type": "Feature", "properties": { "ID": 2131643006150, "正式名称": "ほほえみ歯科医院", "機関区分": 3, "都道府県コード": 21, "市区町村コード": 202, "所在地": "岐阜県大垣市青野町字八反田１２４３ー１", "緯度": 35.382856, "経度": 136.551139, "url": "https://www.iryou.teikyouseido.mhlw.go.jp/znk-web/juminkanja/S2430/initialize?prefCd=21&kikanCd=1643006150&kikanKbn=3", "url2": null, "内容": "ほほえみ歯科医院【3:歯科】岐阜県大垣市青野町字八反田１２４３ー１" }, "geometry": { "type": "Point", "coordinates": [ 136.551139, 35.382856 ] } },
{ "type": "Feature", "properties": { "ID": 2131643006167, "正式名称": "スマイルデンタルクリニック", "機関区分": 3, "都道府県コード": 21, "市区町村コード": 403, "所在地": "岐阜県揖斐郡大野町大字中之元９７１ー２", "緯度": 35.46806, "経度": 136.616605, "url": "https://www.iryou.teikyouseido.mhlw.go.jp/znk-web/juminkanja/S2430/initialize?prefCd=21&kikanCd=1643006167&kikanKbn=3", "url2": "https://www.smile-dent-clinic.com", "内容": "スマイルデンタルクリニック【3:歯科】岐阜県揖斐郡大野町大字中之元９７１ー２" }, "geometry": { "type": "Point", "coordinates": [ 136.616605, 35.46806 ] } },
{ "type": "Feature", "properties": { "ID": 2131643006169, "正式名称": "早崎よ歯科", "機関区分": 3, "都道府県コード": 21, "市区町村コード": 341, "所在地": "岐阜県養老郡養老町金屋字井ノ上３３７ー６", "緯度": 35.319534, "経度": 136.563284, "url": "https://www.iryou.teikyouseido.mhlw.go.jp/znk-web/juminkanja/S2430/initialize?prefCd=21&kikanCd=1643006169&kikanKbn=3", "url2": "https://yoshica.jimdosite.com/", "内容": "早崎よ歯科【3:歯科】岐阜県養老郡養老町金屋字井ノ上３３７ー６" }, "geometry": { "type": "Point", "coordinates": [ 136.563284, 35.319534 ] } },
{ "type": "Feature", "properties": { "ID": 2131643006170, "正式名称": "萩野歯科医院", "機関区分": 3, "都道府県コード": 21, "市区町村コード": 202, "所在地": "岐阜県大垣市宮町１ー３８", "緯度": 35.365223, "経度": 136.614828, "url": "https://www.iryou.teikyouseido.mhlw.go.jp/znk-web/juminkanja/S2430/initialize?prefCd=21&kikanCd=1643006170&kikanKbn=3", "url2": "https://hagino-shika.jp/", "内容": "萩野歯科医院【3:歯科】岐阜県大垣市宮町１ー３８" }, "geometry": { "type": "Point", "coordinates": [ 136.614828, 35.365223 ] } },
{ "type": "Feature", "properties": { "ID": 2131643006171, "正式名称": "よろず矯正歯科クリニック", "機関区分": 3, "都道府県コード": 21, "市区町村コード": 202, "所在地": "岐阜県大垣市林町１０－１３０９－１", "緯度": 35.37656, "経度": 136.618246, "url": "https://www.iryou.teikyouseido.mhlw.go.jp/znk-web/juminkanja/S2430/initialize?prefCd=21&kikanCd=1643006171&kikanKbn=3", "url2": "http://yorozu-ortho.com", "内容": "よろず矯正歯科クリニック【3:歯科】岐阜県大垣市林町１０－１３０９－１" }, "geometry": { "type": "Point", "coordinates": [ 136.618246, 35.37656 ] } },
{ "type": "Feature", "properties": { "ID": 2131643006172, "正式名称": "あやの歯科", "機関区分": 3, "都道府県コード": 21, "市区町村コード": 202, "所在地": "岐阜県大垣市綾野６ー１８１ー３", "緯度": 35.338975, "経度": 136.590807, "url": "https://www.iryou.teikyouseido.mhlw.go.jp/znk-web/juminkanja/S2430/initialize?prefCd=21&kikanCd=1643006172&kikanKbn=3", "url2": null, "内容": "あやの歯科【3:歯科】岐阜県大垣市綾野６ー１８１ー３" }, "geometry": { "type": "Point", "coordinates": [ 136.590807, 35.338975 ] } },
{ "type": "Feature", "properties": { "ID": 2131643006193, "正式名称": "まこと歯科医院", "機関区分": 3, "都道府県コード": 21, "市区町村コード": 202, "所在地": "岐阜県大垣市熊野町３１０ー１", "緯度": 35.376039, "経度": 136.588183, "url": "https://www.iryou.teikyouseido.mhlw.go.jp/znk-web/juminkanja/S2430/initialize?prefCd=21&kikanCd=1643006193&kikanKbn=3", "url2": null, "内容": "まこと歯科医院【3:歯科】岐阜県大垣市熊野町３１０ー１" }, "geometry": { "type": "Point", "coordinates": [ 136.588183, 35.376039 ] } },
{ "type": "Feature", "properties": { "ID": 2131643006196, "正式名称": "医療法人うえだ歯科医院", "機関区分": 3, "都道府県コード": 21, "市区町村コード": 361, "所在地": "岐阜県不破郡垂井町綾戸４５１－１", "緯度": 35.368811, "経度": 136.554518, "url": "https://www.iryou.teikyouseido.mhlw.go.jp/znk-web/juminkanja/S2430/initialize?prefCd=21&kikanCd=1643006196&kikanKbn=3", "url2": null, "内容": "医療法人うえだ歯科医院【3:歯科】岐阜県不破郡垂井町綾戸４５１－１" }, "geometry": { "type": "Point", "coordinates": [ 136.554518, 35.368811 ] } },
{ "type": "Feature", "properties": { "ID": 2131643006290, "正式名称": "ビバ・スマイル歯科", "機関区分": 3, "都道府県コード": 21, "市区町村コード": 202, "所在地": "岐阜県大垣市長松町１１１９", "緯度": 35.364017, "経度": 136.566607, "url": "https://www.iryou.teikyouseido.mhlw.go.jp/znk-web/juminkanja/S2430/initialize?prefCd=21&kikanCd=1643006290&kikanKbn=3", "url2": "www://viva-smile.jp/", "内容": "ビバ・スマイル歯科【3:歯科】岐阜県大垣市長松町１１１９" }, "geometry": { "type": "Point", "coordinates": [ 136.566607, 35.364017 ] } },
{ "type": "Feature", "properties": { "ID": 2131643006446, "正式名称": "ヒロ歯科クリニック", "機関区分": 3, "都道府県コード": 21, "市区町村コード": 381, "所在地": "岐阜県安八郡神戸町瀬古１０９３ー２", "緯度": 35.40472, "経度": 136.624996, "url": "https://www.iryou.teikyouseido.mhlw.go.jp/znk-web/juminkanja/S2430/initialize?prefCd=21&kikanCd=1643006446&kikanKbn=3", "url2": null, "内容": "ヒロ歯科クリニック【3:歯科】岐阜県安八郡神戸町瀬古１０９３ー２" }, "geometry": { "type": "Point", "coordinates": [ 136.624996, 35.40472 ] } },
{ "type": "Feature", "properties": { "ID": 2131643006580, "正式名称": "アクア歯科", "機関区分": 3, "都道府県コード": 21, "市区町村コード": 202, "所在地": "岐阜県大垣市林町６丁目８０番アクアウォーク大垣１階", "緯度": 35.369613, "経度": 136.614232, "url": "https://www.iryou.teikyouseido.mhlw.go.jp/znk-web/juminkanja/S2430/initialize?prefCd=21&kikanCd=1643006580&kikanKbn=3", "url2": "https://aquashika.com/", "内容": "アクア歯科【3:歯科】岐阜県大垣市林町６丁目８０番アクアウォーク大垣１階" }, "geometry": { "type": "Point", "coordinates": [ 136.614232, 35.369613 ] } },
{ "type": "Feature", "properties": { "ID": 2131643006634, "正式名称": "佐藤歯科", "機関区分": 3, "都道府県コード": 21, "市区町村コード": 202, "所在地": "岐阜県大垣市林町５丁目１８番地", "緯度": 35.368745, "経度": 136.618868, "url": "https://www.iryou.teikyouseido.mhlw.go.jp/znk-web/juminkanja/S2430/initialize?prefCd=21&kikanCd=1643006634&kikanKbn=3", "url2": null, "内容": "佐藤歯科【3:歯科】岐阜県大垣市林町５丁目１８番地" }, "geometry": { "type": "Point", "coordinates": [ 136.618868, 35.368745 ] } },
{ "type": "Feature", "properties": { "ID": 2131643007044, "正式名称": "おおしま歯科", "機関区分": 3, "都道府県コード": 21, "市区町村コード": 202, "所在地": "岐阜県大垣市外野３丁目３７番１", "緯度": 35.334541, "経度": 136.611477, "url": "https://www.iryou.teikyouseido.mhlw.go.jp/znk-web/juminkanja/S2430/initialize?prefCd=21&kikanCd=1643007044&kikanKbn=3", "url2": "http://www.oshimadental.com", "内容": "おおしま歯科【3:歯科】岐阜県大垣市外野３丁目３７番１" }, "geometry": { "type": "Point", "coordinates": [ 136.611477, 35.334541 ] } },
{ "type": "Feature", "properties": { "ID": 2131643007369, "正式名称": "よねだ歯科クリニック", "機関区分": 3, "都道府県コード": 21, "市区町村コード": 381, "所在地": "岐阜県安八郡神戸町神戸１１２９ー３", "緯度": 35.416811, "経度": 136.607021, "url": "https://www.iryou.teikyouseido.mhlw.go.jp/znk-web/juminkanja/S2430/initialize?prefCd=21&kikanCd=1643007369&kikanKbn=3", "url2": null, "内容": "よねだ歯科クリニック【3:歯科】岐阜県安八郡神戸町神戸１１２９ー３" }, "geometry": { "type": "Point", "coordinates": [ 136.607021, 35.416811 ] } },
{ "type": "Feature", "properties": { "ID": 2131643007388, "正式名称": "Ｃａｒｎａ　Ｄｅｎｔａｌ　Ｃｌｉｎｉｃ", "機関区分": 3, "都道府県コード": 21, "市区町村コード": 202, "所在地": "岐阜県大垣市東町四丁目１番地５", "緯度": 35.371913, "経度": 136.647509, "url": "https://www.iryou.teikyouseido.mhlw.go.jp/znk-web/juminkanja/S2430/initialize?prefCd=21&kikanCd=1643007388&kikanKbn=3", "url2": "http://www.carna-dc.com/", "内容": "Ｃａｒｎａ　Ｄｅｎｔａｌ　Ｃｌｉｎｉｃ【3:歯科】岐阜県大垣市東町四丁目１番地５" }, "geometry": { "type": "Point", "coordinates": [ 136.647509, 35.371913 ] } },
{ "type": "Feature", "properties": { "ID": 2131643007407, "正式名称": "今尾歯科医院", "機関区分": 3, "都道府県コード": 21, "市区町村コード": 221, "所在地": "岐阜県海津市平田町今尾２９７７ー１", "緯度": 35.250411, "経度": 136.628924, "url": "https://www.iryou.teikyouseido.mhlw.go.jp/znk-web/juminkanja/S2430/initialize?prefCd=21&kikanCd=1643007407&kikanKbn=3", "url2": null, "内容": "今尾歯科医院【3:歯科】岐阜県海津市平田町今尾２９７７ー１" }, "geometry": { "type": "Point", "coordinates": [ 136.628924, 35.250411 ] } },
{ "type": "Feature", "properties": { "ID": 2131643007520, "正式名称": "アストロ歯科クリニック", "機関区分": 3, "都道府県コード": 21, "市区町村コード": 202, "所在地": "岐阜県大垣市外野２丁目１００番地イオン大垣ショッピングセンター１Ｆ", "緯度": 35.336728, "経度": 136.612523, "url": "https://www.iryou.teikyouseido.mhlw.go.jp/znk-web/juminkanja/S2430/initialize?prefCd=21&kikanCd=1643007520&kikanKbn=3", "url2": "http://www.astro-dc.com/", "内容": "アストロ歯科クリニック【3:歯科】岐阜県大垣市外野２丁目１００番地イオン大垣ショッピングセンター１Ｆ" }, "geometry": { "type": "Point", "coordinates": [ 136.612523, 35.336728 ] } },
{ "type": "Feature", "properties": { "ID": 2131643007559, "正式名称": "わかば歯科", "機関区分": 3, "都道府県コード": 21, "市区町村コード": 202, "所在地": "岐阜県大垣市荒川町字森元４１５ー３", "緯度": 35.361526, "経度": 136.575262, "url": "https://www.iryou.teikyouseido.mhlw.go.jp/znk-web/juminkanja/S2430/initialize?prefCd=21&kikanCd=1643007559&kikanKbn=3", "url2": "http://wakaba-dental.cihp2.jp", "内容": "わかば歯科【3:歯科】岐阜県大垣市荒川町字森元４１５ー３" }, "geometry": { "type": "Point", "coordinates": [ 136.575262, 35.361526 ] } },
{ "type": "Feature", "properties": { "ID": 2131643007595, "正式名称": "医療法人三田会さんた歯科まりえクリニック", "機関区分": 3, "都道府県コード": 21, "市区町村コード": 341, "所在地": "岐阜県養老郡養老町船附１５２１－９", "緯度": 35.281182, "経度": 136.597462, "url": "https://www.iryou.teikyouseido.mhlw.go.jp/znk-web/juminkanja/S2430/initialize?prefCd=21&kikanCd=1643007595&kikanKbn=3", "url2": "https://marie-clinic.com/", "内容": "医療法人三田会さんた歯科まりえクリニック【3:歯科】岐阜県養老郡養老町船附１５２１－９" }, "geometry": { "type": "Point", "coordinates": [ 136.597462, 35.281182 ] } },
{ "type": "Feature", "properties": { "ID": 2131643007596, "正式名称": "きいとすデンタルクリニック", "機関区分": 3, "都道府県コード": 21, "市区町村コード": 381, "所在地": "岐阜県安八郡神戸町丈六道３４１ー７", "緯度": 35.426033, "経度": 136.60688, "url": "https://www.iryou.teikyouseido.mhlw.go.jp/znk-web/juminkanja/S2430/initialize?prefCd=21&kikanCd=1643007596&kikanKbn=3", "url2": "http://www.kiitos-dc.com/", "内容": "きいとすデンタルクリニック【3:歯科】岐阜県安八郡神戸町丈六道３４１ー７" }, "geometry": { "type": "Point", "coordinates": [ 136.60688, 35.426033 ] } },
{ "type": "Feature", "properties": { "ID": 2131643007666, "正式名称": "かがやき歯科クリニック", "機関区分": 3, "都道府県コード": 21, "市区町村コード": 202, "所在地": "岐阜県大垣市大井３丁目５５ー３", "緯度": 35.346639, "経度": 136.631231, "url": "https://www.iryou.teikyouseido.mhlw.go.jp/znk-web/juminkanja/S2430/initialize?prefCd=21&kikanCd=1643007666&kikanKbn=3", "url2": "http://www.kagayaki-dc.com/", "内容": "かがやき歯科クリニック【3:歯科】岐阜県大垣市大井３丁目５５ー３" }, "geometry": { "type": "Point", "coordinates": [ 136.631231, 35.346639 ] } },
{ "type": "Feature", "properties": { "ID": 2131643007720, "正式名称": "おひさまデンタルクリニック歯科・矯正歯科", "機関区分": 3, "都道府県コード": 21, "市区町村コード": 404, "所在地": "岐阜県揖斐郡池田町本郷", "緯度": 35.448666, "経度": 136.5686, "url": "https://www.iryou.teikyouseido.mhlw.go.jp/znk-web/juminkanja/S2430/initialize?prefCd=21&kikanCd=1643007720&kikanKbn=3", "url2": "https://www.ohisama-dental.com/", "内容": "おひさまデンタルクリニック歯科・矯正歯科【3:歯科】岐阜県揖斐郡池田町本郷" }, "geometry": { "type": "Point", "coordinates": [ 136.5686, 35.448666 ] } },
{ "type": "Feature", "properties": { "ID": 2131643007729, "正式名称": "あんどう歯科", "機関区分": 3, "都道府県コード": 21, "市区町村コード": 383, "所在地": "岐阜県安八郡安八町西結２７８２ー４", "緯度": 35.346763, "経度": 136.665008, "url": "https://www.iryou.teikyouseido.mhlw.go.jp/znk-web/juminkanja/S2430/initialize?prefCd=21&kikanCd=1643007729&kikanKbn=3", "url2": null, "内容": "あんどう歯科【3:歯科】岐阜県安八郡安八町西結２７８２ー４" }, "geometry": { "type": "Point", "coordinates": [ 136.665008, 35.346763 ] } },
{ "type": "Feature", "properties": { "ID": 2131643007736, "正式名称": "近藤歯科クリニック", "機関区分": 3, "都道府県コード": 21, "市区町村コード": 202, "所在地": "岐阜県大垣市赤坂新田１丁目１３３番地", "緯度": 35.385716, "経度": 136.587519, "url": "https://www.iryou.teikyouseido.mhlw.go.jp/znk-web/juminkanja/S2430/initialize?prefCd=21&kikanCd=1643007736&kikanKbn=3", "url2": "u-kondo-dc.com", "内容": "近藤歯科クリニック【3:歯科】岐阜県大垣市赤坂新田１丁目１３３番地" }, "geometry": { "type": "Point", "coordinates": [ 136.587519, 35.385716 ] } },
{ "type": "Feature", "properties": { "ID": 2131643008005, "正式名称": "たけなか歯科クリニック", "機関区分": 3, "都道府県コード": 21, "市区町村コード": 404, "所在地": "岐阜県揖斐郡池田町八幡１７３２ー１", "緯度": 35.428787, "経度": 136.578108, "url": "https://www.iryou.teikyouseido.mhlw.go.jp/znk-web/juminkanja/S2430/initialize?prefCd=21&kikanCd=1643008005&kikanKbn=3", "url2": "http://www.takenaka-dc.com", "内容": "たけなか歯科クリニック【3:歯科】岐阜県揖斐郡池田町八幡１７３２ー１" }, "geometry": { "type": "Point", "coordinates": [ 136.578108, 35.428787 ] } },
{ "type": "Feature", "properties": { "ID": 2131643008089, "正式名称": "あさみ歯科", "機関区分": 3, "都道府県コード": 21, "市区町村コード": 362, "所在地": "岐阜県不破郡関ケ原町関ケ原", "緯度": 35.375021, "経度": 136.463341, "url": "https://www.iryou.teikyouseido.mhlw.go.jp/znk-web/juminkanja/S2430/initialize?prefCd=21&kikanCd=1643008089&kikanKbn=3", "url2": "www.asami-shika.jp", "内容": "あさみ歯科【3:歯科】岐阜県不破郡関ケ原町関ケ原" }, "geometry": { "type": "Point", "coordinates": [ 136.463341, 35.375021 ] } },
{ "type": "Feature", "properties": { "ID": 2131643008155, "正式名称": "医療法人　ＯＲＡＬＩＳＳ　くつい歯科クリニック", "機関区分": 3, "都道府県コード": 21, "市区町村コード": 404, "所在地": "岐阜県揖斐郡池田町沓井２５番地の２", "緯度": 35.468325, "経度": 136.549271, "url": "https://www.iryou.teikyouseido.mhlw.go.jp/znk-web/juminkanja/S2430/initialize?prefCd=21&kikanCd=1643008155&kikanKbn=3", "url2": "http://kutsui-dental.com", "内容": "医療法人　ＯＲＡＬＩＳＳ　くつい歯科クリニック【3:歯科】岐阜県揖斐郡池田町沓井２５番地の２" }, "geometry": { "type": "Point", "coordinates": [ 136.549271, 35.468325 ] } },
{ "type": "Feature", "properties": { "ID": 2131643008173, "正式名称": "とし歯科医院", "機関区分": 3, "都道府県コード": 21, "市区町村コード": 361, "所在地": "岐阜県不破郡垂井町２２７３ー８", "緯度": 35.375001, "経度": 136.535502, "url": "https://www.iryou.teikyouseido.mhlw.go.jp/znk-web/juminkanja/S2430/initialize?prefCd=21&kikanCd=1643008173&kikanKbn=3", "url2": "www.dc-toshi.com/", "内容": "とし歯科医院【3:歯科】岐阜県不破郡垂井町２２７３ー８" }, "geometry": { "type": "Point", "coordinates": [ 136.535502, 35.375001 ] } },
{ "type": "Feature", "properties": { "ID": 2131643008220, "正式名称": "きのえデンタルクリニック", "機関区分": 3, "都道府県コード": 21, "市区町村コード": 202, "所在地": "岐阜県大垣市中川町２丁目４４８番地１", "緯度": 35.383211, "経度": 136.613831, "url": "https://www.iryou.teikyouseido.mhlw.go.jp/znk-web/juminkanja/S2430/initialize?prefCd=21&kikanCd=1643008220&kikanKbn=3", "url2": "https://kinoe-dental.com", "内容": "きのえデンタルクリニック【3:歯科】岐阜県大垣市中川町２丁目４４８番地１" }, "geometry": { "type": "Point", "coordinates": [ 136.613831, 35.383211 ] } },
{ "type": "Feature", "properties": { "ID": 2131643008232, "正式名称": "吉田歯科", "機関区分": 3, "都道府県コード": 21, "市区町村コード": 221, "所在地": "岐阜県海津市平田町今尾１６４１ー５", "緯度": 35.249185, "経度": 136.630463, "url": "https://www.iryou.teikyouseido.mhlw.go.jp/znk-web/juminkanja/S2430/initialize?prefCd=21&kikanCd=1643008232&kikanKbn=3", "url2": null, "内容": "吉田歯科【3:歯科】岐阜県海津市平田町今尾１６４１ー５" }, "geometry": { "type": "Point", "coordinates": [ 136.630463, 35.249185 ] } },
{ "type": "Feature", "properties": { "ID": 2131643008249, "正式名称": "けやきデンタルクリニック", "機関区分": 3, "都道府県コード": 21, "市区町村コード": 202, "所在地": "岐阜県大垣市榎戸町二丁目３９番地１", "緯度": 35.381857, "経度": 136.56219, "url": "https://www.iryou.teikyouseido.mhlw.go.jp/znk-web/juminkanja/S2430/initialize?prefCd=21&kikanCd=1643008249&kikanKbn=3", "url2": "http://www.keyaki-dc.jp", "内容": "けやきデンタルクリニック【3:歯科】岐阜県大垣市榎戸町二丁目３９番地１" }, "geometry": { "type": "Point", "coordinates": [ 136.56219, 35.381857 ] } },
{ "type": "Feature", "properties": { "ID": 2131643008539, "正式名称": "にこ歯科医院", "機関区分": 3, "都道府県コード": 21, "市区町村コード": 404, "所在地": "岐阜県揖斐郡池田町八幡１５８３ー１", "緯度": 35.431878, "経度": 136.576185, "url": "https://www.iryou.teikyouseido.mhlw.go.jp/znk-web/juminkanja/S2430/initialize?prefCd=21&kikanCd=1643008539&kikanKbn=3", "url2": "http://www.nicodental.jp", "内容": "にこ歯科医院【3:歯科】岐阜県揖斐郡池田町八幡１５８３ー１" }, "geometry": { "type": "Point", "coordinates": [ 136.576185, 35.431878 ] } },
{ "type": "Feature", "properties": { "ID": 2131643008641, "正式名称": "ますだ歯科", "機関区分": 3, "都道府県コード": 21, "市区町村コード": 401, "所在地": "岐阜県揖斐郡揖斐川町清水１０９０ー６", "緯度": 35.466269, "経度": 136.596002, "url": "https://www.iryou.teikyouseido.mhlw.go.jp/znk-web/juminkanja/S2430/initialize?prefCd=21&kikanCd=1643008641&kikanKbn=3", "url2": "http://masudashika.com", "内容": "ますだ歯科【3:歯科】岐阜県揖斐郡揖斐川町清水１０９０ー６" }, "geometry": { "type": "Point", "coordinates": [ 136.596002, 35.466269 ] } },
{ "type": "Feature", "properties": { "ID": 2131643008654, "正式名称": "ハリヨ歯科", "機関区分": 3, "都道府県コード": 21, "市区町村コード": 202, "所在地": "岐阜県大垣市今宿５丁目１１番地１", "緯度": 35.364874, "経度": 136.637707, "url": "https://www.iryou.teikyouseido.mhlw.go.jp/znk-web/juminkanja/S2430/initialize?prefCd=21&kikanCd=1643008654&kikanKbn=3", "url2": "http://www.hariyo-dental.jp/", "内容": "ハリヨ歯科【3:歯科】岐阜県大垣市今宿５丁目１１番地１" }, "geometry": { "type": "Point", "coordinates": [ 136.637707, 35.364874 ] } },
{ "type": "Feature", "properties": { "ID": 2131643008665, "正式名称": "いとうファミリー歯科クリニック", "機関区分": 3, "都道府県コード": 21, "市区町村コード": 403, "所在地": "岐阜県揖斐郡大野町黒野６３０ー１２", "緯度": 35.465895, "経度": 136.635574, "url": "https://www.iryou.teikyouseido.mhlw.go.jp/znk-web/juminkanja/S2430/initialize?prefCd=21&kikanCd=1643008665&kikanKbn=3", "url2": "ito-family-dental.com", "内容": "いとうファミリー歯科クリニック【3:歯科】岐阜県揖斐郡大野町黒野６３０ー１２" }, "geometry": { "type": "Point", "coordinates": [ 136.635574, 35.465895 ] } },
{ "type": "Feature", "properties": { "ID": 2131643008821, "正式名称": "おおとファミリー歯科室", "機関区分": 3, "都道府県コード": 21, "市区町村コード": 202, "所在地": "岐阜県大垣市上面４丁目６８番１", "緯度": 35.357981, "経度": 136.645428, "url": "https://www.iryou.teikyouseido.mhlw.go.jp/znk-web/juminkanja/S2430/initialize?prefCd=21&kikanCd=1643008821&kikanKbn=3", "url2": "www.ohto-familyshika.com", "内容": "おおとファミリー歯科室【3:歯科】岐阜県大垣市上面４丁目６８番１" }, "geometry": { "type": "Point", "coordinates": [ 136.645428, 35.357981 ] } },
{ "type": "Feature", "properties": { "ID": 2131643008877, "正式名称": "みずたに歯科クリニック", "機関区分": 3, "都道府県コード": 21, "市区町村コード": 401, "所在地": "岐阜県揖斐郡揖斐川町上南方岩崎４８０ー３", "緯度": 35.497491, "経度": 136.557212, "url": "https://www.iryou.teikyouseido.mhlw.go.jp/znk-web/juminkanja/S2430/initialize?prefCd=21&kikanCd=1643008877&kikanKbn=3", "url2": "http://www.mizutani-dent.com", "内容": "みずたに歯科クリニック【3:歯科】岐阜県揖斐郡揖斐川町上南方岩崎４８０ー３" }, "geometry": { "type": "Point", "coordinates": [ 136.557212, 35.497491 ] } },
{ "type": "Feature", "properties": { "ID": 2131643008885, "正式名称": "おおた歯科クリニック", "機関区分": 3, "都道府県コード": 21, "市区町村コード": 202, "所在地": "岐阜県大垣市旭町３丁目１番地", "緯度": 35.359634, "経度": 136.626547, "url": "https://www.iryou.teikyouseido.mhlw.go.jp/znk-web/juminkanja/S2430/initialize?prefCd=21&kikanCd=1643008885&kikanKbn=3", "url2": "http://www.ohta-dc.net", "内容": "おおた歯科クリニック【3:歯科】岐阜県大垣市旭町３丁目１番地" }, "geometry": { "type": "Point", "coordinates": [ 136.626547, 35.359634 ] } },
{ "type": "Feature", "properties": { "ID": 2131643008897, "正式名称": "医療法人社団三志会　林歯科クリニック", "機関区分": 3, "都道府県コード": 21, "市区町村コード": 202, "所在地": "岐阜県大垣市墨俣町墨俣５７２", "緯度": 35.365183, "経度": 136.679946, "url": "https://www.iryou.teikyouseido.mhlw.go.jp/znk-web/juminkanja/S2430/initialize?prefCd=21&kikanCd=1643008897&kikanKbn=3", "url2": "https://www.hayashi-d-clinic.com", "内容": "医療法人社団三志会　林歯科クリニック【3:歯科】岐阜県大垣市墨俣町墨俣５７２" }, "geometry": { "type": "Point", "coordinates": [ 136.679946, 35.365183 ] } },
{ "type": "Feature", "properties": { "ID": 2131643008936, "正式名称": "はなもも歯科クリニック", "機関区分": 3, "都道府県コード": 21, "市区町村コード": 401, "所在地": "岐阜県揖斐郡揖斐川町三輪１７２番地", "緯度": 35.486198, "経度": 136.570363, "url": "https://www.iryou.teikyouseido.mhlw.go.jp/znk-web/juminkanja/S2430/initialize?prefCd=21&kikanCd=1643008936&kikanKbn=3", "url2": "hanamomodent.com", "内容": "はなもも歯科クリニック【3:歯科】岐阜県揖斐郡揖斐川町三輪１７２番地" }, "geometry": { "type": "Point", "coordinates": [ 136.570363, 35.486198 ] } },
{ "type": "Feature", "properties": { "ID": 2131643008937, "正式名称": "大垣スイトスクエア歯科・矯正歯科", "機関区分": 3, "都道府県コード": 21, "市区町村コード": 202, "所在地": "岐阜県大垣市宮町１丁目１番地スイトアベニュー３階", "緯度": 35.365629, "経度": 136.615565, "url": "https://www.iryou.teikyouseido.mhlw.go.jp/znk-web/juminkanja/S2430/initialize?prefCd=21&kikanCd=1643008937&kikanKbn=3", "url2": null, "内容": "大垣スイトスクエア歯科・矯正歯科【3:歯科】岐阜県大垣市宮町１丁目１番地スイトアベニュー３階" }, "geometry": { "type": "Point", "coordinates": [ 136.615565, 35.365629 ] } },
{ "type": "Feature", "properties": { "ID": 2131643009008, "正式名称": "かさはら歯科クリニック", "機関区分": 3, "都道府県コード": 21, "市区町村コード": 202, "所在地": "岐阜県大垣市静里町８５２", "緯度": 35.358564, "経度": 136.593281, "url": "https://www.iryou.teikyouseido.mhlw.go.jp/znk-web/juminkanja/S2430/initialize?prefCd=21&kikanCd=1643009008&kikanKbn=3", "url2": "https://www.kasahara-dc.net/", "内容": "かさはら歯科クリニック【3:歯科】岐阜県大垣市静里町８５２" }, "geometry": { "type": "Point", "coordinates": [ 136.593281, 35.358564 ] } },
{ "type": "Feature", "properties": { "ID": 2131643009064, "正式名称": "杉村歯科医院", "機関区分": 3, "都道府県コード": 21, "市区町村コード": 221, "所在地": "岐阜県海津市南濃町松山２５５ー５", "緯度": 35.159862, "経度": 136.631789, "url": "https://www.iryou.teikyouseido.mhlw.go.jp/znk-web/juminkanja/S2430/initialize?prefCd=21&kikanCd=1643009064&kikanKbn=3", "url2": "https://5030533kimurasika.com", "内容": "杉村歯科医院【3:歯科】岐阜県海津市南濃町松山２５５ー５" }, "geometry": { "type": "Point", "coordinates": [ 136.631789, 35.159862 ] } },
{ "type": "Feature", "properties": { "ID": 2131643009083, "正式名称": "田中矯正歯科おとな　こども歯科", "機関区分": 3, "都道府県コード": 21, "市区町村コード": 202, "所在地": "岐阜県大垣市南高橋町３丁目３４番地１オーソ大垣ビル", "緯度": 35.358209, "経度": 136.623893, "url": "https://www.iryou.teikyouseido.mhlw.go.jp/znk-web/juminkanja/S2430/initialize?prefCd=21&kikanCd=1643009083&kikanKbn=3", "url2": "https://tanakyo-syounishika.jp/", "内容": "田中矯正歯科おとな　こども歯科【3:歯科】岐阜県大垣市南高橋町３丁目３４番地１オーソ大垣ビル" }, "geometry": { "type": "Point", "coordinates": [ 136.623893, 35.358209 ] } },
{ "type": "Feature", "properties": { "ID": 2131643009089, "正式名称": "ののデンタルクリニック", "機関区分": 3, "都道府県コード": 21, "市区町村コード": 202, "所在地": "岐阜県大垣市墨俣町二ツ木１５２番地の１", "緯度": 35.362227, "経度": 136.677275, "url": "https://www.iryou.teikyouseido.mhlw.go.jp/znk-web/juminkanja/S2430/initialize?prefCd=21&kikanCd=1643009089&kikanKbn=3", "url2": "https://www.nono-dentalclinlc.com/", "内容": "ののデンタルクリニック【3:歯科】岐阜県大垣市墨俣町二ツ木１５２番地の１" }, "geometry": { "type": "Point", "coordinates": [ 136.677275, 35.362227 ] } },
{ "type": "Feature", "properties": { "ID": 2131643009101, "正式名称": "とみやま歯科クリニック", "機関区分": 3, "都道府県コード": 21, "市区町村コード": 202, "所在地": "岐阜県大垣市安井町", "緯度": 35.354306, "経度": 136.628045, "url": "https://www.iryou.teikyouseido.mhlw.go.jp/znk-web/juminkanja/S2430/initialize?prefCd=21&kikanCd=1643009101&kikanKbn=3", "url2": "http://www.tomiyamadental.com", "内容": "とみやま歯科クリニック【3:歯科】岐阜県大垣市安井町" }, "geometry": { "type": "Point", "coordinates": [ 136.628045, 35.354306 ] } },
{ "type": "Feature", "properties": { "ID": 2131643009165, "正式名称": "大垣垂井歯科口腔外科クリニック", "機関区分": 3, "都道府県コード": 21, "市区町村コード": 361, "所在地": "岐阜県不破郡垂井町表佐５０１１ー２", "緯度": 35.366462, "経度": 136.559987, "url": "https://www.iryou.teikyouseido.mhlw.go.jp/znk-web/juminkanja/S2430/initialize?prefCd=21&kikanCd=1643009165&kikanKbn=3", "url2": "www.oogakitarui-dental.com", "内容": "大垣垂井歯科口腔外科クリニック【3:歯科】岐阜県不破郡垂井町表佐５０１１ー２" }, "geometry": { "type": "Point", "coordinates": [ 136.559987, 35.366462 ] } },
{ "type": "Feature", "properties": { "ID": 2131643009229, "正式名称": "碧の杜歯科くりにっく", "機関区分": 3, "都道府県コード": 21, "市区町村コード": 381, "所在地": "岐阜県安八郡神戸町北一色５５２番３", "緯度": 35.429359, "経度": 136.594971, "url": "https://www.iryou.teikyouseido.mhlw.go.jp/znk-web/juminkanja/S2430/initialize?prefCd=21&kikanCd=1643009229&kikanKbn=3", "url2": "https://www.aonomori.net", "内容": "碧の杜歯科くりにっく【3:歯科】岐阜県安八郡神戸町北一色５５２番３" }, "geometry": { "type": "Point", "coordinates": [ 136.594971, 35.429359 ] } },
{ "type": "Feature", "properties": { "ID": 2131643009244, "正式名称": "みずたに歯科クリニック", "機関区分": 3, "都道府県コード": 21, "市区町村コード": 202, "所在地": "岐阜県大垣市寺内町１丁目２５−１", "緯度": 35.35453, "経度": 136.61764, "url": "https://www.iryou.teikyouseido.mhlw.go.jp/znk-web/juminkanja/S2430/initialize?prefCd=21&kikanCd=1643009244&kikanKbn=3", "url2": "https://mizutani-shika.jp/", "内容": "みずたに歯科クリニック【3:歯科】岐阜県大垣市寺内町１丁目２５−１" }, "geometry": { "type": "Point", "coordinates": [ 136.61764, 35.35453 ] } },
{ "type": "Feature", "properties": { "ID": 2131643009310, "正式名称": "Ｋｅａ　Ｄｅｎｔａｌ　Ｃｌｉｎｉｃ", "機関区分": 3, "都道府県コード": 21, "市区町村コード": 202, "所在地": "岐阜県大垣市本今４丁目６４ー１", "緯度": 35.345765, "経度": 136.606282, "url": "https://www.iryou.teikyouseido.mhlw.go.jp/znk-web/juminkanja/S2430/initialize?prefCd=21&kikanCd=1643009310&kikanKbn=3", "url2": "https://www.kea-dental.clinic/", "内容": "Ｋｅａ　Ｄｅｎｔａｌ　Ｃｌｉｎｉｃ【3:歯科】岐阜県大垣市本今４丁目６４ー１" }, "geometry": { "type": "Point", "coordinates": [ 136.606282, 35.345765 ] } },
{ "type": "Feature", "properties": { "ID": 2131643009330, "正式名称": "大垣ひまわり歯科", "機関区分": 3, "都道府県コード": 21, "市区町村コード": 202, "所在地": "岐阜県大垣市長松町７５９番５", "緯度": 35.363058, "経度": 136.610717, "url": "https://www.iryou.teikyouseido.mhlw.go.jp/znk-web/juminkanja/S2430/initialize?prefCd=21&kikanCd=1643009330&kikanKbn=3", "url2": "https://ogk-himawari.com/", "内容": "大垣ひまわり歯科【3:歯科】岐阜県大垣市長松町７５９番５" }, "geometry": { "type": "Point", "coordinates": [ 136.610717, 35.363058 ] } },
{ "type": "Feature", "properties": { "ID": 2131643009337, "正式名称": "片野歯科", "機関区分": 3, "都道府県コード": 21, "市区町村コード": 202, "所在地": "岐阜県大垣市林町１丁目４６の１１番地", "緯度": 35.368875, "経度": 136.622095, "url": "https://www.iryou.teikyouseido.mhlw.go.jp/znk-web/juminkanja/S2430/initialize?prefCd=21&kikanCd=1643009337&kikanKbn=3", "url2": "https://katano-dental.com/", "内容": "片野歯科【3:歯科】岐阜県大垣市林町１丁目４６の１１番地" }, "geometry": { "type": "Point", "coordinates": [ 136.622095, 35.368875 ] } },
{ "type": "Feature", "properties": { "ID": 2131643009347, "正式名称": "ひかり歯科クリニック", "機関区分": 3, "都道府県コード": 21, "市区町村コード": 361, "所在地": "岐阜県不破郡垂井町綾戸１１１２－３", "緯度": 35.372237, "経度": 136.54421, "url": "https://www.iryou.teikyouseido.mhlw.go.jp/znk-web/juminkanja/S2430/initialize?prefCd=21&kikanCd=1643009347&kikanKbn=3", "url2": "https://hikari-dentalclinic.net", "内容": "ひかり歯科クリニック【3:歯科】岐阜県不破郡垂井町綾戸１１１２－３" }, "geometry": { "type": "Point", "coordinates": [ 136.54421, 35.372237 ] } },
{ "type": "Feature", "properties": { "ID": 2131643009354, "正式名称": "カミング歯科　大垣分院", "機関区分": 3, "都道府県コード": 21, "市区町村コード": 202, "所在地": "岐阜県大垣市河間町", "緯度": 35.382297, "経度": 136.601775, "url": "https://www.iryou.teikyouseido.mhlw.go.jp/znk-web/juminkanja/S2430/initialize?prefCd=21&kikanCd=1643009354&kikanKbn=3", "url2": null, "内容": "カミング歯科　大垣分院【3:歯科】岐阜県大垣市河間町" }, "geometry": { "type": "Point", "coordinates": [ 136.601775, 35.382297 ] } },
{ "type": "Feature", "properties": { "ID": 2131643009571, "正式名称": "あゆむ歯科", "機関区分": 3, "都道府県コード": 21, "市区町村コード": 202, "所在地": "岐阜県大垣市新田町２ー１２６５ー１", "緯度": 35.345845, "経度": 136.622743, "url": "https://www.iryou.teikyouseido.mhlw.go.jp/znk-web/juminkanja/S2430/initialize?prefCd=21&kikanCd=1643009571&kikanKbn=3", "url2": "https://ayumu-dental.com", "内容": "あゆむ歯科【3:歯科】岐阜県大垣市新田町２ー１２６５ー１" }, "geometry": { "type": "Point", "coordinates": [ 136.622743, 35.345845 ] } },
{ "type": "Feature", "properties": { "ID": 2131643009765, "正式名称": "伊藤歯科医院", "機関区分": 3, "都道府県コード": 21, "市区町村コード": 341, "所在地": "岐阜県養老郡養老町押越１０１７ー７", "緯度": 35.304538, "経度": 136.558041, "url": "https://www.iryou.teikyouseido.mhlw.go.jp/znk-web/juminkanja/S2430/initialize?prefCd=21&kikanCd=1643009765&kikanKbn=3", "url2": "https://itoh-dental-clinic.amebaownd.com", "内容": "伊藤歯科医院【3:歯科】岐阜県養老郡養老町押越１０１７ー７" }, "geometry": { "type": "Point", "coordinates": [ 136.558041, 35.304538 ] } },
{ "type": "Feature", "properties": { "ID": 2131643009772, "正式名称": "すぎの矯正歯科・ひだまり歯科", "機関区分": 3, "都道府県コード": 21, "市区町村コード": 202, "所在地": "岐阜県大垣市築捨町２ー７７", "緯度": 35.332905, "経度": 136.62068, "url": "https://www.iryou.teikyouseido.mhlw.go.jp/znk-web/juminkanja/S2430/initialize?prefCd=21&kikanCd=1643009772&kikanKbn=3", "url2": "sugino_ortho_dc.com", "内容": "すぎの矯正歯科・ひだまり歯科【3:歯科】岐阜県大垣市築捨町２ー７７" }, "geometry": { "type": "Point", "coordinates": [ 136.62068, 35.332905 ] } },
{ "type": "Feature", "properties": { "ID": 2131643009801, "正式名称": "大垣みらいファミリー歯科＋Ｋｉｄｓ", "機関区分": 3, "都道府県コード": 21, "市区町村コード": 202, "所在地": "岐阜県大垣市宿地町９６０－３５", "緯度": 35.374017, "経度": 136.607518, "url": "https://www.iryou.teikyouseido.mhlw.go.jp/znk-web/juminkanja/S2430/initialize?prefCd=21&kikanCd=1643009801&kikanKbn=3", "url2": "https://mirai-family-dc.com", "内容": "大垣みらいファミリー歯科＋Ｋｉｄｓ【3:歯科】岐阜県大垣市宿地町９６０－３５" }, "geometry": { "type": "Point", "coordinates": [ 136.607518, 35.374017 ] } },
{ "type": "Feature", "properties": { "ID": 2131643009853, "正式名称": "ＳＨＩＲＯ歯科", "機関区分": 3, "都道府県コード": 21, "市区町村コード": 401, "所在地": "岐阜県揖斐郡揖斐川町和田７８９−１", "緯度": 35.475845, "経度": 136.563306, "url": "https://www.iryou.teikyouseido.mhlw.go.jp/znk-web/juminkanja/S2430/initialize?prefCd=21&kikanCd=1643009853&kikanKbn=3", "url2": "hanasaka.ci-hp.jp", "内容": "ＳＨＩＲＯ歯科【3:歯科】岐阜県揖斐郡揖斐川町和田７８９−１" }, "geometry": { "type": "Point", "coordinates": [ 136.563306, 35.475845 ] } },
{ "type": "Feature", "properties": { "ID": 2131643009930, "正式名称": "ノリデンタルクリニック", "機関区分": 3, "都道府県コード": 21, "市区町村コード": 403, "所在地": "岐阜県揖斐郡大野町下磯３１０番地１", "緯度": 35.432091, "経度": 136.628302, "url": "https://www.iryou.teikyouseido.mhlw.go.jp/znk-web/juminkanja/S2430/initialize?prefCd=21&kikanCd=1643009930&kikanKbn=3", "url2": "https://www.nori-dc.jp", "内容": "ノリデンタルクリニック【3:歯科】岐阜県揖斐郡大野町下磯３１０番地１" }, "geometry": { "type": "Point", "coordinates": [ 136.628302, 35.432091 ] } },
{ "type": "Feature", "properties": { "ID": 2131652009760, "正式名称": "さくら歯科医院", "機関区分": 3, "都道府県コード": 21, "市区町村コード": 214, "所在地": "岐阜県可児市皐ケ丘９丁目１８番", "緯度": 35.385825, "経度": 137.102287, "url": "https://www.iryou.teikyouseido.mhlw.go.jp/znk-web/juminkanja/S2430/initialize?prefCd=21&kikanCd=1652009760&kikanKbn=3", "url2": "https://kani-sakura.com/", "内容": "さくら歯科医院【3:歯科】岐阜県可児市皐ケ丘９丁目１８番" }, "geometry": { "type": "Point", "coordinates": [ 137.102287, 35.385825 ] } },
{ "type": "Feature", "properties": { "ID": 2131653002827, "正式名称": "筧歯科医院", "機関区分": 3, "都道府県コード": 21, "市区町村コード": 219, "所在地": "岐阜県郡上市八幡町島谷１４６５", "緯度": 35.748558, "経度": 136.955563, "url": "https://www.iryou.teikyouseido.mhlw.go.jp/znk-web/juminkanja/S2430/initialize?prefCd=21&kikanCd=1653002827&kikanKbn=3", "url2": null, "内容": "筧歯科医院【3:歯科】岐阜県郡上市八幡町島谷１４６５" }, "geometry": { "type": "Point", "coordinates": [ 136.955563, 35.748558 ] } },
{ "type": "Feature", "properties": { "ID": 2131653002829, "正式名称": "畑佐歯科医院", "機関区分": 3, "都道府県コード": 21, "市区町村コード": 219, "所在地": "岐阜県郡上市八幡町本町８５３", "緯度": 35.750783, "経度": 136.956184, "url": "https://www.iryou.teikyouseido.mhlw.go.jp/znk-web/juminkanja/S2430/initialize?prefCd=21&kikanCd=1653002829&kikanKbn=3", "url2": null, "内容": "畑佐歯科医院【3:歯科】岐阜県郡上市八幡町本町８５３" }, "geometry": { "type": "Point", "coordinates": [ 136.956184, 35.750783 ] } },
{ "type": "Feature", "properties": { "ID": 2131653002831, "正式名称": "岩谷歯科医院", "機関区分": 3, "都道府県コード": 21, "市区町村コード": 219, "所在地": "岐阜県郡上市大和町徳永７３０ー１", "緯度": 35.810988, "経度": 136.900437, "url": "https://www.iryou.teikyouseido.mhlw.go.jp/znk-web/juminkanja/S2430/initialize?prefCd=21&kikanCd=1653002831&kikanKbn=3", "url2": null, "内容": "岩谷歯科医院【3:歯科】岐阜県郡上市大和町徳永７３０ー１" }, "geometry": { "type": "Point", "coordinates": [ 136.900437, 35.810988 ] } },
{ "type": "Feature", "properties": { "ID": 2131653002832, "正式名称": "田代歯科医院", "機関区分": 3, "都道府県コード": 21, "市区町村コード": 219, "所在地": "岐阜県郡上市白鳥町大島１４９４", "緯度": 35.857167, "経度": 136.867281, "url": "https://www.iryou.teikyouseido.mhlw.go.jp/znk-web/juminkanja/S2430/initialize?prefCd=21&kikanCd=1653002832&kikanKbn=3", "url2": null, "内容": "田代歯科医院【3:歯科】岐阜県郡上市白鳥町大島１４９４" }, "geometry": { "type": "Point", "coordinates": [ 136.867281, 35.857167 ] } },
{ "type": "Feature", "properties": { "ID": 2131653002833, "正式名称": "中村歯科医院", "機関区分": 3, "都道府県コード": 21, "市区町村コード": 219, "所在地": "岐阜県郡上市白鳥町白鳥１２８ー１", "緯度": 35.882802, "経度": 136.860518, "url": "https://www.iryou.teikyouseido.mhlw.go.jp/znk-web/juminkanja/S2430/initialize?prefCd=21&kikanCd=1653002833&kikanKbn=3", "url2": null, "内容": "中村歯科医院【3:歯科】岐阜県郡上市白鳥町白鳥１２８ー１" }, "geometry": { "type": "Point", "coordinates": [ 136.860518, 35.882802 ] } },
{ "type": "Feature", "properties": { "ID": 2131653002838, "正式名称": "曽我歯科医院", "機関区分": 3, "都道府県コード": 21, "市区町村コード": 219, "所在地": "岐阜県郡上市白鳥町白鳥７４９－１１", "緯度": 35.889045, "経度": 136.856382, "url": "https://www.iryou.teikyouseido.mhlw.go.jp/znk-web/juminkanja/S2430/initialize?prefCd=21&kikanCd=1653002838&kikanKbn=3", "url2": null, "内容": "曽我歯科医院【3:歯科】岐阜県郡上市白鳥町白鳥７４９－１１" }, "geometry": { "type": "Point", "coordinates": [ 136.856382, 35.889045 ] } },
{ "type": "Feature", "properties": { "ID": 2131653002840, "正式名称": "八木歯科医院", "機関区分": 3, "都道府県コード": 21, "市区町村コード": 219, "所在地": "岐阜県郡上市美並町白山１５８３ー１", "緯度": 35.648102, "経度": 136.952607, "url": "https://www.iryou.teikyouseido.mhlw.go.jp/znk-web/juminkanja/S2430/initialize?prefCd=21&kikanCd=1653002840&kikanKbn=3", "url2": null, "内容": "八木歯科医院【3:歯科】岐阜県郡上市美並町白山１５８３ー１" }, "geometry": { "type": "Point", "coordinates": [ 136.952607, 35.648102 ] } },
{ "type": "Feature", "properties": { "ID": 2131653002842, "正式名称": "太田歯科医院", "機関区分": 3, "都道府県コード": 21, "市区町村コード": 219, "所在地": "岐阜県郡上市美並町白山１３４５ー１", "緯度": 35.654344, "経度": 136.949653, "url": "https://www.iryou.teikyouseido.mhlw.go.jp/znk-web/juminkanja/S2430/initialize?prefCd=21&kikanCd=1653002842&kikanKbn=3", "url2": null, "内容": "太田歯科医院【3:歯科】岐阜県郡上市美並町白山１３４５ー１" }, "geometry": { "type": "Point", "coordinates": [ 136.949653, 35.654344 ] } },
{ "type": "Feature", "properties": { "ID": 2131653002843, "正式名称": "俊歯科医院", "機関区分": 3, "都道府県コード": 21, "市区町村コード": 219, "所在地": "岐阜県郡上市八幡町小野４ー１ー３", "緯度": 35.756348, "経度": 136.969536, "url": "https://www.iryou.teikyouseido.mhlw.go.jp/znk-web/juminkanja/S2430/initialize?prefCd=21&kikanCd=1653002843&kikanKbn=3", "url2": null, "内容": "俊歯科医院【3:歯科】岐阜県郡上市八幡町小野４ー１ー３" }, "geometry": { "type": "Point", "coordinates": [ 136.969536, 35.756348 ] } },
{ "type": "Feature", "properties": { "ID": 2131653002846, "正式名称": "高木歯科医院", "機関区分": 3, "都道府県コード": 21, "市区町村コード": 211, "所在地": "岐阜県美濃加茂市太田町４３０８", "緯度": 35.440848, "経度": 137.018902, "url": "https://www.iryou.teikyouseido.mhlw.go.jp/znk-web/juminkanja/S2430/initialize?prefCd=21&kikanCd=1653002846&kikanKbn=3", "url2": null, "内容": "高木歯科医院【3:歯科】岐阜県美濃加茂市太田町４３０８" }, "geometry": { "type": "Point", "coordinates": [ 137.018902, 35.440848 ] } },
{ "type": "Feature", "properties": { "ID": 2131653002848, "正式名称": "長江歯科医院", "機関区分": 3, "都道府県コード": 21, "市区町村コード": 211, "所在地": "岐阜県美濃加茂市古井町下古井７０", "緯度": 35.443106, "経度": 137.021342, "url": "https://www.iryou.teikyouseido.mhlw.go.jp/znk-web/juminkanja/S2430/initialize?prefCd=21&kikanCd=1653002848&kikanKbn=3", "url2": null, "内容": "長江歯科医院【3:歯科】岐阜県美濃加茂市古井町下古井７０" }, "geometry": { "type": "Point", "coordinates": [ 137.021342, 35.443106 ] } },
{ "type": "Feature", "properties": { "ID": 2131653002849, "正式名称": "医療法人社団巳吉会中島歯科医院", "機関区分": 3, "都道府県コード": 21, "市区町村コード": 211, "所在地": "岐阜県美濃加茂市森山町３－１１－１５", "緯度": 35.457223, "経度": 137.050498, "url": "https://www.iryou.teikyouseido.mhlw.go.jp/znk-web/juminkanja/S2430/initialize?prefCd=21&kikanCd=1653002849&kikanKbn=3", "url2": "http://nakashima-shika.jp/", "内容": "医療法人社団巳吉会中島歯科医院【3:歯科】岐阜県美濃加茂市森山町３－１１－１５" }, "geometry": { "type": "Point", "coordinates": [ 137.050498, 35.457223 ] } },
{ "type": "Feature", "properties": { "ID": 2131653002856, "正式名称": "福田歯科医院", "機関区分": 3, "都道府県コード": 21, "市区町村コード": 214, "所在地": "岐阜県可児市土田４１８ー１", "緯度": 35.42388, "経度": 137.012665, "url": "https://www.iryou.teikyouseido.mhlw.go.jp/znk-web/juminkanja/S2430/initialize?prefCd=21&kikanCd=1653002856&kikanKbn=3", "url2": null, "内容": "福田歯科医院【3:歯科】岐阜県可児市土田４１８ー１" }, "geometry": { "type": "Point", "coordinates": [ 137.012665, 35.42388 ] } },
{ "type": "Feature", "properties": { "ID": 2131653002859, "正式名称": "三共歯科医院", "機関区分": 3, "都道府県コード": 21, "市区町村コード": 214, "所在地": "岐阜県可児市下恵土２９００ー１", "緯度": 35.423408, "経度": 137.050272, "url": "https://www.iryou.teikyouseido.mhlw.go.jp/znk-web/juminkanja/S2430/initialize?prefCd=21&kikanCd=1653002859&kikanKbn=3", "url2": null, "内容": "三共歯科医院【3:歯科】岐阜県可児市下恵土２９００ー１" }, "geometry": { "type": "Point", "coordinates": [ 137.050272, 35.423408 ] } },
{ "type": "Feature", "properties": { "ID": 2131653002861, "正式名称": "亀谷歯科医院", "機関区分": 3, "都道府県コード": 21, "市区町村コード": 214, "所在地": "岐阜県可児市広見６８９ー３", "緯度": 35.422479, "経度": 137.05936, "url": "https://www.iryou.teikyouseido.mhlw.go.jp/znk-web/juminkanja/S2430/initialize?prefCd=21&kikanCd=1653002861&kikanKbn=3", "url2": "https://kamegai-dental.com", "内容": "亀谷歯科医院【3:歯科】岐阜県可児市広見６８９ー３" }, "geometry": { "type": "Point", "coordinates": [ 137.05936, 35.422479 ] } },
{ "type": "Feature", "properties": { "ID": 2131653002862, "正式名称": "西山歯科医院", "機関区分": 3, "都道府県コード": 21, "市区町村コード": 214, "所在地": "岐阜県可児市羽崎３０８番地", "緯度": 35.417549, "経度": 137.075811, "url": "https://www.iryou.teikyouseido.mhlw.go.jp/znk-web/juminkanja/S2430/initialize?prefCd=21&kikanCd=1653002862&kikanKbn=3", "url2": null, "内容": "西山歯科医院【3:歯科】岐阜県可児市羽崎３０８番地" }, "geometry": { "type": "Point", "coordinates": [ 137.075811, 35.417549 ] } },
{ "type": "Feature", "properties": { "ID": 2131653002867, "正式名称": "福井歯科医院", "機関区分": 3, "都道府県コード": 21, "市区町村コード": 504, "所在地": "岐阜県加茂郡七宗町上麻生２５０８ー２", "緯度": 35.542115, "経度": 137.117519, "url": "https://www.iryou.teikyouseido.mhlw.go.jp/znk-web/juminkanja/S2430/initialize?prefCd=21&kikanCd=1653002867&kikanKbn=3", "url2": "http://www.fukui-shika.com/", "内容": "福井歯科医院【3:歯科】岐阜県加茂郡七宗町上麻生２５０８ー２" }, "geometry": { "type": "Point", "coordinates": [ 137.117519, 35.542115 ] } },
{ "type": "Feature", "properties": { "ID": 2131653002872, "正式名称": "可知歯科医院", "機関区分": 3, "都道府県コード": 21, "市区町村コード": 521, "所在地": "岐阜県可児郡御嵩町御嵩１４４７－３", "緯度": 35.43017, "経度": 137.132257, "url": "https://www.iryou.teikyouseido.mhlw.go.jp/znk-web/juminkanja/S2430/initialize?prefCd=21&kikanCd=1653002872&kikanKbn=3", "url2": null, "内容": "可知歯科医院【3:歯科】岐阜県可児郡御嵩町御嵩１４４７－３" }, "geometry": { "type": "Point", "coordinates": [ 137.132257, 35.43017 ] } },
{ "type": "Feature", "properties": { "ID": 2131653002873, "正式名称": "田原歯科医院", "機関区分": 3, "都道府県コード": 21, "市区町村コード": 521, "所在地": "岐阜県可児郡御嵩町中２４４４番地３", "緯度": 35.433073, "経度": 137.127694, "url": "https://www.iryou.teikyouseido.mhlw.go.jp/znk-web/juminkanja/S2430/initialize?prefCd=21&kikanCd=1653002873&kikanKbn=3", "url2": "https://tahara-shikaiin.doctorsfile.jp/", "内容": "田原歯科医院【3:歯科】岐阜県可児郡御嵩町中２４４４番地３" }, "geometry": { "type": "Point", "coordinates": [ 137.127694, 35.433073 ] } },
{ "type": "Feature", "properties": { "ID": 2131653002876, "正式名称": "ファミリー歯科　美濃加茂おとなこども矯正", "機関区分": 3, "都道府県コード": 21, "市区町村コード": 211, "所在地": "岐阜県美濃加茂市太田町２５９７−６", "緯度": 35.444013, "経度": 137.019958, "url": "https://www.iryou.teikyouseido.mhlw.go.jp/znk-web/juminkanja/S2430/initialize?prefCd=21&kikanCd=1653002876&kikanKbn=3", "url2": "familyshika0055.com", "内容": "ファミリー歯科　美濃加茂おとなこども矯正【3:歯科】岐阜県美濃加茂市太田町２５９７−６" }, "geometry": { "type": "Point", "coordinates": [ 137.019958, 35.444013 ] } },
{ "type": "Feature", "properties": { "ID": 2131653002879, "正式名称": "西山歯科医院", "機関区分": 3, "都道府県コード": 21, "市区町村コード": 214, "所在地": "岐阜県可児市兼山６９１", "緯度": 35.456558, "経度": 137.092319, "url": "https://www.iryou.teikyouseido.mhlw.go.jp/znk-web/juminkanja/S2430/initialize?prefCd=21&kikanCd=1653002879&kikanKbn=3", "url2": null, "内容": "西山歯科医院【3:歯科】岐阜県可児市兼山６９１" }, "geometry": { "type": "Point", "coordinates": [ 137.092319, 35.456558 ] } },
{ "type": "Feature", "properties": { "ID": 2131653002880, "正式名称": "古瀬歯科", "機関区分": 3, "都道府県コード": 21, "市区町村コード": 505, "所在地": "岐阜県加茂郡八百津町八百津３５８３ー１", "緯度": 35.474066, "経度": 137.143603, "url": "https://www.iryou.teikyouseido.mhlw.go.jp/znk-web/juminkanja/S2430/initialize?prefCd=21&kikanCd=1653002880&kikanKbn=3", "url2": "http://y-furuse.cihp.jp", "内容": "古瀬歯科【3:歯科】岐阜県加茂郡八百津町八百津３５８３ー１" }, "geometry": { "type": "Point", "coordinates": [ 137.143603, 35.474066 ] } },
{ "type": "Feature", "properties": { "ID": 2131653002881, "正式名称": "坂祝歯科医院", "機関区分": 3, "都道府県コード": 21, "市区町村コード": 501, "所在地": "岐阜県加茂郡坂祝町酒倉１４３９ー８", "緯度": 35.440405, "経度": 136.991768, "url": "https://www.iryou.teikyouseido.mhlw.go.jp/znk-web/juminkanja/S2430/initialize?prefCd=21&kikanCd=1653002881&kikanKbn=3", "url2": null, "内容": "坂祝歯科医院【3:歯科】岐阜県加茂郡坂祝町酒倉１４３９ー８" }, "geometry": { "type": "Point", "coordinates": [ 136.991768, 35.440405 ] } },
{ "type": "Feature", "properties": { "ID": 2131653002882, "正式名称": "松村歯科医院", "機関区分": 3, "都道府県コード": 21, "市区町村コード": 211, "所在地": "岐阜県美濃加茂市牧野２５６７ー２", "緯度": 35.452482, "経度": 137.064811, "url": "https://www.iryou.teikyouseido.mhlw.go.jp/znk-web/juminkanja/S2430/initialize?prefCd=21&kikanCd=1653002882&kikanKbn=3", "url2": null, "内容": "松村歯科医院【3:歯科】岐阜県美濃加茂市牧野２５６７ー２" }, "geometry": { "type": "Point", "coordinates": [ 137.064811, 35.452482 ] } },
{ "type": "Feature", "properties": { "ID": 2131653002888, "正式名称": "藤井歯科医院", "機関区分": 3, "都道府県コード": 21, "市区町村コード": 214, "所在地": "岐阜県可児市平貝戸３１２", "緯度": 35.431846, "経度": 137.087106, "url": "https://www.iryou.teikyouseido.mhlw.go.jp/znk-web/juminkanja/S2430/initialize?prefCd=21&kikanCd=1653002888&kikanKbn=3", "url2": null, "内容": "藤井歯科医院【3:歯科】岐阜県可児市平貝戸３１２" }, "geometry": { "type": "Point", "coordinates": [ 137.087106, 35.431846 ] } },
{ "type": "Feature", "properties": { "ID": 2131653002889, "正式名称": "なかい歯科", "機関区分": 3, "都道府県コード": 21, "市区町村コード": 214, "所在地": "岐阜県可児市桜ヶ丘４丁目２３番地", "緯度": 35.376877, "経度": 137.115185, "url": "https://www.iryou.teikyouseido.mhlw.go.jp/znk-web/juminkanja/S2430/initialize?prefCd=21&kikanCd=1653002889&kikanKbn=3", "url2": null, "内容": "なかい歯科【3:歯科】岐阜県可児市桜ヶ丘４丁目２３番地" }, "geometry": { "type": "Point", "coordinates": [ 137.115185, 35.376877 ] } },
{ "type": "Feature", "properties": { "ID": 2131653002891, "正式名称": "あらい歯科医院", "機関区分": 3, "都道府県コード": 21, "市区町村コード": 214, "所在地": "岐阜県可児市川合７７３ー１", "緯度": 35.437758, "経度": 137.059836, "url": "https://www.iryou.teikyouseido.mhlw.go.jp/znk-web/juminkanja/S2430/initialize?prefCd=21&kikanCd=1653002891&kikanKbn=3", "url2": null, "内容": "あらい歯科医院【3:歯科】岐阜県可児市川合７７３ー１" }, "geometry": { "type": "Point", "coordinates": [ 137.059836, 35.437758 ] } },
{ "type": "Feature", "properties": { "ID": 2131653002893, "正式名称": "ヒロ歯科医院", "機関区分": 3, "都道府県コード": 21, "市区町村コード": 211, "所在地": "岐阜県美濃加茂市古井町下古井５１７ー２", "緯度": 35.443918, "経度": 137.022263, "url": "https://www.iryou.teikyouseido.mhlw.go.jp/znk-web/juminkanja/S2430/initialize?prefCd=21&kikanCd=1653002893&kikanKbn=3", "url2": null, "内容": "ヒロ歯科医院【3:歯科】岐阜県美濃加茂市古井町下古井５１７ー２" }, "geometry": { "type": "Point", "coordinates": [ 137.022263, 35.443918 ] } },
{ "type": "Feature", "properties": { "ID": 2131653002895, "正式名称": "河村歯科医院", "機関区分": 3, "都道府県コード": 21, "市区町村コード": 211, "所在地": "岐阜県美濃加茂市太田町３２５５ー１", "緯度": 35.439665, "経度": 137.010395, "url": "https://www.iryou.teikyouseido.mhlw.go.jp/znk-web/juminkanja/S2430/initialize?prefCd=21&kikanCd=1653002895&kikanKbn=3", "url2": null, "内容": "河村歯科医院【3:歯科】岐阜県美濃加茂市太田町３２５５ー１" }, "geometry": { "type": "Point", "coordinates": [ 137.010395, 35.439665 ] } },
{ "type": "Feature", "properties": { "ID": 2131653002897, "正式名称": "長瀬歯科", "機関区分": 3, "都道府県コード": 21, "市区町村コード": 521, "所在地": "岐阜県可児郡御嵩町中字高橋９９０ー２", "緯度": 35.435369, "経度": 137.116932, "url": "https://www.iryou.teikyouseido.mhlw.go.jp/znk-web/juminkanja/S2430/initialize?prefCd=21&kikanCd=1653002897&kikanKbn=3", "url2": "http://www.nagase-dc.jp", "内容": "長瀬歯科【3:歯科】岐阜県可児郡御嵩町中字高橋９９０ー２" }, "geometry": { "type": "Point", "coordinates": [ 137.116932, 35.435369 ] } },
{ "type": "Feature", "properties": { "ID": 2131653002898, "正式名称": "井村歯科医院", "機関区分": 3, "都道府県コード": 21, "市区町村コード": 503, "所在地": "岐阜県加茂郡川辺町上川辺１１５９ー２", "緯度": 35.508341, "経度": 137.081897, "url": "https://www.iryou.teikyouseido.mhlw.go.jp/znk-web/juminkanja/S2430/initialize?prefCd=21&kikanCd=1653002898&kikanKbn=3", "url2": null, "内容": "井村歯科医院【3:歯科】岐阜県加茂郡川辺町上川辺１１５９ー２" }, "geometry": { "type": "Point", "coordinates": [ 137.081897, 35.508341 ] } },
{ "type": "Feature", "properties": { "ID": 2131653002901, "正式名称": "ワカムラ歯科", "機関区分": 3, "都道府県コード": 21, "市区町村コード": 214, "所在地": "岐阜県可児市広見６－１３１", "緯度": 35.421018, "経度": 137.064019, "url": "https://www.iryou.teikyouseido.mhlw.go.jp/znk-web/juminkanja/S2430/initialize?prefCd=21&kikanCd=1653002901&kikanKbn=3", "url2": null, "内容": "ワカムラ歯科【3:歯科】岐阜県可児市広見６－１３１" }, "geometry": { "type": "Point", "coordinates": [ 137.064019, 35.421018 ] } },
{ "type": "Feature", "properties": { "ID": 2131653002902, "正式名称": "歯科　加藤クリニック", "機関区分": 3, "都道府県コード": 21, "市区町村コード": 214, "所在地": "岐阜県可児市皐ケ丘２丁目１７番地", "緯度": 35.380226, "経度": 137.108844, "url": "https://www.iryou.teikyouseido.mhlw.go.jp/znk-web/juminkanja/S2430/initialize?prefCd=21&kikanCd=1653002902&kikanKbn=3", "url2": null, "内容": "歯科　加藤クリニック【3:歯科】岐阜県可児市皐ケ丘２丁目１７番地" }, "geometry": { "type": "Point", "coordinates": [ 137.108844, 35.380226 ] } },
{ "type": "Feature", "properties": { "ID": 2131653002904, "正式名称": "かもの歯科医院", "機関区分": 3, "都道府県コード": 21, "市区町村コード": 211, "所在地": "岐阜県美濃加茂市加茂野町加茂野字浦１０２", "緯度": 35.456797, "経度": 136.984453, "url": "https://www.iryou.teikyouseido.mhlw.go.jp/znk-web/juminkanja/S2430/initialize?prefCd=21&kikanCd=1653002904&kikanKbn=3", "url2": null, "内容": "かもの歯科医院【3:歯科】岐阜県美濃加茂市加茂野町加茂野字浦１０２" }, "geometry": { "type": "Point", "coordinates": [ 136.984453, 35.456797 ] } },
{ "type": "Feature", "properties": { "ID": 2131653002905, "正式名称": "小松歯科クリニック", "機関区分": 3, "都道府県コード": 21, "市区町村コード": 214, "所在地": "岐阜県可児市菅刈９１９－５", "緯度": 35.403846, "経度": 137.005217, "url": "https://www.iryou.teikyouseido.mhlw.go.jp/znk-web/juminkanja/S2430/initialize?prefCd=21&kikanCd=1653002905&kikanKbn=3", "url2": null, "内容": "小松歯科クリニック【3:歯科】岐阜県可児市菅刈９１９－５" }, "geometry": { "type": "Point", "coordinates": [ 137.005217, 35.403846 ] } },
{ "type": "Feature", "properties": { "ID": 2131653002906, "正式名称": "加藤歯科医院", "機関区分": 3, "都道府県コード": 21, "市区町村コード": 211, "所在地": "岐阜県美濃加茂市太田本町１－１－２２", "緯度": 35.439347, "経度": 137.01765, "url": "https://www.iryou.teikyouseido.mhlw.go.jp/znk-web/juminkanja/S2430/initialize?prefCd=21&kikanCd=1653002906&kikanKbn=3", "url2": null, "内容": "加藤歯科医院【3:歯科】岐阜県美濃加茂市太田本町１－１－２２" }, "geometry": { "type": "Point", "coordinates": [ 137.01765, 35.439347 ] } },
{ "type": "Feature", "properties": { "ID": 2131653002907, "正式名称": "岩田歯科医院", "機関区分": 3, "都道府県コード": 21, "市区町村コード": 214, "所在地": "岐阜県可児市広見７９８－１", "緯度": 35.41986, "経度": 137.059706, "url": "https://www.iryou.teikyouseido.mhlw.go.jp/znk-web/juminkanja/S2430/initialize?prefCd=21&kikanCd=1653002907&kikanKbn=3", "url2": "http:/iwatashika.cihp2.jp", "内容": "岩田歯科医院【3:歯科】岐阜県可児市広見７９８－１" }, "geometry": { "type": "Point", "coordinates": [ 137.059706, 35.41986 ] } },
{ "type": "Feature", "properties": { "ID": 2131653002908, "正式名称": "西可児歯科医院", "機関区分": 3, "都道府県コード": 21, "市区町村コード": 214, "所在地": "岐阜県可児市帷子新町２ー１０３", "緯度": 35.402407, "経度": 137.011134, "url": "https://www.iryou.teikyouseido.mhlw.go.jp/znk-web/juminkanja/S2430/initialize?prefCd=21&kikanCd=1653002908&kikanKbn=3", "url2": "https://www.nishikani-dc.com", "内容": "西可児歯科医院【3:歯科】岐阜県可児市帷子新町２ー１０３" }, "geometry": { "type": "Point", "coordinates": [ 137.011134, 35.402407 ] } },
{ "type": "Feature", "properties": { "ID": 2131653002910, "正式名称": "さばし歯科", "機関区分": 3, "都道府県コード": 21, "市区町村コード": 214, "所在地": "岐阜県可児市土田５２１８ー４", "緯度": 35.426921, "経度": 137.027553, "url": "https://www.iryou.teikyouseido.mhlw.go.jp/znk-web/juminkanja/S2430/initialize?prefCd=21&kikanCd=1653002910&kikanKbn=3", "url2": null, "内容": "さばし歯科【3:歯科】岐阜県可児市土田５２１８ー４" }, "geometry": { "type": "Point", "coordinates": [ 137.027553, 35.426921 ] } },
{ "type": "Feature", "properties": { "ID": 2131653002911, "正式名称": "かとうこども歯科クリニック", "機関区分": 3, "都道府県コード": 21, "市区町村コード": 214, "所在地": "岐阜県可児市今渡大東１６１９－３２１", "緯度": 35.435851, "経度": 137.049684, "url": "https://www.iryou.teikyouseido.mhlw.go.jp/znk-web/juminkanja/S2430/initialize?prefCd=21&kikanCd=1653002911&kikanKbn=3", "url2": null, "内容": "かとうこども歯科クリニック【3:歯科】岐阜県可児市今渡大東１６１９－３２１" }, "geometry": { "type": "Point", "coordinates": [ 137.049684, 35.435851 ] } },
{ "type": "Feature", "properties": { "ID": 2131653002912, "正式名称": "さばし矯正小児歯科", "機関区分": 3, "都道府県コード": 21, "市区町村コード": 214, "所在地": "岐阜県可児市広見２丁目３５番地", "緯度": 35.425458, "経度": 137.059183, "url": "https://www.iryou.teikyouseido.mhlw.go.jp/znk-web/juminkanja/S2430/initialize?prefCd=21&kikanCd=1653002912&kikanKbn=3", "url2": null, "内容": "さばし矯正小児歯科【3:歯科】岐阜県可児市広見２丁目３５番地" }, "geometry": { "type": "Point", "coordinates": [ 137.059183, 35.425458 ] } },
{ "type": "Feature", "properties": { "ID": 2131653002913, "正式名称": "佐藤歯科医院", "機関区分": 3, "都道府県コード": 21, "市区町村コード": 211, "所在地": "岐阜県美濃加茂市古井町下古井２５４２ー１", "緯度": 35.44015, "経度": 137.025005, "url": "https://www.iryou.teikyouseido.mhlw.go.jp/znk-web/juminkanja/S2430/initialize?prefCd=21&kikanCd=1653002913&kikanKbn=3", "url2": "https://www.dentist-sato.com", "内容": "佐藤歯科医院【3:歯科】岐阜県美濃加茂市古井町下古井２５４２ー１" }, "geometry": { "type": "Point", "coordinates": [ 137.025005, 35.44015 ] } },
{ "type": "Feature", "properties": { "ID": 2131653002916, "正式名称": "ふくた歯科クリニック", "機関区分": 3, "都道府県コード": 21, "市区町村コード": 211, "所在地": "岐阜県美濃加茂市本郷町３丁目１４－８", "緯度": 35.450605, "経度": 137.035155, "url": "https://www.iryou.teikyouseido.mhlw.go.jp/znk-web/juminkanja/S2430/initialize?prefCd=21&kikanCd=1653002916&kikanKbn=3", "url2": null, "内容": "ふくた歯科クリニック【3:歯科】岐阜県美濃加茂市本郷町３丁目１４－８" }, "geometry": { "type": "Point", "coordinates": [ 137.035155, 35.450605 ] } },
{ "type": "Feature", "properties": { "ID": 2131653002917, "正式名称": "ホワイト歯科クリニック", "機関区分": 3, "都道府県コード": 21, "市区町村コード": 214, "所在地": "岐阜県可児市下恵土５７６９ー２", "緯度": 35.415535, "経度": 137.049717, "url": "https://www.iryou.teikyouseido.mhlw.go.jp/znk-web/juminkanja/S2430/initialize?prefCd=21&kikanCd=1653002917&kikanKbn=3", "url2": null, "内容": "ホワイト歯科クリニック【3:歯科】岐阜県可児市下恵土５７６９ー２" }, "geometry": { "type": "Point", "coordinates": [ 137.049717, 35.415535 ] } },
{ "type": "Feature", "properties": { "ID": 2131653002918, "正式名称": "伊藤矯正歯科医院", "機関区分": 3, "都道府県コード": 21, "市区町村コード": 214, "所在地": "岐阜県可児市今渡４５６ー１", "緯度": 35.43033, "経度": 137.034931, "url": "https://www.iryou.teikyouseido.mhlw.go.jp/znk-web/juminkanja/S2430/initialize?prefCd=21&kikanCd=1653002918&kikanKbn=3", "url2": "https://slaorthito.com/", "内容": "伊藤矯正歯科医院【3:歯科】岐阜県可児市今渡４５６ー１" }, "geometry": { "type": "Point", "coordinates": [ 137.034931, 35.43033 ] } },
{ "type": "Feature", "properties": { "ID": 2131653002921, "正式名称": "加藤歯科医院", "機関区分": 3, "都道府県コード": 21, "市区町村コード": 503, "所在地": "岐阜県加茂郡川辺町西栃井１７３７ー１", "緯度": 35.483945, "経度": 137.06457, "url": "https://www.iryou.teikyouseido.mhlw.go.jp/znk-web/juminkanja/S2430/initialize?prefCd=21&kikanCd=1653002921&kikanKbn=3", "url2": null, "内容": "加藤歯科医院【3:歯科】岐阜県加茂郡川辺町西栃井１７３７ー１" }, "geometry": { "type": "Point", "coordinates": [ 137.06457, 35.483945 ] } },
{ "type": "Feature", "properties": { "ID": 2131653002924, "正式名称": "らいん歯科", "機関区分": 3, "都道府県コード": 21, "市区町村コード": 214, "所在地": "岐阜県可児市下恵土５５３２－２", "緯度": 35.420015, "経度": 137.050144, "url": "https://www.iryou.teikyouseido.mhlw.go.jp/znk-web/juminkanja/S2430/initialize?prefCd=21&kikanCd=1653002924&kikanKbn=3", "url2": "http://www.line-dental.com/", "内容": "らいん歯科【3:歯科】岐阜県可児市下恵土５５３２－２" }, "geometry": { "type": "Point", "coordinates": [ 137.050144, 35.420015 ] } },
{ "type": "Feature", "properties": { "ID": 2131653003206, "正式名称": "県北西部地域医療センター国保和良歯科診療所", "機関区分": 3, "都道府県コード": 21, "市区町村コード": 219, "所在地": "岐阜県郡上市和良町沢８６５番地１", "緯度": 35.747435, "経度": 137.083178, "url": "https://www.iryou.teikyouseido.mhlw.go.jp/znk-web/juminkanja/S2430/initialize?prefCd=21&kikanCd=1653003206&kikanKbn=3", "url2": "http://www.gujo-tv.ne.jp/~clinic-wara/", "内容": "県北西部地域医療センター国保和良歯科診療所【3:歯科】岐阜県郡上市和良町沢８６５番地１" }, "geometry": { "type": "Point", "coordinates": [ 137.083178, 35.747435 ] } },
{ "type": "Feature", "properties": { "ID": 2131653003207, "正式名称": "あじさい歯科医院", "機関区分": 3, "都道府県コード": 21, "市区町村コード": 211, "所在地": "岐阜県美濃加茂市加茂野町今泉７７２番地１", "緯度": 35.462873, "経度": 136.975825, "url": "https://www.iryou.teikyouseido.mhlw.go.jp/znk-web/juminkanja/S2430/initialize?prefCd=21&kikanCd=1653003207&kikanKbn=3", "url2": null, "内容": "あじさい歯科医院【3:歯科】岐阜県美濃加茂市加茂野町今泉７７２番地１" }, "geometry": { "type": "Point", "coordinates": [ 136.975825, 35.462873 ] } },
{ "type": "Feature", "properties": { "ID": 2131653003209, "正式名称": "加藤歯科医院", "機関区分": 3, "都道府県コード": 21, "市区町村コード": 214, "所在地": "岐阜県可児市坂戸６６７－１", "緯度": 35.418966, "経度": 137.033296, "url": "https://www.iryou.teikyouseido.mhlw.go.jp/znk-web/juminkanja/S2430/initialize?prefCd=21&kikanCd=1653003209&kikanKbn=3", "url2": null, "内容": "加藤歯科医院【3:歯科】岐阜県可児市坂戸６６７－１" }, "geometry": { "type": "Point", "coordinates": [ 137.033296, 35.418966 ] } },
{ "type": "Feature", "properties": { "ID": 2131653003211, "正式名称": "うかい歯科", "機関区分": 3, "都道府県コード": 21, "市区町村コード": 214, "所在地": "岐阜県可児市菅刈字乗定８３９ー５", "緯度": 35.404914, "経度": 137.003058, "url": "https://www.iryou.teikyouseido.mhlw.go.jp/znk-web/juminkanja/S2430/initialize?prefCd=21&kikanCd=1653003211&kikanKbn=3", "url2": "http://www.ukai-dc.net", "内容": "うかい歯科【3:歯科】岐阜県可児市菅刈字乗定８３９ー５" }, "geometry": { "type": "Point", "coordinates": [ 137.003058, 35.404914 ] } },
{ "type": "Feature", "properties": { "ID": 2131653003212, "正式名称": "みやもと歯科", "機関区分": 3, "都道府県コード": 21, "市区町村コード": 211, "所在地": "岐阜県美濃加茂市下米田町今３２３－２", "緯度": 35.459926, "経度": 137.061719, "url": "https://www.iryou.teikyouseido.mhlw.go.jp/znk-web/juminkanja/S2430/initialize?prefCd=21&kikanCd=1653003212&kikanKbn=3", "url2": "http://www.miyamoto-sika.com/", "内容": "みやもと歯科【3:歯科】岐阜県美濃加茂市下米田町今３２３－２" }, "geometry": { "type": "Point", "coordinates": [ 137.061719, 35.459926 ] } },
{ "type": "Feature", "properties": { "ID": 2131653003214, "正式名称": "あいデンタルクリニック", "機関区分": 3, "都道府県コード": 21, "市区町村コード": 214, "所在地": "岐阜県可児市下恵土４２０５ー１", "緯度": 35.426263, "経度": 137.042274, "url": "https://www.iryou.teikyouseido.mhlw.go.jp/znk-web/juminkanja/S2430/initialize?prefCd=21&kikanCd=1653003214&kikanKbn=3", "url2": "http://www.i-dental-kani.com/", "内容": "あいデンタルクリニック【3:歯科】岐阜県可児市下恵土４２０５ー１" }, "geometry": { "type": "Point", "coordinates": [ 137.042274, 35.426263 ] } },
{ "type": "Feature", "properties": { "ID": 2131653003218, "正式名称": "大手町デンタルクリニック", "機関区分": 3, "都道府県コード": 21, "市区町村コード": 211, "所在地": "岐阜県美濃加茂市太田町２６ー６", "緯度": 35.449144, "経度": 137.018597, "url": "https://www.iryou.teikyouseido.mhlw.go.jp/znk-web/juminkanja/S2430/initialize?prefCd=21&kikanCd=1653003218&kikanKbn=3", "url2": null, "内容": "大手町デンタルクリニック【3:歯科】岐阜県美濃加茂市太田町２６ー６" }, "geometry": { "type": "Point", "coordinates": [ 137.018597, 35.449144 ] } },
{ "type": "Feature", "properties": { "ID": 2131653003219, "正式名称": "田口ファミリー歯科", "機関区分": 3, "都道府県コード": 21, "市区町村コード": 214, "所在地": "岐阜県可児市東帷子中屋敷１５５２ー１", "緯度": 35.403351, "経度": 137.012676, "url": "https://www.iryou.teikyouseido.mhlw.go.jp/znk-web/juminkanja/S2430/initialize?prefCd=21&kikanCd=1653003219&kikanKbn=3", "url2": "http://www.taguchi-f-dental.com", "内容": "田口ファミリー歯科【3:歯科】岐阜県可児市東帷子中屋敷１５５２ー１" }, "geometry": { "type": "Point", "coordinates": [ 137.012676, 35.403351 ] } },
{ "type": "Feature", "properties": { "ID": 2131653006156, "正式名称": "ただこし歯科・矯正歯科　総合クリニック", "機関区分": 3, "都道府県コード": 21, "市区町村コード": 521, "所在地": "岐阜県可児郡御嵩町古屋敷１７２－１", "緯度": 35.424088, "経度": 137.108715, "url": "https://www.iryou.teikyouseido.mhlw.go.jp/znk-web/juminkanja/S2430/initialize?prefCd=21&kikanCd=1653006156&kikanKbn=3", "url2": "http:/www.tadakoshi.com/", "内容": "ただこし歯科・矯正歯科　総合クリニック【3:歯科】岐阜県可児郡御嵩町古屋敷１７２－１" }, "geometry": { "type": "Point", "coordinates": [ 137.108715, 35.424088 ] } },
{ "type": "Feature", "properties": { "ID": 2131653006182, "正式名称": "やまむら歯科", "機関区分": 3, "都道府県コード": 21, "市区町村コード": 214, "所在地": "岐阜県可児市東帷子", "緯度": 35.407044, "経度": 137.012792, "url": "https://www.iryou.teikyouseido.mhlw.go.jp/znk-web/juminkanja/S2430/initialize?prefCd=21&kikanCd=1653006182&kikanKbn=3", "url2": "http://www.yamamura-dc.net/", "内容": "やまむら歯科【3:歯科】岐阜県可児市東帷子" }, "geometry": { "type": "Point", "coordinates": [ 137.012792, 35.407044 ] } },
{ "type": "Feature", "properties": { "ID": 2131653006191, "正式名称": "ふくい歯科", "機関区分": 3, "都道府県コード": 21, "市区町村コード": 211, "所在地": "岐阜県美濃加茂市蜂屋町中蜂屋４４９０－２", "緯度": 35.469392, "経度": 137.011657, "url": "https://www.iryou.teikyouseido.mhlw.go.jp/znk-web/juminkanja/S2430/initialize?prefCd=21&kikanCd=1653006191&kikanKbn=3", "url2": "http://fukuishika.sakura.ne.jp/", "内容": "ふくい歯科【3:歯科】岐阜県美濃加茂市蜂屋町中蜂屋４４９０－２" }, "geometry": { "type": "Point", "coordinates": [ 137.011657, 35.469392 ] } },
{ "type": "Feature", "properties": { "ID": 2131653006254, "正式名称": "白木屋歯科医院", "機関区分": 3, "都道府県コード": 21, "市区町村コード": 219, "所在地": "岐阜県郡上市八幡町鍛冶屋町７９１ー１", "緯度": 35.751585, "経度": 136.956049, "url": "https://www.iryou.teikyouseido.mhlw.go.jp/znk-web/juminkanja/S2430/initialize?prefCd=21&kikanCd=1653006254&kikanKbn=3", "url2": null, "内容": "白木屋歯科医院【3:歯科】岐阜県郡上市八幡町鍛冶屋町７９１ー１" }, "geometry": { "type": "Point", "coordinates": [ 136.956049, 35.751585 ] } },
{ "type": "Feature", "properties": { "ID": 2131653006613, "正式名称": "南可児歯科", "機関区分": 3, "都道府県コード": 21, "市区町村コード": 214, "所在地": "岐阜県可児市下切青木２１３８ー３", "緯度": 35.392814, "経度": 137.063154, "url": "https://www.iryou.teikyouseido.mhlw.go.jp/znk-web/juminkanja/S2430/initialize?prefCd=21&kikanCd=1653006613&kikanKbn=3", "url2": null, "内容": "南可児歯科【3:歯科】岐阜県可児市下切青木２１３８ー３" }, "geometry": { "type": "Point", "coordinates": [ 137.063154, 35.392814 ] } },
{ "type": "Feature", "properties": { "ID": 2131653006693, "正式名称": "ごとう歯科", "機関区分": 3, "都道府県コード": 21, "市区町村コード": 501, "所在地": "岐阜県加茂郡坂祝町酒倉１０９０ー８", "緯度": 35.440772, "経度": 136.99685, "url": "https://www.iryou.teikyouseido.mhlw.go.jp/znk-web/juminkanja/S2430/initialize?prefCd=21&kikanCd=1653006693&kikanKbn=3", "url2": null, "内容": "ごとう歯科【3:歯科】岐阜県加茂郡坂祝町酒倉１０９０ー８" }, "geometry": { "type": "Point", "coordinates": [ 136.99685, 35.440772 ] } },
{ "type": "Feature", "properties": { "ID": 2131653006888, "正式名称": "山田歯科医院", "機関区分": 3, "都道府県コード": 21, "市区町村コード": 502, "所在地": "岐阜県加茂郡富加町大字羽生字野田１４９４ー４", "緯度": 35.476126, "経度": 136.969276, "url": "https://www.iryou.teikyouseido.mhlw.go.jp/znk-web/juminkanja/S2430/initialize?prefCd=21&kikanCd=1653006888&kikanKbn=3", "url2": null, "内容": "山田歯科医院【3:歯科】岐阜県加茂郡富加町大字羽生字野田１４９４ー４" }, "geometry": { "type": "Point", "coordinates": [ 136.969276, 35.476126 ] } },
{ "type": "Feature", "properties": { "ID": 2131653007010, "正式名称": "西村歯科医院", "機関区分": 3, "都道府県コード": 21, "市区町村コード": 219, "所在地": "岐阜県郡上市白鳥町向小駄良７１０", "緯度": 35.882631, "経度": 136.854737, "url": "https://www.iryou.teikyouseido.mhlw.go.jp/znk-web/juminkanja/S2430/initialize?prefCd=21&kikanCd=1653007010&kikanKbn=3", "url2": "https://nimudentalclinic.webnode.jp", "内容": "西村歯科医院【3:歯科】岐阜県郡上市白鳥町向小駄良７１０" }, "geometry": { "type": "Point", "coordinates": [ 136.854737, 35.882631 ] } },
{ "type": "Feature", "properties": { "ID": 2131653007025, "正式名称": "医療法人社団志千会　カモ歯科クリニック", "機関区分": 3, "都道府県コード": 21, "市区町村コード": 211, "所在地": "岐阜県美濃加茂市森山町", "緯度": 35.458626, "経度": 137.0465, "url": "https://www.iryou.teikyouseido.mhlw.go.jp/znk-web/juminkanja/S2430/initialize?prefCd=21&kikanCd=1653007025&kikanKbn=3", "url2": null, "内容": "医療法人社団志千会　カモ歯科クリニック【3:歯科】岐阜県美濃加茂市森山町" }, "geometry": { "type": "Point", "coordinates": [ 137.0465, 35.458626 ] } },
{ "type": "Feature", "properties": { "ID": 2131653007372, "正式名称": "花みずき歯科クリニック", "機関区分": 3, "都道府県コード": 21, "市区町村コード": 214, "所在地": "岐阜県可児市今渡２４０４ー１", "緯度": 35.424157, "経度": 137.032538, "url": "https://www.iryou.teikyouseido.mhlw.go.jp/znk-web/juminkanja/S2430/initialize?prefCd=21&kikanCd=1653007372&kikanKbn=3", "url2": "www.hanamizuki-dental.com", "内容": "花みずき歯科クリニック【3:歯科】岐阜県可児市今渡２４０４ー１" }, "geometry": { "type": "Point", "coordinates": [ 137.032538, 35.424157 ] } },
{ "type": "Feature", "properties": { "ID": 2131653007656, "正式名称": "アスナロ歯科クリニック", "機関区分": 3, "都道府県コード": 21, "市区町村コード": 211, "所在地": "岐阜県美濃加茂市島町１丁目字島４番１４号", "緯度": 35.440608, "経度": 137.028602, "url": "https://www.iryou.teikyouseido.mhlw.go.jp/znk-web/juminkanja/S2430/initialize?prefCd=21&kikanCd=1653007656&kikanKbn=3", "url2": null, "内容": "アスナロ歯科クリニック【3:歯科】岐阜県美濃加茂市島町１丁目字島４番１４号" }, "geometry": { "type": "Point", "coordinates": [ 137.028602, 35.440608 ] } },
{ "type": "Feature", "properties": { "ID": 2131653007706, "正式名称": "いまわたり歯科", "機関区分": 3, "都道府県コード": 21, "市区町村コード": 214, "所在地": "岐阜県可児市今渡２１３２番地１", "緯度": 35.426722, "経度": 137.034226, "url": "https://www.iryou.teikyouseido.mhlw.go.jp/znk-web/juminkanja/S2430/initialize?prefCd=21&kikanCd=1653007706&kikanKbn=3", "url2": null, "内容": "いまわたり歯科【3:歯科】岐阜県可児市今渡２１３２番地１" }, "geometry": { "type": "Point", "coordinates": [ 137.034226, 35.426722 ] } },
{ "type": "Feature", "properties": { "ID": 2131653007724, "正式名称": "おおともデンタルクリニック", "機関区分": 3, "都道府県コード": 21, "市区町村コード": 211, "所在地": "岐阜県美濃加茂市加茂野町今泉往環南１５４７ー１３", "緯度": 35.467646, "経度": 136.978081, "url": "https://www.iryou.teikyouseido.mhlw.go.jp/znk-web/juminkanja/S2430/initialize?prefCd=21&kikanCd=1653007724&kikanKbn=3", "url2": "https://otomo-dental.com/", "内容": "おおともデンタルクリニック【3:歯科】岐阜県美濃加茂市加茂野町今泉往環南１５４７ー１３" }, "geometry": { "type": "Point", "coordinates": [ 136.978081, 35.467646 ] } },
{ "type": "Feature", "properties": { "ID": 2131653007731, "正式名称": "たけのこ歯科医院", "機関区分": 3, "都道府県コード": 21, "市区町村コード": 211, "所在地": "岐阜県美濃加茂市下米田町今８１ー１", "緯度": 35.460892, "経度": 137.058948, "url": "https://www.iryou.teikyouseido.mhlw.go.jp/znk-web/juminkanja/S2430/initialize?prefCd=21&kikanCd=1653007731&kikanKbn=3", "url2": "http://www.takenokodental.com", "内容": "たけのこ歯科医院【3:歯科】岐阜県美濃加茂市下米田町今８１ー１" }, "geometry": { "type": "Point", "coordinates": [ 137.058948, 35.460892 ] } },
{ "type": "Feature", "properties": { "ID": 2131653007743, "正式名称": "アスク歯科クリニック", "機関区分": 3, "都道府県コード": 21, "市区町村コード": 214, "所在地": "岐阜県可児市川合北３丁目１０９", "緯度": 35.440861, "経度": 137.049848, "url": "https://www.iryou.teikyouseido.mhlw.go.jp/znk-web/juminkanja/S2430/initialize?prefCd=21&kikanCd=1653007743&kikanKbn=3", "url2": "asukushikakurinikku.hp.gogo.jp", "内容": "アスク歯科クリニック【3:歯科】岐阜県可児市川合北３丁目１０９" }, "geometry": { "type": "Point", "coordinates": [ 137.049848, 35.440861 ] } },
{ "type": "Feature", "properties": { "ID": 2131653007894, "正式名称": "医療法人　ＡＬＥＳ　おくだ歯科・矯正歯科", "機関区分": 3, "都道府県コード": 21, "市区町村コード": 214, "所在地": "岐阜県可児市広見２３５３－１", "緯度": 35.414441, "経度": 137.05964, "url": "https://www.iryou.teikyouseido.mhlw.go.jp/znk-web/juminkanja/S2430/initialize?prefCd=21&kikanCd=1653007894&kikanKbn=3", "url2": "http://www.okuda-shika.jp", "内容": "医療法人　ＡＬＥＳ　おくだ歯科・矯正歯科【3:歯科】岐阜県可児市広見２３５３－１" }, "geometry": { "type": "Point", "coordinates": [ 137.05964, 35.414441 ] } },
{ "type": "Feature", "properties": { "ID": 2131653008280, "正式名称": "医療法人八松会　やまて歯科", "機関区分": 3, "都道府県コード": 21, "市区町村コード": 211, "所在地": "岐阜県美濃加茂市山手町２－８５－１", "緯度": 35.45177, "経度": 137.013738, "url": "https://www.iryou.teikyouseido.mhlw.go.jp/znk-web/juminkanja/S2430/initialize?prefCd=21&kikanCd=1653008280&kikanKbn=3", "url2": null, "内容": "医療法人八松会　やまて歯科【3:歯科】岐阜県美濃加茂市山手町２－８５－１" }, "geometry": { "type": "Point", "coordinates": [ 137.013738, 35.45177 ] } },
{ "type": "Feature", "properties": { "ID": 2131653008320, "正式名称": "渡辺歯科", "機関区分": 3, "都道府県コード": 21, "市区町村コード": 214, "所在地": "岐阜県可児市坂戸５４３番地２", "緯度": 35.416839, "経度": 137.03596, "url": "https://www.iryou.teikyouseido.mhlw.go.jp/znk-web/juminkanja/S2430/initialize?prefCd=21&kikanCd=1653008320&kikanKbn=3", "url2": "http://www.watanabe-dental-clinic.jp", "内容": "渡辺歯科【3:歯科】岐阜県可児市坂戸５４３番地２" }, "geometry": { "type": "Point", "coordinates": [ 137.03596, 35.416839 ] } },
{ "type": "Feature", "properties": { "ID": 2131653008634, "正式名称": "あまいけファミリー歯科", "機関区分": 3, "都道府県コード": 21, "市区町村コード": 502, "所在地": "岐阜県加茂郡富加町羽生１０７１", "緯度": 35.485418, "経度": 136.981174, "url": "https://www.iryou.teikyouseido.mhlw.go.jp/znk-web/juminkanja/S2430/initialize?prefCd=21&kikanCd=1653008634&kikanKbn=3", "url2": "https://amaike-family-dc.com", "内容": "あまいけファミリー歯科【3:歯科】岐阜県加茂郡富加町羽生１０７１" }, "geometry": { "type": "Point", "coordinates": [ 136.981174, 35.485418 ] } },
{ "type": "Feature", "properties": { "ID": 2131653008638, "正式名称": "可児川歯科クリニック", "機関区分": 3, "都道府県コード": 21, "市区町村コード": 214, "所在地": "岐阜県可児市土田１３５５－１１", "緯度": 35.418687, "経度": 137.016092, "url": "https://www.iryou.teikyouseido.mhlw.go.jp/znk-web/juminkanja/S2430/initialize?prefCd=21&kikanCd=1653008638&kikanKbn=3", "url2": "https://kanigawa-shikacl.doctorsfile.jp/", "内容": "可児川歯科クリニック【3:歯科】岐阜県可児市土田１３５５－１１" }, "geometry": { "type": "Point", "coordinates": [ 137.016092, 35.418687 ] } },
{ "type": "Feature", "properties": { "ID": 2131653008702, "正式名称": "田中歯科", "機関区分": 3, "都道府県コード": 21, "市区町村コード": 214, "所在地": "岐阜県可児市桜ケ丘６ー６", "緯度": 35.380254, "経度": 137.112423, "url": "https://www.iryou.teikyouseido.mhlw.go.jp/znk-web/juminkanja/S2430/initialize?prefCd=21&kikanCd=1653008702&kikanKbn=3", "url2": "http://tanakadentalclinic.net/", "内容": "田中歯科【3:歯科】岐阜県可児市桜ケ丘６ー６" }, "geometry": { "type": "Point", "coordinates": [ 137.112423, 35.380254 ] } },
{ "type": "Feature", "properties": { "ID": 2131653008733, "正式名称": "しばた歯科　可児おとなこども矯正歯科", "機関区分": 3, "都道府県コード": 21, "市区町村コード": 214, "所在地": "岐阜県可児市下恵土７８ー１", "緯度": 35.429007, "経度": 137.059641, "url": "https://www.iryou.teikyouseido.mhlw.go.jp/znk-web/juminkanja/S2430/initialize?prefCd=21&kikanCd=1653008733&kikanKbn=3", "url2": "http://www.shibatadental.com", "内容": "しばた歯科　可児おとなこども矯正歯科【3:歯科】岐阜県可児市下恵土７８ー１" }, "geometry": { "type": "Point", "coordinates": [ 137.059641, 35.429007 ] } },
{ "type": "Feature", "properties": { "ID": 2131653008742, "正式名称": "からん歯科・矯正歯科＆キッズ", "機関区分": 3, "都道府県コード": 21, "市区町村コード": 211, "所在地": "岐阜県美濃加茂市西町５丁目２３０番", "緯度": 35.445684, "経度": 136.993321, "url": "https://www.iryou.teikyouseido.mhlw.go.jp/znk-web/juminkanja/S2430/initialize?prefCd=21&kikanCd=1653008742&kikanKbn=3", "url2": "http://www.calin.jp/", "内容": "からん歯科・矯正歯科＆キッズ【3:歯科】岐阜県美濃加茂市西町５丁目２３０番" }, "geometry": { "type": "Point", "coordinates": [ 136.993321, 35.445684 ] } },
{ "type": "Feature", "properties": { "ID": 2131653008823, "正式名称": "田口歯科医院", "機関区分": 3, "都道府県コード": 21, "市区町村コード": 211, "所在地": "岐阜県美濃加茂市川合町３ー２１６２ー５", "緯度": 35.448779, "経度": 137.047754, "url": "https://www.iryou.teikyouseido.mhlw.go.jp/znk-web/juminkanja/S2430/initialize?prefCd=21&kikanCd=1653008823&kikanKbn=3", "url2": null, "内容": "田口歯科医院【3:歯科】岐阜県美濃加茂市川合町３ー２１６２ー５" }, "geometry": { "type": "Point", "coordinates": [ 137.047754, 35.448779 ] } },
{ "type": "Feature", "properties": { "ID": 2131653008906, "正式名称": "たんぽぽ歯科", "機関区分": 3, "都道府県コード": 21, "市区町村コード": 211, "所在地": "岐阜県美濃加茂市西町６−１０", "緯度": 35.451702, "経度": 136.99519, "url": "https://www.iryou.teikyouseido.mhlw.go.jp/znk-web/juminkanja/S2430/initialize?prefCd=21&kikanCd=1653008906&kikanKbn=3", "url2": null, "内容": "たんぽぽ歯科【3:歯科】岐阜県美濃加茂市西町６−１０" }, "geometry": { "type": "Point", "coordinates": [ 136.99519, 35.451702 ] } },
{ "type": "Feature", "properties": { "ID": 2131653008933, "正式名称": "おぐり歯科クリニック", "機関区分": 3, "都道府県コード": 21, "市区町村コード": 505, "所在地": "岐阜県加茂郡八百津町八百津４１８５ー１", "緯度": 35.479383, "経度": 137.139994, "url": "https://www.iryou.teikyouseido.mhlw.go.jp/znk-web/juminkanja/S2430/initialize?prefCd=21&kikanCd=1653008933&kikanKbn=3", "url2": "http://www.oguridc.com/", "内容": "おぐり歯科クリニック【3:歯科】岐阜県加茂郡八百津町八百津４１８５ー１" }, "geometry": { "type": "Point", "coordinates": [ 137.139994, 35.479383 ] } },
{ "type": "Feature", "properties": { "ID": 2131653009308, "正式名称": "ひしかわ歯科", "機関区分": 3, "都道府県コード": 21, "市区町村コード": 214, "所在地": "岐阜県可児市今渡３９１ー２", "緯度": 35.431255, "経度": 137.037456, "url": "https://www.iryou.teikyouseido.mhlw.go.jp/znk-web/juminkanja/S2430/initialize?prefCd=21&kikanCd=1653009308&kikanKbn=3", "url2": "https://www.hishikawa-shika.com/", "内容": "ひしかわ歯科【3:歯科】岐阜県可児市今渡３９１ー２" }, "geometry": { "type": "Point", "coordinates": [ 137.037456, 35.431255 ] } },
{ "type": "Feature", "properties": { "ID": 2131653009367, "正式名称": "こいけ歯科クリニック", "機関区分": 3, "都道府県コード": 21, "市区町村コード": 214, "所在地": "岐阜県可児市広見２２ー１", "緯度": 35.418683, "経度": 137.062988, "url": "https://www.iryou.teikyouseido.mhlw.go.jp/znk-web/juminkanja/S2430/initialize?prefCd=21&kikanCd=1653009367&kikanKbn=3", "url2": "https://www.koike-dental-kani.com/", "内容": "こいけ歯科クリニック【3:歯科】岐阜県可児市広見２２ー１" }, "geometry": { "type": "Point", "coordinates": [ 137.062988, 35.418683 ] } },
{ "type": "Feature", "properties": { "ID": 2131653009637, "正式名称": "花トピアクリニック", "機関区分": 3, "都道府県コード": 21, "市区町村コード": 214, "所在地": "岐阜県可児市瀬田１６４６ー３", "緯度": 35.419662, "経度": 137.103862, "url": "https://www.iryou.teikyouseido.mhlw.go.jp/znk-web/juminkanja/S2430/initialize?prefCd=21&kikanCd=1653009637&kikanKbn=3", "url2": null, "内容": "花トピアクリニック【3:歯科】岐阜県可児市瀬田１６４６ー３" }, "geometry": { "type": "Point", "coordinates": [ 137.103862, 35.419662 ] } },
{ "type": "Feature", "properties": { "ID": 2131653009689, "正式名称": "酒向歯科医院", "機関区分": 3, "都道府県コード": 21, "市区町村コード": 211, "所在地": "岐阜県美濃加茂市太田町４１４４－２", "緯度": 35.443095, "経度": 137.020243, "url": "https://www.iryou.teikyouseido.mhlw.go.jp/znk-web/juminkanja/S2430/initialize?prefCd=21&kikanCd=1653009689&kikanKbn=3", "url2": null, "内容": "酒向歯科医院【3:歯科】岐阜県美濃加茂市太田町４１４４－２" }, "geometry": { "type": "Point", "coordinates": [ 137.020243, 35.443095 ] } },
{ "type": "Feature", "properties": { "ID": 2131653009720, "正式名称": "ふくろう歯科クリニック", "機関区分": 3, "都道府県コード": 21, "市区町村コード": 211, "所在地": "岐阜県美濃加茂市新池町２丁目２－５", "緯度": 35.452182, "経度": 137.026074, "url": "https://www.iryou.teikyouseido.mhlw.go.jp/znk-web/juminkanja/S2430/initialize?prefCd=21&kikanCd=1653009720&kikanKbn=3", "url2": null, "内容": "ふくろう歯科クリニック【3:歯科】岐阜県美濃加茂市新池町２丁目２－５" }, "geometry": { "type": "Point", "coordinates": [ 137.026074, 35.452182 ] } },
{ "type": "Feature", "properties": { "ID": 2131653009786, "正式名称": "しまデンタルクリニック", "機関区分": 3, "都道府県コード": 21, "市区町村コード": 211, "所在地": "岐阜県美濃加茂市蜂屋町上蜂屋３４９３−５", "緯度": 35.475823, "経度": 137.01696, "url": "https://www.iryou.teikyouseido.mhlw.go.jp/znk-web/juminkanja/S2430/initialize?prefCd=21&kikanCd=1653009786&kikanKbn=3", "url2": "https://www.shimadental.jp/", "内容": "しまデンタルクリニック【3:歯科】岐阜県美濃加茂市蜂屋町上蜂屋３４９３−５" }, "geometry": { "type": "Point", "coordinates": [ 137.01696, 35.475823 ] } },
{ "type": "Feature", "properties": { "ID": 2131653009852, "正式名称": "安保デンタルクリニック", "機関区分": 3, "都道府県コード": 21, "市区町村コード": 521, "所在地": "岐阜県可児郡御嵩町上恵土７７３−２", "緯度": 35.435182, "経度": 137.075791, "url": "https://www.iryou.teikyouseido.mhlw.go.jp/znk-web/juminkanja/S2430/initialize?prefCd=21&kikanCd=1653009852&kikanKbn=3", "url2": "https://kani-abo-dental.com", "内容": "安保デンタルクリニック【3:歯科】岐阜県可児郡御嵩町上恵土７７３−２" }, "geometry": { "type": "Point", "coordinates": [ 137.075791, 35.435182 ] } },
{ "type": "Feature", "properties": { "ID": 2131653009858, "正式名称": "まるも歯科", "機関区分": 3, "都道府県コード": 21, "市区町村コード": 211, "所在地": "岐阜県美濃加茂市太田町１８５０番地１", "緯度": 35.444326, "経度": 137.014991, "url": "https://www.iryou.teikyouseido.mhlw.go.jp/znk-web/juminkanja/S2430/initialize?prefCd=21&kikanCd=1653009858&kikanKbn=3", "url2": "https://www.marumo-dental.com/access/", "内容": "まるも歯科【3:歯科】岐阜県美濃加茂市太田町１８５０番地１" }, "geometry": { "type": "Point", "coordinates": [ 137.014991, 35.444326 ] } },
{ "type": "Feature", "properties": { "ID": 2131663003105, "正式名称": "粥川歯科医院", "機関区分": 3, "都道府県コード": 21, "市区町村コード": 220, "所在地": "岐阜県下呂市萩原町萩原１３３７ー２２", "緯度": 35.87624, "経度": 137.209986, "url": "https://www.iryou.teikyouseido.mhlw.go.jp/znk-web/juminkanja/S2430/initialize?prefCd=21&kikanCd=1663003105&kikanKbn=3", "url2": null, "内容": "粥川歯科医院【3:歯科】岐阜県下呂市萩原町萩原１３３７ー２２" }, "geometry": { "type": "Point", "coordinates": [ 137.209986, 35.87624 ] } },
{ "type": "Feature", "properties": { "ID": 2131663003114, "正式名称": "蔡歯科医院", "機関区分": 3, "都道府県コード": 21, "市区町村コード": 220, "所在地": "岐阜県下呂市金山町金山２０７８番地の１１", "緯度": 35.661324, "経度": 137.158928, "url": "https://www.iryou.teikyouseido.mhlw.go.jp/znk-web/juminkanja/S2430/initialize?prefCd=21&kikanCd=1663003114&kikanKbn=3", "url2": "https://www.dental-iiha.com/d0068152.html", "内容": "蔡歯科医院【3:歯科】岐阜県下呂市金山町金山２０７８番地の１１" }, "geometry": { "type": "Point", "coordinates": [ 137.158928, 35.661324 ] } },
{ "type": "Feature", "properties": { "ID": 2131663003116, "正式名称": "医療法人　ふたつや歯科医院", "機関区分": 3, "都道府県コード": 21, "市区町村コード": 220, "所在地": "岐阜県下呂市萩原町上村８４０ー２", "緯度": 35.869745, "経度": 137.214031, "url": "https://www.iryou.teikyouseido.mhlw.go.jp/znk-web/juminkanja/S2430/initialize?prefCd=21&kikanCd=1663003116&kikanKbn=3", "url2": "http://www.futatsuya.com/", "内容": "医療法人　ふたつや歯科医院【3:歯科】岐阜県下呂市萩原町上村８４０ー２" }, "geometry": { "type": "Point", "coordinates": [ 137.214031, 35.869745 ] } },
{ "type": "Feature", "properties": { "ID": 2131663003118, "正式名称": "森歯科医院", "機関区分": 3, "都道府県コード": 21, "市区町村コード": 203, "所在地": "岐阜県高山市上川原町１１２番地", "緯度": 36.135482, "経度": 137.256702, "url": "https://www.iryou.teikyouseido.mhlw.go.jp/znk-web/juminkanja/S2430/initialize?prefCd=21&kikanCd=1663003118&kikanKbn=3", "url2": null, "内容": "森歯科医院【3:歯科】岐阜県高山市上川原町１１２番地" }, "geometry": { "type": "Point", "coordinates": [ 137.256702, 36.135482 ] } },
{ "type": "Feature", "properties": { "ID": 2131663003119, "正式名称": "西歯科医院", "機関区分": 3, "都道府県コード": 21, "市区町村コード": 203, "所在地": "岐阜県高山市上一之町４０", "緯度": 36.142405, "経度": 137.260552, "url": "https://www.iryou.teikyouseido.mhlw.go.jp/znk-web/juminkanja/S2430/initialize?prefCd=21&kikanCd=1663003119&kikanKbn=3", "url2": null, "内容": "西歯科医院【3:歯科】岐阜県高山市上一之町４０" }, "geometry": { "type": "Point", "coordinates": [ 137.260552, 36.142405 ] } },
{ "type": "Feature", "properties": { "ID": 2131663003133, "正式名称": "河上歯科医院", "機関区分": 3, "都道府県コード": 21, "市区町村コード": 203, "所在地": "岐阜県高山市吹屋町８１ー２", "緯度": 36.143509, "経度": 137.263214, "url": "https://www.iryou.teikyouseido.mhlw.go.jp/znk-web/juminkanja/S2430/initialize?prefCd=21&kikanCd=1663003133&kikanKbn=3", "url2": "http://kawakami-dental.jp/", "内容": "河上歯科医院【3:歯科】岐阜県高山市吹屋町８１ー２" }, "geometry": { "type": "Point", "coordinates": [ 137.263214, 36.143509 ] } },
{ "type": "Feature", "properties": { "ID": 2131663003134, "正式名称": "村沢デンタルオフィス", "機関区分": 3, "都道府県コード": 21, "市区町村コード": 217, "所在地": "岐阜県飛騨市神岡町船津１０６２番地の１", "緯度": 36.331851, "経度": 137.297949, "url": "https://www.iryou.teikyouseido.mhlw.go.jp/znk-web/juminkanja/S2430/initialize?prefCd=21&kikanCd=1663003134&kikanKbn=3", "url2": null, "内容": "村沢デンタルオフィス【3:歯科】岐阜県飛騨市神岡町船津１０６２番地の１" }, "geometry": { "type": "Point", "coordinates": [ 137.297949, 36.331851 ] } },
{ "type": "Feature", "properties": { "ID": 2131663003135, "正式名称": "竹内歯科医院", "機関区分": 3, "都道府県コード": 21, "市区町村コード": 203, "所在地": "岐阜県高山市花里町１－１６７－１０", "緯度": 36.13218, "経度": 137.250976, "url": "https://www.iryou.teikyouseido.mhlw.go.jp/znk-web/juminkanja/S2430/initialize?prefCd=21&kikanCd=1663003135&kikanKbn=3", "url2": null, "内容": "竹内歯科医院【3:歯科】岐阜県高山市花里町１－１６７－１０" }, "geometry": { "type": "Point", "coordinates": [ 137.250976, 36.13218 ] } },
{ "type": "Feature", "properties": { "ID": 2131663003137, "正式名称": "医療法人　岡本歯科医院", "機関区分": 3, "都道府県コード": 21, "市区町村コード": 203, "所在地": "岐阜県高山市大新町２－３４", "緯度": 36.148825, "経度": 137.257184, "url": "https://www.iryou.teikyouseido.mhlw.go.jp/znk-web/juminkanja/S2430/initialize?prefCd=21&kikanCd=1663003137&kikanKbn=3", "url2": "http://www.okamotoshika.net", "内容": "医療法人　岡本歯科医院【3:歯科】岐阜県高山市大新町２－３４" }, "geometry": { "type": "Point", "coordinates": [ 137.257184, 36.148825 ] } },
{ "type": "Feature", "properties": { "ID": 2131663003139, "正式名称": "医療法人　高木歯科医院", "機関区分": 3, "都道府県コード": 21, "市区町村コード": 203, "所在地": "岐阜県高山市花里町６の２７", "緯度": 36.142032, "経度": 137.25236, "url": "https://www.iryou.teikyouseido.mhlw.go.jp/znk-web/juminkanja/S2430/initialize?prefCd=21&kikanCd=1663003139&kikanKbn=3", "url2": "http://takagishika.cihp2.jp/", "内容": "医療法人　高木歯科医院【3:歯科】岐阜県高山市花里町６の２７" }, "geometry": { "type": "Point", "coordinates": [ 137.25236, 36.142032 ] } },
{ "type": "Feature", "properties": { "ID": 2131663003140, "正式名称": "益田歯科医院", "機関区分": 3, "都道府県コード": 21, "市区町村コード": 203, "所在地": "岐阜県高山市片野町３－２０６－２", "緯度": 36.12722, "経度": 137.262304, "url": "https://www.iryou.teikyouseido.mhlw.go.jp/znk-web/juminkanja/S2430/initialize?prefCd=21&kikanCd=1663003140&kikanKbn=3", "url2": "https://masuta-dental.com/", "内容": "益田歯科医院【3:歯科】岐阜県高山市片野町３－２０６－２" }, "geometry": { "type": "Point", "coordinates": [ 137.262304, 36.12722 ] } },
{ "type": "Feature", "properties": { "ID": 2131663003142, "正式名称": "水口歯科医院", "機関区分": 3, "都道府県コード": 21, "市区町村コード": 203, "所在地": "岐阜県高山市名田町３丁目３６ー４", "緯度": 36.137755, "経度": 137.25513, "url": "https://www.iryou.teikyouseido.mhlw.go.jp/znk-web/juminkanja/S2430/initialize?prefCd=21&kikanCd=1663003142&kikanKbn=3", "url2": null, "内容": "水口歯科医院【3:歯科】岐阜県高山市名田町３丁目３６ー４" }, "geometry": { "type": "Point", "coordinates": [ 137.25513, 36.137755 ] } },
{ "type": "Feature", "properties": { "ID": 2131663003144, "正式名称": "うぐいすファミリー歯科", "機関区分": 3, "都道府県コード": 21, "市区町村コード": 203, "所在地": "岐阜県高山市松之木町２９２３ー１", "緯度": 36.150242, "経度": 137.274299, "url": "https://www.iryou.teikyouseido.mhlw.go.jp/znk-web/juminkanja/S2430/initialize?prefCd=21&kikanCd=1663003144&kikanKbn=3", "url2": null, "内容": "うぐいすファミリー歯科【3:歯科】岐阜県高山市松之木町２９２３ー１" }, "geometry": { "type": "Point", "coordinates": [ 137.274299, 36.150242 ] } },
{ "type": "Feature", "properties": { "ID": 2131663003148, "正式名称": "西本矯正歯科", "機関区分": 3, "都道府県コード": 21, "市区町村コード": 203, "所在地": "岐阜県高山市昭和町１丁目１０７", "緯度": 36.139491, "経度": 137.250037, "url": "https://www.iryou.teikyouseido.mhlw.go.jp/znk-web/juminkanja/S2430/initialize?prefCd=21&kikanCd=1663003148&kikanKbn=3", "url2": null, "内容": "西本矯正歯科【3:歯科】岐阜県高山市昭和町１丁目１０７" }, "geometry": { "type": "Point", "coordinates": [ 137.250037, 36.139491 ] } },
{ "type": "Feature", "properties": { "ID": 2131663003149, "正式名称": "アイビーデンタルクリニック", "機関区分": 3, "都道府県コード": 21, "市区町村コード": 203, "所在地": "岐阜県高山市下岡本町１８５７ー８", "緯度": 36.152823, "経度": 137.241191, "url": "https://www.iryou.teikyouseido.mhlw.go.jp/znk-web/juminkanja/S2430/initialize?prefCd=21&kikanCd=1663003149&kikanKbn=3", "url2": "http://www.ivy-dental.com/pc/", "内容": "アイビーデンタルクリニック【3:歯科】岐阜県高山市下岡本町１８５７ー８" }, "geometry": { "type": "Point", "coordinates": [ 137.241191, 36.152823 ] } },
{ "type": "Feature", "properties": { "ID": 2131663003152, "正式名称": "高島歯科", "機関区分": 3, "都道府県コード": 21, "市区町村コード": 217, "所在地": "岐阜県飛騨市古川町大野町３８ー１", "緯度": 36.219051, "経度": 137.201993, "url": "https://www.iryou.teikyouseido.mhlw.go.jp/znk-web/juminkanja/S2430/initialize?prefCd=21&kikanCd=1663003152&kikanKbn=3", "url2": null, "内容": "高島歯科【3:歯科】岐阜県飛騨市古川町大野町３８ー１" }, "geometry": { "type": "Point", "coordinates": [ 137.201993, 36.219051 ] } },
{ "type": "Feature", "properties": { "ID": 2131663003154, "正式名称": "工藤歯科医院", "機関区分": 3, "都道府県コード": 21, "市区町村コード": 203, "所在地": "岐阜県高山市初田町２ー２５ー２２", "緯度": 36.146821, "経度": 137.253128, "url": "https://www.iryou.teikyouseido.mhlw.go.jp/znk-web/juminkanja/S2430/initialize?prefCd=21&kikanCd=1663003154&kikanKbn=3", "url2": null, "内容": "工藤歯科医院【3:歯科】岐阜県高山市初田町２ー２５ー２２" }, "geometry": { "type": "Point", "coordinates": [ 137.253128, 36.146821 ] } },
{ "type": "Feature", "properties": { "ID": 2131663003155, "正式名称": "ふじい歯科クリニック", "機関区分": 3, "都道府県コード": 21, "市区町村コード": 203, "所在地": "岐阜県高山市三福寺町", "緯度": 36.152821, "経度": 137.261067, "url": "https://www.iryou.teikyouseido.mhlw.go.jp/znk-web/juminkanja/S2430/initialize?prefCd=21&kikanCd=1663003155&kikanKbn=3", "url2": null, "内容": "ふじい歯科クリニック【3:歯科】岐阜県高山市三福寺町" }, "geometry": { "type": "Point", "coordinates": [ 137.261067, 36.152821 ] } },
{ "type": "Feature", "properties": { "ID": 2131663003157, "正式名称": "高山市休日診療所・歯科", "機関区分": 3, "都道府県コード": 21, "市区町村コード": 203, "所在地": "岐阜県高山市花岡町２丁目１８番地　高山市保健センター内", "緯度": 36.1461, "経度": 137.252721, "url": "https://www.iryou.teikyouseido.mhlw.go.jp/znk-web/juminkanja/S2430/initialize?prefCd=21&kikanCd=1663003157&kikanKbn=3", "url2": "https://www.city.takayama.lg.jp/kurashi/1000019/1000110/1000726.html", "内容": "高山市休日診療所・歯科【3:歯科】岐阜県高山市花岡町２丁目１８番地　高山市保健センター内" }, "geometry": { "type": "Point", "coordinates": [ 137.252721, 36.1461 ] } },
{ "type": "Feature", "properties": { "ID": 2131663003158, "正式名称": "いしうら歯科医院", "機関区分": 3, "都道府県コード": 21, "市区町村コード": 203, "所在地": "岐阜県高山市石浦町５－１", "緯度": 36.115696, "経度": 137.265703, "url": "https://www.iryou.teikyouseido.mhlw.go.jp/znk-web/juminkanja/S2430/initialize?prefCd=21&kikanCd=1663003158&kikanKbn=3", "url2": "https://ishiura-d.clinic/", "内容": "いしうら歯科医院【3:歯科】岐阜県高山市石浦町５－１" }, "geometry": { "type": "Point", "coordinates": [ 137.265703, 36.115696 ] } },
{ "type": "Feature", "properties": { "ID": 2131663003159, "正式名称": "藤井歯科医院", "機関区分": 3, "都道府県コード": 21, "市区町村コード": 203, "所在地": "岐阜県高山市西之一色町１丁目７０ー１", "緯度": 36.13379, "経度": 137.250181, "url": "https://www.iryou.teikyouseido.mhlw.go.jp/znk-web/juminkanja/S2430/initialize?prefCd=21&kikanCd=1663003159&kikanKbn=3", "url2": null, "内容": "藤井歯科医院【3:歯科】岐阜県高山市西之一色町１丁目７０ー１" }, "geometry": { "type": "Point", "coordinates": [ 137.250181, 36.13379 ] } },
{ "type": "Feature", "properties": { "ID": 2131663003224, "正式名称": "町方歯科診療所", "機関区分": 3, "都道府県コード": 21, "市区町村コード": 203, "所在地": "岐阜県高山市丹生川町町方１３９ー５", "緯度": 36.17347, "経度": 137.307479, "url": "https://www.iryou.teikyouseido.mhlw.go.jp/znk-web/juminkanja/S2430/initialize?prefCd=21&kikanCd=1663003224&kikanKbn=3", "url2": null, "内容": "町方歯科診療所【3:歯科】岐阜県高山市丹生川町町方１３９ー５" }, "geometry": { "type": "Point", "coordinates": [ 137.307479, 36.17347 ] } },
{ "type": "Feature", "properties": { "ID": 2131663003225, "正式名称": "いしはら歯科", "機関区分": 3, "都道府県コード": 21, "市区町村コード": 203, "所在地": "岐阜県高山市名田町６－１", "緯度": 36.141878, "経度": 137.254714, "url": "https://www.iryou.teikyouseido.mhlw.go.jp/znk-web/juminkanja/S2430/initialize?prefCd=21&kikanCd=1663003225&kikanKbn=3", "url2": null, "内容": "いしはら歯科【3:歯科】岐阜県高山市名田町６－１" }, "geometry": { "type": "Point", "coordinates": [ 137.254714, 36.141878 ] } },
{ "type": "Feature", "properties": { "ID": 2131663003226, "正式名称": "ユハラ歯科", "機関区分": 3, "都道府県コード": 21, "市区町村コード": 203, "所在地": "岐阜県高山市総和町３−４１−３", "緯度": 36.150059, "経度": 137.253965, "url": "https://www.iryou.teikyouseido.mhlw.go.jp/znk-web/juminkanja/S2430/initialize?prefCd=21&kikanCd=1663003226&kikanKbn=3", "url2": "https://www.dental-iiha.com/d0068309.html", "内容": "ユハラ歯科【3:歯科】岐阜県高山市総和町３−４１−３" }, "geometry": { "type": "Point", "coordinates": [ 137.253965, 36.150059 ] } },
{ "type": "Feature", "properties": { "ID": 2131663003227, "正式名称": "八原歯科医院", "機関区分": 3, "都道府県コード": 21, "市区町村コード": 220, "所在地": "岐阜県下呂市宮地４３６ー３", "緯度": 35.766692, "経度": 137.289248, "url": "https://www.iryou.teikyouseido.mhlw.go.jp/znk-web/juminkanja/S2430/initialize?prefCd=21&kikanCd=1663003227&kikanKbn=3", "url2": null, "内容": "八原歯科医院【3:歯科】岐阜県下呂市宮地４３６ー３" }, "geometry": { "type": "Point", "coordinates": [ 137.289248, 35.766692 ] } },
{ "type": "Feature", "properties": { "ID": 2131663003229, "正式名称": "おおのま歯科クリニック", "機関区分": 3, "都道府県コード": 21, "市区町村コード": 203, "所在地": "岐阜県高山市桐生町２ー１７８ー２", "緯度": 36.153691, "経度": 137.252497, "url": "https://www.iryou.teikyouseido.mhlw.go.jp/znk-web/juminkanja/S2430/initialize?prefCd=21&kikanCd=1663003229&kikanKbn=3", "url2": null, "内容": "おおのま歯科クリニック【3:歯科】岐阜県高山市桐生町２ー１７８ー２" }, "geometry": { "type": "Point", "coordinates": [ 137.252497, 36.153691 ] } },
{ "type": "Feature", "properties": { "ID": 2131663003230, "正式名称": "成田歯科医院", "機関区分": 3, "都道府県コード": 21, "市区町村コード": 203, "所在地": "岐阜県高山市新宮町７００－１２４", "緯度": 36.134704, "経度": 137.209992, "url": "https://www.iryou.teikyouseido.mhlw.go.jp/znk-web/juminkanja/S2430/initialize?prefCd=21&kikanCd=1663003230&kikanKbn=3", "url2": null, "内容": "成田歯科医院【3:歯科】岐阜県高山市新宮町７００－１２４" }, "geometry": { "type": "Point", "coordinates": [ 137.209992, 36.134704 ] } },
{ "type": "Feature", "properties": { "ID": 2131663003231, "正式名称": "おおぼら歯科", "機関区分": 3, "都道府県コード": 21, "市区町村コード": 203, "所在地": "岐阜県高山市冬頭町７４５番地６", "緯度": 36.162959, "経度": 137.240658, "url": "https://www.iryou.teikyouseido.mhlw.go.jp/znk-web/juminkanja/S2430/initialize?prefCd=21&kikanCd=1663003231&kikanKbn=3", "url2": null, "内容": "おおぼら歯科【3:歯科】岐阜県高山市冬頭町７４５番地６" }, "geometry": { "type": "Point", "coordinates": [ 137.240658, 36.162959 ] } },
{ "type": "Feature", "properties": { "ID": 2131663005946, "正式名称": "夕陽ヶ丘歯科", "機関区分": 3, "都道府県コード": 21, "市区町村コード": 217, "所在地": "岐阜県飛騨市神岡町夕陽ケ丘３番地１１", "緯度": 36.330452, "経度": 137.305907, "url": "https://www.iryou.teikyouseido.mhlw.go.jp/znk-web/juminkanja/S2430/initialize?prefCd=21&kikanCd=1663005946&kikanKbn=3", "url2": null, "内容": "夕陽ヶ丘歯科【3:歯科】岐阜県飛騨市神岡町夕陽ケ丘３番地１１" }, "geometry": { "type": "Point", "coordinates": [ 137.305907, 36.330452 ] } },
{ "type": "Feature", "properties": { "ID": 2131663005947, "正式名称": "はぎわら歯科", "機関区分": 3, "都道府県コード": 21, "市区町村コード": 220, "所在地": "岐阜県下呂市萩原町花池１５５ー３", "緯度": 35.863459, "経度": 137.220898, "url": "https://www.iryou.teikyouseido.mhlw.go.jp/znk-web/juminkanja/S2430/initialize?prefCd=21&kikanCd=1663005947&kikanKbn=3", "url2": null, "内容": "はぎわら歯科【3:歯科】岐阜県下呂市萩原町花池１５５ー３" }, "geometry": { "type": "Point", "coordinates": [ 137.220898, 35.863459 ] } },
{ "type": "Feature", "properties": { "ID": 2131663006094, "正式名称": "スマイル歯科", "機関区分": 3, "都道府県コード": 21, "市区町村コード": 220, "所在地": "岐阜県下呂市金山町金山２６３５ー６", "緯度": 35.655398, "経度": 137.154326, "url": "https://www.iryou.teikyouseido.mhlw.go.jp/znk-web/juminkanja/S2430/initialize?prefCd=21&kikanCd=1663006094&kikanKbn=3", "url2": null, "内容": "スマイル歯科【3:歯科】岐阜県下呂市金山町金山２６３５ー６" }, "geometry": { "type": "Point", "coordinates": [ 137.154326, 35.655398 ] } },
{ "type": "Feature", "properties": { "ID": 2131663006185, "正式名称": "ふるた歯科医院", "機関区分": 3, "都道府県コード": 21, "市区町村コード": 217, "所在地": "岐阜県飛騨市古川町若宮２ー６ー２", "緯度": 36.238379, "経度": 137.18825, "url": "https://www.iryou.teikyouseido.mhlw.go.jp/znk-web/juminkanja/S2430/initialize?prefCd=21&kikanCd=1663006185&kikanKbn=3", "url2": "www.furutashika.com", "内容": "ふるた歯科医院【3:歯科】岐阜県飛騨市古川町若宮２ー６ー２" }, "geometry": { "type": "Point", "coordinates": [ 137.18825, 36.238379 ] } },
{ "type": "Feature", "properties": { "ID": 2131663006432, "正式名称": "デンタルオフィスアイビー", "機関区分": 3, "都道府県コード": 21, "市区町村コード": 203, "所在地": "岐阜県高山市昭和町２ー１２１ー２", "緯度": 36.145709, "経度": 137.248293, "url": "https://www.iryou.teikyouseido.mhlw.go.jp/znk-web/juminkanja/S2430/initialize?prefCd=21&kikanCd=1663006432&kikanKbn=3", "url2": "http://www.ivy-dental.com/pc/index.html", "内容": "デンタルオフィスアイビー【3:歯科】岐阜県高山市昭和町２ー１２１ー２" }, "geometry": { "type": "Point", "coordinates": [ 137.248293, 36.145709 ] } },
{ "type": "Feature", "properties": { "ID": 2131663006621, "正式名称": "小木曽歯科医院小坂診療所", "機関区分": 3, "都道府県コード": 21, "市区町村コード": 220, "所在地": "岐阜県下呂市小坂町大島１７５５ー８", "緯度": 35.949321, "経度": 137.258594, "url": "https://www.iryou.teikyouseido.mhlw.go.jp/znk-web/juminkanja/S2430/initialize?prefCd=21&kikanCd=1663006621&kikanKbn=3", "url2": null, "内容": "小木曽歯科医院小坂診療所【3:歯科】岐阜県下呂市小坂町大島１７５５ー８" }, "geometry": { "type": "Point", "coordinates": [ 137.258594, 35.949321 ] } },
{ "type": "Feature", "properties": { "ID": 2131663007431, "正式名称": "なお歯科クリニック", "機関区分": 3, "都道府県コード": 21, "市区町村コード": 203, "所在地": "岐阜県高山市下三之町２５", "緯度": 36.144644, "経度": 137.258356, "url": "https://www.iryou.teikyouseido.mhlw.go.jp/znk-web/juminkanja/S2430/initialize?prefCd=21&kikanCd=1663007431&kikanKbn=3", "url2": "http://www.nao-shika.jp", "内容": "なお歯科クリニック【3:歯科】岐阜県高山市下三之町２５" }, "geometry": { "type": "Point", "coordinates": [ 137.258356, 36.144644 ] } },
{ "type": "Feature", "properties": { "ID": 2131663007541, "正式名称": "下呂フォレスト歯科", "機関区分": 3, "都道府県コード": 21, "市区町村コード": 220, "所在地": "岐阜県下呂市森４３９ー１", "緯度": 35.799822, "経度": 137.250305, "url": "https://www.iryou.teikyouseido.mhlw.go.jp/znk-web/juminkanja/S2430/initialize?prefCd=21&kikanCd=1663007541&kikanKbn=3", "url2": null, "内容": "下呂フォレスト歯科【3:歯科】岐阜県下呂市森４３９ー１" }, "geometry": { "type": "Point", "coordinates": [ 137.250305, 35.799822 ] } },
{ "type": "Feature", "properties": { "ID": 2131663007611, "正式名称": "馬瀬フォレスト歯科", "機関区分": 3, "都道府県コード": 21, "市区町村コード": 220, "所在地": "岐阜県下呂市馬瀬惣島１５１８番地", "緯度": 35.839895, "経度": 137.185713, "url": "https://www.iryou.teikyouseido.mhlw.go.jp/znk-web/juminkanja/S2430/initialize?prefCd=21&kikanCd=1663007611&kikanKbn=3", "url2": null, "内容": "馬瀬フォレスト歯科【3:歯科】岐阜県下呂市馬瀬惣島１５１８番地" }, "geometry": { "type": "Point", "coordinates": [ 137.185713, 35.839895 ] } },
{ "type": "Feature", "properties": { "ID": 2131663007651, "正式名称": "医療法人社団神農会ジーブイブラックデンタルオフィス", "機関区分": 3, "都道府県コード": 21, "市区町村コード": 203, "所在地": "岐阜県高山市山口町１３９２番１", "緯度": 36.132141, "経度": 137.294703, "url": "https://www.iryou.teikyouseido.mhlw.go.jp/znk-web/juminkanja/S2430/initialize?prefCd=21&kikanCd=1663007651&kikanKbn=3", "url2": "http://www.gvbdo.us/", "内容": "医療法人社団神農会ジーブイブラックデンタルオフィス【3:歯科】岐阜県高山市山口町１３９２番１" }, "geometry": { "type": "Point", "coordinates": [ 137.294703, 36.132141 ] } },
{ "type": "Feature", "properties": { "ID": 2131663007843, "正式名称": "フレスポ飛騨高山歯科", "機関区分": 3, "都道府県コード": 21, "市区町村コード": 203, "所在地": "岐阜県高山市名田町１ー８１ー１", "緯度": 36.133303, "経度": 137.256048, "url": "https://www.iryou.teikyouseido.mhlw.go.jp/znk-web/juminkanja/S2430/initialize?prefCd=21&kikanCd=1663007843&kikanKbn=3", "url2": null, "内容": "フレスポ飛騨高山歯科【3:歯科】岐阜県高山市名田町１ー８１ー１" }, "geometry": { "type": "Point", "coordinates": [ 137.256048, 36.133303 ] } },
{ "type": "Feature", "properties": { "ID": 2131663007930, "正式名称": "アイビー歯科診療室", "機関区分": 3, "都道府県コード": 21, "市区町村コード": 604, "所在地": "岐阜県大野郡白川村大字鳩谷２８９ー１", "緯度": 36.268727, "経度": 136.899938, "url": "https://www.iryou.teikyouseido.mhlw.go.jp/znk-web/juminkanja/S2430/initialize?prefCd=21&kikanCd=1663007930&kikanKbn=3", "url2": null, "内容": "アイビー歯科診療室【3:歯科】岐阜県大野郡白川村大字鳩谷２８９ー１" }, "geometry": { "type": "Point", "coordinates": [ 136.899938, 36.268727 ] } },
{ "type": "Feature", "properties": { "ID": 2131663008176, "正式名称": "さくら歯科クリニック", "機関区分": 3, "都道府県コード": 21, "市区町村コード": 217, "所在地": "岐阜県飛騨市神岡町殿２０３－７", "緯度": 36.319275, "経度": 137.310353, "url": "https://www.iryou.teikyouseido.mhlw.go.jp/znk-web/juminkanja/S2430/initialize?prefCd=21&kikanCd=1663008176&kikanKbn=3", "url2": "http://sakura-dc.info", "内容": "さくら歯科クリニック【3:歯科】岐阜県飛騨市神岡町殿２０３－７" }, "geometry": { "type": "Point", "coordinates": [ 137.310353, 36.319275 ] } },
{ "type": "Feature", "properties": { "ID": 2131663008350, "正式名称": "おもて歯科口腔外科クリニック", "機関区分": 3, "都道府県コード": 21, "市区町村コード": 203, "所在地": "岐阜県高山市国府町広瀬町１０２５", "緯度": 36.210428, "経度": 137.214127, "url": "https://www.iryou.teikyouseido.mhlw.go.jp/znk-web/juminkanja/S2430/initialize?prefCd=21&kikanCd=1663008350&kikanKbn=3", "url2": "https://www.omote-shika.com", "内容": "おもて歯科口腔外科クリニック【3:歯科】岐阜県高山市国府町広瀬町１０２５" }, "geometry": { "type": "Point", "coordinates": [ 137.214127, 36.210428 ] } },
{ "type": "Feature", "properties": { "ID": 2131663008695, "正式名称": "高山市国民健康保険栃尾歯科診療所", "機関区分": 3, "都道府県コード": 21, "市区町村コード": 203, "所在地": "岐阜県高山市奥飛騨温泉郷栃尾２６６番地１１", "緯度": 36.247585, "経度": 137.519314, "url": "https://www.iryou.teikyouseido.mhlw.go.jp/znk-web/juminkanja/S2430/initialize?prefCd=21&kikanCd=1663008695&kikanKbn=3", "url2": "https://www.city.takayama.lg.jp/shisetsu/1004139/1000033/1008531.html", "内容": "高山市国民健康保険栃尾歯科診療所【3:歯科】岐阜県高山市奥飛騨温泉郷栃尾２６６番地１１" }, "geometry": { "type": "Point", "coordinates": [ 137.519314, 36.247585 ] } },
{ "type": "Feature", "properties": { "ID": 2131663008697, "正式名称": "青島デンタルクリニック", "機関区分": 3, "都道府県コード": 21, "市区町村コード": 220, "所在地": "岐阜県下呂市森８０１ー３６", "緯度": 35.802266, "経度": 137.245993, "url": "https://www.iryou.teikyouseido.mhlw.go.jp/znk-web/juminkanja/S2430/initialize?prefCd=21&kikanCd=1663008697&kikanKbn=3", "url2": null, "内容": "青島デンタルクリニック【3:歯科】岐阜県下呂市森８０１ー３６" }, "geometry": { "type": "Point", "coordinates": [ 137.245993, 35.802266 ] } },
{ "type": "Feature", "properties": { "ID": 2131663009065, "正式名称": "みやだ健口歯科", "機関区分": 3, "都道府県コード": 21, "市区町村コード": 220, "所在地": "岐阜県下呂市萩原町宮田１５４２ー１", "緯度": 35.928759, "経度": 137.238953, "url": "https://www.iryou.teikyouseido.mhlw.go.jp/znk-web/juminkanja/S2430/initialize?prefCd=21&kikanCd=1663009065&kikanKbn=3", "url2": null, "内容": "みやだ健口歯科【3:歯科】岐阜県下呂市萩原町宮田１５４２ー１" }, "geometry": { "type": "Point", "coordinates": [ 137.238953, 35.928759 ] } },
{ "type": "Feature", "properties": { "ID": 2131663009359, "正式名称": "医療法人すわのもり歯科", "機関区分": 3, "都道府県コード": 21, "市区町村コード": 220, "所在地": "岐阜県下呂市萩原町萩原１３６９", "緯度": 35.874183, "経度": 137.209551, "url": "https://www.iryou.teikyouseido.mhlw.go.jp/znk-web/juminkanja/S2430/initialize?prefCd=21&kikanCd=1663009359&kikanKbn=3", "url2": "https://suwanomori-dc.jp", "内容": "医療法人すわのもり歯科【3:歯科】岐阜県下呂市萩原町萩原１３６９" }, "geometry": { "type": "Point", "coordinates": [ 137.209551, 35.874183 ] } },
{ "type": "Feature", "properties": { "ID": 2131663009379, "正式名称": "ワイワイデンタルクリニック下呂", "機関区分": 3, "都道府県コード": 21, "市区町村コード": 220, "所在地": "岐阜県下呂市森２２７３", "緯度": 35.805833, "経度": 137.250821, "url": "https://www.iryou.teikyouseido.mhlw.go.jp/znk-web/juminkanja/S2430/initialize?prefCd=21&kikanCd=1663009379&kikanKbn=3", "url2": null, "内容": "ワイワイデンタルクリニック下呂【3:歯科】岐阜県下呂市森２２７３" }, "geometry": { "type": "Point", "coordinates": [ 137.250821, 35.805833 ] } },
{ "type": "Feature", "properties": { "ID": 2131663009646, "正式名称": "医療法人　みなこデンタルクリニック", "機関区分": 3, "都道府県コード": 21, "市区町村コード": 203, "所在地": "岐阜県高山市岡本町２丁目１０４番地７", "緯度": 36.144477, "経度": 137.245364, "url": "https://www.iryou.teikyouseido.mhlw.go.jp/znk-web/juminkanja/S2430/initialize?prefCd=21&kikanCd=1663009646&kikanKbn=3", "url2": "http://www,minako-dc.jp/", "内容": "医療法人　みなこデンタルクリニック【3:歯科】岐阜県高山市岡本町２丁目１０４番地７" }, "geometry": { "type": "Point", "coordinates": [ 137.245364, 36.144477 ] } },
{ "type": "Feature", "properties": { "ID": 2131663009794, "正式名称": "山下歯科医院", "機関区分": 3, "都道府県コード": 21, "市区町村コード": 217, "所在地": "岐阜県飛騨市古川町向町２ー５ー８", "緯度": 36.229215, "経度": 137.185223, "url": "https://www.iryou.teikyouseido.mhlw.go.jp/znk-web/juminkanja/S2430/initialize?prefCd=21&kikanCd=1663009794&kikanKbn=3", "url2": null, "内容": "山下歯科医院【3:歯科】岐阜県飛騨市古川町向町２ー５ー８" }, "geometry": { "type": "Point", "coordinates": [ 137.185223, 36.229215 ] } },
{ "type": "Feature", "properties": { "ID": 2131663009835, "正式名称": "馬瀬フォレスト訪問歯科", "機関区分": 3, "都道府県コード": 21, "市区町村コード": 220, "所在地": "岐阜県下呂市馬瀬名丸２７－１", "緯度": 35.886233, "経度": 137.174642, "url": "https://www.iryou.teikyouseido.mhlw.go.jp/znk-web/juminkanja/S2430/initialize?prefCd=21&kikanCd=1663009835&kikanKbn=3", "url2": null, "内容": "馬瀬フォレスト訪問歯科【3:歯科】岐阜県下呂市馬瀬名丸２７－１" }, "geometry": { "type": "Point", "coordinates": [ 137.174642, 35.886233 ] } },
{ "type": "Feature", "properties": { "ID": 2131663009846, "正式名称": "たかはら歯科ファミリークリニック", "機関区分": 3, "都道府県コード": 21, "市区町村コード": 203, "所在地": "岐阜県高山市花里町４－５１", "緯度": 36.140364, "経度": 137.253106, "url": "https://www.iryou.teikyouseido.mhlw.go.jp/znk-web/juminkanja/S2430/initialize?prefCd=21&kikanCd=1663009846&kikanKbn=3", "url2": "http://www.takahara-dental.net", "内容": "たかはら歯科ファミリークリニック【3:歯科】岐阜県高山市花里町４－５１" }, "geometry": { "type": "Point", "coordinates": [ 137.253106, 36.140364 ] } }
]
}
